step,lt,err,locked,pred_x,pred_y,pred_z,true_x,true_y,true_z,drive_x,drive_y,drive_z,drive_xz
1,0.018112,0.0126394,1,-0.499887,-0.463715,0.345303,-0.511819,-0.458543,0.327692,-0.499887,-0.463715,0.310773,-0.120829
2,0.036224,0.0193212,1,-0.48419,-0.400323,0.384992,-0.49622,-0.395819,0.35409,-0.48419,-0.400323,0.346493,-0.130486
3,0.054336,0.0222482,1,-0.460914,-0.335979,0.397833,-0.471955,-0.332702,0.36106,-0.460914,-0.335979,0.35805,-0.128357
4,0.072448,0.0225593,1,-0.429971,-0.274302,0.387683,-0.441035,-0.274457,0.350208,-0.429971,-0.274302,0.348915,-0.116685
5,0.09056,0.0223761,1,-0.394907,-0.221676,0.361782,-0.405921,-0.22477,0.324752,-0.394907,-0.221676,0.325604,-0.100009
6,0.108672,0.0242052,1,-0.356257,-0.179062,0.327938,-0.369125,-0.185478,0.288556,-0.356257,-0.179062,0.295144,-0.0817812
7,0.126784,0.0267164,1,-0.317948,-0.148436,0.288323,-0.332877,-0.156817,0.245332,-0.317948,-0.148436,0.25949,-0.0641703
8,0.144896,0.0285866,1,-0.282709,-0.129403,0.244166,-0.298939,-0.137931,0.198172,-0.282709,-0.129403,0.219749,-0.0483195
9,0.163008,0.030031,1,-0.25155,-0.11941,0.197909,-0.268535,-0.127408,0.1494,-0.25155,-0.11941,0.178118,-0.0348488
10,0.18112,0.0318478,1,-0.22436,-0.114664,0.151973,-0.242397,-0.123702,0.100633,-0.22436,-0.114664,0.136776,-0.0238677
11,0.199232,0.0331182,1,-0.202333,-0.117035,0.106586,-0.22085,-0.125402,0.0529427,-0.202333,-0.117035,0.0959269,-0.015096
12,0.217344,0.0345313,1,-0.184256,-0.122003,0.0627214,-0.203932,-0.131369,0.00702248,-0.184256,-0.122003,0.0564493,-0.00808975
13,0.235456,0.0367882,1,-0.170076,-0.127486,0.0218567,-0.191494,-0.140769,-0.0366661,-0.170076,-0.127486,0.019671,-0.0026021
14,0.253568,0.0381237,1,-0.159633,-0.135383,-0.0187297,-0.183292,-0.153068,-0.0777869,-0.159633,-0.135383,-0.0168568,0.00209291
15,0.27168,0.0392183,1,-0.153136,-0.147028,-0.0568628,-0.179054,-0.16798,-0.116053,-0.153136,-0.147028,-0.0511765,0.00609542
16,0.289792,0.040203,1,-0.150105,-0.161953,-0.0920975,-0.178524,-0.185427,-0.151176,-0.150105,-0.161953,-0.0828877,0.00967703
17,0.307904,0.0407964,1,-0.151021,-0.178606,-0.125011,-0.181495,-0.205479,-0.182823,-0.151021,-0.178606,-0.11251,0.0132156
18,0.326016,0.0413981,1,-0.154622,-0.19567,-0.15606,-0.18782,-0.228314,-0.210592,-0.154622,-0.19567,-0.140454,0.0168912
19,0.344128,0.041896,1,-0.160834,-0.214984,-0.185059,-0.197416,-0.254164,-0.233973,-0.160834,-0.214984,-0.166553,0.0208346
20,0.36224,0.0438078,1,-0.169037,-0.236648,-0.20891,-0.210259,-0.283266,-0.252325,-0.169037,-0.236648,-0.188019,0.0247195
21,0.380352,0.0466022,1,-0.179911,-0.260887,-0.228225,-0.22637,-0.315803,-0.264847,-0.179911,-0.260887,-0.205402,0.0287421
22,0.398464,0.0501157,1,-0.193399,-0.289145,-0.241183,-0.245784,-0.351817,-0.270554,-0.193399,-0.289145,-0.217065,0.0326512
23,0.416576,0.0539485,1,-0.209985,-0.321151,-0.248033,-0.268521,-0.391115,-0.268278,-0.209985,-0.321151,-0.223229,0.0364581
24,0.434688,0.0575159,1,-0.230013,-0.357574,-0.249327,-0.294526,-0.433127,-0.256686,-0.230013,-0.357574,-0.224394,0.040144
25,0.4528,0.0614446,1,-0.253241,-0.397331,-0.242658,-0.323604,-0.476746,-0.234372,-0.253241,-0.397331,-0.218392,0.0430156
26,0.470912,0.0654755,1,-0.279814,-0.440174,-0.227597,-0.355333,-0.52016,-0.200026,-0.279814,-0.440174,-0.204837,0.0445793
27,0.489024,0.0692082,1,-0.310164,-0.4849,-0.201854,-0.388958,-0.560713,-0.152731,-0.310164,-0.4849,-0.181669,0.0438255
28,0.507136,0.0724869,1,-0.34331,-0.528769,-0.163049,-0.423301,-0.594883,-0.0923846,-0.34331,-0.528769,-0.146744,0.0391834
29,0.525248,0.0743067,1,-0.378327,-0.569072,-0.109568,-0.456688,-0.618488,-0.0202265,-0.378327,-0.569072,-0.0986116,0.0290169
30,0.54336,0.0743274,1,-0.413063,-0.602148,-0.0417009,-0.486972,-0.627227,0.0606817,-0.413063,-0.602148,-0.0375308,0.0120576
31,0.561472,0.0723583,1,-0.445522,-0.621488,0.0388614,-0.511669,-0.617579,0.14524,-0.445522,-0.621488,0.0349752,-0.0121195
32,0.579584,0.0678287,1,-0.474475,-0.623161,0.128328,-0.528271,-0.587909,0.226642,-0.474475,-0.623161,0.115495,-0.042622
33,0.597696,0.0632425,1,-0.496909,-0.602581,0.216287,-0.534677,-0.53938,0.297392,-0.496909,-0.602581,0.194659,-0.0752325
34,0.615808,0.0593103,1,-0.510242,-0.561471,0.296964,-0.52967,-0.476192,0.350845,-0.510242,-0.561471,0.267267,-0.106066
35,0.63392,0.0567874,1,-0.511406,-0.501352,0.363727,-0.513245,-0.404861,0.382713,-0.511406,-0.501352,0.327355,-0.130209
36,0.652032,0.0568102,1,-0.499993,-0.428979,0.407349,-0.486684,-0.332715,0.391907,-0.499993,-0.428979,0.366615,-0.14257
37,0.670144,0.0575112,1,-0.476798,-0.352119,0.424494,-0.452306,-0.266237,0.380368,-0.476798,-0.352119,0.382044,-0.141679
38,0.688256,0.0575952,1,-0.44369,-0.278752,0.417415,-0.413009,-0.209895,0.352077,-0.44369,-0.278752,0.375674,-0.129642
39,0.706368,0.0578527,1,-0.404422,-0.216324,0.391911,-0.371754,-0.165799,0.311781,-0.404422,-0.216324,0.35272,-0.110948
40,0.72448,0.0574105,1,-0.361795,-0.166345,0.352856,-0.33115,-0.134047,0.263943,-0.361795,-0.166345,0.317571,-0.0893632
41,0.742592,0.0568597,1,-0.319978,-0.132464,0.30501,-0.293216,-0.113414,0.212166,-0.319978,-0.132464,0.274509,-0.0683177
42,0.760704,0.0567411,1,-0.280738,-0.111058,0.25454,-0.259317,-0.102052,0.159049,-0.280738,-0.111058,0.229086,-0.0500213
43,0.778816,0.0551657,1,-0.245683,-0.0983706,0.200591,-0.230217,-0.0980166,0.106302,-0.245683,-0.0983706,0.180532,-0.0344972
44,0.796928,0.0532134,1,-0.215381,-0.0934929,0.146488,-0.206209,-0.0995862,0.0549798,-0.215381,-0.0934929,0.131839,-0.0220855
45,0.81504,0.0517699,1,-0.190741,-0.0951357,0.0947147,-0.187252,-0.105399,0.00570416,-0.190741,-0.0951357,0.0852432,-0.0126462
46,0.833152,0.0513672,1,-0.170823,-0.100786,0.046721,-0.173104,-0.114483,-0.0411594,-0.170823,-0.100786,0.0420489,-0.0055867
47,0.851264,0.0505116,1,-0.155857,-0.10896,5.88597e-05,-0.163423,-0.126224,-0.0853752,-0.155857,-0.10896,5.29738e-05,-6.42161e-06
48,0.869376,0.0504396,1,-0.144594,-0.11954,-0.0429384,-0.157847,-0.140305,-0.126757,-0.144594,-0.11954,-0.0386446,0.00434604
49,0.887488,0.0506519,1,-0.137557,-0.131401,-0.0831553,-0.156045,-0.156649,-0.165116,-0.137557,-0.131401,-0.0748397,0.00800703
50,0.9056,0.05145,1,-0.134709,-0.146181,-0.119233,-0.157752,-0.175356,-0.200222,-0.134709,-0.146181,-0.10731,0.0112432
51,0.923712,0.0525483,1,-0.135652,-0.162268,-0.151993,-0.162779,-0.196658,-0.231777,-0.135652,-0.162268,-0.136794,0.0144327
52,0.941824,0.053009,1,-0.139715,-0.181622,-0.182515,-0.171023,-0.220875,-0.259384,-0.139715,-0.181622,-0.164264,0.01785
53,0.959936,0.0530253,1,-0.146501,-0.203579,-0.210857,-0.182465,-0.248372,-0.282518,-0.146501,-0.203579,-0.189772,0.0216235
54,0.978048,0.0541589,1,-0.155641,-0.226951,-0.234812,-0.197153,-0.279513,-0.30049,-0.155641,-0.226951,-0.211331,0.0255825
55,0.99616,0.0565794,1,-0.16717,-0.252567,-0.253675,-0.215189,-0.314598,-0.312412,-0.16717,-0.252567,-0.228307,0.0296847
56,1.01427,0.0595012,1,-0.18186,-0.282285,-0.267137,-0.236698,-0.35378,-0.317162,-0.18186,-0.282285,-0.240424,0.0340071
57,1.03238,0.0628682,1,-0.200319,-0.31576,-0.274796,-0.261788,-0.396945,-0.313367,-0.200319,-0.31576,-0.247317,0.0385329
58,1.0505,0.066361,1,-0.221993,-0.354003,-0.277038,-0.29049,-0.443549,-0.29942,-0.221993,-0.354003,-0.249334,0.0430503
59,1.06861,0.0709629,1,-0.246944,-0.395601,-0.272743,-0.322672,-0.492409,-0.273565,-0.246944,-0.395601,-0.245469,0.0471466
60,1.08672,0.076584,1,-0.274873,-0.440965,-0.258466,-0.357934,-0.541473,-0.234091,-0.274873,-0.440965,-0.232619,0.0497317
61,1.10483,0.082455,1,-0.30634,-0.489224,-0.23233,-0.395481,-0.587611,-0.179695,-0.30634,-0.489224,-0.209097,0.0498204
62,1.12294,0.0889834,1,-0.34049,-0.535815,-0.192384,-0.433982,-0.626545,-0.110035,-0.34049,-0.535815,-0.173145,0.0458534
63,1.14106,0.0946638,1,-0.376774,-0.57868,-0.137693,-0.471483,-0.653081,-0.0264349,-0.376774,-0.57868,-0.123923,0.0363153
64,1.15917,0.0981869,1,-0.413728,-0.614518,-0.0677774,-0.505406,-0.661803,0.0674309,-0.413728,-0.614518,-0.0609997,0.019629
65,1.17728,0.098963,1,-0.44904,-0.638267,0.0159638,-0.53273,-0.648295,0.165217,-0.44904,-0.638267,0.0143675,-0.00501788
66,1.19539,0.095963,1,-0.480925,-0.644328,0.111161,-0.550395,-0.610663,0.25836,-0.480925,-0.644328,0.100045,-0.0374222
67,1.2135,0.0915279,1,-0.505389,-0.626482,0.207727,-0.555891,-0.550762,0.337527,-0.505389,-0.626482,0.186954,-0.0734882
68,1.23162,0.087355,1,-0.52071,-0.585384,0.295572,-0.547881,-0.474415,0.394771,-0.52071,-0.585384,0.266015,-0.107735
69,1.24973,0.0830825,1,-0.523736,-0.522785,0.369611,-0.526609,-0.39022,0.425524,-0.523736,-0.522785,0.332649,-0.135505
70,1.26784,0.0806017,1,-0.513377,-0.445337,0.421017,-0.493925,-0.307354,0.429506,-0.513377,-0.445337,0.378915,-0.151298
71,1.28595,0.0797111,1,-0.490109,-0.361978,0.443848,-0.452882,-0.233366,0.410161,-0.490109,-0.361978,0.399463,-0.152274
72,1.30406,0.0790174,1,-0.455741,-0.282522,0.438949,-0.407086,-0.172864,0.373079,-0.455741,-0.282522,0.395054,-0.140033
73,1.32218,0.0785892,1,-0.414212,-0.213561,0.414637,-0.360027,-0.127396,0.324258,-0.414212,-0.213561,0.373173,-0.120223
74,1.34029,0.0772751,1,-0.369093,-0.158183,0.374252,-0.314616,-0.0961813,0.268885,-0.369093,-0.158183,0.336827,-0.0966938
75,1.3584,0.0758775,1,-0.324083,-0.120354,0.323898,-0.272953,-0.0771153,0.210813,-0.324083,-0.120354,0.291508,-0.0734789
76,1.37651,0.0750534,1,-0.281313,-0.0965902,0.27106,-0.236323,-0.0676503,0.152581,-0.281313,-0.0965902,0.243954,-0.053377
77,1.39462,0.0736329,1,-0.243411,-0.0823405,0.216221,-0.205324,-0.0653689,0.0956944,-0.243411,-0.0823405,0.194599,-0.0368415
78,1.41274,0.0714106,1,-0.2102,-0.0765332,0.160631,-0.180043,-0.0682722,0.0409615,-0.2102,-0.0765332,0.144568,-0.0236352
79,1.43085,0.0698728,1,-0.183282,-0.0771719,0.107559,-0.160236,-0.0748684,-0.0112274,-0.183282,-0.0771719,0.0968031,-0.0137995
80,1.44896,0.0692502,1,-0.161652,-0.0827745,0.0581398,-0.145478,-0.0841477,-0.0607015,-0.161652,-0.0827745,0.0523259,-0.0065789
81,1.46707,0.0678592,1,-0.144848,-0.0901083,0.00963409,-0.135278,-0.0955099,-0.107387,-0.144848,-0.0901083,0.00867068,-0.000976833
82,1.48518,0.0671227,1,-0.131869,-0.0987592,-0.0354291,-0.129159,-0.108679,-0.151233,-0.131869,-0.0987592,-0.0318861,0.00327038
83,1.5033,0.0671248,1,-0.122989,-0.108086,-0.077015,-0.126701,-0.123629,-0.192175,-0.122989,-0.108086,-0.0693135,0.00663043
84,1.52141,0.0674297,1,-0.117836,-0.119532,-0.115626,-0.127577,-0.140518,-0.230103,-0.117836,-0.119532,-0.104064,0.00953744
85,1.53952,0.0677117,1,-0.116568,-0.132459,-0.151748,-0.131559,-0.159641,-0.264845,-0.116568,-0.132459,-0.136573,0.0123823
86,1.55763,0.0677684,1,-0.118267,-0.148556,-0.185287,-0.138526,-0.181397,-0.296142,-0.118267,-0.148556,-0.166758,0.0153394
87,1.57574,0.0673545,1,-0.122405,-0.167171,-0.216833,-0.148457,-0.206257,-0.32362,-0.122405,-0.167171,-0.19515,0.018579
88,1.59386,0.0677,1,-0.128939,-0.186713,-0.244837,-0.161425,-0.234735,-0.346761,-0.128939,-0.186713,-0.220354,0.0220983
89,1.61197,0.0687107,1,-0.137777,-0.208154,-0.269594,-0.177584,-0.267353,-0.364853,-0.137777,-0.208154,-0.242635,0.0260007
90,1.63008,0.0703565,1,-0.14979,-0.23422,-0.289453,-0.197153,-0.30459,-0.376946,-0.14979,-0.23422,-0.260508,0.0303501
91,1.64819,0.0729655,1,-0.165056,-0.263509,-0.304499,-0.220386,-0.346792,-0.381793,-0.165056,-0.263509,-0.274049,0.0351815
92,1.6663,0.0765723,1,-0.183203,-0.297167,-0.314049,-0.247532,-0.394049,-0.37781,-0.183203,-0.297167,-0.282644,0.0402742
93,1.68442,0.0809768,1,-0.204645,-0.335371,-0.319041,-0.278773,-0.446003,-0.363056,-0.204645,-0.335371,-0.287137,0.0457031
94,1.70253,0.0871264,1,-0.229467,-0.378024,-0.316884,-0.314132,-0.50158,-0.335288,-0.229467,-0.378024,-0.285195,0.0509
95,1.72064,0.0951016,1,-0.257595,-0.425257,-0.305134,-0.353338,-0.558664,-0.292149,-0.257595,-0.425257,-0.274621,0.0550207
96,1.73875,0.104248,1,-0.289606,-0.476616,-0.282037,-0.395664,-0.613758,-0.231571,-0.289606,-0.476616,-0.253833,0.0571757
97,1.75686,0.114481,1,-0.325321,-0.529382,-0.245757,-0.439728,-0.661764,-0.152463,-0.325321,-0.529382,-0.221181,0.055965
98,1.77498,0.124379,1,-0.36351,-0.580223,-0.192145,-0.483336,-0.696121,-0.0556896,-0.36351,-0.580223,-0.17293,0.0488926
99,1.79309,0.131906,1,-0.404308,-0.625379,-0.120981,-0.523418,-0.709592,0.0548567,-0.404308,-0.625379,-0.108883,0.0342396
100,1.8112,0.136296,1,-0.444457,-0.659407,-0.0331483,-0.556206,-0.695884,0.171574,-0.444457,-0.659407,-0.0298335,0.0103131
101,1.82931,0.135584,1,-0.481657,-0.674752,0.0704819,-0.57774,-0.651877,0.283541,-0.481657,-0.674752,0.0634337,-0.0237637
102,1.84742,0.130802,1,-0.512728,-0.665562,0.181578,-0.584671,-0.579591,0.378455,-0.512728,-0.665562,0.16342,-0.0651701
103,1.86554,0.125316,1,-0.534063,-0.62708,0.285444,-0.57516,-0.486676,0.445787,-0.534063,-0.62708,0.2569,-0.106712
104,1.88365,0.119919,1,-0.542579,-0.563661,0.37459,-0.549494,-0.384698,0.479785,-0.542579,-0.563661,0.337131,-0.142271
105,1.90176,0.114603,1,-0.535541,-0.478757,0.441565,-0.510118,-0.285832,0.480754,-0.535541,-0.478757,0.397408,-0.165533
106,1.91987,0.111602,1,-0.513449,-0.384236,0.477194,-0.46103,-0.199627,0.454029,-0.513449,-0.384236,0.429474,-0.17151
107,1.93798,0.109711,1,-0.478025,-0.291992,0.479708,-0.406843,-0.131293,0.407471,-0.478025,-0.291992,0.431737,-0.160519
108,1.9561,0.108221,1,-0.432828,-0.211887,0.456992,-0.351871,-0.0818554,0.348951,-0.432828,-0.211887,0.411293,-0.138459
109,1.97421,0.105212,1,-0.383604,-0.146435,0.414147,-0.299538,-0.0494385,0.28479,-0.383604,-0.146435,0.372732,-0.111208
110,1.99232,0.101806,1,-0.333075,-0.100565,0.359564,-0.252156,-0.0307736,0.219297,-0.333075,-0.100565,0.323607,-0.0838333
111,2.01043,0.0991845,1,-0.284279,-0.0717491,0.302326,-0.21099,-0.0223501,0.155013,-0.284279,-0.0717491,0.272093,-0.0601613
112,2.02854,0.0957467,1,-0.240467,-0.0539634,0.242636,-0.17647,-0.0210724,0.0932214,-0.240467,-0.0539634,0.218373,-0.0408423
113,2.04666,0.0923651,1,-0.202418,-0.0452932,0.183605,-0.14845,-0.0245188,0.0344419,-0.202418,-0.0452932,0.165245,-0.0260155
114,2.06477,0.0898728,1,-0.170782,-0.0447964,0.127359,-0.126435,-0.0309612,-0.0212121,-0.170782,-0.0447964,0.114623,-0.0152254
115,2.08288,0.0878677,1,-0.145508,-0.0492944,0.0737883,-0.109767,-0.0392723,-0.073807,-0.145508,-0.0492944,0.0664095,-0.00751575
116,2.10099,0.0858767,1,-0.12554,-0.0567632,0.0224391,-0.0977483,-0.0487993,-0.123467,-0.12554,-0.0567632,0.0201952,-0.00197191
117,2.1191,0.0847575,1,-0.109994,-0.0640758,-0.0249979,-0.089723,-0.0592433,-0.170315,-0.109994,-0.0640758,-0.0224981,0.00192474
118,2.13722,0.0844024,1,-0.0983257,-0.0706606,-0.0688555,-0.0851265,-0.0705608,-0.214448,-0.0983257,-0.0706606,-0.0619699,0.00473918
119,2.15533,0.0829744,1,-0.0904104,-0.0775119,-0.112473,-0.0835062,-0.0828895,-0.255922,-0.0904104,-0.0775119,-0.101226,0.00711812
120,2.17344,0.0821876,1,-0.0854077,-0.0860943,-0.152785,-0.0845293,-0.0964978,-0.294755,-0.0854077,-0.0860943,-0.137507,0.00913432
121,2.19155,0.0814205,1,-0.0834847,-0.0968123,-0.190751,-0.0879817,-0.111753,-0.33091,-0.0834847,-0.0968123,-0.171676,0.0111474
122,2.20966,0.0811117,1,-0.0834299,-0.108805,-0.22566,-0.0937623,-0.129103,-0.364291,-0.0834299,-0.108805,-0.203094,0.0131788
123,2.22778,0.0810329,1,-0.0854655,-0.121259,-0.258134,-0.101876,-0.149067,-0.394723,-0.0854655,-0.121259,-0.232321,0.0154431
124,2.24589,0.081509,1,-0.0893235,-0.134584,-0.287836,-0.112429,-0.172236,-0.421924,-0.0893235,-0.134584,-0.259053,0.0179974
125,2.264,0.0815063,1,-0.0959205,-0.150825,-0.316239,-0.12562,-0.199261,-0.445474,-0.0959205,-0.150825,-0.284615,0.0212337
126,2.28211,0.0817207,1,-0.104918,-0.170912,-0.341934,-0.141735,-0.23085,-0.464762,-0.104918,-0.170912,-0.307741,0.0251124
127,2.30022,0.0830546,1,-0.116015,-0.194043,-0.363913,-0.161139,-0.267735,-0.478923,-0.116015,-0.194043,-0.327521,0.0295535
128,2.31834,0.0857587,1,-0.129562,-0.220333,-0.382264,-0.184265,-0.310621,-0.486759,-0.129562,-0.220333,-0.344037,0.0346689
129,2.33645,0.0906005,1,-0.1453,-0.250165,-0.396364,-0.211581,-0.36008,-0.486647,-0.1453,-0.250165,-0.356728,0.0403141
130,2.35456,0.0974947,1,-0.164017,-0.284637,-0.406913,-0.243551,-0.416376,-0.476446,-0.164017,-0.284637,-0.366222,0.0467184
131,2.37267,0.107401,1,-0.18604,-0.324181,-0.412855,-0.280551,-0.479182,-0.453439,-0.18604,-0.324181,-0.371569,0.0537652
132,2.39078,0.120569,1,-0.211986,-0.370157,-0.410779,-0.322744,-0.547161,-0.414376,-0.211986,-0.370157,-0.369701,0.0609557
133,2.4089,0.137078,1,-0.242056,-0.421811,-0.397793,-0.369883,-0.617417,-0.355727,-0.242056,-0.421811,-0.358013,0.0674015
134,2.42701,0.155239,1,-0.276672,-0.479853,-0.371308,-0.421048,-0.684898,-0.274307,-0.276672,-0.479853,-0.334177,0.0719114
135,2.44512,0.174175,1,-0.315996,-0.542664,-0.330339,-0.474331,-0.741988,-0.168442,-0.315996,-0.542664,-0.297305,0.07307
136,2.46323,0.192402,1,-0.359428,-0.605893,-0.270414,-0.526562,-0.778754,-0.0396753,-0.359428,-0.605893,-0.243372,0.0680359
137,2.48134,0.206682,1,-0.406792,-0.666308,-0.188703,-0.573235,-0.784468,0.105384,-0.406792,-0.666308,-0.169833,0.053734
138,2.49946,0.214682,1,-0.455647,-0.715272,-0.0828289,-0.608873,-0.750688,0.254117,-0.455647,-0.715272,-0.074546,0.0264185
139,2.51757,0.216381,1,-0.502471,-0.741107,0.0423171,-0.627992,-0.675229,0.389255,-0.502471,-0.741107,0.0380854,-0.0148842
140,2.53568,0.210914,1,-0.541743,-0.73337,0.180303,-0.626532,-0.564938,0.493187,-0.541743,-0.73337,0.162273,-0.0683745
141,2.55379,0.202644,1,-0.569964,-0.688944,0.313811,-0.60323,-0.434915,0.553719,-0.569964,-0.688944,0.28243,-0.125203
142,2.5719,0.193245,1,-0.581625,-0.606608,0.427144,-0.560204,-0.303762,0.568059,-0.581625,-0.606608,0.38443,-0.173906
143,2.59002,0.1845,1,-0.573448,-0.497193,0.508873,-0.502398,-0.187454,0.542553,-0.573448,-0.497193,0.457986,-0.204269
144,2.60813,0.17849,1,-0.545869,-0.377592,0.550812,-0.436165,-0.0952913,0.488786,-0.545869,-0.377592,0.49573,-0.21047
145,2.62624,0.172637,1,-0.500988,-0.262135,0.551251,-0.367709,-0.0294751,0.418901,-0.500988,-0.262135,0.496126,-0.193319
146,2.64435,0.165282,1,-0.444779,-0.16404,0.51659,-0.302002,0.0127964,0.342527,-0.444779,-0.16404,0.464931,-0.160838
147,2.66246,0.156592,1,-0.383486,-0.0896609,0.460012,-0.242352,0.0366384,0.265866,-0.383486,-0.0896609,0.414011,-0.123486
148,2.68058,0.147019,1,-0.322147,-0.0400418,0.391826,-0.190489,0.0474579,0.192191,-0.322147,-0.0400418,0.352643,-0.0883579
149,2.69869,0.138164,1,-0.263843,-0.00819376,0.323367,-0.146914,0.0498904,0.122814,-0.263843,-0.00819376,0.29103,-0.0597228
150,2.7168,0.128703,1,-0.211459,0.00977602,0.253523,-0.111297,0.0474572,0.0579686,-0.211459,0.00977602,0.22817,-0.0375268
151,2.73491,0.121744,1,-0.167644,0.0170006,0.188748,-0.0828338,0.0426144,-0.00260459,-0.167644,0.0170006,0.169873,-0.0221497
152,2.75302,0.116181,1,-0.130262,0.0169977,0.128379,-0.0605029,0.0369554,-0.0593171,-0.130262,0.0169977,0.115541,-0.011706
153,2.77114,0.111391,1,-0.100042,0.0134988,0.0709313,-0.0432431,0.0314382,-0.112579,-0.100042,0.0134988,0.0638382,-0.00496728
154,2.78925,0.107512,1,-0.0771672,0.00711959,0.0163634,-0.0300554,0.0265843,-0.162741,-0.0771672,0.00711959,0.0147271,-0.000883904
155,2.80736,0.105496,1,-0.059333,0.00135383,-0.032908,-0.0200556,0.0226329,-0.210087,-0.059333,0.00135383,-0.0296172,0.00136677
156,2.82547,0.103868,1,-0.0449009,-0.00216906,-0.0792341,-0.0124937,0.0196538,-0.254846,-0.0449009,-0.00216906,-0.0713107,0.00249038
157,2.84358,0.101341,1,-0.0336008,-0.00367145,-0.125052,-0.00675283,0.0176248,-0.297202,-0.0336008,-0.00367145,-0.112546,0.00294128
158,2.8617,0.0992404,1,-0.0253546,-0.00521128,-0.168355,-0.0023361,0.0164834,-0.337309,-0.0253546,-0.00521128,-0.151519,0.002988
159,2.87981,0.0983461,1,-0.0187086,-0.00811062,-0.207871,0.00115072,0.016159,-0.3753,-0.0187086,-0.00811062,-0.187084,0.00272228
160,2.89792,0.0983385,1,-0.013331,-0.00902787,-0.243799,0.00401848,0.0165926,-0.411292,-0.013331,-0.00902787,-0.219419,0.00227506
161,2.91603,0.0984652,1,-0.00907471,-0.00883431,-0.277652,0.00651302,0.0177481,-0.445391,-0.00907471,-0.00883431,-0.249886,0.00176372
162,2.93414,0.0977046,1,-0.00480064,-0.00658916,-0.311062,0.00883167,0.0196183,-0.477693,-0.00480064,-0.00658916,-0.279956,0.00104531
163,2.95226,0.095828,1,-0.00141772,-0.00319146,-0.344746,0.0111377,0.0222286,-0.508286,-0.00141772,-0.00319146,-0.310271,0.000342128
164,2.97037,0.0941888,1,0.00206981,0.00138444,-0.376331,0.0135728,0.0256402,-0.537247,0.00206981,0.00138444,-0.338698,-0.000545254
165,2.98848,0.0927707,1,0.0057746,0.00614093,-0.406084,0.0162674,0.0299524,-0.564647,0.0057746,0.00614093,-0.365476,-0.00164148
166,3.00659,0.0915081,1,0.00995615,0.0126944,-0.43395,0.0193504,0.0353071,-0.590544,0.00995615,0.0126944,-0.390555,-0.00302433
167,3.0247,0.0904337,1,0.0145177,0.0197778,-0.460148,0.0229574,0.0418939,-0.614984,0.0145177,0.0197778,-0.414133,-0.0046762
168,3.04282,0.0895505,1,0.0196097,0.0294769,-0.484438,0.0272386,0.049958,-0.637996,0.0196097,0.0294769,-0.435994,-0.00664977
169,3.06093,0.0884092,1,0.0260694,0.042023,-0.507624,0.0323678,0.0598094,-0.659586,0.0260694,0.042023,-0.456861,-0.00926342
170,3.07904,0.0875664,1,0.034044,0.0569838,-0.528853,0.0385501,0.0718356,-0.679727,0.034044,0.0569838,-0.475968,-0.012603
171,3.09715,0.0876667,1,0.0438023,0.0755459,-0.546917,0.0460323,0.0865167,-0.698347,0.0438023,0.0755459,-0.492225,-0.0167694
172,3.11526,0.0887772,1,0.0554793,0.0981119,-0.561674,0.0551135,0.104444,-0.71531,0.0554793,0.0981119,-0.505507,-0.0218129
173,3.13338,0.0902024,1,0.0690608,0.12462,-0.574185,0.0661578,0.126337,-0.730384,0.0690608,0.12462,-0.516766,-0.0277576
174,3.15149,0.092099,1,0.085543,0.156459,-0.583822,0.0796074,0.153071,-0.743195,0.085543,0.156459,-0.52544,-0.0349593
175,3.1696,0.0947899,1,0.105322,0.194595,-0.589494,0.0959986,0.185683,-0.753168,0.105322,0.194595,-0.530545,-0.0434607
176,3.18771,0.0984868,1,0.129042,0.240146,-0.58998,0.115975,0.225389,-0.759422,0.129042,0.240146,-0.530982,-0.0532926
177,3.20582,0.103528,1,0.157284,0.294206,-0.583329,0.140298,0.273555,-0.760641,0.157284,0.294206,-0.524996,-0.0642239
178,3.22394,0.110029,1,0.191076,0.358896,-0.567465,0.16985,0.331625,-0.754882,0.191076,0.358896,-0.510719,-0.0759001
179,3.24205,0.1187,1,0.2312,0.433805,-0.538001,0.205606,0.400944,-0.739331,0.2312,0.433805,-0.484201,-0.0870699
180,3.26016,0.129121,1,0.278968,0.517449,-0.491233,0.248575,0.482398,-0.710012,0.278968,0.517449,-0.44211,-0.0959269
181,3.27827,0.143357,1,0.334123,0.605666,-0.417462,0.299653,0.575762,-0.661534,0.334123,0.605666,-0.375716,-0.0976388
182,3.29638,0.159893,1,0.394835,0.691285,-0.312678,0.359346,0.678622,-0.587045,0.394835,0.691285,-0.28141,-0.0864192
183,3.3145,0.176021,1,0.460383,0.765945,-0.176305,0.427306,0.784812,-0.478795,0.460383,0.765945,-0.158674,-0.0568175
184,3.33261,0.193573,1,0.523086,0.812797,-0.00270564,0.501637,0.882621,-0.329931,0.523086,0.812797,-0.00243508,-0.000990697
185,3.35072,0.210049,1,0.578891,0.815703,0.198429,0.578047,0.953752,-0.138177,0.578891,0.815703,0.178586,0.0804083
186,3.36883,0.219531,1,0.621304,0.750746,0.394498,0.649188,0.97504,0.0887254,0.621304,0.750746,0.355048,0.171572
187,3.38694,0.224354,1,0.637052,0.620716,0.55992,0.704882,0.925266,0.328291,0.637052,0.620716,0.503928,0.249689
188,3.40506,0.221507,1,0.620859,0.4514,0.667882,0.734026,0.796611,0.54452,0.620859,0.4514,0.601094,0.290262
189,3.42317,0.212389,1,0.575813,0.269456,0.706816,0.728188,0.604199,0.699299,0.575813,0.269456,0.636134,0.284896
190,3.44128,0.197276,1,0.507875,0.104269,0.685513,0.685297,0.383897,0.769677,0.507875,0.104269,0.616962,0.243709
191,3.45939,0.180144,1,0.42395,-0.0296362,0.61731,0.610923,0.176698,0.758106,0.42395,-0.0296362,0.555579,0.183196
192,3.4775,0.158204,1,0.336712,-0.117051,0.524645,0.51609,0.0111823,0.687324,0.336712,-0.117051,0.47218,0.123658
193,3.49562,0.134006,1,0.252266,-0.168019,0.431717,0.413207,-0.103373,0.585964,0.252266,-0.168019,0.388546,0.0762353
194,3.51373,0.11056,1,0.176278,-0.195345,0.344347,0.312613,-0.172465,0.476861,0.176278,-0.195345,0.309912,0.0424906
195,3.53184,0.0891849,1,0.112354,-0.205661,0.26353,0.221064,-0.207984,0.373251,0.112354,-0.205661,0.237177,0.0207261
196,3.54995,0.0698726,1,0.0573783,-0.208397,0.194909,0.14185,-0.222014,0.2805,0.0573783,-0.208397,0.175418,0.0078285
197,3.56806,0.0547074,1,0.0112778,-0.207679,0.131834,0.0756904,-0.224122,0.199357,0.0112778,-0.207679,0.118651,0.00104076
198,3.58618,0.0408644,1,-0.0244214,-0.203235,0.0779081,0.0217174,-0.220943,0.128577,-0.0244214,-0.203235,0.0701173,-0.00133184
199,3.60429,0.0290802,1,-0.0521564,-0.200957,0.029484,-0.0217466,-0.216702,0.0664204,-0.0521564,-0.200957,0.0265356,-0.00107645
200,3.6224,0.0197615,1,-0.076443,-0.20282,-0.0143028,-0.0566718,-0.213927,0.0113348,-0.076443,-0.20282,-0.0128725,0.000765344
201,3.64051,0.0124314,1,-0.0969648,-0.205622,-0.0536455,-0.0850183,-0.214043,-0.0378344,-0.0969648,-0.205622,-0.0482809,0.00364121
202,3.65862,0.00625097,1,-0.114077,-0.211899,-0.0890588,-0.108581,-0.217805,-0.0818379,-0.114077,-0.211899,-0.0801529,0.00711172
203,3.67674,0.00156355,1,-0.130005,-0.223104,-0.120913,-0.128927,-0.225582,-0.121085,-0.130005,-0.223104,-0.108821,0.0110035
204,3.69485,0.00327945,1,-0.145335,-0.237535,-0.150411,-0.147385,-0.237541,-0.155708,-0.145335,-0.237535,-0.13537,0.015302
205,3.71296,0.00677027,1,-0.159852,-0.254183,-0.175119,-0.165062,-0.253751,-0.185615,-0.159852,-0.254183,-0.157607,0.0195952
206,3.73107,0.0100086,1,-0.175537,-0.274269,-0.194806,-0.182874,-0.274231,-0.210512,-0.175537,-0.274269,-0.175325,0.0239369
207,3.74918,0.013168,1,-0.192495,-0.298995,-0.20899,-0.201568,-0.298966,-0.229915,-0.192495,-0.298995,-0.188091,0.0281606
208,3.7673,0.016409,1,-0.210671,-0.328093,-0.216977,-0.221751,-0.327876,-0.243149,-0.210671,-0.328093,-0.19528,0.0319976
209,3.78541,0.019256,1,-0.23163,-0.362132,-0.21836,-0.243891,-0.360757,-0.249346,-0.23163,-0.362132,-0.196524,0.035405
210,3.80352,0.0210216,1,-0.25538,-0.400145,-0.21355,-0.268321,-0.397192,-0.247455,-0.25538,-0.400145,-0.192195,0.0381755
211,3.82163,0.0224248,1,-0.281947,-0.439051,-0.199869,-0.295202,-0.436423,-0.236283,-0.281947,-0.439051,-0.179882,0.0394467
212,3.83974,0.0241124,1,-0.311161,-0.479225,-0.175063,-0.324492,-0.477207,-0.21459,-0.311161,-0.479225,-0.157556,0.0381309
213,3.85786,0.0267704,1,-0.34275,-0.518902,-0.136807,-0.355868,-0.517662,-0.181264,-0.34275,-0.518902,-0.123127,0.0328235
214,3.87597,0.0301857,1,-0.375266,-0.554578,-0.0850658,-0.388658,-0.555156,-0.135601,-0.375266,-0.554578,-0.0765592,0.0223456
215,3.89408,0.0332866,1,-0.407391,-0.58123,-0.0221082,-0.421763,-0.586316,-0.0777102,-0.407391,-0.58123,-0.0198974,0.00630469
216,3.91219,0.0361918,1,-0.437307,-0.596192,0.0505436,-0.453618,-0.607243,-0.00896596,-0.437307,-0.596192,0.0454892,-0.0154722
217,3.9303,0.0377384,1,-0.463352,-0.596777,0.127735,-0.482223,-0.614037,0.0675807,-0.463352,-0.596777,0.114961,-0.0414304
218,3.94842,0.0388456,1,-0.482671,-0.578676,0.205316,-0.505297,-0.603612,0.147065,-0.482671,-0.578676,0.184785,-0.0693702
219,3.96653,0.0386538,1,-0.493089,-0.541033,0.274115,-0.520565,-0.574665,0.223162,-0.493089,-0.541033,0.246704,-0.0946141
220,3.98464,0.0380567,1,-0.493781,-0.490137,0.331805,-0.526161,-0.528437,0.289031,-0.493781,-0.490137,0.298625,-0.114687
221,4.00275,0.0376685,1,-0.484846,-0.429411,0.375967,-0.521036,-0.468865,0.338679,-0.484846,-0.429411,0.33837,-0.1276
222,4.02086,0.0354547,1,-0.466078,-0.364835,0.397629,-0.505252,-0.401904,0.368261,-0.466078,-0.364835,0.357866,-0.129728
223,4.03898,0.0325289,1,-0.438518,-0.300416,0.394403,-0.480023,-0.334203,0.376794,-0.438518,-0.300416,0.354963,-0.121067
224,4.05709,0.0299917,1,-0.404826,-0.242778,0.372588,-0.447502,-0.271654,0.365996,-0.404826,-0.242778,0.33533,-0.105583
225,4.0752,0.0283107,1,-0.367517,-0.19452,0.339673,-0.410359,-0.218374,0.339427,-0.367517,-0.19452,0.305706,-0.0873849
226,4.09331,0.0269475,1,-0.328391,-0.158116,0.300454,-0.371332,-0.176384,0.301379,-0.328391,-0.158116,0.270409,-0.0690665
227,4.11142,0.0246734,1,-0.291774,-0.134106,0.255787,-0.332852,-0.145889,0.255946,-0.291774,-0.134106,0.230208,-0.0522423
228,4.12954,0.0222745,1,-0.258649,-0.120656,0.208483,-0.296823,-0.125876,0.206496,-0.258649,-0.120656,0.187634,-0.0377466
229,4.14765,0.0202411,1,-0.229845,-0.114421,0.160452,-0.264553,-0.114727,0.15551,-0.229845,-0.114421,0.144406,-0.0258154
230,4.16576,0.0187368,1,-0.205703,-0.11416,0.113272,-0.236804,-0.110697,0.104674,-0.205703,-0.11416,0.101945,-0.0163103
231,4.18387,0.0175551,1,-0.186667,-0.118332,0.067136,-0.213895,-0.112215,0.055064,-0.186667,-0.118332,0.0604224,-0.00877244
232,4.20198,0.0176944,1,-0.171014,-0.123793,0.0243771,-0.195833,-0.118021,0.00734746,-0.171014,-0.123793,0.0219394,-0.00291819
233,4.2201,0.0179322,1,-0.159265,-0.130743,-0.0176654,-0.182425,-0.127207,-0.0380564,-0.159265,-0.130743,-0.0158988,0.00196943
234,4.23821,0.018647,1,-0.151415,-0.141688,-0.0573139,-0.17338,-0.139189,-0.0808592,-0.151415,-0.141688,-0.0515825,0.00607471
235,4.25632,0.0199135,1,-0.147195,-0.155732,-0.0936871,-0.168384,-0.153662,-0.120824,-0.147195,-0.155732,-0.0843184,0.00965319
236,4.27443,0.020922,1,-0.147139,-0.171384,-0.127505,-0.167142,-0.170546,-0.157711,-0.147139,-0.171384,-0.114755,0.0131327
237,4.29254,0.0212265,1,-0.150019,-0.188104,-0.160063,-0.169417,-0.189926,-0.191241,-0.150019,-0.188104,-0.144057,0.0168087
238,4.31066,0.0212244,1,-0.155298,-0.206595,-0.190531,-0.175042,-0.212008,-0.221064,-0.155298,-0.206595,-0.171478,0.0207123
239,4.32877,0.0221888,1,-0.162564,-0.227215,-0.216337,-0.183925,-0.237072,-0.246727,-0.162564,-0.227215,-0.194703,0.024618
240,4.34688,0.0239221,1,-0.172241,-0.250577,-0.237157,-0.196045,-0.265428,-0.267647,-0.172241,-0.250577,-0.213441,0.0285937
241,4.36499,0.0260685,1,-0.184996,-0.277702,-0.252198,-0.211438,-0.297355,-0.283073,-0.184996,-0.277702,-0.226978,0.0326589
242,4.3831,0.0280802,1,-0.200913,-0.309251,-0.261351,-0.230179,-0.333038,-0.292064,-0.200913,-0.309251,-0.235216,0.0367563
243,4.40122,0.0293855,1,-0.220389,-0.345327,-0.2646,-0.252343,-0.372466,-0.29346,-0.220389,-0.345327,-0.23814,0.0408203
244,4.41933,0.0298598,1,-0.2433,-0.385759,-0.261396,-0.277965,-0.41531,-0.285889,-0.2433,-0.385759,-0.235257,0.0445184
245,4.43744,0.0301011,1,-0.269486,-0.429562,-0.24936,-0.306969,-0.460748,-0.267816,-0.269486,-0.429562,-0.224424,0.0470393
246,4.45555,0.0297296,1,-0.299511,-0.476009,-0.22728,-0.339083,-0.507277,-0.237666,-0.299511,-0.476009,-0.204552,0.047651
247,4.47366,0.0290701,1,-0.33299,-0.523042,-0.191505,-0.373733,-0.552514,-0.19408,-0.33299,-0.523042,-0.172355,0.0446385
248,4.49178,0.0282997,1,-0.368834,-0.566661,-0.140414,-0.409922,-0.593074,-0.136319,-0.368834,-0.566661,-0.126372,0.0362525
249,4.50989,0.0268095,1,-0.405405,-0.604475,-0.0743614,-0.446131,-0.624638,-0.0648176,-0.405405,-0.604475,-0.0669252,0.0211025
250,4.528,0.0251788,1,-0.440266,-0.630255,0.00573789,-0.480274,-0.642345,0.0181906,-0.440266,-0.630255,0.0051641,-0.00176834
251,4.54611,0.0226785,1,-0.472151,-0.638546,0.0973466,-0.509773,-0.641632,0.108206,-0.472151,-0.638546,0.087612,-0.0321736
252,4.56422,0.0201954,1,-0.497859,-0.624804,0.191998,-0.531813,-0.619448,0.198479,-0.497859,-0.624804,0.172798,-0.0669115
253,4.58234,0.0179714,1,-0.515095,-0.587582,0.280086,-0.543777,-0.575511,0.280799,-0.515095,-0.587582,0.252078,-0.10099
254,4.60045,0.0171298,1,-0.520372,-0.529346,0.355173,-0.543798,-0.513041,0.347069,-0.520372,-0.529346,0.319655,-0.129375
255,4.61856,0.0182332,1,-0.512206,-0.455577,0.409665,-0.531241,-0.438431,0.391197,-0.512206,-0.455577,0.368698,-0.146883
256,4.63667,0.0192924,1,-0.491353,-0.374731,0.436021,-0.506935,-0.359804,0.410507,-0.491353,-0.374731,0.392419,-0.149968
257,4.65478,0.0195229,1,-0.459098,-0.29496,0.435186,-0.473035,-0.285023,0.406023,-0.459098,-0.29496,0.391667,-0.139855
258,4.6729,0.0201568,1,-0.419165,-0.225841,0.41332,-0.432571,-0.220018,0.381614,-0.419165,-0.225841,0.371988,-0.121274
259,4.69101,0.0204078,1,-0.375156,-0.169566,0.375064,-0.388847,-0.16802,0.342513,-0.375156,-0.169566,0.337558,-0.0984953
260,4.70912,0.0205074,1,-0.330786,-0.130032,0.326531,-0.344913,-0.129735,0.293942,-0.330786,-0.130032,0.293877,-0.0756081
261,4.72723,0.0215456,1,-0.288756,-0.105038,0.274639,-0.303211,-0.104087,0.240248,-0.288756,-0.105038,0.247176,-0.0555127
262,4.74534,0.0221404,1,-0.250795,-0.0900029,0.220026,-0.265448,-0.089071,0.1846,-0.250795,-0.0900029,0.198023,-0.0386269
263,4.76346,0.0220335,1,-0.217588,-0.082678,0.164156,-0.232628,-0.0824412,0.129082,-0.217588,-0.082678,0.14774,-0.0250029
264,4.78157,0.0219828,1,-0.190495,-0.0829931,0.110068,-0.205176,-0.0821408,0.0749465,-0.190495,-0.0829931,0.0990608,-0.0146771
265,4.79968,0.0232349,1,-0.16846,-0.0877146,0.0603601,-0.183104,-0.0865074,0.0228944,-0.16846,-0.0877146,0.054324,-0.00711778
266,4.81779,0.0238695,1,-0.1514,-0.0951919,0.011905,-0.166164,-0.0943256,-0.0267024,-0.1514,-0.0951919,0.0107145,-0.00126169
267,4.8359,0.0248053,1,-0.138707,-0.104897,-0.0334812,-0.153969,-0.104797,-0.0736432,-0.138707,-0.104897,-0.0301331,0.00325086
268,4.85402,0.0265002,1,-0.129735,-0.115807,-0.0749461,-0.146094,-0.117474,-0.117799,-0.129735,-0.115807,-0.0674515,0.0068062
269,4.87213,0.0283417,1,-0.124979,-0.128415,-0.113215,-0.142136,-0.132189,-0.159053,-0.124979,-0.128415,-0.101893,0.00990462
270,4.89024,0.0302475,1,-0.124046,-0.142735,-0.148352,-0.141756,-0.148989,-0.19726,-0.124046,-0.142735,-0.133517,0.0128817
271,4.90835,0.0319389,1,-0.126417,-0.159779,-0.180673,-0.1447,-0.168081,-0.23222,-0.126417,-0.159779,-0.162606,0.0159881
272,4.92646,0.032844,1,-0.131208,-0.179592,-0.211232,-0.150811,-0.189785,-0.263653,-0.131208,-0.179592,-0.190108,0.0194006
273,4.94458,0.0339747,1,-0.138793,-0.200706,-0.238051,-0.160024,-0.214502,-0.291171,-0.138793,-0.200706,-0.214246,0.0231279
274,4.96269,0.0355298,1,-0.14828,-0.223493,-0.260963,-0.172364,-0.242676,-0.314246,-0.14828,-0.223493,-0.234867,0.027087
275,4.9808,0.0374493,1,-0.16086,-0.250166,-0.278598,-0.187933,-0.27475,-0.33217,-0.16086,-0.250166,-0.250738,0.0313706
276,4.99891,0.0393781,1,-0.176951,-0.280671,-0.290824,-0.206891,-0.31111,-0.344013,-0.176951,-0.280671,-0.261742,0.0360231
277,5.01702,0.0409507,1,-0.196223,-0.315492,-0.297629,-0.229424,-0.351996,-0.34858,-0.196223,-0.315492,-0.267866,0.0408812
278,5.03514,0.0412718,1,-0.218822,-0.354934,-0.300248,-0.255709,-0.397381,-0.34438,-0.218822,-0.354934,-0.270223,0.0459905
279,5.05325,0.0421366,1,-0.244629,-0.397914,-0.294425,-0.285845,-0.446783,-0.329631,-0.244629,-0.397914,-0.264983,0.0504174
280,5.07136,0.0432519,1,-0.273609,-0.445368,-0.27781,-0.319764,-0.499038,-0.302334,-0.273609,-0.445368,-0.250029,0.0532079
281,5.08947,0.044245,1,-0.306359,-0.495576,-0.249895,-0.357115,-0.55201,-0.260472,-0.306359,-0.495576,-0.224905,0.0535902
282,5.10758,0.0462549,1,-0.341794,-0.544624,-0.207746,-0.39711,-0.602332,-0.202403,-0.341794,-0.544624,-0.186972,0.0497045
283,5.1257,0.0481387,1,-0.379828,-0.589985,-0.149131,-0.438367,-0.645273,-0.127489,-0.379828,-0.589985,-0.134218,0.0396509
284,5.14381,0.0490165,1,-0.418496,-0.627973,-0.0739112,-0.478782,-0.674948,-0.0369409,-0.418496,-0.627973,-0.0665201,0.0216521
285,5.16192,0.0487585,1,-0.455389,-0.652484,0.0157902,-0.51551,-0.68509,0.0653327,-0.455389,-0.652484,0.0142112,-0.00503348
286,5.18003,0.0458572,1,-0.488925,-0.657752,0.117636,-0.545163,-0.670481,0.172261,-0.488925,-0.657752,0.105873,-0.0402607
287,5.19814,0.0427419,1,-0.514163,-0.637077,0.220217,-0.564261,-0.628804,0.274091,-0.514163,-0.637077,0.198195,-0.0792591
288,5.21626,0.0395224,1,-0.529584,-0.591002,0.31292,-0.569937,-0.562177,0.360109,-0.529584,-0.591002,0.281628,-0.116002
289,5.23437,0.0359142,1,-0.531519,-0.522294,0.38955,-0.560677,-0.477426,0.42127,-0.531519,-0.522294,0.350595,-0.144937
290,5.25248,0.0334044,1,-0.519067,-0.43838,0.440769,-0.536815,-0.384599,0.452612,-0.519067,-0.43838,0.396692,-0.160152
291,5.27059,0.0325244,1,-0.492985,-0.349518,0.462116,-0.500536,-0.294246,0.45428,-0.492985,-0.349518,0.415904,-0.159471
292,5.2887,0.0328119,1,-0.455522,-0.266354,0.454525,-0.455372,-0.214759,0.430697,-0.455522,-0.266354,0.409072,-0.144932
293,5.30682,0.0336682,1,-0.41103,-0.195482,0.425754,-0.405408,-0.150931,0.388549,-0.41103,-0.195482,0.383179,-0.122498
294,5.32493,0.033704,1,-0.363301,-0.139148,0.380468,-0.354516,-0.103986,0.334704,-0.363301,-0.139148,0.342421,-0.0967569
295,5.34304,0.0348956,1,-0.315747,-0.102235,0.326575,-0.305827,-0.0725767,0.274854,-0.315747,-0.102235,0.293918,-0.0721806
296,5.36115,0.0369007,1,-0.27129,-0.0793104,0.270917,-0.261519,-0.0540264,0.213036,-0.27129,-0.0793104,0.243825,-0.0514479
297,5.37926,0.038015,1,-0.23206,-0.0657317,0.213683,-0.222848,-0.0453254,0.151763,-0.23206,-0.0657317,0.192315,-0.0347111
298,5.39738,0.038896,1,-0.197964,-0.060789,0.157142,-0.190313,-0.0437393,0.0924161,-0.197964,-0.060789,0.141428,-0.021776
299,5.41549,0.0399411,1,-0.170584,-0.0626037,0.102733,-0.163878,-0.0470782,0.0356518,-0.170584,-0.0626037,0.0924595,-0.0122672
300,5.4336,0.0415567,1,-0.148472,-0.0684657,0.0519775,-0.143172,-0.0537499,-0.0182808,-0.148472,-0.0684657,0.0467798,-0.00540204
301,5.45171,0.0422754,1,-0.131503,-0.0762618,0.00252267,-0.127654,-0.0627015,-0.069331,-0.131503,-0.0762618,0.0022704,-0.000232216
302,5.46982,0.0436419,1,-0.118181,-0.0842596,-0.0427444,-0.116735,-0.0733202,-0.117525,-0.118181,-0.0842596,-0.0384699,0.0035361
303,5.48794,0.0449066,1,-0.109024,-0.0920922,-0.0854175,-0.109852,-0.0853321,-0.162899,-0.109024,-0.0920922,-0.0768758,0.00651877
304,5.50605,0.046275,1,-0.103338,-0.101971,-0.125449,-0.106522,-0.0987154,-0.20547,-0.103338,-0.101971,-0.112904,0.00907454
305,5.52416,0.047752,1,-0.101314,-0.113295,-0.162658,-0.106361,-0.113633,-0.245212,-0.101314,-0.113295,-0.146392,0.0115356
306,5.54227,0.048724,1,-0.101942,-0.127769,-0.197998,-0.1091,-0.130386,-0.282046,-0.101942,-0.127769,-0.178198,0.014129
307,5.56038,0.0499022,1,-0.104581,-0.143572,-0.230166,-0.114582,-0.149378,-0.315822,-0.104581,-0.143572,-0.207149,0.0168497
308,5.5785,0.0511254,1,-0.109482,-0.16009,-0.259446,-0.12276,-0.171096,-0.346302,-0.109482,-0.16009,-0.233501,0.0198832
309,5.59661,0.0520266,1,-0.116922,-0.178807,-0.286292,-0.133691,-0.196094,-0.373127,-0.116922,-0.178807,-0.257663,0.0234317
310,5.61472,0.0525472,1,-0.127637,-0.201939,-0.310007,-0.147526,-0.224974,-0.395783,-0.127637,-0.201939,-0.279007,0.0276979
311,5.63283,0.0535669,1,-0.14083,-0.22815,-0.329079,-0.164501,-0.258357,-0.41355,-0.14083,-0.22815,-0.296171,0.0324409
312,5.65094,0.0547405,1,-0.156461,-0.25837,-0.343592,-0.184919,-0.296841,-0.425444,-0.156461,-0.25837,-0.309233,0.0376312
313,5.66906,0.0560638,1,-0.175111,-0.292613,-0.353081,-0.20913,-0.340917,-0.430145,-0.175111,-0.292613,-0.317773,0.0432797
314,5.68717,0.05736,1,-0.196831,-0.331135,-0.357716,-0.237488,-0.390838,-0.42593,-0.196831,-0.331135,-0.321945,0.0492868
315,5.70528,0.0583839,1,-0.22233,-0.375548,-0.356736,-0.270291,-0.446407,-0.410632,-0.22233,-0.375548,-0.321062,0.0555192
316,5.72339,0.0608072,1,-0.251373,-0.425355,-0.345498,-0.307683,-0.506682,-0.381658,-0.251373,-0.425355,-0.310948,0.0607942
317,5.7415,0.0648652,1,-0.284556,-0.479061,-0.321585,-0.349511,-0.569564,-0.33616,-0.284556,-0.479061,-0.289427,0.0640563
318,5.75962,0.0697873,1,-0.321793,-0.536003,-0.283324,-0.395123,-0.631357,-0.271444,-0.321793,-0.536003,-0.254992,0.0638202
319,5.77773,0.0753871,1,-0.362493,-0.592297,-0.22687,-0.443137,-0.686402,-0.185754,-0.362493,-0.592297,-0.204183,0.0575672
320,5.79584,0.0798473,1,-0.405983,-0.644234,-0.150146,-0.491208,-0.727104,-0.0794626,-0.405983,-0.644234,-0.135131,0.0426696
321,5.81395,0.0829745,1,-0.450332,-0.68471,-0.0550966,-0.535914,-0.744744,0.0435232,-0.450332,-0.68471,-0.0495869,0.0173682
322,5.83206,0.0835391,1,-0.491489,-0.704174,0.0582411,-0.572911,-0.731398,0.174713,-0.491489,-0.704174,0.052417,-0.0200374
323,5.85018,0.0806495,1,-0.52618,-0.695626,0.18187,-0.597502,-0.682789,0.301292,-0.52618,-0.695626,0.163683,-0.0669875
324,5.86829,0.0773055,1,-0.550244,-0.654161,0.298765,-0.605626,-0.600962,0.408451,-0.550244,-0.654161,0.268888,-0.115075
325,5.8864,0.0732807,1,-0.560053,-0.582708,0.39853,-0.59501,-0.495087,0.483446,-0.560053,-0.582708,0.358677,-0.156238
326,5.90451,0.0684749,1,-0.552446,-0.487032,0.471878,-0.565968,-0.379278,0.519551,-0.552446,-0.487032,0.42469,-0.182481
327,5.92262,0.0655614,1,-0.528054,-0.381399,0.510819,-0.521444,-0.268245,0.517688,-0.528054,-0.381399,0.459737,-0.188818
328,5.94074,0.0645945,1,-0.488572,-0.279318,0.512078,-0.466225,-0.173112,0.484907,-0.488572,-0.279318,0.46087,-0.175131
329,5.95885,0.0643523,1,-0.438544,-0.191725,0.484184,-0.405738,-0.099422,0.431009,-0.438544,-0.191725,0.435766,-0.148635
330,5.97696,0.0629333,1,-0.384051,-0.121834,0.434925,-0.344928,-0.0476013,0.36535,-0.384051,-0.121834,0.391432,-0.116923
331,5.99507,0.0624539,1,-0.328925,-0.0744759,0.375236,-0.287584,-0.0147868,0.295052,-0.328925,-0.0744759,0.337713,-0.0863973
332,6.01318,0.0620942,1,-0.275806,-0.0440643,0.312719,-0.236137,0.00325079,0.224657,-0.275806,-0.0440643,0.281447,-0.0603748
333,6.0313,0.0606337,1,-0.228226,-0.0260817,0.247958,-0.191793,0.0107585,0.156609,-0.228226,-0.0260817,0.223163,-0.0396134
334,6.04941,0.0601589,1,-0.187425,-0.0177423,0.18656,-0.154824,0.0113158,0.0919549,-0.187425,-0.0177423,0.167904,-0.0244762
335,6.06752,0.0602642,1,-0.153241,-0.0176745,0.128181,-0.124888,0.00762593,0.0309633,-0.153241,-0.0176745,0.115363,-0.0137499
336,6.08563,0.060302,1,-0.125722,-0.0216563,0.0723897,-0.101293,0.00156455,-0.0264687,-0.125722,-0.0216563,0.0651507,-0.00637069
337,6.10374,0.0606276,1,-0.104482,-0.0290538,0.0195582,-0.0831965,-0.0056697,-0.0805779,-0.104482,-0.0290538,0.0176024,-0.00143044
338,6.12186,0.0617408,1,-0.0876889,-0.035384,-0.0285185,-0.0697446,-0.0133869,-0.13162,-0.0876889,-0.035384,-0.0256667,0.00175053
339,6.13997,0.0629915,1,-0.0748295,-0.0406908,-0.0734722,-0.0601473,-0.0212581,-0.179823,-0.0748295,-0.0406908,-0.066125,0.00384852
340,6.15808,0.06238,1,-0.0656693,-0.0454253,-0.119227,-0.0537229,-0.0292004,-0.225377,-0.0656693,-0.0454253,-0.107305,0.0054807
341,6.17619,0.0623113,1,-0.0590409,-0.0510868,-0.161781,-0.0499146,-0.0372927,-0.268432,-0.0590409,-0.0510868,-0.145603,0.00668618
342,6.1943,0.0625309,1,-0.0549718,-0.0581853,-0.201727,-0.0482915,-0.0457207,-0.309107,-0.0549718,-0.0581853,-0.181555,0.00776252
343,6.21242,0.0637337,1,-0.0525495,-0.0648873,-0.23764,-0.0485414,-0.0547412,-0.347489,-0.0525495,-0.0648873,-0.213876,0.00874148
344,6.23053,0.0646717,1,-0.051605,-0.0719671,-0.27187,-0.0504606,-0.0646646,-0.38364,-0.051605,-0.0719671,-0.244683,0.0098209
345,6.24864,0.0653768,1,-0.0522169,-0.0793952,-0.304424,-0.0539429,-0.075848,-0.417591,-0.0522169,-0.0793952,-0.273981,0.0111272
346,6.26675,0.0646419,1,-0.0543785,-0.0872192,-0.337475,-0.0589705,-0.0886969,-0.449334,-0.0543785,-0.0872192,-0.303728,0.012846
347,6.28486,0.0643488,1,-0.0579226,-0.0975654,-0.367794,-0.0656076,-0.103673,-0.478817,-0.0579226,-0.0975654,-0.331015,0.0149125
348,6.30298,0.0641128,1,-0.0628896,-0.110035,-0.396007,-0.0739963,-0.121303,-0.505921,-0.0628896,-0.110035,-0.356406,0.0174333
349,6.32109,0.0635942,1,-0.0694965,-0.123992,-0.422829,-0.0843561,-0.142197,-0.530442,-0.0694965,-0.123992,-0.380546,0.0205696
350,6.3392,0.0631747,1,-0.0775067,-0.140079,-0.44781,-0.096985,-0.167053,-0.552051,-0.0775067,-0.140079,-0.403029,0.0242958
351,6.35731,0.0631976,1,-0.0872142,-0.159628,-0.470339,-0.112263,-0.196668,-0.57025,-0.0872142,-0.159628,-0.423305,0.0287142
352,6.37542,0.0647757,1,-0.0985907,-0.181768,-0.489207,-0.130655,-0.231933,-0.584302,-0.0985907,-0.181768,-0.440287,0.0337619
353,6.39354,0.0682172,1,-0.112106,-0.20744,-0.504211,-0.15271,-0.273806,-0.593137,-0.112106,-0.20744,-0.45379,0.0395677
354,6.41165,0.0736061,1,-0.128291,-0.238165,-0.514994,-0.179052,-0.323242,-0.595236,-0.128291,-0.238165,-0.463495,0.0462485
355,6.42976,0.0813983,1,-0.14747,-0.274204,-0.521378,-0.210355,-0.381063,-0.588487,-0.14747,-0.274204,-0.46924,0.0538212
356,6.44787,0.0916691,1,-0.170574,-0.317014,-0.522629,-0.247288,-0.447697,-0.570027,-0.170574,-0.317014,-0.470366,0.0624027
357,6.46598,0.104673,1,-0.198302,-0.367985,-0.515444,-0.29041,-0.522767,-0.536133,-0.198302,-0.367985,-0.463899,0.0715496
358,6.4841,0.11987,1,-0.231653,-0.428027,-0.498041,-0.339985,-0.604439,-0.482255,-0.231653,-0.428027,-0.448237,0.0807609
359,6.50221,0.137875,1,-0.27043,-0.495069,-0.465892,-0.395692,-0.688546,-0.403404,-0.27043,-0.495069,-0.419303,0.0881938
360,6.52032,0.157798,1,-0.314374,-0.568295,-0.417041,-0.456216,-0.767619,-0.295176,-0.314374,-0.568295,-0.375337,0.0917748
361,6.53843,0.177768,1,-0.364093,-0.645383,-0.347262,-0.518768,-0.830305,-0.155731,-0.364093,-0.645383,-0.312536,0.0885048
362,6.55654,0.195127,1,-0.418902,-0.719068,-0.249898,-0.578677,-0.862061,0.0113462,-0.418902,-0.719068,-0.224908,0.0732778
363,6.57466,0.206444,1,-0.477236,-0.781478,-0.122396,-0.629407,-0.848235,0.194219,-0.477236,-0.781478,-0.110157,0.0408884
364,6.59277,0.211005,1,-0.53268,-0.815009,0.0327615,-0.663375,-0.779741,0.372238,-0.53268,-0.815009,0.0294854,-0.012216
365,6.61088,0.209023,1,-0.580355,-0.803725,0.201499,-0.67375,-0.659222,0.520038,-0.580355,-0.803725,0.181349,-0.0818585
366,6.62899,0.201376,1,-0.613299,-0.743817,0.367349,-0.656741,-0.503237,0.616128,-0.613299,-0.743817,0.330614,-0.157706
367,6.6471,0.192223,1,-0.625419,-0.63468,0.5021,-0.61321,-0.337326,0.651365,-0.625419,-0.63468,0.45189,-0.219816
368,6.66522,0.181287,1,-0.610253,-0.491653,0.592688,-0.548565,-0.18622,0.631425,-0.610253,-0.491653,0.533419,-0.253183
369,6.68333,0.171692,1,-0.571433,-0.339173,0.631402,-0.470958,-0.0656723,0.571931,-0.571433,-0.339173,0.568262,-0.252563
370,6.70144,0.162703,1,-0.512442,-0.199065,0.618252,-0.388862,0.0197007,0.490634,-0.512442,-0.199065,0.556427,-0.221773
371,6.71955,0.152814,1,-0.441307,-0.0857967,0.566766,-0.309222,0.0734893,0.401727,-0.441307,-0.0857967,0.510089,-0.175083
372,6.73766,0.1414,1,-0.36611,-0.00552834,0.491317,-0.236657,0.103053,0.31402,-0.36611,-0.00552834,0.442185,-0.125913
373,6.75578,0.129492,1,-0.292298,0.043426,0.407555,-0.173537,0.116159,0.231741,-0.292298,0.043426,0.3668,-0.0833893
374,6.77389,0.119083,1,-0.224868,0.0720229,0.327698,-0.120502,0.119312,0.156195,-0.224868,0.0720229,0.294929,-0.0515822
375,6.792,0.109876,1,-0.166204,0.0850022,0.252206,-0.077051,0.117311,0.0872033,-0.166204,0.0850022,0.226985,-0.0293423
376,6.81011,0.102745,1,-0.117558,0.0863197,0.182891,-0.0420567,0.113411,0.0240352,-0.117558,0.0863197,0.164602,-0.0150502
377,6.82822,0.0986307,1,-0.0763959,0.0849397,0.123022,-0.0141208,0.109685,-0.0341195,-0.0763959,0.0849397,0.11072,-0.00657887
378,6.84634,0.0944818,1,-0.0440429,0.0817231,0.064997,0.00819451,0.107379,-0.0879521,-0.0440429,0.0817231,0.0584973,-0.00200386
379,6.86445,0.0911748,1,-0.0192414,0.0777966,0.010356,0.0262388,0.107208,-0.137985,-0.0192414,0.0777966,0.00932036,-0.000139484
380,6.88256,0.0898658,1,0.00126151,0.0746174,-0.0382616,0.0412141,0.10957,-0.184582,0.00126151,0.0746174,-0.0344354,-3.37871e-05
381,6.90067,0.0900166,1,0.0181827,0.075411,-0.081445,0.0541595,0.1147,-0.227975,0.0181827,0.075411,-0.0733005,-0.00103662
382,6.91878,0.0900082,1,0.0329576,0.0801238,-0.122011,0.065961,0.122769,-0.268287,0.0329576,0.0801238,-0.10981,-0.00281484
383,6.9369,0.0904899,1,0.0452057,0.0847547,-0.160254,0.0773751,0.133956,-0.305546,0.0452057,0.0847547,-0.144229,-0.00507109
384,6.95501,0.0911254,1,0.0566036,0.0922398,-0.195831,0.0890574,0.148488,-0.339687,0.0566036,0.0922398,-0.176248,-0.00775934
385,6.97312,0.0914439,1,0.0668764,0.103795,-0.229374,0.101593,0.166667,-0.37054,0.0668764,0.103795,-0.206436,-0.0107378
386,6.99123,0.0930084,1,0.0777501,0.118036,-0.258143,0.115522,0.188877,-0.397809,0.0777501,0.118036,-0.232329,-0.0140495
387,7.00934,0.0934706,1,0.0902491,0.136611,-0.285828,0.131366,0.215589,-0.421039,0.0902491,0.136611,-0.257245,-0.018057
388,7.02746,0.0939629,1,0.104011,0.159867,-0.310131,0.149644,0.247337,-0.439567,0.104011,0.159867,-0.279118,-0.0225799
389,7.04557,0.0954476,1,0.119685,0.186451,-0.329735,0.170879,0.284682,-0.452457,0.119685,0.186451,-0.296762,-0.027625
390,7.06368,0.097423,1,0.138065,0.217669,-0.344584,0.1956,0.328137,-0.458427,0.138065,0.217669,-0.310126,-0.0333024
391,7.08179,0.100459,1,0.159365,0.253448,-0.353135,0.224318,0.378039,-0.455771,0.159365,0.253448,-0.317822,-0.0393943
392,7.0999,0.105123,1,0.183182,0.293907,-0.353352,0.257481,0.434345,-0.442285,0.183182,0.293907,-0.318017,-0.0453094
393,7.11802,0.110341,1,0.21063,0.339862,-0.345526,0.295387,0.496319,-0.415259,0.21063,0.339862,-0.310973,-0.0509447
394,7.13613,0.115236,1,0.242622,0.392408,-0.327635,0.338053,0.562111,-0.37159,0.242622,0.392408,-0.294871,-0.055644
395,7.15424,0.120801,1,0.278939,0.448303,-0.29585,0.38501,0.628236,-0.308145,0.278939,0.448303,-0.266265,-0.0577668
396,7.17235,0.126024,1,0.318951,0.505996,-0.247859,0.435051,0.689093,-0.22251,0.318951,0.505996,-0.223073,-0.0553385
397,7.19046,0.130434,1,0.361211,0.560439,-0.180366,0.485954,0.736803,-0.11423,0.361211,0.560439,-0.162329,-0.0456051
398,7.20858,0.131744,1,0.404775,0.606004,-0.0913318,0.534303,0.761838,0.0135858,0.404775,0.606004,-0.0821986,-0.0258781
399,7.22669,0.129219,1,0.447943,0.633668,0.0145795,0.575554,0.75489,0.152832,0.447943,0.633668,0.0131215,0.00457153
400,7.2448,0.122956,1,0.485433,0.636854,0.129561,0.604559,0.709987,0.29023,0.485433,0.636854,0.116605,0.0440251
401,7.26291,0.109852,1,0.513957,0.610238,0.250226,0.616604,0.627819,0.409465,0.513957,0.610238,0.225204,0.0900238
402,7.28102,0.0925039,1,0.529133,0.551712,0.360893,0.608724,0.51726,0.495612,0.529133,0.551712,0.324804,0.133672
403,7.29914,0.0753255,1,0.529077,0.464695,0.443637,0.58074,0.393474,0.539971,0.529077,0.464695,0.399273,0.164303
404,7.31725,0.0593895,1,0.511209,0.361189,0.495266,0.535478,0.273096,0.542508,0.511209,0.361189,0.445739,0.177229
405,7.33536,0.0499558,1,0.476562,0.255639,0.513031,0.477987,0.16916,0.510557,0.476562,0.255639,0.461728,0.171143
406,7.35347,0.0484925,1,0.430754,0.159451,0.496655,0.414196,0.0884238,0.454995,0.430754,0.159451,0.44699,0.149755
407,7.37158,0.0512591,1,0.377272,0.0817976,0.454263,0.349603,0.0316735,0.386406,0.377272,0.0817976,0.408836,0.119966
408,7.3897,0.0562333,1,0.32139,0.02404,0.400066,0.28845,-0.00419975,0.312866,0.32139,0.02404,0.36006,0.0900043
409,7.40781,0.0611918,1,0.26684,-0.0138266,0.33955,0.233465,-0.0239366,0.239464,0.26684,-0.0138266,0.305595,0.0634239
410,7.42592,0.0645261,1,0.217083,-0.0371459,0.276109,0.186,-0.0323153,0.168864,0.217083,-0.0371459,0.248498,0.041957
411,7.44403,0.0657218,1,0.173127,-0.0489619,0.211672,0.146362,-0.0333513,0.102136,0.173127,-0.0489619,0.190505,0.0256523
412,7.46214,0.0659749,1,0.135355,-0.0520008,0.149605,0.114165,-0.0300637,0.0394784,0.135355,-0.0520008,0.134644,0.0141748
413,7.48026,0.0690493,1,0.104254,-0.0515992,0.0961362,0.0886343,-0.0245411,-0.0193076,0.104254,-0.0515992,0.0865226,0.00701584
414,7.49837,0.0710403,1,0.079715,-0.0482466,0.044255,0.0688325,-0.0181222,-0.0745486,0.079715,-0.0482466,0.0398295,0.00246945
415,7.51648,0.0728909,1,0.0603154,-0.0436299,-0.00463039,0.0538027,-0.0115917,-0.126575,0.0603154,-0.0436299,-0.00416735,-0.000195499
416,7.53459,0.0731367,1,0.0455554,-0.0374039,-0.0531539,0.042658,-0.00534895,-0.175673,0.0455554,-0.0374039,-0.0478385,-0.00169501
417,7.5527,0.0734505,1,0.034582,-0.0320392,-0.0990826,0.0346252,0.00046012,-0.222081,0.034582,-0.0320392,-0.0891744,-0.00239853
418,7.57082,0.0739015,1,0.0264467,-0.0263996,-0.142147,0.0290609,0.00584843,-0.265992,0.0264467,-0.0263996,-0.127933,-0.00263153
419,7.58893,0.0738097,1,0.0209615,-0.0207715,-0.183795,0.0254505,0.0109233,-0.307565,0.0209615,-0.0207715,-0.165416,-0.00269684
420,7.60704,0.0737719,1,0.0169581,-0.0149015,-0.223078,0.0233974,0.0158451,-0.346933,0.0169581,-0.0149015,-0.20077,-0.00264809
421,7.62515,0.0736928,1,0.0147754,-0.00967878,-0.260514,0.022609,0.0208038,-0.384213,0.0147754,-0.00967878,-0.234463,-0.00269444
422,7.64326,0.0737284,1,0.0142589,-0.00410816,-0.295704,0.0228819,0.0260069,-0.419504,0.0142589,-0.00410816,-0.266134,-0.00295149
423,7.66138,0.07392,1,0.0146548,0.00128665,-0.328877,0.0240886,0.031676,-0.452893,0.0146548,0.00128665,-0.29599,-0.00337374
424,7.67949,0.0744741,1,0.0159568,0.00741031,-0.35957,0.0261664,0.0380497,-0.484455,0.0159568,0.00741031,-0.323613,-0.0040163
425,7.6976,0.0753069,1,0.0184841,0.014961,-0.387855,0.0291092,0.0453894,-0.514246,0.0184841,0.014961,-0.34907,-0.0050184
426,7.71571,0.0756455,1,0.0223267,0.0246546,-0.415054,0.0329622,0.0539891,-0.542306,0.0223267,0.0246546,-0.373549,-0.00648675
427,7.73382,0.0760865,1,0.027856,0.03639,-0.440217,0.0378199,0.0641873,-0.568652,0.027856,0.03639,-0.396196,-0.00858388
428,7.75194,0.076767,1,0.0350862,0.050795,-0.463078,0.0438258,0.0763802,-0.593265,0.0350862,0.050795,-0.416771,-0.0113734
429,7.77005,0.0777104,1,0.0436689,0.0678458,-0.48371,0.0511764,0.091038,-0.616083,0.0436689,0.0678458,-0.435339,-0.0147862
430,7.78816,0.0788835,1,0.053917,0.0882115,-0.502039,0.0601257,0.108722,-0.636978,0.053917,0.0882115,-0.451835,-0.0189479
431,7.80627,0.0804775,1,0.0656718,0.111523,-0.517688,0.0709935,0.130103,-0.655733,0.0656718,0.111523,-0.46592,-0.0237983
432,7.82438,0.0823167,1,0.0792812,0.138323,-0.530602,0.0841749,0.15598,-0.671996,0.0792812,0.138323,-0.477542,-0.0294467
433,7.8425,0.0843041,1,0.0960456,0.170341,-0.540253,0.100151,0.187292,-0.685227,0.0960456,0.170341,-0.486228,-0.0363223
434,7.86061,0.0870028,1,0.116045,0.207885,-0.544944,0.1195,0.22512,-0.694609,0.116045,0.207885,-0.49045,-0.0442665
435,7.87872,0.0902401,1,0.139341,0.2511,-0.543905,0.142903,0.270666,-0.698935,0.139341,0.2511,-0.489514,-0.0530518
436,7.89683,0.0936805,1,0.167251,0.301448,-0.535977,0.171142,0.325184,-0.696444,0.167251,0.301448,-0.48238,-0.06275
437,7.91494,0.0969823,1,0.199916,0.36181,-0.519076,0.205076,0.389817,-0.684623,0.199916,0.36181,-0.467169,-0.0726401
438,7.93306,0.10098,1,0.238425,0.432137,-0.488387,0.245585,0.465291,-0.659969,0.238425,0.432137,-0.439549,-0.0815108
439,7.95117,0.105192,1,0.283918,0.511861,-0.440186,0.293439,0.551365,-0.617795,0.283918,0.511861,-0.396168,-0.0874837
440,7.96928,0.111371,1,0.336978,0.595475,-0.366418,0.349071,0.645949,-0.552205,0.336978,0.595475,-0.329776,-0.0864323
441,7.98739,0.119052,1,0.39489,0.672668,-0.263801,0.412181,0.743832,-0.456562,0.39489,0.672668,-0.237421,-0.0729207
442,8.0055,0.126584,1,0.455035,0.736133,-0.131097,0.481178,0.835247,-0.32491,0.455035,0.736133,-0.117988,-0.0417577
443,8.02362,0.135487,1,0.512634,0.772778,0.034914,0.552473,0.904949,-0.154858,0.512634,0.772778,0.0314226,0.0125287
444,8.04173,0.14173,1,0.563388,0.763879,0.216469,0.619919,0.933357,0.0481112,0.563388,0.763879,0.194822,0.0853692
445,8.05984,0.146138,1,0.597296,0.693833,0.388736,0.67488,0.901505,0.26658,0.597296,0.693833,0.349862,0.162533
446,8.07795,0.148761,1,0.606522,0.571895,0.535739,0.707596,0.799949,0.471203,0.606522,0.571895,0.482165,0.227456
447,8.09606,0.14451,1,0.588655,0.41838,0.627287,0.709969,0.637311,0.628452,0.588655,0.41838,0.564559,0.258479
448,8.11418,0.135118,1,0.546922,0.255536,0.659323,0.678764,0.440916,0.714298,0.546922,0.255536,0.593391,0.252419
449,8.13229,0.121653,1,0.483182,0.107746,0.639664,0.617264,0.246238,0.724754,0.483182,0.107746,0.575697,0.216352
450,8.1504,0.105877,1,0.406556,-0.0105093,0.581224,0.534149,0.0819738,0.675015,0.406556,-0.0105093,0.523101,0.16541
451,8.16851,0.0886597,1,0.327593,-0.0878125,0.497173,0.440336,-0.0385677,0.589073,0.327593,-0.0878125,0.447456,0.114009
452,8.18662,0.0716965,1,0.249873,-0.135381,0.412264,0.345776,-0.116291,0.488811,0.249873,-0.135381,0.371038,0.0721097
453,8.20474,0.0560173,1,0.179468,-0.162597,0.331272,0.257613,-0.159955,0.38872,0.179468,-0.162597,0.298145,0.041617
454,8.22285,0.0431864,1,0.119505,-0.175022,0.252089,0.179863,-0.180223,0.295964,0.119505,-0.175022,0.22688,0.0210881
455,8.24096,0.0313026,1,0.0693619,-0.178588,0.182972,0.113978,-0.186376,0.212777,0.0693619,-0.178588,0.164675,0.00888391
456,8.25907,0.0215641,1,0.027997,-0.175796,0.121519,0.0596838,-0.185289,0.138864,0.027997,-0.175796,0.109367,0.00238152
457,8.27718,0.0142911,1,-0.00446916,-0.169699,0.0650369,0.0157296,-0.181585,0.0730023,-0.00446916,-0.169699,0.0585332,-0.000203462
458,8.2953,0.00916988,1,-0.0309141,-0.167107,0.0150856,-0.0195783,-0.178165,0.0138693,-0.0309141,-0.167107,0.013577,-0.000326451
459,8.31341,0.00783771,1,-0.0530535,-0.169025,-0.0296537,-0.0480347,-0.176753,-0.0396225,-0.0530535,-0.169025,-0.0266883,0.00110126
460,8.33152,0.0102194,1,-0.0710157,-0.170964,-0.0721527,-0.0713455,-0.178324,-0.0882473,-0.0710157,-0.170964,-0.0649374,0.00358678
461,8.34963,0.0136279,1,-0.0859132,-0.174363,-0.111297,-0.0910387,-0.183407,-0.132489,-0.0859132,-0.174363,-0.100167,0.00669331
462,8.36774,0.0169472,1,-0.0997837,-0.183513,-0.145949,-0.108437,-0.192294,-0.172589,-0.0997837,-0.183513,-0.131355,0.0101944
463,8.38586,0.0198119,1,-0.113052,-0.197169,-0.177302,-0.124663,-0.205167,-0.208587,-0.113052,-0.197169,-0.159572,0.014031
464,8.40397,0.0223716,1,-0.125838,-0.212537,-0.205871,-0.140666,-0.222177,-0.240347,-0.125838,-0.212537,-0.185284,0.0181344
465,8.42208,0.0244399,1,-0.139944,-0.230848,-0.231053,-0.157253,-0.243483,-0.26756,-0.139944,-0.230848,-0.207948,0.0226342
466,8.44019,0.0263064,1,-0.155216,-0.25337,-0.25194,-0.17511,-0.269252,-0.28973,-0.155216,-0.25337,-0.226746,0.0273736
467,8.4583,0.0283085,1,-0.172311,-0.280578,-0.266998,-0.194832,-0.299639,-0.306159,-0.172311,-0.280578,-0.240298,0.0322047
468,8.47642,0.0298126,1,-0.191491,-0.31209,-0.277093,-0.216927,-0.334729,-0.315912,-0.191491,-0.31209,-0.249384,0.0371425
469,8.49453,0.0307334,1,-0.213006,-0.348108,-0.281595,-0.241814,-0.374439,-0.317795,-0.213006,-0.348108,-0.253436,0.041987
470,8.51264,0.0310732,1,-0.238328,-0.38832,-0.27869,-0.269793,-0.418389,-0.310351,-0.238328,-0.38832,-0.250821,0.0464937
471,8.53075,0.0313913,1,-0.266261,-0.433574,-0.265126,-0.301002,-0.465706,-0.2919,-0.266261,-0.433574,-0.238613,0.0494148
472,8.54886,0.0308764,1,-0.297948,-0.481838,-0.241268,-0.335327,-0.514802,-0.260666,-0.297948,-0.481838,-0.217142,0.0503198
473,8.56698,0.0303255,1,-0.332843,-0.530989,-0.202043,-0.372304,-0.563126,-0.215038,-0.332843,-0.530989,-0.181838,0.0470739
474,8.58509,0.0296232,1,-0.370159,-0.577199,-0.1452,-0.410986,-0.606999,-0.154016,-0.370159,-0.577199,-0.13068,0.0376228
475,8.6032,0.0284475,1,-0.408136,-0.615584,-0.0744227,-0.449822,-0.641629,-0.0778463,-0.408136,-0.615584,-0.0669804,0.0212622
476,8.62131,0.0270938,1,-0.44466,-0.640507,0.00992083,-0.486599,-0.66152,0.0112328,-0.44466,-0.640507,0.00892875,-0.00308797
477,8.63942,0.0248282,1,-0.478223,-0.647287,0.103221,-0.518512,-0.661404,0.108397,-0.478223,-0.647287,0.0928986,-0.0345538
478,8.65754,0.0221759,1,-0.50477,-0.632179,0.201047,-0.54244,-0.637653,0.206178,-0.50477,-0.632179,0.180942,-0.0710377
479,8.67565,0.0197922,1,-0.521439,-0.591581,0.291394,-0.555445,-0.589798,0.295341,-0.521439,-0.591581,0.262254,-0.106361
480,8.69376,0.0178661,1,-0.525124,-0.527702,0.365757,-0.555414,-0.521443,0.366729,-0.525124,-0.527702,0.329181,-0.134447
481,8.71187,0.0173507,1,-0.515325,-0.449634,0.424294,-0.541631,-0.439886,0.413517,-0.515325,-0.449634,0.381864,-0.153055
482,8.72998,0.0186206,1,-0.492526,-0.366026,0.45282,-0.515052,-0.354392,0.432885,-0.492526,-0.366026,0.407538,-0.156118
483,8.7481,0.0180793,1,-0.4583,-0.284424,0.44808,-0.478135,-0.273802,0.426301,-0.4583,-0.284424,0.403272,-0.143749
484,8.76621,0.0167868,1,-0.416686,-0.212642,0.420107,-0.434292,-0.204588,0.398415,-0.416686,-0.212642,0.378096,-0.122537
485,8.78432,0.0161506,1,-0.370955,-0.154358,0.377633,-0.387198,-0.15004,0.355272,-0.370955,-0.154358,0.33987,-0.0980594
486,8.80243,0.0182018,1,-0.324419,-0.11366,0.32984,-0.340176,-0.110582,0.302708,-0.324419,-0.11366,0.296856,-0.0749044
487,8.82054,0.0201506,1,-0.280273,-0.0888823,0.276381,-0.295829,-0.084709,0.245418,-0.280273,-0.0888823,0.248743,-0.0542235
488,8.83866,0.0212535,1,-0.241308,-0.0759863,0.219951,-0.255914,-0.0699935,0.186696,-0.241308,-0.0759863,0.197956,-0.037153
489,8.85677,0.0217106,1,-0.20784,-0.0706416,0.163014,-0.221409,-0.0638515,0.128607,-0.20784,-0.0706416,0.146712,-0.0237165
490,8.87488,0.0236792,1,-0.180575,-0.0730112,0.110454,-0.192664,-0.0639925,0.0723142,-0.180575,-0.0730112,0.0994085,-0.0139617
491,8.89299,0.0265426,1,-0.158378,-0.078537,0.0618737,-0.169598,-0.0686108,0.0184097,-0.158378,-0.078537,0.0556863,-0.00685963
492,8.9111,0.0293822,1,-0.140477,-0.0843743,0.0161191,-0.151865,-0.076414,-0.032839,-0.140477,-0.0843743,0.0145072,-0.00158505
493,8.92922,0.0317991,1,-0.127166,-0.0917012,-0.027775,-0.13899,-0.0865694,-0.0813232,-0.127166,-0.0917012,-0.0249975,0.00247242
494,8.94733,0.0327695,1,-0.118038,-0.100935,-0.0716633,-0.130472,-0.0986211,-0.126995,-0.118038,-0.100935,-0.064497,0.00592128
495,8.96544,0.0343588,1,-0.112692,-0.112503,-0.11177,-0.125846,-0.112406,-0.169809,-0.112692,-0.112503,-0.100593,0.00881691
496,8.98355,0.0358682,1,-0.110873,-0.126046,-0.149162,-0.124722,-0.127981,-0.209693,-0.110873,-0.126046,-0.134246,0.0115766
497,9.00166,0.0361426,1,-0.112104,-0.140277,-0.185904,-0.12681,-0.145569,-0.246522,-0.112104,-0.140277,-0.167313,0.0145884
498,9.01978,0.0371091,1,-0.115264,-0.155088,-0.218904,-0.131922,-0.165514,-0.280101,-0.115264,-0.155088,-0.197013,0.0176622
499,9.03789,0.0388915,1,-0.119914,-0.171221,-0.248128,-0.139976,-0.188249,-0.310137,-0.119914,-0.171221,-0.223315,0.0208277
500,9.056,0.0404873,1,-0.126967,-0.18961,-0.275124,-0.150992,-0.214272,-0.336216,-0.126967,-0.18961,-0.247612,0.0244521
501,9.07411,0.042727,1,-0.136782,-0.212123,-0.297322,-0.165078,-0.244114,-0.357759,-0.136782,-0.212123,-0.267589,0.0284678
502,9.09222,0.0451361,1,-0.14981,-0.2389,-0.314852,-0.182419,-0.278299,-0.373981,-0.14981,-0.2389,-0.283367,0.0330177
503,9.11034,0.0475055,1,-0.166187,-0.270407,-0.327279,-0.203257,-0.317285,-0.383836,-0.166187,-0.270407,-0.294551,0.0380728
504,9.12845,0.050047,1,-0.185386,-0.305863,-0.334679,-0.227859,-0.361366,-0.385959,-0.185386,-0.305863,-0.301211,0.0434314
505,9.14656,0.0525073,1,-0.207982,-0.346121,-0.336534,-0.256471,-0.410522,-0.378634,-0.207982,-0.346121,-0.302881,0.0489952
506,9.16467,0.0552536,1,-0.233808,-0.391593,-0.331271,-0.289245,-0.464207,-0.359783,-0.233808,-0.391593,-0.298144,0.0542177
507,9.18278,0.0590426,1,-0.263271,-0.441231,-0.315416,-0.326134,-0.521048,-0.327061,-0.263271,-0.441231,-0.283875,0.0581281
508,9.2009,0.0629946,1,-0.297258,-0.494802,-0.286478,-0.366746,-0.578505,-0.278099,-0.297258,-0.494802,-0.25783,0.0596105
509,9.21901,0.0669414,1,-0.335649,-0.549635,-0.242917,-0.410164,-0.632535,-0.211002,-0.335649,-0.549635,-0.218625,0.0570744
510,9.23712,0.0705561,1,-0.3762,-0.602034,-0.180618,-0.454749,-0.677451,-0.125149,-0.3762,-0.602034,-0.162556,0.0475638
511,9.25523,0.0729212,1,-0.418513,-0.647146,-0.100645,-0.497995,-0.706235,-0.0222638,-0.418513,-0.647146,-0.0905809,0.029485
512,9.27334,0.0731136,1,-0.459816,-0.678307,-0.00254855,-0.536528,-0.711601,0.0925489,-0.459816,-0.678307,-0.00229369,0.000820304
513,9.29146,0.0701807,1,-0.49714,-0.686803,0.11047,-0.566389,-0.687914,0.210366,-0.49714,-0.686803,0.0994228,-0.0384433
514,9.30957,0.0658021,1,-0.526115,-0.665004,0.226124,-0.583651,-0.633506,0.31933,-0.526115,-0.665004,0.203512,-0.0832771
515,9.32768,0.0607053,1,-0.54427,-0.612639,0.331387,-0.585312,-0.552351,0.407125,-0.54427,-0.612639,0.298248,-0.126255
516,9.34579,0.056079,1,-0.547145,-0.535218,0.416566,-0.570165,-0.45385,0.464356,-0.547145,-0.535218,0.374909,-0.159545
517,9.3639,0.0527705,1,-0.533494,-0.440381,0.472199,-0.539255,-0.350403,0.4872,-0.533494,-0.440381,0.424979,-0.176341
518,9.38202,0.0517939,1,-0.504584,-0.341479,0.494827,-0.495684,-0.253827,0.477922,-0.504584,-0.341479,0.445344,-0.174777
519,9.40013,0.0521075,1,-0.462778,-0.250366,0.484554,-0.443835,-0.172437,0.443156,-0.462778,-0.250366,0.436098,-0.156968
520,9.41824,0.0519886,1,-0.413427,-0.174017,0.449309,-0.38838,-0.109977,0.391171,-0.413427,-0.174017,0.404378,-0.13003
521,9.43635,0.0510031,1,-0.361362,-0.11548,0.397407,-0.333437,-0.0662828,0.329556,-0.361362,-0.11548,0.357667,-0.100525
522,9.45446,0.0506922,1,-0.309586,-0.0770659,0.33811,-0.282098,-0.0387758,0.264033,-0.309586,-0.0770659,0.304299,-0.0732718
523,9.47258,0.0504081,1,-0.261042,-0.0525254,0.276994,-0.236319,-0.0239245,0.198294,-0.261042,-0.0525254,0.249294,-0.0506148
524,9.49069,0.0498081,1,-0.218473,-0.0394025,0.21524,-0.197054,-0.0182455,0.134393,-0.218473,-0.0394025,0.193716,-0.0329168
525,9.5088,0.0499076,1,-0.181973,-0.0344956,0.156488,-0.164501,-0.0188127,0.0732946,-0.181973,-0.0344956,0.140839,-0.0199336
526,9.52691,0.0502854,1,-0.152664,-0.0362698,0.100276,-0.138358,-0.0234161,0.0153288,-0.152664,-0.0362698,0.0902481,-0.0107159
527,9.54502,0.0504817,1,-0.129199,-0.0422542,0.0464384,-0.118042,-0.0305268,-0.0394871,-0.129199,-0.0422542,0.0417946,-0.00419985
528,9.56314,0.0510551,1,-0.110908,-0.0504245,-0.00392137,-0.102853,-0.0391824,-0.0912633,-0.110908,-0.0504245,-0.00352923,0.000304436
529,9.58125,0.0520043,1,-0.0968935,-0.0581576,-0.0506764,-0.0920866,-0.0488563,-0.14014,-0.0968935,-0.0581576,-0.0456087,0.00343715
530,9.59936,0.052924,1,-0.0867737,-0.0649258,-0.0947613,-0.0851028,-0.0593411,-0.186243,-0.0867737,-0.0649258,-0.0852851,0.00575595
531,9.61747,0.0530514,1,-0.0803388,-0.072475,-0.137802,-0.0813616,-0.0706565,-0.229666,-0.0803388,-0.072475,-0.124022,0.00774959
532,9.63558,0.0543433,1,-0.0764722,-0.081768,-0.176431,-0.0804407,-0.0829835,-0.270465,-0.0764722,-0.081768,-0.158788,0.00944445
533,9.6537,0.0548965,1,-0.0751318,-0.0930333,-0.213886,-0.0820385,-0.0966195,-0.30865,-0.0751318,-0.0930333,-0.192497,0.0112487
534,9.67181,0.0565393,1,-0.0755779,-0.104406,-0.2471,-0.0859708,-0.111952,-0.344184,-0.0755779,-0.104406,-0.22239,0.0130727
535,9.68992,0.0580344,1,-0.0781913,-0.116209,-0.278304,-0.0921642,-0.129444,-0.376963,-0.0781913,-0.116209,-0.250474,0.0152327
536,9.70803,0.0593324,1,-0.0828444,-0.129658,-0.307583,-0.100649,-0.14963,-0.406806,-0.0828444,-0.129658,-0.276825,0.0178371
537,9.72614,0.0600824,1,-0.0900177,-0.146254,-0.335215,-0.111554,-0.173111,-0.433422,-0.0900177,-0.146254,-0.301693,0.0211227
538,9.74426,0.0609224,1,-0.099122,-0.165713,-0.36022,-0.1251,-0.200556,-0.456375,-0.099122,-0.165713,-0.324198,0.024994
539,9.76237,0.0622712,1,-0.110296,-0.188484,-0.381761,-0.141592,-0.232687,-0.475033,-0.110296,-0.188484,-0.343585,0.0294748
540,9.78048,0.0643173,1,-0.123746,-0.213643,-0.400261,-0.161417,-0.270253,-0.488502,-0.123746,-0.213643,-0.360235,0.0346715
541,9.79859,0.067257,1,-0.139196,-0.243066,-0.415275,-0.185025,-0.313974,-0.495538,-0.139196,-0.243066,-0.373747,0.0404632
542,9.8167,0.0714791,1,-0.157646,-0.277125,-0.426246,-0.212901,-0.364428,-0.494458,-0.157646,-0.277125,-0.383622,0.0470373
543,9.83482,0.0778498,1,-0.179422,-0.316238,-0.431517,-0.245525,-0.421868,-0.483039,-0.179422,-0.316238,-0.388365,0.0541967
544,9.85293,0.0863803,1,-0.204919,-0.361803,-0.429491,-0.283279,-0.48592,-0.458461,-0.204919,-0.361803,-0.386542,0.0616076
545,9.87104,0.097582,1,-0.234696,-0.413118,-0.417007,-0.326317,-0.555147,-0.417359,-0.234696,-0.413118,-0.375306,0.0685088
546,9.88915,0.110058,1,-0.269159,-0.471536,-0.391701,-0.37436,-0.626465,-0.356097,-0.269159,-0.471536,-0.352531,0.0738009
547,9.90726,0.123373,1,-0.308706,-0.535384,-0.351937,-0.426418,-0.694531,-0.271445,-0.308706,-0.535384,-0.316743,0.0760516
548,9.92538,0.137056,1,-0.352412,-0.60077,-0.293308,-0.480464,-0.751334,-0.161832,-0.352412,-0.60077,-0.263977,0.0723556
549,9.94349,0.148666,1,-0.400223,-0.663924,-0.212453,-0.533152,-0.78653,-0.0291433,-0.400223,-0.663924,-0.191208,0.05952
550,9.9616,0.156164,1,-0.45034,-0.717422,-0.10705,-0.579771,-0.789125,0.119374,-0.45034,-0.717422,-0.0963446,0.0337461
551,9.97971,0.159055,1,-0.499263,-0.749159,0.0201054,-0.614661,-0.750805,0.270259,-0.499263,-0.749159,0.0180949,-0.00702652
552,9.99782,0.156592,1,-0.541023,-0.745955,0.161621,-0.63226,-0.670063,0.405505,-0.541023,-0.745955,0.145459,-0.0612086
553,10.0159,0.150929,1,-0.572117,-0.70554,0.301265,-0.628615,-0.554849,0.507272,-0.572117,-0.70554,0.271139,-0.120651
554,10.034,0.143794,1,-0.586614,-0.624899,0.421268,-0.602753,-0.421341,0.563865,-0.586614,-0.624899,0.379141,-0.172985
555,10.0522,0.135759,1,-0.580916,-0.513833,0.509931,-0.557183,-0.2887,0.573517,-0.580916,-0.513833,0.458937,-0.207359
556,10.0703,0.130214,1,-0.554498,-0.390427,0.557783,-0.497204,-0.172749,0.543627,-0.554498,-0.390427,0.502004,-0.216502
557,10.0884,0.125812,1,-0.509917,-0.269708,0.562775,-0.429382,-0.0821625,0.486443,-0.509917,-0.269708,0.506498,-0.200878
558,10.1065,0.120905,1,-0.452978,-0.166225,0.529856,-0.359967,-0.0184197,0.414285,-0.452978,-0.166225,0.476871,-0.168009
559,10.1246,0.115393,1,-0.390238,-0.087378,0.473483,-0.293852,0.0218306,0.336626,-0.390238,-0.087378,0.426134,-0.12934
560,10.1427,0.108826,1,-0.326954,-0.034651,0.403399,-0.234204,0.0440049,0.259385,-0.326954,-0.034651,0.363059,-0.092325
561,10.1608,0.103256,1,-0.266632,-0.000555413,0.333858,-0.182604,0.0536137,0.185567,-0.266632,-0.000555413,0.300472,-0.0623119
562,10.1789,0.096661,1,-0.21222,0.0186442,0.262538,-0.13942,0.0552799,0.116291,-0.21222,0.0186442,0.236284,-0.039001
563,10.1971,0.0923465,1,-0.166779,0.0262037,0.196514,-0.104226,0.0524624,0.0516653,-0.166779,0.0262037,0.176863,-0.0229422
564,10.2152,0.0889739,1,-0.127951,0.0264126,0.134957,-0.0761482,0.0475452,-0.00863607,-0.127951,0.0264126,0.121461,-0.0120875
565,10.2333,0.0867247,1,-0.0962193,0.0231009,0.0778814,-0.0541226,0.0420588,-0.0650591,-0.0962193,0.0231009,0.0700933,-0.00524559
566,10.2514,0.0842136,1,-0.0723059,0.0172235,0.0221358,-0.0370621,0.0369148,-0.118028,-0.0723059,0.0172235,0.0199222,-0.00112038
567,10.2695,0.0835857,1,-0.0538031,0.0112447,-0.027855,-0.0239536,0.0326055,-0.167899,-0.0538031,0.0112447,-0.0250695,0.00104908
568,10.2876,0.0831873,1,-0.0386206,0.00808808,-0.0746116,-0.0139049,0.029357,-0.214958,-0.0386206,0.00808808,-0.0671504,0.00201708
569,10.3057,0.0821062,1,-0.0265841,0.00705912,-0.120146,-0.0061609,0.0272396,-0.25943,-0.0265841,0.00705912,-0.108132,0.00223579
570,10.3238,0.0812468,1,-0.0174366,0.00640149,-0.163262,-9.88322e-05,0.0262441,-0.301497,-0.0174366,0.00640149,-0.146936,0.00199272
571,10.342,0.0812059,1,-0.0100066,0.00498643,-0.203076,0.00478607,0.0263318,-0.34131,-0.0100066,0.00498643,-0.182768,0.00142246
572,10.3601,0.0818747,1,-0.00396122,0.00512689,-0.239548,0.00889992,0.0274664,-0.378996,-0.00396122,0.00512689,-0.215593,0.00066423
573,10.3782,0.0830894,1,0.00122551,0.00705364,-0.272988,0.0125705,0.0296343,-0.414667,0.00122551,0.00705364,-0.245689,-0.000234184
574,10.3963,0.0832952,1,0.0067681,0.0114477,-0.306046,0.0160669,0.0328561,-0.448417,0.0067681,0.0114477,-0.275441,-0.00144994
575,10.4144,0.0821901,1,0.011418,0.017117,-0.339634,0.0196169,0.0371954,-0.480329,0.011418,0.017117,-0.30567,-0.00271455
576,10.4325,0.0810539,1,0.0165579,0.0250005,-0.371381,0.023423,0.0427644,-0.510473,0.0165579,0.0250005,-0.334243,-0.00430451
577,10.4506,0.0803181,1,0.0223889,0.0342919,-0.400744,0.0276766,0.0497298,-0.538899,0.0223889,0.0342919,-0.36067,-0.00628055
578,10.4687,0.0795894,1,0.029178,0.0456183,-0.428414,0.0325699,0.0583202,-0.565639,0.029178,0.0456183,-0.385573,-0.00875019
579,10.4868,0.0795695,1,0.0367236,0.0585425,-0.453272,0.0383085,0.0688342,-0.590696,0.0367236,0.0585425,-0.407945,-0.011652
580,10.505,0.0802473,1,0.0455334,0.0750522,-0.475203,0.045122,0.0816515,-0.614038,0.0455334,0.0750522,-0.427683,-0.0151463
581,10.5231,0.0814236,1,0.0564021,0.0954106,-0.494596,0.053276,0.0972461,-0.635579,0.0564021,0.0954106,-0.445136,-0.0195273
582,10.5412,0.0833558,1,0.0694541,0.119731,-0.510966,0.0630837,0.116202,-0.655159,0.0694541,0.119731,-0.45987,-0.0248421
583,10.5593,0.0865924,1,0.0847754,0.148873,-0.523166,0.0749192,0.139228,-0.672513,0.0847754,0.148873,-0.470849,-0.0310461
584,10.5774,0.0911362,1,0.102865,0.183348,-0.530791,0.0892301,0.167176,-0.68722,0.102865,0.183348,-0.477712,-0.0382199
585,10.5955,0.0967886,1,0.124047,0.224201,-0.533527,0.106552,0.201049,-0.698639,0.124047,0.224201,-0.480174,-0.0463276
586,10.6136,0.104025,1,0.149334,0.272392,-0.529559,0.127517,0.241992,-0.705807,0.149334,0.272392,-0.476603,-0.0553569
587,10.6317,0.113309,1,0.179795,0.328975,-0.516601,0.152864,0.291259,-0.707307,0.179795,0.328975,-0.464941,-0.0650176
588,10.6499,0.123653,1,0.215663,0.394668,-0.49409,0.183427,0.35011,-0.701081,0.215663,0.394668,-0.444681,-0.0745898
589,10.668,0.135389,1,0.257981,0.469708,-0.458283,0.220101,0.419598,-0.684213,0.257981,0.469708,-0.412455,-0.0827598
590,10.6861,0.150329,1,0.306838,0.548554,-0.400494,0.263762,0.50017,-0.652684,0.306838,0.548554,-0.360445,-0.0860208
591,10.7042,0.167767,1,0.361473,0.627193,-0.316653,0.3151,0.590984,-0.601216,0.361473,0.627193,-0.284988,-0.0801232
592,10.7223,0.187183,1,0.4208,0.698484,-0.202676,0.374327,0.688838,-0.523394,0.4208,0.698484,-0.182409,-0.0597004
593,10.7404,0.20601,1,0.47937,0.750841,-0.0595608,0.440703,0.786752,-0.412457,0.47937,0.750841,-0.0536047,-0.0199861
594,10.7585,0.225913,1,0.532738,0.769046,0.113464,0.511888,0.872561,-0.263311,0.532738,0.769046,0.102118,0.0423126
595,10.7766,0.239301,1,0.577276,0.737473,0.29159,0.583235,0.928588,-0.0761514,0.577276,0.737473,0.262431,0.11783
596,10.7948,0.248892,1,0.602366,0.645,0.455373,0.647383,0.934195,0.138857,0.602366,0.645,0.409836,0.192011
597,10.8129,0.249383,1,0.601524,0.511522,0.576222,0.694807,0.872747,0.358529,0.601524,0.511522,0.5186,0.242628
598,10.831,0.243992,1,0.572573,0.354457,0.640738,0.715849,0.741462,0.549661,0.572573,0.354457,0.576665,0.256809
599,10.8491,0.233746,1,0.52137,0.197645,0.650702,0.703965,0.557779,0.680276,0.52137,0.197645,0.585631,0.237479
600,10.8672,0.218669,1,0.452093,0.0622395,0.610913,0.658602,0.355007,0.733751,0.452093,0.0622395,0.549822,0.193333
601,10.8853,0.198901,1,0.374218,-0.0390868,0.539233,0.585741,0.168165,0.715272,0.374218,-0.0390868,0.48531,0.141254
602,10.9034,0.173605,1,0.297253,-0.102113,0.455899,0.495644,0.0202587,0.645852,0.297253,-0.102113,0.410309,0.0948621
603,10.9215,0.147815,1,0.223975,-0.139652,0.372785,0.399341,-0.0820683,0.550207,0.223975,-0.139652,0.335506,0.0584461
604,10.9396,0.123117,1,0.159567,-0.159412,0.293261,0.305846,-0.144169,0.447673,0.159567,-0.159412,0.263935,0.0327563
605,10.9578,0.100537,1,0.104795,-0.16706,0.220155,0.220998,-0.176476,0.349505,0.104795,-0.16706,0.19814,0.0161499
606,10.9759,0.0811281,1,0.0571826,-0.169978,0.154651,0.147624,-0.189515,0.260405,0.0571826,-0.169978,0.139185,0.00619033
607,10.994,0.0645004,1,0.0190244,-0.167634,0.095322,0.0863124,-0.191691,0.181197,0.0190244,-0.167634,0.0857898,0.00126941
608,11.0121,0.0498018,1,-0.0106702,-0.165054,0.0426408,0.0362561,-0.188918,0.110971,-0.0106702,-0.165054,0.0383767,-0.00031849
609,11.0302,0.0371066,1,-0.0351831,-0.164626,-0.00406631,-0.00407412,-0.185032,0.0483411,-0.0351831,-0.164626,-0.00365968,0.000100146
610,11.0483,0.0270558,1,-0.0560457,-0.166035,-0.0472935,-0.0364774,-0.182374,-0.00797196,-0.0560457,-0.166035,-0.0425642,0.00185542
611,11.0664,0.0193387,1,-0.0735623,-0.16946,-0.0879301,-0.0627517,-0.182296,-0.0589417,-0.0735623,-0.16946,-0.0791371,0.00452784
612,11.0845,0.0134581,1,-0.0880885,-0.175432,-0.125922,-0.0845526,-0.185544,-0.105219,-0.0880885,-0.175432,-0.11333,0.0077646
613,11.1027,0.00788212,1,-0.102165,-0.185933,-0.159079,-0.103335,-0.192519,-0.147178,-0.102165,-0.185933,-0.143171,0.0113767
614,11.1208,0.00458665,1,-0.115689,-0.198719,-0.189332,-0.120345,-0.203443,-0.184959,-0.115689,-0.198719,-0.170399,0.0153326
615,11.1389,0.00540921,1,-0.128644,-0.214205,-0.21611,-0.136633,-0.218468,-0.218512,-0.128644,-0.214205,-0.194499,0.0194608
616,11.157,0.00803052,1,-0.143021,-0.233523,-0.238982,-0.153088,-0.237733,-0.247607,-0.143021,-0.233523,-0.215083,0.0239256
617,11.1751,0.0108916,1,-0.158541,-0.25696,-0.257897,-0.17046,-0.26138,-0.271836,-0.158541,-0.25696,-0.232107,0.0286211
618,11.1932,0.0139613,1,-0.175332,-0.284677,-0.271531,-0.189392,-0.289546,-0.290593,-0.175332,-0.284677,-0.244378,0.0333256
619,11.2113,0.016771,1,-0.194849,-0.317571,-0.279003,-0.210428,-0.322319,-0.303056,-0.194849,-0.317571,-0.251102,0.0380543
620,11.2294,0.0186329,1,-0.217183,-0.354667,-0.281083,-0.234022,-0.359663,-0.308158,-0.217183,-0.354667,-0.252975,0.0427326
621,11.2476,0.0200317,1,-0.242645,-0.395894,-0.275339,-0.260517,-0.401299,-0.304583,-0.242645,-0.395894,-0.247805,0.0467667
622,11.2657,0.0211735,1,-0.271405,-0.441838,-0.259589,-0.290108,-0.446541,-0.290781,-0.271405,-0.441838,-0.23363,0.0493175
623,11.2838,0.0221416,1,-0.30406,-0.490246,-0.23182,-0.322779,-0.494095,-0.26507,-0.30406,-0.490246,-0.208638,0.049341
624,11.3019,0.0241882,1,-0.33965,-0.538889,-0.18838,-0.358204,-0.541828,-0.225828,-0.33965,-0.538889,-0.169542,0.0447883
625,11.32,0.0269078,1,-0.377561,-0.583814,-0.128993,-0.395636,-0.586573,-0.171862,-0.377561,-0.583814,-0.116094,0.0340918
626,11.3381,0.0293583,1,-0.415684,-0.620242,-0.0555844,-0.433788,-0.624077,-0.102948,-0.415684,-0.620242,-0.050026,0.0161739
627,11.3562,0.0314929,1,-0.451537,-0.641112,0.0298892,-0.470746,-0.649243,-0.0205123,-0.451537,-0.641112,0.0269003,-0.00944727
628,11.3743,0.0328991,1,-0.48352,-0.644016,0.123335,-0.503995,-0.656824,0.0717233,-0.48352,-0.644016,0.111002,-0.0417445
629,11.3924,0.0347161,1,-0.507995,-0.623566,0.219829,-0.530598,-0.642622,0.167469,-0.507995,-0.623566,0.197846,-0.0781706
630,11.4106,0.0351915,1,-0.521895,-0.578108,0.306665,-0.547605,-0.604935,0.258347,-0.521895,-0.578108,0.275998,-0.112033
631,11.4287,0.0357739,1,-0.523045,-0.512135,0.378185,-0.552622,-0.545705,0.335319,-0.523045,-0.512135,0.340367,-0.138466
632,11.4468,0.0379029,1,-0.510614,-0.433161,0.432718,-0.544402,-0.470674,0.390753,-0.510614,-0.433161,0.389446,-0.154666
633,11.4649,0.0364781,1,-0.485766,-0.35028,0.454225,-0.52324,-0.3882,0.420316,-0.485766,-0.35028,0.408803,-0.154453
634,11.483,0.0338828,1,-0.449907,-0.270478,0.44412,-0.490971,-0.307152,0.4238,-0.449907,-0.270478,0.399708,-0.139869
635,11.5011,0.0318743,1,-0.407683,-0.201402,0.41414,-0.450586,-0.234802,0.404563,-0.407683,-0.201402,0.372726,-0.118186
636,11.5192,0.0302111,1,-0.361897,-0.146885,0.370168,-0.405592,-0.175594,0.368009,-0.361897,-0.146885,0.333151,-0.093774
637,11.5373,0.028162,1,-0.315793,-0.109277,0.322235,-0.35939,-0.131033,0.319942,-0.315793,-0.109277,0.290012,-0.0712317
638,11.5555,0.025653,1,-0.272652,-0.0866401,0.268223,-0.314811,-0.100382,0.265391,-0.272652,-0.0866401,0.241401,-0.0511922
639,11.5736,0.0228878,1,-0.234979,-0.075151,0.211899,-0.273906,-0.0816264,0.208113,-0.234979,-0.075151,0.190709,-0.0348542
640,11.5917,0.0206515,1,-0.202609,-0.0709215,0.156026,-0.237937,-0.0723125,0.150602,-0.202609,-0.0709215,0.140423,-0.0221286
641,11.6098,0.0192249,1,-0.176229,-0.0738357,0.105175,-0.207499,-0.0701043,0.0943553,-0.176229,-0.0738357,0.0946579,-0.0129745
642,11.6279,0.0193199,1,-0.154493,-0.0785985,0.0573437,-0.182687,-0.073064,0.0401899,-0.154493,-0.0785985,0.0516094,-0.00620145
643,11.646,0.0205456,1,-0.137165,-0.0835284,0.0123957,-0.163276,-0.0797417,-0.0114847,-0.137165,-0.0835284,0.0111561,-0.00119018
644,11.6641,0.0219959,1,-0.124349,-0.0907179,-0.0313541,-0.148862,-0.0891546,-0.0604774,-0.124349,-0.0907179,-0.0282187,0.0027292
645,11.6822,0.0226474,1,-0.115686,-0.0998982,-0.0751391,-0.138974,-0.100719,-0.106694,-0.115686,-0.0998982,-0.0676252,0.00608478
646,11.7004,0.0241506,1,-0.11049,-0.111097,-0.115042,-0.133154,-0.114168,-0.150065,-0.11049,-0.111097,-0.103537,0.00889765
647,11.7185,0.0252702,1,-0.108901,-0.124413,-0.153067,-0.131,-0.12948,-0.190506,-0.108901,-0.124413,-0.13776,0.0116684
648,11.7366,0.0258549,1,-0.110044,-0.138019,-0.189976,-0.132198,-0.146816,-0.227887,-0.110044,-0.138019,-0.170979,0.014634
649,11.7547,0.0274939,1,-0.113064,-0.152449,-0.223021,-0.136533,-0.166472,-0.262012,-0.113064,-0.152449,-0.200719,0.0176509
650,11.7728,0.0302762,1,-0.117514,-0.168096,-0.2523,-0.143893,-0.188844,-0.292594,-0.117514,-0.168096,-0.22707,0.0207542
651,11.7909,0.03311,1,-0.124471,-0.186055,-0.279254,-0.154264,-0.214394,-0.31923,-0.124471,-0.186055,-0.251328,0.0243313
652,11.809,0.0361637,1,-0.134203,-0.208411,-0.301862,-0.167724,-0.243622,-0.341359,-0.134203,-0.208411,-0.271676,0.0283576
653,11.8271,0.0393915,1,-0.147085,-0.234944,-0.319623,-0.184425,-0.277022,-0.358227,-0.147085,-0.234944,-0.287661,0.0329082
654,11.8452,0.0425502,1,-0.163164,-0.266232,-0.332283,-0.204579,-0.315025,-0.36883,-0.163164,-0.266232,-0.299055,0.0379517
655,11.8634,0.0460071,1,-0.182104,-0.301372,-0.34011,-0.228423,-0.357903,-0.371871,-0.182104,-0.301372,-0.306099,0.0433548
656,11.8815,0.0494342,1,-0.204405,-0.341404,-0.342794,-0.256175,-0.405634,-0.365719,-0.204405,-0.341404,-0.308514,0.0490481
657,11.8996,0.0530706,1,-0.23006,-0.387007,-0.338444,-0.287967,-0.457695,-0.348411,-0.23006,-0.387007,-0.3046,0.0545036
658,11.9177,0.057651,1,-0.259331,-0.436729,-0.323744,-0.323744,-0.512793,-0.317736,-0.259331,-0.436729,-0.29137,0.0587697
659,11.9358,0.0618459,1,-0.293262,-0.490934,-0.295339,-0.363131,-0.568543,-0.271463,-0.293262,-0.490934,-0.265805,0.0606281
660,11.9539,0.0657328,1,-0.331752,-0.546878,-0.252968,-0.405259,-0.621164,-0.207795,-0.331752,-0.546878,-0.227672,0.058746
661,11.972,0.0689089,1,-0.372752,-0.600795,-0.191889,-0.44859,-0.665344,-0.126107,-0.372752,-0.600795,-0.172701,0.050069
662,11.9901,0.0706201,1,-0.415609,-0.648182,-0.11257,-0.490773,-0.694503,-0.0279159,-0.415609,-0.648182,-0.101313,0.0327497
663,12.0083,0.0700187,1,-0.458001,-0.682058,-0.0144483,-0.528641,-0.701749,0.0821443,-0.458001,-0.682058,-0.0130035,0.00463213
664,12.0264,0.0664529,1,-0.496477,-0.69334,0.0996018,-0.558452,-0.681593,0.195878,-0.496477,-0.69334,0.0896416,-0.034615
665,12.0445,0.0613049,1,-0.527069,-0.674409,0.218301,-0.57645,-0.632091,0.302239,-0.527069,-0.674409,0.196471,-0.0805419
666,12.0626,0.0561704,1,-0.546677,-0.623137,0.326807,-0.579676,-0.556471,0.389513,-0.546677,-0.623137,0.294126,-0.12506
667,12.0807,0.0521307,1,-0.551144,-0.54595,0.416011,-0.566794,-0.463129,0.448393,-0.551144,-0.54595,0.37441,-0.160497
668,12.0988,0.0497982,1,-0.538584,-0.449827,0.475447,-0.538566,-0.363578,0.474574,-0.538584,-0.449827,0.427903,-0.179248
669,12.1169,0.0499064,1,-0.510316,-0.348584,0.501266,-0.497739,-0.269191,0.469478,-0.510316,-0.348584,0.451139,-0.179063
670,12.135,0.0505457,1,-0.468509,-0.254483,0.492636,-0.448377,-0.188365,0.438899,-0.468509,-0.254483,0.443372,-0.161563
671,12.1532,0.0505106,1,-0.418619,-0.175462,0.458166,-0.394941,-0.125276,0.390529,-0.418619,-0.175462,0.412349,-0.134258
672,12.1713,0.049201,1,-0.36557,-0.114715,0.405861,-0.341468,-0.0802999,0.33172,-0.36557,-0.114715,0.365275,-0.103859
673,12.1894,0.0484552,1,-0.312809,-0.0744954,0.345889,-0.291076,-0.0513172,0.268209,-0.312809,-0.0744954,0.3113,-0.075738
674,12.2075,0.0480098,1,-0.263019,-0.048778,0.284034,-0.245812,-0.0351046,0.203835,-0.263019,-0.048778,0.25563,-0.0522943
675,12.2256,0.0471532,1,-0.21927,-0.0348991,0.221272,-0.206746,-0.0283422,0.140833,-0.21927,-0.0348991,0.199145,-0.0339628
676,12.2437,0.047309,1,-0.181678,-0.0293104,0.161911,-0.174192,-0.0281648,0.0803202,-0.181678,-0.0293104,0.14572,-0.020591
677,12.2618,0.0475456,1,-0.151339,-0.0307174,0.105013,-0.147944,-0.032363,0.0227483,-0.151339,-0.0307174,0.0945119,-0.0111248
678,12.2799,0.0475721,1,-0.127051,-0.0363598,0.050558,-0.127499,-0.0393812,-0.0317825,-0.127051,-0.0363598,0.0455022,-0.00449641
679,12.298,0.0480052,1,-0.108154,-0.0444792,-0.000361687,-0.112214,-0.0482227,-0.0833255,-0.108154,-0.0444792,-0.000325519,2.73827e-05
680,12.3162,0.0491235,1,-0.093562,-0.0521121,-0.0474888,-0.101427,-0.0583302,-0.13198,-0.093562,-0.0521121,-0.0427399,0.0031102
681,12.3343,0.0505383,1,-0.0828596,-0.0585267,-0.0917813,-0.0945258,-0.0694744,-0.177842,-0.0828596,-0.0585267,-0.0826032,0.00532347
682,12.3524,0.050911,1,-0.0759236,-0.0654406,-0.13562,-0.090992,-0.0816633,-0.220976,-0.0759236,-0.0654406,-0.122058,0.00720774
683,12.3705,0.0524548,1,-0.0714393,-0.0739123,-0.175115,-0.0904189,-0.0950759,-0.261407,-0.0714393,-0.0739123,-0.157604,0.00875707
684,12.3886,0.053469,1,-0.069434,-0.0842649,-0.213204,-0.0925188,-0.110017,-0.299115,-0.069434,-0.0842649,-0.191884,0.0103625
685,12.4067,0.0560703,1,-0.0691454,-0.0943974,-0.246877,-0.0971201,-0.126887,-0.334018,-0.0691454,-0.0943974,-0.22219,0.0119493
686,12.4248,0.0587602,1,-0.0709787,-0.105183,-0.278914,-0.104163,-0.146167,-0.365962,-0.0709787,-0.105183,-0.251022,0.0138579
687,12.4429,0.0618744,1,-0.0746834,-0.11713,-0.309057,-0.113693,-0.16841,-0.394695,-0.0746834,-0.11713,-0.278151,0.016157
688,12.4611,0.0650104,1,-0.0806663,-0.131499,-0.337974,-0.125853,-0.194231,-0.419839,-0.0806663,-0.131499,-0.304176,0.0190842
689,12.4792,0.06906,1,-0.0884733,-0.148766,-0.364315,-0.140876,-0.224299,-0.440843,-0.0884733,-0.148766,-0.327884,0.0225625
690,12.4973,0.074334,1,-0.0983546,-0.168965,-0.388177,-0.159079,-0.259311,-0.456928,-0.0983546,-0.168965,-0.349359,0.0267253
691,12.5154,0.0818973,1,-0.110092,-0.191654,-0.408807,-0.180846,-0.299946,-0.467015,-0.110092,-0.191654,-0.367926,0.0315043
692,12.5335,0.0917943,1,-0.123731,-0.218033,-0.426801,-0.206606,-0.346777,-0.46964,-0.123731,-0.218033,-0.384121,0.036966
693,12.5516,0.104493,1,-0.140049,-0.248778,-0.440668,-0.236794,-0.400118,-0.462874,-0.140049,-0.248778,-0.396601,0.0432007
694,12.5697,0.120392,1,-0.159419,-0.284192,-0.449278,-0.271779,-0.459785,-0.444257,-0.159419,-0.284192,-0.40435,0.0501363
695,12.5878,0.139177,1,-0.182078,-0.325729,-0.451943,-0.311757,-0.524733,-0.410817,-0.182078,-0.325729,-0.406749,0.0576021
696,12.606,0.160948,1,-0.20884,-0.372894,-0.446575,-0.356582,-0.592577,-0.35926,-0.20884,-0.372894,-0.401918,0.0652838
697,12.6241,0.183952,1,-0.2403,-0.427613,-0.430193,-0.405531,-0.659031,-0.286461,-0.2403,-0.427613,-0.387174,0.0723626
698,12.6422,0.207095,1,-0.276859,-0.489412,-0.400641,-0.457022,-0.717481,-0.190425,-0.276859,-0.489412,-0.360577,0.0776447
699,12.6603,0.229258,1,-0.318479,-0.555623,-0.355052,-0.508338,-0.759029,-0.0717544,-0.318479,-0.555623,-0.319547,0.0791536
700,12.6784,0.247788,1,-0.364334,-0.623659,-0.289178,-0.555504,-0.773569,0.0646265,-0.364334,-0.623659,-0.26026,0.0737502
701,12.6965,0.260014,0,-0.414332,-0.687797,-0.199836,-0.593505,-0.752272,0.208284,-0.414332,-0.687797,-0.179852,0.0579589
702,12.7146,0.263543,0,-0.4663,-0.73965,-0.0842538,-0.617032,-0.691148,0.343872,-0.4663,-0.73965,-0.0758284,0.0275013
703,12.7327,0.259456,0,-0.515406,-0.765028,0.0525894,-0.621726,-0.594115,0.454382,-0.515406,-0.765028,0.0473305,-0.0189734
704,12.7508,0.248859,1,-0.556638,-0.751791,0.200913,-0.605528,-0.473362,0.526303,-0.556638,-0.751791,0.180821,-0.078285
705,12.769,0.237742,1,-0.584959,-0.698915,0.342577,-0.569489,-0.345938,0.554075,-0.584959,-0.698915,0.30832,-0.140276
706,12.7871,0.226751,1,-0.594963,-0.604666,0.460414,-0.517576,-0.228175,0.541124,-0.594963,-0.604666,0.414373,-0.191751
707,12.8052,0.217526,1,-0.582676,-0.482997,0.541412,-0.455549,-0.131099,0.497143,-0.582676,-0.482997,0.48727,-0.220827
708,12.8233,0.210315,1,-0.549605,-0.352739,0.577791,-0.389486,-0.0589565,0.433738,-0.549605,-0.352739,0.520012,-0.22229
709,12.8414,0.201928,1,-0.498728,-0.23083,0.569463,-0.324588,-0.0105289,0.360973,-0.498728,-0.23083,0.512516,-0.198805
710,12.8595,0.191447,1,-0.437185,-0.130319,0.526781,-0.264574,0.0184193,0.285869,-0.437185,-0.130319,0.474102,-0.161211
711,12.8776,0.179333,1,-0.371489,-0.0575663,0.462925,-0.211613,0.032998,0.212487,-0.371489,-0.0575663,0.416632,-0.12038
712,12.8957,0.166187,1,-0.306691,-0.0103753,0.389488,-0.166581,0.0378918,0.14272,-0.306691,-0.0103753,0.350539,-0.0836167
713,12.9139,0.154285,1,-0.245824,0.0190002,0.317053,-0.129432,0.0368216,0.0771633,-0.245824,0.0190002,0.285348,-0.0545575
714,12.932,0.143241,1,-0.192408,0.0346027,0.245819,-0.0995513,0.0324731,0.0157595,-0.192408,0.0346027,0.221237,-0.0331083
715,12.9501,0.13449,1,-0.148006,0.0387213,0.179412,-0.0760357,0.0266412,-0.0418056,-0.148006,0.0387213,0.161471,-0.0185879
716,12.9682,0.128677,1,-0.109908,0.0378321,0.12012,-0.0578874,0.0204373,-0.0959007,-0.109908,0.0378321,0.108108,-0.00924149
717,12.9863,0.123114,1,-0.0797326,0.0337159,0.0625034,-0.0441364,0.0144849,-0.146863,-0.0797326,0.0337159,0.056253,-0.00348849
718,13.0044,0.118639,1,-0.0572082,0.0278403,0.00832411,-0.0339084,0.00907995,-0.194976,-0.0572082,0.0278403,0.0074917,-0.000333345
719,13.0225,0.115888,1,-0.0394013,0.0228063,-0.0410181,-0.0264547,0.00431061,-0.240468,-0.0394013,0.0228063,-0.0369163,0.00113132
720,13.0406,0.11415,1,-0.0245659,0.0208696,-0.0869329,-0.0211593,0.000141045,-0.283527,-0.0245659,0.0208696,-0.0782396,0.00149491
721,13.0588,0.112176,1,-0.0127744,0.0211496,-0.131647,-0.0175312,-0.00353234,-0.324308,-0.0127744,0.0211496,-0.118482,0.0011772
722,13.0769,0.11119,1,-0.0034994,0.0211919,-0.172772,-0.0151906,-0.00684585,-0.362947,-0.0034994,0.0211919,-0.155495,0.000423218
723,13.095,0.110572,1,0.00433371,0.0217215,-0.21156,-0.0138528,-0.00994828,-0.399562,0.00433371,0.0217215,-0.190404,-0.000641786
724,13.1131,0.111266,1,0.0108875,0.0243109,-0.246741,-0.013312,-0.012991,-0.43426,0.0108875,0.0243109,-0.222067,-0.00188048
725,13.1312,0.112966,1,0.0172099,0.0297083,-0.279404,-0.0134269,-0.0161248,-0.467139,0.0172099,0.0297083,-0.251463,-0.00336595
726,13.1493,0.114333,1,0.0239586,0.0372016,-0.312406,-0.0141094,-0.019501,-0.498288,0.0239586,0.0372016,-0.281166,-0.00523938
727,13.1674,0.116001,1,0.0305704,0.0470866,-0.345271,-0.0153151,-0.0232757,-0.527789,0.0305704,0.0470866,-0.310744,-0.00738856
728,13.1855,0.120167,1,0.038217,0.0599477,-0.375159,-0.0170367,-0.0276153,-0.555715,0.038217,0.0599477,-0.337643,-0.0100362
729,13.2036,0.127126,1,0.0470916,0.0749958,-0.40192,-0.0193001,-0.0327045,-0.58213,0.0470916,0.0749958,-0.361728,-0.013249
730,13.2218,0.136773,1,0.0573472,0.091976,-0.426234,-0.0221622,-0.0387541,-0.607089,0.0573472,0.091976,-0.38361,-0.0171103
731,13.2399,0.150901,1,0.0690145,0.113271,-0.446321,-0.0257112,-0.0460117,-0.630628,0.0690145,0.113271,-0.401689,-0.0215618
732,13.258,0.169947,1,0.0830041,0.139505,-0.462726,-0.0300682,-0.0547724,-0.65277,0.0830041,0.139505,-0.416454,-0.0268857
733,13.2761,0.194179,1,0.0997459,0.170072,-0.47499,-0.0353918,-0.0653931,-0.67351,0.0997459,0.170072,-0.427491,-0.0331648
734,13.2942,0.224523,1,0.11908,0.206189,-0.482132,-0.0418831,-0.0783068,-0.692807,0.11908,0.206189,-0.433919,-0.0401887
735,13.3123,0.261827,0,0.141923,0.248797,-0.483929,-0.049794,-0.0940416,-0.71057,0.141923,0.248797,-0.435537,-0.0480765
736,13.3304,0.307442,0,0.168497,0.298572,-0.477598,-0.0594368,-0.11324,-0.726635,0.168497,0.298572,-0.429839,-0.0563318
737,13.3485,0.362533,0,0.200008,0.356096,-0.461604,-0.0711963,-0.136682,-0.740727,0.200008,0.356096,-0.415443,-0.064627
738,13.3667,0.42816,0,0.237455,0.421274,-0.433725,-0.0855431,-0.165304,-0.752414,0.237455,0.421274,-0.390352,-0.0720932
739,13.3848,0.504402,0,0.280413,0.492824,-0.392355,-0.103048,-0.200214,-0.761028,0.280413,0.492824,-0.35312,-0.077015
740,13.4029,0.592249,0,0.329115,0.567051,-0.328623,-0.124397,-0.242695,-0.765561,0.329115,0.567051,-0.295761,-0.0757084
741,13.421,0.690118,0,0.382335,0.636925,-0.237193,-0.150396,-0.294166,-0.764503,0.382335,0.636925,-0.213474,-0.0634811
742,13.4391,0.794756,0,0.438459,0.695213,-0.119437,-0.18197,-0.356084,-0.755641,0.438459,0.695213,-0.107493,-0.0366576
743,13.4572,0.899833,0,0.491217,0.729639,0.0251368,-0.220124,-0.429711,-0.735785,0.491217,0.729639,0.0226231,0.00864333
744,13.4753,0.995485,0,0.537903,0.726608,0.184773,-0.265864,-0.515674,-0.700475,0.537903,0.726608,0.166295,0.0695728
745,13.4934,1.06831,0,0.571539,0.672364,0.344371,-0.320003,-0.61317,-0.643765,0.571539,0.672364,0.309934,0.137775
746,13.5116,1.10745,0,0.584537,0.573393,0.478022,-0.382836,-0.718714,-0.558316,0.584537,0.573393,0.43022,0.195595
747,13.5297,1.10625,0,0.573431,0.442249,0.56977,-0.453588,-0.824417,-0.4363,0.573431,0.442249,0.512793,0.228706
748,13.5478,1.06339,0,0.53831,0.297388,0.610804,-0.52964,-0.916255,-0.271793,0.53831,0.297388,0.549724,0.230161
749,13.5659,0.986942,0,0.484463,0.160743,0.60329,-0.605677,-0.97366,-0.0652075,0.484463,0.160743,0.542961,0.20459
750,13.584,0.890434,0,0.417338,0.047182,0.556938,-0.673222,-0.972788,0.170982,0.417338,0.047182,0.501244,0.162702
751,13.6021,0.793234,0,0.3462,-0.0340452,0.487204,-0.72136,-0.89534,0.408786,0.3462,-0.0340452,0.438484,0.118069
752,13.6202,0.7068,0,0.275401,-0.085115,0.410966,-0.739326,-0.74064,0.609244,0.275401,-0.085115,0.369869,0.0792263
753,13.6383,0.633106,0,0.210258,-0.116234,0.33317,-0.72045,-0.532244,0.737134,0.210258,-0.116234,0.299853,0.0490362
754,13.6564,0.569061,0,0.153265,-0.131279,0.258773,-0.66533,-0.310479,0.777697,0.153265,-0.131279,0.232896,0.0277626
755,13.6746,0.508797,0,0.103994,-0.137218,0.189062,-0.581905,-0.114116,0.741902,0.103994,-0.137218,0.170156,0.0137628
756,13.6927,0.450043,0,0.0623639,-0.137734,0.126284,-0.482281,0.0346723,0.656617,0.0623639,-0.137734,0.113655,0.00551287
757,13.7108,0.395232,0,0.0296916,-0.135315,0.0700041,-0.378562,0.13268,0.549726,0.0296916,-0.135315,0.0630036,0.00145497
758,13.7289,0.347686,0,0.00335524,-0.133769,0.0186074,-0.279985,0.188713,0.440958,0.00335524,-0.133769,0.0167466,4.37025e-05
759,13.747,0.309499,0,-0.0183375,-0.132731,-0.0282693,-0.192057,0.215405,0.340502,-0.0183375,-0.132731,-0.0254424,0.000362872
760,13.7651,0.282596,0,-0.0361881,-0.133253,-0.0726903,-0.117054,0.224234,0.251726,-0.0361881,-0.133253,-0.0654213,0.00184137
761,13.7832,0.265716,0,-0.0508006,-0.134671,-0.11424,-0.055024,0.22378,0.174396,-0.0508006,-0.134671,-0.102816,0.00406243
762,13.8013,0.258157,0,-0.0629318,-0.138859,-0.153688,-0.00472067,0.219783,0.10693,-0.0629318,-0.138859,-0.138319,0.00677029
763,13.8195,0.257457,0,-0.0742547,-0.146084,-0.188636,0.0357004,0.215807,0.0475781,-0.0742547,-0.146084,-0.169772,0.00980496
764,13.8376,0.26263,0,-0.0851587,-0.156024,-0.220796,0.0682471,0.213932,-0.00510355,-0.0851587,-0.156024,-0.198716,0.0131619
765,13.8557,0.272,0,-0.0958627,-0.167686,-0.249368,0.094846,0.215304,-0.0521342,-0.0958627,-0.167686,-0.224431,0.0167336
766,13.8738,0.286131,0,-0.106973,-0.182699,-0.275166,0.117225,0.22051,-0.0941412,-0.106973,-0.182699,-0.247649,0.0206047
767,13.8919,0.305688,0,-0.119369,-0.202505,-0.298066,0.136874,0.229824,-0.13143,-0.119369,-0.202505,-0.268259,0.0249058
768,13.91,0.330334,0,-0.133609,-0.225936,-0.318325,0.155044,0.243362,-0.164048,-0.133609,-0.225936,-0.286493,0.0297719
769,13.9281,0.360474,0,-0.150271,-0.253635,-0.334844,0.172772,0.261159,-0.191825,-0.150271,-0.253635,-0.301359,0.0352221
770,13.9462,0.396234,0,-0.169059,-0.286074,-0.346081,0.190913,0.28321,-0.214395,-0.169059,-0.286074,-0.311473,0.0409557
771,13.9644,0.438425,0,-0.190959,-0.323972,-0.351696,0.210157,0.309461,-0.231203,-0.190959,-0.323972,-0.316526,0.0470117
772,13.9825,0.48707,0,-0.215999,-0.367526,-0.349125,0.231054,0.339774,-0.241503,-0.215999,-0.367526,-0.314212,0.0527874
773,14.0006,0.54198,0,-0.244461,-0.416283,-0.336223,0.254017,0.37385,-0.244366,-0.244461,-0.416283,-0.3026,0.0575354
774,14.0187,0.60268,0,-0.277326,-0.468907,-0.311968,0.279306,0.411129,-0.238698,-0.277326,-0.468907,-0.280771,0.0605617
775,14.0368,0.668107,0,-0.314167,-0.524331,-0.274843,0.306997,0.450657,-0.223302,-0.314167,-0.524331,-0.247358,0.0604425
776,14.0549,0.736182,0,-0.354895,-0.579902,-0.220944,0.336931,0.490937,-0.197008,-0.354895,-0.579902,-0.19885,0.0548884
777,14.073,0.803502,0,-0.398184,-0.631535,-0.147822,0.368647,0.529799,-0.158885,-0.398184,-0.631535,-0.133039,0.0412022
778,14.0911,0.864536,0,-0.441442,-0.672375,-0.0574279,0.401301,0.564328,-0.10857,-0.441442,-0.672375,-0.0516851,0.0177458
779,14.1092,0.912475,0,-0.482517,-0.693323,0.0489511,0.433613,0.590964,-0.0466868,-0.482517,-0.693323,0.044056,-0.0165338
780,14.1274,0.94161,0,-0.518271,-0.688717,0.164276,0.463852,0.605828,0.0247132,-0.518271,-0.688717,0.147848,-0.0595976
781,14.1455,0.946616,0,-0.543903,-0.654714,0.279752,0.489915,0.605372,0.101852,-0.543903,-0.654714,0.251777,-0.106511
782,14.1636,0.922314,0,-0.554783,-0.587337,0.378153,0.509539,0.587253,0.179282,-0.554783,-0.587337,0.340337,-0.146855
783,14.1817,0.872855,0,-0.549412,-0.496738,0.456418,0.520628,0.551227,0.250477,-0.549412,-0.496738,0.410776,-0.175533
784,14.1998,0.802403,0,-0.526299,-0.392179,0.503717,0.521667,0.499668,0.308964,-0.526299,-0.392179,0.453345,-0.185574
785,14.2179,0.721355,0,-0.489487,-0.292915,0.506552,0.512079,0.437368,0.349673,-0.489487,-0.292915,0.455897,-0.173565
786,14.236,0.636963,0,-0.44244,-0.205173,0.478218,0.492418,0.37058,0.369998,-0.44244,-0.205173,0.430396,-0.148108
787,14.2541,0.555395,0,-0.389282,-0.133634,0.432218,0.464297,0.305615,0.370137,-0.389282,-0.133634,0.388996,-0.117778
788,14.2723,0.481662,0,-0.335047,-0.084113,0.376246,0.430082,0.247573,0.352617,-0.335047,-0.084113,0.338621,-0.088242
789,14.2904,0.41605,0,-0.282843,-0.0518436,0.317025,0.392461,0.199629,0.32131,-0.282843,-0.0518436,0.285323,-0.0627679
790,14.3085,0.359159,0,-0.235375,-0.0340638,0.252705,0.354023,0.162988,0.280399,-0.235375,-0.0340638,0.227435,-0.0416362
791,14.3266,0.311233,0,-0.194815,-0.0263537,0.189962,0.31695,0.137315,0.233627,-0.194815,-0.0263537,0.170966,-0.0259053
792,14.3447,0.272178,0,-0.161707,-0.0264637,0.131563,0.282875,0.121335,0.183943,-0.161707,-0.0264637,0.118407,-0.0148923
793,14.3628,0.240852,1,-0.134437,-0.0313106,0.0778521,0.252859,0.113393,0.133454,-0.134437,-0.0313106,0.0700669,-0.00732632
794,14.3809,0.216606,1,-0.112475,-0.0366834,0.0275709,0.227466,0.111841,0.0835655,-0.112475,-0.0366834,0.0248138,-0.00217073
795,14.399,0.199868,1,-0.0960443,-0.043661,-0.0179481,0.206879,0.115265,0.0351702,-0.0960443,-0.043661,-0.0161533,0.00120667
796,14.4172,0.189851,1,-0.0835591,-0.0505412,-0.063763,0.191023,0.122574,-0.0111715,-0.0835591,-0.0505412,-0.0573867,0.00372958
797,14.4353,0.186733,1,-0.07563,-0.0582351,-0.108518,0.179668,0.133014,-0.0550919,-0.07563,-0.0582351,-0.0976664,0.00574506
798,14.4534,0.189089,1,-0.0705106,-0.0671174,-0.148521,0.17252,0.146132,-0.0963169,-0.0705106,-0.0671174,-0.133669,0.00733063
799,14.4715,0.19613,1,-0.0673003,-0.0760961,-0.188211,0.169278,0.161722,-0.1346,-0.0673003,-0.0760961,-0.16939,0.00886665
800,14.4896,0.206667,1,-0.0661776,-0.0838369,-0.224572,0.169679,0.179776,-0.169675,-0.0661776,-0.0838369,-0.202115,0.0104031
801,14.5077,0.221444,1,-0.0666368,-0.0932468,-0.257707,0.173521,0.20043,-0.201223,-0.0666368,-0.0932468,-0.231936,0.0120209
802,14.5258,0.240213,1,-0.0687497,-0.103577,-0.289209,0.180672,0.223915,-0.22884,-0.0687497,-0.103577,-0.260288,0.0139181
803,14.5439,0.263312,0,-0.0730042,-0.114934,-0.320648,0.19107,0.250514,-0.252007,-0.0730042,-0.114934,-0.288583,0.016386
804,14.562,0.291507,0,-0.0787939,-0.129656,-0.349508,0.20472,0.280511,-0.27006,-0.0787939,-0.129656,-0.314557,0.0192774
805,14.5802,0.324831,0,-0.0865693,-0.147144,-0.37578,0.221669,0.314125,-0.28216,-0.0865693,-0.147144,-0.338202,0.0227717
806,14.5983,0.363238,0,-0.0961444,-0.167264,-0.398829,0.241985,0.351434,-0.287267,-0.0961444,-0.167264,-0.358946,0.0268416
807,14.6164,0.407216,0,-0.10779,-0.190783,-0.418415,0.265716,0.392257,-0.28413,-0.10779,-0.190783,-0.376574,0.0315706
808,14.6345,0.456882,0,-0.121598,-0.217872,-0.435336,0.292833,0.436014,-0.271316,-0.121598,-0.217872,-0.391802,0.0370552
809,14.6526,0.511972,0,-0.138179,-0.248715,-0.447883,0.323155,0.481546,-0.247295,-0.138179,-0.248715,-0.403094,0.0433216
810,14.6707,0.572095,0,-0.15759,-0.284266,-0.455203,0.356255,0.526922,-0.210629,-0.15759,-0.284266,-0.409683,0.0502149
811,14.6888,0.636559,0,-0.180491,-0.325831,-0.455916,0.391349,0.569283,-0.160291,-0.180491,-0.325831,-0.410324,0.057602
812,14.7069,0.704813,0,-0.208297,-0.375905,-0.449189,0.427184,0.604811,-0.0961425,-0.208297,-0.375905,-0.40427,0.0654953
813,14.7251,0.772789,0,-0.241,-0.433059,-0.431304,0.461969,0.628957,-0.0195214,-0.241,-0.433059,-0.388173,0.0727609
814,14.7432,0.836372,0,-0.278739,-0.496604,-0.399836,0.493388,0.637047,0.0662173,-0.278739,-0.496604,-0.359853,0.0780151
815,14.7613,0.890778,0,-0.321485,-0.565111,-0.351816,0.518765,0.62531,0.155467,-0.321485,-0.565111,-0.316634,0.0791724
816,14.7794,0.930065,0,-0.368926,-0.634027,-0.282511,0.535407,0.592113,0.240769,-0.368926,-0.634027,-0.25426,0.0729579
817,14.7975,0.950095,0,-0.420163,-0.698632,-0.188357,0.541098,0.53897,0.314,-0.420163,-0.698632,-0.169522,0.0553986
818,14.8156,0.947265,0,-0.47274,-0.748761,-0.0677626,0.534617,0.470734,0.368124,-0.47274,-0.748761,-0.0609863,0.0224239
819,14.8337,0.920123,0,-0.521915,-0.769971,0.0732951,0.51609,0.39469,0.398853,-0.521915,-0.769971,0.0659656,-0.0267777
820,14.8518,0.871675,0,-0.562485,-0.751288,0.224229,0.487038,0.318807,0.405476,-0.562485,-0.751288,0.201806,-0.088288
821,14.87,0.809177,0,-0.588589,-0.690775,0.365086,0.450062,0.249893,0.390534,-0.588589,-0.690775,0.328577,-0.15042
822,14.8881,0.738065,0,-0.595849,-0.589352,0.479961,0.40832,0.192401,0.358611,-0.595849,-0.589352,0.431965,-0.200189
823,14.9062,0.664367,0,-0.580138,-0.463208,0.553956,0.364955,0.148186,0.314902,-0.580138,-0.463208,0.49856,-0.22496
824,14.9243,0.592118,0,-0.543357,-0.330343,0.583021,0.322671,0.116988,0.264116,-0.543357,-0.330343,0.524719,-0.221752
825,14.9424,0.522529,0,-0.489678,-0.209372,0.566702,0.283499,0.0972449,0.209922,-0.489678,-0.209372,0.510032,-0.194251
826,14.9605,0.457293,0,-0.426152,-0.112173,0.518523,0.248756,0.0868474,0.154874,-0.426152,-0.112173,0.46667,-0.154679
827,14.9786,0.397123,0,-0.359161,-0.043667,0.450558,0.219135,0.0836833,0.100593,-0.359161,-0.043667,0.405502,-0.113276
828,14.9967,0.343632,0,-0.29447,-0.000220482,0.375752,0.194841,0.0859378,0.0480302,-0.29447,-0.000220482,0.338177,-0.0774534
829,15.0148,0.297196,0,-0.234139,0.0265346,0.302099,0.175754,0.092213,-0.0022858,-0.234139,0.0265346,0.271889,-0.0495132
830,15.033,0.259211,0,-0.182203,0.0389248,0.231853,0.161561,0.101535,-0.0500649,-0.182203,0.0389248,0.208668,-0.029571
831,15.0511,0.229281,1,-0.13885,0.0416589,0.16575,0.151867,0.113305,-0.0951326,-0.13885,0.0416589,0.149175,-0.0161101
832,15.0692,0.207449,1,-0.101675,0.0401286,0.107684,0.146268,0.127233,-0.137353,-0.101675,0.0401286,0.096916,-0.00766417
833,15.0873,0.191461,1,-0.0729242,0.0360161,0.0497764,0.144405,0.143268,-0.176579,-0.0729242,0.0360161,0.0447988,-0.00254094
834,15.1054,0.182393,1,-0.0514524,0.0297919,-0.00415636,0.145993,0.161543,-0.212623,-0.0514524,0.0297919,-0.00374073,0.000149698
835,15.1235,0.178946,1,-0.0341722,0.0247012,-0.0528907,0.150835,0.182322,-0.245225,-0.0341722,0.0247012,-0.0476016,0.00126517
836,15.1416,0.179306,1,-0.0199546,0.0228968,-0.0980327,0.158829,0.205962,-0.274031,-0.0199546,0.0228968,-0.0882294,0.00136935
837,15.1597,0.182833,1,-0.0085319,0.0232469,-0.142098,0.169959,0.232878,-0.298559,-0.0085319,0.0232469,-0.127889,0.000848658
838,15.1779,0.19116,1,0.000443584,0.0234336,-0.183265,0.18429,0.263494,-0.318163,0.000443584,0.0234336,-0.164939,-5.69054e-05
839,15.196,0.204095,1,0.00788689,0.0242325,-0.221335,0.201952,0.298199,-0.331995,0.00788689,0.0242325,-0.199202,-0.00122195
840,15.2141,0.220953,1,0.0143221,0.0275987,-0.255427,0.223108,0.337263,-0.338961,0.0143221,0.0275987,-0.229884,-0.00256077
841,15.2322,0.241396,1,0.0206404,0.0334147,-0.287389,0.247924,0.38073,-0.337693,0.0206404,0.0334147,-0.25865,-0.00415227
842,15.2503,0.265738,0,0.0273448,0.0413138,-0.320039,0.276511,0.428257,-0.326537,0.0273448,0.0413138,-0.288035,-0.00612598
843,15.2684,0.294238,0,0.0343162,0.0522633,-0.351999,0.308843,0.478903,-0.30361,0.0343162,0.0522633,-0.3168,-0.0084555
844,15.2865,0.326822,0,0.0423243,0.0659768,-0.380574,0.344653,0.53087,-0.266951,0.0423243,0.0659768,-0.342516,-0.0112753
845,15.3046,0.363514,0,0.0515735,0.0816934,-0.406799,0.383296,0.581237,-0.214851,0.0515735,0.0816934,-0.366119,-0.014686
846,15.3228,0.403064,0,0.0623356,0.0999491,-0.429859,0.423593,0.625796,-0.146382,0.0623356,0.0999491,-0.386873,-0.0187569
847,15.3409,0.442695,0,0.0746798,0.122991,-0.448343,0.463701,0.659142,-0.0621546,0.0746798,0.122991,-0.403508,-0.0234375
848,15.359,0.480535,0,0.0895339,0.150606,-0.463297,0.501059,0.675242,0.0348452,0.0895339,0.150606,-0.416967,-0.0290366
849,15.3771,0.513911,0,0.107043,0.182785,-0.473908,0.532505,0.668624,0.138673,0.107043,0.182785,-0.426517,-0.0355099
850,15.3952,0.539441,0,0.127493,0.22095,-0.479286,0.554644,0.636071,0.240579,0.127493,0.22095,-0.431358,-0.042774
851,15.4133,0.554464,0,0.15152,0.266027,-0.478591,0.564458,0.578242,0.330294,0.15152,0.266027,-0.430732,-0.0507613
852,15.4314,0.556883,0,0.179565,0.318323,-0.469108,0.560023,0.500375,0.39834,0.179565,0.318323,-0.422197,-0.0589646
853,15.4495,0.546542,0,0.213055,0.377984,-0.448846,0.541085,0.411386,0.438512,0.213055,0.377984,-0.403962,-0.0669401
854,15.4676,0.526382,0,0.252131,0.445236,-0.416585,0.509219,0.321553,0.44935,0.252131,0.445236,-0.374926,-0.0735238
855,15.4858,0.499809,0,0.296866,0.51812,-0.367899,0.467493,0.239847,0.433899,0.296866,0.51812,-0.331109,-0.0764516
856,15.5039,0.469434,0,0.347255,0.590441,-0.295363,0.419766,0.172107,0.398066,0.347255,0.590441,-0.265826,-0.0717963
857,15.522,0.440861,0,0.401316,0.656285,-0.194721,0.369924,0.120631,0.34857,0.401316,0.656285,-0.175249,-0.0547013
858,15.5401,0.421936,0,0.456286,0.706596,-0.0682548,0.321282,0.0848767,0.29137,0.456286,0.706596,-0.0614293,-0.0218006
859,15.5582,0.415286,0,0.50628,0.728057,0.0836813,0.27628,0.0626231,0.230939,0.50628,0.728057,0.0753131,0.0296563
860,15.5763,0.422021,0,0.54897,0.707781,0.243056,0.236443,0.0510252,0.170215,0.54897,0.707781,0.21875,0.0934012
861,15.5944,0.434765,0,0.575454,0.63649,0.395262,0.202504,0.0473264,0.110911,0.575454,0.63649,0.355736,0.159218
862,15.6125,0.448314,0,0.580426,0.526091,0.5131,0.174601,0.0492217,0.0539083,0.580426,0.526091,0.46179,0.208472
863,15.6307,0.454999,0,0.560567,0.389242,0.585093,0.152483,0.0549748,-0.000402913,0.560567,0.389242,0.526584,0.229589
864,15.6488,0.453834,0,0.518497,0.247128,0.609613,0.135681,0.0633942,-0.0518919,0.518497,0.247128,0.548652,0.221258
865,15.6669,0.442541,0,0.459809,0.119005,0.586825,0.12364,0.07375,-0.10054,0.459809,0.119005,0.528142,0.188879
866,15.685,0.424033,0,0.390716,0.0165469,0.531178,0.115809,0.0856763,-0.146361,0.390716,0.0165469,0.47806,0.145278
867,15.7031,0.402301,0,0.320333,-0.05191,0.45811,0.111698,0.0990826,-0.189355,0.320333,-0.05191,0.412299,0.102723
868,15.7212,0.381473,0,0.251478,-0.0945946,0.381461,0.110909,0.114082,-0.229488,0.251478,-0.0945946,0.343314,0.0671503
869,15.7393,0.363256,0,0.189973,-0.119464,0.305394,0.11315,0.130938,-0.266674,0.189973,-0.119464,0.274854,0.0406116
870,15.7574,0.347921,0,0.136082,-0.130636,0.232212,0.118244,0.150029,-0.300756,0.136082,-0.130636,0.208991,0.0221199
871,15.7756,0.338044,0,0.0896831,-0.13526,0.165699,0.12612,0.171819,-0.331489,0.0896831,-0.13526,0.149129,0.0104023
872,15.7937,0.332979,0,0.051824,-0.134009,0.106186,0.136812,0.196841,-0.358508,0.051824,-0.134009,0.095567,0.00385207
873,15.8118,0.332048,0,0.0217981,-0.131223,0.0509575,0.150449,0.225672,-0.381296,0.0217981,-0.131223,0.0458617,0.000777542
874,15.8299,0.337261,0,-0.00272301,-0.130441,0.00180936,0.167245,0.258907,-0.399132,-0.00272301,-0.130441,0.00162843,-3.44883e-06
875,15.848,0.346804,0,-0.022608,-0.129602,-0.0441556,0.187477,0.297107,-0.411037,-0.022608,-0.129602,-0.03974,0.000698789
876,15.8661,0.361543,0,-0.0391731,-0.130335,-0.0879473,0.211468,0.340719,-0.415708,-0.0391731,-0.130335,-0.0791526,0.00241162
877,15.8842,0.381876,0,-0.0525214,-0.13198,-0.128995,0.23954,0.389942,-0.411457,-0.0525214,-0.13198,-0.116096,0.00474251
878,15.9023,0.409711,0,-0.0640375,-0.137135,-0.16733,0.271957,0.444523,-0.396176,-0.0640375,-0.137135,-0.150597,0.00750075
879,15.9204,0.445479,0,-0.0750081,-0.144983,-0.201404,0.308823,0.503464,-0.367372,-0.0750081,-0.144983,-0.181263,0.0105748
880,15.9386,0.488357,0,-0.0854356,-0.154996,-0.232651,0.349942,0.564643,-0.322343,-0.0854356,-0.154996,-0.209386,0.0139137
881,15.9567,0.537672,0,-0.0959827,-0.167167,-0.260412,0.394633,0.624393,-0.258591,-0.0959827,-0.167167,-0.234371,0.0174966
882,15.9748,0.592646,0,-0.107135,-0.183239,-0.285668,0.4415,0.677197,-0.174586,-0.107135,-0.183239,-0.257101,0.0214235
883,15.9929,0.650737,0,-0.119515,-0.203419,-0.307853,0.48823,0.715749,-0.0708915,-0.119515,-0.203419,-0.277068,0.0257551
884,16.011,0.708387,0,-0.134288,-0.227655,-0.327847,0.531491,0.731781,0.0485294,-0.134288,-0.227655,-0.295063,0.0308183
885,16.0291,0.760411,0,-0.151234,-0.256461,-0.343533,0.567106,0.7179,0.175394,-0.151234,-0.256461,-0.30918,0.0363676
886,16.0472,0.801005,0,-0.170455,-0.28963,-0.353911,0.590604,0.670254,0.297425,-0.170455,-0.28963,-0.31852,0.0422281
887,16.0653,0.826086,0,-0.192737,-0.328527,-0.358533,0.598159,0.59097,0.400589,-0.192737,-0.328527,-0.32268,0.0483717
888,16.0835,0.832153,0,-0.218373,-0.373325,-0.354445,0.587657,0.48882,0.472874,-0.218373,-0.373325,-0.319001,0.0541808
889,16.1016,0.818368,0,-0.247519,-0.422773,-0.339477,0.559437,0.37716,0.507935,-0.247519,-0.422773,-0.305529,0.058819
890,16.1197,0.788624,0,-0.281247,-0.476522,-0.31351,0.516312,0.269898,0.506574,-0.281247,-0.476522,-0.282159,0.0617216
891,16.1378,0.747765,0,-0.318786,-0.532657,-0.274323,0.462843,0.177628,0.47535,-0.318786,-0.532657,-0.24689,0.0612151
892,16.1559,0.701754,0,-0.360266,-0.588591,-0.217505,0.404207,0.105741,0.423476,-0.360266,-0.588591,-0.195754,0.0548518
893,16.174,0.657349,0,-0.404302,-0.640418,-0.141448,0.345152,0.0548159,0.359842,-0.404302,-0.640418,-0.127303,0.0400315
894,16.1921,0.619583,0,-0.447787,-0.680103,-0.047744,0.289344,0.0222716,0.291309,-0.447787,-0.680103,-0.0429696,0.0149654
895,16.2102,0.591691,0,-0.489141,-0.698765,0.0618654,0.239168,0.00416546,0.222332,-0.489141,-0.698765,0.0556788,-0.0211826
896,16.2284,0.574926,0,-0.524381,-0.690772,0.179793,0.195838,-0.0035252,0.155372,-0.524381,-0.690772,0.161814,-0.0659961
897,16.2465,0.566908,0,-0.548884,-0.652413,0.296395,0.159668,-0.00422927,0.0915426,-0.548884,-0.652413,0.266756,-0.113881
898,16.2646,0.559893,0,-0.557856,-0.579616,0.393782,0.13037,-0.00055968,0.0311815,-0.557856,-0.579616,0.354403,-0.153771
899,16.2827,0.553193,0,-0.55002,-0.484611,0.469852,0.107309,0.00565784,-0.0257514,-0.55002,-0.484611,0.422867,-0.180899
900,16.3008,0.541481,0,-0.524467,-0.378193,0.511469,0.089698,0.0132511,-0.0794442,-0.524467,-0.378193,0.460322,-0.187774
901,16.3189,0.521049,0,-0.485508,-0.278423,0.508936,0.0767285,0.0215458,-0.130115,-0.485508,-0.278423,0.458042,-0.172965
902,16.337,0.494261,0,-0.4367,-0.191644,0.477235,0.0676523,0.0302265,-0.177964,-0.4367,-0.191644,0.429511,-0.145886
903,16.3551,0.464702,0,-0.382195,-0.122322,0.428453,0.0618243,0.0392261,-0.223154,-0.382195,-0.122322,0.385608,-0.114627
904,16.3732,0.435804,0,-0.327327,-0.0745023,0.371036,0.0587208,0.0486459,-0.265812,-0.327327,-0.0745023,0.333933,-0.0850152
905,16.3914,0.408622,0,-0.274837,-0.0443294,0.310052,0.0579429,0.0587017,-0.306031,-0.274837,-0.0443294,0.279046,-0.0596496
906,16.4095,0.38224,0,-0.227729,-0.0280685,0.244717,0.0592112,0.0696905,-0.343867,-0.227729,-0.0280685,0.220245,-0.0390103
907,16.4276,0.35989,0,-0.187588,-0.0216085,0.182227,0.0623567,0.0819735,-0.379343,-0.187588,-0.0216085,0.164004,-0.0239285
908,16.4457,0.342131,0,-0.154918,-0.0223103,0.124019,0.0673122,0.0959698,-0.412437,-0.154918,-0.0223103,0.111617,-0.013449
909,16.4638,0.328564,0,-0.127984,-0.0276003,0.0702405,0.0741041,0.112159,-0.443072,-0.127984,-0.0276003,0.0632165,-0.00629276
910,16.4819,0.318568,0,-0.106653,-0.0330844,0.0204215,0.082847,0.131086,-0.471101,-0.106653,-0.0330844,0.0183794,-0.00152461
911,16.5,0.31289,0,-0.0906708,-0.0400147,-0.0247955,0.0937408,0.153375,-0.496276,-0.0906708,-0.0400147,-0.0223159,0.00157376
912,16.5181,0.308726,0,-0.07856,-0.0468325,-0.0708344,0.107069,0.179728,-0.518213,-0.07856,-0.0468325,-0.063751,0.00389533
913,16.5363,0.308362,0,-0.0709729,-0.0542412,-0.11534,0.123201,0.210933,-0.53634,-0.0709729,-0.0542412,-0.103806,0.0057302
914,16.5544,0.314147,0,-0.0659536,-0.0630213,-0.154935,0.142586,0.247844,-0.549825,-0.0659536,-0.0630213,-0.139441,0.00715296
915,16.5725,0.324165,0,-0.0627618,-0.071286,-0.194816,0.165752,0.291344,-0.557487,-0.0627618,-0.071286,-0.175334,0.00855888
916,16.5906,0.340981,0,-0.0614291,-0.0784884,-0.230713,0.193286,0.342251,-0.557673,-0.0614291,-0.0784884,-0.207642,0.00992076
917,16.6087,0.366272,0,-0.0617508,-0.0874904,-0.263515,0.2258,0.401153,-0.548133,-0.0617508,-0.0874904,-0.237164,0.0113906
918,16.6268,0.400054,0,-0.0637296,-0.0972,-0.295178,0.263857,0.468118,-0.525899,-0.0637296,-0.0972,-0.265661,0.0131681
919,16.6449,0.443251,0,-0.067726,-0.10787,-0.326872,0.307849,0.542236,-0.487242,-0.067726,-0.10787,-0.294184,0.0154964
920,16.663,0.497417,0,-0.0730439,-0.121677,-0.356061,0.357788,0.620957,-0.427828,-0.0730439,-0.121677,-0.320455,0.0182056
921,16.6812,0.561613,0,-0.0803092,-0.138174,-0.382607,0.413004,0.699278,-0.343283,-0.0803092,-0.138174,-0.344346,0.0215088
922,16.6993,0.633179,0,-0.0891709,-0.156828,-0.406412,0.471753,0.76899,-0.23043,-0.0891709,-0.156828,-0.365771,0.0253681
923,16.7174,0.708617,0,-0.0999476,-0.178694,-0.427104,0.530796,0.818553,-0.0893543,-0.0999476,-0.178694,-0.384394,0.0298816
924,16.7355,0.782211,0,-0.112951,-0.204164,-0.44512,0.58517,0.834443,0.0739977,-0.112951,-0.204164,-0.400608,0.0351936
925,16.7536,0.845897,0,-0.128408,-0.233162,-0.458784,0.628437,0.804737,0.245897,-0.128408,-0.233162,-0.412905,0.0412381
926,16.7717,0.891684,0,-0.146595,-0.26648,-0.467702,0.653736,0.724479,0.405667,-0.146595,-0.26648,-0.420932,0.0479938
927,16.7898,0.91326,0,-0.168107,-0.306019,-0.470444,0.655587,0.600213,0.530758,-0.168107,-0.306019,-0.423399,0.0553595
928,16.8079,0.908462,0,-0.194121,-0.35338,-0.466975,0.631812,0.449956,0.604658,-0.194121,-0.35338,-0.420277,0.0634548
929,16.826,0.87812,0,-0.22519,-0.408776,-0.453666,0.584529,0.297229,0.622993,-0.22519,-0.408776,-0.4083,0.0715129
930,16.8442,0.827338,0,-0.261195,-0.470915,-0.42741,0.519571,0.162501,0.593693,-0.261195,-0.470915,-0.384669,0.0781463
931,16.8623,0.764732,0,-0.302415,-0.538571,-0.385474,0.444638,0.057396,0.531686,-0.302415,-0.538571,-0.346927,0.0816011
932,16.8804,0.699691,0,-0.348482,-0.609683,-0.324693,0.367242,-0.0158615,0.452365,-0.348482,-0.609683,-0.292224,0.0792047
933,16.8985,0.640253,0,-0.399446,-0.678616,-0.239939,0.293281,-0.0614005,0.367469,-0.399446,-0.678616,-0.215945,0.06709
934,16.9166,0.593447,0,-0.452999,-0.737775,-0.128144,0.22654,-0.0859885,0.284093,-0.452999,-0.737775,-0.115329,0.0406342
935,16.9347,0.563982,0,-0.505649,-0.775181,0.00924998,0.168862,-0.0964225,0.205592,-0.505649,-0.775181,0.00832498,-0.00327407
936,16.9528,0.550563,0,-0.551744,-0.773921,0.161492,0.120622,-0.0982969,0.132983,-0.551744,-0.773921,0.145342,-0.0623715
937,16.9709,0.550033,0,-0.585205,-0.729423,0.314817,0.0812558,-0.0957154,0.0661121,-0.585205,-0.729423,0.283336,-0.128963
938,16.9891,0.553375,0,-0.601055,-0.640901,0.444067,0.0496841,-0.0914578,0.00438333,-0.601055,-0.640901,0.39966,-0.186836
939,17.0072,0.553663,0,-0.594448,-0.51831,0.539255,0.0246194,-0.0872898,-0.0528657,-0.594448,-0.51831,0.48533,-0.224391
940,17.0253,0.546071,0,-0.565067,-0.382492,0.58729,0.00475834,-0.0842678,-0.106209,-0.565067,-0.382492,0.528561,-0.232301
941,17.0434,0.528435,0,-0.515883,-0.250873,0.588722,-0.0111113,-0.0829871,-0.156094,-0.515883,-0.250873,0.529849,-0.212598
942,17.0615,0.501429,0,-0.453889,-0.140319,0.549712,-0.0240619,-0.0837676,-0.202847,-0.453889,-0.140319,0.49474,-0.174656
943,17.0796,0.469491,0,-0.38588,-0.0583845,0.486345,-0.0350138,-0.0867845,-0.246697,-0.38588,-0.0583845,0.437711,-0.13137
944,17.0977,0.435657,0,-0.317389,-0.00472514,0.410352,-0.0447465,-0.0921589,-0.287797,-0.317389,-0.00472514,0.369317,-0.0911688
945,17.1158,0.406049,0,-0.253793,0.0284319,0.33572,-0.0539197,-0.100017,-0.326231,-0.253793,0.0284319,0.302148,-0.0596424
946,17.134,0.379307,0,-0.196802,0.0464653,0.261752,-0.0631003,-0.110532,-0.362026,-0.196802,0.0464653,0.235577,-0.0360592
947,17.1521,0.357003,0,-0.149469,0.0515171,0.192812,-0.07279,-0.123945,-0.39514,-0.149469,0.0515171,0.173531,-0.0201736
948,17.1702,0.340297,0,-0.109161,0.0510485,0.131339,-0.0834515,-0.140589,-0.425456,-0.109161,0.0510485,0.118205,-0.0100359
949,17.1883,0.327334,0,-0.0762089,0.0476871,0.0740862,-0.095533,-0.160892,-0.452757,-0.0762089,0.0476871,0.0666776,-0.00395222
950,17.2064,0.315825,0,-0.051707,0.0426692,0.0171546,-0.109489,-0.185388,-0.476696,-0.051707,0.0426692,0.0154391,-0.000620908
951,17.2245,0.309064,0,-0.0326221,0.0368989,-0.0335218,-0.125796,-0.214705,-0.496746,-0.0326221,0.0368989,-0.0301696,0.000765486
952,17.2426,0.307679,0,-0.0166993,0.033955,-0.0795116,-0.144969,-0.249553,-0.512141,-0.0166993,0.033955,-0.0715605,0.000929451
953,17.2607,0.311606,0,-0.00369938,0.0348796,-0.123729,-0.16756,-0.290677,-0.521797,-0.00369938,0.0348796,-0.111356,0.000320404
954,17.2788,0.32129,0,0.00666019,0.035767,-0.164933,-0.194153,-0.338774,-0.524204,0.00666019,0.035767,-0.14844,-0.00076894
955,17.297,0.338002,0,0.0155604,0.0374134,-0.203799,-0.22534,-0.394337,-0.51732,0.0155604,0.0374134,-0.183419,-0.00221983
956,17.3151,0.363636,0,0.0229031,0.0413012,-0.239591,-0.261652,-0.457401,-0.498468,0.0229031,0.0413012,-0.215632,-0.00384117
957,17.3332,0.399824,0,0.0298776,0.0483431,-0.271223,-0.30346,-0.527142,-0.464305,0.0298776,0.0483431,-0.244101,-0.00567244
958,17.3513,0.446339,0,0.0380013,0.0581518,-0.303237,-0.350795,-0.60131,-0.410951,0.0380013,0.0581518,-0.272913,-0.00806638
959,17.3694,0.502842,0,0.0461219,0.0706411,-0.335186,-0.403084,-0.675525,-0.334472,0.0461219,0.0706411,-0.301668,-0.0108216
960,17.3875,0.568297,0,0.0554632,0.086284,-0.363523,-0.458812,-0.742621,-0.231909,0.0554632,0.086284,-0.32717,-0.0141135
961,17.4056,0.63879,0,0.0663104,0.104554,-0.388295,-0.515157,-0.792477,-0.103006,0.0663104,0.104554,-0.349465,-0.0180236
962,17.4237,0.709233,0,0.0788292,0.125864,-0.410073,-0.567765,-0.813029,0.0475635,0.0788292,0.125864,-0.369065,-0.022628
963,17.4419,0.772992,0,0.0932222,0.15213,-0.426615,-0.610912,-0.793122,0.208401,0.0932222,0.15213,-0.383953,-0.027839
964,17.46,0.822763,0,0.110188,0.183567,-0.439205,-0.638322,-0.727004,0.361678,0.110188,0.183567,-0.395285,-0.0338765
965,17.4781,0.851734,0,0.130259,0.220318,-0.44696,-0.644671,-0.618549,0.486924,0.130259,0.220318,-0.402264,-0.0407543
966,17.4962,0.855826,0,0.153522,0.263467,-0.448104,-0.627313,-0.482112,0.567632,0.153522,0.263467,-0.403293,-0.0481558
967,17.5143,0.834844,0,0.180521,0.313154,-0.440539,-0.58736,-0.338316,0.597169,0.180521,0.313154,-0.396485,-0.0556686
968,17.5324,0.793869,0,0.212926,0.369854,-0.423329,-0.529481,-0.206784,0.580167,0.212926,0.369854,-0.380997,-0.0630964
969,17.5505,0.739802,0,0.250319,0.433269,-0.39422,-0.460466,-0.100265,0.528845,0.250319,0.433269,-0.354798,-0.0690764
970,17.5686,0.68034,0,0.292847,0.501292,-0.349533,-0.387384,-0.0229968,0.457308,0.292847,0.501292,-0.31458,-0.0716518
971,17.5868,0.622479,0,0.340499,0.570247,-0.283402,-0.316134,0.0273001,0.377266,0.340499,0.570247,-0.255062,-0.0675487
972,17.6049,0.572392,0,0.391683,0.633603,-0.190116,-0.250781,0.0561906,0.296435,0.391683,0.633603,-0.171104,-0.0521255
973,17.623,0.537856,0,0.444611,0.682762,-0.0726745,-0.193549,0.069905,0.218915,0.444611,0.682762,-0.065407,-0.0226183
974,17.6411,0.520511,0,0.49279,0.705965,0.067187,-0.14519,0.0738947,0.146339,0.49279,0.705965,0.0604683,0.0231764
975,17.6592,0.52003,0,0.53417,0.691592,0.215731,-0.105446,0.0723348,0.0789654,0.53417,0.691592,0.194158,0.0806659
976,17.6773,0.528836,0,0.560897,0.631818,0.361199,-0.0734717,0.0681504,0.0164429,0.560897,0.631818,0.325079,0.141817
977,17.6954,0.539071,0,0.568838,0.533924,0.477464,-0.0481412,0.0632521,-0.041763,0.568838,0.533924,0.429718,0.19012
978,17.7135,0.542535,0,0.554035,0.408851,0.553009,-0.0282609,0.0588082,-0.0961703,0.554035,0.408851,0.497708,0.21447
979,17.7316,0.536773,0,0.517283,0.274831,0.584492,-0.0126924,0.0554827,-0.147211,0.517283,0.274831,0.526043,0.211643
980,17.7498,0.520625,0,0.464605,0.150782,0.571243,-0.000415148,0.0536205,-0.195221,0.464605,0.150782,0.514119,0.185782
981,17.7679,0.495929,0,0.400815,0.0501946,0.524172,0.00944967,0.0533824,-0.240458,0.400815,0.0501946,0.471755,0.147067
982,17.786,0.467248,0,0.333965,-0.0219642,0.457833,0.0176412,0.0548391,-0.283115,0.333965,-0.0219642,0.41205,0.10703
983,17.8041,0.439165,0,0.267572,-0.0682544,0.386379,0.0247742,0.0580344,-0.323339,0.267572,-0.0682544,0.347741,0.0723689
984,17.8222,0.41242,0,0.207798,-0.0959918,0.312449,0.0313606,0.0630272,-0.361238,0.207798,-0.0959918,0.281204,0.0454484
985,17.8403,0.388753,0,0.15496,-0.109551,0.241437,0.0378342,0.0699192,-0.396888,0.15496,-0.109551,0.217293,0.0261892
986,17.8584,0.36794,0,0.109147,-0.114482,0.17348,0.0445738,0.0788734,-0.430328,0.109147,-0.114482,0.156132,0.0132544
987,17.8765,0.352674,0,0.0709956,-0.11426,0.113764,0.0519261,0.0901284,-0.46156,0.0709956,-0.11426,0.102388,0.00565373
988,17.8947,0.340901,0,0.0410668,-0.111902,0.058698,0.0602261,0.104009,-0.490533,0.0410668,-0.111902,0.0528282,0.00168738
989,17.9128,0.332582,0,0.0167349,-0.109953,0.00794336,0.0698162,0.120939,-0.517132,0.0167349,-0.109953,0.00714902,9.30517e-05
990,17.9309,0.326943,0,-0.00283726,-0.107648,-0.0395637,0.081063,0.141447,-0.541149,-0.00283726,-0.107648,-0.0356073,7.85767e-05
991,17.949,0.323906,0,-0.0183549,-0.106268,-0.0849572,0.0943735,0.166178,-0.562252,-0.0183549,-0.106268,-0.0764615,0.00109157
992,17.9671,0.324533,0,-0.0310876,-0.106089,-0.127377,0.110209,0.195896,-0.57993,-0.0310876,-0.106089,-0.114639,0.00277189
993,17.9852,0.329004,0,-0.0412806,-0.107897,-0.168537,0.129095,0.231473,-0.593426,-0.0412806,-0.107897,-0.151684,0.00487012
994,18.0033,0.340176,0,-0.0507443,-0.112221,-0.205228,0.151631,0.27386,-0.601644,-0.0507443,-0.112221,-0.184706,0.00728993
995,18.0214,0.358106,0,-0.0591599,-0.118401,-0.238989,0.178478,0.324013,-0.603019,-0.0591599,-0.118401,-0.21509,0.00989699
996,18.0396,0.384006,0,-0.0675109,-0.126509,-0.270052,0.210343,0.38275,-0.595373,-0.0675109,-0.126509,-0.243047,0.012762
997,18.0577,0.419284,0,-0.0761676,-0.13736,-0.298615,0.247921,0.450482,-0.575753,-0.0761676,-0.13736,-0.268753,0.0159213
998,18.0758,0.465184,0,-0.0852303,-0.151854,-0.324659,0.291783,0.526776,-0.540319,-0.0852303,-0.151854,-0.292193,0.0193695
999,18.0939,0.521963,0,-0.095544,-0.169583,-0.348431,0.342188,0.609676,-0.484385,-0.095544,-0.169583,-0.313587,0.0233033
1000,18.112,0.589153,0,-0.108065,-0.190269,-0.369758,0.39878,0.694784,-0.40284,-0.108065,-0.190269,-0.332782,0.0279705
1001,18.1301,0.665147,0,-0.122559,-0.214888,-0.387474,0.460163,0.774271,-0.291243,-0.122559,-0.214888,-0.348726,0.0332418
1002,18.1482,0.746336,0,-0.139113,-0.24399,-0.40305,0.523399,0.836304,-0.147917,-0.139113,-0.24399,-0.362745,0.0392486
1003,18.1663,0.826755,0,-0.158261,-0.278714,-0.412967,0.583613,0.865872,0.0230587,-0.158261,-0.278714,-0.37167,0.0457496
1004,18.1844,0.89735,0,-0.180633,-0.319227,-0.414952,0.634033,0.848132,0.208991,-0.180633,-0.319227,-0.373457,0.0524678
1005,18.2026,0.948489,0,-0.206899,-0.365896,-0.408689,0.666903,0.774407,0.388227,-0.206899,-0.365896,-0.36782,0.0591901
1006,18.2207,0.97173,0,-0.237637,-0.418199,-0.393387,0.675389,0.648433,0.53476,-0.237637,-0.418199,-0.354048,0.0654382
1007,18.2388,0.962912,0,-0.272984,-0.476304,-0.366945,0.655935,0.488156,0.627302,-0.272984,-0.476304,-0.330251,0.0701193
1008,18.2569,0.922964,0,-0.312517,-0.538241,-0.326199,0.609814,0.320076,0.657765,-0.312517,-0.538241,-0.29358,0.0713601
1009,18.275,0.858626,0,-0.356107,-0.600569,-0.267586,0.542867,0.168995,0.633153,-0.356107,-0.600569,-0.240828,0.0667025
1010,18.2931,0.780699,0,-0.403569,-0.660063,-0.186555,0.463536,0.0500008,0.570025,-0.403569,-0.660063,-0.1679,0.0527016
1011,18.3112,0.701308,0,-0.452236,-0.709871,-0.0830733,0.380383,-0.0331751,0.486424,-0.452236,-0.709871,-0.0747659,0.0262981
1012,18.3293,0.629682,0,-0.499046,-0.73592,0.0405089,0.300279,-0.0848119,0.396367,-0.499046,-0.73592,0.036458,-0.0141511
1013,18.3475,0.573944,0,-0.539397,-0.730454,0.173715,0.227689,-0.112634,0.308306,-0.539397,-0.730454,0.156343,-0.0655908
1014,18.3656,0.536148,0,-0.568108,-0.688984,0.307154,0.164816,-0.124518,0.226138,-0.568108,-0.688984,0.276439,-0.122148
1015,18.3837,0.511289,0,-0.580013,-0.608976,0.420725,0.112158,-0.126935,0.150939,-0.580013,-0.608976,0.378652,-0.170818
1016,18.4018,0.494001,0,-0.572293,-0.499416,0.506929,0.0691105,-0.1246,0.0823981,-0.572293,-0.499416,0.456236,-0.203078
1017,18.4199,0.47769,0,-0.544346,-0.377224,0.552364,0.0344766,-0.120678,0.0197175,-0.544346,-0.377224,0.497128,-0.210474
1018,18.438,0.455325,0,-0.50009,-0.2622,0.548555,0.00681653,-0.117167,-0.0379371,-0.50009,-0.2622,0.4937,-0.192029
1019,18.4561,0.428281,0,-0.444826,-0.16508,0.511506,-0.0153301,-0.115263,-0.0912601,-0.444826,-0.16508,0.460355,-0.159272
1020,18.4742,0.399804,0,-0.38301,-0.0901636,0.456392,-0.0333238,-0.115646,-0.140766,-0.38301,-0.0901636,0.410753,-0.122362
1021,18.4924,0.37135,0,-0.321973,-0.0392763,0.389853,-0.0483712,-0.1187,-0.186806,-0.321973,-0.0392763,0.350868,-0.0878656
1022,18.5105,0.346093,0,-0.263815,-0.00733206,0.322357,-0.0615132,-0.124653,-0.229595,-0.263815,-0.00733206,0.290121,-0.0595298
1023,18.5286,0.321293,0,-0.211587,0.00944824,0.250547,-0.0736376,-0.133682,-0.269233,-0.211587,0.00944824,0.225493,-0.0371088
1024,18.5467,0.30174,0,-0.167578,0.0147984,0.184743,-0.0855038,-0.145978,-0.305722,-0.167578,0.0147984,0.166268,-0.0216712
1025,18.5648,0.286344,0,-0.131744,0.0141887,0.123489,-0.0977723,-0.161782,-0.338959,-0.131744,0.0141887,0.11114,-0.0113882
1026,18.5829,0.274305,0,-0.102533,0.00880646,0.0665584,-0.111035,-0.181411,-0.368729,-0.102533,0.00880646,0.0599026,-0.00477708
1027,18.601,0.26687,0,-0.0793399,0.00381127,0.0149409,-0.12584,-0.205263,-0.394675,-0.0793399,0.00381127,0.0134468,-0.000829787
1028,18.6191,0.263241,0,-0.0618899,-0.00220876,-0.0319247,-0.142717,-0.23381,-0.416262,-0.0618899,-0.00220876,-0.0287322,0.00138307
1029,18.6372,0.262028,0,-0.048371,-0.00803287,-0.0782362,-0.16219,-0.267571,-0.432724,-0.048371,-0.00803287,-0.0704126,0.00264906
1030,18.6554,0.264812,0,-0.0390164,-0.0128267,-0.122756,-0.184782,-0.307058,-0.443,-0.0390164,-0.0128267,-0.11048,0.00335264
1031,18.6735,0.272794,0,-0.0326189,-0.0176692,-0.164246,-0.211007,-0.352683,-0.44566,-0.0326189,-0.0176692,-0.147822,0.00375028
1032,18.6916,0.287667,0,-0.0266898,-0.0217507,-0.203017,-0.241339,-0.404601,-0.438829,-0.0266898,-0.0217507,-0.182715,0.00379294
1033,18.7097,0.310737,0,-0.0221394,-0.0242169,-0.238255,-0.276151,-0.462469,-0.420149,-0.0221394,-0.0242169,-0.21443,0.00369238
1034,18.7278,0.341042,0,-0.0197073,-0.0270798,-0.271285,-0.315615,-0.525096,-0.386817,-0.0197073,-0.0270798,-0.244157,0.00374242
1035,18.7459,0.379565,0,-0.01825,-0.0289854,-0.304183,-0.35954,-0.589994,-0.335797,-0.01825,-0.0289854,-0.273765,0.00388595
1036,18.764,0.426513,0,-0.0172645,-0.02967,-0.337279,-0.407159,-0.652886,-0.264321,-0.0172645,-0.02967,-0.303551,0.00407608
1037,18.7821,0.479646,0,-0.0166187,-0.0311517,-0.368567,-0.456872,-0.707358,-0.170819,-0.0166187,-0.0311517,-0.33171,0.00428758
1038,18.8003,0.536435,0,-0.0162693,-0.0330763,-0.397757,-0.506008,-0.745001,-0.0562813,-0.0162693,-0.0330763,-0.357981,0.00452984
1039,18.8184,0.593345,0,-0.0160321,-0.0346007,-0.424877,-0.550749,-0.75651,0.0742226,-0.0160321,-0.0346007,-0.382389,0.00476816
1040,18.8365,0.645341,0,-0.0160443,-0.0363015,-0.450683,-0.586374,-0.734028,0.210601,-0.0160443,-0.0363015,-0.405614,0.00506163
1041,18.8546,0.687667,0,-0.0165755,-0.036918,-0.475527,-0.607979,-0.674343,0.338467,-0.0165755,-0.036918,-0.427975,0.00551748
1042,18.8727,0.715595,0,-0.0169881,-0.0369518,-0.499122,-0.611624,-0.581504,0.442205,-0.0169881,-0.0369518,-0.44921,0.00593539
1043,18.8908,0.726153,0,-0.0173541,-0.0369348,-0.521278,-0.595531,-0.466952,0.50959,-0.0173541,-0.0369348,-0.46915,0.00633241
1044,18.9089,0.719187,0,-0.0176423,-0.0373958,-0.541941,-0.560784,-0.346373,0.535657,-0.0176423,-0.0373958,-0.487747,0.00669276
1045,18.927,0.697382,0,-0.0180366,-0.0388128,-0.561593,-0.51112,-0.234727,0.523539,-0.0180366,-0.0388128,-0.505434,0.00709044
1046,18.9452,0.665181,0,-0.0187476,-0.0406187,-0.580725,-0.451904,-0.142202,0.482033,-0.0187476,-0.0406187,-0.522653,0.00762106
1047,18.9633,0.627128,0,-0.0195655,-0.0428747,-0.59934,-0.388802,-0.0728742,0.421753,-0.0195655,-0.0428747,-0.539406,0.00820846
1048,18.9814,0.587084,0,-0.0208001,-0.0464046,-0.617509,-0.326698,-0.0258309,0.35203,-0.0208001,-0.0464046,-0.555758,0.00899098
1049,18.9995,0.547787,0,-0.022492,-0.0505029,-0.635128,-0.269128,0.00267945,0.279506,-0.022492,-0.0505029,-0.571616,0.00999974
1050,19.0176,0.510602,0,-0.0247229,-0.0551173,-0.651786,-0.218194,0.0173084,0.208136,-0.0247229,-0.0551173,-0.586607,0.0112798
1051,19.0357,0.476299,0,-0.0274358,-0.0608554,-0.667557,-0.174795,0.0223962,0.139868,-0.0274358,-0.0608554,-0.600802,0.0128205
1052,19.0538,0.444951,0,-0.0307758,-0.0677846,-0.68241,-0.138953,0.0214385,0.0754042,-0.0307758,-0.0677846,-0.614169,0.0147012
1053,19.0719,0.416177,0,-0.0348998,-0.0762234,-0.696018,-0.11014,0.0169876,0.0147993,-0.0348998,-0.0762234,-0.626416,0.0170036
1054,19.09,0.389851,0,-0.0398093,-0.0863215,-0.708687,-0.0875443,0.0107643,-0.0421693,-0.0398093,-0.0863215,-0.637819,0.0197487
1055,19.1082,0.365383,0,-0.0456853,-0.0984057,-0.719866,-0.0702502,0.00383731,-0.0958011,-0.0456853,-0.0984057,-0.64788,0.0230211
1056,19.1263,0.342814,0,-0.0530205,-0.113738,-0.72976,-0.0573631,-0.00319869,-0.146384,-0.0530205,-0.113738,-0.656784,0.0270846
1057,19.1444,0.321939,0,-0.0620478,-0.132817,-0.737923,-0.0480747,-0.0100755,-0.194165,-0.0620478,-0.132817,-0.664131,0.0320505
1058,19.1625,0.302857,0,-0.0732513,-0.156425,-0.743985,-0.0416961,-0.0167398,-0.239346,-0.0732513,-0.156425,-0.669586,0.0381485
1059,19.1806,0.285963,0,-0.0874422,-0.185971,-0.747254,-0.0376676,-0.0232743,-0.282091,-0.0874422,-0.185971,-0.672529,0.0457391
1060,19.1987,0.272303,0,-0.105094,-0.222389,-0.74743,-0.0355543,-0.0298459,-0.322533,-0.105094,-0.222389,-0.672687,0.0549851
1061,19.2168,0.263233,0,-0.127094,-0.266963,-0.743362,-0.0350356,-0.0366739,-0.360784,-0.127094,-0.266963,-0.669026,0.0661339
1062,19.2349,0.260303,0,-0.154099,-0.32056,-0.732821,-0.0358923,-0.0440134,-0.396931,-0.154099,-0.32056,-0.659539,0.0790486
1063,19.2531,0.266623,0,-0.187237,-0.385454,-0.713708,-0.0379942,-0.0521496,-0.431045,-0.187237,-0.385454,-0.642337,0.0935427
1064,19.2712,0.284333,0,-0.227083,-0.461441,-0.682225,-0.0412892,-0.0613994,-0.463174,-0.227083,-0.461441,-0.614002,0.108445
1065,19.2893,0.314504,0,-0.27359,-0.546995,-0.632407,-0.0457954,-0.0721187,-0.493336,-0.27359,-0.546995,-0.569166,0.121114
1066,19.3074,0.360348,0,-0.327962,-0.643018,-0.559849,-0.0515968,-0.0847127,-0.521519,-0.327962,-0.643018,-0.503864,0.128527
1067,19.3255,0.422132,0,-0.390951,-0.744653,-0.456764,-0.0588413,-0.0996502,-0.547661,-0.390951,-0.744653,-0.411088,0.125001
1068,19.3436,0.497013,0,-0.462306,-0.839327,-0.318019,-0.0677421,-0.117479,-0.571636,-0.462306,-0.839327,-0.286217,0.102916
1069,19.3617,0.581415,0,-0.535078,-0.912954,-0.138814,-0.0785815,-0.13884,-0.593224,-0.535078,-0.912954,-0.124933,0.0519936
1070,19.3798,0.666115,0,-0.601837,-0.938724,0.0745523,-0.0917174,-0.164487,-0.612078,-0.601837,-0.938724,0.0670971,-0.0314079
1071,19.398,0.744392,0,-0.657252,-0.89769,0.303393,-0.10759,-0.19529,-0.627663,-0.657252,-0.89769,0.273054,-0.139584
1072,19.4161,0.808619,0,-0.689595,-0.78407,0.51851,-0.126729,-0.232238,-0.639183,-0.689595,-0.78407,0.466659,-0.250294
1073,19.4342,0.842175,0,-0.689146,-0.601481,0.670261,-0.149755,-0.276408,-0.645475,-0.689146,-0.601481,0.603235,-0.323336
1074,19.4523,0.84441,0,-0.649505,-0.391047,0.738,-0.177377,-0.328895,-0.644866,-0.649505,-0.391047,0.6642,-0.335535
1075,19.4704,0.825342,0,-0.579312,-0.190918,0.731586,-0.210363,-0.390655,-0.634998,-0.579312,-0.190918,0.658427,-0.296671
1076,19.4885,0.792936,0,-0.489546,-0.0315357,0.669202,-0.24948,-0.46222,-0.612642,-0.489546,-0.0315357,0.602281,-0.229324
1077,19.5066,0.756428,0,-0.393622,0.0777423,0.575944,-0.295377,-0.543196,-0.573549,-0.393622,0.0777423,0.51835,-0.158693
1078,19.5247,0.726038,0,-0.297082,0.14379,0.47631,-0.348368,-0.631493,-0.512477,-0.297082,0.14379,0.428679,-0.0990523
1079,19.5428,0.7059,0,-0.212106,0.174113,0.384441,-0.40809,-0.722244,-0.423653,-0.212106,0.174113,0.345997,-0.0570796
1080,19.561,0.696843,0,-0.138378,0.182773,0.302826,-0.473007,-0.806635,-0.302044,-0.138378,0.182773,0.272543,-0.029333
1081,19.5791,0.699302,0,-0.0773198,0.184154,0.227454,-0.539835,-0.871221,-0.145822,-0.0773198,0.184154,0.204708,-0.0123107
1082,19.5972,0.710667,0,-0.0281257,0.182416,0.163355,-0.603073,-0.898962,0.0400633,-0.0281257,0.182416,0.147019,-0.00321612
1083,19.6153,0.720293,0,0.0117735,0.173221,0.112297,-0.655087,-0.873349,0.240579,0.0117735,0.173221,0.101068,0.00092549
1084,19.6334,0.723385,0,0.0430299,0.164667,0.0652698,-0.687246,-0.785666,0.430538,0.0430299,0.164667,0.0587428,0.00196599
1085,19.6515,0.715098,0,0.0664007,0.162218,0.0224933,-0.692229,-0.64215,0.580675,0.0664007,0.162218,0.0202439,0.0010455
1086,19.6696,0.69184,0,0.0863237,0.165058,-0.0180795,-0.666733,-0.465126,0.668727,0.0863237,0.165058,-0.0162716,-0.00109248
1087,19.6877,0.651807,0,0.1048,0.171985,-0.0531232,-0.613036,-0.285123,0.688713,0.1048,0.171985,-0.0478108,-0.00389713
1088,19.7059,0.596571,0,0.121321,0.181064,-0.0810719,-0.538327,-0.128579,0.651511,0.121321,0.181064,-0.0729647,-0.006885
1089,19.724,0.532622,0,0.136331,0.193255,-0.103713,-0.452192,-0.00961418,0.577128,0.136331,0.193255,-0.0933414,-0.00989749
1090,19.7421,0.467022,0,0.150035,0.207487,-0.124132,-0.363813,0.0702998,0.48535,0.150035,0.207487,-0.111719,-0.013037
1091,19.7602,0.404877,0,0.163155,0.224861,-0.142327,-0.28015,0.117596,0.390356,0.163155,0.224861,-0.128094,-0.0162549
1092,19.7783,0.34942,0,0.179074,0.24694,-0.155376,-0.205417,0.141401,0.299939,0.179074,0.24694,-0.139838,-0.0194766
1093,19.7964,0.302271,0,0.197684,0.272141,-0.162628,-0.141433,0.150252,0.217169,0.197684,0.272141,-0.146365,-0.0225043
1094,19.8145,0.264183,0,0.217564,0.300431,-0.163218,-0.088305,0.150796,0.142447,0.217564,0.300431,-0.146896,-0.0248572
1095,19.8326,0.235957,1,0.238301,0.330476,-0.155837,-0.0451088,0.147683,0.0750149,0.238301,0.330476,-0.140254,-0.0259953
1096,19.8508,0.219153,1,0.260519,0.360946,-0.139773,-0.0104026,0.143934,0.0138202,0.260519,0.360946,-0.125796,-0.0254896
1097,19.8689,0.214941,1,0.284289,0.390744,-0.114293,0.0174259,0.141405,-0.042095,0.284289,0.390744,-0.102864,-0.0227446
1098,19.887,0.223958,1,0.309483,0.419837,-0.0801929,0.039955,0.141179,-0.0934659,0.309483,0.419837,-0.0721736,-0.0173729
1099,19.9051,0.24378,1,0.335309,0.445551,-0.0372751,0.0586252,0.143865,-0.140797,0.335309,0.445551,-0.0335476,-0.00874907
1100,19.9232,0.270497,0,0.360084,0.464383,0.0133524,0.0746991,0.149807,-0.184392,0.360084,0.464383,0.0120171,0.00336558
1101,19.9413,0.301109,0,0.38348,0.474181,0.069275,0.0892596,0.15923,-0.224393,0.38348,0.474181,0.0623475,0.0185959
1102,19.9594,0.332629,0,0.402917,0.471366,0.129957,0.10323,0.172323,-0.260794,0.402917,0.471366,0.116962,0.0366535
1103,19.9775,0.36272,0,0.416372,0.455487,0.19075,0.117401,0.189299,-0.293458,0.416372,0.455487,0.171675,0.0555961
1104,19.9956,0.389281,0,0.42397,0.426407,0.246222,0.132464,0.210417,-0.322102,0.42397,0.426407,0.2216,0.0730734
1105,20.0138,0.409387,0,0.423599,0.385794,0.290094,0.149038,0.235992,-0.346276,0.423599,0.385794,0.261085,0.0860186
1106,20.0319,0.422462,0,0.415495,0.337616,0.319463,0.167687,0.266372,-0.365327,0.415495,0.337616,0.287517,0.0929148
1107,20.05,0.428556,0,0.399346,0.287118,0.333328,0.18894,0.301891,-0.378355,0.399346,0.287118,0.299995,0.0931793
1108,20.0681,0.428022,0,0.377575,0.238868,0.331254,0.213281,0.342797,-0.384158,0.377575,0.238868,0.298128,0.0875512
1109,20.0862,0.422669,0,0.351923,0.195567,0.316102,0.241134,0.389118,-0.381187,0.351923,0.195567,0.284491,0.0778703
1110,20.1043,0.413604,0,0.324001,0.16138,0.290266,0.272816,0.440473,-0.367526,0.324001,0.16138,0.26124,0.0658325
1111,20.1224,0.404618,0,0.295166,0.134545,0.259446,0.308459,0.495805,-0.34094,0.295166,0.134545,0.233501,0.0536058
1112,20.1405,0.397329,0,0.267237,0.114858,0.225452,0.347892,0.55305,-0.29904,0.267237,0.114858,0.202907,0.0421744
1113,20.1587,0.392336,0,0.241656,0.102063,0.187956,0.390475,0.608783,-0.239678,0.241656,0.102063,0.16916,0.0317944
1114,20.1768,0.391535,0,0.218749,0.0954893,0.149497,0.434916,0.657967,-0.161611,0.218749,0.0954893,0.134547,0.0228915
1115,20.1949,0.395904,0,0.19926,0.093014,0.109647,0.479098,0.694047,-0.0654808,0.19926,0.093014,0.0986821,0.0152938
1116,20.213,0.405125,0,0.182965,0.0947256,0.0700949,0.520004,0.709672,0.0450882,0.182965,0.0947256,0.0630854,0.00897742
1117,20.2311,0.417224,0,0.170416,0.0998712,0.0319525,0.553879,0.698271,0.162724,0.170416,0.0998712,0.0287572,0.00381166
1118,20.2492,0.428944,0,0.161365,0.107599,-0.00341672,0.576702,0.656302,0.276579,0.161365,0.107599,-0.00307505,-0.000385939
1119,20.2673,0.436535,0,0.155498,0.11755,-0.0361939,0.584996,0.585329,0.374174,0.155498,0.11755,-0.0325746,-0.00393966
1120,20.2854,0.436757,0,0.152688,0.13083,-0.0668192,0.576744,0.49269,0.444554,0.152688,0.13083,-0.0601373,-0.00714177
1121,20.3036,0.428533,0,0.15312,0.146341,-0.0951392,0.552059,0.389928,0.481433,0.15312,0.146341,-0.0856253,-0.0101974
1122,20.3217,0.412053,0,0.156317,0.163808,-0.12043,0.513263,0.289487,0.48468,0.156317,0.163808,-0.108387,-0.0131777
1123,20.3398,0.388545,0,0.1624,0.18327,-0.141749,0.464323,0.201329,0.45943,0.1624,0.18327,-0.127574,-0.0161141
1124,20.3579,0.360898,0,0.171339,0.205504,-0.159379,0.4099,0.13106,0.413586,0.171339,0.205504,-0.143441,-0.0191155
1125,20.376,0.332266,0,0.183405,0.230552,-0.173272,0.354407,0.0799601,0.3552,0.183405,0.230552,-0.155945,-0.0222452
1126,20.3941,0.304653,0,0.198194,0.258523,-0.181135,0.30138,0.0462568,0.290814,0.198194,0.258523,-0.163021,-0.0251299
1127,20.4122,0.280814,0,0.215737,0.289689,-0.1825,0.253232,0.0266716,0.224913,0.215737,0.289689,-0.16425,-0.0275604
1128,20.4303,0.262712,0,0.235899,0.322801,-0.176466,0.211301,0.017626,0.160158,0.235899,0.322801,-0.158819,-0.0291396
1129,20.4484,0.252385,0,0.258135,0.356799,-0.163203,0.176064,0.0159391,0.0978966,0.258135,0.356799,-0.146883,-0.0294899
1130,20.4666,0.250869,0,0.282432,0.390731,-0.141515,0.147395,0.0191099,0.0386757,0.282432,0.390731,-0.127364,-0.0279779
1131,20.4847,0.258774,0,0.308449,0.423595,-0.109932,0.124807,0.0253452,-0.0173857,0.308449,0.423595,-0.098939,-0.0237359
1132,20.5028,0.275729,0,0.335445,0.453202,-0.0680267,0.107635,0.0334686,-0.070359,0.335445,0.453202,-0.061224,-0.0159735
1133,20.5209,0.300559,0,0.362601,0.477501,-0.0178375,0.0951677,0.0427915,-0.120378,0.362601,0.477501,-0.0160538,-0.00452754
1134,20.539,0.331174,0,0.388719,0.493645,0.0413658,0.0867349,0.052989,-0.167574,0.388719,0.493645,0.0372292,0.0112558
1135,20.5571,0.364658,0,0.411863,0.497379,0.107531,0.0817545,0.0639981,-0.212056,0.411863,0.497379,0.0967778,0.0310016
1136,20.5752,0.397618,0,0.429256,0.485813,0.175242,0.0797569,0.075941,-0.253893,0.429256,0.485813,0.157718,0.0526566
1137,20.5933,0.427566,0,0.439182,0.457957,0.239458,0.0803929,0.0890728,-0.293113,0.439182,0.457957,0.215512,0.0736161
1138,20.6115,0.452073,0,0.442099,0.416483,0.292128,0.0834325,0.103748,-0.329696,0.442099,0.416483,0.262915,0.0904046
1139,20.6296,0.470415,0,0.43672,0.36575,0.331126,0.0887592,0.1204,-0.363566,0.43672,0.36575,0.298014,0.101227
1140,20.6477,0.481084,0,0.422513,0.310636,0.352875,0.0963633,0.139537,-0.394571,0.422513,0.310636,0.317588,0.104366
1141,20.6658,0.484892,0,0.400897,0.255622,0.358419,0.106335,0.161736,-0.422465,0.400897,0.255622,0.322577,0.100582
1142,20.6839,0.482066,0,0.37356,0.205194,0.348102,0.11886,0.187637,-0.446871,0.37356,0.205194,0.313292,0.0910261
1143,20.702,0.474246,0,0.34233,0.162242,0.325426,0.134212,0.217946,-0.467236,0.34233,0.162242,0.292883,0.077982
1144,20.7201,0.462667,0,0.309883,0.128818,0.293097,0.152745,0.253402,-0.482769,0.309883,0.128818,0.263787,0.0635781
1145,20.7382,0.449409,0,0.277543,0.104001,0.255283,0.174887,0.294743,-0.49237,0.277543,0.104001,0.229754,0.0495964
1146,20.7564,0.435308,0,0.248192,0.0864783,0.213041,0.201111,0.342612,-0.494531,0.248192,0.0864783,0.191737,0.0370126
1147,20.7745,0.421841,0,0.221643,0.0759374,0.168812,0.231905,0.397405,-0.487239,0.221643,0.0759374,0.151931,0.0261912
1148,20.7926,0.410866,0,0.198284,0.0713564,0.124827,0.267695,0.459017,-0.467907,0.198284,0.0713564,0.112345,0.0173259
1149,20.8107,0.403212,0,0.178566,0.07263,0.0812608,0.308736,0.526459,-0.433361,0.178566,0.07263,0.0731347,0.0101573
1150,20.8288,0.401709,0,0.162891,0.0775034,0.0407004,0.354933,0.597328,-0.380029,0.162891,0.0775034,0.0366304,0.00464082
1151,20.8469,0.406649,0,0.15151,0.085885,0.00153552,0.405593,0.667186,-0.304439,0.15151,0.085885,0.00138197,0.000162853
1152,20.865,0.419591,0,0.14383,0.0962299,-0.0359513,0.45911,0.729037,-0.204247,0.14383,0.0962299,-0.0323562,-0.00361961
1153,20.8831,0.439765,0,0.139882,0.109137,-0.0709873,0.512651,0.773323,-0.0798435,0.139882,0.109137,-0.0638886,-0.00695088
1154,20.9012,0.464814,0,0.138605,0.124805,-0.1027,0.562003,0.789038,0.063689,0.138605,0.124805,-0.0924299,-0.00996428
1155,20.9194,0.491052,0,0.140348,0.141605,-0.131265,0.601787,0.766459,0.215186,0.140348,0.141605,-0.118139,-0.012896
1156,20.9375,0.512125,0,0.145565,0.161152,-0.155949,0.626272,0.701154,0.35799,0.145565,0.161152,-0.140354,-0.0158905
1157,20.9556,0.523455,0,0.153908,0.183363,-0.176912,0.630747,0.597472,0.473591,0.153908,0.183363,-0.159221,-0.0190598
1158,20.9737,0.522228,0,0.165175,0.209148,-0.194235,0.613032,0.46892,0.547458,0.165175,0.209148,-0.174811,-0.0224579
1159,20.9918,0.508245,0,0.179415,0.238841,-0.206926,0.574364,0.334232,0.574006,0.179415,0.238841,-0.186233,-0.0259879
1160,21.0099,0.484116,0,0.196525,0.27213,-0.213972,0.519139,0.211021,0.557579,0.196525,0.27213,-0.192575,-0.0294356
1161,21.028,0.454351,0,0.216398,0.307871,-0.214833,0.453624,0.110762,0.509167,0.216398,0.307871,-0.19335,-0.0325426
1162,21.0461,0.422548,0,0.239734,0.34577,-0.206333,0.38432,0.0374065,0.44147,0.239734,0.34577,-0.185699,-0.0346254
1163,21.0643,0.393759,0,0.265733,0.384823,-0.187951,0.316683,-0.0109202,0.365158,0.265733,0.384823,-0.169156,-0.0349613
1164,21.0824,0.372234,0,0.293959,0.424569,-0.158794,0.254515,-0.0391207,0.287423,0.293959,0.424569,-0.142915,-0.0326753
1165,21.1005,0.360921,0,0.324176,0.462545,-0.119086,0.199945,-0.0528057,0.212233,0.324176,0.462545,-0.107178,-0.0270235
1166,21.1186,0.361281,0,0.355628,0.497052,-0.0681673,0.153746,-0.0569693,0.141297,0.355628,0.497052,-0.0613506,-0.0169695
1167,21.1367,0.372303,0,0.386917,0.524071,-0.00497854,0.115745,-0.0554926,0.0750195,0.386917,0.524071,-0.00448069,-0.0013484
1168,21.1548,0.391511,0,0.416897,0.537687,0.069041,0.0852043,-0.0511291,0.0131959,0.416897,0.537687,0.0621369,0.0201481
1169,21.1729,0.416088,0,0.442223,0.53462,0.148738,0.0611127,-0.0456941,-0.0445939,0.442223,0.53462,0.133864,0.0460427
1170,21.191,0.442228,0,0.45998,0.512528,0.227844,0.0423821,-0.0403014,-0.0987877,0.45998,0.512528,0.205059,0.0733625
1171,21.2092,0.466415,0,0.468986,0.471623,0.29843,0.0279683,-0.0355771,-0.149767,0.468986,0.471623,0.268587,0.0979716
1172,21.2273,0.48572,0,0.467988,0.415544,0.353686,0.0169352,-0.0318294,-0.197839,0.467988,0.415544,0.318317,0.115864
1173,21.2454,0.497571,0,0.455774,0.34992,0.38837,0.00847969,-0.029174,-0.243251,0.455774,0.34992,0.349533,0.123906
1174,21.2635,0.501003,0,0.43408,0.282515,0.399424,0.00193461,-0.0276213,-0.286199,0.43408,0.282515,0.359481,0.121367
1175,21.2816,0.498209,0,0.404029,0.218747,0.393092,-0.00324324,-0.0271349,-0.326843,0.404029,0.218747,0.353783,0.111174
1176,21.2997,0.489795,0,0.368745,0.164116,0.370453,-0.00749069,-0.0276699,-0.365321,0.368745,0.164116,0.333408,0.0956218
1177,21.3178,0.476633,0,0.330587,0.120013,0.334786,-0.0111583,-0.0291957,-0.401748,0.330587,0.120013,0.301308,0.0774732
1178,21.3359,0.461616,0,0.292007,0.0880944,0.292434,-0.0145302,-0.031711,-0.436229,0.292007,0.0880944,0.263191,0.0597749
1179,21.354,0.445967,0,0.255823,0.0651932,0.246464,-0.017842,-0.0352523,-0.468852,0.255823,0.0651932,0.221817,0.0441358
1180,21.3722,0.43016,0,0.22423,0.0523259,0.197674,-0.0212976,-0.0399004,-0.499695,0.22423,0.0523259,0.177906,0.031027
1181,21.3903,0.414923,0,0.196159,0.0455167,0.148821,-0.0250828,-0.0457854,-0.528822,0.196159,0.0455167,0.133939,0.0204348
1182,21.4084,0.400454,0,0.17171,0.0449511,0.10026,-0.0293786,-0.0530931,-0.556277,0.17171,0.0449511,0.0902342,0.012051
1183,21.4265,0.388097,0,0.152104,0.0491407,0.0540862,-0.0343727,-0.0620719,-0.582087,0.152104,0.0491407,0.0486776,0.00575871
1184,21.4446,0.37799,0,0.137487,0.056926,0.0103072,-0.0402701,-0.0730422,-0.606247,0.137487,0.056926,0.00927645,0.000991968
1185,21.4627,0.369826,0,0.127262,0.0668802,-0.0317693,-0.0473046,-0.0864081,-0.628714,0.127262,0.0668802,-0.0285923,-0.00283012
1186,21.4808,0.364478,0,0.120992,0.0790104,-0.0712125,-0.0557498,-0.102672,-0.649388,0.120992,0.0790104,-0.0640913,-0.00603131
1187,21.4989,0.362864,0,0.117829,0.0925175,-0.106811,-0.065931,-0.122449,-0.668089,0.117829,0.0925175,-0.0961296,-0.00880977
1188,21.5171,0.365257,0,0.117661,0.107428,-0.139189,-0.0782383,-0.146486,-0.684524,0.117661,0.107428,-0.12527,-0.011464
1189,21.5352,0.372903,0,0.120704,0.124392,-0.16776,-0.0931399,-0.175678,-0.69823,0.120704,0.124392,-0.150984,-0.0141745
1190,21.5533,0.386475,0,0.126684,0.14368,-0.193088,-0.111196,-0.211071,-0.708505,0.126684,0.14368,-0.173779,-0.0171227
1191,21.5714,0.40686,0,0.135253,0.16578,-0.215785,-0.133068,-0.253858,-0.714297,0.135253,0.16578,-0.194207,-0.0204299
1192,21.5895,0.435787,0,0.146308,0.19096,-0.234581,-0.159524,-0.305326,-0.714057,0.146308,0.19096,-0.211123,-0.0240248
1193,21.6076,0.475099,0,0.160269,0.220631,-0.24897,-0.191428,-0.366738,-0.705549,0.160269,0.220631,-0.224073,-0.0279316
1194,21.6257,0.52574,0,0.177444,0.254613,-0.258731,-0.229694,-0.43909,-0.685604,0.177444,0.254613,-0.232858,-0.0321372
1195,21.6438,0.588379,0,0.198119,0.292545,-0.262589,-0.275194,-0.522648,-0.649891,0.198119,0.292545,-0.23633,-0.0364168
1196,21.662,0.662777,0,0.222261,0.333504,-0.257339,-0.328562,-0.616179,-0.592778,0.222261,0.333504,-0.231605,-0.0400376
1197,21.6801,0.747225,0,0.250019,0.37708,-0.240616,-0.389864,-0.715771,-0.507561,0.250019,0.37708,-0.216554,-0.0421111
1198,21.6982,0.837778,0,0.280871,0.423106,-0.212035,-0.458079,-0.813335,-0.387477,0.280871,0.423106,-0.190832,-0.0416882
1199,21.7163,0.927164,0,0.314479,0.469207,-0.170696,-0.530399,-0.895266,-0.228092,0.314479,0.469207,-0.153626,-0.0375762
1200,21.7344,1.0045,0,0.349419,0.511892,-0.1173,-0.601529,-0.942549,-0.0313515,0.349419,0.511892,-0.10557,-0.0286908
1201,21.7525,1.05728,0,0.384941,0.547833,-0.0508202,-0.663425,-0.934272,0.189652,0.384941,0.547833,-0.0457382,-0.0136939
1202,21.7706,1.07186,0,0.420067,0.571245,0.0315317,-0.706137,-0.855712,0.40849,0.420067,0.571245,0.0283785,0.00927181
1203,21.7887,1.03937,0,0.452165,0.575671,0.123978,-0.720242,-0.708382,0.590358,0.452165,0.575671,0.11158,0.0392409
1204,21.8068,0.961212,0,0.476588,0.557435,0.217689,-0.700267,-0.514596,0.705078,0.476588,0.557435,0.19592,0.0726237
1205,21.825,0.849414,0,0.490728,0.514414,0.305357,-0.647233,-0.3102,0.740754,0.490728,0.514414,0.274821,0.104893
1206,21.8431,0.72407,0,0.492897,0.451823,0.377505,-0.568519,-0.129012,0.707447,0.492897,0.451823,0.339755,0.13025
1207,21.8612,0.602941,0,0.481896,0.374603,0.424794,-0.475061,0.0095149,0.628649,0.481896,0.374603,0.382314,0.143295
1208,21.8793,0.49784,0,0.458532,0.293485,0.442035,-0.377774,0.102205,0.528854,0.458532,0.293485,0.397831,0.141881
1209,21.8974,0.41119,0,0.424495,0.2166,0.436907,-0.285073,0.156432,0.425781,0.424495,0.2166,0.393217,0.129826
1210,21.9155,0.342207,0,0.383891,0.150264,0.411837,-0.202083,0.183223,0.328982,0.383891,0.150264,0.370653,0.11067
1211,21.9336,0.287403,0,0.34007,0.0974795,0.371478,-0.131024,0.192879,0.241977,0.34007,0.0974795,0.33433,0.0884299
1212,21.9517,0.243762,1,0.295422,0.0594137,0.323987,-0.0720612,0.193298,0.164953,0.295422,0.0594137,0.291588,0.0669989
1213,21.9699,0.20959,1,0.252934,0.0335559,0.271601,-0.0241334,0.189899,0.0967448,0.252934,0.0335559,0.244441,0.048088
1214,21.988,0.183713,1,0.21576,0.0196448,0.21756,0.0144148,0.186126,0.0359118,0.21576,0.0196448,0.195804,0.0328585
1215,22.0061,0.165011,1,0.183099,0.0120847,0.163316,0.0454264,0.184045,-0.0187881,0.183099,0.0120847,0.146985,0.0209322
1216,22.0242,0.151655,1,0.154616,0.0106923,0.109584,0.0706952,0.184833,-0.0682648,0.154616,0.0106923,0.0986256,0.0118604
1217,22.0423,0.143055,1,0.132543,0.0153895,0.0588073,0.0918478,0.189127,-0.113104,0.132543,0.0153895,0.0529266,0.00545617
1218,22.0604,0.139001,1,0.115464,0.0223944,0.0117844,0.110301,0.197266,-0.153616,0.115464,0.0223944,0.010606,0.000952471
1219,22.0785,0.137749,1,0.10264,0.0308932,-0.0335569,0.12726,0.209439,-0.189888,0.10264,0.0308932,-0.0302012,-0.00241099
1220,22.0966,0.138776,1,0.0936956,0.0406073,-0.0769604,0.143741,0.225781,-0.221812,0.0936956,0.0406073,-0.0692644,-0.0050476
1221,22.1148,0.14252,1,0.0880726,0.0511585,-0.116625,0.160596,0.246416,-0.249102,0.0880726,0.0511585,-0.104962,-0.00719001
1222,22.1329,0.148646,1,0.085827,0.0629074,-0.152152,0.178549,0.271466,-0.271284,0.085827,0.0629074,-0.136937,-0.00914111
1223,22.151,0.156463,1,0.0866922,0.0767387,-0.18425,0.198209,0.30103,-0.287685,0.0866922,0.0767387,-0.165825,-0.0111811
1224,22.1691,0.165978,1,0.0899794,0.092462,-0.214767,0.220091,0.335131,-0.297407,0.0899794,0.092462,-0.19329,-0.0135272
1225,22.1872,0.177651,1,0.0956325,0.110256,-0.243414,0.244603,0.373624,-0.299312,0.0956325,0.110256,-0.219072,-0.0162948
1226,22.2053,0.192101,1,0.103298,0.130176,-0.269566,0.272029,0.416068,-0.292026,0.103298,0.130176,-0.242609,-0.0194919
1227,22.2234,0.208868,1,0.113276,0.153766,-0.29272,0.30248,0.461547,-0.273987,0.113276,0.153766,-0.263448,-0.0232107
1228,22.2415,0.228069,1,0.126031,0.180783,-0.311839,0.33582,0.508464,-0.243578,0.126031,0.180783,-0.280655,-0.027511
1229,22.2596,0.24896,1,0.141481,0.21216,-0.32556,0.371568,0.554332,-0.199379,0.141481,0.21216,-0.293004,-0.0322424
1230,22.2778,0.27065,0,0.160856,0.248546,-0.335061,0.408784,0.595631,-0.140593,0.160856,0.248546,-0.301555,-0.0377277
1231,22.2959,0.29208,0,0.184226,0.289931,-0.338221,0.445965,0.627866,-0.0676228,0.184226,0.289931,-0.304399,-0.0436163
1232,22.314,0.311615,0,0.211346,0.336381,-0.333101,0.481002,0.645965,0.0172651,0.211346,0.336381,-0.299791,-0.0492798
1233,22.3321,0.326391,0,0.242449,0.387515,-0.315949,0.511261,0.64515,0.109441,0.242449,0.387515,-0.284354,-0.053621
1234,22.3502,0.333995,0,0.277857,0.443278,-0.285027,0.533844,0.622211,0.201914,0.277857,0.443278,-0.256524,-0.0554377
1235,22.3683,0.332949,0,0.31701,0.50058,-0.237572,0.546052,0.576841,0.286154,0.31701,0.50058,-0.213815,-0.0527189
1236,22.3864,0.323725,0,0.358365,0.554169,-0.172986,0.54596,0.512407,0.353757,0.358365,0.554169,-0.155687,-0.0433945
1237,22.4045,0.307747,0,0.401444,0.600194,-0.0911979,0.532927,0.435595,0.398439,0.401444,0.600194,-0.0820781,-0.0256276
1238,22.4227,0.286694,0,0.444631,0.630891,0.0095939,0.507836,0.354873,0.417515,0.444631,0.630891,0.00863451,0.00298602
1239,22.4408,0.266113,0,0.483555,0.638196,0.124298,0.472948,0.278385,0.412173,0.483555,0.638196,0.111869,0.0420736
1240,22.4589,0.25117,0,0.513023,0.614481,0.242424,0.431414,0.212198,0.386532,0.513023,0.614481,0.218182,0.0870586
1241,22.477,0.245203,1,0.530016,0.559246,0.353339,0.386649,0.159538,0.346074,0.530016,0.559246,0.318005,0.131092
1242,22.4951,0.247234,1,0.531187,0.475982,0.442812,0.341784,0.121008,0.296201,0.531187,0.475982,0.398531,0.164651
1243,22.5132,0.250835,0,0.515607,0.37347,0.4956,0.299303,0.0953921,0.241356,0.515607,0.37347,0.44604,0.178875
1244,22.5313,0.252358,0,0.483403,0.268986,0.510389,0.260924,0.0805517,0.184738,0.483403,0.268986,0.45935,0.172706
1245,22.5494,0.251823,0,0.43837,0.173471,0.497155,0.227635,0.0741386,0.128416,0.43837,0.173471,0.447439,0.152556
1246,22.5676,0.2476,1,0.385639,0.0937895,0.459624,0.199837,0.0740274,0.0736121,0.385639,0.0937895,0.413661,0.124074
1247,22.5857,0.240072,1,0.330545,0.0342155,0.405076,0.177512,0.0785153,0.0209898,0.330545,0.0342155,0.364568,0.0937272
1248,22.6038,0.232228,1,0.276188,-0.00534157,0.345008,0.160377,0.0863673,-0.0291127,0.276188,-0.00534157,0.310507,0.0667009
1249,22.6219,0.222159,1,0.225857,-0.029473,0.278534,0.14802,0.0967777,-0.0765241,0.225857,-0.029473,0.25068,0.0440361
1250,22.64,0.214158,1,0.182085,-0.0414454,0.215156,0.139992,0.1093,-0.121141,0.182085,-0.0414454,0.193641,0.0274237
1251,22.6581,0.207736,1,0.143944,-0.0454666,0.154554,0.135873,0.123771,-0.162868,0.143944,-0.0454666,0.139098,0.0155729
1252,22.6762,0.203141,1,0.113313,-0.043828,0.0974704,0.135309,0.140244,-0.201582,0.113313,-0.043828,0.0877233,0.00773127
1253,22.6943,0.200667,1,0.0893523,-0.038442,0.0448075,0.138036,0.158931,-0.237106,0.0893523,-0.038442,0.0403268,0.00280256
1254,22.7124,0.200779,1,0.069809,-0.0333833,-0.00490187,0.143889,0.180166,-0.269184,0.069809,-0.0333833,-0.00441168,-0.000239536
1255,22.7306,0.202603,1,0.054241,-0.0273968,-0.0530835,0.152801,0.204362,-0.297456,0.054241,-0.0273968,-0.0477751,-0.00201551
1256,22.7487,0.207275,1,0.0424384,-0.0217442,-0.0988511,0.164797,0.231983,-0.321426,0.0424384,-0.0217442,-0.0889659,-0.00293655
1257,22.7668,0.2156,1,0.0346989,-0.0157173,-0.139476,0.179983,0.263504,-0.34042,0.0346989,-0.0157173,-0.125528,-0.00338777
1258,22.7849,0.226899,1,0.0299816,-0.00986148,-0.179117,0.19853,0.299356,-0.353547,0.0299816,-0.00986148,-0.161205,-0.00375914
1259,22.803,0.242061,1,0.0269851,-0.00334148,-0.216485,0.220646,0.339851,-0.359644,0.0269851,-0.00334148,-0.194837,-0.00408931
1260,22.8211,0.261666,0,0.0254278,0.00349942,-0.252706,0.246536,0.385061,-0.357248,0.0254278,0.00349942,-0.227435,-0.00449803
1261,22.8392,0.28678,0,0.0252219,0.0100033,-0.286732,0.276347,0.434643,-0.344574,0.0252219,0.0100033,-0.258058,-0.00506233
1262,22.8573,0.317188,0,0.0260944,0.0173173,-0.318275,0.310081,0.487609,-0.319573,0.0260944,0.0173173,-0.286447,-0.00581363
1263,22.8755,0.352133,0,0.0285285,0.026494,-0.347097,0.347474,0.54203,-0.2801,0.0285285,0.026494,-0.312387,-0.00693151
1264,22.8936,0.391183,0,0.0327388,0.0374253,-0.37382,0.387852,0.594741,-0.224265,0.0327388,0.0374253,-0.336438,-0.00856688
1265,22.9117,0.433469,0,0.0383408,0.050835,-0.399755,0.429956,0.641144,-0.151041,0.0383408,0.050835,-0.35978,-0.0107288
1266,22.9298,0.477239,0,0.0457065,0.0668032,-0.423659,0.471789,0.675314,-0.0611121,0.0457065,0.0668032,-0.381293,-0.0135548
1267,22.9479,0.520174,0,0.0548493,0.0852642,-0.445232,0.510568,0.690653,0.0421775,0.0548493,0.0852642,-0.400708,-0.0170945
1268,22.966,0.559185,0,0.0657906,0.106033,-0.463925,0.542856,0.681261,0.15218,0.0657906,0.106033,-0.417532,-0.0213653
1269,22.9841,0.590594,0,0.0782007,0.130212,-0.479466,0.564985,0.643873,0.259179,0.0782007,0.130212,-0.431519,-0.0262462
1270,23.0022,0.611297,0,0.0929404,0.158917,-0.492361,0.573757,0.579656,0.351941,0.0929404,0.158917,-0.443125,-0.0320322
1271,23.0204,0.619137,0,0.110556,0.192439,-0.501537,0.567244,0.494867,0.420399,0.110556,0.192439,-0.451383,-0.0388136
1272,23.0385,0.61301,0,0.131583,0.231236,-0.504786,0.545394,0.399625,0.458411,0.131583,0.231236,-0.454307,-0.046495
1273,23.0566,0.594313,0,0.156663,0.276165,-0.501146,0.510153,0.305155,0.465201,0.156663,0.276165,-0.451032,-0.0549577
1274,23.0747,0.566773,0,0.186119,0.329562,-0.490117,0.465008,0.220816,0.444811,0.186119,0.329562,-0.441106,-0.0638542
1275,23.0928,0.533776,0,0.220865,0.392217,-0.467604,0.414184,0.152281,0.404066,0.220865,0.392217,-0.420843,-0.072294
1276,23.1109,0.501111,0,0.261693,0.464529,-0.431641,0.361794,0.101333,0.350283,0.261693,0.464529,-0.388477,-0.0790702
1277,23.129,0.473022,0,0.309318,0.543556,-0.376662,0.311238,0.0668409,0.289662,0.309318,0.543556,-0.338996,-0.0815559
1278,23.1471,0.450539,0,0.362897,0.619601,-0.293378,0.264927,0.046085,0.226659,0.362897,0.619601,-0.264041,-0.0745264
1279,23.1652,0.440486,0,0.420034,0.686565,-0.182897,0.224285,0.0358843,0.164063,0.420034,0.686565,-0.164607,-0.053776
1280,23.1834,0.445294,0,0.476291,0.734673,-0.0412205,0.189914,0.0332945,0.103404,0.476291,0.734673,-0.0370984,-0.0137431
1281,23.2015,0.465209,0,0.527753,0.74957,0.123337,0.161825,0.0359314,0.0453995,0.527753,0.74957,0.111004,0.0455641
1282,23.2196,0.490815,0,0.569045,0.712813,0.287614,0.139653,0.0420442,-0.00969193,0.569045,0.712813,0.258853,0.114566
1283,23.2377,0.517618,0,0.591293,0.624985,0.442403,0.122837,0.0504601,-0.0618359,0.591293,0.624985,0.398163,0.183113
1284,23.2558,0.53788,0,0.588409,0.497205,0.559035,0.110754,0.0604788,-0.111085,0.588409,0.497205,0.503131,0.230259
1285,23.2739,0.545604,0,0.561315,0.346123,0.621939,0.102798,0.0717635,-0.15751,0.561315,0.346123,0.559745,0.244373
1286,23.292,0.539744,0,0.512292,0.197466,0.629431,0.0984409,0.0842457,-0.201158,0.512292,0.197466,0.566488,0.225717
1287,23.3101,0.524168,0,0.445986,0.0699187,0.595724,0.0972574,0.0980528,-0.242043,0.445986,0.0699187,0.536151,0.185979
1288,23.3283,0.499667,0,0.372243,-0.0249848,0.529276,0.0989356,0.113455,-0.28013,0.372243,-0.0249848,0.476348,0.137913
1289,23.3464,0.472324,0,0.298,-0.0861995,0.449042,0.10328,0.130832,-0.315322,0.298,-0.0861995,0.404137,0.0936699
1290,23.3645,0.44813,0,0.226832,-0.125227,0.368621,0.110208,0.150649,-0.347446,0.226832,-0.125227,0.331759,0.0585305
1291,23.3826,0.427534,0,0.163739,-0.144855,0.290932,0.119742,0.173445,-0.37623,0.163739,-0.144855,0.261839,0.0333459
1292,23.4007,0.410523,0,0.110626,-0.152913,0.215751,0.132006,0.199818,-0.401268,0.110626,-0.152913,0.194175,0.0167073
1293,23.4188,0.400548,0,0.0658687,-0.153984,0.149807,0.147213,0.230412,-0.421978,0.0658687,-0.153984,0.134826,0.00690732
1294,23.4369,0.395741,0,0.0303786,-0.149499,0.0906465,0.165656,0.265884,-0.437548,0.0303786,-0.149499,0.0815819,0.0019276
1295,23.455,0.397018,0,0.00146362,-0.145363,0.0365523,0.187692,0.306853,-0.446863,0.00146362,-0.145363,0.0328971,3.74492e-05
1296,23.4732,0.405444,0,-0.0220756,-0.143844,-0.0126485,0.213714,0.353801,-0.448432,-0.0220756,-0.143844,-0.0113836,0.000195456
1297,23.4913,0.421323,0,-0.0411128,-0.144919,-0.0573362,0.244107,0.406911,-0.440316,-0.0411128,-0.144919,-0.0516025,0.00165007
1298,23.5094,0.44284,0,-0.0566257,-0.145293,-0.10056,0.279173,0.465825,-0.420085,-0.0566257,-0.145293,-0.0905038,0.00398599
1299,23.5275,0.473072,0,-0.0694907,-0.149268,-0.139856,0.319015,0.529277,-0.38487,-0.0694907,-0.149268,-0.125871,0.0068031
1300,23.5456,0.512768,0,-0.0814972,-0.157837,-0.174534,0.363368,0.594637,-0.331602,-0.0814972,-0.157837,-0.157081,0.00995683
1301,23.5637,0.559975,0,-0.092842,-0.169553,-0.206515,0.411371,0.657418,-0.257551,-0.092842,-0.169553,-0.185864,0.0134213
1302,23.5818,0.61253,0,-0.104687,-0.183227,-0.236656,0.461304,0.710952,-0.161308,-0.104687,-0.183227,-0.21299,0.0173424
1303,23.5999,0.667726,0,-0.116882,-0.200002,-0.263455,0.510355,0.74661,-0.0441983,-0.116882,-0.200002,-0.23711,0.0215552
1304,23.618,0.721199,0,-0.130155,-0.22022,-0.286561,0.554562,0.755028,0.0881895,-0.130155,-0.22022,-0.257905,0.0261082
1305,23.6362,0.768148,0,-0.145987,-0.245044,-0.30568,0.589103,0.728604,0.225174,-0.145987,-0.245044,-0.275112,0.0312377
1306,23.6543,0.802585,0,-0.163667,-0.274947,-0.320568,0.609073,0.664755,0.351938,-0.163667,-0.274947,-0.288511,0.0367264
1307,23.6724,0.819628,0,-0.183649,-0.308925,-0.331189,0.610672,0.568398,0.452857,-0.183649,-0.308925,-0.29807,0.0425757
1308,23.6905,0.817454,0,-0.207081,-0.348221,-0.335597,0.592389,0.451735,0.516232,-0.207081,-0.348221,-0.302038,0.048647
1309,23.7086,0.796251,0,-0.233677,-0.39418,-0.330077,0.555628,0.330766,0.537965,-0.233677,-0.39418,-0.29707,0.0539919
1310,23.7267,0.759334,0,-0.263627,-0.444538,-0.313457,0.504389,0.220218,0.522016,-0.263627,-0.444538,-0.282111,0.0578449
1311,23.7448,0.713303,0,-0.297989,-0.497895,-0.285036,0.444178,0.1297,0.477666,-0.297989,-0.497895,-0.256532,0.0594564
1312,23.7629,0.664245,0,-0.33597,-0.552518,-0.241394,0.380661,0.0626619,0.415612,-0.33597,-0.552518,-0.217255,0.0567708
1313,23.7811,0.618236,0,-0.377347,-0.605067,-0.178825,0.318621,0.0177371,0.344998,-0.377347,-0.605067,-0.160942,0.0472353
1314,23.7992,0.580709,0,-0.419333,-0.649727,-0.0989554,0.261451,-0.00905802,0.272187,-0.419333,-0.649727,-0.0890598,0.0290467
1315,23.8173,0.555198,0,-0.460726,-0.67985,-0.00201401,0.211113,-0.0224319,0.200886,-0.460726,-0.67985,-0.00181261,0.000649534
1316,23.8354,0.542175,0,-0.498736,-0.687076,0.106703,0.168389,-0.026682,0.132862,-0.498736,-0.687076,0.0960327,-0.0372517
1317,23.8535,0.539856,0,-0.52871,-0.667968,0.220569,0.133218,-0.0252221,0.0687127,-0.52871,-0.667968,0.198512,-0.0816321
1318,23.8716,0.542201,0,-0.546529,-0.618097,0.32518,0.105022,-0.0205186,0.00843495,-0.546529,-0.618097,0.292662,-0.124404
1319,23.8897,0.543263,0,-0.549139,-0.539641,0.409808,0.0829593,-0.0142187,-0.0482183,-0.549139,-0.539641,0.368828,-0.157529
1320,23.9078,0.54243,0,-0.535215,-0.443751,0.473465,0.0661036,-0.00733514,-0.101555,-0.535215,-0.443751,0.426119,-0.177384
1321,23.926,0.532978,0,-0.505892,-0.34465,0.496763,0.0535594,-0.000423125,-0.151866,-0.505892,-0.34465,0.447087,-0.175916
1322,23.9441,0.513702,0,-0.464624,-0.252617,0.482818,0.0445238,0.0062747,-0.199394,-0.464624,-0.252617,0.434537,-0.15703
1323,23.9622,0.4889,0,-0.415558,-0.173582,0.445846,0.038316,0.0127197,-0.244342,-0.415558,-0.173582,0.401261,-0.129692
1324,23.9803,0.461941,0,-0.36257,-0.114731,0.394825,0.0343842,0.019001,-0.286872,-0.36257,-0.114731,0.355342,-0.100206
1325,23.9984,0.437039,0,-0.310432,-0.0745286,0.340398,0.0323011,0.025286,-0.327119,-0.310432,-0.0745286,0.306358,-0.0739694
1326,24.0165,0.411524,0,-0.261571,-0.0507213,0.279174,0.0317517,0.03179,-0.365194,-0.261571,-0.0507213,0.251257,-0.0511167
1327,24.0346,0.387471,0,-0.218911,-0.0390131,0.216173,0.0325206,0.0387605,-0.401187,-0.218911,-0.0390131,0.194556,-0.0331258
1328,24.0527,0.366972,0,-0.182909,-0.0354439,0.156465,0.0344787,0.0464725,-0.435174,-0.182909,-0.0354439,0.140819,-0.0200333
1329,24.0708,0.350431,0,-0.153894,-0.0384044,0.101107,0.0375728,0.0552302,-0.467205,-0.153894,-0.0384044,0.0909964,-0.0108918
1330,24.089,0.336912,0,-0.130032,-0.0446101,0.0494094,0.0418178,0.0653738,-0.497309,-0.130032,-0.0446101,0.0444685,-0.00449736
1331,24.1071,0.326676,0,-0.111664,-0.0514216,0.00207601,0.0472918,0.0772906,-0.525483,-0.111664,-0.0514216,0.00186841,-0.000162271
1332,24.1252,0.318628,0,-0.0977487,-0.0588343,-0.0428343,0.0541344,0.0914287,-0.55168,-0.0977487,-0.0588343,-0.0385509,0.0029309
1333,24.1433,0.311587,0,-0.0882772,-0.0667303,-0.0880751,0.062548,0.108312,-0.575796,-0.0882772,-0.0667303,-0.0792676,0.00544251
1334,24.1614,0.308302,0,-0.0825361,-0.0761135,-0.129528,0.0728015,0.128557,-0.597641,-0.0825361,-0.0761135,-0.116575,0.00748349
1335,24.1795,0.308806,0,-0.0789613,-0.0865159,-0.167681,0.0852369,0.152888,-0.616911,-0.0789613,-0.0865159,-0.150913,0.00926823
1336,24.1976,0.311992,0,-0.0779747,-0.0963645,-0.205729,0.100277,0.182151,-0.633132,-0.0779747,-0.0963645,-0.185156,0.0112292
1337,24.2157,0.32107,0,-0.0789133,-0.106935,-0.239174,0.118432,0.217315,-0.645591,-0.0789133,-0.106935,-0.215257,0.0132118
1338,24.2339,0.336033,0,-0.0812638,-0.11872,-0.2703,0.140307,0.259455,-0.65324,-0.0812638,-0.11872,-0.24327,0.0153759
1339,24.252,0.357785,0,-0.0856757,-0.13176,-0.300294,0.166597,0.309697,-0.65456,-0.0856757,-0.13176,-0.270265,0.0180096
1340,24.2701,0.38872,0,-0.0925668,-0.147892,-0.328696,0.198072,0.36909,-0.647391,-0.0925668,-0.147892,-0.295826,0.0212984
1341,24.2882,0.430709,0,-0.101517,-0.16774,-0.353837,0.235526,0.438363,-0.628742,-0.101517,-0.16774,-0.318453,0.0251442
1342,24.3063,0.484556,0,-0.112691,-0.191073,-0.374674,0.27968,0.517487,-0.594606,-0.112691,-0.191073,-0.337207,0.0295557
1343,24.3244,0.550043,0,-0.126194,-0.217553,-0.391381,0.330995,0.604979,-0.539916,-0.126194,-0.217553,-0.352242,0.034573
1344,24.3425,0.626468,0,-0.141913,-0.247707,-0.405043,0.389365,0.696875,-0.458835,-0.141913,-0.247707,-0.364539,0.0402365
1345,24.3606,0.712282,0,-0.160613,-0.282174,-0.414783,0.453656,0.78551,-0.345766,-0.160613,-0.282174,-0.373304,0.0466336
1346,24.3788,0.803498,0,-0.182648,-0.321538,-0.418697,0.521121,0.858548,-0.197489,-0.182648,-0.321538,-0.376827,0.0535319
1347,24.3969,0.893747,0,-0.208625,-0.367568,-0.414672,0.586848,0.899357,-0.0165826,-0.208625,-0.367568,-0.373205,0.0605576
1348,24.415,0.97293,0,-0.239224,-0.420621,-0.400062,0.643622,0.890208,0.18482,-0.239224,-0.420621,-0.360055,0.0669932
1349,24.4331,1.02878,0,-0.274542,-0.479804,-0.372624,0.68273,0.819012,0.383598,-0.274542,-0.479804,-0.335362,0.0716107
1350,24.4512,1.05064,0,-0.314654,-0.543689,-0.330233,0.696023,0.687317,0.549948,-0.314654,-0.543689,-0.29721,0.0727365
1351,24.4693,1.03191,0,-0.359208,-0.608271,-0.268432,0.678729,0.513847,0.657879,-0.359208,-0.608271,-0.241589,0.067496
1352,24.4874,0.974489,0,-0.406992,-0.668846,-0.184109,0.631567,0.328812,0.696212,-0.406992,-0.668846,-0.165698,0.0524515
1353,24.5055,0.887808,0,-0.456168,-0.717031,-0.0754085,0.560707,0.161577,0.672003,-0.456168,-0.717031,-0.0678676,0.0240793
1354,24.5236,0.787024,0,-0.503178,-0.741466,0.0523823,0.475578,0.0302991,0.604317,-0.503178,-0.741466,0.0471441,-0.0184504
1355,24.5418,0.687026,0,-0.542593,-0.731461,0.192138,0.38589,-0.0605129,0.514259,-0.542593,-0.731461,0.172924,-0.0729768
1356,24.5599,0.601459,0,-0.56962,-0.682785,0.324685,0.299428,-0.115957,0.418063,-0.56962,-0.682785,0.292217,-0.129463
1357,24.578,0.535023,0,-0.580081,-0.597146,0.436476,0.221194,-0.145115,0.325232,-0.580081,-0.597146,0.392828,-0.177234
1358,24.5961,0.485475,0,-0.570375,-0.485134,0.514296,0.153592,-0.157076,0.239874,-0.570375,-0.485134,0.462866,-0.205339
1359,24.6142,0.447463,0,-0.540956,-0.3642,0.552112,0.0970964,-0.159159,0.16286,-0.540956,-0.3642,0.4969,-0.209068
1360,24.6323,0.412967,0,-0.494385,-0.248944,0.547097,0.0509646,-0.156584,0.0935692,-0.494385,-0.248944,0.492387,-0.189334
1361,24.6504,0.37957,0,-0.437484,-0.153414,0.508989,0.0138169,-0.152792,0.0309216,-0.437484,-0.153414,0.45809,-0.155872
1362,24.6685,0.346856,0,-0.3756,-0.082416,0.450365,-0.0159705,-0.149914,-0.0261196,-0.3756,-0.082416,0.405329,-0.11841
1363,24.6867,0.316072,0,-0.314463,-0.0353845,0.381447,-0.0400261,-0.149209,-0.0783713,-0.314463,-0.0353845,0.343302,-0.0839656
1364,24.7048,0.290403,0,-0.256898,-0.00535184,0.312744,-0.0598552,-0.151385,-0.126404,-0.256898,-0.00535184,0.281469,-0.0562403
1365,24.7229,0.268345,0,-0.205626,0.0110772,0.243233,-0.076787,-0.15684,-0.170569,-0.205626,0.0110772,0.218909,-0.0350104
1366,24.741,0.2519,0,-0.162713,0.0170618,0.178719,-0.0919653,-0.165817,-0.211038,-0.162713,0.0170618,0.160847,-0.0203559
1367,24.7591,0.240336,1,-0.126274,0.0166797,0.119308,-0.106365,-0.178507,-0.247829,-0.126274,0.0166797,0.107377,-0.0105459
1368,24.7772,0.232013,1,-0.0970119,0.0131497,0.0620415,-0.120817,-0.19511,-0.280816,-0.0970119,0.0131497,0.0558374,-0.00421313
1369,24.7953,0.226457,1,-0.0748833,0.00644619,0.00758316,-0.136045,-0.215865,-0.309726,-0.0748833,0.00644619,0.00682484,-0.000397496
1370,24.8134,0.225588,1,-0.0577009,7.00378e-05,-0.0417062,-0.152685,-0.241059,-0.334117,-0.0577009,7.00378e-05,-0.0375356,0.00168454
1371,24.8316,0.229553,1,-0.0438285,-0.00364373,-0.0881204,-0.171317,-0.271008,-0.35335,-0.0438285,-0.00364373,-0.0793084,0.00270353
1372,24.8497,0.237999,1,-0.0330635,-0.00566076,-0.133497,-0.19247,-0.306012,-0.366539,-0.0330635,-0.00566076,-0.120147,0.00308972
1373,24.8678,0.251662,0,-0.0251476,-0.00758493,-0.175982,-0.216624,-0.34628,-0.37251,-0.0251476,-0.00758493,-0.158384,0.00309787
1374,24.8859,0.270616,0,-0.0189727,-0.0109435,-0.215087,-0.244194,-0.391801,-0.369755,-0.0189727,-0.0109435,-0.193578,0.00285654
1375,24.904,0.296774,0,-0.0142073,-0.0123637,-0.250419,-0.275482,-0.44216,-0.35642,-0.0142073,-0.0123637,-0.225377,0.00249044
1376,24.9221,0.329803,0,-0.0104095,-0.0125119,-0.283859,-0.310602,-0.496281,-0.330355,-0.0104095,-0.0125119,-0.255473,0.00206838
1377,24.9402,0.369989,0,-0.00688877,-0.0111712,-0.316916,-0.349367,-0.552116,-0.289289,-0.00688877,-0.0111712,-0.285224,0.00152821
1378,24.9583,0.416889,0,-0.0039724,-0.00847818,-0.349927,-0.391134,-0.606308,-0.231206,-0.0039724,-0.00847818,-0.314934,0.000973035
1379,24.9764,0.468899,0,-0.00121696,-0.00522562,-0.380553,-0.434627,-0.653976,-0.154993,-0.00121696,-0.00522562,-0.342498,0.000324182
1380,24.9946,0.524171,0,0.00186632,-0.00136674,-0.410098,-0.477779,-0.688817,-0.0613614,0.00186632,-0.00136674,-0.369089,-0.000535762
1381,25.0127,0.579624,0,0.00520563,0.00367087,-0.43757,-0.51767,-0.703814,0.0461214,0.00520563,0.00367087,-0.393813,-0.00159448
1382,25.0308,0.630976,0,0.00862358,0.00887647,-0.463607,-0.550684,-0.692735,0.160339,0.00862358,0.00887647,-0.417247,-0.00279857
1383,25.0489,0.674628,0,0.0125203,0.0163554,-0.487751,-0.572967,-0.652236,0.270906,0.0125203,0.0163554,-0.438975,-0.00427476
1384,25.067,0.707354,0,0.0176213,0.026587,-0.511531,-0.581189,-0.583806,0.365906,0.0176213,0.026587,-0.460378,-0.00630971
1385,25.0851,0.72539,0,0.0239374,0.0385934,-0.533497,-0.573411,-0.494385,0.434842,0.0239374,0.0385934,-0.480147,-0.00893936
1386,25.1032,0.727551,0,0.0316585,0.0534221,-0.552608,-0.549713,-0.394916,0.471594,0.0316585,0.0534221,-0.497347,-0.0122463
1387,25.1213,0.715127,0,0.0410977,0.0715683,-0.569118,-0.512283,-0.297278,0.475844,0.0410977,0.0715683,-0.512206,-0.0163726
1388,25.1395,0.691489,0,0.0523018,0.0932034,-0.58422,-0.464896,-0.211099,0.452302,0.0523018,0.0932034,-0.525798,-0.021389
1389,25.1576,0.660034,0,0.0657958,0.118928,-0.59686,-0.41202,-0.141938,0.408414,0.0657958,0.118928,-0.537174,-0.0274896
1390,25.1757,0.624708,0,0.0820626,0.15015,-0.606716,-0.357924,-0.0912379,0.351889,0.0820626,0.15015,-0.546045,-0.0348521
1391,25.1938,0.589061,0,0.101595,0.188193,-0.613375,-0.306068,-0.057473,0.289087,0.101595,0.188193,-0.552037,-0.0436209
1392,25.2119,0.555585,0,0.124936,0.233766,-0.615254,-0.258842,-0.0375992,0.224447,0.124936,0.233766,-0.553729,-0.053807
1393,25.23,0.526324,0,0.15268,0.287947,-0.610039,-0.217607,-0.0282153,0.160662,0.15268,0.287947,-0.549035,-0.0651983
1394,25.2481,0.503781,0,0.186261,0.353378,-0.594399,-0.182883,-0.0262545,0.0991417,0.186261,0.353378,-0.534959,-0.0774992
1395,25.2662,0.490598,0,0.226718,0.429298,-0.564784,-0.154596,-0.0292794,0.0404982,0.226718,0.429298,-0.508306,-0.0896328
1396,25.2844,0.490551,0,0.274834,0.51479,-0.518387,-0.132309,-0.0355274,-0.015093,0.274834,0.51479,-0.466549,-0.0997294
1397,25.3025,0.504819,0,0.33082,0.606294,-0.44548,-0.115401,-0.0438337,-0.0676592,0.33082,0.606294,-0.400932,-0.103161
1398,25.3206,0.53472,0,0.392622,0.696174,-0.340697,-0.1032,-0.0535129,-0.117299,0.392622,0.696174,-0.306628,-0.0936357
1399,25.3387,0.58227,0,0.460033,0.776866,-0.203089,-0.0950656,-0.0642415,-0.164118,0.460033,0.776866,-0.18278,-0.0653993
1400,25.3568,0.641143,0,0.525537,0.83003,-0.026689,-0.0904425,-0.0759596,-0.208197,0.525537,0.83003,-0.0240201,-0.00981824
1401,25.3749,0.707406,0,0.584544,0.838662,0.183532,-0.0888832,-0.0887964,-0.24958,0.584544,0.838662,0.165179,0.0750977
1402,25.393,0.764857,0,0.630499,0.778209,0.389418,-0.0900582,-0.103018,-0.288266,0.630499,0.778209,0.350476,0.171869
1403,25.4111,0.802722,0,0.649887,0.646877,0.566595,-0.0937563,-0.118995,-0.324202,0.649887,0.646877,0.509936,0.257756
1404,25.4292,0.814722,0,0.635011,0.469162,0.683694,-0.0998795,-0.137181,-0.357267,0.635011,0.469162,0.615324,0.303907
1405,25.4474,0.800361,0,0.589825,0.278287,0.727971,-0.108437,-0.158104,-0.387255,0.589825,0.278287,0.655174,0.300563
1406,25.4655,0.763973,0,0.520288,0.10358,0.708577,-0.119539,-0.182357,-0.413843,0.520288,0.10358,0.637719,0.258065
1407,25.4836,0.70828,0,0.433108,-0.0379078,0.637797,-0.133387,-0.210595,-0.43656,0.433108,-0.0379078,0.574017,0.193364
1408,25.5017,0.644059,0,0.341788,-0.131258,0.540114,-0.150271,-0.243511,-0.454729,0.341788,-0.131258,0.486102,0.129223
1409,25.5198,0.58289,0,0.253742,-0.184283,0.443499,-0.170555,-0.28181,-0.467403,0.253742,-0.184283,0.399149,0.0787741
1410,25.5379,0.527208,0,0.17452,-0.211718,0.354038,-0.194659,-0.32613,-0.473284,0.17452,-0.211718,0.318634,0.0432506
1411,25.556,0.477887,0,0.108284,-0.22132,0.271753,-0.223031,-0.37693,-0.470637,0.108284,-0.22132,0.244578,0.0205985
1412,25.5741,0.437693,0,0.0515478,-0.223429,0.202808,-0.256085,-0.434282,-0.457212,0.0515478,-0.223429,0.182528,0.00731803
1413,25.5923,0.404079,0,0.00364249,-0.222571,0.140362,-0.294115,-0.497564,-0.430216,0.00364249,-0.222571,0.126326,0.000357887
1414,25.6104,0.381607,0,-0.0334129,-0.217331,0.0865868,-0.337151,-0.565017,-0.386413,-0.0334129,-0.217331,0.0779281,-0.00202518
1415,25.6285,0.369421,0,-0.0618389,-0.214477,0.0378245,-0.384749,-0.633201,-0.322473,-0.0618389,-0.214477,0.0340421,-0.00163732
1416,25.6466,0.368185,0,-0.0863702,-0.215178,-0.00552356,-0.435722,-0.696467,-0.235728,-0.0863702,-0.215178,-0.0049712,0.000333949
1417,25.6647,0.379224,0,-0.107148,-0.217697,-0.0440544,-0.487844,-0.746732,-0.125446,-0.107148,-0.217697,-0.0396489,0.00330424
1418,25.6828,0.400145,0,-0.124662,-0.223748,-0.0779749,-0.537637,-0.774056,0.00545645,-0.124662,-0.223748,-0.0701774,0.00680438
1419,25.7009,0.426237,0,-0.140546,-0.234641,-0.109023,-0.580415,-0.76855,0.148836,-0.140546,-0.234641,-0.0981203,0.0107259
1420,25.719,0.453189,0,-0.155876,-0.248858,-0.137662,-0.610804,-0.723651,0.291004,-0.155876,-0.248858,-0.123896,0.0150207
1421,25.7372,0.475085,0,-0.170728,-0.265782,-0.161318,-0.62382,-0.63973,0.414866,-0.170728,-0.265782,-0.145186,0.0192791
1422,25.7553,0.48668,0,-0.186506,-0.286116,-0.17979,-0.616265,-0.525868,0.504606,-0.186506,-0.286116,-0.161811,0.0234724
1423,25.7734,0.485742,0,-0.203341,-0.310744,-0.192315,-0.587856,-0.397939,0.550908,-0.203341,-0.310744,-0.173084,0.0273739
1424,25.7915,0.473382,0,-0.221696,-0.339722,-0.198408,-0.541488,-0.273485,0.553667,-0.221696,-0.339722,-0.178567,0.0307904
1425,25.8096,0.45333,0,-0.242678,-0.373338,-0.197809,-0.482419,-0.166247,0.520634,-0.242678,-0.373338,-0.178028,0.0336027
1426,25.8277,0.431016,0,-0.266372,-0.410119,-0.190794,-0.416835,-0.0832731,0.463314,-0.266372,-0.410119,-0.171715,0.0355755
1427,25.8458,0.409803,0,-0.292909,-0.447008,-0.175184,-0.350463,-0.0252747,0.392834,-0.292909,-0.447008,-0.157665,0.035919
1428,25.8639,0.393134,0,-0.321579,-0.48439,-0.148212,-0.287701,0.0111243,0.317601,-0.321579,-0.48439,-0.133391,0.0333633
1429,25.882,0.38386,0,-0.351908,-0.520292,-0.108771,-0.231346,0.0309637,0.242838,-0.351908,-0.520292,-0.0978936,0.0267941
1430,25.9002,0.383323,0,-0.382357,-0.551255,-0.057384,-0.182762,0.0392671,0.17121,-0.382357,-0.551255,-0.0516456,0.0153588
1431,25.9183,0.391054,0,-0.411969,-0.573121,0.00463459,-0.142223,0.0402195,0.103732,-0.411969,-0.573121,0.00417113,-0.00133652
1432,25.9364,0.406134,0,-0.439332,-0.583337,0.0746039,-0.109296,0.0369451,0.0405334,-0.439332,-0.583337,0.0671435,-0.0229431
1433,25.9545,0.425921,0,-0.462114,-0.579343,0.146797,-0.0831516,0.0315929,-0.0186454,-0.462114,-0.579343,0.132117,-0.0474858
1434,25.9726,0.446299,0,-0.478179,-0.557726,0.217047,-0.0627986,0.0255356,-0.0741788,-0.478179,-0.557726,0.195342,-0.0726512
1435,25.9907,0.463885,0,-0.485171,-0.519559,0.277434,-0.0472324,0.019579,-0.126431,-0.485171,-0.519559,0.249691,-0.0942222
1436,26.0088,0.479685,0,-0.48383,-0.470289,0.328907,-0.0355232,0.0141401,-0.175714,-0.48383,-0.470289,0.296016,-0.111395
1437,26.0269,0.491167,0,-0.473703,-0.41333,0.365408,-0.0268594,0.00938483,-0.22228,-0.473703,-0.41333,0.328867,-0.121166
1438,26.0451,0.495283,0,-0.454417,-0.353486,0.380918,-0.0205622,0.00532632,-0.266337,-0.454417,-0.353486,0.342826,-0.121167
1439,26.0632,0.491114,0,-0.427572,-0.294791,0.374759,-0.0160821,0.00189244,-0.308055,-0.427572,-0.294791,0.337283,-0.112166
1440,26.0813,0.481261,0,-0.395549,-0.243126,0.352332,-0.0129868,-0.00103084,-0.347577,-0.395549,-0.243126,0.317099,-0.0975553
1441,26.0994,0.468639,0,-0.360053,-0.199174,0.321179,-0.0109447,-0.00357322,-0.38503,-0.360053,-0.199174,0.289061,-0.080949
1442,26.1175,0.454566,0,-0.323386,-0.166291,0.283575,-0.00970822,-0.00586576,-0.420528,-0.323386,-0.166291,0.255217,-0.0641928
1443,26.1356,0.439966,0,-0.289563,-0.145026,0.241012,-0.00909794,-0.00803445,-0.454175,-0.289563,-0.145026,0.21691,-0.0488516
1444,26.1537,0.425208,0,-0.25902,-0.133142,0.195677,-0.00898919,-0.0101989,-0.486067,-0.25902,-0.133142,0.176109,-0.0354789
1445,26.1718,0.410961,0,-0.232133,-0.12738,0.149898,-0.0093011,-0.0124739,-0.516293,-0.232133,-0.12738,0.134908,-0.0243573
1446,26.19,0.39795,0,-0.209995,-0.127447,0.105016,-0.00998811,-0.0149733,-0.544938,-0.209995,-0.127447,0.0945148,-0.015437
1447,26.2081,0.38578,0,-0.192381,-0.131995,0.060817,-0.0110338,-0.0178147,-0.572077,-0.192381,-0.131995,0.0547353,-0.00819001
1448,26.2262,0.374913,0,-0.178466,-0.137964,0.019035,-0.0124469,-0.0211249,-0.597783,-0.178466,-0.137964,0.0171315,-0.00237797
1449,26.2443,0.36448,0,-0.167928,-0.145609,-0.0217962,-0.0142588,-0.0250464,-0.622119,-0.167928,-0.145609,-0.0196165,0.00256213
1450,26.2624,0.356289,0,-0.161431,-0.157897,-0.0591344,-0.0165232,-0.0297446,-0.645142,-0.161431,-0.157897,-0.053221,0.00668231
1451,26.2805,0.349647,0,-0.158611,-0.173052,-0.0938244,-0.0193165,-0.0354155,-0.666897,-0.158611,-0.173052,-0.084442,0.0104171
1452,26.2986,0.344293,0,-0.159591,-0.189756,-0.126045,-0.0227408,-0.0422958,-0.687419,-0.159591,-0.189756,-0.11344,0.0140809
1453,26.3167,0.339695,0,-0.163474,-0.207494,-0.156324,-0.026927,-0.0506734,-0.706724,-0.163474,-0.207494,-0.140692,0.0178885
1454,26.3348,0.336281,0,-0.169734,-0.227492,-0.183934,-0.0320403,-0.0609011,-0.724806,-0.169734,-0.227492,-0.16554,0.0218539
1455,26.353,0.335213,0,-0.178411,-0.24993,-0.206547,-0.0382873,-0.0734121,-0.741626,-0.178411,-0.24993,-0.185892,0.0257952
1456,26.3711,0.33636,0,-0.189794,-0.275564,-0.224357,-0.0459245,-0.0887388,-0.757097,-0.189794,-0.275564,-0.201921,0.0298071
1457,26.3892,0.340356,0,-0.204116,-0.3048,-0.235843,-0.0552695,-0.107534,-0.771061,-0.204116,-0.3048,-0.212259,0.0336976
1458,26.4073,0.346997,0,-0.221556,-0.338393,-0.24098,-0.0667136,-0.130593,-0.783256,-0.221556,-0.338393,-0.216882,0.0373733
1459,26.4254,0.355677,0,-0.242559,-0.376274,-0.240026,-0.080737,-0.158881,-0.793264,-0.242559,-0.376274,-0.216023,0.0407542
1460,26.4435,0.366291,0,-0.266732,-0.416824,-0.231088,-0.0979248,-0.19355,-0.800439,-0.266732,-0.416824,-0.207979,0.043147
1461,26.4616,0.378934,0,-0.294415,-0.460351,-0.212489,-0.118983,-0.235946,-0.803792,-0.294415,-0.460351,-0.19124,0.043792
1462,26.4797,0.392973,0,-0.325568,-0.505049,-0.182724,-0.144751,-0.28758,-0.801833,-0.325568,-0.505049,-0.164452,0.0416424
1463,26.4979,0.407746,0,-0.359212,-0.547119,-0.139328,-0.176198,-0.350042,-0.79235,-0.359212,-0.547119,-0.125395,0.0350338
1464,26.516,0.422369,0,-0.394157,-0.584797,-0.0812727,-0.214397,-0.424779,-0.772119,-0.394157,-0.584797,-0.0731455,0.0224239
1465,26.5341,0.434616,0,-0.427631,-0.612134,-0.00936796,-0.260446,-0.512654,-0.736572,-0.427631,-0.612134,-0.00843116,0.00280422
1466,26.5522,0.442712,0,-0.458539,-0.624453,0.0737011,-0.315281,-0.613144,-0.679514,-0.458539,-0.624453,0.066331,-0.0236564
1467,26.5703,0.444185,0,-0.484761,-0.617984,0.161686,-0.37935,-0.723014,-0.593138,-0.484761,-0.617984,0.145517,-0.0548654
1468,26.5884,0.437257,0,-0.503745,-0.589754,0.246015,-0.45203,-0.83444,-0.468853,-0.503745,-0.589754,0.221414,-0.0867504
1469,26.6065,0.424063,0,-0.512535,-0.541531,0.321516,-0.530802,-0.932989,-0.299705,-0.512535,-0.541531,0.289364,-0.115352
1470,26.6246,0.407272,0,-0.508876,-0.476527,0.380269,-0.610285,-0.996856,-0.0851187,-0.508876,-0.476527,0.342242,-0.135457
1471,26.6428,0.389799,0,-0.493034,-0.402213,0.413482,-0.681631,-1,0.162659,-0.493034,-0.402213,0.372134,-0.142703
1472,26.6609,0.376739,0,-0.465899,-0.326363,0.420408,-0.733178,-0.921611,0.414188,-0.465899,-0.326363,0.378367,-0.137107
1473,26.679,0.367642,0,-0.430459,-0.257196,0.4064,-0.753183,-0.759759,0.62722,-0.430459,-0.257196,0.36576,-0.122457
1474,26.6971,0.357799,0,-0.390033,-0.199647,0.375407,-0.734191,-0.539464,0.762887,-0.390033,-0.199647,0.337866,-0.102495
1475,26.7152,0.343116,0,-0.347699,-0.15552,0.332904,-0.676664,-0.30477,0.804807,-0.347699,-0.15552,0.299614,-0.0810252
1476,26.7333,0.322083,0,-0.306634,-0.127112,0.285104,-0.589125,-0.0980647,0.765278,-0.306634,-0.127112,0.256593,-0.0611958
1477,26.7514,0.298775,0,-0.269358,-0.109049,0.233727,-0.484641,0.0569114,0.67408,-0.269358,-0.109049,0.210354,-0.0440694
1478,26.7695,0.277695,0,-0.235972,-0.0988828,0.179536,-0.376181,0.157439,0.561615,-0.235972,-0.0988828,0.161583,-0.0296559
1479,26.7876,0.261212,0,-0.207836,-0.0964047,0.126023,-0.273503,0.213689,0.448863,-0.207836,-0.0964047,0.113421,-0.0183345
1480,26.8058,0.250442,0,-0.185167,-0.0999625,0.0762501,-0.182291,0.239559,0.346215,-0.185167,-0.0999625,0.0686251,-0.0098833
1481,26.8239,0.245494,1,-0.167078,-0.106239,0.028906,-0.10478,0.247335,0.256736,-0.167078,-0.106239,0.0260154,-0.00338068
1482,26.842,0.245931,1,-0.153509,-0.11505,-0.0161863,-0.0408734,0.245998,0.179785,-0.153509,-0.11505,-0.0145677,0.00173932
1483,26.8601,0.250576,0,-0.143739,-0.126323,-0.0575358,0.0108336,0.241428,0.113435,-0.143739,-0.126323,-0.0517822,0.0057891
1484,26.8782,0.258938,0,-0.138261,-0.139321,-0.0961299,0.0523306,0.237202,0.0556987,-0.138261,-0.139321,-0.0865169,0.00930369
1485,26.8963,0.270661,0,-0.136861,-0.154272,-0.130687,0.0857401,0.23536,0.00498717,-0.136861,-0.154272,-0.117618,0.0125202
1486,26.9144,0.286099,0,-0.139171,-0.171643,-0.162073,0.113073,0.236987,-0.0397946,-0.139171,-0.171643,-0.145866,0.0157891
1487,26.9325,0.305448,0,-0.144163,-0.191841,-0.191532,0.136116,0.242605,-0.0793045,-0.144163,-0.191841,-0.172379,0.0193283
1488,26.9507,0.328593,0,-0.151914,-0.214472,-0.218161,0.156391,0.25242,-0.113849,-0.151914,-0.214472,-0.196345,0.0231991
1489,26.9688,0.354757,0,-0.161737,-0.238195,-0.240261,0.175167,0.266466,-0.143456,-0.161737,-0.238195,-0.216235,0.0272013
1490,26.9869,0.385489,0,-0.174363,-0.265384,-0.256944,0.193478,0.284685,-0.167932,-0.174363,-0.265384,-0.231249,0.031361
1491,27.005,0.421313,0,-0.190299,-0.296303,-0.268282,0.212154,0.306954,-0.186885,-0.190299,-0.296303,-0.241453,0.0357377
1492,27.0231,0.462647,0,-0.209924,-0.331419,-0.273416,0.231845,0.333066,-0.199748,-0.209924,-0.331419,-0.246075,0.0401776
1493,27.0412,0.509469,0,-0.23274,-0.37087,-0.273504,0.253036,0.362693,-0.205795,-0.23274,-0.37087,-0.246153,0.0445587
1494,27.0593,0.560919,0,-0.258685,-0.41352,-0.265495,0.276045,0.395301,-0.204164,-0.258685,-0.41352,-0.238945,0.0480757
1495,27.0774,0.616935,0,-0.287706,-0.460133,-0.246699,0.301012,0.430065,-0.193914,-0.287706,-0.460133,-0.222029,0.0496838
1496,27.0956,0.67572,0,-0.320437,-0.507799,-0.215511,0.327862,0.465745,-0.174119,-0.320437,-0.507799,-0.19396,0.0483403
1497,27.1137,0.733956,0,-0.355073,-0.55268,-0.170038,0.356267,0.500597,-0.144031,-0.355073,-0.55268,-0.153034,0.0422631
1498,27.1318,0.789514,0,-0.391655,-0.592793,-0.109705,0.385584,0.532309,-0.103317,-0.391655,-0.592793,-0.0987344,0.0300765
1499,27.1499,0.83819,0,-0.427844,-0.624011,-0.0346088,0.414823,0.558056,-0.0523649,-0.427844,-0.624011,-0.0311479,0.010365
1500,27.168,0.875206,0,-0.461685,-0.641048,0.0532515,0.442626,0.574714,0.00738828,-0.461685,-0.641048,0.0479263,-0.0172098
1501,27.1861,0.895428,0,-0.490724,-0.637975,0.149477,0.467317,0.579282,0.0731997,-0.490724,-0.637975,0.134529,-0.0513463
1502,27.2042,0.894463,0,-0.511463,-0.610729,0.242101,0.487041,0.569506,0.140986,-0.511463,-0.610729,0.217891,-0.0866781
1503,27.2223,0.872329,0,-0.522294,-0.561641,0.324468,0.499996,0.544559,0.205643,-0.522294,-0.561641,0.292021,-0.118627
1504,27.2404,0.829386,0,-0.520005,-0.492983,0.390287,0.504731,0.505537,0.261766,-0.520005,-0.492983,0.351258,-0.142066
1505,27.2586,0.770398,0,-0.504688,-0.41309,0.43005,0.500446,0.455538,0.304623,-0.504688,-0.41309,0.387045,-0.151929
1506,27.2767,0.701161,0,-0.476952,-0.331014,0.44119,0.487201,0.399166,0.331077,-0.476952,-0.331014,0.397071,-0.147298
1507,27.2948,0.62842,0,-0.439738,-0.255603,0.428478,0.465951,0.341603,0.340112,-0.439738,-0.255603,0.385631,-0.131893
1508,27.3129,0.557443,0,-0.396847,-0.192521,0.396945,0.438386,0.287578,0.332768,-0.396847,-0.192521,0.357251,-0.110269
1509,27.331,0.491449,0,-0.351772,-0.143698,0.352689,0.406643,0.240598,0.311587,-0.351772,-0.143698,0.31742,-0.0868465
1510,27.3491,0.43299,0,-0.307417,-0.112095,0.301577,0.372963,0.202629,0.279843,-0.307417,-0.112095,0.27142,-0.064897
1511,27.3672,0.382464,0,-0.266897,-0.0925767,0.248217,0.339402,0.174224,0.240841,-0.266897,-0.0925767,0.223395,-0.0463738
1512,27.3853,0.339559,0,-0.230904,-0.0814404,0.193041,0.307639,0.154894,0.197458,-0.230904,-0.0814404,0.173737,-0.0312018
1513,27.4035,0.305138,0,-0.20042,-0.0787302,0.138937,0.278896,0.143562,0.151958,-0.20042,-0.0787302,0.125044,-0.0194921
1514,27.4216,0.279028,0,-0.175777,-0.0814212,0.0875069,0.253958,0.138935,0.105997,-0.175777,-0.0814212,0.0787562,-0.0107672
1515,27.4397,0.260753,0,-0.156245,-0.0878254,0.0387142,0.23323,0.139772,0.0607244,-0.156245,-0.0878254,0.0348428,-0.00423423
1516,27.4578,0.249621,1,-0.141313,-0.0958308,-0.00849041,0.216839,0.145026,0.016929,-0.141313,-0.0958308,-0.00764137,0.000839863
1517,27.4759,0.244711,1,-0.129839,-0.104923,-0.0517932,0.204722,0.153906,-0.0248382,-0.129839,-0.104923,-0.0466139,0.00470734
1518,27.494,0.246027,1,-0.122642,-0.114857,-0.0923672,0.196706,0.165874,-0.0641618,-0.122642,-0.114857,-0.0831304,0.00792964
1519,27.5121,0.253582,0,-0.119232,-0.127345,-0.129725,0.192576,0.180623,-0.100687,-0.119232,-0.127345,-0.116752,0.0108271
1520,27.5302,0.266546,0,-0.119251,-0.14152,-0.163987,0.192117,0.198031,-0.134067,-0.119251,-0.14152,-0.147588,0.013689
1521,27.5484,0.285236,0,-0.12225,-0.159085,-0.19644,0.195147,0.218115,-0.16392,-0.12225,-0.159085,-0.176796,0.0168104
1522,27.5665,0.308579,0,-0.127529,-0.17858,-0.226551,0.201527,0.240984,-0.189798,-0.127529,-0.17858,-0.203896,0.0202243
1523,27.5846,0.33604,0,-0.135235,-0.199057,-0.253075,0.211169,0.266792,-0.211157,-0.135235,-0.199057,-0.227767,0.0239571
1524,27.6027,0.368513,0,-0.145333,-0.222647,-0.275491,0.224028,0.295675,-0.227332,-0.145333,-0.222647,-0.247941,0.0280265
1525,27.6208,0.406845,0,-0.15904,-0.25043,-0.292657,0.240085,0.327695,-0.237517,-0.15904,-0.25043,-0.263391,0.032581
1526,27.6389,0.450378,0,-0.175682,-0.281612,-0.304706,0.259323,0.36275,-0.240753,-0.175682,-0.281612,-0.274235,0.0374719
1527,27.657,0.499717,0,-0.195469,-0.317661,-0.311817,0.281686,0.400474,-0.235945,-0.195469,-0.317661,-0.280636,0.0426655
1528,27.6751,0.554237,0,-0.218595,-0.357928,-0.31349,0.307028,0.440112,-0.221902,-0.218595,-0.357928,-0.282141,0.0479691
1529,27.6932,0.613099,0,-0.245022,-0.402409,-0.30643,0.335045,0.480382,-0.197457,-0.245022,-0.402409,-0.275787,0.0525575
1530,27.7114,0.67552,0,-0.274927,-0.451756,-0.288891,0.365195,0.519344,-0.161651,-0.274927,-0.451756,-0.260001,0.0555966
1531,27.7295,0.738905,0,-0.30869,-0.503693,-0.259136,0.396616,0.554338,-0.114034,-0.30869,-0.503693,-0.233222,0.0559948
1532,27.7476,0.799262,0,-0.34543,-0.554961,-0.214399,0.428056,0.582047,-0.0550539,-0.34543,-0.554961,-0.192959,0.0518419
1533,27.7657,0.852541,0,-0.384875,-0.602382,-0.152281,0.457848,0.598785,0.0135271,-0.384875,-0.602382,-0.137053,0.0410264
1534,27.7838,0.893789,0,-0.425092,-0.641567,-0.073063,0.483967,0.601069,0.0883173,-0.425092,-0.641567,-0.0657567,0.0217409
1535,27.8019,0.917202,0,-0.463135,-0.665714,0.0223081,0.504206,0.586432,0.164291,-0.463135,-0.665714,0.0200773,-0.00723217
1536,27.82,0.919365,0,-0.497516,-0.668946,0.129398,0.516475,0.554291,0.23527,-0.497516,-0.668946,0.116458,-0.0450642
1537,27.8381,0.897101,0,-0.522991,-0.644471,0.235839,0.519181,0.50651,0.294928,-0.522991,-0.644471,0.212255,-0.0863391
1538,27.8563,0.853203,0,-0.537667,-0.593265,0.331307,0.511592,0.447349,0.338059,-0.537667,-0.593265,0.298176,-0.124693
1539,27.8744,0.79159,0,-0.538006,-0.518733,0.408664,0.494043,0.382662,0.361674,-0.538006,-0.518733,0.367798,-0.153905
1540,27.8925,0.718882,0,-0.523237,-0.429243,0.458699,0.46792,0.318612,0.36546,-0.523237,-0.429243,0.412829,-0.168006
1541,27.9106,0.641839,0,-0.494323,-0.335991,0.477116,0.435404,0.260407,0.351463,-0.494323,-0.335991,0.429404,-0.165094
1542,27.9287,0.56614,0,-0.453874,-0.25071,0.466037,0.399065,0.211505,0.323221,-0.453874,-0.25071,0.419433,-0.148066
1543,27.9468,0.495404,0,-0.406908,-0.178756,0.432578,0.361454,0.173449,0.284763,-0.406908,-0.178756,0.38932,-0.123213
1544,27.9649,0.431386,0,-0.357234,-0.123159,0.38327,0.324784,0.146203,0.239828,-0.357234,-0.123159,0.344943,-0.095842
1545,27.983,0.375638,0,-0.307696,-0.0874734,0.32721,0.290756,0.128709,0.191445,-0.307696,-0.0874734,0.294489,-0.070477
1546,28.0012,0.328217,0,-0.261932,-0.0649817,0.269179,0.26052,0.119433,0.141841,-0.261932,-0.0649817,0.242261,-0.0493545
1547,28.0193,0.289262,0,-0.221879,-0.0525173,0.210299,0.234726,0.116776,0.0925315,-0.221879,-0.0525173,0.189269,-0.0326625
1548,28.0374,0.258675,0,-0.187376,-0.0484922,0.152989,0.213632,0.119322,0.0445031,-0.187376,-0.0484922,0.13769,-0.0200665
1549,28.0555,0.237041,1,-0.159664,-0.0508896,0.0980127,0.197221,0.125953,-0.001615,-0.159664,-0.0508896,0.0882115,-0.0109543
1550,28.0736,0.223459,1,-0.137365,-0.0572401,0.0462052,0.185305,0.135874,-0.0454068,-0.137365,-0.0572401,0.0415847,-0.00444288
1551,28.0917,0.21702,1,-0.120203,-0.0651045,-0.00329107,0.177613,0.148586,-0.0865661,-0.120203,-0.0651045,-0.00296196,0.000276918
1552,28.1098,0.216246,1,-0.106832,-0.072113,-0.0485231,0.173861,0.163845,-0.124826,-0.106832,-0.072113,-0.0436708,0.00362867
1553,28.1279,0.220671,1,-0.0974211,-0.0789897,-0.0919143,0.173789,0.181604,-0.159907,-0.0974211,-0.0789897,-0.0827228,0.00626808
1554,28.146,0.230321,1,-0.0913371,-0.0872661,-0.133325,0.17719,0.201965,-0.191484,-0.0913371,-0.0872661,-0.119993,0.00852427
1555,28.1642,0.245201,1,-0.0884346,-0.0971959,-0.171227,0.183924,0.225132,-0.219153,-0.0884346,-0.0971959,-0.154104,0.0105997
1556,28.1823,0.265374,0,-0.0880726,-0.109984,-0.208031,0.19392,0.25136,-0.242399,-0.0880726,-0.109984,-0.187228,0.0128253
1557,28.2004,0.289532,0,-0.08945,-0.122973,-0.240918,0.207166,0.280908,-0.260569,-0.08945,-0.122973,-0.216826,0.0150851
1558,28.2185,0.31795,0,-0.0929743,-0.136577,-0.271183,0.223693,0.313973,-0.272842,-0.0929743,-0.136577,-0.244065,0.0176492
1559,28.2366,0.351484,0,-0.0988517,-0.152305,-0.299479,0.243555,0.350615,-0.278209,-0.0988517,-0.152305,-0.269531,0.0207228
1560,28.2547,0.391333,0,-0.107576,-0.172139,-0.326085,0.26678,0.39064,-0.27546,-0.107576,-0.172139,-0.293476,0.0245552
1561,28.2728,0.436711,0,-0.118675,-0.195104,-0.348646,0.293326,0.433471,-0.263216,-0.118675,-0.195104,-0.313781,0.0289628
1562,28.2909,0.487291,0,-0.131901,-0.221529,-0.366974,0.323002,0.477972,-0.240016,-0.131901,-0.221529,-0.330276,0.033883
1563,28.3091,0.542356,0,-0.147678,-0.251125,-0.381255,0.355381,0.522268,-0.204494,-0.147678,-0.251125,-0.34313,0.0394121
1564,28.3272,0.601414,0,-0.16615,-0.285233,-0.391519,0.389692,0.563603,-0.155688,-0.16615,-0.285233,-0.352367,0.0455355
1565,28.3453,0.663099,0,-0.187993,-0.324262,-0.397703,0.424717,0.598313,-0.0934912,-0.187993,-0.324262,-0.357933,0.0523357
1566,28.3634,0.725197,0,-0.213536,-0.369537,-0.396776,0.458725,0.622047,-0.0192024,-0.213536,-0.369537,-0.357098,0.059308
1567,28.3815,0.78379,0,-0.243257,-0.420528,-0.385196,0.489488,0.630338,0.0639656,-0.243257,-0.420528,-0.346676,0.0655911
1568,28.3996,0.834543,0,-0.277195,-0.476889,-0.359725,0.514434,0.619565,0.150666,-0.277195,-0.476889,-0.323753,0.0697999
1569,28.4177,0.87396,0,-0.315672,-0.537884,-0.320052,0.530972,0.588115,0.233786,-0.315672,-0.537884,-0.288047,0.0707221
1570,28.4358,0.897322,0,-0.35823,-0.59936,-0.262012,0.536957,0.537336,0.305548,-0.35823,-0.59936,-0.235811,0.0657026
1571,28.454,0.902723,0,-0.404323,-0.657855,-0.182681,0.531176,0.471746,0.359142,-0.404323,-0.657855,-0.164413,0.0517035
1572,28.4721,0.889353,0,-0.452097,-0.70554,-0.0806523,0.513698,0.398223,0.390302,-0.452097,-0.70554,-0.0725871,0.0255238
1573,28.4902,0.85818,0,-0.497724,-0.730961,0.0402172,0.48592,0.324386,0.398138,-0.497724,-0.730961,0.0361955,-0.0140119
1574,28.5083,0.81255,0,-0.536117,-0.724685,0.174458,0.450298,0.256854,0.384883,-0.536117,-0.724685,0.157012,-0.0654708
1575,28.5264,0.759377,0,-0.563803,-0.682759,0.304175,0.409851,0.200074,0.354804,-0.563803,-0.682759,0.273758,-0.120046
1576,28.5445,0.702195,0,-0.575786,-0.604754,0.415004,0.367622,0.156021,0.312855,-0.575786,-0.604754,0.373504,-0.167268
1577,28.5626,0.644268,0,-0.568731,-0.500036,0.496075,0.32626,0.124619,0.263606,-0.568731,-0.500036,0.446467,-0.197493
1578,28.5807,0.587909,0,-0.542919,-0.384374,0.539112,0.287785,0.10448,0.210688,-0.542919,-0.384374,0.485201,-0.204886
1579,28.5988,0.532375,0,-0.500265,-0.272067,0.541791,0.253535,0.0936341,0.156669,-0.500265,-0.272067,0.487612,-0.189727
1580,28.617,0.478087,0,-0.446074,-0.175792,0.510287,0.224238,0.0900596,0.103215,-0.446074,-0.175792,0.459258,-0.159338
1581,28.6351,0.426534,0,-0.386617,-0.101336,0.456459,0.200143,0.0919938,0.0513285,-0.386617,-0.101336,0.410813,-0.123533
1582,28.6532,0.379398,0,-0.326861,-0.0512117,0.390751,0.181171,0.0980613,0.0015861,-0.326861,-0.0512117,0.351676,-0.0894049
1583,28.6713,0.338334,0,-0.269792,-0.018931,0.323978,0.167047,0.107292,-0.0456829,-0.269792,-0.018931,0.29158,-0.0611846
1584,28.6894,0.30258,0,-0.218311,-0.000497295,0.254988,0.157402,0.119082,-0.0902717,-0.218311,-0.000497295,0.229489,-0.0389667
1585,28.7075,0.275029,0,-0.174997,0.00751558,0.190954,0.151856,0.133129,-0.132017,-0.174997,0.00751558,0.171859,-0.0233915
1586,28.7256,0.254308,0,-0.137952,0.00791644,0.131,0.150067,0.14937,-0.17075,-0.137952,0.00791644,0.1179,-0.0126502
1587,28.7437,0.239829,1,-0.10806,0.00458591,0.0736874,0.15176,0.167922,-0.206258,-0.10806,0.00458591,0.0663187,-0.00557384
1588,28.7619,0.231913,1,-0.0853496,-0.00211253,0.0190446,0.156744,0.189033,-0.238259,-0.0853496,-0.00211253,0.0171402,-0.00113782
1589,28.78,0.230106,1,-0.0675364,-0.00806437,-0.0298941,0.164917,0.213043,-0.266376,-0.0675364,-0.00806437,-0.0269047,0.00141326
1590,28.7981,0.232614,1,-0.0534144,-0.012179,-0.0760643,0.176263,0.24034,-0.290098,-0.0534144,-0.012179,-0.0684578,0.00284405
1591,28.8162,0.238719,1,-0.0423932,-0.0145848,-0.122141,0.190838,0.271315,-0.308756,-0.0423932,-0.0145848,-0.109927,0.00362457
1592,28.8343,0.250427,0,-0.034553,-0.0170823,-0.165405,0.208759,0.30631,-0.321473,-0.034553,-0.0170823,-0.148865,0.00400068
1593,28.8524,0.268466,0,-0.0285692,-0.0212121,-0.205573,0.230169,0.345529,-0.327136,-0.0285692,-0.0212121,-0.185015,0.00411113
1594,28.8705,0.291442,0,-0.0238046,-0.0235814,-0.241858,0.255201,0.388927,-0.324367,-0.0238046,-0.0235814,-0.217673,0.00403014
1595,28.8886,0.319759,0,-0.0203631,-0.0253615,-0.276129,0.283922,0.436044,-0.311532,-0.0203631,-0.0253615,-0.248516,0.00393599
1596,28.9068,0.352841,0,-0.0173426,-0.0257701,-0.309361,0.316247,0.485795,-0.286807,-0.0173426,-0.0257701,-0.278425,0.00375558
1597,28.9249,0.391035,0,-0.0152594,-0.0250061,-0.343174,0.351832,0.536225,-0.248367,-0.0152594,-0.0250061,-0.308857,0.00366563
1598,28.943,0.434317,0,-0.0136792,-0.0245036,-0.374653,0.38994,0.584275,-0.194725,-0.0136792,-0.0245036,-0.337188,0.00358747
1599,28.9611,0.481524,0,-0.0122633,-0.0244263,-0.404574,0.429299,0.625666,-0.125291,-0.0122633,-0.0244263,-0.364116,0.00347298
1600,28.9792,0.53027,0,-0.0108917,-0.0235421,-0.43314,0.467991,0.655082,-0.0410974,-0.0108917,-0.0235421,-0.389826,0.00330233
1601,28.9973,0.578396,0,-0.00949106,-0.0228678,-0.460228,0.503428,0.666813,0.0544383,-0.00949106,-0.0228678,-0.414205,0.00305764
1602,29.0154,0.622825,0,-0.00875467,-0.0219011,-0.486195,0.532514,0.655979,0.155085,-0.00875467,-0.0219011,-0.437576,0.00297953
1603,29.0335,0.659499,0,-0.00756479,-0.0190877,-0.511443,0.552032,0.620144,0.252136,-0.00756479,-0.0190877,-0.460298,0.00270827
1604,29.0516,0.685709,0,-0.0058572,-0.0156225,-0.535438,0.559253,0.560714,0.335812,-0.0058572,-0.0156225,-0.481894,0.00219532
1605,29.0698,0.699144,0,-0.00369068,-0.0112059,-0.557674,0.552599,0.483343,0.397506,-0.00369068,-0.0112059,-0.501906,0.00144074
1606,29.0879,0.699445,0,-0.00105218,-0.00585348,-0.578566,0.532125,0.396834,0.431994,-0.00105218,-0.00585348,-0.52071,0.000426131
1607,29.106,0.688011,0,0.00241263,0.000176764,-0.598914,0.499593,0.310869,0.438563,0.00241263,0.000176764,-0.539022,-0.00101147
1608,29.1241,0.667042,0,0.00651189,0.00723844,-0.618522,0.458087,0.233589,0.420554,0.00651189,0.00723844,-0.55667,-0.00281942
1609,29.1422,0.639218,0,0.0115355,0.0158853,-0.637135,0.411335,0.170088,0.383737,0.0115355,0.0158853,-0.573422,-0.00514477
1610,29.1603,0.607372,0,0.0174849,0.0268153,-0.654622,0.363002,0.122188,0.334431,0.0174849,0.0268153,-0.58916,-0.00801221
1611,29.1784,0.574229,0,0.0243134,0.0400865,-0.671398,0.316166,0.0891724,0.278143,0.0243134,0.0400865,-0.604259,-0.0114268
1612,29.1965,0.541141,0,0.0325214,0.0565554,-0.686831,0.273063,0.0688656,0.218978,0.0325214,0.0565554,-0.618148,-0.0156357
1613,29.2147,0.508965,0,0.0425727,0.0767589,-0.700462,0.235073,0.0585836,0.159625,0.0425727,0.0767589,-0.630416,-0.0208744
1614,29.2328,0.478074,0,0.0547273,0.101293,-0.711753,0.202839,0.0557629,0.101668,0.0547273,0.101293,-0.640578,-0.0272666
1615,29.2509,0.448561,0,0.0694184,0.131379,-0.720104,0.176465,0.0582772,0.0459364,0.0694184,0.131379,-0.648093,-0.0349919
1616,29.269,0.420609,0,0.0876856,0.169238,-0.724924,0.155699,0.0645346,-0.00718545,0.0876856,0.169238,-0.652431,-0.0444958
1617,29.2871,0.394405,0,0.110296,0.215897,-0.724996,0.140093,0.0734525,-0.0575469,0.110296,0.215897,-0.652496,-0.055975
1618,29.3052,0.370455,0,0.137927,0.272484,-0.718493,0.129128,0.0843792,-0.1051,0.137927,0.272484,-0.646644,-0.0693695
1619,29.3233,0.349629,0,0.17287,0.340288,-0.70207,0.122292,0.0970042,-0.149824,0.17287,0.340288,-0.631863,-0.0849566
1620,29.3414,0.334134,0,0.21486,0.420007,-0.671743,0.119138,0.111276,-0.191682,0.21486,0.420007,-0.604569,-0.101032
1621,29.3596,0.32835,0,0.263977,0.511699,-0.624019,0.119306,0.127337,-0.230601,0.263977,0.511699,-0.561617,-0.115308
1622,29.3777,0.33633,0,0.321722,0.613404,-0.55056,0.122544,0.145472,-0.266446,0.321722,0.613404,-0.495504,-0.123989
1623,29.3958,0.362739,0,0.388273,0.720478,-0.440427,0.128707,0.166073,-0.299004,0.388273,0.720478,-0.396384,-0.119704
1624,29.4139,0.4103,0,0.462672,0.820799,-0.295215,0.137755,0.189615,-0.327961,0.462672,0.820799,-0.265693,-0.0956113
1625,29.432,0.473302,0,0.538354,0.895652,-0.108017,0.149747,0.216624,-0.352866,0.538354,0.895652,-0.0972151,-0.0407059
1626,29.4501,0.549441,0,0.609211,0.924647,0.126774,0.164829,0.247658,-0.373092,0.609211,0.924647,0.114097,0.0540625
1627,29.4682,0.6228,0,0.667273,0.876985,0.371698,0.183222,0.283255,-0.387789,0.667273,0.876985,0.334528,0.173617
1628,29.4863,0.680771,0,0.697293,0.738732,0.592147,0.205199,0.323873,-0.395822,0.697293,0.738732,0.532932,0.28903
1629,29.5044,0.713011,0,0.687405,0.528077,0.740872,0.231047,0.369778,-0.395716,0.687405,0.528077,0.666785,0.356495
1630,29.5226,0.7258,0,0.640079,0.301662,0.807051,0.261023,0.420877,-0.38562,0.640079,0.301662,0.726346,0.361603
1631,29.5407,0.720502,0,0.562538,0.089531,0.792635,0.295266,0.476476,-0.363309,0.562538,0.089531,0.713372,0.312121
1632,29.5588,0.701167,0,0.461737,-0.0823897,0.711667,0.333684,0.534959,-0.326305,0.461737,-0.0823897,0.640501,0.230022
1633,29.5769,0.677309,0,0.355287,-0.194852,0.596425,0.375791,0.593409,-0.272175,0.355287,-0.194852,0.536783,0.148332
1634,29.595,0.659853,0,0.253034,-0.253706,0.483817,0.420514,0.64728,-0.199114,0.253034,-0.253706,0.435435,0.0856956
1635,29.6131,0.652562,0,0.16054,-0.279944,0.385903,0.465986,0.690313,-0.106858,0.16054,-0.279944,0.347313,0.0433669
1636,29.6312,0.650344,0,0.0857995,-0.285465,0.299576,0.509414,0.715001,0.00215021,0.0857995,-0.285465,0.269619,0.0179925
1637,29.6493,0.653786,0,0.0234967,-0.284206,0.230657,0.547132,0.713918,0.121733,0.0234967,-0.284206,0.207591,0.00379378
1638,29.6675,0.657297,0,-0.0305037,-0.279739,0.172703,0.574967,0.681903,0.241757,-0.0305037,-0.279739,0.155433,-0.00368766
1639,29.6856,0.652975,0,-0.0715574,-0.270687,0.121041,0.588975,0.618498,0.349458,-0.0715574,-0.270687,0.108937,-0.00606296
1640,29.7037,0.640352,0,-0.101493,-0.26336,0.073866,0.586411,0.529349,0.432409,-0.101493,-0.26336,0.0664794,-0.00524782
1641,29.7218,0.61914,0,-0.125968,-0.25867,0.0321515,0.566574,0.42539,0.482094,-0.125968,-0.25867,0.0289364,-0.00283505
1642,29.7399,0.58974,0,-0.145801,-0.25839,-0.00458345,0.53114,0.319784,0.49626,-0.145801,-0.25839,-0.00412511,0.000467792
1643,29.758,0.553256,0,-0.162656,-0.261666,-0.0354335,0.483771,0.224125,0.478779,-0.162656,-0.261666,-0.0318901,0.00403442
1644,29.7761,0.513628,0,-0.177297,-0.269295,-0.063936,0.429196,0.14579,0.437375,-0.177297,-0.269295,-0.0575424,0.00793495
1645,29.7942,0.474597,0,-0.191543,-0.281245,-0.0905479,0.372173,0.0873789,0.380695,-0.191543,-0.281245,-0.0814931,0.0121406
1646,29.8124,0.437956,0,-0.205715,-0.297009,-0.112347,0.316695,0.0477833,0.316165,-0.205715,-0.297009,-0.101112,0.016178
1647,29.8305,0.406019,0,-0.220523,-0.317243,-0.127582,0.265618,0.0238472,0.249086,-0.220523,-0.317243,-0.114824,0.0196944
1648,29.8486,0.381202,0,-0.236253,-0.34088,-0.137963,0.22063,0.011794,0.182698,-0.236253,-0.34088,-0.124166,0.0228159
1649,29.8667,0.364615,0,-0.2538,-0.367913,-0.140389,0.182446,0.00811875,0.118692,-0.2538,-0.367913,-0.12635,0.0249415
1650,29.8848,0.357879,0,-0.27366,-0.397805,-0.135966,0.151073,0.00998949,0.0577805,-0.27366,-0.397805,-0.12237,0.026046
1651,29.9029,0.360124,0,-0.295655,-0.427155,-0.124022,0.126077,0.0153303,0.000140925,-0.295655,-0.427155,-0.11162,0.0256675
1652,29.921,0.370666,0,-0.319347,-0.454874,-0.103972,0.106791,0.0227442,-0.0542974,-0.319347,-0.454874,-0.0935751,0.0232422
1653,29.9391,0.389586,0,-0.343835,-0.482515,-0.075978,0.0924692,0.0313795,-0.105692,-0.343835,-0.482515,-0.0683802,0.0182867
1654,29.9572,0.414574,0,-0.367695,-0.506437,-0.0376726,0.0823857,0.0407933,-0.154208,-0.367695,-0.506437,-0.0339053,0.00969642
1655,29.9754,0.445056,0,-0.391294,-0.525515,0.00924224,0.0758958,0.0508364,-0.199989,-0.391294,-0.525515,0.00831802,-0.0025315
1656,29.9935,0.478998,0,-0.414235,-0.536785,0.0624998,0.072465,0.0615653,-0.243141,-0.414235,-0.536785,0.0562498,-0.0181227
1657,30.0116,0.51373,0,-0.434134,-0.538643,0.118236,0.0716798,0.0731799,-0.283733,-0.434134,-0.538643,0.106413,-0.0359313
1658,30.0297,0.546304,0,-0.449072,-0.529426,0.171961,0.0732485,0.0859843,-0.321794,-0.449072,-0.529426,0.154765,-0.0540561
1659,30.0478,0.574014,0,-0.457696,-0.506504,0.220878,0.0769948,0.100363,-0.357304,-0.457696,-0.506504,0.19879,-0.0707665
1660,30.0659,0.597964,0,-0.460259,-0.474339,0.264258,0.0828511,0.116771,-0.390191,-0.460259,-0.474339,0.237832,-0.0851389
1661,30.084,0.61715,0,-0.456691,-0.434815,0.298929,0.0908505,0.13573,-0.420307,-0.456691,-0.434815,0.269036,-0.0955627
1662,30.1021,0.630181,0,-0.446297,-0.390592,0.321321,0.101121,0.157833,-0.447411,-0.446297,-0.390592,0.289189,-0.100383
1663,30.1203,0.636089,0,-0.428934,-0.344071,0.329241,0.113883,0.183743,-0.471127,-0.428934,-0.344071,0.296317,-0.098856
1664,30.1384,0.635666,0,-0.406642,-0.300466,0.321472,0.129442,0.214191,-0.490904,-0.406642,-0.300466,0.289325,-0.0915068
1665,30.1565,0.6314,0,-0.380563,-0.26094,0.303624,0.148185,0.249957,-0.505949,-0.380563,-0.26094,0.273262,-0.0808838
1666,30.1746,0.624958,0,-0.351971,-0.227305,0.278055,0.170575,0.291829,-0.515143,-0.351971,-0.227305,0.250249,-0.0685071
1667,30.1927,0.618464,0,-0.322794,-0.20142,0.246914,0.197125,0.340518,-0.516945,-0.322794,-0.20142,0.222223,-0.0557917
1668,30.2108,0.613682,0,-0.295584,-0.184185,0.210511,0.228366,0.396497,-0.509282,-0.295584,-0.184185,0.18946,-0.0435565
1669,30.2289,0.613038,0,-0.27105,-0.174434,0.172475,0.264779,0.459745,-0.489456,-0.27105,-0.174434,0.155228,-0.0327245
1670,30.247,0.617544,0,-0.249416,-0.169838,0.134092,0.306673,0.52934,-0.454123,-0.249416,-0.169838,0.120683,-0.0234114
1671,30.2652,0.628407,0,-0.231438,-0.169749,0.0954743,0.354011,0.602895,-0.399458,-0.231438,-0.169749,0.0859269,-0.0154675
1672,30.2833,0.646801,0,-0.217357,-0.174028,0.0577982,0.406134,0.675867,-0.321664,-0.217357,-0.174028,0.0520184,-0.00879399
1673,30.3014,0.671955,0,-0.206998,-0.181445,0.0206004,0.461431,0.740955,-0.218043,-0.206998,-0.181445,0.0185403,-0.00298496
1674,30.3195,0.702444,0,-0.199863,-0.192199,-0.0139863,0.516985,0.788018,-0.0887361,-0.199863,-0.192199,-0.0125876,0.00195674
1675,30.3376,0.734612,0,-0.19625,-0.206085,-0.0464984,0.56838,0.805213,0.0611122,-0.19625,-0.206085,-0.0418486,0.00638772
1676,30.3557,0.763138,0,-0.196305,-0.222777,-0.0763967,0.609913,0.781939,0.219735,-0.196305,-0.222777,-0.068757,0.0104979
1677,30.3738,0.781173,0,-0.19951,-0.241371,-0.102097,0.635455,0.713258,0.369297,-0.19951,-0.241371,-0.0918875,0.0142586
1678,30.3919,0.78339,0,-0.205428,-0.261652,-0.124467,0.639949,0.603817,0.489861,-0.205428,-0.261652,-0.11202,0.0178982
1679,30.41,0.767615,0,-0.21411,-0.284334,-0.143855,0.62107,0.468299,0.565876,-0.21411,-0.284334,-0.129469,0.0215605
1680,30.4282,0.733938,0,-0.225618,-0.310253,-0.157051,0.580197,0.326997,0.591661,-0.225618,-0.310253,-0.141346,0.0248035
1681,30.4463,0.686577,0,-0.24009,-0.338928,-0.165287,0.522102,0.198749,0.572365,-0.24009,-0.338928,-0.148759,0.0277787
1682,30.4644,0.631138,0,-0.257324,-0.370668,-0.16716,0.453514,0.0954811,0.520167,-0.257324,-0.370668,-0.150444,0.0301101
1683,30.4825,0.573437,0,-0.277122,-0.403844,-0.161587,0.381322,0.020896,0.448772,-0.277122,-0.403844,-0.145428,0.0313455
1684,30.5006,0.519796,0,-0.299771,-0.43914,-0.148063,0.311219,-0.0274682,0.369414,-0.299771,-0.43914,-0.133257,0.0310695
1685,30.5187,0.474776,0,-0.32495,-0.475423,-0.125706,0.247089,-0.0551124,0.289441,-0.32495,-0.475423,-0.113135,0.0285937
1686,30.5368,0.4411,0,-0.352373,-0.509569,-0.0930642,0.191032,-0.0680963,0.212744,-0.352373,-0.509569,-0.0837578,0.0229553
1687,30.5549,0.420472,0,-0.380672,-0.539902,-0.0493133,0.143734,-0.0716901,0.140864,-0.380672,-0.539902,-0.044382,0.0131405
1688,30.5731,0.41281,0,-0.40849,-0.562743,0.00490304,0.104911,-0.069919,0.0740438,-0.40849,-0.562743,0.00441273,-0.00140199
1689,30.5912,0.416219,0,-0.434102,-0.574257,0.0675989,0.0737209,-0.0655985,0.0119468,-0.434102,-0.574257,0.060839,-0.0205414
1690,30.6093,0.427776,0,-0.456246,-0.572483,0.131788,0.0490559,-0.0605646,-0.0459363,-0.456246,-0.572483,0.118609,-0.0420895
1691,30.6274,0.444017,0,-0.473028,-0.556835,0.196157,0.0297493,-0.055936,-0.1001,-0.473028,-0.556835,0.176541,-0.0649515
1692,30.6455,0.461292,0,-0.482632,-0.525786,0.257565,0.0146911,-0.0523439,-0.15096,-0.482632,-0.525786,0.231809,-0.0870164
1693,30.6636,0.476603,0,-0.483359,-0.481361,0.310117,0.00288955,-0.0501099,-0.19884,-0.483359,-0.481361,0.279106,-0.104929
1694,30.6817,0.485669,0,-0.474761,-0.426951,0.344055,-0.00650709,-0.0493763,-0.243993,-0.474761,-0.426951,0.309649,-0.114341
1695,30.6998,0.487876,0,-0.457369,-0.369343,0.358235,-0.0142125,-0.0501961,-0.28661,-0.457369,-0.369343,0.322412,-0.114692
1696,30.718,0.483689,0,-0.432677,-0.31289,0.354688,-0.0208173,-0.0525937,-0.326843,-0.432677,-0.31289,0.319219,-0.107426
1697,30.7361,0.475247,0,-0.402435,-0.262621,0.338074,-0.0268099,-0.0566051,-0.364808,-0.402435,-0.262621,0.304266,-0.0952368
1698,30.7542,0.463756,0,-0.369442,-0.220659,0.311216,-0.0325999,-0.0623041,-0.400591,-0.369442,-0.220659,0.280095,-0.0804834
1699,30.7723,0.449986,0,-0.33562,-0.18901,0.27638,-0.0385412,-0.0698195,-0.434254,-0.33562,-0.18901,0.248742,-0.0649312
1700,30.7904,0.434464,0,-0.303455,-0.166865,0.235457,-0.044953,-0.0793485,-0.465823,-0.303455,-0.166865,0.211912,-0.0500154
1701,30.8085,0.417365,0,-0.273572,-0.151554,0.190205,-0.0521393,-0.0911669,-0.495288,-0.273572,-0.151554,0.171185,-0.0364244
1702,30.8266,0.400239,0,-0.246735,-0.14351,0.144061,-0.0604078,-0.10564,-0.522588,-0.246735,-0.14351,0.129655,-0.0248814
1703,30.8447,0.384219,0,-0.224497,-0.142361,0.0994497,-0.0700853,-0.123233,-0.547593,-0.224497,-0.142361,0.0895047,-0.0156283
1704,30.8628,0.369071,0,-0.206721,-0.146006,0.0567935,-0.0815343,-0.144523,-0.570077,-0.206721,-0.146006,0.0511142,-0.00821827
1705,30.881,0.354078,0,-0.193268,-0.152965,0.0154574,-0.0951669,-0.170204,-0.589681,-0.193268,-0.152965,0.0139116,-0.00209119
1706,30.8991,0.339628,0,-0.183503,-0.162985,-0.0232753,-0.111458,-0.201097,-0.605855,-0.183503,-0.162985,-0.0209478,0.00298976
1707,30.9172,0.325961,0,-0.177486,-0.175877,-0.0585825,-0.130957,-0.238136,-0.617787,-0.177486,-0.175877,-0.0527243,0.0072783
1708,30.9353,0.312699,0,-0.175619,-0.19188,-0.0907148,-0.154291,-0.282335,-0.624293,-0.175619,-0.19188,-0.0816433,0.0111519
1709,30.9534,0.300118,0,-0.177273,-0.20971,-0.119139,-0.182158,-0.334709,-0.623682,-0.177273,-0.20971,-0.107225,0.0147841
1710,30.9715,0.288168,0,-0.182213,-0.230206,-0.144018,-0.215301,-0.396108,-0.613597,-0.182213,-0.230206,-0.129616,0.0183694
1711,30.9896,0.276717,0,-0.190195,-0.253703,-0.166419,-0.254449,-0.466921,-0.590831,-0.190195,-0.253703,-0.149777,0.0221564
1712,31.0077,0.268544,0,-0.200835,-0.279407,-0.183667,-0.300184,-0.546581,-0.551221,-0.200835,-0.279407,-0.165301,0.0258209
1713,31.0259,0.26572,0,-0.213764,-0.30678,-0.196076,-0.352735,-0.632798,-0.489709,-0.213764,-0.30678,-0.176468,0.0293397
1714,31.044,0.27022,0,-0.22981,-0.337311,-0.203048,-0.411635,-0.720545,-0.400858,-0.22981,-0.337311,-0.182743,0.0326637
1715,31.0621,0.284536,0,-0.248612,-0.37022,-0.202947,-0.475245,-0.800985,-0.280152,-0.248612,-0.37022,-0.182652,0.0353186
1716,31.0802,0.308443,0,-0.270506,-0.405147,-0.196319,-0.540218,-0.860976,-0.126418,-0.270506,-0.405147,-0.176687,0.0371739
1717,31.0983,0.338917,0,-0.295367,-0.442528,-0.181778,-0.601101,-0.884271,0.0548325,-0.295367,-0.442528,-0.1636,0.0375838
1718,31.1164,0.3707,0,-0.322889,-0.482211,-0.158285,-0.650495,-0.855647,0.248501,-0.322889,-0.482211,-0.142456,0.0357758
1719,31.1345,0.397649,0,-0.352301,-0.520765,-0.122781,-0.680209,-0.76775,0.430254,-0.352301,-0.520765,-0.110503,0.0302791
1720,31.1526,0.414556,0,-0.382634,-0.554451,-0.0753038,-0.683473,-0.62746,0.572567,-0.382634,-0.554451,-0.0677734,0.0201697
1721,31.1708,0.418539,0,-0.413019,-0.580323,-0.0160982,-0.657433,-0.456437,0.655048,-0.413019,-0.580323,-0.0144884,0.0046542
1722,31.1889,0.410766,0,-0.440898,-0.594879,0.054259,-0.604506,-0.283481,0.672684,-0.440898,-0.594879,0.0488331,-0.0167459
1723,31.207,0.398321,0,-0.465368,-0.594618,0.127373,-0.531656,-0.133231,0.636006,-0.465368,-0.594618,0.114635,-0.0414926
1724,31.2251,0.385365,0,-0.483908,-0.577222,0.200001,-0.448027,-0.0187866,0.563842,-0.483908,-0.577222,0.180001,-0.0677474
1725,31.2432,0.374767,0,-0.494331,-0.542847,0.269016,-0.362339,0.0584824,0.474764,-0.494331,-0.542847,0.242114,-0.0930879
1726,31.2613,0.368185,0,-0.495352,-0.493596,0.327134,-0.281216,0.104567,0.382166,-0.495352,-0.493596,0.29442,-0.113433
1727,31.2794,0.363656,0,-0.485975,-0.432888,0.365804,-0.208693,0.128029,0.293521,-0.485975,-0.432888,0.329223,-0.12444
1728,31.2975,0.358862,0,-0.466852,-0.36794,0.381703,-0.146536,0.13694,0.211878,-0.466852,-0.36794,0.343533,-0.124739
1729,31.3156,0.351964,0,-0.439459,-0.304491,0.377376,-0.0948817,0.137641,0.137744,-0.439459,-0.304491,0.339638,-0.116089
1730,31.3338,0.344056,0,-0.40607,-0.249482,0.358328,-0.0528687,0.134605,0.0704939,-0.40607,-0.249482,0.322495,-0.101854
1731,31.3519,0.334938,0,-0.369593,-0.203711,0.328331,-0.0191321,0.130763,0.00918335,-0.369593,-0.203711,0.295498,-0.0849442
1732,31.37,0.325449,0,-0.332522,-0.169773,0.289474,0.0078659,0.127927,-0.0470707,-0.332522,-0.169773,0.260527,-0.0673795
1733,31.3881,0.31653,0,-0.297285,-0.1471,0.245242,0.0296378,0.127161,-0.0989612,-0.297285,-0.1471,0.220718,-0.0510347
1734,31.4062,0.307978,0,-0.264901,-0.131917,0.197701,0.0475679,0.129066,-0.146976,-0.264901,-0.131917,0.177931,-0.0366599
1735,31.4243,0.3013,0,-0.236354,-0.123975,0.149553,0.0628714,0.133985,-0.191426,-0.236354,-0.123975,0.134598,-0.0247432
1736,31.4424,0.298,0,-0.212549,-0.123357,0.102673,0.0765924,0.142135,-0.232473,-0.212549,-0.123357,0.0924056,-0.0152761
1737,31.4605,0.298435,0,-0.193736,-0.127667,0.0580663,0.089621,0.153705,-0.270154,-0.193736,-0.127667,0.0522597,-0.00787467
1738,31.4787,0.301842,0,-0.179445,-0.134321,0.0146114,0.102722,0.168908,-0.304387,-0.179445,-0.134321,0.0131503,-0.00183536
1739,31.4968,0.30928,0,-0.168436,-0.144006,-0.025934,0.116565,0.188014,-0.334965,-0.168436,-0.144006,-0.0233406,0.00305775
1740,31.5149,0.320975,0,-0.161231,-0.155406,-0.0636796,0.131754,0.21136,-0.361537,-0.161231,-0.155406,-0.0573116,0.00718697
1741,31.533,0.338703,0,-0.158434,-0.170298,-0.0973359,0.148849,0.239343,-0.383571,-0.158434,-0.170298,-0.0876023,0.0107949
1742,31.5511,0.361957,0,-0.159555,-0.187133,-0.127689,0.168386,0.272398,-0.400313,-0.159555,-0.187133,-0.11492,0.0142613
1743,31.5692,0.391238,0,-0.164025,-0.206934,-0.155661,0.190882,0.310933,-0.410726,-0.164025,-0.206934,-0.140095,0.0178726
1744,31.5873,0.426917,0,-0.171179,-0.229834,-0.181226,0.216822,0.355241,-0.413427,-0.171179,-0.229834,-0.163103,0.0217155
1745,31.6054,0.469099,0,-0.181058,-0.254711,-0.202753,0.246638,0.40534,-0.406636,-0.181058,-0.254711,-0.182477,0.025697
1746,31.6236,0.517689,0,-0.193124,-0.28159,-0.219368,0.28064,0.460749,-0.388152,-0.193124,-0.28159,-0.197431,0.0296556
1747,31.6417,0.573354,0,-0.208283,-0.312074,-0.230347,0.318925,0.52016,-0.355417,-0.208283,-0.312074,-0.207312,0.0335842
1748,31.6598,0.635243,0,-0.226914,-0.346147,-0.235022,0.361227,0.581047,-0.305753,-0.226914,-0.346147,-0.21152,0.0373308
1749,31.6779,0.701248,0,-0.248766,-0.383278,-0.232967,0.406724,0.639251,-0.236851,-0.248766,-0.383278,-0.20967,0.0405679
1750,31.696,0.768703,0,-0.273738,-0.423786,-0.222869,0.453813,0.688745,-0.147641,-0.273738,-0.423786,-0.200582,0.0427053
1751,31.7141,0.833292,0,-0.301909,-0.466933,-0.203643,0.499928,0.721864,-0.0394855,-0.301909,-0.466933,-0.183279,0.0430372
1752,31.7322,0.888722,0,-0.332709,-0.510627,-0.172652,0.541501,0.730383,0.0825533,-0.332709,-0.510627,-0.155387,0.0402101
1753,31.7503,0.927471,0,-0.365359,-0.551047,-0.127924,0.574228,0.707617,0.209046,-0.365359,-0.551047,-0.115132,0.0327167
1754,31.7684,0.943873,0,-0.399021,-0.58548,-0.0703716,0.593729,0.651141,0.326999,-0.399021,-0.58548,-0.0633345,0.0196558
1755,31.7866,0.933872,0,-0.431882,-0.610138,0.000718916,0.59656,0.564889,0.422581,-0.431882,-0.610138,0.000647024,-0.000217341
1756,31.8047,0.897185,0,-0.461584,-0.620426,0.0826256,0.581225,0.459124,0.485051,-0.461584,-0.620426,0.0743631,-0.0266971
1757,31.8228,0.838923,0,-0.486227,-0.612533,0.166276,0.548755,0.347709,0.509969,-0.486227,-0.612533,0.149648,-0.0565935
1758,31.8409,0.765909,0,-0.502966,-0.58372,0.247163,0.502514,0.24392,0.49989,-0.502966,-0.58372,0.222446,-0.0870201
1759,31.859,0.687361,0,-0.51008,-0.536041,0.319308,0.447321,0.157005,0.462367,-0.51008,-0.536041,0.287377,-0.114011
1760,31.8771,0.61053,0,-0.505713,-0.472939,0.375273,0.388309,0.0909554,0.406726,-0.505713,-0.472939,0.337746,-0.132846
1761,31.8952,0.539959,0,-0.489809,-0.400114,0.406289,0.329965,0.0453347,0.341383,-0.489809,-0.400114,0.36566,-0.139303
1762,31.9133,0.477369,0,-0.463314,-0.327114,0.411024,0.275608,0.0170643,0.272534,-0.463314,-0.327114,0.369921,-0.133303
1763,31.9315,0.423006,0,-0.4288,-0.260633,0.397217,0.227289,0.0021043,0.204037,-0.4288,-0.260633,0.357495,-0.119229
1764,31.9496,0.376119,0,-0.389292,-0.204707,0.368107,0.185953,-0.00343525,0.137934,-0.389292,-0.204707,0.331296,-0.100311
1765,31.9677,0.336118,0,-0.347954,-0.161446,0.328187,0.151731,-0.00276201,0.0750858,-0.347954,-0.161446,0.295368,-0.0799358
1766,31.9858,0.302916,0,-0.307705,-0.132785,0.281444,0.124222,0.00173719,0.0157054,-0.307705,-0.132785,0.253299,-0.0606211
1767,32.0039,0.276173,0,-0.270949,-0.114197,0.231974,0.102741,0.00842974,-0.040299,-0.270949,-0.114197,0.208777,-0.0439973
1768,32.022,0.254334,0,-0.23793,-0.1034,0.179789,0.0864875,0.0162933,-0.0931276,-0.23793,-0.1034,0.16181,-0.029944
1769,32.0401,0.238236,1,-0.209992,-0.100305,0.128292,0.0746686,0.024763,-0.142994,-0.209992,-0.100305,0.115463,-0.0188582
1770,32.0582,0.228191,1,-0.187476,-0.103409,0.0799269,0.0665635,0.0336004,-0.190085,-0.187476,-0.103409,0.0719342,-0.010489
1771,32.0764,0.222419,1,-0.169824,-0.109649,0.0330913,0.0615615,0.0427913,-0.234553,-0.169824,-0.109649,0.0297822,-0.0039338
1772,32.0945,0.220316,1,-0.156312,-0.117852,-0.0116142,0.0591752,0.0524739,-0.276514,-0.156312,-0.117852,-0.0104527,0.00127081
1773,32.1126,0.222197,1,-0.146246,-0.127805,-0.0522156,0.059041,0.0628908,-0.316047,-0.146246,-0.127805,-0.0469941,0.00534542
1774,32.1307,0.227625,1,-0.140362,-0.139836,-0.0904277,0.0609126,0.0743605,-0.353198,-0.140362,-0.139836,-0.0813849,0.00888484
1775,32.1488,0.237103,1,-0.138396,-0.153922,-0.12481,0.0646521,0.0872643,-0.387973,-0.138396,-0.153922,-0.112329,0.0120913
1776,32.1669,0.250634,0,-0.14029,-0.170613,-0.156142,0.0702211,0.102042,-0.420332,-0.14029,-0.170613,-0.140528,0.0153336
1777,32.185,0.267912,0,-0.145165,-0.190444,-0.185984,0.0776738,0.119196,-0.450176,-0.145165,-0.190444,-0.167385,0.0188988
1778,32.2031,0.289133,0,-0.152587,-0.212668,-0.213808,0.0871517,0.139297,-0.477322,-0.152587,-0.212668,-0.192428,0.0228371
1779,32.2212,0.314899,0,-0.162022,-0.236099,-0.236646,0.0988819,0.162997,-0.501477,-0.162022,-0.236099,-0.212981,0.0268393
1780,32.2394,0.346823,0,-0.174226,-0.263226,-0.254029,0.113176,0.191026,-0.522196,-0.174226,-0.263226,-0.228626,0.030981
1781,32.2575,0.385353,0,-0.189837,-0.293948,-0.26597,0.130428,0.224197,-0.538821,-0.189837,-0.293948,-0.239373,0.0353436
1782,32.2756,0.431352,0,-0.209051,-0.328857,-0.271592,0.151115,0.263374,-0.550405,-0.209051,-0.328857,-0.244433,0.0397435
1783,32.2937,0.48507,0,-0.23168,-0.368296,-0.271797,0.175784,0.309423,-0.555609,-0.23168,-0.368296,-0.244617,0.044079
1784,32.3118,0.546592,0,-0.257353,-0.411145,-0.264414,0.205033,0.363093,-0.552584,-0.257353,-0.411145,-0.237973,0.0476335
1785,32.3299,0.616463,0,-0.286161,-0.457457,-0.2466,0.239461,0.424812,-0.538839,-0.286161,-0.457457,-0.22194,0.0493971
1786,32.348,0.693788,0,-0.318619,-0.505346,-0.216499,0.279578,0.494341,-0.511141,-0.318619,-0.505346,-0.194849,0.0482865
1787,32.3661,0.775367,0,-0.353178,-0.550695,-0.171853,0.325658,0.57025,-0.46553,-0.353178,-0.550695,-0.154668,0.0424863
1788,32.3843,0.858067,0,-0.389825,-0.591265,-0.112422,0.377498,0.64919,-0.397603,-0.389825,-0.591265,-0.10118,0.0306775
1789,32.4024,0.936054,0,-0.426288,-0.623328,-0.0384012,0.434081,0.725075,-0.303285,-0.426288,-0.623328,-0.0345611,0.011459
1790,32.4205,1.00111,0,-0.460439,-0.641517,0.0485569,0.493162,0.788492,-0.180358,-0.460439,-0.641517,0.0437013,-0.0156502
1791,32.4386,1.04332,0,-0.489906,-0.639822,0.144448,0.550898,0.827003,-0.0307741,-0.489906,-0.639822,0.130003,-0.0495362
1792,32.4567,1.05293,0,-0.511181,-0.614022,0.237309,0.601754,0.827257,0.136832,-0.511181,-0.614022,0.213578,-0.0849156
1793,32.4748,1.02637,0,-0.522658,-0.566254,0.320549,0.639019,0.779335,0.306002,-0.522658,-0.566254,0.288494,-0.117276
1794,32.4929,0.963492,0,-0.521298,-0.498572,0.388197,0.656157,0.682157,0.454755,-0.521298,-0.498572,0.349377,-0.141656
1795,32.511,0.872641,0,-0.506682,-0.418732,0.429803,0.648735,0.546693,0.561996,-0.506682,-0.418732,0.386822,-0.152441
1796,32.5292,0.766603,0,-0.479652,-0.336067,0.442777,0.616114,0.393713,0.61529,-0.479652,-0.336067,0.3985,-0.148665
1797,32.5473,0.658033,0,-0.442743,-0.259626,0.431399,0.561882,0.246364,0.615039,-0.442743,-0.259626,0.388259,-0.133699
1798,32.5654,0.555873,0,-0.399908,-0.195235,0.400863,0.492745,0.122165,0.57236,-0.399908,-0.195235,0.360777,-0.112216
1799,32.5835,0.464102,0,-0.354602,-0.145066,0.357113,0.416493,0.029113,0.502872,-0.354602,-0.145066,0.321402,-0.0886431
1800,32.6016,0.383837,0,-0.309914,-0.112436,0.30602,0.34012,-0.0332667,0.420825,-0.309914,-0.112436,0.275418,-0.0663878
1801,32.6197,0.314349,0,-0.268847,-0.0921521,0.252774,0.26875,-0.0703733,0.336201,-0.268847,-0.0921521,0.227497,-0.0475704
1802,32.6378,0.254987,0,-0.23245,-0.0805319,0.197504,0.205412,-0.0891392,0.254575,-0.23245,-0.0805319,0.177754,-0.0321369
1803,32.6559,0.204952,1,-0.20137,-0.0773362,0.142943,0.15136,-0.0959581,0.17831,-0.20137,-0.0773362,0.128649,-0.0201491
1804,32.674,0.163835,1,-0.176222,-0.0796225,0.0910624,0.106583,-0.0958562,0.107907,-0.176222,-0.0796225,0.0819561,-0.0112331
1805,32.6922,0.130863,1,-0.156267,-0.0859029,0.0419862,0.0702982,-0.0924111,0.0430081,-0.156267,-0.0859029,0.0377876,-0.00459274
1806,32.7103,0.105521,1,-0.140978,-0.0937367,-0.00548914,0.041335,-0.0879913,-0.017024,-0.140978,-0.0937367,-0.00494023,0.000541694
1807,32.7284,0.0869124,1,-0.129101,-0.102516,-0.049019,0.0183935,-0.0840701,-0.0728208,-0.129101,-0.102516,-0.0441171,0.00442987
1808,32.7465,0.0751947,1,-0.121484,-0.112042,-0.0899387,0.000203583,-0.08151,-0.124907,-0.121484,-0.112042,-0.0809448,0.00764826
1809,32.7646,0.0698565,1,-0.117606,-0.124027,-0.127669,-0.014392,-0.080787,-0.173681,-0.117606,-0.124027,-0.114902,0.0105102
1810,32.7827,0.0697158,1,-0.117206,-0.137659,-0.16238,-0.0264038,-0.0821531,-0.219433,-0.117206,-0.137659,-0.146142,0.0133223
1811,32.8008,0.07335,1,-0.119788,-0.154566,-0.195278,-0.0366932,-0.0857517,-0.262364,-0.119788,-0.154566,-0.17575,0.0163743
1812,32.8189,0.0790227,1,-0.124543,-0.173413,-0.225891,-0.0459878,-0.091695,-0.302605,-0.124543,-0.173413,-0.203302,0.0196932
1813,32.8371,0.0860006,1,-0.131773,-0.193201,-0.252964,-0.0549046,-0.100115,-0.340226,-0.131773,-0.193201,-0.227668,0.0233337
1814,32.8552,0.0943508,1,-0.141294,-0.215817,-0.276328,-0.0639776,-0.1112,-0.375239,-0.141294,-0.215817,-0.248695,0.0273305
1815,32.8733,0.105038,1,-0.154396,-0.242808,-0.294649,-0.0736848,-0.125212,-0.40759,-0.154396,-0.242808,-0.265184,0.0318449
1816,32.8914,0.117068,1,-0.170396,-0.27311,-0.308012,-0.0844738,-0.142507,-0.437145,-0.170396,-0.27311,-0.277211,0.0367389
1817,32.9095,0.130708,1,-0.189434,-0.308218,-0.316226,-0.0967847,-0.163542,-0.463666,-0.189434,-0.308218,-0.284603,0.0419328
1818,32.9276,0.145235,1,-0.21181,-0.347397,-0.319443,-0.11107,-0.188874,-0.486781,-0.21181,-0.347397,-0.287499,0.0473628
1819,32.9457,0.16154,1,-0.237548,-0.391296,-0.314578,-0.127812,-0.219162,-0.505925,-0.237548,-0.391296,-0.28312,0.052309
1820,32.9638,0.179788,1,-0.26664,-0.439901,-0.299724,-0.14753,-0.255139,-0.520284,-0.26664,-0.439901,-0.269751,0.0559427
1821,32.982,0.199948,1,-0.299733,-0.491946,-0.272719,-0.170789,-0.297566,-0.528703,-0.299733,-0.491946,-0.245448,0.0572201
1822,33.0001,0.221134,1,-0.336211,-0.544311,-0.231636,-0.198182,-0.347138,-0.529582,-0.336211,-0.544311,-0.208473,0.0545152
1823,33.0182,0.24352,1,-0.375308,-0.59383,-0.172961,-0.230303,-0.404314,-0.520759,-0.375308,-0.59383,-0.155665,0.0454397
1824,33.0363,0.265889,0,-0.416124,-0.63637,-0.0968537,-0.26768,-0.46904,-0.499415,-0.416124,-0.63637,-0.0871684,0.0282122
1825,33.0544,0.286491,0,-0.455483,-0.665515,-0.00425131,-0.310653,-0.540314,-0.462052,-0.455483,-0.665515,-0.00382618,0.00135548
1826,33.0725,0.30441,0,-0.491555,-0.674642,0.102271,-0.359184,-0.615578,-0.404667,-0.491555,-0.674642,0.0920437,-0.0351902
1827,33.0906,0.315919,0,-0.519784,-0.656904,0.212248,-0.412575,-0.689989,-0.323314,-0.519784,-0.656904,0.191023,-0.0772263
1828,33.1087,0.318543,0,-0.537766,-0.610731,0.312622,-0.469109,-0.755784,-0.215256,-0.537766,-0.610731,0.28136,-0.117682
1829,33.1268,0.3141,0,-0.541729,-0.540298,0.395707,-0.52569,-0.802234,-0.0808518,-0.541729,-0.540298,0.356136,-0.150056
1830,33.145,0.305388,0,-0.53026,-0.451863,0.453958,-0.577647,-0.816946,0.07415,-0.53026,-0.451863,0.408562,-0.168501
1831,33.1631,0.293929,0,-0.504166,-0.356986,0.480432,-0.618993,-0.789106,0.236976,-0.504166,-0.356986,0.432389,-0.169552
1832,33.1812,0.281716,0,-0.465532,-0.268081,0.474712,-0.643389,-0.714234,0.388647,-0.465532,-0.268081,0.427241,-0.154695
1833,33.1993,0.271109,0,-0.418948,-0.19183,0.445682,-0.64576,-0.59817,0.508482,-0.418948,-0.19183,0.401114,-0.130703
1834,33.2174,0.260987,0,-0.369104,-0.131619,0.398267,-0.624023,-0.457106,0.581071,-0.369104,-0.131619,0.35844,-0.102901
1835,33.2355,0.247949,1,-0.318776,-0.091594,0.342112,-0.579998,-0.312449,0.60177,-0.318776,-0.091594,0.307901,-0.0763402
1836,33.2536,0.231497,1,-0.271301,-0.0662816,0.28427,-0.518946,-0.183273,0.577114,-0.271301,-0.0662816,0.255843,-0.053986
1837,33.2717,0.212989,1,-0.229356,-0.0514937,0.224666,-0.447956,-0.0809567,0.520368,-0.229356,-0.0514937,0.202199,-0.0360699
1838,33.2899,0.193368,1,-0.193011,-0.0454226,0.166406,-0.374077,-0.00832904,0.445713,-0.193011,-0.0454226,0.149765,-0.0224827
1839,33.308,0.174153,1,-0.163606,-0.0467924,0.110583,-0.30298,0.0378427,0.364353,-0.163606,-0.0467924,0.0995245,-0.0126644
1840,33.3261,0.157003,1,-0.139864,-0.0524338,0.0579918,-0.238414,0.0635471,0.283349,-0.139864,-0.0524338,0.0521926,-0.00567769
1841,33.3442,0.143247,1,-0.121467,-0.0601933,0.00736394,-0.18231,0.0750635,0.206267,-0.121467,-0.0601933,0.00662755,-0.000626131
1842,33.3623,0.131424,1,-0.10704,-0.0672753,-0.0388322,-0.135191,0.0777067,0.134386,-0.10704,-0.0672753,-0.0349489,0.00290961
1843,33.3804,0.122324,1,-0.0965956,-0.0739148,-0.0824801,-0.0966415,0.0754597,0.0677752,-0.0965956,-0.0739148,-0.0742321,0.00557705
1844,33.3985,0.116907,1,-0.0896235,-0.0812574,-0.125256,-0.065722,0.0710681,0.00599633,-0.0896235,-0.0812574,-0.11273,0.00785811
1845,33.4166,0.114421,1,-0.0857241,-0.0905329,-0.164219,-0.0412594,0.0663004,-0.0515131,-0.0857241,-0.0905329,-0.147797,0.00985427
1846,33.4348,0.115938,1,-0.0846242,-0.102438,-0.201681,-0.0220427,0.0622236,-0.105272,-0.0846242,-0.102438,-0.181513,0.011947
1847,33.4529,0.119395,1,-0.085209,-0.114647,-0.235284,-0.00693399,0.0594366,-0.155702,-0.085209,-0.114647,-0.211756,0.0140338
1848,33.471,0.125431,1,-0.0879652,-0.127486,-0.266727,0.00507736,0.0582481,-0.203127,-0.0879652,-0.127486,-0.240054,0.0164239
1849,33.4891,0.134336,1,-0.0928103,-0.141792,-0.295825,0.014858,0.0588048,-0.247791,-0.0928103,-0.141792,-0.266242,0.0192189
1850,33.5072,0.147428,1,-0.100384,-0.15977,-0.323469,0.0231362,0.0611798,-0.289875,-0.100384,-0.15977,-0.291122,0.0227298
1851,33.5253,0.164249,1,-0.110381,-0.181046,-0.347641,0.0305192,0.0654323,-0.329512,-0.110381,-0.181046,-0.312877,0.0268611
1852,33.5434,0.184819,1,-0.122384,-0.20567,-0.367864,0.037517,0.071647,-0.366794,-0.122384,-0.20567,-0.331078,0.0315146
1853,33.5615,0.209289,1,-0.136927,-0.233358,-0.384507,0.0445669,0.07996,-0.401775,-0.136927,-0.233358,-0.346057,0.0368545
1854,33.5796,0.238226,1,-0.153838,-0.265031,-0.396994,0.0520578,0.0905771,-0.43447,-0.153838,-0.265031,-0.357295,0.0427509
1855,33.5978,0.272457,0,-0.173943,-0.301548,-0.405612,0.0603533,0.103787,-0.464841,-0.173943,-0.301548,-0.365051,0.0493873
1856,33.6159,0.312726,0,-0.197518,-0.343573,-0.408814,0.0698119,0.119974,-0.492788,-0.197518,-0.343573,-0.367932,0.0565237
1857,33.634,0.360531,0,-0.225295,-0.392287,-0.40271,0.0808063,0.139624,-0.518126,-0.225295,-0.392287,-0.362439,0.06351
1858,33.6521,0.415823,0,-0.257022,-0.445954,-0.384166,0.0937404,0.163338,-0.54055,-0.257022,-0.445954,-0.345749,0.0691175
1859,33.6702,0.48052,0,-0.293614,-0.506338,-0.351952,0.109064,0.191828,-0.559592,-0.293614,-0.506338,-0.316757,0.0723366
1860,33.6883,0.553339,0,-0.334598,-0.569034,-0.303864,0.127286,0.225915,-0.574554,-0.334598,-0.569034,-0.273478,0.0711707
1861,33.7064,0.634429,0,-0.379523,-0.631339,-0.235041,0.148978,0.266501,-0.584424,-0.379523,-0.631339,-0.211537,0.0624425
1862,33.7245,0.721981,0,-0.427562,-0.687551,-0.144091,0.174776,0.314504,-0.587763,-0.427562,-0.687551,-0.129682,0.0431256
1863,33.7427,0.811356,0,-0.475774,-0.727307,-0.030051,0.205359,0.370729,-0.582564,-0.475774,-0.727307,-0.0270459,0.0100082
1864,33.7608,0.895273,0,-0.519436,-0.739374,0.100991,0.241401,0.435638,-0.566103,-0.519436,-0.739374,0.0908921,-0.036721
1865,33.7789,0.966358,0,-0.554199,-0.716735,0.238169,0.283475,0.508957,-0.534827,-0.554199,-0.716735,0.214352,-0.0923953
1866,33.797,1.01513,0,-0.575632,-0.655748,0.36318,0.331888,0.589071,-0.484362,-0.575632,-0.655748,0.326862,-0.146341
1867,33.8151,1.03557,0,-0.579033,-0.56138,0.463893,0.386408,0.672197,-0.40984,-0.579033,-0.56138,0.417503,-0.188027
1868,33.8332,1.0247,0,-0.562442,-0.44645,0.528867,0.445881,0.751435,-0.306819,-0.562442,-0.44645,0.475981,-0.20822
1869,33.8513,0.984323,0,-0.527532,-0.327568,0.552736,0.507763,0.816127,-0.173073,-0.527532,-0.327568,0.497463,-0.20411
1870,33.8694,0.920359,0,-0.477435,-0.219463,0.536525,0.567711,0.852327,-0.0113049,-0.477435,-0.219463,0.482873,-0.179309
1871,33.8876,0.844433,0,-0.419044,-0.131946,0.492492,0.619518,0.845455,0.16803,-0.419044,-0.131946,0.443242,-0.144463
1872,33.9057,0.766883,0,-0.357749,-0.0688818,0.429425,0.655803,0.785541,0.34575,-0.357749,-0.0688818,0.386483,-0.107538
1873,33.9238,0.694395,0,-0.29812,-0.0278406,0.361838,0.669638,0.673346,0.497245,-0.29812,-0.0278406,0.325654,-0.0755097
1874,33.9419,0.626969,0,-0.242145,-0.00247192,0.292462,0.656773,0.523267,0.600387,-0.242145,-0.00247192,0.263216,-0.0495728
1875,33.96,0.564347,0,-0.193854,0.0104693,0.225158,0.617364,0.359533,0.644134,-0.193854,0.0104693,0.202642,-0.0305534
1876,33.9781,0.503656,0,-0.15304,0.0141136,0.16206,0.556144,0.207049,0.631998,-0.15304,0.0141136,0.145854,-0.0173612
1877,33.9962,0.44335,0,-0.118702,0.0126608,0.103585,0.480856,0.0828654,0.578222,-0.118702,0.0126608,0.0932266,-0.00860703
1878,34.0143,0.386365,0,-0.0920641,0.00781051,0.0468627,0.399912,-0.00687516,0.500269,-0.0920641,0.00781051,0.0421765,-0.00302006
1879,34.0324,0.332838,0,-0.0716744,0.00110466,-0.00465676,0.320445,-0.0646615,0.412789,-0.0716744,0.00110466,-0.00419108,0.000233639
1880,34.0506,0.28465,0,-0.0554546,-0.00355424,-0.0523218,0.247375,-0.0973339,0.325271,-0.0554546,-0.00355424,-0.0470896,0.00203104
1881,34.0687,0.244017,1,-0.0425135,-0.00634333,-0.0985418,0.183372,-0.112569,0.242522,-0.0425135,-0.00634333,-0.0886876,0.00293255
1882,34.0868,0.211335,1,-0.0326869,-0.00812269,-0.143436,0.129309,-0.116996,0.166226,-0.0326869,-0.00812269,-0.129093,0.00328194
1883,34.1049,0.184896,1,-0.0254047,-0.0106329,-0.185343,0.084852,-0.115603,0.0964099,-0.0254047,-0.0106329,-0.166809,0.003296
1884,34.123,0.163304,1,-0.0196099,-0.0132246,-0.223654,0.0489716,-0.111825,0.0324301,-0.0196099,-0.0132246,-0.201289,0.00307008
1885,34.1411,0.145667,1,-0.0150617,-0.0143136,-0.258125,0.0203225,-0.107873,-0.0264978,-0.0150617,-0.0143136,-0.232313,0.00272147
1886,34.1592,0.132585,1,-0.0110577,-0.0139747,-0.29169,-0.00251133,-0.105093,-0.0810697,-0.0110577,-0.0139747,-0.262521,0.00225779
1887,34.1773,0.124046,1,-0.00777147,-0.0122206,-0.325524,-0.020876,-0.104261,-0.131825,-0.00777147,-0.0122206,-0.292971,0.00177086
1888,34.1955,0.119122,1,-0.00480539,-0.00903155,-0.35868,-0.0359794,-0.105811,-0.179147,-0.00480539,-0.00903155,-0.322812,0.00120652
1889,34.2136,0.115994,1,-0.00201966,-0.00620551,-0.388816,-0.0488691,-0.109988,-0.223292,-0.00201966,-0.00620551,-0.349935,0.000549694
1890,34.2317,0.116234,1,0.000967031,-0.0024662,-0.418197,-0.0604393,-0.116963,-0.264409,0.000967031,-0.0024662,-0.376377,-0.000283086
1891,34.2498,0.119479,1,0.00435878,0.00238878,-0.445254,-0.0714511,-0.126899,-0.302555,0.00435878,0.00238878,-0.400728,-0.00135853
1892,34.2679,0.126099,1,0.0077164,0.00753105,-0.471064,-0.0825614,-0.140006,-0.337702,0.0077164,0.00753105,-0.423957,-0.00254444
1893,34.286,0.137494,1,0.0117028,0.0155902,-0.495551,-0.0943516,-0.156559,-0.369729,0.0117028,0.0155902,-0.445996,-0.00405952
1894,34.3041,0.154062,1,0.0169445,0.0258927,-0.519319,-0.107356,-0.176924,-0.398404,0.0169445,0.0258927,-0.467387,-0.00615971
1895,34.3222,0.175575,1,0.0234249,0.0381743,-0.540986,-0.122086,-0.201552,-0.423353,0.0234249,0.0381743,-0.486887,-0.00887078
1896,34.3404,0.202664,1,0.0312976,0.0532581,-0.559818,-0.139052,-0.230978,-0.44402,0.0312976,0.0532581,-0.503836,-0.0122647
1897,34.3585,0.236157,1,0.0409201,0.0715726,-0.576317,-0.158771,-0.265789,-0.459605,0.0409201,0.0715726,-0.518685,-0.0165081
1898,34.3766,0.276809,0,0.0522503,0.0935307,-0.591554,-0.181777,-0.306572,-0.468998,0.0522503,0.0935307,-0.532398,-0.0216362
1899,34.3947,0.325248,0,0.0660409,0.119559,-0.604279,-0.208605,-0.353814,-0.470689,0.0660409,0.119559,-0.543851,-0.027935
1900,34.4128,0.382688,0,0.0824917,0.151356,-0.614064,-0.239758,-0.407741,-0.462686,0.0824917,0.151356,-0.552658,-0.0354586
1901,34.4309,0.450043,0,0.102341,0.189903,-0.620888,-0.275648,-0.468051,-0.442459,0.102341,0.189903,-0.558799,-0.0444795
1902,34.449,0.527576,0,0.126,0.236293,-0.622789,-0.316478,-0.533543,-0.406973,0.126,0.236293,-0.56051,-0.0549298
1903,34.4671,0.614836,0,0.154067,0.291564,-0.617326,-0.362071,-0.601605,-0.352902,0.154067,0.291564,-0.555593,-0.0665767
1904,34.4852,0.711154,0,0.188204,0.358245,-0.601104,-0.411636,-0.667661,-0.277176,0.188204,0.358245,-0.540994,-0.0791912
1905,34.5034,0.812582,0,0.229473,0.435625,-0.57068,-0.463475,-0.724761,-0.178006,0.229473,0.435625,-0.513612,-0.0916688
1906,34.5215,0.913169,0,0.278539,0.522675,-0.522851,-0.514718,-0.763722,-0.0564169,0.278539,0.522675,-0.470566,-0.101944
1907,34.5396,1.00296,0,0.335498,0.615963,-0.447746,-0.561232,-0.77436,0.0820197,0.335498,0.615963,-0.402971,-0.105153
1908,34.5577,1.06943,0,0.39833,0.707085,-0.340264,-0.597889,-0.748173,0.226135,0.39833,0.707085,-0.306238,-0.0948761
1909,34.5758,1.10386,0,0.466701,0.78878,-0.199229,-0.619398,-0.681973,0.360057,0.466701,0.78878,-0.179306,-0.0650864
1910,34.5939,1.09403,0,0.533122,0.841195,-0.0183047,-0.621589,-0.580773,0.466807,0.533122,0.841195,-0.0164742,-0.00683104
1911,34.612,1.04023,0,0.592578,0.847399,0.195758,-0.602748,-0.4577,0.533586,0.592578,0.847399,0.176182,0.0812013
1912,34.6301,0.949628,0,0.63822,0.781732,0.404348,-0.564329,-0.330143,0.555957,0.63822,0.781732,0.363913,0.180644
1913,34.6483,0.836842,0,0.656282,0.644628,0.581872,-0.510624,-0.214063,0.538381,0.656282,0.644628,0.523685,0.267311
1914,34.6664,0.721298,0,0.639161,0.46146,0.696369,-0.447545,-0.119703,0.491108,0.639161,0.46146,0.626732,0.311565
1915,34.6845,0.617541,0,0.59153,0.267032,0.737455,-0.381144,-0.05051,0.425778,0.59153,0.267032,0.66371,0.305359
1916,34.7026,0.528566,0,0.519273,0.0905581,0.713532,-0.316481,-0.00471879,0.352167,0.519273,0.0905581,0.642178,0.259362
1917,34.7207,0.450105,0,0.42992,-0.0505989,0.638186,-0.257087,0.0221581,0.276921,0.42992,-0.0505989,0.574367,0.192058
1918,34.7388,0.381591,0,0.337223,-0.141772,0.537754,-0.204952,0.0352648,0.203779,0.337223,-0.141772,0.483979,0.12694
1919,34.7569,0.323929,0,0.248076,-0.193177,0.440361,-0.160813,0.039207,0.134424,0.248076,-0.193177,0.396324,0.07647
1920,34.775,0.27735,0,0.168427,-0.219126,0.350475,-0.124527,0.0375881,0.0693272,0.168427,-0.219126,0.315427,0.0413206
1921,34.7932,0.241061,1,0.10252,-0.227028,0.268269,-0.0954246,0.0329804,0.00837424,0.10252,-0.227028,0.241442,0.019252
1922,34.8113,0.217067,1,0.0455226,-0.228719,0.200171,-0.0725733,0.0270863,-0.0487711,0.0455226,-0.228719,0.180153,0.0063786
1923,34.8294,0.201949,1,-0.00211071,-0.227253,0.138253,-0.0549674,0.0209478,-0.102482,-0.00211071,-0.227253,0.124428,-0.000204268
1924,34.8475,0.19394,1,-0.0389028,-0.221886,0.0849189,-0.0416404,0.0151416,-0.153092,-0.0389028,-0.221886,0.076427,-0.00231251
1925,34.8656,0.19144,1,-0.0670759,-0.218758,0.0366054,-0.031728,0.00993368,-0.200879,-0.0670759,-0.218758,0.0329448,-0.00171874
1926,34.8837,0.193618,1,-0.0914354,-0.21947,-0.00644986,-0.0244936,0.00539534,-0.246069,-0.0914354,-0.21947,-0.00580487,0.000412822
1927,34.9018,0.198595,1,-0.111986,-0.222092,-0.0444075,-0.0193333,0.00148346,-0.288846,-0.111986,-0.222092,-0.0399668,0.00348112
1928,34.9199,0.206214,1,-0.129448,-0.228384,-0.0776533,-0.0157666,-0.00190608,-0.329363,-0.129448,-0.228384,-0.069888,0.00703644
1929,34.938,0.215895,1,-0.145258,-0.239539,-0.108141,-0.0134222,-0.00490525,-0.367753,-0.145258,-0.239539,-0.0973268,0.0109958
1930,34.9562,0.226935,1,-0.160465,-0.253789,-0.136029,-0.0120208,-0.00765488,-0.404136,-0.160465,-0.253789,-0.122426,0.0152796
1931,34.9743,0.240178,1,-0.175367,-0.270916,-0.158913,-0.0113595,-0.0102954,-0.438618,-0.175367,-0.270916,-0.143021,0.0195076
1932,34.9924,0.256184,0,-0.191223,-0.291633,-0.176577,-0.0112972,-0.0129637,-0.471298,-0.191223,-0.291633,-0.158919,0.0236359
1933,35.0105,0.275457,0,-0.208109,-0.316518,-0.188203,-0.0117431,-0.0157946,-0.502265,-0.208109,-0.316518,-0.169382,0.0274166
1934,35.0286,0.298456,0,-0.22675,-0.345789,-0.193156,-0.0126471,-0.0189242,-0.531604,-0.22675,-0.345789,-0.173841,0.0306588
1935,35.0467,0.325383,0,-0.247932,-0.379609,-0.191472,-0.0139936,-0.022495,-0.559391,-0.247932,-0.379609,-0.172324,0.0332304
1936,35.0648,0.355459,0,-0.271796,-0.415973,-0.183259,-0.0157967,-0.0266625,-0.585696,-0.271796,-0.415973,-0.164933,0.0348664
1937,35.0829,0.388668,0,-0.298495,-0.452184,-0.165969,-0.0180979,-0.0316029,-0.610579,-0.298495,-0.452184,-0.149372,0.0346785
1938,35.1011,0.425752,0,-0.327103,-0.488745,-0.137629,-0.0209657,-0.0375211,-0.634088,-0.327103,-0.488745,-0.123866,0.0315132
1939,35.1192,0.466137,0,-0.356933,-0.522907,-0.0971399,-0.0244968,-0.0446607,-0.656262,-0.356933,-0.522907,-0.0874259,0.0242707
1940,35.1373,0.508714,0,-0.386653,-0.551849,-0.0448298,-0.028819,-0.0533155,-0.677117,-0.386653,-0.551849,-0.0403468,0.0121335
1941,35.1554,0.551806,0,-0.415346,-0.571538,0.0177495,-0.034096,-0.0638429,-0.696648,-0.415346,-0.571538,0.0159746,-0.00516053
1942,35.1735,0.593439,0,-0.441691,-0.579248,0.0870634,-0.0405337,-0.0766793,-0.714813,-0.441691,-0.579248,0.0783571,-0.0269186
1943,35.1916,0.630643,0,-0.462976,-0.572692,0.157596,-0.0483885,-0.0923585,-0.731521,-0.462976,-0.572692,0.141836,-0.0510742
1944,35.2097,0.660919,0,-0.47732,-0.548829,0.224664,-0.0579782,-0.111533,-0.746606,-0.47732,-0.548829,0.202198,-0.0750657
1945,35.2278,0.682509,0,-0.482882,-0.509956,0.282384,-0.0696936,-0.134995,-0.759794,-0.482882,-0.509956,0.254146,-0.0954508
1946,35.246,0.697259,0,-0.480329,-0.460411,0.330896,-0.0840136,-0.1637,-0.770653,-0.480329,-0.460411,0.297806,-0.111257
1947,35.2641,0.702843,0,-0.469186,-0.40455,0.363612,-0.10152,-0.198784,-0.778513,-0.469186,-0.40455,0.32725,-0.119421
1948,35.2822,0.697261,0,-0.449194,-0.345947,0.37573,-0.122912,-0.241564,-0.782356,-0.449194,-0.345947,0.338157,-0.118143
1949,35.3003,0.681308,0,-0.422128,-0.289414,0.367355,-0.149017,-0.293505,-0.780658,-0.422128,-0.289414,0.330619,-0.10855
1950,35.3184,0.658397,0,-0.390391,-0.240122,0.343756,-0.180782,-0.35612,-0.771173,-0.390391,-0.240122,0.30938,-0.0939394
1951,35.3365,0.63321,0,-0.35532,-0.198313,0.31252,-0.219247,-0.43074,-0.750649,-0.35532,-0.198313,0.281268,-0.0777313
1952,35.3546,0.607098,0,-0.319518,-0.167275,0.275295,-0.265452,-0.518056,-0.714519,-0.319518,-0.167275,0.247765,-0.0615731
1953,35.3727,0.581129,0,-0.286796,-0.147634,0.232953,-0.320256,-0.61731,-0.656663,-0.286796,-0.147634,0.209658,-0.046767
1954,35.3908,0.558568,0,-0.257298,-0.136757,0.188099,-0.383989,-0.724982,-0.569486,-0.257298,-0.136757,0.169289,-0.0338783
1955,35.409,0.544023,0,-0.231378,-0.131715,0.14312,-0.455884,-0.832989,-0.444838,-0.231378,-0.131715,0.128808,-0.0231803
1956,35.4271,0.540553,0,-0.210272,-0.132354,0.0990662,-0.533273,-0.926845,-0.276495,-0.210272,-0.132354,0.0891596,-0.0145816
1957,35.4452,0.55005,0,-0.193383,-0.137254,0.0556874,-0.610682,-0.985195,-0.0648189,-0.193383,-0.137254,0.0501186,-0.00753829
1958,35.4633,0.571824,0,-0.180292,-0.143371,0.0143695,-0.679346,-0.983239,0.177201,-0.180292,-0.143371,0.0129326,-0.0018135
1959,35.4814,0.597775,0,-0.170567,-0.151989,-0.0254451,-0.727959,-0.902069,0.420312,-0.170567,-0.151989,-0.0229006,0.00303807
1960,35.4995,0.616426,0,-0.164821,-0.164897,-0.061998,-0.745414,-0.741418,0.623918,-0.164821,-0.164897,-0.0557982,0.00715301
1961,35.5176,0.620281,0,-0.162859,-0.180516,-0.0959601,-0.724953,-0.526437,0.751763,-0.162859,-0.180516,-0.0863641,0.0109396
1962,35.5357,0.606576,0,-0.164436,-0.197778,-0.127306,-0.667439,-0.299393,0.789463,-0.164436,-0.197778,-0.114575,0.0146535
1963,35.5539,0.578622,0,-0.168779,-0.216088,-0.156485,-0.581316,-0.100158,0.749487,-0.168779,-0.216088,-0.140836,0.0184879
1964,35.572,0.542938,0,-0.175688,-0.23682,-0.18258,-0.479183,0.0492378,0.660276,-0.175688,-0.23682,-0.164322,0.0224539
1965,35.5901,0.50656,0,-0.185081,-0.260106,-0.203764,-0.373445,0.146453,0.550582,-0.185081,-0.260106,-0.183388,0.026399
1966,35.6082,0.476017,0,-0.197215,-0.286734,-0.219966,-0.273419,0.201176,0.440271,-0.197215,-0.286734,-0.19797,0.0303664
1967,35.6263,0.454598,0,-0.21233,-0.316992,-0.229668,-0.184543,0.226608,0.339284,-0.21233,-0.316992,-0.206701,0.0341357
1968,35.6444,0.444264,0,-0.230587,-0.351569,-0.232945,-0.108967,0.234477,0.250657,-0.230587,-0.351569,-0.209651,0.0375999
1969,35.6625,0.444846,0,-0.252245,-0.389989,-0.229521,-0.0466081,0.233417,0.173895,-0.252245,-0.389989,-0.206569,0.040527
1970,35.6806,0.454532,0,-0.277226,-0.430484,-0.217847,0.00388496,0.229129,0.107245,-0.277226,-0.430484,-0.196062,0.0422749
1971,35.6988,0.472954,0,-0.305549,-0.473756,-0.196394,0.0444332,0.225114,0.0488611,-0.305549,-0.473756,-0.176755,0.0420057
1972,35.7169,0.498516,0,-0.337092,-0.51707,-0.163128,0.0770956,0.22339,-0.00274492,-0.337092,-0.51707,-0.146815,0.0384924
1973,35.735,0.529595,0,-0.370631,-0.557084,-0.116177,0.10383,0.22505,-0.0486076,-0.370631,-0.557084,-0.104559,0.030141
1974,35.7531,0.565313,0,-0.404747,-0.591215,-0.0547794,0.126382,0.230638,-0.0893521,-0.404747,-0.591215,-0.0493014,0.0155202
1975,35.7712,0.602625,0,-0.43671,-0.613241,0.0194526,0.146247,0.24039,-0.125271,-0.43671,-0.613241,0.0175074,-0.00594662
1976,35.7893,0.640113,0,-0.465919,-0.619812,0.103156,0.164676,0.254385,-0.156392,-0.465919,-0.619812,0.0928406,-0.0336437
1977,35.8074,0.673798,0,-0.489589,-0.606487,0.187909,0.182698,0.272615,-0.182522,-0.489589,-0.606487,0.169119,-0.0643989
1978,35.8255,0.700969,0,-0.505122,-0.572876,0.267898,0.201151,0.295024,-0.203273,-0.505122,-0.572876,0.241108,-0.0947248
1979,35.8436,0.718801,0,-0.509826,-0.520161,0.336888,0.220703,0.321488,-0.218071,-0.509826,-0.520161,0.303199,-0.120228
1980,35.8618,0.725298,0,-0.502552,-0.453025,0.387265,0.241872,0.351779,-0.226164,-0.502552,-0.453025,0.348538,-0.136234
1981,35.8799,0.719569,0,-0.483523,-0.379596,0.411853,0.265022,0.385485,-0.226637,-0.483523,-0.379596,0.370668,-0.139398
1982,35.898,0.702922,0,-0.4543,-0.306786,0.411474,0.290353,0.421905,-0.218446,-0.4543,-0.306786,0.370327,-0.130853
1983,35.9161,0.679615,0,-0.417872,-0.242352,0.392052,0.317865,0.45993,-0.200504,-0.417872,-0.242352,0.352846,-0.114679
1984,35.9342,0.653014,0,-0.377207,-0.189685,0.358817,0.347308,0.497905,-0.171825,-0.377207,-0.189685,0.322935,-0.0947439
1985,35.9523,0.626591,0,-0.335858,-0.150787,0.315215,0.378117,0.533541,-0.131759,-0.335858,-0.150787,0.283693,-0.0741071
1986,35.9704,0.60422,0,-0.296599,-0.126015,0.267373,0.409356,0.563898,-0.0803231,-0.296599,-0.126015,0.240636,-0.055512
1987,35.9885,0.586163,0,-0.261216,-0.110568,0.215788,0.439674,0.585554,-0.0185849,-0.261216,-0.110568,0.194209,-0.0394571
1988,36.0067,0.572949,0,-0.229767,-0.102448,0.162475,0.467329,0.595003,0.0509765,-0.229767,-0.102448,0.146227,-0.0261319
1989,36.0248,0.56555,0,-0.2037,-0.101853,0.110222,0.490301,0.58931,0.124307,-0.2037,-0.101853,0.0991999,-0.0157166
1990,36.0429,0.561751,0,-0.182774,-0.106595,0.0620578,0.506523,0.566924,0.195987,-0.182774,-0.106595,0.0558521,-0.00793977
1991,36.061,0.558248,0,-0.166328,-0.113542,0.0155409,0.514207,0.528381,0.259937,-0.166328,-0.113542,0.0139868,-0.00180942
1992,36.0791,0.553124,0,-0.153991,-0.122988,-0.0279313,0.512209,0.476576,0.310503,-0.153991,-0.122988,-0.0251382,0.00301083
1993,36.0972,0.544788,0,-0.145603,-0.134547,-0.0682777,0.500313,0.416369,0.343626,-0.145603,-0.134547,-0.06145,0.00695902
1994,36.1153,0.53275,0,-0.141549,-0.148615,-0.104741,0.479331,0.35359,0.357608,-0.141549,-0.148615,-0.0942673,0.0103782
1995,36.1334,0.51699,0,-0.141425,-0.164273,-0.137785,0.450975,0.293791,0.35321,-0.141425,-0.164273,-0.124006,0.0136403
1996,36.1516,0.499197,0,-0.144968,-0.182828,-0.168254,0.417546,0.241234,0.333088,-0.144968,-0.182828,-0.151429,0.017074
1997,36.1697,0.480742,0,-0.150991,-0.204336,-0.196651,0.381538,0.198413,0.300889,-0.150991,-0.204336,-0.176986,0.0207847
1998,36.1878,0.462581,0,-0.159628,-0.227623,-0.221258,0.345279,0.166122,0.260381,-0.159628,-0.227623,-0.199132,0.0247233
1999,36.2059,0.445913,0,-0.170441,-0.252534,-0.241068,0.310695,0.143882,0.214869,-0.170441,-0.252534,-0.216961,0.0287615
2000,36.224,0.433078,0,-0.18423,-0.281317,-0.255362,0.279197,0.130473,0.166936,-0.18423,-0.281317,-0.229826,0.0329317
