step,lt,err,locked,pred_x,pred_y,pred_z,true_x,true_y,true_z,drive_x,drive_y,drive_z,drive_xz
1,0.018112,0.00449807,1,-0.327845,-0.412795,0.0198915,-0.334026,-0.417535,0.0197385,-0.327845,-0.412795,0.0179023,-0.00456493
2,0.036224,0.00796089,1,-0.338213,-0.420398,0.0342786,-0.346851,-0.429208,0.0281225,-0.338213,-0.420398,0.0308507,-0.00811542
3,0.054336,0.0122693,1,-0.350199,-0.427496,0.055028,-0.359369,-0.439722,0.040262,-0.350199,-0.427496,0.0495252,-0.0134895
4,0.072448,0.0170316,1,-0.361888,-0.430993,0.0776667,-0.371357,-0.448335,0.0557624,-0.361888,-0.430993,0.0699001,-0.0196746
5,0.09056,0.0218028,1,-0.371361,-0.432534,0.102783,-0.3825,-0.454339,0.0740338,-0.371361,-0.432534,0.0925049,-0.0267188
6,0.108672,0.0259389,1,-0.379224,-0.429749,0.127373,-0.392417,-0.457121,0.0942794,-0.379224,-0.429749,0.114636,-0.033812
7,0.126784,0.0310381,1,-0.384145,-0.420737,0.152338,-0.400702,-0.45623,0.115511,-0.384145,-0.420737,0.137104,-0.0409639
8,0.144896,0.0349937,1,-0.385641,-0.407009,0.171872,-0.40696,-0.451448,0.136596,-0.385641,-0.407009,0.154685,-0.0463966
9,0.163008,0.0372935,1,-0.384405,-0.390996,0.184351,-0.410856,-0.442844,0.156342,-0.384405,-0.390996,0.165916,-0.0496058
10,0.18112,0.0385192,1,-0.380067,-0.374219,0.188457,-0.412156,-0.430792,0.173594,-0.380067,-0.374219,0.169612,-0.0501385
11,0.199232,0.0395046,1,-0.373905,-0.358313,0.188447,-0.410762,-0.415951,0.187353,-0.373905,-0.358313,0.169602,-0.0493227
12,0.217344,0.0399219,1,-0.366469,-0.34436,0.184527,-0.406737,-0.3992,0.196867,-0.366469,-0.34436,0.166075,-0.0473365
13,0.235456,0.0391127,1,-0.35863,-0.332921,0.179597,-0.400305,-0.381541,0.201702,-0.35863,-0.332921,0.161637,-0.0450861
14,0.253568,0.0379517,1,-0.350004,-0.324302,0.17019,-0.391833,-0.363989,0.201754,-0.350004,-0.324302,0.153171,-0.041697
15,0.27168,0.0365155,1,-0.341198,-0.316421,0.159981,-0.381799,-0.347471,0.197231,-0.341198,-0.316421,0.143983,-0.0382096
16,0.289792,0.0353997,1,-0.331872,-0.309379,0.147338,-0.370749,-0.332752,0.18859,-0.331872,-0.309379,0.132604,-0.0342281
17,0.307904,0.0330363,1,-0.323076,-0.303969,0.135276,-0.359247,-0.320392,0.17646,-0.323076,-0.303969,0.121748,-0.0305931
18,0.326016,0.0301159,1,-0.315022,-0.301415,0.122111,-0.34784,-0.310746,0.161568,-0.315022,-0.301415,0.1099,-0.0269274
19,0.344128,0.0258215,1,-0.308284,-0.300532,0.110571,-0.33702,-0.303978,0.144668,-0.308284,-0.300532,0.0995138,-0.0238611
20,0.36224,0.0216994,1,-0.302013,-0.30023,0.0986074,-0.327207,-0.300109,0.126497,-0.302013,-0.30023,0.0887466,-0.0208465
21,0.380352,0.0169087,1,-0.297052,-0.30118,0.0881743,-0.318737,-0.299049,0.107744,-0.297052,-0.30118,0.0793569,-0.0183346
22,0.398464,0.0131274,1,-0.293361,-0.303156,0.076059,-0.311861,-0.300644,0.0890375,-0.293361,-0.303156,0.0684531,-0.0156189
23,0.416576,0.00941118,1,-0.291585,-0.306419,0.0652307,-0.306754,-0.304702,0.0709465,-0.291585,-0.306419,0.0587077,-0.0133142
24,0.434688,0.00721884,1,-0.291031,-0.311098,0.0534409,-0.303523,-0.311014,0.0539839,-0.291031,-0.311098,0.0480968,-0.0108871
25,0.4528,0.00671183,1,-0.291903,-0.317659,0.043704,-0.302216,-0.319367,0.038617,-0.291903,-0.317659,0.0393336,-0.00893015
26,0.470912,0.00718085,1,-0.294106,-0.32594,0.0333718,-0.302834,-0.329542,0.0252761,-0.294106,-0.32594,0.0300346,-0.00687039
27,0.489024,0.00850461,1,-0.297981,-0.336632,0.0262371,-0.305337,-0.341306,0.0143613,-0.297981,-0.336632,0.0236134,-0.00547272
28,0.507136,0.00978421,1,-0.302998,-0.348116,0.0205064,-0.309648,-0.354405,0.00624418,-0.302998,-0.348116,0.0184557,-0.00434937
29,0.525248,0.0120554,1,-0.309251,-0.360279,0.0193404,-0.315654,-0.368543,0.00126513,-0.309251,-0.360279,0.0174064,-0.00418673
30,0.54336,0.0141187,1,-0.316262,-0.37202,0.0202437,-0.323204,-0.383366,-0.000276889,-0.316262,-0.37202,0.0182193,-0.00448161
31,0.561472,0.0169074,1,-0.324127,-0.383316,0.0256253,-0.332104,-0.398451,0.00185777,-0.324127,-0.383316,0.0230628,-0.0058141
32,0.579584,0.0191369,1,-0.332359,-0.393606,0.0326471,-0.34211,-0.413287,0.00782338,-0.332359,-0.393606,0.0293824,-0.0075954
33,0.597696,0.0217831,1,-0.340981,-0.402428,0.0434071,-0.352923,-0.427282,0.0176552,-0.340981,-0.402428,0.0390664,-0.0103607
34,0.615808,0.0235912,1,-0.349481,-0.410058,0.0551233,-0.364181,-0.439768,0.0312306,-0.349481,-0.410058,0.0496109,-0.0134852
35,0.63392,0.0258769,1,-0.357676,-0.414907,0.0696472,-0.375465,-0.450031,0.0482303,-0.357676,-0.414907,0.0626824,-0.0174378
36,0.652032,0.0278968,1,-0.364757,-0.417289,0.0843732,-0.386299,-0.457364,0.0681072,-0.364757,-0.417289,0.0759359,-0.021543
37,0.670144,0.0300609,1,-0.371043,-0.416781,0.100667,-0.396174,-0.461134,0.0900724,-0.371043,-0.416781,0.0905999,-0.0261461
38,0.688256,0.03191,1,-0.375559,-0.413889,0.115705,-0.404569,-0.460861,0.11311,-0.375559,-0.413889,0.104134,-0.0304178
39,0.706368,0.0336133,1,-0.378716,-0.408148,0.130701,-0.410994,-0.456307,0.136029,-0.378716,-0.408148,0.117631,-0.0346489
40,0.72448,0.0350956,1,-0.379789,-0.400222,0.142898,-0.415029,-0.447536,0.157548,-0.379789,-0.400222,0.128608,-0.0379897
41,0.742592,0.0361053,1,-0.379074,-0.390175,0.153726,-0.416378,-0.434945,0.176417,-0.379074,-0.390175,0.138353,-0.0407914
42,0.760704,0.0369255,1,-0.376372,-0.378765,0.160435,-0.414895,-0.419248,0.19154,-0.376372,-0.378765,0.144391,-0.0422682
43,0.778816,0.0371215,1,-0.371974,-0.366246,0.164621,-0.41062,-0.401408,0.202092,-0.371974,-0.366246,0.148159,-0.0428642
44,0.796928,0.0368153,1,-0.366357,-0.354285,0.16436,-0.403771,-0.382526,0.20759,-0.366357,-0.354285,0.147924,-0.0421502
45,0.81504,0.0358219,1,-0.359202,-0.34214,0.161859,-0.394732,-0.363718,0.20792,-0.359202,-0.34214,0.145673,-0.040698
46,0.833152,0.0343909,1,-0.351551,-0.331566,0.1555,-0.38401,-0.346005,0.203313,-0.351551,-0.331566,0.13995,-0.0382662
47,0.851264,0.0321194,1,-0.343226,-0.322042,0.147483,-0.37219,-0.33022,0.194272,-0.343226,-0.322042,0.132735,-0.0354341
48,0.869376,0.0297162,1,-0.335242,-0.31498,0.136342,-0.359882,-0.316968,0.181487,-0.335242,-0.31498,0.122708,-0.0319953
49,0.887488,0.0266828,1,-0.327306,-0.309094,0.124335,-0.34767,-0.306623,0.165748,-0.327306,-0.309094,0.111902,-0.0284869
50,0.9056,0.0238406,1,-0.320275,-0.306266,0.110357,-0.336084,-0.29935,0.147871,-0.320275,-0.306266,0.0993209,-0.0247411
51,0.923712,0.0202589,1,-0.314138,-0.304641,0.0968533,-0.325569,-0.295155,0.128643,-0.314138,-0.304641,0.0871679,-0.0212977
52,0.941824,0.0171691,1,-0.308997,-0.305312,0.0823597,-0.316479,-0.293929,0.108794,-0.308997,-0.305312,0.0741237,-0.0178142
53,0.959936,0.0135231,1,-0.305088,-0.307017,0.0689851,-0.30908,-0.295494,0.0889833,-0.305088,-0.307017,0.0620866,-0.0147326
54,0.978048,0.01093,1,-0.302373,-0.311743,0.0552915,-0.30355,-0.299641,0.0698022,-0.302373,-0.311743,0.0497624,-0.0117031
55,0.99616,0.00798347,1,-0.301328,-0.317457,0.0439371,-0.299999,-0.306148,0.0517811,-0.301328,-0.317457,0.0395434,-0.00926763
56,1.01427,0.00669266,1,-0.3016,-0.325791,0.0335077,-0.298475,-0.31479,0.0354015,-0.3016,-0.325791,0.0301569,-0.00707415
57,1.03238,0.00652202,1,-0.303601,-0.334508,0.0258299,-0.298976,-0.325347,0.0211073,-0.303601,-0.334508,0.0232469,-0.0054894
58,1.0505,0.00820328,1,-0.306954,-0.345646,0.0196472,-0.301461,-0.337589,0.00931328,-0.306954,-0.345646,0.0176825,-0.00422155
59,1.06861,0.0106199,1,-0.31182,-0.356677,0.0169447,-0.305853,-0.351263,0.000409042,-0.31182,-0.356677,0.0152502,-0.00369859
60,1.08672,0.0131136,1,-0.317761,-0.369346,0.0164941,-0.312039,-0.366081,-0.00524276,-0.317761,-0.369346,0.0148447,-0.00366884
61,1.10483,0.016078,1,-0.324993,-0.380925,0.0200461,-0.319871,-0.381691,-0.00731578,-0.324993,-0.380925,0.0180415,-0.00456039
62,1.12294,0.0185091,1,-0.332897,-0.393394,0.0260133,-0.329153,-0.397668,-0.00553788,-0.332897,-0.393394,0.0234119,-0.00606181
63,1.14106,0.0215057,1,-0.34166,-0.40335,0.0360664,-0.339644,-0.413493,0.000281729,-0.34166,-0.40335,0.0324598,-0.00862572
64,1.15917,0.0237226,1,-0.350364,-0.412854,0.0481839,-0.351039,-0.428547,0.0102161,-0.350364,-0.412854,0.0433655,-0.0118173
65,1.17728,0.026525,1,-0.359092,-0.418961,0.0636626,-0.36297,-0.442126,0.0241775,-0.359092,-0.418961,0.0572963,-0.0160025
66,1.19539,0.0285842,1,-0.366877,-0.423286,0.0802721,-0.375002,-0.453462,0.0418719,-0.366877,-0.423286,0.0722449,-0.020615
67,1.2135,0.0311481,1,-0.373748,-0.423591,0.0986273,-0.386636,-0.461775,0.06276,-0.373748,-0.423591,0.0887645,-0.0258032
68,1.23162,0.0328435,1,-0.379131,-0.421644,0.116141,-0.397328,-0.46635,0.0860357,-0.379131,-0.421644,0.104527,-0.0308229
69,1.24973,0.0347791,1,-0.383082,-0.415958,0.133268,-0.406516,-0.466627,0.110635,-0.383082,-0.415958,0.119941,-0.0357366
70,1.26784,0.0362047,1,-0.384923,-0.407938,0.147618,-0.413658,-0.462293,0.135284,-0.384923,-0.407938,0.132856,-0.039775
71,1.28595,0.0380708,1,-0.384576,-0.396712,0.159996,-0.418288,-0.453367,0.158594,-0.384576,-0.396712,0.143996,-0.0430714
72,1.30406,0.0396781,1,-0.382088,-0.383951,0.168543,-0.420057,-0.440237,0.179186,-0.382088,-0.383951,0.151689,-0.0450789
73,1.32218,0.0415661,1,-0.377285,-0.368973,0.174139,-0.418789,-0.423651,0.195839,-0.377285,-0.368973,0.156725,-0.04599
74,1.34029,0.0430619,1,-0.370609,-0.353977,0.174915,-0.4145,-0.404643,0.207619,-0.370609,-0.353977,0.157423,-0.0453776
75,1.3584,0.0442595,1,-0.362263,-0.338442,0.172438,-0.40741,-0.384415,0.213971,-0.362263,-0.338442,0.155194,-0.0437276
76,1.37651,0.0448258,1,-0.353143,-0.324676,0.16514,-0.397921,-0.364197,0.214749,-0.353143,-0.324676,0.148626,-0.0408225
77,1.39462,0.0447504,1,-0.34318,-0.312025,0.155148,-0.386578,-0.34511,0.210192,-0.34318,-0.312025,0.139634,-0.0372707
78,1.41274,0.0439572,1,-0.33337,-0.302816,0.141623,-0.374011,-0.328074,0.200843,-0.33337,-0.302816,0.12746,-0.0330489
79,1.43085,0.0423911,1,-0.323911,-0.295799,0.12661,-0.36088,-0.313749,0.187455,-0.323911,-0.295799,0.113949,-0.0287073
80,1.44896,0.0403942,1,-0.315317,-0.292429,0.109758,-0.34782,-0.302536,0.170885,-0.315317,-0.292429,0.0987822,-0.024226
81,1.46707,0.0375145,1,-0.307686,-0.291071,0.0933495,-0.335401,-0.294606,0.152013,-0.307686,-0.291071,0.0840146,-0.0201056
82,1.48518,0.0344421,1,-0.301493,-0.292983,0.0765625,-0.324104,-0.289951,0.131684,-0.301493,-0.292983,0.0689063,-0.0161582
83,1.5033,0.0305608,1,-0.296751,-0.296078,0.0613232,-0.314307,-0.28844,0.110672,-0.296751,-0.296078,0.0551909,-0.0127384
84,1.52141,0.0270271,1,-0.293614,-0.302251,0.0463429,-0.306292,-0.289873,0.0896727,-0.293614,-0.302251,0.0417086,-0.00952486
85,1.53952,0.0226646,1,-0.292338,-0.309455,0.0340837,-0.300247,-0.294019,0.0693005,-0.292338,-0.309455,0.0306753,-0.00697477
86,1.55763,0.0190704,1,-0.292781,-0.319324,0.0230934,-0.296284,-0.300638,0.0501044,-0.292781,-0.319324,0.0207841,-0.00473291
87,1.57574,0.0154608,1,-0.295023,-0.329618,0.0149182,-0.294453,-0.309498,0.0325807,-0.295023,-0.329618,0.0134264,-0.00308085
88,1.59386,0.0136979,1,-0.298954,-0.342079,0.00857588,-0.294752,-0.320374,0.0171864,-0.298954,-0.342079,0.00771829,-0.00179466
89,1.61197,0.0130139,1,-0.304481,-0.354309,0.0056859,-0.29714,-0.333039,0.00435087,-0.304481,-0.354309,0.00511731,-0.00121187
90,1.63008,0.014678,1,-0.311295,-0.368042,0.00538258,-0.301539,-0.34725,-0.0055182,-0.311295,-0.368042,0.00484433,-0.0011729
91,1.64819,0.0173679,1,-0.319222,-0.380295,0.00956659,-0.30784,-0.362724,-0.012035,-0.319222,-0.380295,0.00860993,-0.00213771
92,1.6663,0.0209502,1,-0.327925,-0.392881,0.0165049,-0.315895,-0.379123,-0.0148437,-0.327925,-0.392881,0.0148544,-0.00378865
93,1.68442,0.02503,1,-0.33734,-0.403046,0.0274794,-0.325517,-0.396022,-0.0136353,-0.33734,-0.403046,0.0247314,-0.00648892
94,1.70253,0.0289747,1,-0.346697,-0.41274,0.0409557,-0.336465,-0.412901,-0.00817559,-0.346697,-0.41274,0.0368602,-0.00993945
95,1.72064,0.0331966,1,-0.356048,-0.418934,0.0577305,-0.348437,-0.429124,0.00165634,-0.356048,-0.418934,0.0519574,-0.0143884
96,1.73875,0.0364568,1,-0.364366,-0.423408,0.0754389,-0.361061,-0.443952,0.0158208,-0.364366,-0.423408,0.067895,-0.0192411
97,1.75686,0.0397412,1,-0.371627,-0.424285,0.0948205,-0.373889,-0.456561,0.0340651,-0.371627,-0.424285,0.0853384,-0.0246665
98,1.77498,0.0420422,1,-0.377646,-0.422653,0.113655,-0.386403,-0.466098,0.0558757,-0.377646,-0.422653,0.10229,-0.030045
99,1.79309,0.0445225,1,-0.382015,-0.417139,0.132483,-0.398025,-0.471752,0.0804458,-0.382015,-0.417139,0.119235,-0.0354274
100,1.8112,0.0462938,1,-0.384269,-0.40886,0.148665,-0.408147,-0.47286,0.106675,-0.384269,-0.40886,0.133798,-0.039989
101,1.82931,0.0486456,1,-0.384043,-0.396903,0.162654,-0.416176,-0.469013,0.133213,-0.384043,-0.396903,0.146388,-0.0437261
102,1.84742,0.0508259,1,-0.381404,-0.383078,0.1725,-0.42158,-0.460158,0.158554,-0.381404,-0.383078,0.15525,-0.0460544
103,1.86554,0.0536891,1,-0.376342,-0.366796,0.179154,-0.423955,-0.446648,0.181176,-0.376342,-0.366796,0.161239,-0.0471961
104,1.88365,0.0564383,1,-0.369118,-0.350003,0.180615,-0.423072,-0.429251,0.199707,-0.369118,-0.350003,0.162553,-0.0466677
105,1.90176,0.0590803,1,-0.360201,-0.332841,0.178237,-0.418917,-0.409066,0.213075,-0.360201,-0.332841,0.160413,-0.0449408
106,1.91987,0.0608161,1,-0.350568,-0.317892,0.170349,-0.411696,-0.387405,0.22062,-0.350568,-0.317892,0.153315,-0.0418033
107,1.93798,0.0618817,1,-0.339924,-0.304635,0.159401,-0.401827,-0.365622,0.222143,-0.339924,-0.304635,0.143461,-0.0379289
108,1.9561,0.062033,1,-0.329309,-0.294728,0.144726,-0.389887,-0.344967,0.217874,-0.329309,-0.294728,0.130253,-0.0333617
109,1.97421,0.0611723,1,-0.319015,-0.287324,0.128496,-0.376555,-0.326463,0.208393,-0.319015,-0.287324,0.115647,-0.0286945
110,1.99232,0.059411,1,-0.309736,-0.283745,0.110456,-0.362546,-0.310845,0.194513,-0.309736,-0.283745,0.0994101,-0.0239485
111,2.01043,0.0563154,1,-0.30166,-0.282482,0.0931619,-0.348554,-0.298556,0.177167,-0.30166,-0.282482,0.0838457,-0.0196723
112,2.02854,0.0528491,1,-0.295073,-0.284416,0.0752097,-0.335197,-0.289777,0.15731,-0.295073,-0.284416,0.0676887,-0.0155347
113,2.04666,0.0484589,1,-0.290018,-0.287789,0.0587379,-0.322999,-0.284492,0.135849,-0.290018,-0.287789,0.0528641,-0.0119246
114,2.06477,0.0440483,1,-0.286506,-0.293885,0.0427396,-0.31237,-0.282548,0.113615,-0.286506,-0.293885,0.0384656,-0.00857161
115,2.08288,0.0387601,1,-0.284967,-0.301161,0.0292486,-0.303611,-0.283719,0.0913389,-0.284967,-0.301161,0.0263238,-0.00583444
116,2.10099,0.0338189,1,-0.285262,-0.311208,0.0172765,-0.296923,-0.287747,0.0696665,-0.285262,-0.311208,0.0155488,-0.00344983
117,2.1191,0.0287826,1,-0.287527,-0.322025,0.00797477,-0.292425,-0.294375,0.0491665,-0.287527,-0.322025,0.00717729,-0.00160507
118,2.13722,0.0251762,1,-0.291592,-0.335088,0.000470889,-0.290168,-0.303359,0.03035,-0.291592,-0.335088,0.0004238,-9.61151e-05
119,2.15533,0.0223865,1,-0.297359,-0.348383,-0.00367258,-0.290152,-0.314469,0.0136875,-0.297359,-0.348383,-0.00330532,0.000764451
120,2.17344,0.0218856,1,-0.304537,-0.363072,-0.00500913,-0.292334,-0.327484,-0.000377829,-0.304537,-0.363072,-0.00450821,0.00106783
121,2.19155,0.0228198,1,-0.312961,-0.376817,-0.00166129,-0.296639,-0.342168,-0.0114209,-0.312961,-0.376817,-0.00149516,0.000363943
122,2.20966,0.0259684,1,-0.32232,-0.390983,0.00499177,-0.302962,-0.358254,-0.0190328,-0.32232,-0.390983,0.00449259,-0.00112626
123,2.22778,0.0302117,1,-0.33263,-0.40303,0.0160963,-0.311161,-0.375419,-0.0228265,-0.33263,-0.40303,0.0144867,-0.00374789
124,2.24589,0.0351656,1,-0.343065,-0.414523,0.0302062,-0.321055,-0.393253,-0.0224529,-0.343065,-0.414523,0.0271855,-0.00725388
125,2.264,0.040286,1,-0.353505,-0.422639,0.0479004,-0.332411,-0.411238,-0.0176277,-0.353505,-0.422639,0.0431104,-0.0118531
126,2.28211,0.0448776,1,-0.363017,-0.428616,0.0674259,-0.344933,-0.428734,-0.00817143,-0.363017,-0.428616,0.0606833,-0.0171337
127,2.30022,0.0490458,1,-0.371607,-0.43069,0.088608,-0.358252,-0.444974,0.00593956,-0.371607,-0.43069,0.0797472,-0.0230491
128,2.31834,0.0521473,1,-0.378827,-0.430116,0.109784,-0.371915,-0.459085,0.0245139,-0.378827,-0.430116,0.0988057,-0.0291124
129,2.33645,0.0550079,1,-0.384323,-0.424969,0.130972,-0.385386,-0.470133,0.0470867,-0.384323,-0.424969,0.117875,-0.0352349
130,2.35456,0.0568651,1,-0.387579,-0.416624,0.149825,-0.398058,-0.477202,0.0728746,-0.387579,-0.416624,0.134843,-0.0406484
131,2.37267,0.0588256,1,-0.388227,-0.404322,0.166226,-0.409279,-0.479506,0.100761,-0.388227,-0.404322,0.149603,-0.0451734
132,2.39078,0.0605325,1,-0.386215,-0.389622,0.1784,-0.418392,-0.476509,0.129331,-0.386215,-0.389622,0.16056,-0.0482307
133,2.4089,0.0632427,1,-0.381392,-0.372075,0.187027,-0.424798,-0.468049,0.156963,-0.381392,-0.372075,0.168324,-0.0499313
134,2.42701,0.0661981,1,-0.374134,-0.353528,0.190068,-0.428017,-0.454412,0.181976,-0.374134,-0.353528,0.171061,-0.0497777
135,2.44512,0.0697288,1,-0.364714,-0.334312,0.18868,-0.427751,-0.436356,0.202814,-0.364714,-0.334312,0.169812,-0.04817
136,2.46323,0.0724943,1,-0.354387,-0.317215,0.181341,-0.423935,-0.415034,0.218229,-0.354387,-0.317215,0.163207,-0.0449855
137,2.48134,0.0748014,1,-0.342809,-0.302287,0.170031,-0.416751,-0.391868,0.227419,-0.342809,-0.302287,0.153028,-0.0408016
138,2.49946,0.0761937,1,-0.331188,-0.29082,0.154494,-0.406615,-0.368358,0.230092,-0.331188,-0.29082,0.139044,-0.0358165
139,2.51757,0.0765734,1,-0.319618,-0.282065,0.137216,-0.394134,-0.345903,0.226449,-0.319618,-0.282065,0.123495,-0.0306997
140,2.53568,0.0757484,1,-0.309135,-0.277333,0.117841,-0.380037,-0.325662,0.217092,-0.309135,-0.277333,0.106057,-0.0255002
141,2.55379,0.0733812,1,-0.299891,-0.2752,0.0989964,-0.365102,-0.308472,0.202895,-0.299891,-0.2752,0.0890968,-0.0207817
142,2.5719,0.0701203,1,-0.292284,-0.276707,0.0796075,-0.350086,-0.294836,0.184873,-0.292284,-0.276707,0.0716467,-0.0162876
143,2.59002,0.0658089,1,-0.286365,-0.279613,0.0614355,-0.335671,-0.284961,0.164065,-0.286365,-0.279613,0.0552919,-0.0123151
144,2.60813,0.061145,1,-0.282066,-0.285359,0.0437636,-0.322431,-0.278824,0.141457,-0.282066,-0.285359,0.0393872,-0.00864095
145,2.62624,0.0554669,1,-0.279653,-0.292295,0.0284918,-0.310816,-0.276252,0.117941,-0.279653,-0.292295,0.0256426,-0.00557746
146,2.64435,0.0498292,1,-0.279248,-0.302174,0.0147073,-0.301154,-0.27699,0.0942985,-0.279248,-0.302174,0.0132366,-0.00287489
147,2.66246,0.0438293,1,-0.281035,-0.31313,0.00371519,-0.293665,-0.280751,0.0712067,-0.281035,-0.31313,0.00334367,-0.00073087
148,2.68058,0.0389309,1,-0.284684,-0.326368,-0.00553654,-0.288475,-0.287253,0.0492586,-0.284684,-0.326368,-0.00498289,0.00110332
149,2.69869,0.034615,1,-0.290233,-0.340212,-0.0115127,-0.285642,-0.296238,0.0289816,-0.290233,-0.340212,-0.0103615,0.00233897
150,2.7168,0.0323703,1,-0.297333,-0.355878,-0.0146756,-0.285164,-0.307469,0.0108591,-0.297333,-0.355878,-0.0132081,0.00305449
151,2.73491,0.0313414,1,-0.305907,-0.370879,-0.0132724,-0.287002,-0.320728,-0.00465308,-0.305907,-0.370879,-0.0119451,0.00284208
152,2.75302,0.0332502,1,-0.315701,-0.387091,-0.00821545,-0.291083,-0.335792,-0.0171139,-0.315701,-0.387091,-0.0073939,0.00181554
153,2.77114,0.0367225,1,-0.32672,-0.401272,0.00207438,-0.297305,-0.352415,-0.0260926,-0.32672,-0.401272,0.00186694,-0.000474419
154,2.78925,0.041958,1,-0.338115,-0.414996,0.0159623,-0.305535,-0.370293,-0.0311712,-0.338115,-0.414996,0.0143661,-0.00377797
155,2.80736,0.0476874,1,-0.349716,-0.425312,0.0339422,-0.315602,-0.389041,-0.0319584,-0.349716,-0.425312,0.030548,-0.00830909
156,2.82547,0.0534993,1,-0.360572,-0.433522,0.0545612,-0.327285,-0.408159,-0.0281144,-0.360572,-0.433522,0.0491051,-0.0137713
157,2.84358,0.0589189,1,-0.370741,-0.437455,0.0774538,-0.340303,-0.427015,-0.0193906,-0.370741,-0.437455,0.0697084,-0.0201007
158,2.8617,0.0632104,1,-0.379452,-0.438382,0.100675,-0.354293,-0.444827,-0.00568387,-0.379452,-0.438382,0.0906074,-0.0267409
159,2.87981,0.0668794,1,-0.386447,-0.434751,0.124412,-0.368808,-0.460681,0.012899,-0.386447,-0.434751,0.11197,-0.033655
160,2.89792,0.0691813,1,-0.391186,-0.427291,0.146219,-0.383303,-0.473567,0.0359713,-0.391186,-0.427291,0.131597,-0.0400392
161,2.91603,0.0710917,1,-0.393155,-0.415275,0.165921,-0.397147,-0.482457,0.0628058,-0.393155,-0.415275,0.149329,-0.0456629
162,2.93414,0.0722269,1,-0.392273,-0.400303,0.181367,-0.409645,-0.486418,0.0923023,-0.392273,-0.400303,0.16323,-0.0498019
163,2.95226,0.0740668,1,-0.388418,-0.38203,0.193026,-0.420076,-0.484756,0.123005,-0.388418,-0.38203,0.173723,-0.0524822
164,2.97037,0.0762999,1,-0.381683,-0.362006,0.198835,-0.42776,-0.47715,0.153185,-0.381683,-0.362006,0.178951,-0.0531243
165,2.98848,0.0798011,1,-0.372101,-0.340682,0.199721,-0.432125,-0.463772,0.180991,-0.372101,-0.340682,0.179749,-0.0520215
166,3.00659,0.0830818,1,-0.361199,-0.320921,0.194304,-0.432784,-0.445324,0.204654,-0.361199,-0.320921,0.174874,-0.0491278
167,3.0247,0.0863278,1,-0.348835,-0.303256,0.183986,-0.429596,-0.42299,0.222701,-0.348835,-0.303256,0.165588,-0.0449265
168,3.04282,0.0888692,1,-0.336133,-0.28936,0.168295,-0.422691,-0.398293,0.234131,-0.336133,-0.28936,0.151465,-0.0395986
169,3.06093,0.0905397,1,-0.323244,-0.278715,0.150411,-0.41247,-0.372894,0.23851,-0.323244,-0.278715,0.135369,-0.0340336
170,3.07904,0.0909724,1,-0.31122,-0.272201,0.130035,-0.399558,-0.348376,0.235968,-0.31122,-0.272201,0.117031,-0.0283286
171,3.09715,0.0898228,1,-0.300485,-0.268338,0.109746,-0.384732,-0.326071,0.227108,-0.300485,-0.268338,0.0987711,-0.0230838
172,3.11526,0.0873536,1,-0.291371,-0.268417,0.0887404,-0.368837,-0.306954,0.212861,-0.291371,-0.268417,0.0798663,-0.0180995
173,3.13338,0.0835123,1,-0.284059,-0.270286,0.0688091,-0.352706,-0.291621,0.194329,-0.284059,-0.270286,0.0619282,-0.0136821
174,3.15149,0.0789601,1,-0.278454,-0.274974,0.0492144,-0.337096,-0.280322,0.172651,-0.278454,-0.274974,0.044293,-0.00959276
175,3.1696,0.073237,1,-0.274846,-0.281301,0.0316965,-0.322645,-0.273042,0.148906,-0.274846,-0.281301,0.0285268,-0.00609815
176,3.18771,0.0672035,1,-0.273169,-0.290284,0.0155508,-0.309856,-0.269588,0.124062,-0.273169,-0.290284,0.0139957,-0.00297359
177,3.20582,0.0604994,1,-0.273789,-0.300901,0.00218845,-0.299096,-0.26967,0.0989601,-0.273789,-0.300901,0.0019696,-0.000419421
178,3.22394,0.0544435,1,-0.276551,-0.313924,-0.00944793,-0.290607,-0.272969,0.0743218,-0.276551,-0.313924,-0.00850313,0.00182898
179,3.24205,0.0484636,1,-0.281331,-0.327724,-0.0176317,-0.284531,-0.279171,0.0507675,-0.281331,-0.327724,-0.0158685,0.00347223
180,3.26016,0.0443739,1,-0.287882,-0.343808,-0.0235383,-0.28093,-0.287995,0.0288432,-0.287882,-0.343808,-0.0211845,0.00474338
181,3.27827,0.0412818,1,-0.296103,-0.359953,-0.024953,-0.279808,-0.299198,0.00904502,-0.296103,-0.359953,-0.0224577,0.00517206
182,3.29638,0.0409459,1,-0.305792,-0.377427,-0.0227686,-0.281125,-0.312559,-0.00816001,-0.305792,-0.377427,-0.0204918,0.00487373
183,3.3145,0.0426795,1,-0.317027,-0.394019,-0.0151555,-0.284812,-0.327872,-0.0223179,-0.317027,-0.394019,-0.01364,0.0033633
184,3.33261,0.0471029,1,-0.329134,-0.410335,-0.00291324,-0.290771,-0.34491,-0.0329787,-0.329134,-0.410335,-0.00262192,0.000671194
185,3.35072,0.0527823,1,-0.341818,-0.423601,0.0140662,-0.298879,-0.363404,-0.0396962,-0.341818,-0.423601,0.0126596,-0.00336565
186,3.36883,0.0593436,1,-0.354078,-0.434887,0.0343754,-0.308979,-0.383,-0.042037,-0.354078,-0.434887,0.0309379,-0.0085201
187,3.38694,0.0660492,1,-0.365829,-0.441983,0.0581961,-0.320868,-0.403234,-0.0396028,-0.365829,-0.441983,0.0523765,-0.0149029
188,3.40506,0.0721291,1,-0.376665,-0.445882,0.0833034,-0.334284,-0.423497,-0.0320679,-0.376665,-0.445882,0.0749731,-0.0219642
189,3.42317,0.0772737,1,-0.385771,-0.444926,0.109411,-0.348883,-0.443015,-0.0192332,-0.385771,-0.444926,0.0984698,-0.0295453
190,3.44128,0.0808492,1,-0.392691,-0.439938,0.134412,-0.364232,-0.46085,-0.00109594,-0.392691,-0.439938,0.120971,-0.0369478
191,3.45939,0.0835709,1,-0.396976,-0.429647,0.15814,-0.37979,-0.475928,0.0220703,-0.396976,-0.429647,0.142326,-0.0439445
192,3.4775,0.0848992,1,-0.398061,-0.415517,0.178045,-0.394913,-0.487108,0.049638,-0.398061,-0.415517,0.160241,-0.0496111
193,3.49562,0.0861813,1,-0.395983,-0.397432,0.194261,-0.40887,-0.493297,0.0805698,-0.395983,-0.397432,0.174835,-0.0538468
194,3.51373,0.0873192,1,-0.390861,-0.376736,0.204604,-0.420878,-0.493598,0.113411,-0.390861,-0.376736,0.184143,-0.0559802
195,3.53184,0.0897159,1,-0.382312,-0.353876,0.209642,-0.430167,-0.487484,0.146352,-0.382312,-0.353876,0.188677,-0.0561039
196,3.54995,0.092634,1,-0.371403,-0.331347,0.208101,-0.436058,-0.474939,0.177373,-0.371403,-0.331347,0.187291,-0.0541027
197,3.56806,0.09622,1,-0.358571,-0.310105,0.200853,-0.438046,-0.456548,0.204464,-0.358571,-0.310105,0.180768,-0.050414
198,3.58618,0.0994358,1,-0.34494,-0.292472,0.186986,-0.43588,-0.43347,0.22587,-0.34494,-0.292472,0.168287,-0.0451492
199,3.60429,0.102336,1,-0.330745,-0.278465,0.169306,-0.429608,-0.40731,0.240318,-0.330745,-0.278465,0.152375,-0.0391979
200,3.6224,0.10407,1,-0.317156,-0.269175,0.148462,-0.419586,-0.379895,0.247159,-0.317156,-0.269175,0.133616,-0.03296
201,3.64051,0.104431,1,-0.304482,-0.262936,0.127202,-0.406437,-0.353029,0.24639,-0.304482,-0.262936,0.114481,-0.0271114
202,3.65862,0.103335,1,-0.293418,-0.260579,0.104654,-0.390977,-0.328267,0.238576,-0.293418,-0.260579,0.0941884,-0.0214951
203,3.67674,0.100547,1,-0.284149,-0.260591,0.0829111,-0.374123,-0.306778,0.224688,-0.284149,-0.260591,0.07462,-0.0164914
204,3.69485,0.0966083,1,-0.276693,-0.26344,0.0613008,-0.356797,-0.289293,0.205919,-0.276693,-0.26344,0.0551708,-0.011873
205,3.71296,0.0912743,1,-0.271251,-0.268283,0.0413045,-0.339844,-0.276139,0.183523,-0.271251,-0.268283,0.037174,-0.0078427
206,3.73107,0.0853213,1,-0.267728,-0.27599,0.022316,-0.323989,-0.267326,0.158693,-0.267728,-0.27599,0.0200844,-0.00418223
207,3.74918,0.0782169,1,-0.266714,-0.28544,0.00609455,-0.309802,-0.262648,0.132497,-0.266714,-0.28544,0.0054851,-0.00113785
208,3.7673,0.0714134,1,-0.267658,-0.297664,-0.00864373,-0.2977,-0.261781,0.105853,-0.267658,-0.297664,-0.00777936,0.0016195
209,3.78541,0.0642206,1,-0.271161,-0.310805,-0.0201295,-0.287964,-0.264361,0.0795375,-0.271161,-0.310805,-0.0181166,0.00382085
210,3.80352,0.0581457,1,-0.276462,-0.326456,-0.0291063,-0.280755,-0.270036,0.0542075,-0.276462,-0.326456,-0.0261957,0.00563276
211,3.82163,0.0528482,1,-0.283729,-0.34278,-0.0342888,-0.276146,-0.278495,0.0304318,-0.283729,-0.34278,-0.0308599,0.0068101
212,3.83974,0.0499063,1,-0.292583,-0.361072,-0.0360642,-0.274146,-0.289474,0.00871982,-0.292583,-0.361072,-0.0324578,0.00738626
213,3.85786,0.0487238,1,-0.303241,-0.379007,-0.0326664,-0.274717,-0.302752,-0.0104521,-0.303241,-0.379007,-0.0293998,0.00693405
214,3.87597,0.0508467,1,-0.315308,-0.397788,-0.0247821,-0.277791,-0.318131,-0.0266206,-0.315308,-0.397788,-0.0223039,0.00546981
215,3.89408,0.0550199,1,-0.32857,-0.414377,-0.0111317,-0.283277,-0.335412,-0.0393221,-0.32857,-0.414377,-0.0100186,0.00256029
216,3.91219,0.0612538,1,-0.34201,-0.429625,0.0066476,-0.291061,-0.354362,-0.0480867,-0.34201,-0.429625,0.00598284,-0.00159148
217,3.9303,0.0683637,1,-0.355435,-0.440846,0.0292844,-0.301002,-0.374676,-0.0524434,-0.355435,-0.440846,0.026356,-0.0072861
218,3.94842,0.0760761,1,-0.368085,-0.449539,0.0550523,-0.31292,-0.395939,-0.0519366,-0.368085,-0.449539,0.049547,-0.0141847
219,3.96653,0.0832911,1,-0.380071,-0.453171,0.0830103,-0.326578,-0.417591,-0.0461591,-0.380071,-0.453171,0.0747092,-0.0220849
220,3.98464,0.0890576,1,-0.389904,-0.452608,0.111068,-0.341664,-0.43889,-0.0348035,-0.389904,-0.452608,0.0999614,-0.0303141
221,4.00275,0.0935125,1,-0.397299,-0.446338,0.138835,-0.357772,-0.458905,-0.0177329,-0.397299,-0.446338,0.124951,-0.0386113
222,4.02086,0.0962792,1,-0.401818,-0.435132,0.164126,-0.374382,-0.476523,0.00493071,-0.401818,-0.435132,0.147713,-0.0461641
223,4.03898,0.0980985,1,-0.402833,-0.418861,0.186315,-0.390853,-0.490505,0.0327125,-0.402833,-0.418861,0.167683,-0.0525375
224,4.05709,0.0989667,1,-0.40039,-0.398915,0.203307,-0.406432,-0.49959,0.0647022,-0.40039,-0.398915,0.182977,-0.0569815
225,4.0752,0.100151,1,-0.394496,-0.375652,0.214825,-0.420285,-0.502651,0.0995121,-0.394496,-0.375652,0.193342,-0.0593232
226,4.09331,0.101724,1,-0.385106,-0.351102,0.219244,-0.431552,-0.498887,0.135306,-0.385106,-0.351102,0.197319,-0.0591024
227,4.11142,0.104702,1,-0.372811,-0.326292,0.217845,-0.439427,-0.488013,0.169923,-0.372811,-0.326292,0.196061,-0.0568506
228,4.12954,0.107765,1,-0.358886,-0.304084,0.208926,-0.443262,-0.470394,0.201097,-0.358886,-0.304084,0.188034,-0.0524865
229,4.14765,0.111287,1,-0.343688,-0.284909,0.19418,-0.442653,-0.447082,0.226736,-0.343688,-0.284909,0.174762,-0.0467161
230,4.16576,0.114242,1,-0.328609,-0.270578,0.17412,-0.437521,-0.419706,0.245204,-0.328609,-0.270578,0.156708,-0.0400522
231,4.18387,0.116202,1,-0.313725,-0.260727,0.152363,-0.428131,-0.390251,0.25553,-0.313725,-0.260727,0.137126,-0.03346
232,4.20198,0.116719,1,-0.300232,-0.254996,0.129057,-0.415072,-0.360769,0.257486,-0.300232,-0.254996,0.116151,-0.0271229
233,4.2201,0.115635,1,-0.288466,-0.252234,0.105521,-0.39918,-0.333102,0.251525,-0.288466,-0.252234,0.0949693,-0.0213076
234,4.23821,0.113032,1,-0.278559,-0.252606,0.0817819,-0.38144,-0.308685,0.238624,-0.278559,-0.252606,0.0736037,-0.0159468
235,4.25632,0.108695,1,-0.270696,-0.25478,0.0593958,-0.362872,-0.288455,0.220061,-0.270696,-0.25478,0.0534562,-0.0112547
236,4.27443,0.10333,1,-0.264609,-0.260327,0.0375273,-0.344434,-0.272871,0.197221,-0.264609,-0.260327,0.0337746,-0.00695103
237,4.29254,0.0965167,1,-0.261133,-0.26774,0.0178791,-0.326955,-0.262,0.17144,-0.261133,-0.26774,0.0160912,-0.00326817
238,4.31066,0.089344,1,-0.259715,-0.278244,-0.000292554,-0.311101,-0.255636,0.143913,-0.259715,-0.278244,-0.000263298,5.31864e-05
239,4.32877,0.0815723,1,-0.260938,-0.290141,-0.0158153,-0.297363,-0.253422,0.115665,-0.260938,-0.290141,-0.0142337,0.00288876
240,4.34688,0.0742918,1,-0.264185,-0.304562,-0.0291456,-0.286069,-0.254944,0.087546,-0.264185,-0.304562,-0.0262311,0.00538989
241,4.36499,0.0670309,1,-0.269732,-0.320054,-0.0386762,-0.277416,-0.259795,0.0602644,-0.269732,-0.320054,-0.0348085,0.00730254
242,4.3831,0.0615524,1,-0.277005,-0.337992,-0.0454776,-0.271494,-0.26762,0.0344192,-0.277005,-0.337992,-0.0409298,0.00881825
243,4.40122,0.0572732,1,-0.286371,-0.356531,-0.0474934,-0.268319,-0.278126,0.0105359,-0.286371,-0.356531,-0.0427441,0.00952051
244,4.41933,0.0558349,1,-0.297374,-0.376562,-0.0451623,-0.267857,-0.291078,-0.0109015,-0.297374,-0.376562,-0.0406461,0.00940105
245,4.43744,0.0569264,1,-0.310308,-0.395932,-0.0373903,-0.270039,-0.306284,-0.0294249,-0.310308,-0.395932,-0.0336513,0.00812177
246,4.45555,0.0613264,1,-0.32421,-0.415508,-0.0249014,-0.27478,-0.323569,-0.0445638,-0.32421,-0.415508,-0.0224113,0.0056513
247,4.47366,0.0672566,1,-0.338823,-0.43158,-0.006374,-0.281975,-0.342741,-0.0558336,-0.338823,-0.43158,-0.0057366,0.00151176
248,4.49178,0.0748325,1,-0.353191,-0.445357,0.0166504,-0.291499,-0.363553,-0.0627344,-0.353191,-0.445357,0.0149854,-0.00411655
249,4.50989,0.0832456,1,-0.367322,-0.455042,0.0441592,-0.303196,-0.38566,-0.0647608,-0.367322,-0.455042,0.0397433,-0.0113545
250,4.528,0.0917262,1,-0.380638,-0.461283,0.0742045,-0.316865,-0.408575,-0.0614272,-0.380638,-0.461283,0.066784,-0.0197715
251,4.54611,0.0989006,1,-0.392054,-0.461349,0.105428,-0.332234,-0.431626,-0.0523125,-0.392054,-0.461349,0.0948853,-0.0289335
252,4.56422,0.104185,1,-0.400671,-0.456473,0.135734,-0.34894,-0.453927,-0.0371277,-0.400671,-0.456473,0.12216,-0.0380692
253,4.58234,0.108074,1,-0.406386,-0.444662,0.164657,-0.366505,-0.474369,-0.0158062,-0.406386,-0.444662,0.148191,-0.04684
254,4.60045,0.110109,1,-0.408337,-0.427981,0.189549,-0.384316,-0.491652,0.0113885,-0.408337,-0.427981,0.170594,-0.05418
255,4.61856,0.111445,1,-0.4064,-0.406143,0.209853,-0.401625,-0.504366,0.0437536,-0.4064,-0.406143,0.188868,-0.059699
256,4.63667,0.112119,1,-0.400707,-0.381299,0.223483,-0.417564,-0.511139,0.0800638,-0.400707,-0.381299,0.201135,-0.0626859
257,4.65478,0.113482,1,-0.391023,-0.354191,0.230271,-0.431194,-0.510841,0.118551,-0.391023,-0.354191,0.207244,-0.0630287
258,4.6729,0.115487,1,-0.378109,-0.327426,0.229247,-0.44158,-0.502814,0.156983,-0.378109,-0.327426,0.206322,-0.0606762
259,4.69101,0.118469,1,-0.362915,-0.302515,0.221497,-0.4479,-0.487076,0.19286,-0.362915,-0.302515,0.199347,-0.0562692
260,4.70912,0.121577,1,-0.34678,-0.281476,0.206134,-0.449556,-0.464427,0.223715,-0.34678,-0.281476,0.18552,-0.0500382
261,4.72723,0.124809,1,-0.330079,-0.264781,0.18603,-0.446277,-0.436414,0.247448,-0.330079,-0.264781,0.167427,-0.0429833
262,4.74534,0.127002,1,-0.313987,-0.253784,0.162308,-0.438172,-0.40512,0.262627,-0.313987,-0.253784,0.146077,-0.0356737
263,4.76346,0.127912,1,-0.298838,-0.246526,0.138186,-0.425739,-0.372859,0.268649,-0.298838,-0.246526,0.124367,-0.0289066
264,4.78157,0.127168,1,-0.28586,-0.243632,0.112397,-0.409796,-0.341823,0.265738,-0.28586,-0.243632,0.101157,-0.0224908
265,4.79968,0.124684,1,-0.27479,-0.242883,0.0874209,-0.391377,-0.313813,0.254796,-0.27479,-0.242883,0.0786788,-0.0168156
266,4.81779,0.120602,1,-0.265661,-0.24473,0.0629352,-0.371605,-0.290075,0.237161,-0.265661,-0.24473,0.0566417,-0.0117036
267,4.8359,0.114916,1,-0.258775,-0.24895,0.0396957,-0.351572,-0.271288,0.214358,-0.258775,-0.24895,0.0357261,-0.00719058
268,4.85402,0.108186,1,-0.254092,-0.256754,0.017596,-0.332245,-0.257634,0.1879,-0.254092,-0.256754,0.0158364,-0.00312969
269,4.87213,0.100336,1,-0.252111,-0.266362,-0.00214244,-0.314417,-0.248945,0.159155,-0.252111,-0.266362,-0.0019282,0.000378093
270,4.89024,0.0926486,1,-0.252389,-0.278872,-0.0205448,-0.29868,-0.244835,0.129288,-0.252389,-0.278872,-0.0184903,0.0036297
271,4.90835,0.0844005,1,-0.255375,-0.292776,-0.035526,-0.285443,-0.244832,0.0992611,-0.255375,-0.292776,-0.0319734,0.0063507
272,4.92646,0.0769543,1,-0.260307,-0.309196,-0.0478845,-0.274952,-0.248462,0.0698555,-0.260307,-0.309196,-0.043096,0.00872527
273,4.94458,0.0699694,1,-0.26736,-0.326828,-0.0561185,-0.267327,-0.255304,0.0417151,-0.26736,-0.326828,-0.0505067,0.0105027
274,4.96269,0.0650883,1,-0.276349,-0.346801,-0.0609762,-0.262599,-0.265016,0.0153886,-0.276349,-0.346801,-0.0548786,0.0117955
275,4.9808,0.0618353,1,-0.287527,-0.367166,-0.0604305,-0.260735,-0.277333,-0.00863169,-0.287527,-0.367166,-0.0543874,0.0121628
276,4.99891,0.0621248,1,-0.30056,-0.389112,-0.0553014,-0.26167,-0.292057,-0.0298774,-0.30056,-0.389112,-0.0497713,0.011635
277,5.01702,0.0652034,1,-0.315385,-0.410185,-0.0439825,-0.265317,-0.309029,-0.0478797,-0.315385,-0.410185,-0.0395843,0.00971
278,5.03514,0.0709207,1,-0.330761,-0.430014,-0.0275133,-0.271578,-0.328098,-0.0621511,-0.330761,-0.430014,-0.024762,0.00637023
279,5.05325,0.0782707,1,-0.346648,-0.445934,-0.0043401,-0.280343,-0.34908,-0.0721776,-0.346648,-0.445934,-0.00390609,0.00105314
280,5.07136,0.0872085,1,-0.362238,-0.45922,0.0233407,-0.291483,-0.371715,-0.0774189,-0.362238,-0.45922,0.0210066,-0.00591843
281,5.08947,0.096591,1,-0.377439,-0.467986,0.054888,-0.304831,-0.395616,-0.0773245,-0.377439,-0.467986,0.0493992,-0.0145018
282,5.10758,0.105386,1,-0.391108,-0.472211,0.0885811,-0.320169,-0.42022,-0.0713673,-0.391108,-0.472211,0.079723,-0.0242513
283,5.1257,0.112657,1,-0.402379,-0.469599,0.123127,-0.337192,-0.444739,-0.0591011,-0.402379,-0.469599,0.110814,-0.0346806
284,5.14381,0.117784,1,-0.410163,-0.460326,0.156143,-0.355486,-0.468133,-0.0402458,-0.410163,-0.460326,0.140528,-0.0448307
285,5.16192,0.121322,1,-0.414452,-0.443741,0.186453,-0.374499,-0.489105,-0.0147994,-0.414452,-0.443741,0.167808,-0.0540932
286,5.18003,0.122931,1,-0.414309,-0.421944,0.211288,-0.393523,-0.50615,0.0168314,-0.414309,-0.421944,0.190159,-0.061277
287,5.19814,0.124092,1,-0.409892,-0.395087,0.230242,-0.411695,-0.517677,0.0537066,-0.409892,-0.395087,0.207218,-0.066062
288,5.21626,0.124655,1,-0.401124,-0.366198,0.241089,-0.428027,-0.5222,0.0942702,-0.401124,-0.366198,0.21698,-0.0676946
289,5.23437,0.126174,1,-0.388162,-0.335994,0.243939,-0.44147,-0.518596,0.136357,-0.388162,-0.335994,0.219545,-0.0662814
290,5.25248,0.128247,1,-0.372432,-0.307733,0.238226,-0.451017,-0.506372,0.177328,-0.372432,-0.307733,0.214403,-0.062106
291,5.27059,0.131072,1,-0.354804,-0.282864,0.225182,-0.455832,-0.485881,0.214355,-0.354804,-0.282864,0.202664,-0.0559267
292,5.2887,0.134073,1,-0.336876,-0.262663,0.205073,-0.455377,-0.458382,0.244795,-0.336876,-0.262663,0.184566,-0.0483589
293,5.30682,0.136916,1,-0.318705,-0.247676,0.180829,-0.449521,-0.42592,0.266587,-0.318705,-0.247676,0.162746,-0.0403419
294,5.32493,0.138377,1,-0.301569,-0.238527,0.154353,-0.438572,-0.391012,0.278542,-0.301569,-0.238527,0.138917,-0.0325836
295,5.34304,0.138113,1,-0.286103,-0.233438,0.127703,-0.423257,-0.356249,0.280451,-0.286103,-0.233438,0.114933,-0.0255754
296,5.36115,0.136159,1,-0.273186,-0.231935,0.100119,-0.404614,-0.323914,0.27299,-0.273186,-0.231935,0.0901074,-0.0191459
297,5.37926,0.132266,1,-0.262286,-0.232214,0.0739761,-0.383855,-0.295714,0.257474,-0.262286,-0.232214,0.0665785,-0.013582
298,5.39738,0.126963,1,-0.253606,-0.235349,0.0480259,-0.362221,-0.272686,0.235556,-0.253606,-0.235349,0.0432234,-0.00852577
299,5.41549,0.120045,1,-0.247405,-0.241407,0.0237327,-0.340854,-0.255242,0.208958,-0.247405,-0.241407,0.0213594,-0.0041101
300,5.4336,0.112391,1,-0.243574,-0.250847,0.000705427,-0.32072,-0.243314,0.179275,-0.243574,-0.250847,0.000634884,-0.000120277
301,5.45171,0.104117,1,-0.242515,-0.26202,-0.0202444,-0.302561,-0.236521,0.147879,-0.242515,-0.26202,-0.01822,0.0034367
302,5.46982,0.0960227,1,-0.244075,-0.275993,-0.0393215,-0.286902,-0.234333,0.115893,-0.244075,-0.275993,-0.0353894,0.00671817
303,5.48794,0.0874715,1,-0.2483,-0.291772,-0.0543522,-0.274072,-0.23619,0.0842129,-0.2483,-0.291772,-0.048917,0.00944695
304,5.50605,0.080002,1,-0.254369,-0.309918,-0.0665835,-0.264242,-0.24158,0.0535555,-0.254369,-0.309918,-0.0599251,0.0118557
305,5.52416,0.0731894,1,-0.262623,-0.329409,-0.0742372,-0.257468,-0.250081,0.0245077,-0.262623,-0.329409,-0.0668135,0.0136475
306,5.54227,0.0688957,1,-0.273098,-0.351382,-0.078339,-0.253728,-0.261373,-0.00242372,-0.273098,-0.351382,-0.0705051,0.014976
307,5.56038,0.0666394,1,-0.285918,-0.37402,-0.0765306,-0.252956,-0.275227,-0.0267722,-0.285918,-0.37402,-0.0688775,0.015317
308,5.5785,0.0681635,1,-0.300698,-0.398289,-0.0692658,-0.255063,-0.291484,-0.0480789,-0.300698,-0.398289,-0.0623392,0.0145796
309,5.59661,0.0723883,1,-0.317213,-0.421069,-0.0553965,-0.259949,-0.310022,-0.0658681,-0.317213,-0.421069,-0.0498569,0.0123007
310,5.61472,0.0791004,1,-0.334131,-0.441975,-0.0354154,-0.267515,-0.330718,-0.0796303,-0.334131,-0.441975,-0.0318738,0.00828336
311,5.63283,0.0877831,1,-0.351759,-0.458862,-0.00816439,-0.27765,-0.353406,-0.0888148,-0.351759,-0.458862,-0.00734795,0.00201033
312,5.65094,0.0978441,1,-0.368879,-0.472652,0.0235343,-0.290228,-0.37782,-0.0928322,-0.368879,-0.472652,0.0211809,-0.00607691
313,5.66906,0.108046,1,-0.385334,-0.48124,0.059072,-0.305081,-0.403541,-0.0910745,-0.385334,-0.48124,0.0531648,-0.0159337
314,5.68717,0.117412,1,-0.400002,-0.484621,0.0967086,-0.321978,-0.42994,-0.0829558,-0.400002,-0.484621,0.0870378,-0.0270786
315,5.70528,0.12526,1,-0.411822,-0.480007,0.135552,-0.340594,-0.456121,-0.0679823,-0.411822,-0.480007,0.121997,-0.0390763
316,5.72339,0.130507,1,-0.419471,-0.467239,0.171925,-0.360469,-0.48089,-0.0458559,-0.419471,-0.467239,0.154732,-0.0504822
317,5.7415,0.133965,1,-0.42288,-0.446514,0.204572,-0.380984,-0.502754,-0.0166102,-0.42288,-0.446514,0.184115,-0.0605566
318,5.75962,0.135536,1,-0.421457,-0.419795,0.230577,-0.401337,-0.519992,0.0192333,-0.421457,-0.419795,0.207519,-0.0680247
319,5.77773,0.136689,1,-0.415005,-0.38832,0.249513,-0.42055,-0.530805,0.060519,-0.415005,-0.38832,0.224562,-0.0724844
320,5.79584,0.137195,1,-0.403577,-0.355344,0.258846,-0.437507,-0.533561,0.105371,-0.403577,-0.355344,0.232961,-0.0731249
321,5.81395,0.138383,1,-0.387944,-0.322476,0.258898,-0.45104,-0.52711,0.151223,-0.387944,-0.322476,0.233008,-0.0703066
322,5.83206,0.139992,1,-0.36978,-0.292718,0.249366,-0.460054,-0.5111,0.19502,-0.36978,-0.292718,0.224429,-0.0645473
323,5.85018,0.142518,1,-0.350015,-0.26708,0.232201,-0.46368,-0.486198,0.233583,-0.350015,-0.26708,0.208981,-0.0568916
324,5.86829,0.145394,1,-0.330058,-0.246713,0.208002,-0.46143,-0.454114,0.264076,-0.330058,-0.246713,0.187202,-0.048057
325,5.8864,0.147882,1,-0.310145,-0.232025,0.180737,-0.453294,-0.417382,0.284458,-0.310145,-0.232025,0.162663,-0.0392382
326,5.90451,0.148694,1,-0.291614,-0.223732,0.151332,-0.43977,-0.378946,0.293768,-0.291614,-0.223732,0.136198,-0.0308913
327,5.92262,0.147397,1,-0.275402,-0.219778,0.122203,-0.421799,-0.341666,0.29217,-0.275402,-0.219778,0.109982,-0.0235584
328,5.94074,0.144164,1,-0.261879,-0.21881,0.0932489,-0.400626,-0.307905,0.28076,-0.261879,-0.21881,0.083924,-0.0170939
329,5.95885,0.139124,1,-0.2507,-0.219683,0.0652691,-0.377635,-0.279281,0.261234,-0.2507,-0.219683,0.0587422,-0.0114541
330,5.97696,0.132722,1,-0.241919,-0.223858,0.0376132,-0.354174,-0.256633,0.235528,-0.241919,-0.223858,0.0338519,-0.00636956
331,5.99507,0.124974,1,-0.235882,-0.230694,0.0115346,-0.331439,-0.240136,0.205532,-0.235882,-0.230694,0.0103811,-0.00190456
332,6.01318,0.116928,1,-0.232141,-0.240829,-0.0135411,-0.310389,-0.22949,0.172912,-0.232141,-0.240829,-0.012187,0.00220041
333,6.0313,0.108289,1,-0.231538,-0.25282,-0.0362682,-0.29173,-0.224133,0.139041,-0.231538,-0.25282,-0.0326414,0.00587823
334,6.04941,0.0999637,1,-0.233681,-0.267925,-0.0569009,-0.275926,-0.223408,0.105,-0.233681,-0.267925,-0.0512108,0.00930765
335,6.06752,0.0912573,1,-0.238533,-0.28529,-0.0730701,-0.263239,-0.226679,0.0716297,-0.238533,-0.28529,-0.065763,0.0122007
336,6.08563,0.083759,1,-0.245253,-0.305178,-0.0861998,-0.253775,-0.233406,0.0395894,-0.245253,-0.305178,-0.0775799,0.0147986
337,6.10374,0.0770918,1,-0.254509,-0.326436,-0.0947338,-0.247536,-0.24317,0.00941749,-0.254509,-0.326436,-0.0852604,0.0168774
338,6.12186,0.0730771,1,-0.266032,-0.35062,-0.0992877,-0.244458,-0.255672,-0.0184157,-0.266032,-0.35062,-0.089359,0.0184896
339,6.13997,0.0711942,1,-0.280175,-0.375689,-0.0974204,-0.244445,-0.270721,-0.0434662,-0.280175,-0.375689,-0.0876783,0.0191063
340,6.15808,0.073111,1,-0.296276,-0.402376,-0.0899722,-0.247391,-0.288199,-0.0652834,-0.296276,-0.402376,-0.080975,0.0186596
341,6.17619,0.0776431,1,-0.31439,-0.427488,-0.0750723,-0.253192,-0.308027,-0.083385,-0.31439,-0.427488,-0.067565,0.0165214
342,6.1943,0.0852037,1,-0.333378,-0.45128,-0.0528642,-0.26175,-0.330121,-0.0972396,-0.333378,-0.45128,-0.0475777,0.0123366
343,6.21242,0.0947023,1,-0.353008,-0.470435,-0.0224619,-0.272964,-0.354346,-0.106258,-0.353008,-0.470435,-0.0202157,0.00555047
344,6.23053,0.105677,1,-0.372077,-0.485987,0.0130005,-0.286717,-0.380453,-0.109796,-0.372077,-0.485987,0.0117005,-0.00338603
345,6.24864,0.116901,1,-0.390474,-0.495981,0.0527718,-0.302854,-0.408018,-0.107174,-0.390474,-0.495981,0.0474946,-0.0144242
346,6.26675,0.127314,1,-0.407086,-0.500184,0.09507,-0.32115,-0.436376,-0.0977256,-0.407086,-0.500184,0.085563,-0.0270911
347,6.28486,0.136203,1,-0.420568,-0.495043,0.13921,-0.341269,-0.464552,-0.0808712,-0.420568,-0.495043,0.125289,-0.040983
348,6.30298,0.142399,1,-0.429337,-0.480514,0.180994,-0.362731,-0.491219,-0.0562427,-0.429337,-0.480514,0.162894,-0.0543951
349,6.32109,0.146281,1,-0.4331,-0.456579,0.218004,-0.384865,-0.514701,-0.0238423,-0.4331,-0.456579,0.196203,-0.0660922
350,6.3392,0.148031,1,-0.431414,-0.425546,0.24724,-0.406793,-0.53304,0.0157696,-0.431414,-0.425546,0.222516,-0.0746639
351,6.35731,0.149349,1,-0.423904,-0.38944,0.268557,-0.427427,-0.544185,0.0612961,-0.423904,-0.38944,0.241702,-0.0796899
352,6.37542,0.149564,1,-0.410587,-0.35212,0.278498,-0.445517,-0.546277,0.110597,-0.410587,-0.35212,0.250648,-0.0800434
353,6.39354,0.150151,1,-0.39284,-0.315654,0.277794,-0.459753,-0.538039,0.160731,-0.39284,-0.315654,0.250015,-0.07639
354,6.41165,0.151213,1,-0.372295,-0.282703,0.266121,-0.468914,-0.519148,0.208201,-0.372295,-0.282703,0.239509,-0.0693529
355,6.42976,0.153354,1,-0.350087,-0.254559,0.246011,-0.472052,-0.490494,0.249407,-0.350087,-0.254559,0.22141,-0.0602879
356,6.44787,0.155746,1,-0.327669,-0.232781,0.218986,-0.46867,-0.454177,0.281221,-0.327669,-0.232781,0.197088,-0.0502285
357,6.46598,0.157803,1,-0.305529,-0.217045,0.188712,-0.458833,-0.41321,0.301508,-0.305529,-0.217045,0.169841,-0.0403599
358,6.4841,0.158232,1,-0.284844,-0.208001,0.156217,-0.443185,-0.370991,0.309431,-0.284844,-0.208001,0.140595,-0.0311483
359,6.50221,0.15632,1,-0.266877,-0.203799,0.124142,-0.422858,-0.330709,0.305446,-0.266877,-0.203799,0.111728,-0.0231914
360,6.52032,0.152026,1,-0.251849,-0.202692,0.0932954,-0.3993,-0.294877,0.291022,-0.251849,-0.202692,0.0839658,-0.0164474
361,6.53843,0.145887,1,-0.239715,-0.203622,0.0632278,-0.374066,-0.265097,0.268215,-0.239715,-0.203622,0.056905,-0.0106097
362,6.55654,0.138726,1,-0.230148,-0.20794,0.0330142,-0.348635,-0.242068,0.239244,-0.230148,-0.20794,0.0297128,-0.00531872
363,6.57466,0.130767,1,-0.223459,-0.214898,0.00365496,-0.324275,-0.225765,0.206184,-0.223459,-0.214898,0.00328946,-0.000571713
364,6.59277,0.122583,1,-0.219136,-0.225331,-0.0244655,-0.301968,-0.215691,0.170793,-0.219136,-0.225331,-0.022019,0.00375289
365,6.61088,0.113838,1,-0.218157,-0.237632,-0.0500496,-0.282405,-0.211112,0.134466,-0.218157,-0.237632,-0.0450447,0.00764307
366,6.62899,0.105381,1,-0.220111,-0.253475,-0.0732708,-0.266011,-0.211244,0.0982663,-0.220111,-0.253475,-0.0659437,0.0112894
367,6.6471,0.0965747,1,-0.224996,-0.271948,-0.0919103,-0.252997,-0.215376,0.0629947,-0.224996,-0.271948,-0.0827193,0.0144756
368,6.66522,0.0888054,1,-0.231825,-0.29284,-0.107251,-0.243418,-0.222925,0.0292651,-0.231825,-0.29284,-0.0965261,0.0174045
369,6.68333,0.0817085,1,-0.241543,-0.315322,-0.117794,-0.23723,-0.233465,-0.0024263,-0.241543,-0.315322,-0.106014,0.0199165
370,6.70144,0.0769467,1,-0.25344,-0.340894,-0.123987,-0.234331,-0.246713,-0.0316441,-0.25344,-0.340894,-0.111589,0.0219964
371,6.71955,0.0746409,1,-0.268226,-0.368086,-0.124574,-0.234599,-0.262507,-0.05797,-0.268226,-0.368086,-0.112117,0.0233898
372,6.73766,0.0761563,1,-0.285271,-0.397618,-0.119744,-0.237914,-0.280772,-0.0809679,-0.285271,-0.397618,-0.107769,0.0239116
373,6.75578,0.0803588,1,-0.30462,-0.426657,-0.107085,-0.244167,-0.301477,-0.100158,-0.30462,-0.426657,-0.0963767,0.0228342
374,6.77389,0.0877826,1,-0.32573,-0.455036,-0.0858113,-0.253267,-0.324596,-0.114996,-0.32573,-0.455036,-0.0772302,0.0195659
375,6.792,0.0973768,1,-0.347874,-0.479095,-0.0545304,-0.265128,-0.350047,-0.124862,-0.347874,-0.479095,-0.0490774,0.0132788
376,6.81011,0.109099,1,-0.369806,-0.499114,-0.0158164,-0.279657,-0.377636,-0.12906,-0.369806,-0.499114,-0.0142348,0.0040943
377,6.82822,0.121684,1,-0.391204,-0.512826,0.0290274,-0.296726,-0.406983,-0.126833,-0.391204,-0.512826,0.0261247,-0.00794894
378,6.84634,0.133698,1,-0.410864,-0.519961,0.0771273,-0.316136,-0.437444,-0.117405,-0.410864,-0.519961,0.0694145,-0.0221822
379,6.86445,0.14429,1,-0.427717,-0.517809,0.127653,-0.33758,-0.468034,-0.100067,-0.427717,-0.517809,0.114888,-0.0382195
380,6.88256,0.152636,1,-0.439848,-0.504439,0.177815,-0.360587,-0.497356,-0.0742971,-0.439848,-0.504439,0.160033,-0.0547481
381,6.90067,0.157933,1,-0.445978,-0.479664,0.22295,-0.38448,-0.523589,-0.0399508,-0.445978,-0.479664,0.200655,-0.0696016
382,6.91878,0.160443,1,-0.446092,-0.445607,0.259448,-0.408338,-0.544546,0.00252026,-0.446092,-0.445607,0.233503,-0.0810163
383,6.9369,0.162175,1,-0.439296,-0.404599,0.287092,-0.43099,-0.557861,0.0518399,-0.439296,-0.404599,0.258383,-0.0882829
384,6.95501,0.162143,1,-0.425552,-0.361816,0.301758,-0.451057,-0.561318,0.10575,-0.425552,-0.361816,0.271582,-0.0898897
385,6.97312,0.162106,1,-0.406417,-0.319677,0.304459,-0.467055,-0.553304,0.161015,-0.406417,-0.319677,0.274013,-0.0866162
386,6.99123,0.162546,1,-0.383404,-0.280472,0.294198,-0.477574,-0.533282,0.213685,-0.383404,-0.280472,0.264778,-0.0789576
387,7.00934,0.163944,1,-0.358272,-0.24667,0.273296,-0.481491,-0.502135,0.259615,-0.358272,-0.24667,0.245966,-0.06854
388,7.02746,0.165673,1,-0.332433,-0.220374,0.243981,-0.478183,-0.462202,0.295157,-0.332433,-0.220374,0.219583,-0.0567751
389,7.04557,0.167187,1,-0.30691,-0.201092,0.210962,-0.467681,-0.416938,0.317814,-0.30691,-0.201092,0.189866,-0.0453223
390,7.06368,0.167498,1,-0.282712,-0.188945,0.174739,-0.450687,-0.370275,0.326628,-0.282712,-0.188945,0.157265,-0.0345806
391,7.08179,0.165539,1,-0.261285,-0.182862,0.138331,-0.428478,-0.325893,0.322174,-0.261285,-0.182862,0.124498,-0.0253006
392,7.0999,0.161152,1,-0.243174,-0.180816,0.103078,-0.402696,-0.286646,0.306209,-0.243174,-0.180816,0.0927698,-0.017546
393,7.11802,0.154081,1,-0.229046,-0.181688,0.0699126,-0.3751,-0.25429,0.281147,-0.229046,-0.181688,0.0629213,-0.0112092
394,7.13613,0.146273,1,-0.21782,-0.185727,0.0362509,-0.347348,-0.229511,0.249541,-0.21782,-0.185727,0.0326258,-0.00552732
395,7.15424,0.138196,1,-0.209339,-0.192816,0.00279939,-0.320837,-0.212164,0.213722,-0.209339,-0.192816,0.00251945,-0.000410215
396,7.17235,0.13018,1,-0.20369,-0.203037,-0.0298133,-0.296633,-0.201576,0.175614,-0.20369,-0.203037,-0.0268319,0.00425086
397,7.19046,0.121576,1,-0.201576,-0.215598,-0.0595991,-0.27546,-0.196841,0.136696,-0.201576,-0.215598,-0.0536392,0.00840963
398,7.20858,0.11326,1,-0.202825,-0.23161,-0.0870669,-0.25774,-0.197026,0.0980598,-0.202825,-0.23161,-0.0783602,0.0123616
399,7.22669,0.103882,1,-0.206982,-0.24977,-0.108857,-0.243661,-0.201308,0.0604955,-0.206982,-0.24977,-0.0979712,0.015772
400,7.2448,0.0949035,1,-0.212845,-0.269898,-0.126737,-0.233242,-0.209033,0.0245885,-0.212845,-0.269898,-0.114064,0.0188828
401,7.26291,0.0864873,1,-0.221596,-0.291868,-0.140405,-0.226396,-0.219739,-0.00920147,-0.221596,-0.291868,-0.126365,0.0217792
402,7.28102,0.0801577,1,-0.232768,-0.31726,-0.150488,-0.222986,-0.233131,-0.0404772,-0.232768,-0.31726,-0.13544,0.0245202
403,7.29914,0.0755002,1,-0.246954,-0.344652,-0.154782,-0.222862,-0.249064,-0.0688556,-0.246954,-0.344652,-0.139304,0.0267569
404,7.31725,0.0749182,1,-0.263653,-0.375389,-0.155337,-0.225882,-0.267496,-0.093931,-0.263653,-0.375389,-0.139803,0.0286685
405,7.33536,0.0774177,1,-0.283279,-0.407795,-0.148428,-0.231932,-0.288452,-0.115246,-0.283279,-0.407795,-0.133586,0.0294327
406,7.35347,0.0836237,1,-0.305522,-0.441607,-0.132911,-0.240923,-0.311971,-0.132268,-0.305522,-0.441607,-0.11962,0.0284251
407,7.37158,0.0924367,1,-0.329688,-0.473301,-0.106547,-0.252789,-0.338063,-0.144372,-0.329688,-0.473301,-0.0958923,0.0245891
408,7.3897,0.103705,1,-0.354703,-0.501465,-0.0703638,-0.267468,-0.366634,-0.150832,-0.354703,-0.501465,-0.0633274,0.0174708
409,7.40781,0.116898,1,-0.380006,-0.523891,-0.024521,-0.284879,-0.397423,-0.150823,-0.380006,-0.523891,-0.0220689,0.00652269
410,7.42592,0.130961,1,-0.404289,-0.539525,0.028453,-0.304884,-0.429903,-0.143458,-0.404289,-0.539525,0.0256077,-0.00805226
411,7.44403,0.144152,1,-0.42628,-0.545393,0.0860989,-0.327242,-0.463193,-0.127851,-0.42628,-0.545393,0.077489,-0.0256915
412,7.46214,0.155308,1,-0.444541,-0.539646,0.145372,-0.351557,-0.49596,-0.103238,-0.444541,-0.539646,0.130835,-0.0452367
413,7.48026,0.164072,1,-0.457116,-0.520649,0.203491,-0.377214,-0.526359,-0.0691659,-0.457116,-0.520649,0.183142,-0.0651132
414,7.49837,0.16912,1,-0.462716,-0.488505,0.253969,-0.403328,-0.552048,-0.0257455,-0.462716,-0.488505,0.228573,-0.082261
415,7.51648,0.171782,1,-0.460878,-0.445711,0.294319,-0.428713,-0.570334,0.0260629,-0.460878,-0.445711,0.264887,-0.0949517
416,7.53459,0.172406,1,-0.450806,-0.397328,0.321579,-0.451902,-0.578489,0.0841943,-0.450806,-0.397328,0.289421,-0.101479
417,7.5527,0.172052,1,-0.432715,-0.347347,0.334678,-0.471233,-0.574254,0.145376,-0.432715,-0.347347,0.30121,-0.101374
418,7.57082,0.171351,1,-0.409359,-0.299256,0.332643,-0.485026,-0.556437,0.2053,-0.409359,-0.299256,0.299379,-0.0953194
419,7.58893,0.171791,1,-0.381622,-0.255202,0.31715,-0.491836,-0.525435,0.25915,-0.381622,-0.255202,0.285435,-0.0847221
420,7.60704,0.172752,1,-0.352232,-0.218543,0.288873,-0.490716,-0.483438,0.302406,-0.352232,-0.218543,0.259986,-0.0712253
421,7.62515,0.173672,1,-0.322094,-0.191253,0.253688,-0.481441,-0.434167,0.331706,-0.322094,-0.191253,0.228319,-0.0571979
422,7.64326,0.173727,1,-0.293172,-0.172325,0.214593,-0.46459,-0.382166,0.345456,-0.293172,-0.172325,0.193133,-0.0440387
423,7.66138,0.171988,1,-0.26619,-0.161123,0.174082,-0.441467,-0.331889,0.343954,-0.26619,-0.161123,0.156674,-0.0324373
424,7.67949,0.16811,1,-0.242588,-0.156036,0.133306,-0.413874,-0.286915,0.329048,-0.242588,-0.156036,0.119976,-0.022637
425,7.6976,0.161814,1,-0.223646,-0.154631,0.0939786,-0.383816,-0.249519,0.303485,-0.223646,-0.154631,0.0845807,-0.0147126
426,7.71571,0.153615,1,-0.208662,-0.156945,0.0561649,-0.353221,-0.220648,0.270261,-0.208662,-0.156945,0.0505484,-0.00820363
427,7.73382,0.144733,1,-0.196844,-0.162381,0.0192549,-0.323733,-0.200188,0.232124,-0.196844,-0.162381,0.0173294,-0.00265315
428,7.75194,0.136671,1,-0.187826,-0.172211,-0.0183748,-0.296611,-0.187352,0.191324,-0.187826,-0.172211,-0.0165374,0.0024159
429,7.77005,0.128398,1,-0.182934,-0.18397,-0.0538892,-0.272707,-0.181041,0.149558,-0.182934,-0.18397,-0.0485003,0.0069007
430,7.78816,0.120223,1,-0.18137,-0.198782,-0.086773,-0.252514,-0.180122,0.108037,-0.18137,-0.198782,-0.0780957,0.0110166
431,7.80627,0.110636,1,-0.183645,-0.214888,-0.113987,-0.236239,-0.183589,0.0676032,-0.183645,-0.214888,-0.102588,0.0146532
432,7.82438,0.100923,1,-0.187663,-0.232974,-0.136845,-0.223889,-0.190649,0.0288429,-0.187663,-0.232974,-0.123161,0.0179765
433,7.8425,0.0914328,1,-0.193893,-0.252483,-0.155937,-0.215348,-0.200735,-0.00780959,-0.193893,-0.252483,-0.140343,0.0211646
434,7.86061,0.0837008,1,-0.202829,-0.275615,-0.172769,-0.210438,-0.213498,-0.0419985,-0.202829,-0.275615,-0.155492,0.0245298
435,7.87872,0.0765691,1,-0.214692,-0.301329,-0.184252,-0.208967,-0.228764,-0.0733913,-0.214692,-0.301329,-0.165826,0.0276901
436,7.89683,0.0720268,1,-0.228982,-0.330359,-0.19219,-0.210762,-0.246504,-0.101637,-0.228982,-0.330359,-0.172971,0.0308057
437,7.91494,0.070253,1,-0.246569,-0.362653,-0.194605,-0.215683,-0.26678,-0.126335,-0.246569,-0.362653,-0.175145,0.0335885
438,7.93306,0.0723821,1,-0.267455,-0.399134,-0.1897,-0.223633,-0.289707,-0.147005,-0.267455,-0.399134,-0.17073,0.0355152
439,7.95117,0.0776138,1,-0.291842,-0.436477,-0.174496,-0.234556,-0.3154,-0.163067,-0.291842,-0.436477,-0.157046,0.0356476
440,7.96928,0.0861654,1,-0.31796,-0.473724,-0.149551,-0.248421,-0.34392,-0.173819,-0.31796,-0.473724,-0.134596,0.0332859
441,7.98739,0.0975423,1,-0.346046,-0.508599,-0.113527,-0.265203,-0.375198,-0.178429,-0.346046,-0.508599,-0.102174,0.0274998
442,8.0055,0.111069,1,-0.374932,-0.538463,-0.0658412,-0.284851,-0.40895,-0.175936,-0.374932,-0.538463,-0.0592571,0.0172802
443,8.02362,0.125902,1,-0.403451,-0.560974,-0.0079816,-0.307243,-0.444569,-0.165296,-0.403451,-0.560974,-0.00718344,0.00225413
444,8.04173,0.140603,1,-0.429989,-0.57374,0.0573489,-0.332129,-0.481004,-0.145459,-0.429989,-0.57374,0.051614,-0.0172616
445,8.05984,0.153585,1,-0.453091,-0.572808,0.126897,-0.359062,-0.516647,-0.115528,-0.453091,-0.572808,0.114207,-0.040247
446,8.07795,0.163785,1,-0.470311,-0.555874,0.196196,-0.387329,-0.549255,-0.0749984,-0.470311,-0.555874,0.176576,-0.0645911
447,8.09606,0.171119,1,-0.479898,-0.522712,0.260356,-0.415879,-0.575989,-0.0240885,-0.479898,-0.522712,0.234321,-0.0874612
448,8.11418,0.17466,1,-0.48075,-0.475051,0.311685,-0.443297,-0.593614,0.0358973,-0.48075,-0.475051,0.280516,-0.10489
449,8.13229,0.175973,1,-0.472069,-0.419644,0.3487,-0.467833,-0.598949,0.102262,-0.472069,-0.419644,0.31383,-0.115227
450,8.1504,0.175139,1,-0.453765,-0.361231,0.367702,-0.487535,-0.589542,0.17084,-0.453765,-0.361231,0.330932,-0.116795
451,8.16851,0.173773,1,-0.42855,-0.304232,0.369401,-0.50049,-0.564433,0.236317,-0.42855,-0.304232,0.332461,-0.110815
452,8.18662,0.173448,1,-0.397431,-0.25092,0.353618,-0.505145,-0.52474,0.293006,-0.397431,-0.25092,0.318256,-0.0983773
453,8.20474,0.173987,1,-0.363148,-0.205893,0.323296,-0.50064,-0.473755,0.335936,-0.363148,-0.205893,0.290966,-0.0821829
454,8.22285,0.174501,1,-0.328205,-0.171606,0.283134,-0.487032,-0.416401,0.361882,-0.328205,-0.171606,0.25482,-0.0650481
455,8.24096,0.172729,1,-0.294002,-0.149221,0.24153,-0.465332,-0.358182,0.369933,-0.294002,-0.149221,0.217377,-0.0497072
456,8.25907,0.169092,1,-0.263094,-0.13588,0.196635,-0.437328,-0.304034,0.361385,-0.263094,-0.13588,0.176971,-0.0362134
457,8.27718,0.164143,1,-0.235008,-0.128566,0.151414,-0.405257,-0.257495,0.339086,-0.235008,-0.128566,0.136273,-0.0249085
458,8.2953,0.157079,1,-0.212274,-0.125994,0.107123,-0.371433,-0.22041,0.306561,-0.212274,-0.125994,0.096411,-0.0159176
459,8.31341,0.148508,1,-0.193833,-0.126693,0.0648087,-0.33794,-0.193124,0.267252,-0.193833,-0.126693,0.0583278,-0.00879342
460,8.33152,0.138755,1,-0.179328,-0.132308,0.0246051,-0.306439,-0.174932,0.224066,-0.179328,-0.132308,0.0221446,-0.00308867
461,8.34963,0.129979,1,-0.168528,-0.142023,-0.0161596,-0.278105,-0.164571,0.179207,-0.168528,-0.142023,-0.0145436,0.00190634
462,8.36774,0.122698,1,-0.161563,-0.154785,-0.0572182,-0.253651,-0.160624,0.134224,-0.161563,-0.154785,-0.0514963,0.00647105
463,8.38586,0.1147,1,-0.158691,-0.168751,-0.0938009,-0.23341,-0.161782,0.0901473,-0.158691,-0.168751,-0.0844208,0.0104197
464,8.40397,0.105704,1,-0.15916,-0.184043,-0.125071,-0.21744,-0.16697,0.0476477,-0.15916,-0.184043,-0.112564,0.0139345
465,8.42208,0.0958912,1,-0.162229,-0.201004,-0.151092,-0.205619,-0.175398,0.00717069,-0.162229,-0.201004,-0.135983,0.017158
466,8.44019,0.087049,1,-0.167235,-0.219447,-0.174907,-0.197729,-0.186549,-0.0309616,-0.167235,-0.219447,-0.157417,0.0204754
467,8.4583,0.0787316,1,-0.174891,-0.239946,-0.195569,-0.193522,-0.200141,-0.0664786,-0.174891,-0.239946,-0.176012,0.0239423
468,8.47642,0.071679,1,-0.185211,-0.263687,-0.213525,-0.192761,-0.216085,-0.099111,-0.185211,-0.263687,-0.192173,0.027683
469,8.49453,0.0655253,1,-0.198192,-0.290964,-0.226923,-0.195253,-0.234434,-0.128554,-0.198192,-0.290964,-0.20423,0.031482
470,8.51264,0.062338,1,-0.21392,-0.324043,-0.236702,-0.200855,-0.255341,-0.154438,-0.21392,-0.324043,-0.213032,0.0354448
471,8.53075,0.0613282,1,-0.233946,-0.361019,-0.239231,-0.209487,-0.279014,-0.176299,-0.233946,-0.361019,-0.215308,0.039177
472,8.54886,0.0635764,1,-0.25721,-0.401713,-0.233548,-0.221122,-0.305671,-0.193553,-0.25721,-0.401713,-0.210193,0.0420495
473,8.56698,0.0688557,1,-0.284331,-0.443756,-0.217364,-0.235774,-0.335478,-0.205472,-0.284331,-0.443756,-0.195628,0.0432623
474,8.58509,0.0782123,1,-0.314189,-0.487769,-0.190291,-0.253472,-0.368482,-0.21116,-0.314189,-0.487769,-0.171262,0.0418511
475,8.6032,0.0910662,1,-0.346914,-0.53091,-0.149377,-0.274234,-0.404515,-0.209552,-0.346914,-0.53091,-0.134439,0.0362747
476,8.62131,0.105542,1,-0.380444,-0.567476,-0.0938579,-0.298011,-0.443073,-0.199433,-0.380444,-0.567476,-0.0844721,0.0249954
477,8.63942,0.121244,1,-0.413703,-0.594831,-0.0255753,-0.32463,-0.483169,-0.179516,-0.413703,-0.594831,-0.0230178,0.00740639
478,8.65754,0.136277,1,-0.444459,-0.610007,0.0512565,-0.353714,-0.523174,-0.148593,-0.444459,-0.610007,0.0461309,-0.015947
479,8.67565,0.150006,1,-0.471326,-0.608936,0.134316,-0.384588,-0.560695,-0.105798,-0.471326,-0.608936,0.120885,-0.0443147
480,8.69376,0.160828,1,-0.491645,-0.587997,0.217118,-0.416188,-0.592544,-0.050991,-0.491645,-0.587997,0.195406,-0.0747215
481,8.71187,0.167798,1,-0.502574,-0.546296,0.291665,-0.447006,-0.614913,0.0147672,-0.502574,-0.546296,0.262499,-0.102608
482,8.72998,0.171082,1,-0.502551,-0.487843,0.350599,-0.475091,-0.623849,0.0887686,-0.502551,-0.487843,0.315539,-0.123336
483,8.7481,0.171666,1,-0.491052,-0.42178,0.391412,-0.498178,-0.616062,0.166442,-0.491052,-0.42178,0.352271,-0.134542
484,8.76621,0.170664,1,-0.468799,-0.352012,0.411134,-0.513958,-0.589929,0.241623,-0.468799,-0.352012,0.370021,-0.134917
485,8.78432,0.168779,1,-0.438408,-0.28399,0.406914,-0.520471,-0.546347,0.307444,-0.438408,-0.28399,0.366222,-0.124876
486,8.80243,0.16793,1,-0.401204,-0.223092,0.382058,-0.51654,-0.489,0.357727,-0.401204,-0.223092,0.343852,-0.107298
487,8.82054,0.167863,1,-0.360407,-0.17382,0.343723,-0.502088,-0.423754,0.388371,-0.360407,-0.17382,0.309351,-0.0867161
488,8.83866,0.166673,1,-0.319425,-0.137887,0.298311,-0.478218,-0.35732,0.39818,-0.319425,-0.137887,0.268479,-0.0667015
489,8.85677,0.162319,1,-0.28072,-0.115332,0.251475,-0.447007,-0.295727,0.388762,-0.28072,-0.115332,0.226327,-0.0494157
490,8.87488,0.156203,1,-0.246545,-0.103384,0.200666,-0.411092,-0.243215,0.363669,-0.246545,-0.103384,0.180599,-0.0346312
491,8.89299,0.149368,1,-0.216322,-0.0982567,0.149504,-0.373197,-0.201867,0.327232,-0.216322,-0.0982567,0.134554,-0.0226387
492,8.9111,0.141932,1,-0.191227,-0.0952893,0.10006,-0.335749,-0.171891,0.283581,-0.191227,-0.0952893,0.0900544,-0.013394
493,8.92922,0.132413,1,-0.170559,-0.0972312,0.0553871,-0.300644,-0.152233,0.236087,-0.170559,-0.0972312,0.0498484,-0.00661273
494,8.94733,0.122513,1,-0.155159,-0.104267,0.0120937,-0.269176,-0.14123,0.187199,-0.155159,-0.104267,0.0108843,-0.00131351
495,8.96544,0.11395,1,-0.143913,-0.115679,-0.0313252,-0.242088,-0.137098,0.138548,-0.143913,-0.115679,-0.0281926,0.00315566
496,8.98355,0.107484,1,-0.136906,-0.129141,-0.0753638,-0.219677,-0.13824,0.0911438,-0.136906,-0.129141,-0.0678274,0.00722243
497,9.00166,0.0997061,1,-0.133596,-0.141687,-0.113007,-0.201926,-0.143384,0.045587,-0.133596,-0.141687,-0.101706,0.0105681
498,9.01978,0.0912978,1,-0.133166,-0.15641,-0.145777,-0.188626,-0.151613,0.00223284,-0.133166,-0.15641,-0.1312,0.0135888
499,9.03789,0.0824366,1,-0.135911,-0.172361,-0.174299,-0.179469,-0.162341,-0.0386905,-0.135911,-0.172361,-0.156869,0.0165825
500,9.056,0.0747042,1,-0.140542,-0.18981,-0.201112,-0.174124,-0.175261,-0.0770047,-0.140542,-0.18981,-0.181001,0.0197853
501,9.07411,0.0677108,1,-0.14783,-0.208859,-0.225717,-0.172288,-0.190286,-0.112531,-0.14783,-0.208859,-0.203145,0.0233574
502,9.09222,0.0619507,1,-0.157311,-0.231631,-0.248315,-0.17371,-0.207501,-0.145056,-0.157311,-0.231631,-0.223483,0.0273438
503,9.11034,0.0566194,1,-0.169913,-0.258216,-0.266935,-0.178216,-0.22711,-0.174303,-0.169913,-0.258216,-0.240242,0.031749
504,9.12845,0.052685,1,-0.185128,-0.289837,-0.281711,-0.185706,-0.249401,-0.199908,-0.185128,-0.289837,-0.25354,0.0365067
505,9.14656,0.0492701,1,-0.203734,-0.324517,-0.290264,-0.196156,-0.274706,-0.221387,-0.203734,-0.324517,-0.261238,0.0413956
506,9.16467,0.047957,1,-0.225734,-0.364567,-0.291892,-0.209607,-0.303356,-0.238109,-0.225734,-0.364567,-0.262703,0.0461231
507,9.18278,0.0488067,1,-0.251657,-0.407993,-0.28473,-0.226149,-0.335624,-0.249258,-0.251657,-0.407993,-0.256257,0.050158
508,9.2009,0.053053,1,-0.28137,-0.455373,-0.267059,-0.245892,-0.371649,-0.253809,-0.28137,-0.455373,-0.240353,0.0525995
509,9.21901,0.061361,1,-0.315085,-0.505874,-0.235468,-0.268933,-0.411325,-0.250505,-0.315085,-0.505874,-0.211921,0.0519348
510,9.23712,0.0731627,1,-0.351341,-0.556658,-0.188778,-0.295297,-0.454157,-0.237877,-0.351341,-0.556658,-0.1699,0.0464278
511,9.25523,0.0872283,1,-0.389743,-0.601342,-0.124011,-0.324861,-0.499063,-0.214319,-0.389743,-0.601342,-0.11161,0.0338328
512,9.27334,0.102639,1,-0.428045,-0.634905,-0.0427638,-0.357261,-0.544171,-0.178267,-0.428045,-0.634905,-0.0384874,0.0128134
513,9.29146,0.117287,1,-0.463533,-0.651427,0.0501318,-0.391767,-0.586625,-0.128527,-0.463533,-0.651427,0.0451186,-0.0162664
514,9.30957,0.130527,1,-0.494256,-0.649734,0.149396,-0.427166,-0.622526,-0.0647792,-0.494256,-0.649734,0.134456,-0.0516878
515,9.32768,0.140482,1,-0.517496,-0.622094,0.24729,-0.461673,-0.647129,0.0117848,-0.517496,-0.622094,0.222561,-0.08958
516,9.34579,0.146958,1,-0.528796,-0.567875,0.334117,-0.492933,-0.65548,0.0978346,-0.528796,-0.567875,0.300706,-0.123676
517,9.3639,0.150485,1,-0.526293,-0.494989,0.401637,-0.518186,-0.643519,0.187603,-0.526293,-0.494989,0.361473,-0.147965
518,9.38202,0.150528,1,-0.510251,-0.413398,0.443407,-0.534627,-0.609459,0.273285,-0.510251,-0.413398,0.399066,-0.158374
519,9.40013,0.149353,1,-0.481666,-0.328694,0.45744,-0.539943,-0.554924,0.346343,-0.481666,-0.328694,0.411696,-0.154233
520,9.41824,0.147324,1,-0.443857,-0.249828,0.441957,-0.532881,-0.48516,0.399457,-0.443857,-0.249828,0.397761,-0.137316
521,9.43635,0.146056,1,-0.398773,-0.183516,0.407895,-0.513633,-0.407984,0.428356,-0.398773,-0.183516,0.367105,-0.11386
522,9.45446,0.144634,1,-0.350581,-0.132141,0.361035,-0.483857,-0.331798,0.432676,-0.350581,-0.132141,0.324931,-0.0886005
523,9.47258,0.141549,1,-0.303589,-0.0952211,0.308734,-0.446326,-0.263567,0.415477,-0.303589,-0.0952211,0.277861,-0.0656098
524,9.49069,0.134632,1,-0.260997,-0.0761086,0.25321,-0.404336,-0.207595,0.381828,-0.260997,-0.0761086,0.227889,-0.0462609
525,9.5088,0.12715,1,-0.223374,-0.0660593,0.196978,-0.361096,-0.165389,0.33722,-0.223374,-0.0660593,0.17728,-0.0307998
526,9.52691,0.119359,1,-0.191346,-0.063427,0.141314,-0.319292,-0.136296,0.286433,-0.191346,-0.063427,0.127182,-0.0189278
527,9.54502,0.111582,1,-0.164407,-0.0624231,0.0893413,-0.280877,-0.118428,0.233041,-0.164407,-0.0624231,0.0804072,-0.0102818
528,9.56314,0.103513,1,-0.14229,-0.0659433,0.0405808,-0.247056,-0.109464,0.179415,-0.14229,-0.0659433,0.0365227,-0.00404197
529,9.58125,0.0946067,1,-0.126411,-0.0735945,-0.00441216,-0.218398,-0.107187,0.12697,-0.126411,-0.0735945,-0.00397095,0.000390421
530,9.59936,0.0881369,1,-0.114925,-0.0854898,-0.0512118,-0.195,-0.109753,0.076474,-0.114925,-0.0854898,-0.0460906,0.00411986
531,9.61747,0.0821964,1,-0.107297,-0.0959761,-0.0944421,-0.17665,-0.115781,0.0283044,-0.107297,-0.0959761,-0.0849978,0.00709334
532,9.63558,0.0766002,1,-0.102718,-0.106542,-0.134231,-0.162966,-0.124332,-0.0173696,-0.102718,-0.106542,-0.120807,0.00965157
533,9.6537,0.0699799,1,-0.101471,-0.119808,-0.168906,-0.153503,-0.134846,-0.0604711,-0.101471,-0.119808,-0.152015,0.0119973
534,9.67181,0.0638431,1,-0.102792,-0.133355,-0.201009,-0.147823,-0.147061,-0.100948,-0.102792,-0.133355,-0.180908,0.0144635
535,9.68992,0.0581265,1,-0.106452,-0.147116,-0.230476,-0.145542,-0.160948,-0.138733,-0.106452,-0.147116,-0.207428,0.0171743
536,9.70803,0.0532598,1,-0.111935,-0.16418,-0.258393,-0.146358,-0.176649,-0.173721,-0.111935,-0.16418,-0.232554,0.0202463
537,9.72614,0.0488952,1,-0.120371,-0.183676,-0.284327,-0.150063,-0.194434,-0.205746,-0.120371,-0.183676,-0.255894,0.0239573
538,9.74426,0.0457242,1,-0.130471,-0.205721,-0.308808,-0.156543,-0.214669,-0.234563,-0.130471,-0.205721,-0.277927,0.0282033
539,9.76237,0.0424755,1,-0.143496,-0.230914,-0.329599,-0.165779,-0.237783,-0.259822,-0.143496,-0.230914,-0.296639,0.0331073
540,9.78048,0.0394468,1,-0.15886,-0.262385,-0.346642,-0.177838,-0.264248,-0.281033,-0.15886,-0.262385,-0.311978,0.0385473
541,9.79859,0.0362737,1,-0.177797,-0.297811,-0.358439,-0.192859,-0.294539,-0.297531,-0.177797,-0.297811,-0.322595,0.0446106
542,9.8167,0.0326882,1,-0.19928,-0.338115,-0.363069,-0.211041,-0.329083,-0.308428,-0.19928,-0.338115,-0.326762,0.0506467
543,9.83482,0.0284645,1,-0.225435,-0.38359,-0.358843,-0.232612,-0.368185,-0.312563,-0.225435,-0.38359,-0.322959,0.0566271
544,9.85293,0.0242271,1,-0.255969,-0.435359,-0.343212,-0.257795,-0.411903,-0.308465,-0.255969,-0.435359,-0.308891,0.0614962
545,9.87104,0.0213218,1,-0.291232,-0.490663,-0.314226,-0.286746,-0.459867,-0.294343,-0.291232,-0.490663,-0.282804,0.064059
546,9.88915,0.0223109,1,-0.329347,-0.548358,-0.269902,-0.319466,-0.511041,-0.268135,-0.329347,-0.548358,-0.242912,0.0622241
547,9.90726,0.0278938,1,-0.370924,-0.60521,-0.20886,-0.355682,-0.563415,-0.227701,-0.370924,-0.60521,-0.187974,0.0542299
548,9.92538,0.0359165,1,-0.414285,-0.654319,-0.128338,-0.394693,-0.613706,-0.171195,-0.414285,-0.654319,-0.115504,0.0372179
549,9.94349,0.0468914,1,-0.458015,-0.687558,-0.0259335,-0.435192,-0.657171,-0.097712,-0.458015,-0.687558,-0.0233401,0.00831454
550,9.9616,0.0581141,1,-0.497832,-0.699823,0.0891243,-0.475121,-0.687763,-0.00819232,-0.497832,-0.699823,0.0802118,-0.0310582
551,9.97971,0.0682409,1,-0.530653,-0.685736,0.209533,-0.51163,-0.698892,0.0936209,-0.530653,-0.685736,0.188579,-0.0778324
552,9.99782,0.0763815,1,-0.552509,-0.636983,0.323388,-0.541257,-0.684932,0.2006,-0.552509,-0.636983,0.291049,-0.125072
553,10.0159,0.0827526,1,-0.557441,-0.556356,0.416608,-0.560393,-0.643256,0.302663,-0.557441,-0.556356,0.374947,-0.162564
554,10.034,0.0859954,1,-0.544687,-0.460572,0.48032,-0.566037,-0.575976,0.388604,-0.544687,-0.460572,0.432288,-0.183137
555,10.0522,0.0874047,1,-0.517393,-0.356991,0.509107,-0.556597,-0.490282,0.448979,-0.517393,-0.356991,0.458196,-0.184386
556,10.0703,0.088559,1,-0.475317,-0.255749,0.497985,-0.532435,-0.396805,0.478785,-0.475317,-0.255749,0.448186,-0.16569
557,10.0884,0.0874914,1,-0.425209,-0.173395,0.4633,-0.495862,-0.30659,0.47852,-0.425209,-0.173395,0.41697,-0.1379
558,10.1065,0.0859239,1,-0.369223,-0.109779,0.414319,-0.450571,-0.228191,0.453175,-0.369223,-0.109779,0.372887,-0.107083
559,10.1246,0.0842557,1,-0.313535,-0.0628358,0.355168,-0.400776,-0.166208,0.409943,-0.313535,-0.0628358,0.319651,-0.0779504
560,10.1427,0.0797103,1,-0.262115,-0.036105,0.292863,-0.350397,-0.121466,0.355959,-0.262115,-0.036105,0.263577,-0.0537347
561,10.1608,0.0742444,1,-0.217309,-0.0238039,0.229135,-0.302528,-0.0922027,0.296928,-0.217309,-0.0238039,0.206221,-0.0348551
562,10.1789,0.0694714,1,-0.178562,-0.0201668,0.166629,-0.25925,-0.0754277,0.236733,-0.178562,-0.0201668,0.149966,-0.0208275
563,10.1971,0.0644484,1,-0.146598,-0.0204225,0.110112,-0.221693,-0.067952,0.177659,-0.146598,-0.0204225,0.0991009,-0.0112996
564,10.2152,0.0601019,1,-0.120627,-0.0230467,0.0571321,-0.190235,-0.0669728,0.120866,-0.120627,-0.0230467,0.0514189,-0.00482418
565,10.2333,0.0568592,1,-0.0999998,-0.0267895,0.00669977,-0.164734,-0.0703019,0.0668257,-0.0999998,-0.0267895,0.00602979,-0.000468983
566,10.2514,0.0532548,1,-0.0844723,-0.0354792,-0.0409548,-0.144735,-0.0763806,0.0156462,-0.0844723,-0.0354792,-0.0368593,0.00242168
567,10.2695,0.050911,1,-0.0727952,-0.0432699,-0.086297,-0.129638,-0.0841952,-0.0327266,-0.0727952,-0.0432699,-0.0776673,0.00439741
568,10.2876,0.0494742,1,-0.0646769,-0.0498142,-0.128736,-0.118808,-0.0931624,-0.0783991,-0.0646769,-0.0498142,-0.115863,0.00582837
569,10.3057,0.0481513,1,-0.0592851,-0.0567891,-0.167038,-0.111653,-0.103021,-0.121476,-0.0592851,-0.0567891,-0.150334,0.00693202
570,10.3238,0.0474819,1,-0.0565417,-0.0653967,-0.204619,-0.107661,-0.113741,-0.162037,-0.0565417,-0.0653967,-0.184157,0.00809866
571,10.342,0.047406,1,-0.0561123,-0.0739482,-0.239586,-0.106426,-0.12546,-0.200127,-0.0561123,-0.0739482,-0.215627,0.00941059
572,10.3601,0.0476703,1,-0.0569377,-0.0846963,-0.272593,-0.107652,-0.138436,-0.235749,-0.0569377,-0.0846963,-0.245334,0.0108646
573,10.3782,0.0496501,1,-0.0593991,-0.0929747,-0.302207,-0.111153,-0.153015,-0.268858,-0.0593991,-0.0929747,-0.271986,0.0125655
574,10.3963,0.0539707,1,-0.0620148,-0.10092,-0.331164,-0.116845,-0.169623,-0.299349,-0.0620148,-0.10092,-0.298047,0.0143759
575,10.4144,0.0591571,1,-0.0665582,-0.110458,-0.358405,-0.124743,-0.188748,-0.327037,-0.0665582,-0.110458,-0.322565,0.0166984
576,10.4325,0.0646339,1,-0.0727839,-0.12398,-0.384872,-0.134955,-0.210945,-0.351636,-0.0727839,-0.12398,-0.346385,0.0196087
577,10.4506,0.0708986,1,-0.0813952,-0.140026,-0.409017,-0.147675,-0.236821,-0.37272,-0.0813952,-0.140026,-0.368116,0.0233044
578,10.4687,0.0785516,1,-0.0908941,-0.159175,-0.43034,-0.163175,-0.267031,-0.389676,-0.0908941,-0.159175,-0.387306,0.0273808
579,10.4868,0.08846,1,-0.101333,-0.180221,-0.447605,-0.1818,-0.302238,-0.401643,-0.101333,-0.180221,-0.402845,0.0317499
580,10.505,0.100247,1,-0.113747,-0.204844,-0.461372,-0.203947,-0.34306,-0.407439,-0.113747,-0.204844,-0.415235,0.0367359
581,10.5231,0.113995,1,-0.129052,-0.233317,-0.47065,-0.230045,-0.38996,-0.405472,-0.129052,-0.233317,-0.423585,0.0425169
582,10.5412,0.129579,1,-0.147324,-0.26805,-0.476947,-0.260495,-0.44306,-0.393666,-0.147324,-0.26805,-0.429253,0.049186
583,10.5593,0.147055,1,-0.169729,-0.30955,-0.479192,-0.2956,-0.501861,-0.369426,-0.169729,-0.30955,-0.431273,0.0569329
584,10.5774,0.166637,1,-0.196183,-0.358836,-0.476278,-0.335424,-0.564834,-0.329715,-0.196183,-0.358836,-0.42865,0.0654061
585,10.5955,0.187043,1,-0.228101,-0.415542,-0.462343,-0.379608,-0.628903,-0.271351,-0.228101,-0.415542,-0.416109,0.0738227
586,10.6136,0.207226,1,-0.265253,-0.479974,-0.434525,-0.427112,-0.688925,-0.19169,-0.265253,-0.479974,-0.391073,0.0806812
587,10.6317,0.225547,1,-0.308134,-0.550418,-0.388936,-0.475936,-0.737429,-0.0897965,-0.308134,-0.550418,-0.350042,0.083891
588,10.6499,0.241107,1,-0.355708,-0.621213,-0.322671,-0.522896,-0.76508,0.0319379,-0.355708,-0.621213,-0.290404,0.0803437
589,10.668,0.251516,0,-0.407021,-0.688648,-0.233538,-0.563643,-0.762377,0.16623,-0.407021,-0.688648,-0.210184,0.0665384
590,10.6861,0.252408,0,-0.460154,-0.743616,-0.115498,-0.593111,-0.722717,0.300452,-0.460154,-0.743616,-0.103948,0.0372029
591,10.7042,0.246334,1,-0.511666,-0.776998,0.0236923,-0.606509,-0.6459,0.418483,-0.511666,-0.776998,0.021323,-0.00848576
592,10.7223,0.231733,1,-0.558046,-0.774518,0.182114,-0.600653,-0.540026,0.505067,-0.558046,-0.774518,0.163903,-0.0711398
593,10.7404,0.213653,1,-0.590689,-0.723498,0.339854,-0.575082,-0.419914,0.550889,-0.590689,-0.723498,0.305869,-0.140524
594,10.7585,0.196861,1,-0.602883,-0.624929,0.470543,-0.532372,-0.302297,0.555393,-0.602883,-0.624929,0.423489,-0.198578
595,10.7766,0.183916,1,-0.591491,-0.495769,0.561436,-0.47741,-0.200503,0.525678,-0.591491,-0.495769,0.505292,-0.232459
596,10.7948,0.17404,1,-0.558663,-0.353584,0.601747,-0.416038,-0.121515,0.472628,-0.558663,-0.353584,0.541572,-0.235322
597,10.8129,0.161692,1,-0.504872,-0.219055,0.586389,-0.353712,-0.0661974,0.406895,-0.504872,-0.219055,0.52775,-0.207236
598,10.831,0.151036,1,-0.44013,-0.113031,0.538082,-0.294644,-0.0314205,0.336564,-0.44013,-0.113031,0.484274,-0.165778
599,10.8491,0.142511,1,-0.369543,-0.0350453,0.476498,-0.241531,-0.0124031,0.266667,-0.369543,-0.0350453,0.428848,-0.12326
600,10.8672,0.131871,1,-0.300571,0.0165267,0.401591,-0.195692,-0.00435149,0.199764,-0.300571,0.0165267,0.361432,-0.0844946
601,10.8853,0.121975,1,-0.236706,0.0479359,0.325826,-0.157408,-0.00326479,0.136818,-0.236706,0.0479359,0.293244,-0.0539876
602,10.9034,0.111252,1,-0.180653,0.0601273,0.250513,-0.126278,-0.00615483,0.0779419,-0.180653,0.0601273,0.225462,-0.0316792
603,10.9215,0.101751,1,-0.132783,0.0630485,0.179731,-0.101519,-0.010965,0.0228736,-0.132783,0.0630485,0.161758,-0.0167057
604,10.9396,0.0957539,1,-0.0944419,0.0601864,0.117854,-0.0821919,-0.0163795,-0.0287547,-0.0944419,0.0601864,0.106068,-0.00779123
605,10.9578,0.0919036,1,-0.0647792,0.0575439,0.0607776,-0.0673423,-0.0216217,-0.0772986,-0.0647792,0.0575439,0.0546998,-0.00275599
606,10.9759,0.0904207,1,-0.0383725,0.056511,0.00869397,-0.0560844,-0.0262835,-0.12306,-0.0383725,0.056511,0.00782457,-0.000233527
607,10.994,0.0905047,1,-0.0179957,0.0561299,-0.0388366,-0.047643,-0.030193,-0.166284,-0.0179957,0.0561299,-0.0349529,0.000489225
608,11.0121,0.091558,1,-0.0017099,0.0549593,-0.0815375,-0.0413669,-0.0333201,-0.207167,-0.0017099,0.0549593,-0.0733837,9.75945e-05
609,11.0302,0.0937716,1,0.0112314,0.0567997,-0.121287,-0.0367252,-0.0357115,-0.245871,0.0112314,0.0567997,-0.109159,-0.000953562
610,11.0483,0.0955872,1,0.0232134,0.0606764,-0.16175,-0.0332957,-0.0374484,-0.282535,0.0232134,0.0606764,-0.145575,-0.00262834
611,11.0664,0.096782,1,0.033267,0.0655679,-0.202616,-0.0307484,-0.0386206,-0.317276,0.033267,0.0655679,-0.182354,-0.00471829
612,11.0845,0.0998114,1,0.04288,0.0718221,-0.238874,-0.0288291,-0.0393114,-0.350203,0.04288,0.0718221,-0.214987,-0.00717006
613,11.1027,0.105167,1,0.0518374,0.0808555,-0.270043,-0.0273433,-0.03959,-0.381413,0.0518374,0.0808555,-0.243038,-0.00979881
614,11.1208,0.1124,1,0.0617535,0.0950816,-0.301174,-0.0261429,-0.0395076,-0.410998,0.0617535,0.0950816,-0.271056,-0.013019
615,11.1389,0.122129,1,0.0723755,0.113459,-0.32964,-0.025114,-0.0390971,-0.439043,0.0723755,0.113459,-0.296676,-0.0167005
616,11.157,0.134472,1,0.0849171,0.133701,-0.352758,-0.0241677,-0.0383727,-0.465626,0.0849171,0.133701,-0.317482,-0.0209686
617,11.1751,0.150523,1,0.0993135,0.158904,-0.37063,-0.023232,-0.0373303,-0.490824,0.0993135,0.158904,-0.333567,-0.025766
618,11.1932,0.169096,1,0.116137,0.187555,-0.385566,-0.0222456,-0.0359481,-0.514706,0.116137,0.187555,-0.34701,-0.0313449
619,11.2113,0.191245,1,0.13471,0.22103,-0.394877,-0.0211527,-0.0341859,-0.537339,0.13471,0.22103,-0.355389,-0.0372357
620,11.2294,0.217983,1,0.15797,0.260753,-0.399983,-0.0198982,-0.0319841,-0.558782,0.15797,0.260753,-0.359984,-0.0442298
621,11.2476,0.250826,0,0.184796,0.307835,-0.395221,-0.0184247,-0.0292615,-0.579092,0.184796,0.307835,-0.355699,-0.0511248
622,11.2657,0.289742,0,0.216263,0.361714,-0.380742,-0.0166679,-0.025912,-0.59832,0.216263,0.361714,-0.342667,-0.0576383
623,11.2838,0.33442,0,0.25119,0.421198,-0.354513,-0.0145533,-0.0218005,-0.616509,0.25119,0.421198,-0.319062,-0.062335
624,11.3019,0.384262,0,0.290963,0.48305,-0.315289,-0.0119923,-0.0167564,-0.633695,0.290963,0.48305,-0.28376,-0.0642164
625,11.32,0.440354,0,0.333916,0.544671,-0.25501,-0.00887739,-0.0105664,-0.649903,0.333916,0.544671,-0.229509,-0.0596063
626,11.3381,0.502988,0,0.382059,0.60383,-0.17431,-0.00507735,-0.00296449,-0.665142,0.382059,0.60383,-0.156879,-0.0466176
627,11.3562,0.568565,0,0.430083,0.648531,-0.069405,-0.000430506,0.00638006,-0.679402,0.430083,0.648531,-0.0624645,-0.020895
628,11.3743,0.634287,0,0.475672,0.671191,0.0549235,0.00526262,0.0178775,-0.692643,0.475672,0.671191,0.0494311,0.0182879
629,11.3924,0.696907,0,0.514905,0.665527,0.191358,0.0122485,0.0320356,-0.704781,0.514905,0.665527,0.172222,0.0689718
630,11.4106,0.747693,0,0.541137,0.619248,0.324421,0.0208319,0.0494807,-0.715666,0.541137,0.619248,0.291979,0.122889
631,11.4287,0.782599,0,0.550556,0.535,0.437933,0.0313886,0.070981,-0.725052,0.550556,0.535,0.39414,0.168775
632,11.4468,0.798507,0,0.541662,0.423705,0.516103,0.0443809,0.0974718,-0.732546,0.541662,0.423705,0.464493,0.195687
633,11.4649,0.796051,0,0.511628,0.303778,0.553699,0.0603741,0.130076,-0.737536,0.511628,0.303778,0.498329,0.198302
634,11.483,0.779447,0,0.46616,0.188586,0.554438,0.0800529,0.170112,-0.739081,0.46616,0.188586,0.498995,0.18092
635,11.5011,0.748562,0,0.409803,0.0902112,0.517664,0.104234,0.219074,-0.735754,0.409803,0.0902112,0.465898,0.148498
636,11.5192,0.710302,0,0.347453,0.0160356,0.457399,0.133868,0.278547,-0.725419,0.347453,0.0160356,0.411659,0.111247
637,11.5373,0.67197,0,0.286672,-0.0310029,0.388619,0.170013,0.349992,-0.704938,0.286672,-0.0310029,0.349757,0.0779842
638,11.5555,0.638143,0,0.23008,-0.0598635,0.318706,0.213757,0.434315,-0.669828,0.23008,-0.0598635,0.286835,0.0513296
639,11.5736,0.611725,0,0.179071,-0.0747708,0.250928,0.266043,0.531059,-0.613958,0.179071,-0.0747708,0.225835,0.0314537
640,11.5917,0.595668,0,0.136616,-0.0797619,0.187568,0.327332,0.637058,-0.52955,0.136616,-0.0797619,0.168811,0.0179373
641,11.6098,0.591994,0,0.100714,-0.079893,0.124854,0.397026,0.74451,-0.407996,0.100714,-0.079893,0.112369,0.00880218
642,11.6279,0.604599,0,0.0719609,-0.0774658,0.0681235,0.472616,0.838882,-0.242364,0.0719609,-0.0774658,0.0613111,0.00343156
643,11.646,0.631206,0,0.0481335,-0.0725848,0.0162856,0.548701,0.898154,-0.032316,0.0481335,-0.0725848,0.014657,0.000548718
644,11.6641,0.666037,0,0.0295884,-0.0672242,-0.0321179,0.616385,0.896231,0.209215,0.0295884,-0.0672242,-0.0289061,-0.00066522
645,11.6822,0.700267,0,0.0162338,-0.0639968,-0.079601,0.664017,0.813015,0.451762,0.0162338,-0.0639968,-0.0716409,-0.000904562
646,11.7004,0.721714,0,0.00583739,-0.0612448,-0.124697,0.680109,0.648526,0.652604,0.00583739,-0.0612448,-0.112227,-0.000509533
647,11.7185,0.720503,0,-0.00220595,-0.058358,-0.165436,0.657842,0.430251,0.774229,-0.00220595,-0.058358,-0.148892,0.00025546
648,11.7366,0.694823,0,-0.00874295,-0.0561003,-0.202612,0.598538,0.203299,0.803499,-0.00874295,-0.0561003,-0.182351,0.00124
649,11.7547,0.649911,0,-0.013922,-0.0545053,-0.237628,0.51138,0.00852734,0.755971,-0.013922,-0.0545053,-0.213865,0.00231578
650,11.7728,0.594561,0,-0.0182444,-0.0554558,-0.270803,0.409519,-0.133453,0.662709,-0.0182444,-0.0554558,-0.243722,0.00345845
651,11.7909,0.538235,0,-0.0220654,-0.056861,-0.303712,0.305435,-0.222672,0.553225,-0.0220654,-0.056861,-0.273341,0.00469107
652,11.809,0.486988,0,-0.0250514,-0.059245,-0.335957,0.208119,-0.270602,0.446622,-0.0250514,-0.059245,-0.302362,0.00589135
653,11.8271,0.444164,0,-0.0278149,-0.0613677,-0.367062,0.122517,-0.291168,0.351574,-0.0278149,-0.0613677,-0.330356,0.00714687
654,11.8452,0.410522,0,-0.0304859,-0.0645145,-0.397393,0.050324,-0.296039,0.270027,-0.0304859,-0.0645145,-0.357654,0.00848042
655,11.8634,0.384614,0,-0.0336735,-0.0674346,-0.425389,-0.00886514,-0.293433,0.200784,-0.0336735,-0.0674346,-0.38285,0.010027
656,11.8815,0.364272,0,-0.0366938,-0.0723576,-0.45068,-0.0565811,-0.288577,0.141719,-0.0366938,-0.0723576,-0.405612,0.011576
657,11.8996,0.348165,0,-0.0403259,-0.079386,-0.473618,-0.0948113,-0.284561,0.090822,-0.0403259,-0.079386,-0.426256,0.0133693
658,11.9177,0.335031,0,-0.0446887,-0.0899571,-0.494635,-0.125603,-0.28309,0.0465577,-0.0446887,-0.0899571,-0.445171,0.0154732
659,11.9358,0.32395,0,-0.0506944,-0.102751,-0.513228,-0.150858,-0.285027,0.00789793,-0.0506944,-0.102751,-0.461905,0.0182125
660,11.9539,0.314658,0,-0.0583587,-0.118285,-0.530054,-0.172237,-0.290745,-0.0257547,-0.0583587,-0.118285,-0.477049,0.0216533
661,11.972,0.307187,0,-0.0678696,-0.135407,-0.545266,-0.19114,-0.300339,-0.0546608,-0.0678696,-0.135407,-0.490739,0.0259049
662,11.9901,0.301825,0,-0.0783122,-0.155807,-0.559804,-0.208715,-0.31375,-0.0788224,-0.0783122,-0.155807,-0.503824,0.0306876
663,12.0083,0.297476,0,-0.0915427,-0.181158,-0.57241,-0.225881,-0.330826,-0.0980377,-0.0915427,-0.181158,-0.515169,0.03668
664,12.0264,0.294162,0,-0.107607,-0.213317,-0.583231,-0.243357,-0.351333,-0.111938,-0.107607,-0.213317,-0.524908,0.0439317
665,12.0445,0.290957,0,-0.127511,-0.251329,-0.589787,-0.261679,-0.37494,-0.120014,-0.127511,-0.251329,-0.530809,0.052643
666,12.0626,0.287754,0,-0.150803,-0.296685,-0.591207,-0.281212,-0.40117,-0.121651,-0.150803,-0.296685,-0.532086,0.0624092
667,12.0807,0.2831,0,-0.17885,-0.3493,-0.583957,-0.302154,-0.42934,-0.116167,-0.17885,-0.3493,-0.525561,0.0731085
668,12.0988,0.276976,0,-0.21216,-0.412348,-0.566998,-0.324514,-0.45848,-0.102891,-0.21216,-0.412348,-0.510298,0.084206
669,12.1169,0.267646,0,-0.252132,-0.48442,-0.534799,-0.348093,-0.487265,-0.0812732,-0.252132,-0.48442,-0.481319,0.094388
670,12.135,0.256274,0,-0.298314,-0.565414,-0.48566,-0.37245,-0.513977,-0.0510484,-0.298314,-0.565414,-0.437094,0.101416
671,12.1532,0.240834,1,-0.352346,-0.651464,-0.410952,-0.396878,-0.536521,-0.0124443,-0.352346,-0.651464,-0.369857,0.101358
672,12.1713,0.2232,1,-0.411772,-0.736778,-0.306181,-0.420391,-0.552562,0.0335901,-0.411772,-0.736778,-0.275563,0.0882538
673,12.1894,0.206549,1,-0.474382,-0.80797,-0.170397,-0.441757,-0.559784,0.0851945,-0.474382,-0.80797,-0.153357,0.0565832
674,12.2075,0.195406,1,-0.536124,-0.851519,-0.00720585,-0.459578,-0.556289,0.13953,-0.536124,-0.851519,-0.00648526,0.00270426
675,12.2256,0.190311,1,-0.592198,-0.84798,0.181897,-0.472444,-0.541072,0.192929,-0.592198,-0.84798,0.163708,-0.0754035
676,12.2437,0.196668,1,-0.632449,-0.78995,0.370186,-0.479132,-0.514414,0.241309,-0.632449,-0.78995,0.333168,-0.163887
677,12.2618,0.209633,1,-0.648116,-0.675742,0.533985,-0.47883,-0.478054,0.280805,-0.648116,-0.675742,0.480586,-0.242259
678,12.2799,0.221761,1,-0.636079,-0.517195,0.64553,-0.471313,-0.435,0.308441,-0.636079,-0.517195,0.580977,-0.287426
679,12.298,0.222901,1,-0.593631,-0.336785,0.679942,-0.45702,-0.389003,0.322639,-0.593631,-0.336785,0.611948,-0.282544
680,12.3162,0.22163,1,-0.527948,-0.175536,0.656175,-0.437006,-0.343853,0.32337,-0.527948,-0.175536,0.590557,-0.242498
681,12.3343,0.220165,1,-0.449419,-0.0491756,0.594397,-0.412771,-0.302731,0.311936,-0.449419,-0.0491756,0.534957,-0.186993
682,12.3524,0.214102,1,-0.366739,0.032843,0.506717,-0.386033,-0.267819,0.290502,-0.366739,0.032843,0.456046,-0.130083
683,12.3705,0.210782,1,-0.28459,0.0837884,0.412733,-0.358487,-0.24021,0.261567,-0.28459,0.0837884,0.37146,-0.0822217
684,12.3886,0.211345,1,-0.211064,0.111746,0.324293,-0.331633,-0.220072,0.227547,-0.211064,0.111746,0.291864,-0.0479125
685,12.4067,0.212981,1,-0.148523,0.120965,0.250171,-0.306662,-0.20693,0.190512,-0.148523,0.120965,0.225154,-0.0260092
686,12.4248,0.21566,1,-0.0960212,0.120854,0.185345,-0.284427,-0.199967,0.152105,-0.0960212,0.120854,0.16681,-0.0124579
687,12.4429,0.220259,1,-0.0541166,0.119011,0.128064,-0.265467,-0.198262,0.113559,-0.0541166,0.119011,0.115257,-0.00485126
688,12.4611,0.225611,1,-0.0197499,0.114717,0.0724404,-0.250059,-0.200954,0.0757741,-0.0197499,0.114717,0.0651963,-0.00100148
689,12.4792,0.233563,1,0.00731848,0.11365,0.0218546,-0.238285,-0.207327,0.0394118,0.00731848,0.11365,0.0196692,0.00011196
690,12.4973,0.24337,1,0.030546,0.11314,-0.0242927,-0.230103,-0.216848,0.00497885,0.030546,0.11314,-0.0218634,-0.000519431
691,12.5154,0.255902,0,0.0497181,0.116716,-0.0608608,-0.225395,-0.229161,-0.0271034,0.0497181,0.116716,-0.0547747,-0.00211812
692,12.5335,0.273277,0,0.0664787,0.127421,-0.0970947,-0.224018,-0.244063,-0.0564459,0.0664787,0.127421,-0.0873853,-0.00451831
693,12.5516,0.294314,0,0.0827217,0.140834,-0.135678,-0.225826,-0.261471,-0.0826516,0.0827217,0.140834,-0.12211,-0.00785647
694,12.5697,0.318359,0,0.098218,0.156299,-0.170914,-0.230696,-0.281383,-0.105283,0.098218,0.156299,-0.153823,-0.0117508
695,12.5878,0.345253,0,0.113219,0.17385,-0.199286,-0.23853,-0.303831,-0.123839,0.113219,0.17385,-0.179357,-0.0157941
696,12.606,0.374417,0,0.129039,0.191738,-0.218146,-0.249252,-0.328832,-0.13773,0.129039,0.191738,-0.196332,-0.0197045
697,12.6241,0.408481,0,0.145826,0.215082,-0.23045,-0.262798,-0.35633,-0.146275,0.145826,0.215082,-0.207405,-0.023524
698,12.6422,0.447942,0,0.164671,0.243712,-0.239972,-0.279093,-0.386127,-0.148691,0.164671,0.243712,-0.215975,-0.0276616
699,12.6603,0.492423,0,0.184998,0.277723,-0.246031,-0.298019,-0.417798,-0.144122,0.184998,0.277723,-0.221428,-0.0318607
700,12.6784,0.541023,0,0.209334,0.314811,-0.24449,-0.319376,-0.450602,-0.131687,0.209334,0.314811,-0.220041,-0.035826
701,12.6965,0.591356,0,0.235374,0.353278,-0.232169,-0.342827,-0.483385,-0.110581,0.235374,0.353278,-0.208952,-0.0382527
702,12.7146,0.642897,0,0.263359,0.393417,-0.211433,-0.367842,-0.514505,-0.0802366,0.263359,0.393417,-0.19029,-0.0389781
703,12.7327,0.694451,0,0.292797,0.436005,-0.179965,-0.393644,-0.541823,-0.0405462,0.292797,0.436005,-0.161968,-0.0368852
704,12.7508,0.744235,0,0.326495,0.478689,-0.136962,-0.419166,-0.562787,0.00786052,0.326495,0.478689,-0.123266,-0.0313022
705,12.769,0.786791,0,0.361336,0.516111,-0.0789175,-0.443052,-0.574687,0.0633494,0.361336,0.516111,-0.0710257,-0.019961
706,12.7871,0.818068,0,0.396034,0.543637,-0.00724599,-0.463721,-0.575083,0.123116,0.396034,0.543637,-0.00652139,-0.00200876
707,12.8052,0.833332,0,0.427084,0.555369,0.0733328,-0.479502,-0.562373,0.183249,0.427084,0.555369,0.0659995,0.0219235
708,12.8233,0.830158,0,0.452935,0.547249,0.159593,-0.488862,-0.536347,0.23912,0.452935,0.547249,0.143634,0.0505996
709,12.8414,0.808219,0,0.470694,0.518185,0.244392,-0.490667,-0.498525,0.286088,0.470694,0.518185,0.219952,0.0805236
710,12.8595,0.769984,0,0.479003,0.470125,0.320601,-0.484422,-0.452067,0.320351,0.479003,0.470125,0.288541,0.107498
711,12.8776,0.71885,0,0.4754,0.407582,0.378419,-0.47041,-0.40123,0.339663,0.4754,0.407582,0.340577,0.12593
712,12.8957,0.658883,0,0.459485,0.335513,0.415621,-0.449669,-0.350518,0.34364,0.459485,0.335513,0.374059,0.13368
713,12.9139,0.595571,0,0.433683,0.261715,0.428227,-0.423822,-0.303831,0.333584,0.433683,0.261715,0.385404,0.13
714,12.932,0.531593,0,0.399245,0.190684,0.414948,-0.394799,-0.263909,0.311931,0.399245,0.190684,0.373453,0.115966
715,12.9501,0.470731,0,0.358261,0.130722,0.384633,-0.364554,-0.232162,0.281592,0.358261,0.130722,0.34617,0.0964593
716,12.9682,0.41588,0,0.315269,0.0852055,0.344281,-0.334829,-0.208843,0.245398,0.315269,0.0852055,0.309853,0.0759787
717,12.9863,0.368112,0,0.273393,0.0542337,0.297001,-0.307016,-0.193397,0.205768,0.273393,0.0542337,0.267301,0.0568386
718,13.0044,0.327074,0,0.234817,0.0320314,0.24639,-0.282105,-0.184836,0.164581,0.234817,0.0320314,0.221751,0.0404996
719,13.0225,0.293779,0,0.200735,0.0203758,0.193993,-0.260715,-0.18204,0.12321,0.200735,0.0203758,0.174594,0.0272589
720,13.0406,0.267437,0,0.17107,0.0144146,0.142897,-0.243152,-0.183966,0.0826224,0.17107,0.0144146,0.128607,0.0171118
721,13.0588,0.248,1,0.145455,0.0137502,0.0936017,-0.229494,-0.189751,0.0434905,0.145455,0.0137502,0.0842415,0.00953041
722,13.0769,0.236329,1,0.125339,0.0178438,0.0463886,-0.219671,-0.198755,0.00630265,0.125339,0.0178438,0.0417497,0.00407002
723,13.095,0.232156,1,0.110267,0.0259112,0.00196592,-0.213526,-0.210552,-0.0285566,0.110267,0.0259112,0.00176933,0.000151743
724,13.1131,0.233969,1,0.0996124,0.0346861,-0.039991,-0.210877,-0.224912,-0.0607444,0.0996124,0.0346861,-0.0359919,-0.00278852
725,13.1312,0.241083,1,0.0924245,0.0444411,-0.0820726,-0.211543,-0.24175,-0.0899141,0.0924245,0.0444411,-0.0738653,-0.00530986
726,13.1493,0.252372,0,0.0875429,0.0539891,-0.121866,-0.215374,-0.261096,-0.11568,0.0875429,0.0539891,-0.109679,-0.00746794
727,13.1674,0.269886,0,0.0859526,0.0677402,-0.159324,-0.222259,-0.283043,-0.137591,0.0859526,0.0677402,-0.143392,-0.00958602
728,13.1855,0.292678,0,0.0876244,0.0839389,-0.191965,-0.232127,-0.3077,-0.1551,0.0876244,0.0839389,-0.172768,-0.0117746
729,13.2036,0.320136,0,0.0921125,0.101561,-0.223669,-0.244936,-0.335143,-0.167552,0.0921125,0.101561,-0.201302,-0.0144219
730,13.2218,0.351411,0,0.0987003,0.119635,-0.252452,-0.260657,-0.365341,-0.174161,0.0987003,0.119635,-0.227207,-0.017442
731,13.2399,0.388243,0,0.107714,0.141934,-0.278154,-0.279246,-0.398081,-0.17402,0.107714,0.141934,-0.250339,-0.0209728
732,13.258,0.429803,0,0.119525,0.166779,-0.300712,-0.300601,-0.432864,-0.166122,0.119525,0.166779,-0.27064,-0.0251599
733,13.2761,0.476637,0,0.133924,0.196475,-0.319128,-0.324515,-0.468793,-0.149428,0.133924,0.196475,-0.287216,-0.0299173
734,13.2942,0.528039,0,0.151842,0.230263,-0.333261,-0.350608,-0.504455,-0.123,0.151842,0.230263,-0.299935,-0.0354221
735,13.3123,0.583333,0,0.172836,0.26959,-0.341536,-0.378257,-0.537837,-0.0862077,0.172836,0.26959,-0.307382,-0.0413207
736,13.3304,0.640776,0,0.198007,0.31421,-0.340683,-0.406529,-0.566313,-0.0390272,0.198007,0.31421,-0.306615,-0.0472204
737,13.3485,0.697984,0,0.227298,0.364008,-0.32882,-0.434138,-0.5868,0.0176091,0.227298,0.364008,-0.295938,-0.0523181
738,13.3667,0.751698,0,0.260897,0.41751,-0.304288,-0.459455,-0.596107,0.081484,0.260897,0.41751,-0.273859,-0.0555714
739,13.3848,0.799538,0,0.299005,0.475155,-0.265966,-0.480605,-0.591544,0.148938,0.299005,0.475155,-0.239369,-0.0556676
740,13.4029,0.836298,0,0.340096,0.531311,-0.212927,-0.495666,-0.571649,0.215048,0.340096,0.531311,-0.191634,-0.0506909
741,13.421,0.858426,0,0.38323,0.58251,-0.140918,-0.502972,-0.536847,0.274256,0.38323,0.58251,-0.126826,-0.0378027
742,13.4391,0.863656,0,0.427688,0.623077,-0.0475918,-0.501437,-0.489718,0.321352,0.427688,0.623077,-0.0428326,-0.0142481
743,13.4572,0.849115,0,0.467996,0.64204,0.0620617,-0.490819,-0.43466,0.352544,0.467996,0.64204,0.0558555,0.0203313
744,13.4753,0.81682,0,0.501611,0.632699,0.180373,-0.47182,-0.377001,0.366181,0.501611,0.632699,0.162336,0.063334
745,13.4934,0.770843,0,0.525105,0.592108,0.297628,-0.445979,-0.321859,0.362868,0.525105,0.592108,0.267865,0.1094
746,13.5116,0.715721,0,0.534613,0.521269,0.400422,-0.415387,-0.273209,0.344973,0.534613,0.521269,0.36038,0.14985
747,13.5297,0.654749,0,0.526902,0.425819,0.473294,-0.382327,-0.233415,0.315812,0.526902,0.425819,0.425964,0.174566
748,13.5478,0.591964,0,0.50175,0.31937,0.512121,-0.348948,-0.203277,0.278847,0.50175,0.31937,0.460909,0.17987
749,13.5659,0.529855,0,0.461805,0.21656,0.513663,-0.317037,-0.182407,0.237136,0.461805,0.21656,0.462296,0.166049
750,13.584,0.470701,0,0.412658,0.127009,0.486058,-0.287913,-0.169716,0.193084,0.412658,0.127009,0.437452,0.140403
751,13.6021,0.41642,0,0.358523,0.058492,0.440327,-0.262427,-0.163843,0.148428,0.358523,0.058492,0.396295,0.110507
752,13.6202,0.366247,0,0.302871,0.00910269,0.381495,-0.241029,-0.163453,0.104351,0.302871,0.00910269,0.343345,0.0808806
753,13.6383,0.321007,0,0.249114,-0.0225719,0.315505,-0.223861,-0.167411,0.0616308,0.249114,-0.0225719,0.283955,0.0550178
754,13.6564,0.282676,0,0.201009,-0.0404656,0.248866,-0.21086,-0.174847,0.0207819,0.201009,-0.0404656,0.223979,0.035017
755,13.6746,0.251654,0,0.159935,-0.0473646,0.182464,-0.20184,-0.185166,-0.0178322,0.159935,-0.0473646,0.164218,0.0204278
756,13.6927,0.229474,1,0.12587,-0.0471789,0.122875,-0.196567,-0.198017,-0.0539209,0.12587,-0.0471789,0.110587,0.0108264
757,13.7108,0.215633,1,0.0986016,-0.043182,0.0692578,-0.194803,-0.213252,-0.0872097,0.0986016,-0.043182,0.062332,0.00478025
758,13.7289,0.208545,1,0.077042,-0.0363015,0.0162898,-0.196344,-0.23088,-0.1174,0.077042,-0.0363015,0.0146608,0.000878499
759,13.747,0.207795,1,0.060308,-0.0295786,-0.0336771,-0.201033,-0.251018,-0.144137,0.060308,-0.0295786,-0.0303094,-0.0014217
760,13.7651,0.213393,1,0.0481317,-0.0234246,-0.0781221,-0.208772,-0.273853,-0.166983,0.0481317,-0.0234246,-0.0703099,-0.00263211
761,13.7832,0.224295,1,0.0395385,-0.0169964,-0.122502,-0.219517,-0.299592,-0.185387,0.0395385,-0.0169964,-0.110252,-0.00339049
762,13.8013,0.241054,1,0.0336358,-0.00909286,-0.16515,-0.233265,-0.328406,-0.198663,0.0336358,-0.00909286,-0.148635,-0.00388847
763,13.8195,0.263454,0,0.0301295,-0.00018973,-0.204955,-0.250039,-0.360369,-0.205969,0.0301295,-0.00018973,-0.184459,-0.00432263
764,13.8376,0.290827,0,0.0291833,0.00860836,-0.239823,-0.269855,-0.395363,-0.206294,0.0291833,0.00860836,-0.215841,-0.00489917
765,13.8557,0.322786,0,0.0304567,0.0172138,-0.272584,-0.292675,-0.432972,-0.198479,0.0304567,0.0172138,-0.245325,-0.0058114
766,13.8738,0.358139,0,0.0321298,0.0245483,-0.303948,-0.318358,-0.472341,-0.181273,0.0321298,0.0245483,-0.273553,-0.00683605
767,13.8919,0.397904,0,0.0346238,0.0330523,-0.333909,-0.346579,-0.512024,-0.153466,0.0346238,0.0330523,-0.300518,-0.00809284
768,13.91,0.441615,0,0.0388211,0.0423422,-0.362481,-0.376742,-0.549851,-0.114115,0.0388211,0.0423422,-0.326233,-0.00985034
769,13.9281,0.488784,0,0.0442654,0.054939,-0.387666,-0.407894,-0.582875,-0.0628954,0.0442654,0.054939,-0.348899,-0.0120121
770,13.9462,0.53786,0,0.0513445,0.0699055,-0.411543,-0.438656,-0.607488,-0.000544346,0.0513445,0.0699055,-0.370389,-0.0147913
771,13.9644,0.586697,0,0.0597195,0.0880156,-0.433266,-0.467209,-0.619808,0.0706891,0.0597195,0.0880156,-0.38994,-0.0181121
772,13.9825,0.632338,0,0.0698091,0.108537,-0.452478,-0.491389,-0.616392,0.146762,0.0698091,0.108537,-0.407231,-0.022111
773,14.0006,0.672258,0,0.0816631,0.132971,-0.468541,-0.508917,-0.595181,0.221967,0.0816631,0.132971,-0.421687,-0.0267838
774,14.0187,0.7045,0,0.0969905,0.162182,-0.481504,-0.517753,-0.5564,0.289659,0.0969905,0.162182,-0.433353,-0.0326909
775,14.0368,0.726722,0,0.115348,0.197522,-0.489807,-0.516523,-0.502987,0.343501,0.115348,0.197522,-0.440826,-0.0395488
776,14.0549,0.738453,0,0.137548,0.239375,-0.493708,-0.504867,-0.440222,0.378868,0.137548,0.239375,-0.444337,-0.047536
777,14.073,0.740031,0,0.163687,0.289855,-0.490769,-0.483578,-0.374583,0.393826,0.163687,0.289855,-0.441692,-0.0562328
778,14.0911,0.732587,0,0.19496,0.347358,-0.478598,-0.454476,-0.31225,0.389272,0.19496,0.347358,-0.430738,-0.0653154
779,14.1092,0.718171,0,0.231315,0.412641,-0.452362,-0.420042,-0.257893,0.368265,0.231315,0.412641,-0.407126,-0.0732465
780,14.1274,0.700381,0,0.273589,0.483382,-0.409415,-0.382963,-0.214114,0.334923,0.273589,0.483382,-0.368473,-0.0784079
781,14.1455,0.684106,0,0.322413,0.559472,-0.345693,-0.345724,-0.181578,0.293402,0.322413,0.559472,-0.311124,-0.0780192
782,14.1636,0.67237,0,0.376928,0.634033,-0.256893,-0.31034,-0.159546,0.247231,0.376928,0.634033,-0.231204,-0.0677812
783,14.1817,0.667839,0,0.433404,0.700204,-0.139534,-0.278245,-0.146516,0.199065,0.433404,0.700204,-0.125581,-0.0423323
784,14.1998,0.668926,0,0.48862,0.739953,0.0067672,-0.250312,-0.140753,0.150718,0.48862,0.739953,0.00609048,0.00231461
785,14.2179,0.675035,0,0.538304,0.740902,0.168927,-0.226949,-0.140632,0.103348,0.538304,0.740902,0.152034,0.0636538
786,14.236,0.679304,0,0.57379,0.689669,0.334153,-0.20822,-0.144819,0.0576543,0.57379,0.689669,0.300738,0.134214
787,14.2541,0.678093,0,0.589716,0.589596,0.477552,-0.193968,-0.152323,0.0140565,0.589716,0.589596,0.429797,0.197134
788,14.2723,0.666141,0,0.581288,0.455377,0.576097,-0.183916,-0.162484,-0.0271791,0.581288,0.455377,0.518487,0.234415
789,14.2904,0.640385,0,0.547374,0.306288,0.621828,-0.177747,-0.174933,-0.0658537,0.547374,0.306288,0.559646,0.238261
790,14.3085,0.600897,0,0.494607,0.167634,0.610318,-0.175154,-0.189531,-0.10178,0.494607,0.167634,0.549286,0.211307
791,14.3266,0.554756,0,0.427281,0.0518421,0.567261,-0.17588,-0.206318,-0.134745,0.427281,0.0518421,0.510534,0.169666
792,14.3447,0.504004,0,0.353347,-0.0355399,0.500212,-0.179736,-0.225468,-0.164477,0.353347,-0.0355399,0.450191,0.123724
793,14.3628,0.453966,0,0.279427,-0.0928694,0.423574,-0.186605,-0.247241,-0.190625,0.279427,-0.0928694,0.381216,0.0828505
794,14.3809,0.407609,0,0.212967,-0.123109,0.342851,-0.196446,-0.271951,-0.212723,0.212967,-0.123109,0.308566,0.051111
795,14.399,0.366879,0,0.1526,-0.141133,0.267456,-0.209282,-0.299915,-0.230168,0.1526,-0.141133,0.24071,0.0285697
796,14.4172,0.335105,0,0.102999,-0.147624,0.199865,-0.225187,-0.331403,-0.24218,0.102999,-0.147624,0.179879,0.0144102
797,14.4353,0.311378,0,0.0606733,-0.147501,0.139385,-0.24426,-0.366564,-0.247778,0.0606733,-0.147501,0.125447,0.00591987
798,14.4534,0.294514,0,0.0269917,-0.146674,0.0815414,-0.26659,-0.40532,-0.245761,0.0269917,-0.146674,0.0733873,0.00154066
799,14.4715,0.286163,0,-0.000729779,-0.142851,0.0261749,-0.292203,-0.447231,-0.234716,-0.000729779,-0.142851,0.0235574,-1.33714e-05
800,14.4896,0.288475,0,-0.0223815,-0.139403,-0.021659,-0.320993,-0.49131,-0.213094,-0.0223815,-0.139403,-0.0194931,0.000339333
801,14.5077,0.299374,0,-0.0403595,-0.137377,-0.0671048,-0.352628,-0.535826,-0.17936,-0.0403595,-0.137377,-0.0603943,0.00189582
802,14.5258,0.318569,0,-0.0545639,-0.137905,-0.109224,-0.386438,-0.578115,-0.132301,-0.0545639,-0.137905,-0.0983019,0.00417179
803,14.5439,0.343284,0,-0.0677466,-0.142674,-0.148394,-0.421294,-0.6145,-0.071484,-0.0677466,-0.142674,-0.133555,0.00703724
804,14.562,0.371983,0,-0.0797945,-0.151651,-0.184993,-0.455522,-0.640451,0.00213517,-0.0797945,-0.151651,-0.166494,0.010333
805,14.5802,0.403331,0,-0.0905883,-0.163474,-0.219623,-0.486891,-0.651133,0.0856007,-0.0905883,-0.163474,-0.19766,0.0139267
806,14.5983,0.433729,0,-0.101106,-0.179402,-0.251283,-0.512743,-0.642417,0.173611,-0.101106,-0.179402,-0.226155,0.0177844
807,14.6164,0.460817,0,-0.113511,-0.197653,-0.281094,-0.530324,-0.612192,0.258795,-0.113511,-0.197653,-0.252984,0.022335
808,14.6345,0.481464,0,-0.127161,-0.218416,-0.30707,-0.537282,-0.561522,0.332854,-0.127161,-0.218416,-0.276363,0.0273331
809,14.6526,0.492442,0,-0.142895,-0.241683,-0.326998,-0.532217,-0.495008,0.388371,-0.142895,-0.241683,-0.294298,0.0327084
810,14.6707,0.492709,0,-0.160606,-0.270898,-0.341196,-0.515093,-0.41996,0.420649,-0.160606,-0.270898,-0.307076,0.0383587
811,14.6888,0.483318,0,-0.18063,-0.306156,-0.349267,-0.487318,-0.344579,0.428713,-0.18063,-0.306156,-0.314341,0.0441617
812,14.7069,0.466531,0,-0.204394,-0.348623,-0.350873,-0.451457,-0.275965,0.415048,-0.204394,-0.348623,-0.315785,0.0502013
813,14.7251,0.444685,0,-0.230929,-0.394406,-0.343723,-0.410679,-0.218779,0.384342,-0.230929,-0.394406,-0.309351,0.055563
814,14.7432,0.420491,0,-0.261659,-0.444017,-0.326409,-0.368167,-0.174942,0.341942,-0.261659,-0.444017,-0.293768,0.0597855
815,14.7613,0.397552,0,-0.29647,-0.497164,-0.297764,-0.326653,-0.144148,0.292669,-0.29647,-0.497164,-0.267988,0.0617948
816,14.7794,0.37819,0,-0.335043,-0.551971,-0.254095,-0.288179,-0.124738,0.240231,-0.335043,-0.551971,-0.228685,0.0595928
817,14.7975,0.365993,0,-0.3766,-0.605421,-0.194725,-0.254054,-0.1145,0.187155,-0.3766,-0.605421,-0.175252,0.0513333
818,14.8156,0.364004,0,-0.419654,-0.655189,-0.117412,-0.224944,-0.111244,0.134993,-0.419654,-0.655189,-0.10567,0.0344906
819,14.8337,0.370983,0,-0.463099,-0.690543,-0.0191561,-0.201025,-0.113105,0.0846137,-0.463099,-0.690543,-0.0172405,0.0062098
820,14.8518,0.386084,0,-0.503124,-0.702539,0.0933457,-0.182143,-0.118657,0.0364635,-0.503124,-0.702539,0.0840111,-0.0328751
821,14.87,0.404878,0,-0.534003,-0.683364,0.210179,-0.167955,-0.12691,-0.00924369,-0.534003,-0.683364,0.189161,-0.0785653
822,14.8881,0.423935,0,-0.553329,-0.633076,0.317829,-0.158038,-0.137258,-0.0524032,-0.553329,-0.633076,0.286046,-0.123105
823,14.9062,0.441218,0,-0.558621,-0.556095,0.410296,-0.151965,-0.149401,-0.092945,-0.558621,-0.556095,0.369267,-0.16044
824,14.9243,0.45266,0,-0.547236,-0.461305,0.475488,-0.149355,-0.163275,-0.130791,-0.547236,-0.461305,0.427939,-0.182143
825,14.9424,0.454103,0,-0.519232,-0.357689,0.505215,-0.149904,-0.179,-0.165825,-0.519232,-0.357689,0.454693,-0.183626
826,14.9605,0.445302,0,-0.477338,-0.259523,0.499268,-0.153395,-0.196824,-0.197877,-0.477338,-0.259523,0.449341,-0.166824
827,14.9786,0.429535,0,-0.425089,-0.175799,0.467114,-0.159708,-0.217096,-0.226693,-0.425089,-0.175799,0.420402,-0.138995
828,14.9967,0.410539,0,-0.370129,-0.111456,0.417796,-0.168813,-0.240231,-0.251917,-0.370129,-0.111456,0.376017,-0.108247
829,15.0148,0.390556,0,-0.316258,-0.0656571,0.358476,-0.180765,-0.266682,-0.273056,-0.316258,-0.0656571,0.322628,-0.0793596
830,15.033,0.371937,0,-0.264961,-0.0376516,0.296222,-0.195691,-0.296903,-0.289443,-0.264961,-0.0376516,0.2666,-0.054941
831,15.0511,0.354985,0,-0.218755,-0.0223822,0.231401,-0.213775,-0.331299,-0.300189,-0.218755,-0.0223822,0.208261,-0.0354342
832,15.0692,0.340908,0,-0.179158,-0.0184155,0.16681,-0.235231,-0.370145,-0.304144,-0.179158,-0.0184155,0.150129,-0.0209197
833,15.0873,0.334224,0,-0.146811,-0.019052,0.108418,-0.260259,-0.413461,-0.299855,-0.146811,-0.019052,0.0975766,-0.0111419
834,15.1054,0.334576,0,-0.121341,-0.0216173,0.0532548,-0.288994,-0.46084,-0.285565,-0.121341,-0.0216173,0.0479293,-0.00452339
835,15.1235,0.342152,0,-0.100671,-0.0267937,0.0011484,-0.321411,-0.511208,-0.259274,-0.100671,-0.0267937,0.00103356,-8.09278e-05
836,15.1416,0.356922,0,-0.0842921,-0.0349859,-0.0474969,-0.357211,-0.562533,-0.218929,-0.0842921,-0.0349859,-0.0427472,0.00280253
837,15.1597,0.380033,0,-0.0730136,-0.0422597,-0.0914835,-0.395668,-0.611543,-0.162803,-0.0730136,-0.0422597,-0.0823352,0.00467568
838,15.1779,0.409675,0,-0.0643424,-0.050338,-0.133546,-0.435464,-0.653566,-0.0901309,-0.0643424,-0.050338,-0.120191,0.00601485
839,15.196,0.444078,0,-0.0597659,-0.0578438,-0.172569,-0.474553,-0.682717,-0.00197763,-0.0597659,-0.0578438,-0.155312,0.0072196
840,15.2141,0.480719,0,-0.0566823,-0.0657613,-0.209804,-0.510134,-0.692657,0.0978605,-0.0566823,-0.0657613,-0.188824,0.00832451
841,15.2322,0.51705,0,-0.0554513,-0.0716659,-0.245584,-0.538832,-0.678069,0.202345,-0.0554513,-0.0716659,-0.221025,0.00953256
842,15.2503,0.548541,0,-0.0553409,-0.0781031,-0.280529,-0.557169,-0.636594,0.301664,-0.0553409,-0.0781031,-0.252476,0.0108673
843,15.2684,0.570499,0,-0.0573928,-0.0852279,-0.312157,-0.562281,-0.570439,0.385029,-0.0573928,-0.0852279,-0.280941,0.0125409
844,15.2865,0.581566,0,-0.0591159,-0.0942803,-0.34213,-0.552687,-0.486643,0.443426,-0.0591159,-0.0942803,-0.307917,0.0141577
845,15.3046,0.579526,0,-0.0628997,-0.104164,-0.367899,-0.528788,-0.395472,0.472125,-0.0628997,-0.104164,-0.331109,0.0161985
846,15.3228,0.56645,0,-0.0686649,-0.117542,-0.392389,-0.49285,-0.307531,0.471652,-0.0686649,-0.117542,-0.35315,0.0188603
847,15.3409,0.545167,0,-0.0764032,-0.13246,-0.415447,-0.448461,-0.231036,0.446805,-0.0764032,-0.13246,-0.373902,0.022219
848,15.359,0.518526,0,-0.0847686,-0.150009,-0.436351,-0.399701,-0.170426,0.404487,-0.0847686,-0.150009,-0.392716,0.0258922
849,15.3771,0.488895,0,-0.0949909,-0.168573,-0.454701,-0.350369,-0.126537,0.351568,-0.0949909,-0.168573,-0.409231,0.0302347
850,15.3952,0.458705,0,-0.106836,-0.191798,-0.470442,-0.303471,-0.0977203,0.29357,-0.106836,-0.191798,-0.423397,0.0351822
851,15.4133,0.429441,0,-0.121147,-0.218684,-0.483188,-0.261042,-0.081126,0.234285,-0.121147,-0.218684,-0.434869,0.0409759
852,15.4314,0.402772,0,-0.137991,-0.251745,-0.493009,-0.224198,-0.0736941,0.175976,-0.137991,-0.251745,-0.443708,0.0476217
853,15.4495,0.379219,0,-0.158555,-0.29055,-0.498861,-0.193328,-0.0727199,0.119817,-0.158555,-0.29055,-0.448975,0.0553679
854,15.4676,0.360545,0,-0.182787,-0.337154,-0.500801,-0.16831,-0.0760819,0.0663057,-0.182787,-0.337154,-0.450721,0.0640778
855,15.4858,0.34567,0,-0.212302,-0.391672,-0.49303,-0.148719,-0.0822633,0.0155825,-0.212302,-0.391672,-0.443727,0.0732698
856,15.5039,0.336523,0,-0.247279,-0.454582,-0.473047,-0.133983,-0.090276,-0.0323793,-0.247279,-0.454582,-0.425742,0.0818821
857,15.522,0.334659,0,-0.288516,-0.523557,-0.436796,-0.123495,-0.0995523,-0.0776618,-0.288516,-0.523557,-0.393116,0.0882158
858,15.5401,0.343281,0,-0.334522,-0.597915,-0.380845,-0.116687,-0.109842,-0.120349,-0.334522,-0.597915,-0.34276,0.0891807
859,15.5582,0.363452,0,-0.385349,-0.67105,-0.300989,-0.113069,-0.121124,-0.160499,-0.385349,-0.67105,-0.27089,0.0811902
860,15.5763,0.39725,0,-0.440173,-0.738423,-0.193855,-0.112256,-0.133546,-0.198137,-0.440173,-0.738423,-0.17447,0.059731
861,15.5944,0.441767,0,-0.495762,-0.786898,-0.0579654,-0.113969,-0.147377,-0.233242,-0.495762,-0.786898,-0.0521688,0.0201159
862,15.6125,0.493831,0,-0.548131,-0.805918,0.0993034,-0.118038,-0.162978,-0.265739,-0.548131,-0.805918,0.0893731,-0.0381019
863,15.6307,0.545657,0,-0.590024,-0.779028,0.268892,-0.124398,-0.180787,-0.295487,-0.590024,-0.779028,0.242003,-0.111057
864,15.6488,0.58594,0,-0.614043,-0.697458,0.42104,-0.133078,-0.201309,-0.322253,-0.614043,-0.697458,0.378936,-0.180976
865,15.6669,0.613824,0,-0.61416,-0.573804,0.541942,-0.144203,-0.225107,-0.34569,-0.61416,-0.573804,0.487747,-0.232987
866,15.685,0.625203,0,-0.590306,-0.426334,0.612262,-0.15798,-0.252791,-0.365292,-0.590306,-0.426334,0.551036,-0.252995
867,15.7031,0.618541,0,-0.54423,-0.276333,0.625212,-0.174691,-0.284997,-0.380344,-0.54423,-0.276333,0.562691,-0.238181
868,15.7212,0.597219,0,-0.479557,-0.147843,0.589125,-0.194684,-0.322344,-0.389859,-0.479557,-0.147843,0.530212,-0.197763
869,15.7393,0.572547,0,-0.407277,-0.0510992,0.528904,-0.218346,-0.365351,-0.392498,-0.407277,-0.0510992,0.476014,-0.150787
870,15.7574,0.548182,0,-0.331302,0.0166413,0.455247,-0.24607,-0.414299,-0.3865,-0.331302,0.0166413,0.409722,-0.105577
871,15.7756,0.527019,0,-0.261141,0.0569619,0.376237,-0.278188,-0.469014,-0.369623,-0.261141,0.0569619,0.338613,-0.0687757
872,15.7937,0.511794,0,-0.198015,0.0777295,0.296903,-0.314876,-0.528539,-0.339164,-0.198015,0.0777295,0.267213,-0.0411539
873,15.8118,0.504312,0,-0.143635,0.082584,0.222257,-0.355994,-0.590694,-0.292128,-0.143635,0.082584,0.200031,-0.0223466
874,15.8299,0.508102,0,-0.0988151,0.0821745,0.154924,-0.400881,-0.651581,-0.225681,-0.0988151,0.0821745,0.139432,-0.0107162
875,15.848,0.521546,0,-0.0640519,0.078633,0.094716,-0.448094,-0.705191,-0.138014,-0.0640519,0.078633,0.0852444,-0.00424672
876,15.8661,0.544274,0,-0.034481,0.0761838,0.0387551,-0.495162,-0.743446,-0.0296649,-0.034481,0.0761838,0.0348796,-0.000935422
877,15.8842,0.571946,0,-0.0109606,0.0746082,-0.0111323,-0.538472,-0.757168,0.0949194,-0.0109606,0.0746082,-0.010019,8.54116e-05
878,15.9023,0.599096,0,0.00781708,0.0744622,-0.0534557,-0.573462,-0.738307,0.226311,0.00781708,0.0744622,-0.0481101,-0.000292507
879,15.9204,0.621803,0,0.0233482,0.0779587,-0.0942539,-0.595299,-0.683152,0.350611,0.0233482,0.0779587,-0.0848285,-0.00154046
880,15.9386,0.63526,0,0.0372267,0.0840511,-0.13361,-0.599989,-0.595117,0.452353,0.0372267,0.0840511,-0.120249,-0.00348171
881,15.9567,0.63787,0,0.0499319,0.0936343,-0.174954,-0.585606,-0.485128,0.519136,0.0499319,0.0936343,-0.157459,-0.00611505
882,15.9748,0.625689,0,0.0617766,0.102075,-0.212537,-0.553042,-0.368616,0.545689,0.0617766,0.102075,-0.191283,-0.00919085
883,15.9929,0.599988,0,0.072916,0.113831,-0.24283,-0.505852,-0.260497,0.534899,0.072916,0.113831,-0.218547,-0.0123943
884,16.011,0.566737,0,0.0851389,0.130242,-0.270902,-0.449251,-0.170979,0.495431,0.0851389,0.130242,-0.243811,-0.016145
885,16.0291,0.529889,0,0.0988243,0.152772,-0.296063,-0.388787,-0.104133,0.437818,0.0988243,0.152772,-0.266456,-0.0204807
886,16.0472,0.492482,0,0.114075,0.178449,-0.317693,-0.329241,-0.059014,0.37129,0.114075,0.178449,-0.285924,-0.0253687
887,16.0653,0.456514,0,0.132095,0.208872,-0.331921,-0.27406,-0.031856,0.302352,0.132095,0.208872,-0.298729,-0.0306915
888,16.0835,0.425771,0,0.152804,0.242952,-0.342066,-0.225276,-0.0180287,0.23481,0.152804,0.242952,-0.30786,-0.0365884
889,16.1016,0.401345,0,0.175958,0.282677,-0.34555,-0.183734,-0.0132473,0.170476,0.175958,0.282677,-0.310995,-0.0425617
890,16.1197,0.384672,0,0.202726,0.32712,-0.341144,-0.149428,-0.0140869,0.109947,0.202726,0.32712,-0.30703,-0.0484112
891,16.1378,0.377166,0,0.233352,0.378018,-0.325921,-0.121816,-0.0180629,0.0532054,0.233352,0.378018,-0.293328,-0.053238
892,16.1559,0.380087,0,0.268133,0.433657,-0.29803,-0.100089,-0.0235079,-1.76108e-05,0.268133,0.433657,-0.268227,-0.0559382
893,16.174,0.393773,0,0.306685,0.491656,-0.253931,-0.083339,-0.0293863,-0.0500494,0.306685,0.491656,-0.228538,-0.0545138
894,16.1921,0.417969,0,0.349128,0.546816,-0.193151,-0.0706833,-0.0351158,-0.0971939,0.349128,0.546816,-0.173836,-0.0472041
895,16.2102,0.45137,0,0.392933,0.595226,-0.113272,-0.0613229,-0.0404209,-0.141707,0.392933,0.595226,-0.101945,-0.0311559
896,16.2284,0.490635,0,0.43625,0.627455,-0.0141952,-0.0545738,-0.0452223,-0.183798,0.43625,0.627455,-0.0127757,-0.00433485
897,16.2465,0.533132,0,0.475214,0.637526,0.100222,-0.0498737,-0.04956,-0.223637,0.475214,0.637526,0.0901996,0.0333387
898,16.2646,0.574906,0,0.507014,0.62029,0.219069,-0.0467765,-0.0535411,-0.261365,0.507014,0.62029,0.197162,0.0777499
899,16.2827,0.6098,0,0.525542,0.569189,0.333467,-0.0449398,-0.0573074,-0.297105,0.525542,0.569189,0.30012,0.122676
900,16.3008,0.634738,0,0.530717,0.48951,0.427434,-0.044111,-0.0610178,-0.330964,0.530717,0.48951,0.38469,0.158793
901,16.3189,0.645067,0,0.518238,0.390271,0.488418,-0.0441129,-0.0648393,-0.363035,0.518238,0.390271,0.439576,0.177182
902,16.337,0.642234,0,0.487839,0.285909,0.516396,-0.044831,-0.0689449,-0.393404,0.487839,0.285909,0.464756,0.176343
903,16.3551,0.626708,0,0.445128,0.185723,0.510418,-0.0462039,-0.0735163,-0.422146,0.445128,0.185723,0.459376,0.159041
904,16.3732,0.599776,0,0.393138,0.100793,0.473802,-0.0482153,-0.0787489,-0.449327,0.393138,0.100793,0.426422,0.130389
905,16.3914,0.566539,0,0.33723,0.0377711,0.417875,-0.0508895,-0.0848597,-0.474999,0.33723,0.0377711,0.376087,0.0986439
906,16.4095,0.533277,0,0.282947,-0.00296679,0.356067,-0.0542879,-0.0920962,-0.499201,0.282947,-0.00296679,0.32046,0.0705236
907,16.4276,0.50131,0,0.231704,-0.0274659,0.29312,-0.0585098,-0.100747,-0.521952,0.231704,-0.0274659,0.263808,0.047542
908,16.4457,0.471434,0,0.187215,-0.0411894,0.230642,-0.0636936,-0.111156,-0.543245,0.187215,-0.0411894,0.207577,0.0302257
909,16.4638,0.444489,0,0.149236,-0.0452456,0.170773,-0.0700209,-0.123735,-0.563037,0.149236,-0.0452456,0.153696,0.0178399
910,16.4819,0.420144,0,0.117377,-0.0461095,0.11366,-0.0777227,-0.138979,-0.581232,0.117377,-0.0461095,0.102294,0.00933876
911,16.5,0.398592,0,0.0916836,-0.0427315,0.0592246,-0.0870876,-0.157488,-0.59766,0.0916836,-0.0427315,0.0533021,0.00380095
912,16.5181,0.381344,0,0.0713079,-0.0367028,0.00998213,-0.0984713,-0.179982,-0.612044,0.0713079,-0.0367028,0.00898392,0.000498263
913,16.5363,0.367758,0,0.0557566,-0.0278715,-0.0363331,-0.112308,-0.207316,-0.623949,0.0557566,-0.0278715,-0.0326998,-0.00141807
914,16.5544,0.356825,0,0.04486,-0.021983,-0.0813872,-0.129123,-0.240496,-0.632709,0.04486,-0.021983,-0.0732485,-0.00255572
915,16.5725,0.34941,0,0.0373603,-0.0151607,-0.126604,-0.14954,-0.280661,-0.637329,0.0373603,-0.0151607,-0.113944,-0.00331099
916,16.5906,0.349303,0,0.0325295,-0.00796347,-0.167116,-0.174288,-0.329045,-0.636341,0.0325295,-0.00796347,-0.150404,-0.00380535
917,16.6087,0.357762,0,0.0296083,0.00111805,-0.204775,-0.204186,-0.386863,-0.627612,0.0296083,0.00111805,-0.184298,-0.00424413
918,16.6268,0.376241,0,0.0288999,0.00985245,-0.239134,-0.240109,-0.455073,-0.608119,0.0288999,0.00985245,-0.21522,-0.00483766
919,16.6449,0.406249,0,0.0298257,0.019998,-0.2729,-0.282886,-0.533934,-0.57371,0.0298257,0.019998,-0.24561,-0.00569759
920,16.663,0.448346,0,0.0316961,0.0292497,-0.305688,-0.333124,-0.622253,-0.51898,0.0316961,0.0292497,-0.27512,-0.0067824
921,16.6812,0.503821,0,0.0348817,0.038707,-0.336072,-0.39088,-0.716241,-0.437487,0.0348817,0.038707,-0.302464,-0.00820591
922,16.6993,0.571568,0,0.0399505,0.048219,-0.364545,-0.455157,-0.808048,-0.322755,0.0399505,0.048219,-0.32809,-0.0101946
923,16.7174,0.649915,0,0.0463481,0.0612411,-0.390592,-0.523224,-0.88447,-0.170622,0.0463481,0.0612411,-0.351533,-0.0126723
924,16.7355,0.732184,0,0.0542339,0.0762551,-0.415158,-0.589945,-0.927118,0.0167658,0.0542339,0.0762551,-0.373643,-0.015761
925,16.7536,0.809892,0,0.0631059,0.0961102,-0.435797,-0.64754,-0.915983,0.226338,0.0631059,0.0961102,-0.392217,-0.019251
926,16.7717,0.871301,0,0.0743574,0.118963,-0.453184,-0.686469,-0.837482,0.432169,0.0743574,0.118963,-0.407866,-0.0235883
927,16.7898,0.906417,0,0.0876411,0.145337,-0.46838,-0.697848,-0.694175,0.600732,0.0876411,0.145337,-0.421542,-0.0287346
928,16.8079,0.909859,0,0.10446,0.175673,-0.48141,-0.676773,-0.508671,0.703866,0.10446,0.175673,-0.433269,-0.0352016
929,16.826,0.882255,0,0.123906,0.213387,-0.490846,-0.624668,-0.315795,0.731743,0.123906,0.213387,-0.441762,-0.0425732
930,16.8442,0.829656,0,0.147808,0.257274,-0.49439,-0.548944,-0.147257,0.695516,0.147808,0.257274,-0.444951,-0.0511522
931,16.8623,0.761713,0,0.175124,0.308427,-0.490256,-0.460155,-0.0203081,0.618336,0.175124,0.308427,-0.44123,-0.060099
932,16.8804,0.687568,0,0.207927,0.366104,-0.473728,-0.368571,0.0632743,0.523364,0.207927,0.366104,-0.426355,-0.0689505
933,16.8985,0.615771,0,0.245746,0.432124,-0.442741,-0.281924,0.111225,0.426805,0.245746,0.432124,-0.398467,-0.0761613
934,16.9166,0.553721,0,0.290471,0.506152,-0.395208,-0.204788,0.134221,0.337054,0.290471,0.506152,-0.355687,-0.0803574
935,16.9347,0.505401,0,0.341,0.585009,-0.325749,-0.139027,0.141928,0.256954,0.341,0.585009,-0.293175,-0.0777563
936,16.9528,0.472593,0,0.395706,0.658328,-0.228713,-0.0846316,0.141618,0.1864,0.395706,0.658328,-0.205841,-0.063352
937,16.9709,0.45898,0,0.451901,0.719309,-0.103528,-0.0405027,0.138201,0.124154,0.451901,0.719309,-0.0931754,-0.0327492
938,16.9891,0.462562,0,0.507049,0.750675,0.0509817,-0.00503035,0.134762,0.0688091,0.507049,0.750675,0.0458835,0.0180951
939,17.0072,0.478766,0,0.554755,0.7381,0.21786,0.0235371,0.13313,0.0191915,0.554755,0.7381,0.196074,0.0846013
940,17.0253,0.497167,0,0.584974,0.669724,0.381078,0.0468842,0.134329,-0.0255399,0.584974,0.669724,0.342971,0.156045
941,17.0434,0.513258,0,0.593942,0.555866,0.51571,0.0665274,0.138908,-0.0659112,0.593942,0.555866,0.464139,0.214411
942,17.0615,0.520055,0,0.576754,0.412955,0.603289,0.0837799,0.147147,-0.102186,0.576754,0.412955,0.54296,0.243564
943,17.0796,0.512572,0,0.535483,0.260735,0.632409,0.0997538,0.159198,-0.134415,0.535483,0.260735,0.569168,0.237051
944,17.0977,0.49319,0,0.475526,0.123996,0.610445,0.115382,0.175159,-0.162463,0.475526,0.123996,0.549401,0.203198
945,17.1158,0.467437,0,0.40476,0.0158397,0.554687,0.131443,0.195114,-0.186023,0.40476,0.0158397,0.499218,0.15716
946,17.134,0.439703,0,0.330442,-0.0610707,0.47981,0.14859,0.219131,-0.204612,0.330442,-0.0610707,0.431829,0.110984
947,17.1521,0.413956,0,0.257888,-0.108229,0.398496,0.167365,0.247236,-0.217562,0.257888,-0.108229,0.358647,0.0719371
948,17.1702,0.392175,0,0.192701,-0.132909,0.315838,0.188209,0.279353,-0.223998,0.192701,-0.132909,0.284254,0.0426036
949,17.1883,0.379962,0,0.135157,-0.145766,0.24061,0.211454,0.315213,-0.222845,0.135157,-0.145766,0.216549,0.022764
950,17.2064,0.377168,0,0.0878857,-0.150291,0.174342,0.237293,0.354224,-0.212839,0.0878857,-0.150291,0.156907,0.0107255
951,17.2245,0.381259,0,0.0485346,-0.148247,0.113082,0.265734,0.39531,-0.192609,0.0485346,-0.148247,0.101773,0.00384185
952,17.2426,0.393548,0,0.0164143,-0.145931,0.0552197,0.296531,0.436731,-0.160833,0.0164143,-0.145931,0.0496977,0.000634474
953,17.2607,0.412311,0,-0.00932146,-0.141685,0.00194307,0.329091,0.475929,-0.116516,-0.00932146,-0.141685,0.00174877,-1.26786e-05
954,17.2788,0.437718,0,-0.0295127,-0.139373,-0.0450929,0.362383,0.509475,-0.0594076,-0.0295127,-0.139373,-0.0405836,0.000931571
955,17.297,0.467222,0,-0.0459496,-0.138086,-0.0900028,0.39487,0.533236,0.00946908,-0.0459496,-0.138086,-0.0810025,0.00289492
956,17.3151,0.500074,0,-0.0599369,-0.141341,-0.130364,0.424515,0.542875,0.0873026,-0.0599369,-0.141341,-0.117328,0.00546953
957,17.3332,0.532864,0,-0.0730088,-0.147437,-0.168518,0.448913,0.534736,0.169224,-0.0730088,-0.147437,-0.151666,0.00861228
958,17.3513,0.562461,0,-0.083901,-0.157251,-0.20525,0.465584,0.506973,0.248578,-0.083901,-0.157251,-0.184725,0.0120545
959,17.3694,0.585329,0,-0.0941612,-0.169764,-0.238478,0.472412,0.460521,0.317907,-0.0941612,-0.169764,-0.21463,0.0157188
960,17.3875,0.601001,0,-0.10531,-0.18745,-0.270087,0.468128,0.399413,0.370511,-0.10531,-0.18745,-0.243078,0.0199101
961,17.4056,0.60664,0,-0.118594,-0.206787,-0.297602,0.452666,0.330086,0.402015,-0.118594,-0.206787,-0.267841,0.0247057
962,17.4237,0.602248,0,-0.132673,-0.227953,-0.321278,0.427248,0.259858,0.411278,-0.132673,-0.227953,-0.28915,0.0298375
963,17.4419,0.58935,0,-0.149585,-0.253651,-0.337924,0.394147,0.195214,0.400234,-0.149585,-0.253651,-0.304131,0.0353838
964,17.46,0.570867,0,-0.168226,-0.285969,-0.348685,0.356218,0.140598,0.372888,-0.168226,-0.285969,-0.313816,0.0410605
965,17.4781,0.549662,0,-0.190035,-0.323983,-0.352896,0.31638,0.0980543,0.33399,-0.190035,-0.323983,-0.317606,0.0469439
966,17.4962,0.529426,0,-0.215049,-0.368161,-0.351315,0.277196,0.0675998,0.287968,-0.215049,-0.368161,-0.316184,0.052885
967,17.5143,0.510534,0,-0.243203,-0.415062,-0.339117,0.24063,0.0479403,0.238349,-0.243203,-0.415062,-0.305206,0.0577321
968,17.5324,0.49734,0,-0.275594,-0.465981,-0.317353,0.207993,0.0371859,0.187632,-0.275594,-0.465981,-0.285618,0.0612223
969,17.5505,0.491344,0,-0.312114,-0.5199,-0.282052,0.180001,0.0333799,0.137425,-0.312114,-0.5199,-0.253847,0.0616226
970,17.5686,0.493919,0,-0.351958,-0.573963,-0.231196,0.156907,0.0348069,0.0886871,-0.351958,-0.573963,-0.208076,0.0569598
971,17.5868,0.506464,0,-0.394132,-0.625589,-0.16419,0.13864,0.0401241,0.0419575,-0.394132,-0.625589,-0.147771,0.0452988
972,17.6049,0.528534,0,-0.437457,-0.669971,-0.0781742,0.124934,0.0483803,-0.00246623,-0.437457,-0.669971,-0.0703568,0.0239385
973,17.623,0.556591,0,-0.479509,-0.696138,0.027851,0.115436,0.0589774,-0.0444075,-0.479509,-0.696138,0.0250659,-0.00934837
974,17.6411,0.586291,0,-0.516003,-0.695204,0.143444,0.109773,0.0716098,-0.0837338,-0.516003,-0.695204,0.1291,-0.0518123
975,17.6592,0.612507,0,-0.542107,-0.662515,0.257557,0.10761,0.0862022,-0.120309,-0.542107,-0.662515,0.231802,-0.0977367
976,17.6773,0.632198,0,-0.555669,-0.601064,0.358064,0.108675,0.102854,-0.153962,-0.555669,-0.601064,0.322258,-0.139276
977,17.6954,0.643387,0,-0.55408,-0.515801,0.440538,0.112775,0.121792,-0.184459,-0.55408,-0.515801,0.396485,-0.170866
978,17.7135,0.641716,0,-0.53552,-0.417055,0.489884,0.119803,0.143335,-0.211481,-0.53552,-0.417055,0.440895,-0.18364
979,17.7316,0.626257,0,-0.501214,-0.314808,0.504004,0.129735,0.167856,-0.234597,-0.501214,-0.314808,0.453603,-0.176829
980,17.7498,0.600138,0,-0.45537,-0.223161,0.486652,0.142621,0.195744,-0.253227,-0.45537,-0.223161,0.437987,-0.155125
981,17.7679,0.566357,0,-0.400751,-0.1471,0.446986,0.158571,0.227359,-0.26661,-0.400751,-0.1471,0.402288,-0.125391
982,17.786,0.530396,0,-0.346735,-0.091194,0.392171,0.177731,0.26296,-0.273764,-0.346735,-0.091194,0.352954,-0.0951855
983,17.8041,0.495968,0,-0.294098,-0.0537507,0.332001,0.200251,0.302608,-0.273457,-0.294098,-0.0537507,0.2988,-0.0683486
984,17.8222,0.464463,0,-0.244597,-0.0311473,0.268002,0.226237,0.346027,-0.264195,-0.244597,-0.0311473,0.241202,-0.0458868
985,17.8403,0.439753,0,-0.201505,-0.020933,0.203258,0.255678,0.39241,-0.244268,-0.201505,-0.020933,0.182932,-0.0286703
986,17.8584,0.425162,0,-0.165251,-0.020286,0.140957,0.288351,0.440189,-0.211881,-0.165251,-0.020286,0.126862,-0.0163053
987,17.8765,0.421245,0,-0.136014,-0.02164,0.0845754,0.3237,0.486791,-0.165433,-0.136014,-0.02164,0.0761179,-0.00805239
988,17.8947,0.42804,0,-0.113094,-0.0257125,0.0304065,0.360693,0.528472,-0.103984,-0.113094,-0.0257125,0.0273659,-0.00240716
989,17.9128,0.444823,0,-0.0945333,-0.0322937,-0.0205755,0.3977,0.560373,-0.027933,-0.0945333,-0.0322937,-0.018518,0.00136155
990,17.9309,0.469392,0,-0.0804588,-0.0409319,-0.0666786,0.432433,0.576989,0.0602199,-0.0804588,-0.0409319,-0.0600107,0.00375542
991,17.949,0.496858,0,-0.0710249,-0.0484117,-0.109359,0.462038,0.573201,0.155302,-0.0710249,-0.0484117,-0.0984229,0.00543704
992,17.9671,0.523774,0,-0.0638177,-0.0573062,-0.150286,0.483402,0.545787,0.249522,-0.0638177,-0.0573062,-0.135258,0.00671365
993,17.9852,0.545359,0,-0.0605495,-0.0648534,-0.187702,0.493696,0.494942,0.333536,-0.0605495,-0.0648534,-0.168932,0.00795567
994,18.0033,0.558795,0,-0.0582963,-0.0726421,-0.223864,0.491027,0.42504,0.39848,-0.0582963,-0.0726421,-0.201478,0.00913531
995,18.0214,0.562393,0,-0.0580122,-0.0786319,-0.258994,0.47499,0.343967,0.438271,-0.0580122,-0.0786319,-0.233094,0.0105174
996,18.0396,0.556558,0,-0.0592194,-0.0858723,-0.292391,0.446857,0.261114,0.451084,-0.0592194,-0.0858723,-0.263152,0.0121207
997,18.0577,0.541847,0,-0.0614007,-0.093684,-0.323316,0.409319,0.184923,0.439308,-0.0614007,-0.093684,-0.290984,0.0138963
998,18.0758,0.520628,0,-0.0642397,-0.10404,-0.351772,0.365872,0.121099,0.408147,-0.0642397,-0.10404,-0.316595,0.0158184
999,18.0939,0.494754,0,-0.069371,-0.116215,-0.375978,0.320104,0.0720945,0.363747,-0.069371,-0.116215,-0.33838,0.0182574
1000,18.112,0.46861,0,-0.0764829,-0.13145,-0.400035,0.275133,0.0376653,0.31169,-0.0764829,-0.13145,-0.360031,0.0214171
1001,18.1301,0.442558,0,-0.0853759,-0.148514,-0.421243,0.233296,0.0159077,0.256243,-0.0853759,-0.148514,-0.379118,0.0251748
1002,18.1482,0.41851,0,-0.0951411,-0.16832,-0.440728,0.196084,0.00424918,0.200254,-0.0951411,-0.16832,-0.396655,0.029352
1003,18.1663,0.39676,0,-0.107173,-0.190152,-0.456563,0.164247,0.00013751,0.145415,-0.107173,-0.190152,-0.410907,0.0342519
1004,18.1844,0.379216,0,-0.120775,-0.217157,-0.470145,0.137968,0.00140693,0.0926121,-0.120775,-0.217157,-0.423131,0.0397472
1005,18.2026,0.366529,0,-0.137566,-0.248531,-0.48044,0.117054,0.00640637,0.0422518,-0.137566,-0.248531,-0.432396,0.0462644
1006,18.2207,0.360276,0,-0.15739,-0.287161,-0.487071,0.101093,0.0139899,-0.00551916,-0.15739,-0.287161,-0.438364,0.0536619
1007,18.2388,0.361408,0,-0.181301,-0.331714,-0.489225,0.0895829,0.0234445,-0.0506701,-0.181301,-0.331714,-0.440303,0.0620881
1008,18.2569,0.37098,0,-0.209589,-0.385048,-0.482959,0.0820173,0.0344019,-0.0932061,-0.209589,-0.385048,-0.434663,0.0708561
1009,18.275,0.389803,0,-0.243912,-0.445692,-0.464404,0.07794,0.0467551,-0.133125,-0.243912,-0.445692,-0.417964,0.0792915
1010,18.2931,0.419626,0,-0.283825,-0.513841,-0.431364,0.0769774,0.060592,-0.170394,-0.283825,-0.513841,-0.388228,0.0857024
1011,18.3112,0.460148,0,-0.329119,-0.58621,-0.37829,0.0788537,0.0761443,-0.204932,-0.329119,-0.58621,-0.340461,0.0871516
1012,18.3293,0.511277,0,-0.37867,-0.6588,-0.302741,0.0833957,0.0937514,-0.236595,-0.37867,-0.6588,-0.272467,0.0802472
1013,18.3475,0.571921,0,-0.432192,-0.725065,-0.19968,0.0905309,0.113836,-0.265158,-0.432192,-0.725065,-0.179712,0.0604102
1014,18.3656,0.638755,0,-0.486689,-0.77455,-0.0694243,0.100283,0.136883,-0.290285,-0.486689,-0.77455,-0.0624819,0.0236516
1015,18.3837,0.707218,0,-0.538726,-0.796094,0.0826643,0.112764,0.163419,-0.311502,-0.538726,-0.796094,0.0743978,-0.0311734
1016,18.4018,0.769195,0,-0.581282,-0.775557,0.247745,0.128162,0.193989,-0.328149,-0.581282,-0.775557,0.22297,-0.100807
1017,18.4199,0.812094,0,-0.606659,-0.701222,0.399175,0.146729,0.229105,-0.339329,-0.606659,-0.701222,0.359257,-0.169514
1018,18.438,0.833708,0,-0.610107,-0.584965,0.521616,0.168755,0.269173,-0.34385,-0.610107,-0.584965,0.469454,-0.222769
1019,18.4561,0.829674,0,-0.588987,-0.443004,0.596607,0.194531,0.314375,-0.34017,-0.588987,-0.443004,0.536946,-0.245976
1020,18.4742,0.800403,0,-0.54678,-0.296431,0.617334,0.224296,0.36448,-0.326367,-0.54678,-0.296431,0.5556,-0.236282
1021,18.4924,0.749163,0,-0.48505,-0.167122,0.58773,0.258143,0.418576,-0.300166,-0.48505,-0.167122,0.528957,-0.199555
1022,18.5105,0.689197,0,-0.415371,-0.0685154,0.530813,0.295891,0.47473,-0.259104,-0.415371,-0.0685154,0.477731,-0.154339
1023,18.5286,0.626083,0,-0.340677,0.00203837,0.461271,0.336919,0.529607,-0.200903,-0.340677,0.00203837,0.415144,-0.110001
1024,18.5467,0.567169,0,-0.270966,0.045425,0.383291,0.379957,0.578188,-0.12416,-0.270966,0.045425,0.344962,-0.0727011
1025,18.5648,0.518832,0,-0.207918,0.0687525,0.306089,0.422897,0.613825,-0.0293665,-0.207918,0.0687525,0.27548,-0.0445489
1026,18.5829,0.486287,0,-0.153441,0.0746038,0.229753,0.462707,0.628981,0.0799056,-0.153441,0.0746038,0.206777,-0.0246774
1027,18.601,0.468696,0,-0.10814,0.0752009,0.162621,0.49558,0.616887,0.196163,-0.10814,0.0752009,0.146359,-0.0123102
1028,18.6191,0.46336,0,-0.0728911,0.0710689,0.101522,0.517431,0.573946,0.308262,-0.0728911,0.0710689,0.0913696,-0.00518002
1029,18.6372,0.4613,0,-0.0434943,0.0693933,0.0451024,0.524743,0.501967,0.403403,-0.0434943,0.0693933,0.0405922,-0.00137319
1030,18.6554,0.458264,0,-0.0190736,0.0670169,-0.00630144,0.515542,0.408811,0.470542,-0.0190736,0.0670169,-0.0056713,8.41338e-05
1031,18.6735,0.448891,0,-0.000484111,0.0667908,-0.0497793,0.490077,0.306583,0.503717,-0.000484111,0.0667908,-0.0448014,1.68691e-05
1032,18.6916,0.433671,0,0.0150915,0.0682886,-0.0921862,0.450863,0.208001,0.503462,0.0150915,0.0682886,-0.0829676,-0.000973861
1033,18.7097,0.412456,0,0.0282105,0.0740283,-0.131205,0.402032,0.12286,0.475618,0.0282105,0.0740283,-0.118084,-0.00259095
1034,18.7278,0.39018,0,0.0410535,0.0816874,-0.172843,0.348314,0.0562511,0.428543,0.0410535,0.0816874,-0.155559,-0.00496707
1035,18.7459,0.366962,0,0.0520441,0.0904096,-0.211638,0.294073,0.0088469,0.370386,0.0520441,0.0904096,-0.190474,-0.00771017
1036,18.764,0.342141,0,0.0630296,0.0997862,-0.244015,0.242706,-0.0216146,0.307493,0.0630296,0.0997862,-0.219613,-0.0107661
1037,18.7821,0.319192,0,0.0738993,0.11489,-0.272744,0.196437,-0.0386973,0.244021,0.0738993,0.11489,-0.245469,-0.0141089
1038,18.8003,0.300452,0,0.0868995,0.134403,-0.300828,0.15642,-0.0460777,0.182295,0.0868995,0.134403,-0.270746,-0.0182993
1039,18.8184,0.284692,0,0.10046,0.15852,-0.324321,0.122975,-0.0469109,0.123385,0.10046,0.15852,-0.291889,-0.0228069
1040,18.8365,0.270993,0,0.117183,0.185331,-0.341561,0.0958594,-0.0436135,0.0676344,0.117183,0.185331,-0.307405,-0.0280177
1041,18.8546,0.261472,0,0.135647,0.217839,-0.353716,0.0745054,-0.0378812,0.0150268,0.135647,0.217839,-0.318344,-0.0335863
1042,18.8727,0.256924,0,0.157738,0.254443,-0.361332,0.0581998,-0.0308066,-0.0345982,0.157738,0.254443,-0.325199,-0.0398971
1043,18.8908,0.25772,0,0.181947,0.296942,-0.361535,0.0462055,-0.0230207,-0.0814337,0.181947,0.296942,-0.325382,-0.046046
1044,18.9089,0.265379,0,0.21134,0.344948,-0.353129,0.0378381,-0.0148204,-0.125658,0.21134,0.344948,-0.317816,-0.052241
1045,18.927,0.28137,0,0.244163,0.400431,-0.332652,0.0325063,-0.00626946,-0.167416,0.244163,0.400431,-0.299386,-0.0568547
1046,18.9452,0.305444,0,0.281396,0.45901,-0.298241,0.0297303,0.00272685,-0.206821,0.281396,0.45901,-0.268417,-0.0587468
1047,18.9633,0.337475,0,0.321974,0.518251,-0.246487,0.0291452,0.012372,-0.243953,0.321974,0.518251,-0.221838,-0.0555536
1048,18.9814,0.377016,0,0.366364,0.573635,-0.177071,0.0304969,0.0229474,-0.278857,0.366364,0.573635,-0.159364,-0.0454107
1049,18.9995,0.422348,0,0.411905,0.619323,-0.0871066,0.0336341,0.0347959,-0.311544,0.411905,0.619323,-0.0783959,-0.0251157
1050,19.0176,0.47027,0,0.455646,0.645345,0.0227233,0.0385004,0.0483167,-0.341981,0.455646,0.645345,0.020451,0.00724766
1051,19.0357,0.518954,0,0.493902,0.647205,0.146032,0.0451275,0.0639662,-0.370084,0.493902,0.647205,0.131429,0.0504877
1052,19.0538,0.562064,0,0.522786,0.616505,0.269311,0.0536298,0.0822641,-0.395691,0.522786,0.616505,0.24238,0.0985543
1053,19.0719,0.595583,0,0.536356,0.550792,0.382348,0.0642014,0.1038,-0.418545,0.536356,0.550792,0.344113,0.143552
1054,19.09,0.615512,0,0.535548,0.457416,0.466573,0.0771155,0.12924,-0.438249,0.535548,0.457416,0.419916,0.174911
1055,19.1082,0.62111,0,0.514683,0.349668,0.516885,0.0927227,0.159317,-0.454221,0.514683,0.349668,0.465197,0.186222
1056,19.1263,0.613527,0,0.476827,0.240373,0.53121,0.111449,0.194821,-0.46562,0.476827,0.240373,0.478089,0.177307
1057,19.1444,0.594259,0,0.428748,0.14237,0.510357,0.133787,0.236542,-0.471255,0.428748,0.14237,0.459321,0.15317
1058,19.1625,0.566387,0,0.371978,0.0627266,0.462225,0.160277,0.285175,-0.469484,0.371978,0.0627266,0.416002,0.120356
1059,19.1806,0.536337,0,0.313721,0.00763039,0.400279,0.191465,0.341143,-0.458089,0.313721,0.00763039,0.360252,0.0879033
1060,19.1987,0.509769,0,0.258913,-0.0268824,0.335695,0.227827,0.404292,-0.434185,0.258913,-0.0268824,0.302126,0.060841
1061,19.2168,0.488768,0,0.207986,-0.0469195,0.270694,0.269634,0.473434,-0.394223,0.207986,-0.0469195,0.243625,0.0394103
1062,19.2349,0.475912,0,0.165149,-0.0559245,0.208499,0.316748,0.545703,-0.334215,0.165149,-0.0559245,0.187649,0.0241033
1063,19.2531,0.472651,0,0.128194,-0.0576975,0.148249,0.368322,0.615819,-0.250389,0.128194,-0.0576975,0.133424,0.0133032
1064,19.2712,0.481178,0,0.0983989,-0.0565995,0.0910654,0.422429,0.675508,-0.140496,0.0983989,-0.0565995,0.0819589,0.00627251
1065,19.2893,0.499776,0,0.0742912,-0.052003,0.0379524,0.475713,0.713679,-0.00584872,0.0742912,-0.052003,0.0341571,0.00197367
1066,19.3074,0.524847,0,0.0551197,-0.0452605,-0.00998238,0.523276,0.718135,0.146384,0.0551197,-0.0452605,-0.00898414,-0.000385158
1067,19.3255,0.55164,0,0.0406776,-0.038654,-0.056835,0.559068,0.679312,0.301937,0.0406776,-0.038654,-0.0511515,-0.00161834
1068,19.3436,0.574282,0,0.0307269,-0.0340522,-0.102017,0.577043,0.595167,0.441141,0.0307269,-0.0340522,-0.0918156,-0.00219427
1069,19.3617,0.58598,0,0.0235891,-0.0277368,-0.145707,0.572871,0.474462,0.544368,0.0235891,-0.0277368,-0.131136,-0.00240596
1070,19.3798,0.582715,0,0.0187778,-0.022158,-0.184067,0.545536,0.335336,0.599127,0.0187778,-0.022158,-0.16566,-0.00241945
1071,19.398,0.565385,0,0.0153642,-0.0147224,-0.220513,0.497897,0.198976,0.604397,0.0153642,-0.0147224,-0.198461,-0.0023716
1072,19.4161,0.537074,0,0.0139948,-0.00872601,-0.254746,0.435816,0.0821987,0.569356,0.0139948,-0.00872601,-0.229272,-0.00249558
1073,19.4342,0.502589,0,0.0131675,-0.00271525,-0.287619,0.366376,-0.00663173,0.508004,0.0131675,-0.00271525,-0.258857,-0.00265105
1074,19.4523,0.466488,0,0.0138008,0.002721,-0.320177,0.296114,-0.0671215,0.433649,0.0138008,0.002721,-0.288159,-0.00309308
1075,19.4704,0.431233,0,0.0156785,0.00854118,-0.350739,0.229942,-0.10378,0.355916,0.0156785,0.00854118,-0.315665,-0.00384936
1076,19.4885,0.398976,0,0.0186874,0.0146362,-0.379547,0.170862,-0.12285,0.280366,0.0186874,0.0146362,-0.341592,-0.00496492
1077,19.5066,0.371034,0,0.0220466,0.022654,-0.40694,0.120207,-0.130272,0.209482,0.0220466,0.022654,-0.366246,-0.00628015
1078,19.5247,0.347015,0,0.0265245,0.0320671,-0.432352,0.0780972,-0.130798,0.143907,0.0265245,0.0320671,-0.389116,-0.00802754
1079,19.5428,0.326209,0,0.031629,0.0445182,-0.454535,0.0438924,-0.127857,0.083399,0.031629,0.0445182,-0.409082,-0.0100635
1080,19.561,0.309287,0,0.0384591,0.0584569,-0.475881,0.0165586,-0.123741,0.0274072,0.0384591,0.0584569,-0.428293,-0.0128114
1081,19.5791,0.295133,0,0.0463194,0.0739692,-0.494845,-0.00508208,-0.119888,-0.024645,0.0463194,0.0739692,-0.44536,-0.0160446
1082,19.5972,0.284343,0,0.0561929,0.0911581,-0.512583,-0.0221963,-0.117147,-0.0732466,0.0561929,0.0911581,-0.461325,-0.0201625
1083,19.6153,0.277825,0,0.0681166,0.113237,-0.528904,-0.0358547,-0.11599,-0.118776,0.0681166,0.113237,-0.476014,-0.025219
1084,19.6334,0.275737,0,0.0831339,0.141478,-0.541673,-0.0469962,-0.116662,-0.161512,0.0831339,0.141478,-0.487505,-0.031522
1085,19.6515,0.27951,0,0.100748,0.177046,-0.550731,-0.0564224,-0.119298,-0.201652,0.100748,0.177046,-0.495658,-0.0388395
1086,19.6696,0.2906,0,0.122517,0.219425,-0.556063,-0.064809,-0.123991,-0.239332,0.122517,0.219425,-0.500456,-0.0476888
1087,19.6877,0.310688,0,0.148238,0.271639,-0.555272,-0.0727272,-0.13085,-0.274631,0.148238,0.271639,-0.499745,-0.0576186
1088,19.7059,0.338917,0,0.178919,0.330339,-0.544157,-0.0806675,-0.140024,-0.307583,0.178919,0.330339,-0.489741,-0.0681522
1089,19.724,0.376667,0,0.215152,0.396437,-0.518713,-0.0890647,-0.15173,-0.338163,0.215152,0.396437,-0.466842,-0.0781214
1090,19.7421,0.426847,0,0.258821,0.471391,-0.47781,-0.0983218,-0.166267,-0.366287,0.258821,0.471391,-0.430029,-0.0865672
1091,19.7602,0.490251,0,0.308973,0.55474,-0.41834,-0.108831,-0.184024,-0.391785,0.308973,0.55474,-0.376506,-0.090479
1092,19.7783,0.565002,0,0.366211,0.63921,-0.331909,-0.120993,-0.205487,-0.41438,0.366211,0.63921,-0.298718,-0.085084
1093,19.7964,0.649015,0,0.425719,0.717664,-0.213245,-0.135233,-0.23124,-0.433645,0.425719,0.717664,-0.191921,-0.0635479
1094,19.8145,0.738358,0,0.487501,0.775181,-0.0605025,-0.152014,-0.261952,-0.448951,0.487501,0.775181,-0.0544522,-0.0206465
1095,19.8326,0.826831,0,0.547185,0.79561,0.121304,-0.171841,-0.298348,-0.459392,0.547185,0.79561,0.109174,0.0464631
1096,19.8508,0.898277,0,0.592113,0.754899,0.310528,-0.195262,-0.341149,-0.463696,0.592113,0.754899,0.279476,0.128708
1097,19.8689,0.943598,0,0.615308,0.650582,0.480008,-0.222844,-0.390953,-0.460117,0.615308,0.650582,0.432007,0.206747
1098,19.887,0.958829,0,0.611407,0.501831,0.604835,-0.255135,-0.448031,-0.44632,0.611407,0.501831,0.544351,0.25886
1099,19.9051,0.940347,0,0.577416,0.330436,0.669805,-0.292578,-0.511995,-0.419313,0.577416,0.330436,0.602825,0.270729
1100,19.9232,0.889746,0,0.521146,0.166662,0.664647,-0.335364,-0.581306,-0.375488,0.521146,0.166662,0.598182,0.242465
1101,19.9413,0.820427,0,0.446743,0.0333096,0.616421,-0.383212,-0.652612,-0.310934,0.446743,0.0333096,0.554779,0.192767
1102,19.9594,0.742048,0,0.365237,-0.0648189,0.540749,-0.435061,-0.720044,-0.222211,0.365237,-0.0648189,0.486674,0.138251
1103,19.9775,0.66602,0,0.283717,-0.129142,0.45546,-0.4887,-0.774781,-0.107807,0.283717,-0.129142,0.409914,0.0904553
1104,19.9956,0.603091,0,0.209818,-0.161523,0.366664,-0.54047,-0.805516,0.029772,0.209818,-0.161523,0.329998,0.0538529
1105,20.0138,0.556457,0,0.143692,-0.178308,0.283653,-0.585246,-0.800583,0.181884,0.143692,-0.178308,0.255287,0.028531
1106,20.0319,0.527021,0,0.0882807,-0.184842,0.213891,-0.616988,-0.751979,0.333079,0.0882807,-0.184842,0.192502,0.0132177
1107,20.05,0.508038,0,0.0419794,-0.184759,0.152369,-0.630019,-0.660003,0.463607,0.0419794,-0.184759,0.137132,0.00447745
1108,20.0681,0.493207,0,0.00502652,-0.183703,0.0923507,-0.620741,-0.535583,0.555335,0.00502652,-0.183703,0.0831156,0.000324942
1109,20.0862,0.475951,0,-0.0259844,-0.180703,0.0366747,-0.589016,-0.39768,0.598373,-0.0259844,-0.180703,0.0330072,-0.000667077
1110,20.1043,0.452183,0,-0.0500231,-0.177853,-0.0116775,-0.538404,-0.266553,0.594148,-0.0500231,-0.177853,-0.0105098,0.000408902
1111,20.1224,0.423053,0,-0.0696276,-0.176975,-0.0569745,-0.475057,-0.157007,0.553067,-0.0696276,-0.176975,-0.051277,0.00277689
1112,20.1405,0.38936,0,-0.086238,-0.180791,-0.0954052,-0.405919,-0.0754297,0.488982,-0.086238,-0.180791,-0.0858647,0.00575928
1113,20.1587,0.357017,0,-0.102347,-0.190367,-0.13216,-0.337117,-0.0209819,0.41426,-0.102347,-0.190367,-0.118944,0.00946834
1114,20.1768,0.32876,0,-0.116273,-0.201899,-0.16673,-0.273085,0.0112628,0.337473,-0.116273,-0.201899,-0.150057,0.0135703
1115,20.1949,0.305637,0,-0.12932,-0.217695,-0.197672,-0.216411,0.0274338,0.263382,-0.12932,-0.217695,-0.177904,0.0178941
1116,20.213,0.288192,0,-0.142504,-0.238719,-0.223853,-0.168136,0.0331301,0.194005,-0.142504,-0.238719,-0.201468,0.02233
1117,20.2311,0.277269,0,-0.15885,-0.264337,-0.246307,-0.128207,0.0327395,0.129778,-0.15885,-0.264337,-0.221676,0.027388
1118,20.2492,0.271781,0,-0.17701,-0.292079,-0.263786,-0.0959023,0.0293827,0.0703993,-0.17701,-0.292079,-0.237407,0.0326849
1119,20.2673,0.270558,0,-0.197322,-0.321897,-0.272794,-0.0701713,0.0251244,0.0153283,-0.197322,-0.321897,-0.245515,0.0376798
1120,20.2854,0.275532,0,-0.219525,-0.355602,-0.274619,-0.0498556,0.0212464,-0.0359754,-0.219525,-0.355602,-0.247157,0.0421999
1121,20.3036,0.28845,0,-0.244844,-0.394627,-0.269473,-0.0338283,0.0184951,-0.0839649,-0.244844,-0.394627,-0.242526,0.0461853
1122,20.3217,0.30906,0,-0.272403,-0.437771,-0.256724,-0.0210657,0.0172757,-0.12899,-0.272403,-0.437771,-0.231051,0.0489527
1123,20.3398,0.337236,0,-0.30357,-0.48368,-0.233929,-0.0106769,0.017795,-0.171311,-0.30357,-0.48368,-0.210536,0.0497095
1124,20.3579,0.372488,0,-0.337302,-0.530811,-0.197664,-0.00190529,0.0201616,-0.211116,-0.337302,-0.530811,-0.177898,0.0466709
1125,20.376,0.414174,0,-0.373636,-0.575588,-0.145901,0.00588449,0.0244538,-0.248537,-0.373636,-0.575588,-0.131311,0.0381599
1126,20.3941,0.462276,0,-0.411856,-0.61566,-0.0774137,0.0132278,0.0307651,-0.283659,-0.411856,-0.61566,-0.0696723,0.0223183
1127,20.4122,0.513828,0,-0.449451,-0.644186,0.00606185,0.0205835,0.0392338,-0.316523,-0.449451,-0.644186,0.00545567,-0.00190715
1128,20.4303,0.563538,0,-0.482998,-0.65196,0.0983,0.0283585,0.0500633,-0.347126,-0.482998,-0.65196,0.08847,-0.0332351
1129,20.4484,0.607977,0,-0.508277,-0.635517,0.192911,0.0369299,0.0635365,-0.375406,-0.508277,-0.635517,0.17362,-0.0686364
1130,20.4666,0.645553,0,-0.524485,-0.597217,0.28093,0.0466661,0.0800264,-0.401231,-0.524485,-0.597217,0.252837,-0.103141
1131,20.4847,0.673705,0,-0.529364,-0.536563,0.357602,0.0579452,0.100003,-0.424373,-0.529364,-0.536563,0.321842,-0.132511
1132,20.5028,0.690501,0,-0.521085,-0.461402,0.413935,0.0711717,0.124038,-0.444474,-0.521085,-0.461402,0.372542,-0.150987
1133,20.5209,0.693909,0,-0.499692,-0.379348,0.443099,0.0867893,0.1528,-0.460996,-0.499692,-0.379348,0.398789,-0.154989
1134,20.539,0.684877,0,-0.467038,-0.299034,0.445186,0.10529,0.187035,-0.473153,-0.467038,-0.299034,0.400667,-0.145543
1135,20.5571,0.666092,0,-0.426112,-0.226431,0.42504,0.127217,0.227523,-0.479829,-0.426112,-0.226431,0.382536,-0.12678
1136,20.5752,0.640995,0,-0.38124,-0.169282,0.386372,0.153153,0.274992,-0.479462,-0.38124,-0.169282,0.347734,-0.10311
1137,20.5933,0.613244,0,-0.335463,-0.126353,0.336594,0.183688,0.329947,-0.469928,-0.335463,-0.126353,0.302935,-0.0790405
1138,20.6115,0.587501,0,-0.291279,-0.0979677,0.282509,0.219358,0.392396,-0.448427,-0.291279,-0.0979677,0.254258,-0.0576021
1139,20.6296,0.567172,0,-0.251035,-0.0801139,0.228948,0.26052,0.461409,-0.411455,-0.251035,-0.0801139,0.206053,-0.0402317
1140,20.6477,0.554483,0,-0.216196,-0.0731798,0.173414,0.307166,0.534492,-0.354963,-0.216196,-0.0731798,0.156073,-0.026244
1141,20.6658,0.552247,0,-0.187127,-0.0720846,0.120265,0.358627,0.606821,-0.274917,-0.187127,-0.0720846,0.108239,-0.0157534
1142,20.6839,0.561575,0,-0.1638,-0.0761364,0.0673014,0.413209,0.670562,-0.168494,-0.1638,-0.0761364,0.0605713,-0.0077168
1143,20.702,0.580743,0,-0.145376,-0.0807844,0.0170442,0.467809,0.714812,-0.0360509,-0.145376,-0.0807844,0.0153397,-0.00173447
1144,20.7201,0.607413,0,-0.130416,-0.0888173,-0.0293687,0.517714,0.726975,0.116448,-0.130416,-0.0888173,-0.0264319,0.0026811
1145,20.7382,0.63653,0,-0.121055,-0.100535,-0.0721859,0.556883,0.696242,0.275751,-0.121055,-0.100535,-0.0649673,0.00611692
1146,20.7564,0.659065,0,-0.115413,-0.11424,-0.110419,0.578974,0.618631,0.422336,-0.115413,-0.11424,-0.099377,0.00892064
1147,20.7745,0.668522,0,-0.113512,-0.128441,-0.146429,0.579056,0.501026,0.535396,-0.113512,-0.128441,-0.131786,0.011635
1148,20.7926,0.661503,0,-0.113477,-0.143436,-0.181537,0.55537,0.36076,0.600247,-0.113477,-0.143436,-0.163384,0.0144202
1149,20.8107,0.636677,0,-0.116068,-0.157567,-0.211847,0.510162,0.219747,0.61371,-0.116068,-0.157567,-0.190662,0.0172121
1150,20.8288,0.599462,0,-0.121723,-0.17283,-0.240636,0.449033,0.0965385,0.583829,-0.121723,-0.17283,-0.216572,0.0205036
1151,20.8469,0.554165,0,-0.12969,-0.190429,-0.266245,0.379183,0.00125987,0.524703,-0.12969,-0.190429,-0.239621,0.0241705
1152,20.865,0.506818,0,-0.139602,-0.213167,-0.290202,0.307508,-0.0645801,0.450479,-0.139602,-0.213167,-0.261182,0.028359
1153,20.8831,0.46011,0,-0.15281,-0.2378,-0.309222,0.239346,-0.105116,0.371742,-0.15281,-0.2378,-0.2783,0.0330765
1154,20.9012,0.417446,0,-0.16802,-0.268367,-0.324043,0.178065,-0.126707,0.294779,-0.16802,-0.268367,-0.291639,0.0381121
1155,20.9194,0.380839,0,-0.187042,-0.303163,-0.333848,0.125254,-0.13561,0.222489,-0.187042,-0.303163,-0.300464,0.0437107
1156,20.9375,0.351655,0,-0.208761,-0.344967,-0.337897,0.0811795,-0.13692,0.155696,-0.208761,-0.344967,-0.304107,0.0493777
1157,20.9556,0.32967,0,-0.234534,-0.390278,-0.332711,0.0452676,-0.134343,0.0942019,-0.234534,-0.390278,-0.29944,0.0546225
1158,20.9737,0.316405,0,-0.263485,-0.440722,-0.317016,0.0164926,-0.130379,0.0374352,-0.263485,-0.440722,-0.285314,0.0584701
1159,20.9918,0.313224,0,-0.297334,-0.494026,-0.28845,-0.00634714,-0.126605,-0.0152186,-0.297334,-0.494026,-0.259605,0.0600362
1160,21.0099,0.321379,0,-0.334633,-0.549591,-0.244519,-0.024458,-0.123963,-0.0642852,-0.334633,-0.549591,-0.220068,0.057277
1161,21.028,0.340599,0,-0.375627,-0.602258,-0.180653,-0.0389567,-0.12298,-0.11017,-0.375627,-0.602258,-0.162588,0.0475008
1162,21.0461,0.370437,0,-0.417723,-0.647465,-0.0985899,-0.0508279,-0.123939,-0.15317,-0.417723,-0.647465,-0.0887309,0.0288283
1163,21.0643,0.40663,0,-0.45839,-0.674787,0.00141884,-0.0609163,-0.127,-0.193488,-0.45839,-0.674787,0.00127695,-0.000455266
1164,21.0824,0.447497,0,-0.494753,-0.683195,0.110469,-0.0699364,-0.132275,-0.23126,-0.494753,-0.683195,0.0994225,-0.0382585
1165,21.1005,0.48633,0,-0.524267,-0.663717,0.219691,-0.0784944,-0.139885,-0.266557,-0.524267,-0.663717,0.197722,-0.0806237
1166,21.1186,0.518871,0,-0.542297,-0.613403,0.321688,-0.087112,-0.149998,-0.299395,-0.542297,-0.613403,0.289519,-0.122115
1167,21.1367,0.543486,0,-0.545106,-0.537438,0.40807,-0.096253,-0.162848,-0.329727,-0.545106,-0.537438,0.367263,-0.155709
1168,21.1548,0.556635,0,-0.531815,-0.445897,0.465457,-0.106347,-0.178753,-0.357428,-0.531815,-0.445897,0.418911,-0.173276
1169,21.1729,0.558677,0,-0.504884,-0.351974,0.49114,-0.117812,-0.198121,-0.382282,-0.504884,-0.351974,0.442026,-0.173578
1170,21.191,0.547265,0,-0.465917,-0.259645,0.482014,-0.131072,-0.221456,-0.403942,-0.465917,-0.259645,0.433813,-0.157205
1171,21.2092,0.528847,0,-0.418554,-0.183018,0.450274,-0.146576,-0.249348,-0.421888,-0.418554,-0.183018,0.405247,-0.131925
1172,21.2273,0.506234,0,-0.364253,-0.120338,0.402937,-0.164804,-0.282455,-0.435369,-0.364253,-0.120338,0.362643,-0.10274
1173,21.2454,0.483078,0,-0.311269,-0.0749953,0.346438,-0.186271,-0.321459,-0.443323,-0.311269,-0.0749953,0.311794,-0.0754849
1174,21.2635,0.459948,0,-0.263541,-0.0522433,0.285714,-0.211519,-0.366973,-0.444284,-0.263541,-0.0522433,0.257143,-0.0527082
1175,21.2816,0.440025,0,-0.221156,-0.0406322,0.224792,-0.241084,-0.419389,-0.436276,-0.221156,-0.0406322,0.202313,-0.0347998
1176,21.2997,0.425,0,-0.185636,-0.0385351,0.166475,-0.275436,-0.478625,-0.416733,-0.185636,-0.0385351,0.149827,-0.0216325
1177,21.3178,0.418205,0,-0.155513,-0.038461,0.111477,-0.314872,-0.543726,-0.382486,-0.155513,-0.038461,0.100329,-0.0121353
1178,21.3359,0.420011,0,-0.130146,-0.0414474,0.0584046,-0.359337,-0.61232,-0.329929,-0.130146,-0.0414474,0.0525642,-0.00532081
1179,21.354,0.432034,0,-0.111239,-0.0460138,0.0088266,-0.408173,-0.67997,-0.255537,-0.111239,-0.0460138,0.00794394,-0.000687303
1180,21.3722,0.452404,0,-0.0970715,-0.0551351,-0.0389099,-0.459797,-0.739616,-0.156913,-0.0970715,-0.0551351,-0.035019,0.00264393
1181,21.3903,0.482846,0,-0.0862837,-0.0630204,-0.0835852,-0.51138,-0.781563,-0.0344793,-0.0862837,-0.0630204,-0.0752267,0.00504843
1182,21.4084,0.519066,0,-0.0788349,-0.0705713,-0.125298,-0.55868,-0.794669,0.10648,-0.0788349,-0.0705713,-0.112768,0.00691451
1183,21.4265,0.554923,0,-0.0744412,-0.0787855,-0.163609,-0.596288,-0.769266,0.254398,-0.0744412,-0.0787855,-0.147248,0.00852547
1184,21.4446,0.58456,0,-0.0726925,-0.0882661,-0.200534,-0.618491,-0.701385,0.392188,-0.0726925,-0.0882661,-0.180481,0.0102041
1185,21.4627,0.602454,0,-0.0733526,-0.0975913,-0.233955,-0.620724,-0.596278,0.501265,-0.0733526,-0.0975913,-0.210559,0.0120128
1186,21.4808,0.605535,0,-0.0752833,-0.10912,-0.265581,-0.601103,-0.468442,0.567737,-0.0752833,-0.10912,-0.239023,0.0139957
1187,21.4989,0.593023,0,-0.0789393,-0.119701,-0.293133,-0.561247,-0.337077,0.587297,-0.0789393,-0.119701,-0.26382,0.0161978
1188,21.5171,0.569234,0,-0.0829929,-0.130902,-0.320597,-0.505871,-0.219389,0.565646,-0.0829929,-0.130902,-0.288538,0.0186251
1189,21.5352,0.53664,0,-0.0893633,-0.144024,-0.345472,-0.441356,-0.125773,0.514594,-0.0893633,-0.144024,-0.310924,0.0216107
1190,21.5533,0.500954,0,-0.0976736,-0.161369,-0.369178,-0.374084,-0.0589707,0.446896,-0.0976736,-0.161369,-0.33226,0.0252412
1191,21.5714,0.465688,0,-0.10915,-0.182068,-0.390862,-0.309217,-0.0162264,0.372725,-0.10915,-0.182068,-0.351776,0.0298639
1192,21.5895,0.433376,0,-0.121384,-0.207133,-0.409001,-0.250202,0.00777756,0.298575,-0.121384,-0.207133,-0.368101,0.0347524
1193,21.6076,0.404334,0,-0.13603,-0.234827,-0.422019,-0.19884,0.0186906,0.227783,-0.13603,-0.234827,-0.379817,0.0401851
1194,21.6257,0.380929,0,-0.153057,-0.268343,-0.431191,-0.155649,0.021335,0.161599,-0.153057,-0.268343,-0.388072,0.0461977
1195,21.6438,0.362975,0,-0.174311,-0.307243,-0.434334,-0.120287,0.0193485,0.100149,-0.174311,-0.307243,-0.390901,0.0529964
1196,21.662,0.352582,0,-0.19946,-0.353249,-0.431887,-0.0919243,0.0152521,0.0430714,-0.19946,-0.353249,-0.388698,0.0603009
1197,21.6801,0.349418,0,-0.22914,-0.405776,-0.419222,-0.0695094,0.0106765,-0.0101219,-0.22914,-0.405776,-0.3773,0.0672423
1198,21.6982,0.355819,0,-0.264082,-0.465588,-0.394338,-0.0519507,0.00660778,-0.0598927,-0.264082,-0.465588,-0.354904,0.0728962
1199,21.7163,0.372097,0,-0.303936,-0.528962,-0.35389,-0.0382191,0.00359849,-0.106621,-0.303936,-0.528962,-0.318501,0.0752919
1200,21.7344,0.399464,0,-0.347718,-0.593926,-0.295746,-0.0273994,0.00192925,-0.150605,-0.347718,-0.593926,-0.266171,0.0719851
1201,21.7525,0.437586,0,-0.395182,-0.655635,-0.216286,-0.0187073,0.00172594,-0.192068,-0.395182,-0.655635,-0.194657,0.0598305
1202,21.7706,0.48494,0,-0.44412,-0.706963,-0.11193,-0.011486,0.00304077,-0.231186,-0.44412,-0.706963,-0.100737,0.0347974
1203,21.7887,0.538667,0,-0.492152,-0.738798,0.0125712,-0.00519054,0.00590681,-0.268088,-0.492152,-0.738798,0.011314,-0.00433084
1204,21.8068,0.594015,0,-0.534859,-0.74012,0.153816,0.000632283,0.0103738,-0.302876,-0.534859,-0.74012,0.138435,-0.0575891
1205,21.825,0.644152,0,-0.566558,-0.702578,0.29639,0.00636601,0.0165318,-0.335618,-0.566558,-0.702578,0.266751,-0.117545
1206,21.8431,0.680513,0,-0.581722,-0.621198,0.420673,0.0123461,0.0245274,-0.366356,-0.581722,-0.621198,0.378605,-0.1713
1207,21.8612,0.700668,0,-0.57498,-0.510383,0.512183,0.01888,0.0345756,-0.395097,-0.57498,-0.510383,0.460965,-0.206146
1208,21.8793,0.703555,0,-0.548899,-0.38566,0.561551,0.0262656,0.0469702,-0.421802,-0.548899,-0.38566,0.505396,-0.215764
1209,21.8974,0.685295,0,-0.505185,-0.261918,0.559759,0.0348082,0.0620936,-0.446378,-0.505185,-0.261918,0.503783,-0.197947
1210,21.9155,0.653938,0,-0.447861,-0.157209,0.523157,0.0448363,0.0804261,-0.468652,-0.447861,-0.157209,0.470841,-0.164011
1211,21.9336,0.618263,0,-0.383975,-0.0786682,0.470669,0.0567155,0.102555,-0.48834,-0.383975,-0.0786682,0.423602,-0.126507
1212,21.9517,0.577621,0,-0.319488,-0.0232146,0.403479,0.070862,0.129177,-0.505005,-0.319488,-0.0232146,0.363131,-0.0902345
1213,21.9699,0.53779,0,-0.259121,0.010677,0.333299,0.0877534,0.161098,-0.517997,-0.259121,0.010677,0.299969,-0.0604553
1214,21.988,0.499991,0,-0.20546,0.0267693,0.262321,0.107935,0.199206,-0.526362,-0.20546,0.0267693,0.236089,-0.0377275
1215,22.0061,0.465075,0,-0.158748,0.0317627,0.191759,0.132017,0.244417,-0.528739,-0.158748,0.0317627,0.172583,-0.0213089
1216,22.0242,0.439067,0,-0.121679,0.0306731,0.130544,0.160661,0.297553,-0.523214,-0.121679,0.0306731,0.11749,-0.0111192
1217,22.0423,0.420494,0,-0.0915893,0.028449,0.0752696,0.194531,0.359124,-0.50717,-0.0915893,0.028449,0.0677427,-0.00482573
1218,22.0604,0.408553,0,-0.0659649,0.0273533,0.0222053,0.234206,0.428947,-0.477162,-0.0659649,0.0273533,0.0199848,-0.00102534
1219,22.0785,0.407007,0,-0.0458377,0.0265418,-0.0272485,0.280017,0.505555,-0.428908,-0.0458377,0.0265418,-0.0245236,0.000874306
1220,22.0966,0.419743,0,-0.0297903,0.0222342,-0.0735062,0.331786,0.585362,-0.357586,-0.0297903,0.0222342,-0.0661556,0.00153284
1221,22.1148,0.445866,0,-0.017955,0.0209156,-0.115106,0.38844,0.661703,-0.258719,-0.017955,0.0209156,-0.103596,0.00144671
1222,22.1329,0.484572,0,-0.00815258,0.0197759,-0.155289,0.447546,0.724138,-0.129957,-0.00815258,0.0197759,-0.13976,0.000886205
1223,22.151,0.531865,0,-0.000323216,0.0212989,-0.196045,0.504885,0.758876,0.0261833,-0.000323216,0.0212989,-0.176441,4.43555e-05
1224,22.1691,0.583669,0,0.00667924,0.0212282,-0.235154,0.554372,0.751425,0.199418,0.00667924,0.0212282,-0.211638,-0.00109945
1225,22.1872,0.629377,0,0.0125004,0.0230132,-0.268723,0.588744,0.691937,0.370674,0.0125004,0.0230132,-0.241851,-0.00235141
1226,22.2053,0.662098,0,0.0180096,0.0286836,-0.3027,0.601205,0.58145,0.515501,0.0180096,0.0286836,-0.27243,-0.00381604
1227,22.2234,0.675902,0,0.0243806,0.0393939,-0.334846,0.587675,0.434748,0.612214,0.0243806,0.0393939,-0.301362,-0.00571463
1228,22.2415,0.671461,0,0.0311282,0.0480363,-0.365677,0.548507,0.276208,0.650608,0.0311282,0.0480363,-0.329109,-0.00796801
1229,22.2596,0.649161,0,0.0376452,0.0590697,-0.392404,0.488567,0.130313,0.635129,0.0376452,0.0590697,-0.353164,-0.0103405
1230,22.2778,0.615456,0,0.0460768,0.0716178,-0.417651,0.41558,0.0131802,0.580553,0.0460768,0.0716178,-0.375886,-0.0134708
1231,22.2959,0.575762,0,0.054659,0.0871489,-0.438965,0.337759,-0.070065,0.504244,0.054659,0.0871489,-0.395069,-0.0167954
1232,22.314,0.536438,0,0.0655118,0.104565,-0.458986,0.261917,-0.122607,0.420283,0.0655118,0.104565,-0.413087,-0.0210483
1233,22.3321,0.500877,0,0.0774938,0.127979,-0.475722,0.192626,-0.151534,0.337451,0.0774938,0.127979,-0.42815,-0.0258059
1234,22.3502,0.470942,0,0.0925656,0.154875,-0.489596,0.132261,-0.16443,0.259955,0.0925656,0.154875,-0.440636,-0.0317238
1235,22.3683,0.447352,0,0.1095,0.188279,-0.498597,0.0814888,-0.167666,0.189074,0.1095,0.188279,-0.448737,-0.0382174
1236,22.3864,0.431178,0,0.13106,0.227721,-0.503454,0.0398579,-0.165934,0.124608,0.13106,0.227721,-0.453109,-0.0461879
1237,22.4045,0.422352,0,0.155855,0.276118,-0.500288,0.00629349,-0.162412,0.0658105,0.155855,0.276118,-0.450259,-0.0545808
1238,22.4227,0.421999,0,0.186349,0.332062,-0.48832,-0.020546,-0.159118,0.0118672,0.186349,0.332062,-0.439488,-0.0636987
1239,22.4408,0.432,0,0.221941,0.397238,-0.465355,-0.0420445,-0.157266,-0.0379098,0.221941,0.397238,-0.418819,-0.0722968
1240,22.4589,0.452478,0,0.264298,0.468088,-0.427448,-0.0595029,-0.157553,-0.0840326,0.264298,0.468088,-0.384703,-0.0790816
1241,22.477,0.484881,0,0.311824,0.544887,-0.36979,-0.0740811,-0.160369,-0.126849,0.311824,0.544887,-0.332811,-0.0807167
1242,22.4951,0.52828,0,0.364857,0.620578,-0.287569,-0.086783,-0.165946,-0.166571,0.364857,0.620578,-0.258812,-0.0734449
1243,22.5132,0.581642,0,0.420662,0.688421,-0.173755,-0.0984655,-0.174455,-0.203297,0.420662,0.688421,-0.156379,-0.0511644
1244,22.5313,0.640936,0,0.476911,0.733858,-0.0325199,-0.109861,-0.186074,-0.237022,0.476911,0.733858,-0.0292679,-0.0108564
1245,22.5494,0.700693,0,0.528428,0.744674,0.127352,-0.121606,-0.201024,-0.267642,0.528428,0.744674,0.114617,0.0471076
1246,22.5676,0.754575,0,0.568174,0.711045,0.295521,-0.134265,-0.219591,-0.294943,0.568174,0.711045,0.265969,0.117535
1247,22.5857,0.793571,0,0.590926,0.626643,0.448212,-0.148362,-0.242129,-0.31857,0.590926,0.626643,0.403391,0.185402
1248,22.6038,0.808766,0,0.589062,0.495107,0.562368,-0.164393,-0.269058,-0.338001,0.589062,0.495107,0.506131,0.231889
1249,22.6219,0.799438,0,0.559735,0.341517,0.623865,-0.182846,-0.300825,-0.352492,0.559735,0.341517,0.561478,0.244439
1250,22.64,0.769579,0,0.508481,0.193224,0.632353,-0.204199,-0.337858,-0.361021,0.508481,0.193224,0.569118,0.225078
1251,22.6581,0.72338,0,0.443351,0.0676303,0.595433,-0.228914,-0.380464,-0.362224,0.443351,0.0676303,0.53589,0.18479
1252,22.6762,0.666537,0,0.367863,-0.0285205,0.529823,-0.2574,-0.428677,-0.354334,0.367863,-0.0285205,0.476841,0.136432
1253,22.6943,0.608336,0,0.292791,-0.0896996,0.450141,-0.289955,-0.482024,-0.335165,0.292791,-0.0896996,0.405127,0.0922581
1254,22.7124,0.553314,0,0.2244,-0.127627,0.365216,-0.326666,-0.5392,-0.302169,0.2244,-0.127627,0.328695,0.0573682
1255,22.7306,0.508304,0,0.161588,-0.145689,0.286918,-0.367256,-0.597659,-0.252682,0.161588,-0.145689,0.258226,0.0324537
1256,22.7487,0.476396,0,0.108518,-0.151009,0.214163,-0.41089,-0.653198,-0.184437,0.108518,-0.151009,0.192747,0.0162683
1257,22.7668,0.459576,0,0.0653869,-0.150435,0.148736,-0.455943,-0.699729,-0.0964582,0.0653869,-0.150435,0.133862,0.00680777
1258,22.7849,0.457261,0,0.0302014,-0.146512,0.0896679,-0.499823,-0.729556,0.00969123,0.0302014,-0.146512,0.0807011,0.00189567
1259,22.803,0.465494,0,0.00105632,-0.143406,0.033722,-0.538945,-0.734544,0.12864,0.00105632,-0.143406,0.0303498,2.49349e-05
1260,22.8211,0.479654,0,-0.0224346,-0.142464,-0.016218,-0.569027,-0.708361,0.250618,-0.0224346,-0.142464,-0.0145962,0.000254692
1261,22.8392,0.4947,0,-0.0411099,-0.144878,-0.065421,-0.585806,-0.649257,0.362471,-0.0411099,-0.144878,-0.0588789,0.00188261
1262,22.8573,0.504967,0,-0.0564514,-0.148902,-0.109516,-0.586073,-0.562037,0.450659,-0.0564514,-0.148902,-0.0985645,0.00432764
1263,22.8755,0.506012,0,-0.0710345,-0.154958,-0.149579,-0.568678,-0.45766,0.5053,-0.0710345,-0.154958,-0.134621,0.00743767
1264,22.8936,0.495987,0,-0.0843187,-0.164605,-0.184271,-0.535009,-0.350117,0.523171,-0.0843187,-0.164605,-0.165844,0.0108762
1265,22.9117,0.477582,0,-0.0962406,-0.175435,-0.216197,-0.488681,-0.252112,0.507934,-0.0962406,-0.175435,-0.194577,0.0145648
1266,22.9298,0.45374,0,-0.107498,-0.190327,-0.246643,-0.434564,-0.171867,0.467728,-0.107498,-0.190327,-0.221978,0.0185594
1267,22.9479,0.427008,0,-0.120448,-0.20715,-0.275077,-0.37764,-0.112317,0.411849,-0.120448,-0.20715,-0.247569,0.0231928
1268,22.966,0.399726,0,-0.135012,-0.229047,-0.29964,-0.322105,-0.0722691,0.348249,-0.135012,-0.229047,-0.269676,0.0283185
1269,22.9841,0.374043,0,-0.151711,-0.254809,-0.319868,-0.270942,-0.0482806,0.282506,-0.151711,-0.254809,-0.287881,0.0339692
1270,23.0022,0.351517,0,-0.16997,-0.287043,-0.334062,-0.225886,-0.0362663,0.217914,-0.16997,-0.287043,-0.300656,0.0397464
1271,23.0204,0.332319,0,-0.191953,-0.323997,-0.340204,-0.187642,-0.0324795,0.156089,-0.191953,-0.323997,-0.306184,0.0457123
1272,23.0385,0.31922,0,-0.217205,-0.367838,-0.338825,-0.156173,-0.0339288,0.0976187,-0.217205,-0.367838,-0.304942,0.0515162
1273,23.0566,0.31134,0,-0.24515,-0.415127,-0.326057,-0.130986,-0.038443,0.0425524,-0.24515,-0.415127,-0.293452,0.0559531
1274,23.0747,0.311369,0,-0.276714,-0.464882,-0.303979,-0.111351,-0.0445685,-0.00928758,-0.276714,-0.464882,-0.273581,0.0588806
1275,23.0928,0.320211,0,-0.312109,-0.516358,-0.270107,-0.0964623,-0.0514135,-0.0581448,-0.312109,-0.516358,-0.243097,0.059012
1276,23.1109,0.339564,0,-0.351302,-0.569964,-0.221228,-0.0855408,-0.0584957,-0.104254,-0.351302,-0.569964,-0.199105,0.0544025
1277,23.129,0.36806,0,-0.392791,-0.619858,-0.15542,-0.0778877,-0.0656171,-0.147816,-0.392791,-0.619858,-0.139878,0.0427334
1278,23.1471,0.404484,0,-0.434834,-0.660765,-0.0702629,-0.0729147,-0.0727691,-0.188995,-0.434834,-0.660765,-0.0632366,0.0213869
1279,23.1652,0.447421,0,-0.475748,-0.686762,0.0327868,-0.0701507,-0.080067,-0.22792,-0.475748,-0.686762,0.0295081,-0.0109188
1280,23.1834,0.49065,0,-0.511587,-0.686754,0.144798,-0.0692391,-0.0877064,-0.264694,-0.511587,-0.686754,0.130318,-0.0518536
1281,23.2015,0.528857,0,-0.536686,-0.655211,0.255963,-0.0699288,-0.0959379,-0.299394,-0.536686,-0.655211,0.230367,-0.0961604
1282,23.2196,0.559428,0,-0.549166,-0.594516,0.354719,-0.0720637,-0.105056,-0.332072,-0.549166,-0.594516,0.319247,-0.13636
1283,23.2377,0.581725,0,-0.547283,-0.511475,0.434633,-0.0755733,-0.115394,-0.362752,-0.547283,-0.511475,0.391169,-0.166507
1284,23.2558,0.590265,0,-0.529274,-0.415029,0.480948,-0.0804643,-0.12733,-0.391425,-0.529274,-0.415029,0.432853,-0.178187
1285,23.2739,0.584998,0,-0.495946,-0.317429,0.492048,-0.0868156,-0.141298,-0.418038,-0.495946,-0.317429,0.442843,-0.170821
1286,23.292,0.569226,0,-0.452053,-0.229152,0.473666,-0.0947759,-0.157791,-0.442476,-0.452053,-0.229152,0.4263,-0.149886
1287,23.3101,0.546302,0,-0.400331,-0.157479,0.434048,-0.104564,-0.177382,-0.464541,-0.400331,-0.157479,0.390644,-0.121634
1288,23.3283,0.520247,0,-0.348363,-0.10366,0.381398,-0.11647,-0.200732,-0.483919,-0.348363,-0.10366,0.343258,-0.0930054
1289,23.3464,0.494044,0,-0.296665,-0.0651188,0.323289,-0.130861,-0.228592,-0.500132,-0.296665,-0.0651188,0.29096,-0.0671361
1290,23.3645,0.468919,0,-0.248316,-0.0424104,0.263086,-0.148182,-0.261808,-0.512473,-0.248316,-0.0424104,0.236777,-0.0457298
1291,23.3826,0.445452,0,-0.206636,-0.031133,0.201804,-0.168956,-0.301286,-0.519917,-0.206636,-0.031133,0.181624,-0.02919
1292,23.4007,0.424528,0,-0.171399,-0.029659,0.141473,-0.193779,-0.347927,-0.521005,-0.171399,-0.029659,0.127326,-0.0169738
1293,23.4188,0.409537,0,-0.143127,-0.0319005,0.0857863,-0.22329,-0.402497,-0.513709,-0.143127,-0.0319005,0.0772077,-0.00859482
1294,23.4369,0.400367,0,-0.120874,-0.0361356,0.0317856,-0.25812,-0.465377,-0.495279,-0.120874,-0.0361356,0.028607,-0.00268944
1295,23.455,0.399588,0,-0.102536,-0.0422287,-0.0188194,-0.29879,-0.536154,-0.462141,-0.102536,-0.0422287,-0.0169374,0.00135076
1296,23.4732,0.408194,0,-0.0887136,-0.0513637,-0.0657129,-0.345527,-0.612986,-0.409942,-0.0887136,-0.0513637,-0.0591416,0.00408074
1297,23.4913,0.427989,0,-0.0803488,-0.0614991,-0.107208,-0.397985,-0.691753,-0.333947,-0.0803488,-0.0614991,-0.0964876,0.00602985
1298,23.5094,0.458923,0,-0.0742087,-0.0722256,-0.147498,-0.454846,-0.765138,-0.230068,-0.0742087,-0.0722256,-0.132748,0.00766193
1299,23.5275,0.500539,0,-0.0714638,-0.0814487,-0.184976,-0.513358,-0.822109,-0.0968245,-0.0714638,-0.0814487,-0.166478,0.00925335
1300,23.5456,0.547841,0,-0.0706828,-0.0921806,-0.220508,-0.568966,-0.848729,0.0618716,-0.0706828,-0.0921806,-0.198458,0.0109103
1301,23.5637,0.595887,0,-0.0720585,-0.101483,-0.253176,-0.61537,-0.831298,0.234089,-0.0720585,-0.101483,-0.227858,0.0127704
1302,23.5818,0.637199,0,-0.0749975,-0.11153,-0.285695,-0.645383,-0.761961,0.399629,-0.0749975,-0.11153,-0.257126,0.0149985
1303,23.5999,0.664684,0,-0.0795084,-0.121905,-0.316362,-0.652716,-0.644456,0.534396,-0.0795084,-0.121905,-0.284725,0.0176074
1304,23.618,0.672729,0,-0.0848696,-0.136467,-0.343929,-0.634157,-0.495653,0.618859,-0.0848696,-0.136467,-0.309536,0.0204324
1305,23.6362,0.660422,0,-0.092914,-0.153834,-0.366919,-0.590985,-0.34017,0.645837,-0.092914,-0.153834,-0.330227,0.0238643
1306,23.6543,0.633314,0,-0.102789,-0.174939,-0.388461,-0.528684,-0.20085,0.622084,-0.102789,-0.174939,-0.349615,0.0279506
1307,23.6724,0.596525,0,-0.115281,-0.198422,-0.406796,-0.455097,-0.0914343,0.563052,-0.115281,-0.198422,-0.366116,0.0328271
1308,23.6905,0.557127,0,-0.129397,-0.227191,-0.422518,-0.378136,-0.0151652,0.485416,-0.129397,-0.227191,-0.380266,0.0382708
1309,23.7086,0.518605,0,-0.146735,-0.259273,-0.432949,-0.304114,0.03204,0.402048,-0.146735,-0.259273,-0.389654,0.0444701
1310,23.7267,0.486066,0,-0.166487,-0.29752,-0.439498,-0.237117,0.0573694,0.320663,-0.166487,-0.29752,-0.395549,0.0512195
1311,23.7448,0.461043,0,-0.190826,-0.342299,-0.440131,-0.179141,0.0681001,0.244791,-0.190826,-0.342299,-0.396118,0.0587919
1312,23.7629,0.444874,0,-0.219622,-0.395572,-0.431977,-0.130617,0.0701902,0.17538,-0.219622,-0.395572,-0.388779,0.0664101
1313,23.7811,0.437164,0,-0.253976,-0.454561,-0.411068,-0.0909675,0.0679678,0.112124,-0.253976,-0.454561,-0.369961,0.0730808
1314,23.7992,0.44039,0,-0.293255,-0.51999,-0.376484,-0.0590753,0.0643351,0.0542771,-0.293255,-0.51999,-0.338835,0.0772841
1315,23.8173,0.45427,0,-0.337662,-0.587831,-0.323729,-0.0336048,0.0611213,0.00106785,-0.337662,-0.587831,-0.291356,0.0765178
1316,23.8354,0.478865,0,-0.385438,-0.654183,-0.248523,-0.0132047,0.0594184,-0.0481437,-0.385438,-0.654183,-0.223671,0.0670533
1317,23.8535,0.512558,0,-0.435589,-0.709985,-0.146808,0.00338168,0.0598493,-0.0938307,-0.435589,-0.709985,-0.132127,0.0447635
1318,23.8716,0.555301,0,-0.485959,-0.749028,-0.0230162,0.0172682,0.0627625,-0.136314,-0.485959,-0.749028,-0.0207146,0.00782946
1319,23.8897,0.600944,0,-0.531598,-0.757133,0.119528,0.0294153,0.0683685,-0.175789,-0.531598,-0.757133,0.107575,-0.0444786
1320,23.9078,0.644178,0,-0.567171,-0.728954,0.263226,0.0406418,0.0768315,-0.212347,-0.567171,-0.728954,0.236904,-0.104506
1321,23.926,0.675867,0,-0.587166,-0.655286,0.393814,0.0516487,0.0883283,-0.245985,-0.587166,-0.655286,0.354433,-0.161864
1322,23.9441,0.69399,0,-0.586709,-0.548067,0.497146,0.0630458,0.103085,-0.276603,-0.586709,-0.548067,0.447431,-0.204176
1323,23.9622,0.695328,0,-0.564169,-0.422726,0.559339,0.0753798,0.121396,-0.303998,-0.564169,-0.422726,0.503405,-0.220893
1324,23.9803,0.678193,0,-0.524262,-0.295524,0.572553,0.0891587,0.143631,-0.327833,-0.524262,-0.295524,0.515298,-0.210117
1325,23.9984,0.645942,0,-0.469463,-0.183306,0.545076,0.104872,0.170227,-0.347603,-0.469463,-0.183306,0.490569,-0.179125
1326,24.0165,0.607035,0,-0.406584,-0.0963368,0.495434,0.123004,0.201663,-0.362592,-0.406584,-0.0963368,0.445891,-0.141005
1327,24.0346,0.563351,0,-0.338835,-0.0317134,0.431914,0.144038,0.238407,-0.371802,-0.338835,-0.0317134,0.388723,-0.102443
1328,24.0527,0.519603,0,-0.275401,0.00895026,0.360299,0.168447,0.280831,-0.373895,-0.275401,0.00895026,0.324269,-0.0694587
1329,24.0708,0.480449,0,-0.218667,0.0288797,0.288537,0.196667,0.329056,-0.367121,-0.218667,0.0288797,0.259683,-0.0441654
1330,24.089,0.447223,0,-0.169998,0.0339561,0.215656,0.229033,0.382733,-0.349281,-0.169998,0.0339561,0.19409,-0.0256628
1331,24.1071,0.425803,0,-0.130162,0.0331642,0.152471,0.265691,0.440711,-0.317775,-0.130162,0.0331642,0.137224,-0.0138921
1332,24.1252,0.415492,0,-0.0978384,0.0295675,0.0942936,0.306442,0.500621,-0.269805,-0.0978384,0.0295675,0.0848642,-0.00645787
1333,24.1433,0.415371,0,-0.0711784,0.0282693,0.0393922,0.350544,0.558425,-0.202854,-0.0711784,0.0282693,0.035453,-0.00196271
1334,24.1614,0.427652,0,-0.0493643,0.0259082,-0.0110227,0.396475,0.608108,-0.115565,-0.0493643,0.0259082,-0.00992046,0.00038089
1335,24.1795,0.451536,0,-0.0326086,0.0219881,-0.058434,0.44172,0.641846,-0.00901055,-0.0326086,0.0219881,-0.0525906,0.00133381
1336,24.1976,0.482259,0,-0.0198015,0.0192692,-0.102633,0.482708,0.651073,0.111916,-0.0198015,0.0192692,-0.0923699,0.0014226
1337,24.2157,0.513279,0,-0.0100808,0.0198766,-0.141708,0.515059,0.62869,0.237686,-0.0100808,0.0198766,-0.127537,0.000999975
1338,24.2339,0.541372,0,-0.000954118,0.0218001,-0.183649,0.534269,0.572023,0.354906,-0.000954118,0.0218001,-0.165284,0.000122656
1339,24.252,0.562307,0,0.00590829,0.0238401,-0.22451,0.536781,0.485151,0.449235,0.00590829,0.0238401,-0.202059,-0.000928529
1340,24.2701,0.569876,0,0.0130572,0.0259639,-0.259519,0.521075,0.378888,0.509662,0.0130572,0.0259639,-0.233568,-0.00237201
1341,24.2882,0.564306,0,0.0185983,0.0319079,-0.292107,0.488275,0.267759,0.53197,0.0185983,0.0319079,-0.262896,-0.00380289
1342,24.3063,0.548187,0,0.0254938,0.0416557,-0.324924,0.441921,0.165407,0.51935,0.0254938,0.0416557,-0.292432,-0.00579849
1343,24.3244,0.524192,0,0.0323728,0.0528644,-0.355275,0.387,0.0809697,0.480059,0.0323728,0.0528644,-0.319747,-0.00805086
1344,24.3425,0.495699,0,0.0398091,0.062781,-0.383393,0.32872,0.0179645,0.423871,0.0398091,0.062781,-0.345054,-0.0106838
1345,24.3606,0.465004,0,0.0477824,0.0764217,-0.407794,0.271535,-0.0246075,0.359287,0.0477824,0.0764217,-0.367015,-0.0136398
1346,24.3788,0.434991,0,0.0573827,0.0906438,-0.430037,0.218646,-0.0502692,0.292313,0.0573827,0.0906438,-0.387034,-0.0172737
1347,24.3969,0.407368,0,0.0675797,0.109074,-0.449691,0.171937,-0.0633101,0.226504,0.0675797,0.109074,-0.404722,-0.021273
1348,24.415,0.383246,0,0.080551,0.131223,-0.467592,0.132197,-0.0677014,0.163593,0.080551,0.131223,-0.420833,-0.0263655
1349,24.4331,0.362409,0,0.0952021,0.159495,-0.481357,0.0994174,-0.0666264,0.104197,0.0952021,0.159495,-0.433221,-0.0320783
1350,24.4512,0.345093,0,0.113313,0.192771,-0.490663,0.0730988,-0.0624018,0.0483516,0.113313,0.192771,-0.441597,-0.0389189
1351,24.4693,0.332411,0,0.134727,0.233959,-0.494368,0.0524846,-0.0565842,-0.00415098,0.134727,0.233959,-0.444931,-0.0466231
1352,24.4874,0.325339,0,0.160877,0.282612,-0.491082,0.0367316,-0.0501366,-0.053586,0.160877,0.282612,-0.441974,-0.0553026
1353,24.5055,0.325466,0,0.191316,0.340188,-0.478163,0.0250176,-0.0435912,-0.100216,0.191316,0.340188,-0.430346,-0.0640362
1354,24.5236,0.334782,0,0.228176,0.40484,-0.454247,0.0166023,-0.0371837,-0.144267,0.228176,0.40484,-0.408823,-0.0725537
1355,24.5418,0.354318,0,0.270359,0.475919,-0.414746,0.0108566,-0.0309551,-0.18592,0.270359,0.475919,-0.373272,-0.0784913
1356,24.5599,0.385591,0,0.31898,0.551278,-0.355655,0.00727057,-0.0248224,-0.225326,0.31898,0.551278,-0.320089,-0.0794128
1357,24.578,0.427677,0,0.370954,0.62563,-0.270554,0.00544925,-0.0186263,-0.262607,0.370954,0.62563,-0.243499,-0.0702542
1358,24.5961,0.479667,0,0.426517,0.689402,-0.154808,0.00510316,-0.012159,-0.297861,0.426517,0.689402,-0.139327,-0.0462198
1359,24.6142,0.537885,0,0.48139,0.730494,-0.0137041,0.00603619,-0.00517921,-0.331169,0.48139,0.730494,-0.0123336,-0.0046179
1360,24.6323,0.596934,0,0.531114,0.736285,0.144524,0.00813422,0.00258302,-0.362591,0.531114,0.736285,0.130071,0.0537309
1361,24.6504,0.651516,0,0.568553,0.698271,0.308687,0.0113556,0.0114284,-0.392168,0.568553,0.698271,0.277818,0.122853
1362,24.6685,0.692346,0,0.588579,0.609837,0.454131,0.0157241,0.0216953,-0.419913,0.588579,0.609837,0.408718,0.187105
1363,24.6867,0.71389,0,0.584258,0.478545,0.561269,0.0213248,0.03377,-0.445805,0.584258,0.478545,0.505142,0.229548
1364,24.7048,0.715242,0,0.553177,0.327822,0.61695,0.0283028,0.0480992,-0.469777,0.553177,0.327822,0.555255,0.238898
1365,24.7229,0.700336,0,0.501426,0.184662,0.622451,0.0368649,0.065205,-0.491696,0.501426,0.184662,0.560206,0.218479
1366,24.741,0.671575,0,0.436485,0.0630927,0.584585,0.047283,0.0856991,-0.51134,0.436485,0.0630927,0.526126,0.178614
1367,24.7591,0.634031,0,0.361828,-0.0289314,0.518277,0.0599001,0.110296,-0.528356,0.361828,-0.0289314,0.46645,0.131269
1368,24.7772,0.595141,0,0.288038,-0.088541,0.440188,0.0751369,0.139819,-0.542209,0.288038,-0.088541,0.396169,0.0887537
1369,24.7953,0.55712,0,0.220709,-0.124016,0.356432,0.093497,0.175197,-0.552103,0.220709,-0.124016,0.320789,0.0550676
1370,24.8134,0.526326,0,0.159263,-0.141618,0.279919,0.115568,0.217427,-0.556882,0.159263,-0.141618,0.251927,0.0312064
1371,24.8316,0.501529,0,0.107561,-0.14611,0.208217,0.142014,0.267503,-0.55489,0.107561,-0.14611,0.187395,0.0156772
1372,24.8497,0.485509,0,0.0655482,-0.145729,0.143747,0.173545,0.326243,-0.54381,0.0655482,-0.145729,0.129373,0.00659567
1373,24.8678,0.477962,0,0.0309316,-0.141325,0.0848204,0.210853,0.393998,-0.520489,0.0309316,-0.141325,0.0763383,0.00183654
1374,24.8859,0.481332,0,0.00272727,-0.138815,0.0298776,0.254487,0.470147,-0.480831,0.00272727,-0.138815,0.0268899,5.70391e-05
1375,24.904,0.497269,0,-0.0203113,-0.137702,-0.0197478,0.304633,0.552325,-0.419876,-0.0203113,-0.137702,-0.017773,0.000280773
1376,24.9221,0.526371,0,-0.0384938,-0.140494,-0.0682187,0.360774,0.635403,-0.332353,-0.0384938,-0.140494,-0.0613968,0.0018382
1377,24.9402,0.567345,0,-0.0535795,-0.143888,-0.112399,0.421212,0.710445,-0.214036,-0.0535795,-0.143888,-0.101159,0.0042156
1378,24.9583,0.618291,0,-0.0676753,-0.150255,-0.151969,0.482539,0.764306,-0.0642471,-0.0676753,-0.150255,-0.136772,0.00719918
1379,24.9764,0.672502,0,-0.0807049,-0.159051,-0.186832,0.539279,0.781064,0.110792,-0.0807049,-0.159051,-0.168149,0.0105548
1380,24.9946,0.721447,0,-0.0921257,-0.170188,-0.218463,0.584126,0.746443,0.29528,-0.0921257,-0.170188,-0.196617,0.0140883
1381,25.0127,0.757358,0,-0.103306,-0.183869,-0.24923,0.609208,0.654773,0.464756,-0.103306,-0.183869,-0.224307,0.0180229
1382,25.0308,0.773352,0,-0.115709,-0.200164,-0.278204,0.608361,0.514863,0.592819,-0.115709,-0.200164,-0.250384,0.0225335
1383,25.0489,0.765654,0,-0.130023,-0.220881,-0.302843,0.579508,0.349428,0.661519,-0.130023,-0.220881,-0.272559,0.0275636
1384,25.067,0.735776,0,-0.145895,-0.2464,-0.324128,0.525737,0.186562,0.668623,-0.145895,-0.2464,-0.291715,0.0331022
1385,25.0851,0.687828,0,-0.163848,-0.277255,-0.338511,0.454276,0.0486663,0.626383,-0.163848,-0.277255,-0.30466,0.038825
1386,25.1032,0.629852,0,-0.184799,-0.313643,-0.346497,0.37403,-0.0537132,0.553663,-0.184799,-0.313643,-0.311847,0.0448226
1387,25.1213,0.568705,0,-0.209639,-0.356342,-0.345866,0.293124,-0.120986,0.467838,-0.209639,-0.356342,-0.311279,0.0507549
1388,25.1395,0.509567,0,-0.236597,-0.40342,-0.335802,0.217474,-0.159821,0.380755,-0.236597,-0.40342,-0.302222,0.0556148
1389,25.1576,0.457177,0,-0.267903,-0.452436,-0.3154,0.150496,-0.178638,0.298611,-0.267903,-0.452436,-0.28386,0.0591476
1390,25.1757,0.414981,0,-0.302444,-0.50418,-0.284244,0.0935183,-0.184982,0.223648,-0.302444,-0.50418,-0.25582,0.0601776
1391,25.1938,0.385383,0,-0.341259,-0.558354,-0.238456,0.0464218,-0.184596,0.155966,-0.341259,-0.558354,-0.21461,0.0569626
1392,25.2119,0.369575,0,-0.382477,-0.610109,-0.176027,0.00824008,-0.181441,0.0947869,-0.382477,-0.610109,-0.158424,0.0471284
1393,25.23,0.368459,0,-0.425079,-0.654683,-0.094894,-0.0223976,-0.178064,0.0391533,-0.425079,-0.654683,-0.0854046,0.0282362
1394,25.2481,0.381461,0,-0.467103,-0.68564,0.00596989,-0.0469763,-0.176016,-0.0117762,-0.467103,-0.68564,0.0053729,-0.00195199
1395,25.2662,0.404186,0,-0.504904,-0.692626,0.119057,-0.0669268,-0.176195,-0.0586343,-0.504904,-0.692626,0.107152,-0.0420788
1396,25.2844,0.429568,0,-0.533218,-0.668137,0.233152,-0.0835437,-0.179105,-0.101848,-0.533218,-0.668137,0.209837,-0.0870248
1397,25.3025,0.453241,0,-0.549311,-0.61264,0.337615,-0.0979555,-0.185036,-0.14167,-0.549311,-0.61264,0.303854,-0.129819
1398,25.3206,0.472135,0,-0.550394,-0.531758,0.423309,-0.111128,-0.194182,-0.178207,-0.550394,-0.531758,0.380978,-0.163091
1399,25.3387,0.482728,0,-0.535963,-0.436072,0.478973,-0.123887,-0.206721,-0.21144,-0.535963,-0.436072,0.431076,-0.179698
1400,25.3568,0.480746,0,-0.50511,-0.335646,0.49707,-0.136939,-0.222858,-0.241225,-0.50511,-0.335646,0.447363,-0.175752
1401,25.3749,0.469379,0,-0.46249,-0.243792,0.483624,-0.150906,-0.242845,-0.267285,-0.46249,-0.243792,0.435262,-0.15657
1402,25.393,0.451129,0,-0.411319,-0.167345,0.446076,-0.166349,-0.266986,-0.289188,-0.411319,-0.167345,0.401468,-0.128436
1403,25.4111,0.431281,0,-0.358273,-0.109262,0.395714,-0.183784,-0.295616,-0.306308,-0.358273,-0.109262,0.356143,-0.0992417
1404,25.4292,0.411447,0,-0.306015,-0.0675199,0.337192,-0.203695,-0.329056,-0.317785,-0.306015,-0.0675199,0.303473,-0.07223
1405,25.4474,0.394724,0,-0.256005,-0.0414727,0.277724,-0.226527,-0.367535,-0.322473,-0.256005,-0.0414727,0.249951,-0.0497691
1406,25.4655,0.379779,0,-0.212538,-0.0287693,0.214893,-0.252672,-0.411071,-0.318896,-0.212538,-0.0287693,0.193404,-0.031971
1407,25.4836,0.370326,0,-0.175589,-0.0249551,0.154519,-0.282417,-0.459282,-0.305232,-0.175589,-0.0249551,0.139068,-0.0189923
1408,25.5017,0.367209,0,-0.145425,-0.02738,0.0967451,-0.315873,-0.511135,-0.27936,-0.145425,-0.02738,0.0870706,-0.00984842
1409,25.5198,0.373606,0,-0.122271,-0.030137,0.0436377,-0.352856,-0.564622,-0.239031,-0.122271,-0.030137,0.0392739,-0.00373495
1410,25.5379,0.387457,0,-0.102394,-0.0367318,-0.00897921,-0.392734,-0.616431,-0.182246,-0.102394,-0.0367318,-0.00808129,0.000643594
1411,25.556,0.409817,0,-0.0876741,-0.0444314,-0.0560338,-0.434249,-0.661718,-0.107917,-0.0876741,-0.0444314,-0.0504304,0.0034389
1412,25.5741,0.437538,0,-0.0778312,-0.0542922,-0.099132,-0.475353,-0.694227,-0.0167998,-0.0778312,-0.0542922,-0.0892188,0.00540089
1413,25.5923,0.469255,0,-0.0711988,-0.0636662,-0.139173,-0.513156,-0.707026,0.0874573,-0.0711988,-0.0636662,-0.125255,0.00693625
1414,25.6104,0.501457,0,-0.0671696,-0.0730096,-0.178152,-0.544087,-0.694063,0.197642,-0.0671696,-0.0730096,-0.160337,0.00837648
1415,25.6285,0.529452,0,-0.0659869,-0.0824294,-0.214155,-0.564377,-0.652318,0.303334,-0.0659869,-0.0824294,-0.192739,0.00989197
1416,25.6466,0.549822,0,-0.0662294,-0.0922965,-0.24815,-0.570836,-0.583721,0.392775,-0.0662294,-0.0922965,-0.223335,0.0115044
1417,25.6647,0.56055,0,-0.0684953,-0.100055,-0.280892,-0.561719,-0.495626,0.455927,-0.0684953,-0.100055,-0.252803,0.0134678
1418,25.6828,0.560135,0,-0.0716699,-0.109737,-0.313043,-0.53732,-0.399134,0.487377,-0.0716699,-0.109737,-0.281739,0.0157051
1419,25.7009,0.547916,0,-0.0763549,-0.121264,-0.341352,-0.499994,-0.305877,0.487552,-0.0763549,-0.121264,-0.307217,0.0182448
1420,25.719,0.526246,0,-0.0821739,-0.137146,-0.366074,-0.453573,-0.22489,0.461675,-0.0821739,-0.137146,-0.329466,0.0210572
1421,25.7372,0.498569,0,-0.0915048,-0.155277,-0.388283,-0.402448,-0.161007,0.41732,-0.0915048,-0.155277,-0.349454,0.0248708
1422,25.7553,0.469088,0,-0.101973,-0.176925,-0.409012,-0.3507,-0.115058,0.361986,-0.101973,-0.176925,-0.368111,0.0291957
1423,25.7734,0.439068,0,-0.114755,-0.201217,-0.426365,-0.301546,-0.0851399,0.301629,-0.114755,-0.201217,-0.383729,0.0342494
1424,25.7915,0.410422,0,-0.129525,-0.230448,-0.439955,-0.257134,-0.0680759,0.240258,-0.129525,-0.230448,-0.395959,0.0398895
1425,25.8096,0.383956,0,-0.14701,-0.263054,-0.44918,-0.218617,-0.0605053,0.180195,-0.14701,-0.263054,-0.404262,0.0462238
1426,25.8277,0.362233,0,-0.167605,-0.302888,-0.45538,-0.186364,-0.0594932,0.122586,-0.167605,-0.302888,-0.409842,0.0534269
1427,25.8458,0.344743,0,-0.19295,-0.34951,-0.454862,-0.160204,-0.0627603,0.067868,-0.19295,-0.34951,-0.409376,0.0614358
1428,25.8639,0.332696,0,-0.222868,-0.404279,-0.444884,-0.139647,-0.06869,0.0161081,-0.222868,-0.404279,-0.400396,0.0694053
1429,25.882,0.326814,0,-0.258031,-0.464949,-0.421849,-0.124055,-0.0762326,-0.0327832,-0.258031,-0.464949,-0.379664,0.0761949
1430,25.9002,0.330919,0,-0.298858,-0.532683,-0.384351,-0.112757,-0.0847822,-0.0789432,-0.298858,-0.532683,-0.345916,0.0804066
1431,25.9183,0.345345,0,-0.344631,-0.602605,-0.326977,-0.105127,-0.0940612,-0.122504,-0.344631,-0.602605,-0.294279,0.0788806
1432,25.9364,0.370924,0,-0.393863,-0.669648,-0.246264,-0.100626,-0.104026,-0.16357,-0.393863,-0.669648,-0.221638,0.067896
1433,25.9545,0.406781,0,-0.4452,-0.725005,-0.138313,-0.0988201,-0.114799,-0.202212,-0.4452,-0.725005,-0.124482,0.0431039
1434,25.9726,0.453137,0,-0.496828,-0.763147,-0.00852334,-0.0993877,-0.126618,-0.238463,-0.496828,-0.763147,-0.00767101,0.00296424
1435,25.9907,0.50322,0,-0.543027,-0.768117,0.140628,-0.102118,-0.13981,-0.272315,-0.543027,-0.768117,0.126565,-0.0534555
1436,26.0088,0.549685,0,-0.57765,-0.731603,0.289699,-0.106904,-0.154775,-0.303705,-0.57765,-0.731603,0.260729,-0.117141
1437,26.0269,0.585192,0,-0.595446,-0.64831,0.421419,-0.113737,-0.171976,-0.332511,-0.595446,-0.64831,0.379277,-0.175653
1438,26.0451,0.608472,0,-0.590808,-0.532813,0.522046,-0.1227,-0.191943,-0.358521,-0.590808,-0.532813,0.469841,-0.2159
1439,26.0632,0.61737,0,-0.564879,-0.400531,0.579538,-0.133962,-0.215266,-0.381412,-0.564879,-0.400531,0.521584,-0.229158
1440,26.0813,0.607944,0,-0.52036,-0.269203,0.583807,-0.147776,-0.242598,-0.400703,-0.52036,-0.269203,0.525426,-0.212653
1441,26.0994,0.586369,0,-0.46124,-0.156642,0.548397,-0.16447,-0.274633,-0.415705,-0.46124,-0.156642,0.493557,-0.17706
1442,26.1175,0.562117,0,-0.394471,-0.0718607,0.494393,-0.184441,-0.312075,-0.425449,-0.394471,-0.0718607,0.444954,-0.136516
1443,26.1356,0.535958,0,-0.325262,-0.0107286,0.425287,-0.208137,-0.355567,-0.428599,-0.325262,-0.0107286,0.382758,-0.0968307
1444,26.1537,0.512219,0,-0.261189,0.0261021,0.351329,-0.236025,-0.405555,-0.42336,-0.261189,0.0261021,0.316196,-0.0642344
1445,26.1718,0.492929,0,-0.204276,0.0430929,0.277893,-0.268535,-0.462071,-0.407392,-0.204276,0.0430929,0.250103,-0.0397367
1446,26.19,0.478831,0,-0.155546,0.046264,0.204926,-0.305959,-0.524398,-0.377791,-0.155546,0.046264,0.184433,-0.0223129
1447,26.2081,0.476947,0,-0.116019,0.0450037,0.142622,-0.348301,-0.590582,-0.331204,-0.116019,0.0450037,0.12836,-0.0115828
1448,26.2262,0.484927,0,-0.084296,0.0415191,0.0838676,-0.395046,-0.65685,-0.264239,-0.084296,0.0415191,0.0754808,-0.00494879
1449,26.2443,0.505053,0,-0.0574364,0.040162,0.030005,-0.444874,-0.717054,-0.174331,-0.0574364,0.040162,0.0270045,-0.00120636
1450,26.2624,0.53321,0,-0.0362646,0.0377986,-0.0204029,-0.49535,-0.762525,-0.0611872,-0.0362646,0.0377986,-0.0183626,0.000517932
1451,26.2805,0.5661,0,-0.0198546,0.0350994,-0.0661822,-0.542726,-0.782884,0.0713487,-0.0198546,0.0350994,-0.0595639,0.000919816
1452,26.2986,0.599765,0,-0.00682629,0.034126,-0.109129,-0.582063,-0.768374,0.213751,-0.00682629,0.034126,-0.0982159,0.000521461
1453,26.3167,0.628627,0,0.00342591,0.036624,-0.148077,-0.607893,-0.713578,0.350923,0.00342591,0.036624,-0.13327,-0.00035511
1454,26.3348,0.648907,0,0.0133204,0.0407703,-0.190456,-0.615467,-0.621062,0.46517,0.0133204,0.0407703,-0.17141,-0.00177586
1455,26.353,0.654387,0,0.0215225,0.0453555,-0.230098,-0.602221,-0.502414,0.541626,0.0215225,0.0453555,-0.207088,-0.00346659
1456,26.3711,0.643046,0,0.0299527,0.050586,-0.263723,-0.56878,-0.375093,0.573439,0.0299527,0.050586,-0.237351,-0.00552944
1457,26.3892,0.618707,0,0.0372489,0.0605537,-0.295979,-0.518905,-0.256447,0.563439,0.0372489,0.0605537,-0.266381,-0.00771742
1458,26.4073,0.585746,0,0.0462045,0.0740243,-0.32742,-0.458372,-0.158458,0.52149,0.0462045,0.0740243,-0.294678,-0.0105898
1459,26.4254,0.546917,0,0.054942,0.0889704,-0.3562,-0.393406,-0.0858535,0.459751,0.054942,0.0889704,-0.32058,-0.0136993
1460,26.4435,0.506573,0,0.0659351,0.105648,-0.381338,-0.329368,-0.0374354,0.388798,0.0659351,0.105648,-0.343204,-0.0176005
1461,26.4616,0.46675,0,0.0777646,0.126189,-0.401264,-0.270088,-0.00874707,0.315924,0.0777646,0.126189,-0.361137,-0.0218429
1462,26.4797,0.431059,0,0.0914885,0.148733,-0.41907,-0.217778,0.00557671,0.245231,0.0914885,0.148733,-0.377163,-0.0268381
1463,26.4979,0.400396,0,0.107047,0.177389,-0.433414,-0.173308,0.0104128,0.178527,0.107047,0.177389,-0.390072,-0.032477
1464,26.516,0.375875,0,0.126876,0.211915,-0.443623,-0.136602,0.00959496,0.11628,0.126876,0.211915,-0.399261,-0.0393995
1465,26.5341,0.357273,0,0.149757,0.254744,-0.446728,-0.107005,0.00586437,0.0583105,0.149757,0.254744,-0.402055,-0.0468303
1466,26.5522,0.344646,0,0.176965,0.30282,-0.440075,-0.0835731,0.00104137,0.00421255,0.176965,0.30282,-0.396068,-0.0545145
1467,26.5703,0.340926,0,0.207958,0.358544,-0.424311,-0.0652727,-0.00374644,-0.0464467,0.207958,0.358544,-0.38188,-0.0617673
1468,26.5884,0.348365,0,0.244875,0.421314,-0.397834,-0.0511007,-0.00785414,-0.0940446,0.244875,0.421314,-0.35805,-0.0681937
1469,26.6065,0.366739,0,0.286503,0.488449,-0.356575,-0.0401509,-0.0109517,-0.138886,0.286503,0.488449,-0.320917,-0.0715119
1470,26.6246,0.395687,0,0.333262,0.5562,-0.293801,-0.0316409,-0.0128995,-0.18121,0.333262,0.5562,-0.264421,-0.0685389
1471,26.6428,0.435426,0,0.382597,0.620778,-0.206765,-0.0249154,-0.0136612,-0.221206,0.382597,0.620778,-0.186089,-0.0553755
1472,26.6609,0.483972,0,0.434623,0.671727,-0.0937025,-0.0194365,-0.0132444,-0.259025,0.434623,0.671727,-0.0843323,-0.0285077
1473,26.679,0.53728,0,0.483984,0.699038,0.0401167,-0.0147659,-0.0116624,-0.294792,0.483984,0.699038,0.036105,0.0135911
1474,26.6971,0.592057,0,0.527033,0.695169,0.187992,-0.0105457,-0.00890926,-0.328611,0.527033,0.695169,0.169193,0.0693548
1475,26.7152,0.638863,0,0.556564,0.647774,0.333248,-0.00647882,-0.00494403,-0.360567,0.556564,0.647774,0.299923,0.129832
1476,26.7333,0.671553,0,0.568311,0.556315,0.456743,-0.00231043,0.000319472,-0.390731,0.568311,0.556315,0.411068,0.1817
1477,26.7514,0.687446,0,0.558817,0.43354,0.543134,0.00218863,0.00702095,-0.419151,0.558817,0.43354,0.488821,0.212459
1478,26.7695,0.685596,0,0.525909,0.299566,0.583868,0.00723686,0.015361,-0.445856,0.525909,0.299566,0.525481,0.214943
1479,26.7876,0.669943,0,0.476487,0.174025,0.582567,0.0130559,0.0256092,-0.470844,0.476487,0.174025,0.524311,0.19431
1480,26.8058,0.641161,0,0.415385,0.0676646,0.543212,0.0198832,0.0381137,-0.494076,0.415385,0.0676646,0.488891,0.157949
1481,26.8239,0.603613,0,0.346493,-0.01194,0.478194,0.0279845,0.0533121,-0.515456,0.346493,-0.01194,0.430375,0.115983
1482,26.842,0.565805,0,0.280211,-0.0629752,0.405095,0.0376662,0.0717441,-0.534814,0.280211,-0.0629752,0.364586,0.0794586
1483,26.8601,0.529158,0,0.219107,-0.0926929,0.329213,0.0492874,0.0940646,-0.55187,0.219107,-0.0926929,0.296292,0.0504931
1484,26.8782,0.497431,0,0.163915,-0.107845,0.258304,0.0632724,0.121053,-0.566189,0.163915,-0.107845,0.232473,0.0296379
1485,26.8963,0.469736,0,0.118057,-0.112395,0.190841,0.0801221,0.153617,-0.577115,0.118057,-0.112395,0.171757,0.0157711
1486,26.9144,0.446879,0,0.0797639,-0.112251,0.127409,0.100422,0.192774,-0.583673,0.0797639,-0.112251,0.114668,0.00711382
1487,26.9325,0.430004,0,0.0487263,-0.108196,0.0697329,0.124842,0.239604,-0.584448,0.0487263,-0.108196,0.0627596,0.00237848
1488,26.9507,0.4206,0,0.0232055,-0.105376,0.0168606,0.154125,0.295133,-0.577417,0.0232055,-0.105376,0.0151745,0.00027388
1489,26.9688,0.41907,0,0.00258363,-0.102967,-0.0328209,0.189042,0.3601,-0.559757,0.00258363,-0.102967,-0.0295388,-5.93578e-05
1490,26.9869,0.427325,0,-0.0129749,-0.103169,-0.0810216,0.230303,0.434553,-0.527667,-0.0129749,-0.103169,-0.0729195,0.000735873
1491,27.005,0.447635,0,-0.0256668,-0.103487,-0.124916,0.278379,0.517171,-0.476297,-0.0256668,-0.103487,-0.112424,0.00224433
1492,27.0231,0.482047,0,-0.0366245,-0.106259,-0.164529,0.333218,0.604284,-0.400012,-0.0366245,-0.106259,-0.148076,0.00421805
1493,27.0412,0.52916,0,-0.0465188,-0.109754,-0.200025,0.393791,0.688653,-0.293323,-0.0465188,-0.109754,-0.180022,0.00651345
1494,27.0593,0.587373,0,-0.0548448,-0.116732,-0.233369,0.457531,0.758496,-0.152951,-0.0548448,-0.116732,-0.210032,0.00895935
1495,27.0774,0.651205,0,-0.0632709,-0.124896,-0.265682,0.519776,0.797768,0.0188375,-0.0632709,-0.124896,-0.239114,0.011767
1496,27.0956,0.714202,0,-0.0718829,-0.135219,-0.298407,0.573615,0.789229,0.210496,-0.0718829,-0.135219,-0.268566,0.0150153
1497,27.1137,0.76609,0,-0.0809905,-0.146366,-0.328238,0.610655,0.721054,0.399698,-0.0809905,-0.146366,-0.295414,0.0186089
1498,27.1318,0.799395,0,-0.0911735,-0.161659,-0.356162,0.623027,0.594758,0.557538,-0.0911735,-0.161659,-0.320545,0.0227308
1499,27.1499,0.806888,0,-0.103191,-0.180473,-0.379819,0.606155,0.428686,0.658911,-0.103191,-0.180473,-0.341837,0.0274358
1500,27.168,0.786986,0,-0.115959,-0.204982,-0.397929,0.56081,0.252305,0.693362,-0.115959,-0.204982,-0.358136,0.0323003
1501,27.1861,0.743836,0,-0.131646,-0.23336,-0.409922,0.493044,0.0939359,0.668277,-0.131646,-0.23336,-0.36893,0.0377752
1502,27.2042,0.686644,0,-0.149935,-0.268165,-0.418108,0.411989,-0.029322,0.602498,-0.149935,-0.268165,-0.376297,0.0438822
1503,27.2223,0.623886,0,-0.172071,-0.309417,-0.42183,0.32695,-0.113691,0.516451,-0.172071,-0.309417,-0.379647,0.0508093
1504,27.2404,0.562324,0,-0.197843,-0.355832,-0.420425,0.245292,-0.164521,0.425541,-0.197843,-0.355832,-0.378382,0.0582245
1505,27.2586,0.504847,0,-0.228258,-0.406811,-0.408431,0.171665,-0.19075,0.338557,-0.228258,-0.406811,-0.367588,0.0652593
1506,27.2767,0.454967,0,-0.261831,-0.463362,-0.38528,0.108236,-0.201118,0.259128,-0.261831,-0.463362,-0.346752,0.0706149
1507,27.2948,0.415444,0,-0.300896,-0.524736,-0.347918,0.0553502,-0.202552,0.187869,-0.300896,-0.524736,-0.313127,0.073281
1508,27.3129,0.388321,0,-0.34424,-0.588938,-0.293061,0.0122311,-0.199931,0.12405,-0.34424,-0.588938,-0.263755,0.0706182
1509,27.331,0.376287,0,-0.391936,-0.652089,-0.21743,-0.0224773,-0.196438,0.0665734,-0.391936,-0.652089,-0.195687,0.0596531
1510,27.3491,0.380096,0,-0.440755,-0.707152,-0.1186,-0.0503395,-0.194025,0.0144224,-0.440755,-0.707152,-0.10674,0.0365916
1511,27.3672,0.398386,0,-0.489337,-0.742618,0.00625699,-0.0729088,-0.193831,-0.0331842,-0.489337,-0.742618,0.00563129,-0.00214325
1512,27.3853,0.426355,0,-0.532963,-0.744783,0.146663,-0.0916126,-0.196496,-0.0767777,-0.532963,-0.744783,0.131996,-0.054716
1513,27.4035,0.456749,0,-0.564498,-0.706353,0.287311,-0.107706,-0.202372,-0.116672,-0.564498,-0.706353,0.25858,-0.11353
1514,27.4216,0.483649,0,-0.580085,-0.628749,0.411092,-0.122265,-0.211676,-0.153002,-0.580085,-0.628749,0.369983,-0.166928
1515,27.4397,0.503675,0,-0.576906,-0.519944,0.506791,-0.136207,-0.224574,-0.185747,-0.576906,-0.519944,0.456112,-0.204659
1516,27.4578,0.507724,0,-0.552878,-0.396344,0.551567,-0.150309,-0.241242,-0.214743,-0.552878,-0.396344,0.49641,-0.213465
1517,27.4759,0.499514,0,-0.510505,-0.278175,0.553464,-0.165245,-0.26188,-0.239678,-0.510505,-0.278175,0.498117,-0.197782
1518,27.494,0.482118,0,-0.454895,-0.174423,0.520967,-0.181605,-0.286718,-0.260068,-0.454895,-0.174423,0.46887,-0.16589
1519,27.5121,0.460914,0,-0.391063,-0.0928097,0.467045,-0.199913,-0.315986,-0.275233,-0.391063,-0.0928097,0.420341,-0.127851
1520,27.5302,0.438525,0,-0.32999,-0.0397983,0.400444,-0.220637,-0.34986,-0.284257,-0.32999,-0.0397983,0.360399,-0.0924998
1521,27.5484,0.419705,0,-0.271139,-0.00638363,0.331957,-0.244181,-0.38837,-0.285956,-0.271139,-0.00638363,0.298761,-0.0630047
1522,27.5665,0.405989,0,-0.217416,0.0125411,0.263972,-0.270855,-0.431264,-0.278857,-0.217416,0.0125411,0.237575,-0.0401742
1523,27.5846,0.39825,0,-0.171134,0.0211197,0.197087,-0.300827,-0.477819,-0.261223,-0.171134,0.0211197,0.177379,-0.0236099
1524,27.6027,0.397012,0,-0.132978,0.0204202,0.133811,-0.334042,-0.526592,-0.231162,-0.132978,0.0204202,0.12043,-0.0124557
1525,27.6208,0.405617,0,-0.102145,0.0185166,0.0764388,-0.370103,-0.575153,-0.186868,-0.102145,0.0185166,0.068795,-0.00546549
1526,27.6389,0.421488,0,-0.0778769,0.0135102,0.0236975,-0.408133,-0.619858,-0.127072,-0.0778769,0.0135102,0.0213277,-0.00129184
1527,27.657,0.445669,0,-0.0581052,0.0106829,-0.0255527,-0.446636,-0.655816,-0.0517128,-0.0581052,0.0106829,-0.0229974,0.00103932
1528,27.6751,0.473306,0,-0.0424708,0.00539537,-0.0705669,-0.483407,-0.677255,0.0372317,-0.0424708,0.00539537,-0.0635102,0.00209792
1529,27.6932,0.503015,0,-0.0314409,0.00141579,-0.114846,-0.515583,-0.67847,0.135023,-0.0314409,0.00141579,-0.103362,0.00252761
1530,27.7114,0.530553,0,-0.0236288,-0.00281752,-0.155986,-0.539909,-0.655374,0.233996,-0.0236288,-0.00281752,-0.140387,0.00258003
1531,27.7295,0.553524,0,-0.0178418,-0.00470661,-0.194657,-0.553272,-0.607221,0.324437,-0.0178418,-0.00470661,-0.175191,0.00243112
1532,27.7476,0.569402,0,-0.0116292,-0.00534016,-0.23247,-0.553394,-0.537709,0.396601,-0.0116292,-0.00534016,-0.209223,0.00189241
1533,27.7657,0.575455,0,-0.00694036,-0.0045202,-0.268962,-0.539483,-0.454618,0.443257,-0.00694036,-0.0045202,-0.242065,0.00130668
1534,27.7838,0.569927,0,-0.00357219,-0.00355556,-0.301765,-0.512538,-0.367861,0.461573,-0.00357219,-0.00355556,-0.271589,0.000754574
1535,27.8019,0.555792,0,-0.000294204,0.000559376,-0.33314,-0.475159,-0.286787,0.453403,-0.000294204,0.000559376,-0.299826,6.86078e-05
1536,27.82,0.535055,0,0.00425581,0.00423806,-0.363474,-0.430939,-0.218031,0.42396,0.00425581,0.00423806,-0.327126,-0.00108281
1537,27.8381,0.5096,0,0.00794547,0.0086319,-0.392004,-0.383694,-0.164706,0.379779,0.00794547,0.0086319,-0.352804,-0.00218026
1538,27.8563,0.482624,0,0.0109861,0.0120261,-0.420379,-0.336815,-0.126875,0.326963,0.0109861,0.0120261,-0.378341,-0.00323283
1539,27.8744,0.454977,0,0.0147601,0.0174205,-0.445266,-0.292887,-0.10265,0.270239,0.0147601,0.0174205,-0.400739,-0.00460051
1540,27.8925,0.429228,0,0.0196647,0.0249884,-0.469109,-0.253593,-0.0893042,0.212784,0.0196647,0.0249884,-0.422198,-0.00645743
1541,27.9106,0.405791,0,0.0245964,0.0354265,-0.491595,-0.219801,-0.0840704,0.156471,0.0245964,0.0354265,-0.442435,-0.00846404
1542,27.9287,0.385736,0,0.0312733,0.0461562,-0.513799,-0.191755,-0.0845722,0.102272,0.0312733,0.0461562,-0.462419,-0.0112477
1543,27.9468,0.368358,0,0.0384238,0.0602303,-0.533906,-0.169274,-0.0889825,0.0506103,0.0384238,0.0602303,-0.480516,-0.0143603
1544,27.9649,0.35399,0,0.0477403,0.0772497,-0.551588,-0.151928,-0.0960204,0.00161794,0.0477403,0.0772497,-0.496429,-0.0184331
1545,27.983,0.343179,0,0.0584269,0.0990239,-0.566902,-0.139182,-0.104875,-0.0447037,0.0584269,0.0990239,-0.510212,-0.0231856
1546,28.0012,0.336299,0,0.0714748,0.124086,-0.579608,-0.130485,-0.115106,-0.0883953,0.0714748,0.124086,-0.521647,-0.0289991
1547,28.0193,0.334349,0,0.0866772,0.155682,-0.588579,-0.125334,-0.126558,-0.129493,0.0866772,0.155682,-0.529721,-0.0357115
1548,28.0374,0.339028,0,0.105695,0.193462,-0.594219,-0.123309,-0.13928,-0.168005,0.105695,0.193462,-0.534797,-0.0439642
1549,28.0555,0.352374,0,0.12831,0.240215,-0.596074,-0.124092,-0.153476,-0.203898,0.12831,0.240215,-0.536466,-0.0535376
1550,28.0736,0.375898,0,0.156499,0.295104,-0.594075,-0.127467,-0.169459,-0.237084,0.156499,0.295104,-0.534668,-0.0650805
1551,28.0917,0.410206,0,0.190327,0.360802,-0.582482,-0.133327,-0.187635,-0.267406,0.190327,0.360802,-0.524234,-0.0776033
1552,28.1098,0.454253,0,0.231206,0.434052,-0.553777,-0.141662,-0.208478,-0.294618,0.231206,0.434052,-0.498399,-0.0896255
1553,28.1279,0.510235,0,0.278677,0.515744,-0.505862,-0.152555,-0.23252,-0.318354,0.278677,0.515744,-0.455276,-0.0986803
1554,28.146,0.578909,0,0.333821,0.603482,-0.434195,-0.166175,-0.260332,-0.338092,0.333821,0.603482,-0.390775,-0.10146
1555,28.1642,0.659848,0,0.394557,0.693643,-0.332554,-0.182767,-0.292497,-0.353106,0.394557,0.693643,-0.299298,-0.0918479
1556,28.1823,0.748178,0,0.459359,0.771211,-0.19101,-0.202633,-0.329561,-0.362402,0.459359,0.771211,-0.171909,-0.0614196
1557,28.2004,0.8376,0,0.523346,0.819177,-0.0121512,-0.22611,-0.371945,-0.36466,0.523346,0.819177,-0.0109361,-0.00445151
1558,28.2185,0.917949,0,0.580315,0.8189,0.187914,-0.253528,-0.419808,-0.358163,0.580315,0.8189,0.169122,0.0763344
1559,28.2366,0.977155,0,0.62106,0.75772,0.386577,-0.285145,-0.472829,-0.340772,0.62106,0.75772,0.34792,0.168061
1560,28.2547,1.00274,0,0.639156,0.631808,0.553112,-0.321046,-0.529895,-0.30997,0.639156,0.631808,0.497801,0.247467
1561,28.2728,0.98781,0,0.625426,0.454381,0.667665,-0.360992,-0.588706,-0.263062,0.625426,0.454381,0.600899,0.292303
1562,28.2909,0.933348,0,0.578522,0.264597,0.707673,-0.404228,-0.645353,-0.197648,0.578522,0.264597,0.636906,0.286583
1563,28.3091,0.852639,0,0.509755,0.0970383,0.684724,-0.449251,-0.694033,-0.112455,0.509755,0.0970383,0.616252,0.244329
1564,28.3272,0.754831,0,0.423524,-0.0385911,0.619122,-0.493608,-0.727221,-0.00854544,0.423524,-0.0385911,0.55721,0.183549
1565,28.3453,0.657816,0,0.332647,-0.12718,0.528726,-0.533839,-0.736691,0.109363,0.332647,-0.12718,0.475853,0.123115
1566,28.3634,0.573873,0,0.248344,-0.182116,0.433872,-0.56571,-0.715603,0.232135,0.248344,-0.182116,0.390485,0.0754248
1567,28.3815,0.508595,0,0.171142,-0.209142,0.343469,-0.584865,-0.661301,0.346926,0.171142,-0.209142,0.309122,0.0411475
1568,28.3996,0.460989,0,0.102731,-0.217715,0.263351,-0.587837,-0.577541,0.439917,0.102731,-0.217715,0.237015,0.0189379
1569,28.4177,0.426513,0,0.0486293,-0.217758,0.194951,-0.573095,-0.474532,0.500349,0.0486293,-0.217758,0.175456,0.00663623
1570,28.4358,0.39658,0,0.00436507,-0.215369,0.135307,-0.541636,-0.366162,0.523856,0.00436507,-0.215369,0.121776,0.000413436
1571,28.454,0.369562,0,-0.0316371,-0.210376,0.076947,-0.4968,-0.265668,0.513174,-0.0316371,-0.210376,0.0692523,-0.00170407
1572,28.4721,0.341006,0,-0.0612364,-0.209632,0.0264989,-0.443366,-0.182121,0.476026,-0.0612364,-0.209632,0.023849,-0.00113589
1573,28.4902,0.313199,0,-0.0849141,-0.210795,-0.0198148,-0.386389,-0.119234,0.421785,-0.0849141,-0.210795,-0.0178333,0.00117779
1574,28.5083,0.28698,0,-0.103522,-0.215278,-0.0611939,-0.330244,-0.0763098,0.358755,-0.103522,-0.215278,-0.0550745,0.00443445
1575,28.5264,0.262784,0,-0.120842,-0.222487,-0.0978719,-0.278119,-0.0501031,0.292914,-0.120842,-0.222487,-0.0880847,0.00827891
1576,28.5445,0.241758,1,-0.137274,-0.233197,-0.12947,-0.231937,-0.03652,0.227879,-0.137274,-0.233197,-0.116523,0.0124409
1577,28.5626,0.224696,1,-0.152517,-0.247388,-0.155993,-0.192538,-0.0317027,0.165477,-0.152517,-0.247388,-0.140394,0.0166541
1578,28.5807,0.212715,1,-0.168258,-0.268345,-0.176544,-0.159977,-0.03252,0.106407,-0.168258,-0.268345,-0.15889,0.0207935
1579,28.5988,0.206491,1,-0.185832,-0.294269,-0.191822,-0.133807,-0.0366712,0.0507728,-0.185832,-0.294269,-0.17264,0.0249527
1580,28.617,0.206891,1,-0.204584,-0.323252,-0.204852,-0.113319,-0.0425982,-0.00158963,-0.204584,-0.323252,-0.184367,0.0293365
1581,28.6351,0.212387,1,-0.225829,-0.354403,-0.211675,-0.0977056,-0.049331,-0.050924,-0.225829,-0.354403,-0.190507,0.0334615
1582,28.6532,0.223167,1,-0.248898,-0.388006,-0.211153,-0.0861734,-0.0563316,-0.0974722,-0.248898,-0.388006,-0.190038,0.0367889
1583,28.6713,0.239368,1,-0.273736,-0.423946,-0.201125,-0.0780054,-0.0633641,-0.141443,-0.273736,-0.423946,-0.181013,0.0385386
1584,28.6894,0.261581,0,-0.300244,-0.462107,-0.180102,-0.0725919,-0.0703939,-0.183009,-0.300244,-0.462107,-0.162092,0.0378522
1585,28.7075,0.290288,0,-0.329636,-0.501262,-0.147872,-0.0694405,-0.077518,-0.222306,-0.329636,-0.501262,-0.133085,0.0341208
1586,28.7256,0.324914,0,-0.361783,-0.539625,-0.105357,-0.0681742,-0.0849181,-0.259443,-0.361783,-0.539625,-0.0948214,0.0266815
1587,28.7437,0.36344,0,-0.394563,-0.572067,-0.0489459,-0.0685231,-0.0928332,-0.294504,-0.394563,-0.572067,-0.0440513,0.0135185
1588,28.7619,0.404833,0,-0.426754,-0.595178,0.020227,-0.0703136,-0.101545,-0.327547,-0.426754,-0.595178,0.0182043,-0.00604238
1589,28.78,0.445049,0,-0.455353,-0.603562,0.0953919,-0.0734581,-0.111374,-0.358607,-0.455353,-0.603562,0.0858527,-0.0304059
1590,28.7981,0.481557,0,-0.477947,-0.592578,0.173466,-0.0779471,-0.122684,-0.387686,-0.477947,-0.592578,0.15612,-0.0580354
1591,28.8162,0.513159,0,-0.492498,-0.563545,0.248659,-0.0838431,-0.135887,-0.414746,-0.492498,-0.563545,0.223793,-0.0857247
1592,28.8343,0.537427,0,-0.497449,-0.516853,0.313956,-0.0912774,-0.151455,-0.439696,-0.497449,-0.516853,0.282561,-0.109324
1593,28.8524,0.553661,0,-0.492956,-0.457049,0.364146,-0.10045,-0.169937,-0.46237,-0.492956,-0.457049,0.327731,-0.125655
1594,28.8705,0.558819,0,-0.477988,-0.390719,0.39107,-0.111632,-0.191963,-0.482495,-0.477988,-0.390719,0.351963,-0.130849
1595,28.8886,0.55421,0,-0.453258,-0.325532,0.396053,-0.125168,-0.21826,-0.499655,-0.453258,-0.325532,0.356448,-0.12566
1596,28.9068,0.541714,0,-0.420336,-0.264261,0.382535,-0.14148,-0.249649,-0.513226,-0.420336,-0.264261,0.344281,-0.112555
1597,28.9249,0.524058,0,-0.383288,-0.211509,0.35453,-0.161073,-0.28703,-0.522298,-0.383288,-0.211509,0.319077,-0.0951209
1598,28.943,0.501915,0,-0.345949,-0.173239,0.313901,-0.184525,-0.331327,-0.525567,-0.345949,-0.173239,0.282511,-0.0760156
1599,28.9611,0.479524,0,-0.308683,-0.146838,0.269128,-0.21247,-0.383385,-0.521199,-0.308683,-0.146838,0.242216,-0.0581527
1600,28.9792,0.458707,0,-0.273436,-0.128864,0.222217,-0.245561,-0.443764,-0.506685,-0.273436,-0.128864,0.199995,-0.0425335
1601,28.9973,0.442012,0,-0.24263,-0.117715,0.175987,-0.284379,-0.512387,-0.478701,-0.24263,-0.117715,0.158388,-0.0298897
1602,29.0154,0.429597,0,-0.216616,-0.11461,0.129837,-0.329284,-0.587977,-0.433093,-0.216616,-0.11461,0.116853,-0.0196873
1603,29.0335,0.424786,0,-0.195042,-0.115657,0.0851979,-0.380168,-0.667268,-0.365117,-0.195042,-0.115657,0.0766781,-0.011632
1604,29.0516,0.429502,0,-0.177379,-0.119121,0.039526,-0.436086,-0.744048,-0.270236,-0.177379,-0.119121,0.0355734,-0.00490775
1605,29.0698,0.445517,0,-0.164062,-0.126024,-0.00293618,-0.494801,-0.808423,-0.145765,-0.164062,-0.126024,-0.00264256,0.0003372
1606,29.0879,0.470475,0,-0.154746,-0.137507,-0.043552,-0.552349,-0.847045,0.00652021,-0.154746,-0.137507,-0.0391968,0.00471764
1607,29.106,0.501111,0,-0.149651,-0.15208,-0.0817124,-0.6029,-0.845428,0.17746,-0.149651,-0.15208,-0.0735412,0.00855985
1608,29.1241,0.53157,0,-0.148605,-0.1688,-0.117061,-0.639327,-0.792932,0.349146,-0.148605,-0.1688,-0.105355,0.0121771
1609,29.1422,0.555252,0,-0.150507,-0.185958,-0.148569,-0.654725,-0.689,0.497672,-0.150507,-0.185958,-0.133712,0.0156525
1610,29.1603,0.566121,0,-0.154845,-0.20445,-0.176802,-0.644603,-0.546634,0.600711,-0.154845,-0.20445,-0.159122,0.0191638
1611,29.1784,0.561058,0,-0.161723,-0.224102,-0.200548,-0.608715,-0.389213,0.646385,-0.161723,-0.224102,-0.180493,0.0227033
1612,29.1965,0.541923,0,-0.171427,-0.246692,-0.220965,-0.551376,-0.241505,0.63732,-0.171427,-0.246692,-0.198868,0.0265156
1613,29.2147,0.513397,0,-0.18402,-0.272967,-0.237396,-0.480007,-0.120828,0.58721,-0.18402,-0.272967,-0.213657,0.03058
1614,29.2328,0.481868,0,-0.199689,-0.303682,-0.249853,-0.402813,-0.0336326,0.5133,-0.199689,-0.303682,-0.224868,0.034925
1615,29.2509,0.452163,0,-0.219032,-0.338577,-0.256471,-0.326804,0.0223719,0.430155,-0.219032,-0.338577,-0.230824,0.0393227
1616,29.269,0.429132,0,-0.24129,-0.378498,-0.257179,-0.256828,0.0539023,0.347181,-0.24129,-0.378498,-0.231461,0.0434382
1617,29.2871,0.4136,0,-0.266926,-0.421636,-0.248441,-0.195512,0.0685292,0.269085,-0.266926,-0.421636,-0.223597,0.0464208
1618,29.3052,0.406612,0,-0.295651,-0.467154,-0.228455,-0.143719,0.072772,0.197453,-0.295651,-0.467154,-0.205609,0.04728
1619,29.3233,0.407651,0,-0.32795,-0.512668,-0.193065,-0.101122,0.0715108,0.132237,-0.32795,-0.512668,-0.173758,0.0443209
1620,29.3414,0.418245,0,-0.362552,-0.557186,-0.142437,-0.0667184,0.0680866,0.0727472,-0.362552,-0.557186,-0.128193,0.0361485
1621,29.3596,0.43757,0,-0.398477,-0.595789,-0.0775018,-0.0391992,0.0646408,0.0181761,-0.398477,-0.595789,-0.0697517,0.0216179
1622,29.3777,0.463267,0,-0.433341,-0.622838,-0.00031279,-0.0171884,0.0624714,-0.0321766,-0.433341,-0.622838,-0.000281511,9.48813e-05
1623,29.3958,0.492834,0,-0.465432,-0.633585,0.0859473,0.000620717,0.0623281,-0.0788421,-0.465432,-0.633585,0.0773526,-0.0280018
1624,29.4139,0.522323,0,-0.491776,-0.623687,0.173543,0.0154001,0.0646307,-0.122188,-0.491776,-0.623687,0.156189,-0.059741
1625,29.432,0.548618,0,-0.509741,-0.591248,0.258091,0.0281669,0.069624,-0.162444,-0.509741,-0.591248,0.232282,-0.0920916
1626,29.4501,0.569188,0,-0.516223,-0.537572,0.333642,0.0397905,0.0774817,-0.199727,-0.516223,-0.537572,0.300278,-0.120564
1627,29.4682,0.581709,0,-0.510584,-0.469095,0.389639,0.0510131,0.0883752,-0.234054,-0.510584,-0.469095,0.350675,-0.13926
1628,29.4863,0.5858,0,-0.493881,-0.394709,0.4222,0.0624765,0.102515,-0.265345,-0.493881,-0.394709,0.37998,-0.145962
1629,29.5044,0.581387,0,-0.466514,-0.320603,0.43238,0.0747503,0.120177,-0.293415,-0.466514,-0.320603,0.389142,-0.141198
1630,29.5226,0.566334,0,-0.430828,-0.251082,0.415786,0.0883573,0.141707,-0.317947,-0.430828,-0.251082,0.374207,-0.125393
1631,29.5407,0.54546,0,-0.388011,-0.192284,0.383507,0.103795,0.16752,-0.338469,-0.388011,-0.192284,0.345156,-0.104163
1632,29.5588,0.521069,0,-0.343549,-0.146682,0.338064,0.12155,0.198073,-0.354297,-0.343549,-0.146682,0.304258,-0.0812991
1633,29.5769,0.497826,0,-0.301264,-0.11582,0.287175,0.142106,0.233823,-0.364487,-0.301264,-0.11582,0.258458,-0.0605609
1634,29.595,0.478153,0,-0.263605,-0.0999243,0.232833,0.165932,0.275139,-0.367764,-0.263605,-0.0999243,0.20955,-0.0429633
1635,29.6131,0.463341,0,-0.230104,-0.091899,0.179016,0.193465,0.322167,-0.362458,-0.230104,-0.091899,0.161114,-0.0288345
1636,29.6312,0.455759,0,-0.201704,-0.0904657,0.127589,0.225048,0.374618,-0.346467,-0.201704,-0.0904657,0.11483,-0.0180146
1637,29.6493,0.455923,0,-0.17788,-0.0918758,0.0792367,0.260849,0.431462,-0.31729,-0.17788,-0.0918758,0.0713131,-0.00986622
1638,29.6675,0.465456,0,-0.158532,-0.0969201,0.0342976,0.300715,0.49053,-0.272201,-0.158532,-0.0969201,0.0308678,-0.00380608
1639,29.6856,0.485111,0,-0.14503,-0.105579,-0.00971352,0.343991,0.548076,-0.208688,-0.14503,-0.105579,-0.00874217,0.00098613
1640,29.7037,0.514618,0,-0.135875,-0.118249,-0.0542289,0.389281,0.598455,-0.125246,-0.135875,-0.118249,-0.048806,0.00515783
1641,29.7218,0.550675,0,-0.130485,-0.130942,-0.0956797,0.434248,0.634212,-0.0225751,-0.130485,-0.130942,-0.0861117,0.00873934
1642,29.7399,0.589606,0,-0.128008,-0.144705,-0.132725,0.475516,0.646987,0.0950679,-0.128008,-0.144705,-0.119453,0.0118929
1643,29.758,0.626516,0,-0.128891,-0.159958,-0.165157,0.508873,0.62952,0.218962,-0.128891,-0.159958,-0.148641,0.0149011
1644,29.7761,0.656028,0,-0.132631,-0.177106,-0.19397,0.529878,0.578463,0.336422,-0.132631,-0.177106,-0.174573,0.0180086
1645,29.7942,0.672556,0,-0.138599,-0.193996,-0.219519,0.534857,0.496814,0.433346,-0.138599,-0.193996,-0.197567,0.0212975
1646,29.8124,0.675628,0,-0.146958,-0.21487,-0.243929,0.521992,0.394286,0.498269,-0.146958,-0.21487,-0.219536,0.0250931
1647,29.8305,0.66441,0,-0.158568,-0.238796,-0.265848,0.492001,0.284769,0.525961,-0.158568,-0.238796,-0.239263,0.0295085
1648,29.8486,0.64112,0,-0.172633,-0.268236,-0.284736,0.448041,0.181971,0.518496,-0.172633,-0.268236,-0.256262,0.0344083
1649,29.8667,0.607888,0,-0.189544,-0.300361,-0.297837,0.394851,0.0956393,0.483348,-0.189544,-0.300361,-0.268053,0.0395172
1650,29.8848,0.57003,0,-0.209491,-0.338529,-0.304602,0.337572,0.0300728,0.430013,-0.209491,-0.338529,-0.274142,0.0446678
1651,29.9029,0.531626,0,-0.233614,-0.380579,-0.303514,0.280733,-0.0150793,0.367109,-0.233614,-0.380579,-0.273163,0.0496336
1652,29.921,0.496422,0,-0.261004,-0.427295,-0.292997,0.227689,-0.0429522,0.300941,-0.261004,-0.427295,-0.263697,0.0535314
1653,29.9391,0.467329,0,-0.293172,-0.476492,-0.270018,0.180501,-0.0576823,0.235376,-0.293172,-0.476492,-0.243016,0.0554131
1654,29.9572,0.447502,0,-0.328472,-0.529194,-0.23269,0.140112,-0.063239,0.172391,-0.328472,-0.529194,-0.209421,0.0535024
1655,29.9754,0.438411,0,-0.366299,-0.580518,-0.178776,0.106634,-0.0628768,0.112763,-0.366299,-0.580518,-0.160898,0.0458398
1656,29.9935,0.440597,0,-0.405817,-0.624668,-0.10686,0.0796489,-0.0590045,0.0566227,-0.405817,-0.624668,-0.0961736,0.0303558
1657,30.0116,0.452656,0,-0.445037,-0.653865,-0.0178687,0.0584523,-0.0532646,0.0038091,-0.445037,-0.653865,-0.0160818,0.00556657
1658,30.0297,0.473613,0,-0.48072,-0.665702,0.0816493,0.0422286,-0.0466892,-0.0459296,-0.48072,-0.665702,0.0734844,-0.0274753
1659,30.0478,0.499619,0,-0.51024,-0.655726,0.185587,0.0301675,-0.0398597,-0.0928462,-0.51024,-0.655726,0.167029,-0.0662859
1660,30.0659,0.524628,0,-0.530854,-0.618171,0.284975,0.0215317,-0.0330433,-0.13716,-0.530854,-0.618171,0.256478,-0.105896
1661,30.084,0.543565,0,-0.537926,-0.553674,0.370284,0.0156899,-0.0262969,-0.179053,-0.537926,-0.553674,0.333256,-0.13943
1662,30.1021,0.554746,0,-0.530151,-0.472578,0.432422,0.0121288,-0.0195416,-0.218669,-0.530151,-0.472578,0.38918,-0.160474
1663,30.1203,0.557287,0,-0.508975,-0.384993,0.467223,0.010451,-0.0126118,-0.256127,-0.508975,-0.384993,0.4205,-0.166463
1664,30.1384,0.547202,0,-0.474759,-0.296041,0.469012,0.0103669,-0.00528545,-0.291517,-0.474759,-0.296041,0.422111,-0.155867
1665,30.1565,0.528532,0,-0.432512,-0.218416,0.444398,0.0116835,0.00270047,-0.324911,-0.432512,-0.218416,0.399958,-0.134545
1666,30.1746,0.504475,0,-0.383619,-0.155281,0.403438,0.014294,0.0116444,-0.356356,-0.383619,-0.155281,0.363094,-0.108337
1667,30.1927,0.477657,0,-0.333158,-0.107043,0.351973,0.0181682,0.0218821,-0.385872,-0.333158,-0.107043,0.316776,-0.0820838
1668,30.2108,0.45143,0,-0.285557,-0.0753846,0.296501,0.0233466,0.0337941,-0.413447,-0.285557,-0.0753846,0.266851,-0.0592676
1669,30.2289,0.426634,0,-0.243238,-0.0609354,0.238913,0.0299361,0.0478158,-0.439024,-0.243238,-0.0609354,0.215022,-0.040679
1670,30.247,0.403062,0,-0.206238,-0.0548368,0.180513,0.0381093,0.0644507,-0.462483,-0.206238,-0.0548368,0.162461,-0.0260599
1671,30.2652,0.38279,0,-0.175325,-0.0528649,0.125358,0.0481063,0.0842833,-0.483619,-0.175325,-0.0528649,0.112822,-0.0153848
1672,30.2833,0.365697,0,-0.149397,-0.0542053,0.0731726,0.0602381,0.107992,-0.502109,-0.149397,-0.0542053,0.0658553,-0.00765223
1673,30.3014,0.353209,0,-0.128874,-0.0586856,0.0254137,0.0748919,0.136355,-0.517457,-0.128874,-0.0586856,0.0228724,-0.00229263
1674,30.3195,0.345131,0,-0.1145,-0.0683963,-0.0214546,0.0925347,0.170248,-0.528931,-0.1145,-0.0683963,-0.0193091,0.00171958
1675,30.3376,0.341654,0,-0.103949,-0.07905,-0.067596,0.113715,0.210612,-0.535465,-0.103949,-0.07905,-0.0608364,0.00491858
1676,30.3557,0.344591,0,-0.0965952,-0.0884856,-0.110835,0.139053,0.25839,-0.535541,-0.0965952,-0.0884856,-0.0997513,0.00749428
1677,30.3738,0.356682,0,-0.0926345,-0.0982524,-0.149103,0.169218,0.314379,-0.527037,-0.0926345,-0.0982524,-0.134192,0.00966843
1678,30.3919,0.379278,0,-0.0915129,-0.110646,-0.184598,0.204869,0.378971,-0.507069,-0.0915129,-0.110646,-0.166138,0.0118252
1679,30.41,0.412339,0,-0.0929337,-0.122177,-0.216005,0.246546,0.451714,-0.471883,-0.0929337,-0.122177,-0.194405,0.0140519
1680,30.4282,0.456733,0,-0.0960415,-0.135933,-0.246602,0.294478,0.53063,-0.416902,-0.0960415,-0.135933,-0.221942,0.0165788
1681,30.4463,0.512687,0,-0.101544,-0.151751,-0.274357,0.348281,0.611306,-0.337162,-0.101544,-0.151751,-0.246921,0.0195016
1682,30.4644,0.57814,0,-0.109067,-0.169435,-0.30106,0.406535,0.685912,-0.228443,-0.109067,-0.169435,-0.270954,0.0229849
1683,30.4825,0.649494,0,-0.118619,-0.188755,-0.325642,0.466288,0.742696,-0.0894006,-0.118619,-0.188755,-0.293078,0.0270392
1684,30.5006,0.722238,0,-0.130063,-0.212693,-0.347804,0.522684,0.76694,0.0754278,-0.130063,-0.212693,-0.313023,0.0316654
1685,30.5187,0.788308,0,-0.144935,-0.241355,-0.365618,0.569059,0.744512,0.2529,-0.144935,-0.241355,-0.329056,0.0370935
1686,30.5368,0.838171,0,-0.161754,-0.275143,-0.379345,0.59792,0.667972,0.421293,-0.161754,-0.275143,-0.341411,0.0429525
1687,30.5549,0.862949,0,-0.182104,-0.312348,-0.386392,0.602907,0.542527,0.555408,-0.182104,-0.312348,-0.347753,0.0492544
1688,30.5731,0.859718,0,-0.206339,-0.356791,-0.38596,0.58108,0.387062,0.635804,-0.206339,-0.356791,-0.347364,0.0557471
1689,30.5912,0.828886,0,-0.235781,-0.407496,-0.375176,0.534271,0.227703,0.656667,-0.235781,-0.407496,-0.337658,0.0619216
1690,30.6093,0.775954,0,-0.269334,-0.463315,-0.352326,0.468582,0.087571,0.626612,-0.269334,-0.463315,-0.317094,0.0664254
1691,30.6274,0.709264,0,-0.307051,-0.521686,-0.314322,0.392302,-0.0204019,0.562484,-0.307051,-0.521686,-0.28289,0.067559
1692,30.6455,0.639293,0,-0.348275,-0.581799,-0.260366,0.313514,-0.0941534,0.481473,-0.348275,-0.581799,-0.234329,0.0634752
1693,30.6636,0.573854,0,-0.39234,-0.638545,-0.186956,0.238476,-0.138732,0.396295,-0.39234,-0.638545,-0.16826,0.0513452
1694,30.6817,0.519179,0,-0.437962,-0.68394,-0.0921484,0.171086,-0.16187,0.314229,-0.437962,-0.68394,-0.0829336,0.0282503
1695,30.6998,0.479944,0,-0.482211,-0.7097,0.022839,0.113129,-0.171042,0.238374,-0.482211,-0.7097,0.0205551,-0.00770926
1696,30.718,0.459654,0,-0.521006,-0.710877,0.14803,0.0648427,-0.1722,0.169367,-0.521006,-0.710877,0.133227,-0.053987
1697,30.7361,0.454116,0,-0.550365,-0.678492,0.274198,0.0255048,-0.169587,0.106709,-0.550365,-0.678492,0.246778,-0.105636
1698,30.7542,0.455599,0,-0.565417,-0.608946,0.386721,-0.00610392,-0.166,0.0495596,-0.565417,-0.608946,0.348049,-0.153061
1699,30.7723,0.456784,0,-0.560443,-0.512742,0.470243,-0.0313847,-0.163183,-0.00289524,-0.560443,-0.512742,0.423219,-0.184481
1700,30.7904,0.454878,0,-0.538912,-0.404785,0.51837,-0.051729,-0.162164,-0.0513039,-0.538912,-0.404785,0.466533,-0.195549
1701,30.8085,0.442773,0,-0.501082,-0.293515,0.523587,-0.0684172,-0.163526,-0.0961299,-0.501082,-0.293515,0.471228,-0.183652
1702,30.8266,0.423253,0,-0.45131,-0.196744,0.495268,-0.0825774,-0.167597,-0.137674,-0.45131,-0.196744,0.445741,-0.156463
1703,30.8447,0.402525,0,-0.394883,-0.121984,0.451187,-0.0951794,-0.174587,-0.176101,-0.394883,-0.121984,0.406068,-0.124716
1704,30.8628,0.379025,0,-0.335981,-0.0667299,0.39241,-0.107051,-0.184665,-0.211463,-0.335981,-0.0667299,0.353169,-0.0922896
1705,30.881,0.356753,0,-0.279864,-0.0298125,0.32867,-0.118901,-0.198025,-0.243706,-0.279864,-0.0298125,0.295803,-0.0643881
1706,30.8991,0.335137,0,-0.229817,-0.012215,0.262285,-0.131352,-0.21491,-0.272664,-0.229817,-0.012215,0.236056,-0.0421942
1707,30.9172,0.31541,0,-0.186823,-0.00552203,0.195664,-0.14496,-0.235628,-0.298046,-0.186823,-0.00552203,0.176098,-0.0255881
1708,30.9353,0.301668,0,-0.150536,-0.00455311,0.13599,-0.160244,-0.260548,-0.319403,-0.150536,-0.00455311,0.122391,-0.0143299
1709,30.9534,0.293105,0,-0.121082,-0.00663809,0.0812659,-0.177701,-0.290084,-0.336089,-0.121082,-0.00663809,0.0731393,-0.0068879
1710,30.9715,0.289174,0,-0.0971565,-0.00926967,0.0286503,-0.197812,-0.324646,-0.34721,-0.0971565,-0.00926967,0.0257852,-0.00194849
1711,30.9896,0.290549,0,-0.0786854,-0.0134131,-0.0203727,-0.221041,-0.364563,-0.35156,-0.0786854,-0.0134131,-0.0183354,0.00112212
1712,31.0077,0.296045,0,-0.0638885,-0.0213619,-0.0681158,-0.247808,-0.409958,-0.34757,-0.0638885,-0.0213619,-0.0613042,0.00304627
1713,31.0259,0.310078,0,-0.0534582,-0.0264355,-0.111063,-0.278447,-0.460545,-0.333267,-0.0534582,-0.0264355,-0.0999569,0.00415606
1714,31.044,0.331049,0,-0.0459887,-0.0321577,-0.151589,-0.31312,-0.515358,-0.30631,-0.0459887,-0.0321577,-0.13643,0.00487998
1715,31.0621,0.359624,0,-0.0409715,-0.0375931,-0.190343,-0.35169,-0.572377,-0.264153,-0.0409715,-0.0375931,-0.171309,0.00545905
1716,31.0802,0.394968,0,-0.0380579,-0.0441516,-0.228659,-0.393551,-0.628136,-0.204435,-0.0380579,-0.0441516,-0.205793,0.00609161
1717,31.0983,0.436189,0,-0.037022,-0.0517779,-0.26369,-0.437418,-0.677417,-0.125701,-0.037022,-0.0517779,-0.237321,0.00683364
1718,31.1164,0.482341,0,-0.0370015,-0.0581554,-0.295833,-0.481126,-0.713314,-0.0284766,-0.0370015,-0.0581554,-0.26625,0.0076624
1719,31.1345,0.531987,0,-0.0372101,-0.0602099,-0.326991,-0.521549,-0.728006,0.0834895,-0.0372101,-0.0602099,-0.294291,0.00851714
1720,31.1526,0.578243,0,-0.0378067,-0.0641945,-0.357057,-0.554754,-0.71452,0.202351,-0.0378067,-0.0641945,-0.321352,0.00944941
1721,31.1708,0.616709,0,-0.0400436,-0.0688716,-0.385441,-0.576536,-0.669262,0.316484,-0.0400436,-0.0688716,-0.346897,0.0108041
1722,31.1889,0.643517,0,-0.0424367,-0.0758616,-0.412579,-0.583306,-0.59434,0.412638,-0.0424367,-0.0758616,-0.371321,0.012256
1723,31.207,0.65586,0,-0.0465027,-0.0831822,-0.437479,-0.57311,-0.498153,0.47955,-0.0465027,-0.0831822,-0.393731,0.0142407
1724,31.2251,0.653752,0,-0.0511099,-0.0922595,-0.46137,-0.54632,-0.393383,0.511392,-0.0511099,-0.0922595,-0.415233,0.0165064
1725,31.2432,0.638429,0,-0.0561955,-0.100586,-0.4827,-0.505638,-0.293131,0.509117,-0.0561955,-0.100586,-0.43443,0.0189879
1726,31.2613,0.612611,0,-0.0611636,-0.111734,-0.501408,-0.455393,-0.207259,0.47907,-0.0611636,-0.111734,-0.451267,0.0214675
1727,31.2794,0.579932,0,-0.0673811,-0.123553,-0.517488,-0.400458,-0.140675,0.429998,-0.0673811,-0.123553,-0.465739,0.0244082
1728,31.2975,0.54465,0,-0.0747383,-0.138555,-0.532379,-0.345274,-0.0937589,0.370247,-0.0747383,-0.138555,-0.479141,0.0278523
1729,31.3156,0.509241,0,-0.0841158,-0.156952,-0.545627,-0.293243,-0.0639718,0.306195,-0.0841158,-0.156952,-0.491064,0.0321271
1730,31.3338,0.475935,0,-0.0955648,-0.181077,-0.557386,-0.246555,-0.0475528,0.241936,-0.0955648,-0.181077,-0.501647,0.0372865
1731,31.3519,0.445205,0,-0.110655,-0.210773,-0.566326,-0.206305,-0.0407126,0.179698,-0.110655,-0.210773,-0.509693,0.0438666
1732,31.37,0.41865,0,-0.128979,-0.247737,-0.57296,-0.172751,-0.040246,0.120463,-0.128979,-0.247737,-0.515664,0.0517299
1733,31.3881,0.3968,0,-0.151991,-0.292582,-0.576105,-0.145595,-0.0437254,0.0645047,-0.151991,-0.292582,-0.518494,0.0612939
1734,31.4062,0.380817,0,-0.179852,-0.347789,-0.573879,-0.124225,-0.0494627,0.0117592,-0.179852,-0.347789,-0.516491,0.0722491
1735,31.4243,0.370465,0,-0.213797,-0.412291,-0.561266,-0.107891,-0.0563786,-0.0379668,-0.213797,-0.412291,-0.50514,0.0839978
1736,31.4424,0.366579,0,-0.253509,-0.485643,-0.532518,-0.0958304,-0.0638542,-0.0848886,-0.253509,-0.485643,-0.479266,0.0944985
1737,31.4605,0.371073,0,-0.299676,-0.564957,-0.482185,-0.087339,-0.0716003,-0.1292,-0.299676,-0.564957,-0.433966,0.101149
1738,31.4787,0.387968,0,-0.351523,-0.647357,-0.408576,-0.08181,-0.0795543,-0.171061,-0.351523,-0.647357,-0.367719,0.100537
1739,31.4968,0.419606,0,-0.409134,-0.727901,-0.307197,-0.0787505,-0.0878053,-0.210598,-0.409134,-0.727901,-0.276477,0.0879791
1740,31.5149,0.465492,0,-0.470268,-0.797227,-0.176851,-0.0777835,-0.0965446,-0.247903,-0.470268,-0.797227,-0.159166,0.0582172
1741,31.533,0.522553,0,-0.531294,-0.843438,-0.017469,-0.0786418,-0.106035,-0.283042,-0.531294,-0.843438,-0.0157221,0.00649683
1742,31.5511,0.584578,0,-0.586159,-0.848381,0.168365,-0.0811596,-0.116594,-0.316048,-0.586159,-0.848381,0.151528,-0.0690819
1743,31.5692,0.641096,0,-0.627178,-0.793209,0.358503,-0.0852635,-0.128589,-0.346919,-0.627178,-0.793209,0.322652,-0.157391
1744,31.5873,0.683587,0,-0.645088,-0.682598,0.520518,-0.0909649,-0.14244,-0.375612,-0.645088,-0.682598,0.468466,-0.235046
1745,31.6054,0.705606,0,-0.634733,-0.525452,0.633052,-0.0983546,-0.158627,-0.402022,-0.634733,-0.525452,0.569747,-0.281273
1746,31.6236,0.701216,0,-0.595583,-0.347914,0.673127,-0.1076,-0.177695,-0.425968,-0.595583,-0.347914,0.605814,-0.280632
1747,31.6417,0.678555,0,-0.53062,-0.185973,0.653583,-0.118944,-0.200269,-0.447157,-0.53062,-0.185973,0.588224,-0.242763
1748,31.6598,0.643544,0,-0.45481,-0.0641755,0.589447,-0.132707,-0.227055,-0.465147,-0.45481,-0.0641755,0.530502,-0.18766
1749,31.6779,0.609681,0,-0.372091,0.022473,0.513868,-0.149286,-0.258837,-0.479286,-0.372091,0.022473,0.462481,-0.133844
1750,31.696,0.574043,0,-0.292685,0.0743137,0.425616,-0.169154,-0.29645,-0.488632,-0.292685,0.0743137,0.383055,-0.0872001
1751,31.7141,0.544609,0,-0.219618,0.10679,0.338089,-0.192851,-0.340727,-0.491856,-0.219618,0.10679,0.30428,-0.0519753
1752,31.7322,0.523156,0,-0.156099,0.118948,0.258152,-0.22096,-0.392373,-0.487113,-0.156099,0.118948,0.232337,-0.0282081
1753,31.7503,0.513565,0,-0.101547,0.121664,0.190777,-0.254059,-0.45176,-0.471922,-0.101547,0.121664,0.171699,-0.013561
1754,31.7684,0.512711,0,-0.057243,0.119295,0.128204,-0.29263,-0.518562,-0.443068,-0.057243,0.119295,0.115383,-0.00513713
1755,31.7866,0.521762,0,-0.0238229,0.116021,0.0708108,-0.336903,-0.591217,-0.396632,-0.0238229,0.116021,0.0637297,-0.00118084
1756,31.8047,0.54247,0,0.00523489,0.113801,0.0193699,-0.386611,-0.666194,-0.328315,0.00523489,0.113801,0.0174329,7.09794e-05
1757,31.8228,0.574528,0,0.0283391,0.1148,-0.0234703,-0.440645,-0.737175,-0.234283,0.0283391,0.1148,-0.0211233,-0.00046559
1758,31.8409,0.61557,0,0.0480892,0.120412,-0.058929,-0.496645,-0.794544,-0.112786,0.0480892,0.120412,-0.0530361,-0.00198369
1759,31.859,0.660164,0,0.0652457,0.129057,-0.0938138,-0.550654,-0.825888,0.0334592,0.0652457,0.129057,-0.0844325,-0.00428467
1760,31.8771,0.702397,0,0.0809573,0.137794,-0.130694,-0.597092,-0.818421,0.194861,0.0809573,0.137794,-0.117624,-0.00740642
1761,31.8952,0.736253,0,0.0943877,0.148056,-0.166558,-0.629392,-0.763604,0.354232,0.0943877,0.148056,-0.149902,-0.0110047
1762,31.9133,0.754999,0,0.108709,0.160722,-0.195593,-0.641452,-0.662413,0.489811,0.108709,0.160722,-0.176034,-0.014884
1763,31.9315,0.75414,0,0.12331,0.178755,-0.217976,-0.629573,-0.527724,0.582172,0.12331,0.178755,-0.196179,-0.018815
1764,31.9496,0.733732,0,0.139409,0.202936,-0.236489,-0.593953,-0.380916,0.62164,0.139409,0.202936,-0.21284,-0.0230781
1765,31.9677,0.696642,0,0.156683,0.232972,-0.251768,-0.538807,-0.243933,0.611241,0.156683,0.232972,-0.226592,-0.0276134
1766,31.9858,0.648061,0,0.177315,0.266824,-0.261606,-0.471008,-0.131905,0.563403,0.177315,0.266824,-0.235446,-0.0324706
1767,32.0039,0.59339,0,0.200312,0.303085,-0.263702,-0.398034,-0.0504511,0.493483,0.200312,0.303085,-0.237332,-0.0369759
1768,32.022,0.539222,0,0.226235,0.342319,-0.257439,-0.326267,0.00242577,0.414496,0.226235,0.342319,-0.231695,-0.0407692
1769,32.0401,0.49019,0,0.253707,0.384524,-0.242062,-0.260147,0.0326488,0.334997,0.253707,0.384524,-0.217856,-0.0429891
1770,32.0582,0.449658,0,0.283769,0.428814,-0.214593,-0.202119,0.0469828,0.259425,0.283769,0.428814,-0.193133,-0.0426263
1771,32.0764,0.421298,0,0.317345,0.4751,-0.17342,-0.153026,0.0513381,0.189421,0.317345,0.4751,-0.156078,-0.0385238
1772,32.0945,0.406848,0,0.354365,0.518572,-0.118065,-0.112614,0.0502041,0.125116,0.354365,0.518572,-0.106259,-0.0292868
1773,32.1126,0.404677,0,0.390969,0.553353,-0.0470642,-0.0799929,0.0466965,0.066,0.390969,0.553353,-0.0423578,-0.0128805
1774,32.1307,0.412753,0,0.425328,0.572685,0.0362955,-0.0539781,0.042836,0.0114082,0.425328,0.572685,0.0326659,0.0108062
1775,32.1488,0.428849,0,0.455024,0.573524,0.129449,-0.0333103,0.0398579,-0.0392663,0.455024,0.573524,0.116504,0.0412317
1776,32.1669,0.448927,0,0.478464,0.55138,0.223759,-0.0167871,0.038476,-0.0865042,0.478464,0.55138,0.201383,0.0749425
1777,32.185,0.468706,0,0.491085,0.506207,0.312521,-0.00332749,0.0390842,-0.130658,0.491085,0.506207,0.281269,0.107432
1778,32.2031,0.483744,0,0.49181,0.440746,0.383802,0.00800691,0.0419,-0.17197,0.49181,0.440746,0.345422,0.13213
1779,32.2212,0.491078,0,0.478426,0.36314,0.430957,0.0180153,0.0470648,-0.210598,0.478426,0.36314,0.387861,0.144327
1780,32.2394,0.49082,0,0.453375,0.282275,0.452985,0.0273759,0.0547099,-0.246623,0.453375,0.282275,0.407686,0.14376
1781,32.2575,0.479957,0,0.418492,0.202903,0.445385,0.0366706,0.0650009,-0.280061,0.418492,0.202903,0.400847,0.130473
1782,32.2756,0.462773,0,0.376226,0.13565,0.417423,0.0464109,0.0781651,-0.310858,0.376226,0.13565,0.37568,0.109932
1783,32.2937,0.441103,0,0.331052,0.085458,0.374261,0.0570645,0.094509,-0.338876,0.331052,0.085458,0.336835,0.08673
1784,32.3118,0.418283,0,0.286359,0.0501979,0.324274,0.0690777,0.114427,-0.363873,0.286359,0.0501979,0.291846,0.065001
1785,32.3299,0.395292,0,0.244318,0.0275436,0.270592,0.082896,0.138404,-0.385473,0.244318,0.0275436,0.243533,0.0462772
1786,32.348,0.373217,0,0.207533,0.0142748,0.215563,0.0989794,0.167001,-0.403116,0.207533,0.0142748,0.194007,0.0313155
1787,32.3661,0.352417,0,0.175642,0.00856787,0.160439,0.117812,0.200834,-0.416001,0.175642,0.00856787,0.144395,0.0197259
1788,32.3843,0.335234,0,0.148757,0.00779795,0.108885,0.139903,0.240514,-0.423008,0.148757,0.00779795,0.0979966,0.0113382
1789,32.4024,0.320306,0,0.127052,0.0128348,0.0583961,0.165771,0.28655,-0.422611,0.127052,0.0128348,0.0525565,0.00519354
1790,32.4205,0.310562,0,0.111094,0.0202633,0.0120017,0.195912,0.339178,-0.412787,0.111094,0.0202633,0.0108015,0.000933318
1791,32.4386,0.306533,0,0.0991229,0.0295925,-0.032093,0.230728,0.398085,-0.390954,0.0991229,0.0295925,-0.0288837,-0.0022268
1792,32.4567,0.310214,0,0.0909849,0.0389041,-0.0756473,0.27041,0.46201,-0.35401,0.0909849,0.0389041,-0.0680826,-0.00481794
1793,32.4748,0.324283,0,0.0853819,0.0484458,-0.117755,0.314755,0.52821,-0.298566,0.0853819,0.0484458,-0.10598,-0.00703792
1794,32.4929,0.348624,0,0.0833314,0.0604717,-0.157787,0.362914,0.59187,-0.221546,0.0833314,0.0604717,-0.142009,-0.00920404
1795,32.511,0.381289,0,0.0843784,0.0774587,-0.193388,0.413092,0.645699,-0.121308,0.0843784,0.0774587,-0.174049,-0.0114225
1796,32.5292,0.422081,0,0.0882034,0.0942368,-0.22562,0.462272,0.680165,0.000694871,0.0882034,0.0942368,-0.203058,-0.0139303
1797,32.5473,0.466188,0,0.0942809,0.112721,-0.255457,0.506153,0.684961,0.138112,0.0942809,0.112721,-0.229911,-0.0168593
1798,32.5654,0.508236,0,0.102424,0.133283,-0.282284,0.5395,0.65202,0.278776,0.102424,0.133283,-0.254056,-0.0202389
1799,32.5835,0.542319,0,0.113543,0.157242,-0.306256,0.557078,0.579385,0.406065,0.113543,0.157242,-0.27563,-0.0243411
1800,32.6016,0.564319,0,0.127473,0.185019,-0.326984,0.555056,0.473873,0.503139,0.127473,0.185019,-0.294286,-0.0291771
1801,32.6197,0.571685,0,0.144127,0.217743,-0.342671,0.532315,0.350204,0.558569,0.144127,0.217743,-0.308404,-0.0345718
1802,32.6378,0.565694,0,0.164253,0.255003,-0.353179,0.490994,0.226275,0.5701,0.164253,0.255003,-0.317861,-0.0406075
1803,32.6559,0.548884,0,0.188203,0.298838,-0.35549,0.435906,0.117184,0.544213,0.188203,0.298838,-0.319941,-0.0468331
1804,32.674,0.525947,0,0.216416,0.347604,-0.347634,0.373143,0.0314616,0.492218,0.216416,0.347604,-0.31287,-0.0526635
1805,32.6922,0.501792,0,0.248978,0.401764,-0.326701,0.308583,-0.0291782,0.425709,0.248978,0.401764,-0.294031,-0.0569391
1806,32.7103,0.481667,0,0.286399,0.45891,-0.292153,0.24687,-0.0676867,0.353712,0.286399,0.45891,-0.262938,-0.0585707
1807,32.7284,0.469541,0,0.326883,0.517748,-0.24222,0.191048,-0.0890756,0.281918,0.326883,0.517748,-0.217998,-0.0554243
1808,32.7465,0.465928,0,0.369985,0.571256,-0.175332,0.142659,-0.0985173,0.213246,0.369985,0.571256,-0.157799,-0.0454092
1809,32.7646,0.472821,0,0.415098,0.61842,-0.0879144,0.102098,-0.100382,0.148799,0.415098,0.61842,-0.079123,-0.0255452
1810,32.7827,0.486591,0,0.458444,0.646246,0.0193323,0.0689951,-0.0979524,0.0887039,0.458444,0.646246,0.017399,0.00620392
1811,32.8008,0.505579,0,0.495497,0.648426,0.138554,0.0425505,-0.0935001,0.03266,0.495497,0.648426,0.124699,0.0480573
1812,32.8189,0.525337,0,0.523651,0.616797,0.260665,0.0217762,-0.0884879,-0.0197516,0.523651,0.616797,0.234599,0.0955482
1813,32.8371,0.544341,0,0.538702,0.555255,0.37424,0.00565642,-0.0837913,-0.0689327,0.538702,0.555255,0.336816,0.141123
1814,32.8552,0.554769,0,0.537028,0.46397,0.460818,-0.00675929,-0.0798875,-0.115221,0.537028,0.46397,0.414736,0.173231
1815,32.8733,0.554579,0,0.516856,0.356421,0.512349,-0.01631,-0.0770004,-0.158885,0.516856,0.356421,0.461114,0.185368
1816,32.8914,0.543415,0,0.480349,0.247273,0.526384,-0.0237081,-0.0752059,-0.200138,0.480349,0.247273,0.473746,0.176993
1817,32.9095,0.521877,0,0.432163,0.150216,0.504754,-0.0295426,-0.0745042,-0.239151,0.432163,0.150216,0.454278,0.152695
1818,32.9276,0.495996,0,0.378072,0.0726193,0.463016,-0.0342926,-0.0748678,-0.276064,0.378072,0.0726193,0.416714,0.122537
1819,32.9457,0.466249,0,0.320934,0.0165348,0.406272,-0.0383453,-0.0762728,-0.310994,0.320934,0.0165348,0.365644,0.0912703
1820,32.9638,0.434272,0,0.265201,-0.0205391,0.340071,-0.0420153,-0.0787175,-0.344042,0.265201,-0.0205391,0.306064,0.063131
1821,32.982,0.403584,0,0.213763,-0.0426548,0.272643,-0.0455629,-0.0822352,-0.375294,0.213763,-0.0426548,0.245379,0.0407968
1822,33.0001,0.374206,0,0.17002,-0.0528263,0.204167,-0.0492112,-0.0869019,-0.404821,0.17002,-0.0528263,0.18375,0.0242987
1823,33.0182,0.349097,0,0.13245,-0.0539469,0.141465,-0.0531612,-0.0928429,-0.43268,0.13245,-0.0539469,0.127318,0.0131159
1824,33.0363,0.328852,0,0.10317,-0.0509754,0.0852934,-0.0576052,-0.100239,-0.458909,0.10317,-0.0509754,0.076764,0.00615978
1825,33.0544,0.31077,0,0.0790096,-0.0445482,0.0316897,-0.0627393,-0.109334,-0.483523,0.0790096,-0.0445482,0.0285207,0.00175265
1826,33.0725,0.294621,0,0.0605223,-0.0384894,-0.0197065,-0.0687748,-0.120444,-0.506503,0.0605223,-0.0384894,-0.0177358,-0.000834877
1827,33.0906,0.281948,0,0.0466472,-0.0317571,-0.0662633,-0.0759494,-0.133968,-0.52779,0.0466472,-0.0317571,-0.059637,-0.0021637
1828,33.1087,0.271318,0,0.0367689,-0.0263189,-0.110537,-0.0845388,-0.150398,-0.547262,0.0367689,-0.0263189,-0.0994834,-0.00284503
1829,33.1268,0.262366,0,0.0296848,-0.0189695,-0.154732,-0.0948684,-0.17034,-0.564709,0.0296848,-0.0189695,-0.139259,-0.00321524
1830,33.145,0.257515,0,0.0251497,-0.0109867,-0.195468,-0.107325,-0.194519,-0.579797,0.0251497,-0.0109867,-0.175921,-0.00344118
1831,33.1631,0.257885,0,0.0228278,-0.00328055,-0.231727,-0.122371,-0.223798,-0.592008,0.0228278,-0.00328055,-0.208554,-0.00370287
1832,33.1812,0.263595,0,0.0231518,0.00376734,-0.26514,-0.140551,-0.25917,-0.600569,0.0231518,0.00376734,-0.238626,-0.00429693
1833,33.1993,0.274796,0,0.0238109,0.0107215,-0.297416,-0.162504,-0.301735,-0.604331,0.0238109,0.0107215,-0.267674,-0.0049572
1834,33.2174,0.292721,0,0.0253297,0.016961,-0.328611,-0.188956,-0.352631,-0.601629,0.0253297,0.016961,-0.29575,-0.00582653
1835,33.2355,0.319775,0,0.027732,0.0243468,-0.357967,-0.220703,-0.41288,-0.590091,0.027732,0.0243468,-0.32217,-0.00694899
1836,33.2536,0.357574,0,0.0316438,0.0331159,-0.385022,-0.258544,-0.483083,-0.566425,0.0316438,0.0331159,-0.34652,-0.00852849
1837,33.2717,0.407744,0,0.0365349,0.0453105,-0.410319,-0.303169,-0.562906,-0.526246,0.0365349,0.0453105,-0.369287,-0.0104937
1838,33.2899,0.46988,0,0.0431644,0.0589612,-0.433696,-0.354928,-0.650236,-0.464091,0.0431644,0.0589612,-0.390326,-0.0131042
1839,33.308,0.543439,0,0.0502251,0.0750473,-0.455395,-0.413469,-0.740013,-0.373891,0.0502251,0.0750473,-0.409855,-0.0160106
1840,33.3261,0.62669,0,0.0594734,0.0935973,-0.474405,-0.477207,-0.822918,-0.250364,0.0594734,0.0935973,-0.426964,-0.0197501
1841,33.3442,0.715737,0,0.0703519,0.115975,-0.491472,-0.542687,-0.884649,-0.0917564,0.0703519,0.115975,-0.442324,-0.0242032
1842,33.3623,0.803496,0,0.0841958,0.141991,-0.50577,-0.604093,-0.907167,0.0961805,0.0841958,0.141991,-0.455193,-0.0298086
1843,33.3804,0.88076,0,0.100711,0.174296,-0.516144,-0.653395,-0.873512,0.296652,0.100711,0.174296,-0.464529,-0.036387
1844,33.3985,0.937126,0,0.12142,0.214136,-0.522303,-0.681682,-0.776055,0.48227,0.12142,0.214136,-0.470073,-0.0443926
1845,33.4166,0.963664,0,0.146301,0.263671,-0.522954,-0.681782,-0.62396,0.622618,0.146301,0.263671,-0.470659,-0.053556
1846,33.4348,0.954738,0,0.176172,0.319997,-0.514778,-0.651128,-0.443054,0.696793,0.176172,0.319997,-0.4633,-0.0634827
1847,33.4529,0.913135,0,0.210759,0.384296,-0.494558,-0.593109,-0.265683,0.702426,0.210759,0.384296,-0.445102,-0.0729626
1848,33.471,0.847544,0,0.251814,0.455516,-0.458262,-0.515887,-0.117278,0.654184,0.251814,0.455516,-0.412436,-0.0807777
1849,33.4891,0.770387,0,0.299077,0.533463,-0.403353,-0.429466,-0.00910488,0.574059,0.299077,0.533463,-0.363018,-0.0844436
1850,33.5072,0.693358,0,0.353755,0.613912,-0.324817,-0.342824,0.0602323,0.48169,0.353755,0.613912,-0.292335,-0.0804339
1851,33.5253,0.625026,0,0.411851,0.690042,-0.216761,-0.262332,0.0989301,0.389899,0.411851,0.690042,-0.195085,-0.0624914
1852,33.5434,0.572455,0,0.47124,0.748811,-0.0749309,-0.191517,0.116698,0.30494,0.47124,0.748811,-0.0674378,-0.0247173
1853,33.5615,0.540761,0,0.527496,0.77326,0.0923666,-0.131604,0.121902,0.228703,0.527496,0.77326,0.0831299,0.0341061
1854,33.5796,0.526392,0,0.573356,0.744786,0.270111,-0.0822846,0.120714,0.160867,0.573356,0.744786,0.2431,0.108409
1855,33.5978,0.522239,0,0.59975,0.658746,0.435987,-0.0423811,0.117272,0.100315,0.59975,0.658746,0.392388,0.183038
1856,33.6159,0.520741,0,0.602797,0.527397,0.562411,-0.0103333,0.114171,0.045856,0.602797,0.527397,0.50617,0.237314
1857,33.634,0.51314,0,0.577041,0.36934,0.635951,0.0155019,0.112952,-0.00348424,0.577041,0.36934,0.572356,0.256879
1858,33.6521,0.493996,0,0.528746,0.213585,0.64453,0.0366811,0.114485,-0.0483975,0.528746,0.213585,0.580077,0.238555
1859,33.6702,0.466466,0,0.462209,0.0804464,0.607188,0.0545963,0.119245,-0.0893148,0.462209,0.0804464,0.546469,0.196454
1860,33.6883,0.436101,0,0.385735,-0.02238,0.543389,0.070451,0.127498,-0.12645,0.385735,-0.02238,0.48905,0.146723
1861,33.7064,0.406046,0,0.307182,-0.0928856,0.465793,0.0852684,0.139412,-0.159838,0.307182,-0.0928856,0.419213,0.100158
1862,33.7245,0.377626,0,0.234073,-0.133747,0.381923,0.099914,0.155133,-0.18935,0.234073,-0.133747,0.34373,0.0625785
1863,33.7427,0.354407,0,0.168741,-0.153981,0.300883,0.115123,0.174819,-0.214703,0.168741,-0.153981,0.270795,0.0355399
1864,33.7608,0.340412,0,0.112726,-0.164344,0.228811,0.131529,0.198637,-0.235444,0.112726,-0.164344,0.205929,0.018055
1865,33.7789,0.335169,0,0.0654196,-0.167408,0.166869,0.149678,0.226749,-0.250929,0.0654196,-0.167408,0.150182,0.00764155
1866,33.797,0.335418,0,0.0273692,-0.166777,0.108018,0.170044,0.259257,-0.260295,0.0273692,-0.166777,0.0972159,0.00206945
1867,33.8151,0.340659,0,-0.00417345,-0.163673,0.0503786,0.193021,0.296117,-0.262436,-0.00417345,-0.163673,0.0453408,-0.000147177
1868,33.8332,0.353437,0,-0.029127,-0.160828,-0.000274254,0.2189,0.337012,-0.255991,-0.029127,-0.160828,-0.000246828,5.59173e-06
1869,33.8513,0.372891,0,-0.0495773,-0.158674,-0.0463702,0.247824,0.38118,-0.239381,-0.0495773,-0.158674,-0.0417332,0.00160924
1870,33.8694,0.399041,0,-0.0659878,-0.15879,-0.0892053,0.279712,0.427196,-0.210915,-0.0659878,-0.15879,-0.0802848,0.00412053
1871,33.8876,0.433648,0,-0.0808635,-0.164764,-0.127787,0.314159,0.472737,-0.169028,-0.0808635,-0.164764,-0.115008,0.0072333
1872,33.9057,0.474748,0,-0.095178,-0.174815,-0.164299,0.350315,0.51441,-0.112689,-0.095178,-0.174815,-0.147869,0.0109463
1873,33.9238,0.519466,0,-0.107728,-0.187596,-0.19785,0.386763,0.547744,-0.0419975,-0.107728,-0.187596,-0.178065,0.0149197
1874,33.9419,0.566324,0,-0.119491,-0.205021,-0.22849,0.42146,0.567546,0.0411048,-0.119491,-0.205021,-0.205641,0.0191117
1875,33.96,0.613055,0,-0.133469,-0.227472,-0.256384,0.451784,0.568747,0.132234,-0.133469,-0.227472,-0.230746,0.0239536
1876,33.9781,0.654134,0,-0.14931,-0.252081,-0.279987,0.474785,0.547743,0.224458,-0.14931,-0.252081,-0.251988,0.0292633
1877,33.9962,0.684933,0,-0.167212,-0.27785,-0.29714,0.487648,0.503861,0.309067,-0.167212,-0.27785,-0.267426,0.0347797
1878,34.0143,0.70384,0,-0.186955,-0.309441,-0.306868,0.488304,0.440301,0.3773,-0.186955,-0.309441,-0.276182,0.0401594
1879,34.0324,0.709236,0,-0.209486,-0.345539,-0.309559,0.475991,0.363854,0.422512,-0.209486,-0.345539,-0.278603,0.0453939
1880,34.0506,0.702407,0,-0.234638,-0.388026,-0.305575,0.451533,0.283296,0.441836,-0.234638,-0.388026,-0.275017,0.0501896
1881,34.0687,0.684527,0,-0.263187,-0.434034,-0.292688,0.4172,0.207099,0.436527,-0.263187,-0.434034,-0.263419,0.0539222
1882,34.0868,0.659906,0,-0.295686,-0.484112,-0.269932,0.3762,0.141517,0.410938,-0.295686,-0.484112,-0.242939,0.0558707
1883,34.1049,0.630601,0,-0.331382,-0.5345,-0.231829,0.332013,0.0897655,0.37081,-0.331382,-0.5345,-0.208646,0.0537767
1884,34.123,0.602377,0,-0.369714,-0.584222,-0.179367,0.287803,0.0522997,0.321716,-0.369714,-0.584222,-0.16143,0.0464201
1885,34.1411,0.578864,0,-0.410294,-0.629655,-0.109145,0.24605,0.0277041,0.26814,-0.410294,-0.629655,-0.0982302,0.031347
1886,34.1592,0.563222,0,-0.451407,-0.665451,-0.0214398,0.208433,0.0136662,0.213223,-0.451407,-0.665451,-0.0192958,0.00677466
1887,34.1773,0.553878,0,-0.48932,-0.679033,0.0800638,0.175885,0.00771793,0.158921,-0.48932,-0.679033,0.0720574,-0.0274238
1888,34.1955,0.549135,0,-0.518791,-0.665334,0.184525,0.14874,0.00767012,0.106328,-0.518791,-0.665334,0.166072,-0.0670108
1889,34.2136,0.547753,0,-0.538269,-0.62518,0.283765,0.126921,0.0117965,0.0559879,-0.538269,-0.62518,0.255388,-0.106919
1890,34.2317,0.546841,0,-0.545501,-0.560608,0.370788,0.110095,0.0188608,0.0081384,-0.545501,-0.560608,0.333709,-0.141586
1891,34.2498,0.542801,0,-0.537974,-0.477484,0.436255,0.097809,0.0280645,-0.0371351,-0.537974,-0.477484,0.39263,-0.164286
1892,34.2679,0.532493,0,-0.515708,-0.385835,0.47139,0.089582,0.0389667,-0.0798034,-0.515708,-0.385835,0.424251,-0.17017
1893,34.286,0.514489,0,-0.480305,-0.294647,0.475821,0.0849671,0.0514037,-0.119842,-0.480305,-0.294647,0.428239,-0.159977
1894,34.3041,0.490036,0,-0.435433,-0.214339,0.453339,0.083589,0.06542,-0.157199,-0.435433,-0.214339,0.408005,-0.138179
1895,34.3222,0.461864,0,-0.385138,-0.149541,0.412806,0.085164,0.0812149,-0.191779,-0.385138,-0.149541,0.371525,-0.111291
1896,34.3404,0.432116,0,-0.335187,-0.102277,0.359033,0.0895071,0.0991033,-0.223422,-0.335187,-0.102277,0.323129,-0.0842401
1897,34.3585,0.403635,0,-0.286418,-0.0697437,0.301561,0.0965326,0.119486,-0.251887,-0.286418,-0.0697437,0.271405,-0.0604608
1898,34.3766,0.377585,0,-0.241873,-0.0513503,0.241654,0.106249,0.142827,-0.276821,-0.241873,-0.0513503,0.217489,-0.0409147
1899,34.3947,0.355283,0,-0.203343,-0.0434188,0.181378,0.118751,0.169628,-0.29773,-0.203343,-0.0434188,0.16324,-0.0258173
1900,34.4128,0.338561,0,-0.171065,-0.0436587,0.123232,0.13421,0.200399,-0.313934,-0.171065,-0.0436587,0.110909,-0.0147566
1901,34.4309,0.328241,0,-0.145661,-0.0461925,0.0688058,0.152853,0.235606,-0.32452,-0.145661,-0.0461925,0.0619252,-0.00701563
1902,34.449,0.324152,0,-0.125017,-0.051776,0.0153364,0.174943,0.275592,-0.328287,-0.125017,-0.051776,0.0138028,-0.00134212
1903,34.4671,0.328974,0,-0.10896,-0.0590088,-0.0325443,0.200734,0.32045,-0.3237,-0.10896,-0.0590088,-0.0292899,0.00248223
1904,34.4852,0.343475,0,-0.0975849,-0.0694513,-0.0778635,0.230415,0.369839,-0.308872,-0.0975849,-0.0694513,-0.0700772,0.00531882
1905,34.5034,0.36756,0,-0.0904185,-0.0799885,-0.117415,0.264018,0.422717,-0.281616,-0.0904185,-0.0799885,-0.105674,0.00743156
1906,34.5215,0.400363,0,-0.086005,-0.0922003,-0.156769,0.301289,0.477017,-0.239627,-0.086005,-0.0922003,-0.141092,0.00943806
1907,34.5396,0.44019,0,-0.0845131,-0.102868,-0.192992,0.341523,0.52931,-0.180888,-0.0845131,-0.102868,-0.173693,0.0114173
1908,34.5577,0.485769,0,-0.0849131,-0.11378,-0.22593,0.383372,0.574582,-0.104354,-0.0849131,-0.11378,-0.203337,0.0134291
1909,34.5758,0.533925,0,-0.0876991,-0.122772,-0.257946,0.424685,0.606391,-0.0109391,-0.0876991,-0.122772,-0.232151,0.0158351
1910,34.5939,0.583811,0,-0.0920414,-0.135765,-0.288469,0.462457,0.617671,0.0954209,-0.0920414,-0.135765,-0.259622,0.0185858
1911,34.612,0.629658,0,-0.0982881,-0.150057,-0.315944,0.49301,0.60239,0.207119,-0.0982881,-0.150057,-0.28435,0.0217375
1912,34.6301,0.667885,0,-0.106211,-0.168388,-0.340923,0.512514,0.557784,0.313343,-0.106211,-0.168388,-0.306831,0.0253469
1913,34.6483,0.693279,0,-0.117015,-0.190049,-0.360461,0.517797,0.486265,0.402113,-0.117015,-0.190049,-0.324415,0.0295255
1914,34.6664,0.704466,0,-0.129396,-0.215831,-0.378843,0.507226,0.395749,0.463475,-0.129396,-0.215831,-0.340959,0.0343145
1915,34.6845,0.700158,0,-0.144584,-0.244735,-0.393396,0.481281,0.297766,0.492409,-0.144584,-0.244735,-0.354056,0.039815
1916,34.7026,0.682427,0,-0.162158,-0.279269,-0.403356,0.442519,0.204074,0.489876,-0.162158,-0.279269,-0.36302,0.0457853
1917,34.7207,0.654237,0,-0.183537,-0.318322,-0.40689,0.39493,0.123537,0.461567,-0.183537,-0.318322,-0.366201,0.0522755
1918,34.7388,0.621366,0,-0.208752,-0.365491,-0.404609,0.342986,0.0606538,0.415314,-0.208752,-0.365491,-0.364148,0.0591241
1919,34.7569,0.586679,0,-0.239071,-0.418599,-0.391692,0.290774,0.0159114,0.358668,-0.239071,-0.418599,-0.352523,0.0655495
1920,34.775,0.554803,0,-0.273939,-0.477899,-0.366962,0.241457,-0.0128451,0.297501,-0.273939,-0.477899,-0.330265,0.0703675
1921,34.7932,0.529202,0,-0.314288,-0.54116,-0.326687,0.197107,-0.0289343,0.235686,-0.314288,-0.54116,-0.294018,0.0718717
1922,34.8113,0.512104,0,-0.357626,-0.605126,-0.267178,0.158794,-0.0357684,0.17542,-0.357626,-0.605126,-0.24046,0.0668848
1923,34.8294,0.505576,0,-0.404314,-0.663618,-0.184179,0.12682,-0.0362784,0.117752,-0.404314,-0.663618,-0.165761,0.0521263
1924,34.8475,0.511036,0,-0.451926,-0.709368,-0.0781294,0.100959,-0.0327139,0.0630506,-0.451926,-0.709368,-0.0703165,0.0247161
1925,34.8656,0.526135,0,-0.497447,-0.730175,0.0470591,0.0806857,-0.0266541,0.0113452,-0.497447,-0.730175,0.0423532,-0.0163866
1926,34.8837,0.549539,0,-0.536075,-0.723357,0.182354,0.0653359,-0.0191141,-0.0374782,-0.536075,-0.723357,0.164118,-0.0684287
1927,34.9018,0.572357,0,-0.563336,-0.678714,0.310274,0.0542259,-0.0106717,-0.0835709,-0.563336,-0.678714,0.279247,-0.122352
1928,34.9199,0.58964,0,-0.574953,-0.597212,0.422266,0.0467224,-0.00158456,-0.127074,-0.574953,-0.597212,0.380039,-0.169948
1929,34.938,0.59637,0,-0.564882,-0.489591,0.503175,0.0422828,0.00811636,-0.168099,-0.564882,-0.489591,0.452857,-0.198964
1930,34.9562,0.592376,0,-0.5375,-0.373453,0.544941,0.040473,0.0185588,-0.206725,-0.5375,-0.373453,0.490447,-0.205034
1931,34.9743,0.573329,0,-0.494362,-0.259723,0.541615,0.0409717,0.029983,-0.242992,-0.494362,-0.259723,0.487453,-0.187428
1932,34.9924,0.5451,0,-0.440667,-0.163722,0.506874,0.0435676,0.0427129,-0.276901,-0.440667,-0.163722,0.456187,-0.156354
1933,35.0105,0.512412,0,-0.378714,-0.0882942,0.45601,0.0481532,0.0571422,-0.308405,-0.378714,-0.0882942,0.410409,-0.120888
1934,35.0286,0.476359,0,-0.316521,-0.0344515,0.39146,0.0547176,0.0737276,-0.337397,-0.316521,-0.0344515,0.352314,-0.0867338
1935,35.0467,0.441359,0,-0.258715,-0.00445857,0.322737,0.0633408,0.0929896,-0.363687,-0.258715,-0.00445857,0.290463,-0.0584478
1936,35.0648,0.40886,0,-0.208515,0.00871247,0.253463,0.0741886,0.115514,-0.386983,-0.208515,0.00871247,0.228116,-0.0369955
1937,35.0829,0.380555,0,-0.166204,0.0102881,0.187094,0.087509,0.14195,-0.406843,-0.166204,0.0102881,0.168384,-0.021767
1938,35.1011,0.358582,0,-0.13136,0.00903508,0.128409,0.103628,0.172999,-0.422627,-0.13136,0.00903508,0.115568,-0.0118074
1939,35.1192,0.340829,0,-0.102248,0.00808606,0.0737783,0.122943,0.209389,-0.43343,-0.102248,0.00808606,0.0664005,-0.00528057
1940,35.1373,0.327299,0,-0.0783385,0.00630506,0.0211535,0.145907,0.251808,-0.437993,-0.0783385,0.00630506,0.0190382,-0.00115999
1941,35.1554,0.320998,0,-0.0601061,0.00229565,-0.0275728,0.173007,0.300791,-0.434608,-0.0601061,0.00229565,-0.0248155,0.0011601
1942,35.1735,0.322206,0,-0.0451271,-0.00331765,-0.0752636,0.204707,0.356521,-0.421022,-0.0451271,-0.00331765,-0.0677372,0.0023775
1943,35.1916,0.332997,0,-0.0349888,-0.00541912,-0.117672,0.241364,0.418511,-0.39439,-0.0349888,-0.00541912,-0.105905,0.00288204
1944,35.2097,0.353958,0,-0.0263725,-0.00764898,-0.158335,0.283084,0.485143,-0.351342,-0.0263725,-0.00764898,-0.142501,0.00292297
1945,35.2278,0.385307,0,-0.0202785,-0.00828733,-0.199354,0.329507,0.553069,-0.288315,-0.0202785,-0.00828733,-0.179418,0.00282981
1946,35.246,0.428671,0,-0.0151819,-0.0112095,-0.238849,0.379523,0.616605,-0.202312,-0.0151819,-0.0112095,-0.214964,0.00253833
1947,35.2641,0.479448,0,-0.0114491,-0.0118655,-0.272525,0.430941,0.667405,-0.0922646,-0.0114491,-0.0118655,-0.245273,0.00218411
1948,35.2822,0.53341,0,-0.00806622,-0.00975698,-0.305071,0.48024,0.695009,0.0390821,-0.00806622,-0.00975698,-0.274564,0.00172254
1949,35.3003,0.585437,0,-0.00437757,-0.00396363,-0.336753,0.522587,0.688862,0.183354,-0.00437757,-0.00396363,-0.303077,0.00103191
1950,35.3184,0.632094,0,-0.000143209,-0.000676838,-0.366971,0.552382,0.641957,0.326114,-0.000143209,-0.000676838,-0.330274,3.67876e-05
1951,35.3365,0.666333,0,0.00262605,0.00331478,-0.394646,0.564432,0.554885,0.44924,0.00262605,0.00331478,-0.355182,-0.000725453
1952,35.3546,0.684155,0,0.0065399,0.00655239,-0.421347,0.555482,0.437756,0.536216,0.0065399,0.00655239,-0.379212,-0.0019289
1953,35.3727,0.683701,0,0.00952182,0.011438,-0.445928,0.525442,0.307841,0.577944,0.00952182,0.011438,-0.401335,-0.00297223
1954,35.3908,0.667463,0,0.0135148,0.0166114,-0.470142,0.477579,0.183643,0.575451,0.0135148,0.0166114,-0.423128,-0.00444771
1955,35.409,0.638857,0,0.017729,0.0254124,-0.492459,0.417551,0.0789269,0.537925,0.017729,0.0254124,-0.443213,-0.00611158
1956,35.4271,0.603108,0,0.0232177,0.0347811,-0.513086,0.351795,-3.50123e-05,0.477895,0.0232177,0.0347811,-0.461778,-0.00833889
1957,35.4452,0.564713,0,0.0292963,0.0468593,-0.531635,0.286066,-0.0535772,0.406812,0.0292963,0.0468593,-0.478471,-0.0109025
1958,35.4633,0.527026,0,0.0369688,0.0614563,-0.548253,0.224608,-0.085937,0.332847,0.0369688,0.0614563,-0.493428,-0.0141878
1959,35.4814,0.491976,0,0.0458811,0.0795016,-0.562403,0.169973,-0.102651,0.260727,0.0458811,0.0795016,-0.506163,-0.0180626
1960,35.4995,0.460509,0,0.0568324,0.100398,-0.574186,0.123263,-0.108916,0.192613,0.0568324,0.100398,-0.516767,-0.0228427
1961,35.5176,0.433383,0,0.0697039,0.126828,-0.583397,0.0845273,-0.108888,0.12912,0.0697039,0.126828,-0.525057,-0.0284655
1962,35.5357,0.411529,0,0.0858227,0.158784,-0.591044,0.053164,-0.105571,0.0701057,0.0858227,0.158784,-0.53194,-0.0355075
1963,35.5539,0.395744,0,0.105185,0.19878,-0.59646,0.0282308,-0.10098,0.015146,0.105185,0.19878,-0.536814,-0.043917
1964,35.572,0.386556,0,0.12966,0.247079,-0.598075,0.00866502,-0.0963782,-0.0362247,0.12966,0.247079,-0.538267,-0.0542822
1965,35.5901,0.384879,0,0.158655,0.304501,-0.593808,-0.00657968,-0.0925008,-0.0844156,0.158655,0.304501,-0.534428,-0.0659475
1966,35.6082,0.391425,0,0.193818,0.370235,-0.580316,-0.0184586,-0.0897384,-0.129756,0.193818,0.370235,-0.522284,-0.0787329
1967,35.6263,0.406167,0,0.234631,0.444029,-0.550258,-0.0278032,-0.088272,-0.172502,0.234631,0.444029,-0.495233,-0.0903753
1968,35.6444,0.432568,0,0.283215,0.526561,-0.499192,-0.0353155,-0.0881698,-0.212853,0.283215,0.526561,-0.449273,-0.098965
1969,35.6625,0.473925,0,0.339106,0.61675,-0.424669,-0.041577,-0.0894521,-0.250961,0.339106,0.61675,-0.382202,-0.100805
1970,35.6806,0.529691,0,0.40239,0.707067,-0.318284,-0.0470669,-0.0921349,-0.286951,0.40239,0.707067,-0.286456,-0.0896519
1971,35.6988,0.596321,0,0.467767,0.783151,-0.168967,-0.0521819,-0.0962577,-0.320917,0.467767,0.783151,-0.15207,-0.0553258
1972,35.7169,0.670237,0,0.532369,0.827656,0.0157323,-0.0572581,-0.101903,-0.352931,0.532369,0.827656,0.0141591,0.00586278
1973,35.735,0.741734,0,0.588267,0.819479,0.220641,-0.0625902,-0.109207,-0.383043,0.588267,0.819479,0.198577,0.0908572
1974,35.7531,0.800972,0,0.627133,0.747688,0.419855,-0.0684506,-0.118373,-0.41127,0.627133,0.747688,0.37787,0.184314
1975,35.7712,0.83646,0,0.641458,0.609399,0.581863,-0.0751057,-0.129677,-0.437597,0.641458,0.609399,0.523677,0.261269
1976,35.7893,0.845117,0,0.621951,0.424779,0.688275,-0.0828314,-0.14348,-0.461957,0.621951,0.424779,0.619448,0.299652
1977,35.8074,0.823598,0,0.570043,0.233248,0.716575,-0.0919278,-0.160238,-0.484219,0.570043,0.233248,0.644918,0.285935
1978,35.8255,0.781866,0,0.497027,0.0685478,0.684201,-0.102733,-0.180511,-0.50416,0.497027,0.0685478,0.615781,0.238047
1979,35.8436,0.726913,0,0.408674,-0.0576521,0.613743,-0.115635,-0.204972,-0.521425,0.408674,-0.0576521,0.552369,0.175575
1980,35.8618,0.664827,0,0.318926,-0.138586,0.520124,-0.131087,-0.234412,-0.535475,0.318926,-0.138586,0.468112,0.116117
1981,35.8799,0.603551,0,0.236071,-0.187795,0.422659,-0.14961,-0.26973,-0.545513,0.236071,-0.187795,0.380393,0.0698442
1982,35.898,0.547727,0,0.160913,-0.208916,0.332069,-0.171804,-0.311896,-0.550376,0.160913,-0.208916,0.298862,0.0374039
1983,35.9161,0.49871,0,0.0940504,-0.214525,0.250926,-0.198336,-0.361869,-0.548408,0.0940504,-0.214525,0.225833,0.0165198
1984,35.9342,0.460284,0,0.0414296,-0.215901,0.183906,-0.229912,-0.420432,-0.537292,0.0414296,-0.215901,0.165515,0.00533339
1985,35.9523,0.429126,0,-0.00138803,-0.211642,0.122874,-0.267215,-0.48789,-0.513891,-0.00138803,-0.211642,0.110587,-0.000119387
1986,35.9704,0.405469,0,-0.0357849,-0.207626,0.0652121,-0.310774,-0.563567,-0.47414,-0.0357849,-0.207626,0.0586909,-0.00163352
1987,35.9885,0.392969,0,-0.0648492,-0.207843,0.0164657,-0.360754,-0.645046,-0.413148,-0.0648492,-0.207843,0.0148191,-0.000747452
1988,36.0067,0.393176,0,-0.0869273,-0.210013,-0.0297246,-0.416607,-0.727161,-0.325752,-0.0869273,-0.210013,-0.0267522,0.00180872
1989,36.0248,0.408879,0,-0.105054,-0.214125,-0.0697812,-0.476611,-0.800996,-0.207889,-0.105054,-0.214125,-0.0628031,0.00513157
1990,36.0429,0.436939,0,-0.12205,-0.22255,-0.105281,-0.53735,-0.853532,-0.0590647,-0.12205,-0.22255,-0.0947531,0.00899471
1991,36.061,0.474181,0,-0.13826,-0.233285,-0.136862,-0.593378,-0.869126,0.114369,-0.13826,-0.233285,-0.123176,0.0132458
1992,36.0791,0.511871,0,-0.153625,-0.249543,-0.162088,-0.637477,-0.833895,0.296667,-0.153625,-0.249543,-0.145879,0.0174305
1993,36.0972,0.542293,0,-0.169188,-0.270275,-0.181616,-0.661919,-0.742527,0.463705,-0.169188,-0.270275,-0.163454,0.0215091
1994,36.1153,0.559083,0,-0.186393,-0.296709,-0.196737,-0.660696,-0.603914,0.589636,-0.186393,-0.296709,-0.177064,0.0256693
1995,36.1334,0.560805,0,-0.205615,-0.32491,-0.208138,-0.631841,-0.440457,0.657013,-0.205615,-0.32491,-0.187324,0.0299574
1996,36.1516,0.54749,0,-0.227362,-0.35646,-0.213771,-0.578448,-0.27969,0.663772,-0.227362,-0.35646,-0.192394,0.0340224
1997,36.1697,0.523169,0,-0.250433,-0.389825,-0.211288,-0.507647,-0.143527,0.621956,-0.250433,-0.389825,-0.19016,0.0370395
1998,36.1878,0.494449,0,-0.2751,-0.425775,-0.200255,-0.428202,-0.042295,0.550039,-0.2751,-0.425775,-0.18023,0.0385632
1999,36.2059,0.466892,0,-0.301461,-0.463555,-0.178149,-0.348108,0.0243735,0.465057,-0.301461,-0.463555,-0.160334,0.0375936
2000,36.224,0.446136,0,-0.330743,-0.501827,-0.145539,-0.273193,0.0629837,0.378665,-0.330743,-0.501827,-0.130985,0.0336952
