step,lt,err,locked,pred_x,pred_y,pred_z,true_x,true_y,true_z,drive_x,drive_y,drive_z,drive_xz
1,0.018112,0.00762796,1,-0.134489,-0.121284,-0.0971285,-0.141058,-0.117116,-0.107807,-0.134489,-0.121284,-0.0874157,0.00914387
2,0.036224,0.0112046,1,-0.130565,-0.136111,-0.131102,-0.13686,-0.131288,-0.148814,-0.130565,-0.136111,-0.117991,0.0119821
3,0.054336,0.0146167,1,-0.129973,-0.151992,-0.162742,-0.136175,-0.14744,-0.186862,-0.129973,-0.151992,-0.146468,0.0148065
4,0.072448,0.0177792,1,-0.132153,-0.169675,-0.191947,-0.138743,-0.165774,-0.221774,-0.132153,-0.169675,-0.172752,0.0177564
5,0.09056,0.020572,1,-0.137257,-0.188449,-0.218436,-0.144396,-0.186606,-0.253297,-0.137257,-0.188449,-0.196593,0.0209874
6,0.108672,0.0223786,1,-0.145125,-0.209236,-0.243154,-0.153067,-0.210338,-0.281077,-0.145125,-0.209236,-0.218839,0.0247015
7,0.126784,0.0241301,1,-0.155344,-0.23289,-0.264161,-0.164774,-0.237418,-0.304626,-0.155344,-0.23289,-0.237745,0.0287252
8,0.144896,0.0256231,1,-0.168836,-0.261056,-0.280847,-0.179617,-0.268305,-0.323283,-0.168836,-0.261056,-0.252762,0.0331919
9,0.163008,0.0268728,1,-0.185459,-0.293078,-0.292492,-0.197759,-0.303415,-0.336176,-0.185459,-0.293078,-0.263243,0.0379717
10,0.18112,0.0279036,1,-0.205111,-0.329486,-0.298035,-0.219396,-0.343047,-0.34217,-0.205111,-0.329486,-0.268231,0.0427913
11,0.199232,0.0292555,1,-0.228117,-0.370002,-0.295181,-0.244726,-0.387259,-0.339835,-0.228117,-0.370002,-0.265663,0.047135
12,0.217344,0.0303005,1,-0.254753,-0.414572,-0.283372,-0.273885,-0.43571,-0.327434,-0.254753,-0.414572,-0.255034,0.0505327
13,0.235456,0.030608,1,-0.284967,-0.462389,-0.261694,-0.306868,-0.487422,-0.302977,-0.284967,-0.462389,-0.235524,0.0522019
14,0.253568,0.0309519,1,-0.318209,-0.511538,-0.226968,-0.343411,-0.540504,-0.264384,-0.318209,-0.511538,-0.204271,0.0505564
15,0.27168,0.0309463,1,-0.354172,-0.559699,-0.177957,-0.382847,-0.591862,-0.209836,-0.354172,-0.559699,-0.160161,0.0441191
16,0.289792,0.0301451,1,-0.392655,-0.60225,-0.115151,-0.423941,-0.637018,-0.138357,-0.392655,-0.60225,-0.103636,0.0316502
17,0.307904,0.0297357,1,-0.430749,-0.63429,-0.036274,-0.464746,-0.670212,-0.0506437,-0.430749,-0.63429,-0.0326466,0.0109375
18,0.326016,0.0290573,1,-0.466447,-0.65053,0.0562173,-0.502546,-0.685048,0.0500273,-0.466447,-0.65053,0.0505956,-0.0183557
19,0.344128,0.027195,1,-0.496689,-0.64708,0.156628,-0.534002,-0.675822,0.157181,-0.496689,-0.64708,0.140965,-0.0544568
20,0.36224,0.0252422,1,-0.518406,-0.617261,0.254898,-0.555553,-0.639387,0.261381,-0.518406,-0.617261,0.229408,-0.0924984
21,0.380352,0.0230505,1,-0.52755,-0.563818,0.342383,-0.564097,-0.576889,0.351734,-0.52755,-0.563818,0.308145,-0.126437
22,0.398464,0.0198436,1,-0.524724,-0.491038,0.409633,-0.557767,-0.494393,0.418479,-0.524724,-0.491038,0.36867,-0.150461
23,0.416576,0.0173356,1,-0.507548,-0.40645,0.449318,-0.536512,-0.401698,0.455647,-0.507548,-0.40645,0.404386,-0.159635
24,0.434688,0.0149963,1,-0.478222,-0.318433,0.457722,-0.502215,-0.309683,0.462454,-0.478222,-0.318433,0.411949,-0.153225
25,0.4528,0.0139988,1,-0.437876,-0.240325,0.440244,-0.458259,-0.22744,0.44278,-0.437876,-0.240325,0.39622,-0.134941
26,0.470912,0.0131068,1,-0.392528,-0.176356,0.404365,-0.408741,-0.160507,0.403221,-0.392528,-0.176356,0.363929,-0.111107
27,0.489024,0.0125622,1,-0.345237,-0.127505,0.356802,-0.357665,-0.11066,0.350867,-0.345237,-0.127505,0.321122,-0.0862269
28,0.507136,0.0126264,1,-0.298835,-0.093574,0.302136,-0.308342,-0.0768374,0.291754,-0.298835,-0.093574,0.271923,-0.0632022
29,0.525248,0.0141304,1,-0.256502,-0.0744824,0.245371,-0.26313,-0.0564275,0.230235,-0.256502,-0.0744824,0.220834,-0.0440567
30,0.54336,0.0159308,1,-0.219026,-0.0653537,0.188565,-0.223428,-0.0463524,0.169047,-0.219026,-0.0653537,0.169708,-0.0289104
31,0.561472,0.0181817,1,-0.187524,-0.06332,0.134272,-0.189836,-0.0437536,0.109705,-0.187524,-0.06332,0.120844,-0.0176254
32,0.579584,0.0203294,1,-0.16152,-0.0641599,0.0832664,-0.162375,-0.0463099,0.0529267,-0.16152,-0.0641599,0.0749397,-0.00941443
33,0.597696,0.0215612,1,-0.13997,-0.0682273,0.0327573,-0.1407,-0.0523132,-0.00101949,-0.13997,-0.0682273,0.0294815,-0.00320953
34,0.615808,0.0229723,1,-0.1246,-0.0751435,-0.0150475,-0.124271,-0.0606169,-0.0520886,-0.1246,-0.0751435,-0.0135427,0.00131244
35,0.63392,0.0248801,1,-0.113005,-0.0835663,-0.0592506,-0.112484,-0.0705357,-0.100324,-0.113005,-0.0835663,-0.0533255,0.00468691
36,0.652032,0.0270004,1,-0.105017,-0.0924265,-0.100256,-0.104755,-0.0817397,-0.145784,-0.105017,-0.0924265,-0.0902308,0.00737
37,0.670144,0.0292219,1,-0.100656,-0.103528,-0.138773,-0.100571,-0.0941626,-0.188512,-0.100656,-0.103528,-0.124895,0.00977777
38,0.688256,0.0314748,1,-0.0995618,-0.116732,-0.174711,-0.0995205,-0.10793,-0.228512,-0.0995618,-0.116732,-0.15724,0.0121762
39,0.706368,0.0327749,1,-0.100808,-0.130641,-0.209451,-0.101302,-0.123311,-0.265741,-0.100808,-0.130641,-0.188506,0.0147801
40,0.72448,0.033487,1,-0.104335,-0.145124,-0.242282,-0.105728,-0.140678,-0.300095,-0.104335,-0.145124,-0.218054,0.0176949
41,0.742592,0.0339584,1,-0.109795,-0.16222,-0.272673,-0.112722,-0.160491,-0.331393,-0.109795,-0.16222,-0.245406,0.0209567
42,0.760704,0.0347694,1,-0.117619,-0.180855,-0.299359,-0.122309,-0.183281,-0.35935,-0.117619,-0.180855,-0.269423,0.0246472
43,0.778816,0.0356458,1,-0.127587,-0.202508,-0.322625,-0.134615,-0.209636,-0.383549,-0.127587,-0.202508,-0.290363,0.0288139
44,0.796928,0.0365593,1,-0.1401,-0.227388,-0.342148,-0.14985,-0.240182,-0.403394,-0.1401,-0.227388,-0.307934,0.0335545
45,0.81504,0.0374128,1,-0.155086,-0.256689,-0.357488,-0.168302,-0.275554,-0.418057,-0.155086,-0.256689,-0.321739,0.038809
46,0.833152,0.0385863,1,-0.173235,-0.290335,-0.367257,-0.190321,-0.316336,-0.426407,-0.173235,-0.290335,-0.330531,0.0445351
47,0.851264,0.0399575,1,-0.194513,-0.329741,-0.370261,-0.216283,-0.36296,-0.426939,-0.194513,-0.329741,-0.333235,0.0504145
48,0.869376,0.0412562,1,-0.22002,-0.375042,-0.36515,-0.24655,-0.415539,-0.417708,-0.22002,-0.375042,-0.328635,0.0562382
49,0.887488,0.0427465,1,-0.249446,-0.425678,-0.349785,-0.281389,-0.473615,-0.396297,-0.249446,-0.425678,-0.314806,0.0610766
50,0.9056,0.0440611,1,-0.28331,-0.481116,-0.322154,-0.320856,-0.535798,-0.359893,-0.28331,-0.481116,-0.289938,0.0638886
51,0.923712,0.0446137,1,-0.3215,-0.540004,-0.281162,-0.364619,-0.599312,-0.305543,-0.3215,-0.540004,-0.253045,0.0632755
52,0.941824,0.045533,1,-0.363279,-0.597687,-0.223923,-0.41174,-0.659532,-0.230736,-0.363279,-0.597687,-0.20153,0.0569424
53,0.959936,0.0465229,1,-0.407726,-0.650181,-0.147488,-0.460413,-0.709729,-0.134404,-0.407726,-0.650181,-0.13274,0.0420944
54,0.978048,0.0475778,1,-0.452619,-0.688685,-0.0495067,-0.507763,-0.741388,-0.0183219,-0.452619,-0.688685,-0.0445561,0.0156854
55,0.99616,0.0479412,1,-0.493892,-0.705593,0.064878,-0.549819,-0.745548,0.11147,-0.493892,-0.705593,0.0583902,-0.0224299
56,1.01427,0.0455806,1,-0.528598,-0.695723,0.189163,-0.581858,-0.715339,0.244039,-0.528598,-0.695723,0.170246,-0.0699938
57,1.03238,0.0418647,1,-0.551946,-0.652422,0.309882,-0.599211,-0.649106,0.364773,-0.551946,-0.652422,0.278894,-0.119727
58,1.0505,0.037531,1,-0.560338,-0.577506,0.412442,-0.59843,-0.552539,0.458825,-0.560338,-0.577506,0.371198,-0.161775
59,1.06861,0.032826,1,-0.551228,-0.477806,0.48539,-0.578389,-0.438071,0.515656,-0.551228,-0.477806,0.436851,-0.187293
60,1.08672,0.0289938,1,-0.524033,-0.366719,0.51916,-0.540778,-0.321224,0.532263,-0.524033,-0.366719,0.467244,-0.19044
61,1.10483,0.0275904,1,-0.48253,-0.262903,0.51649,-0.489697,-0.215769,0.513206,-0.48253,-0.262903,0.464841,-0.174456
62,1.12294,0.0275567,1,-0.43063,-0.174709,0.485267,-0.430548,-0.130312,0.467747,-0.43063,-0.174709,0.43674,-0.146279
63,1.14106,0.0277091,1,-0.37419,-0.106402,0.433852,-0.368757,-0.0676014,0.406132,-0.37419,-0.106402,0.390467,-0.11364
64,1.15917,0.0280077,1,-0.317771,-0.0588644,0.371436,-0.30882,-0.0259699,0.336924,-0.317771,-0.0588644,0.334293,-0.0826223
65,1.17728,0.0287431,1,-0.264756,-0.0295505,0.305613,-0.253871,-0.00144756,0.265987,-0.264756,-0.0295505,0.275052,-0.056639
66,1.19539,0.0295885,1,-0.21732,-0.014593,0.239839,-0.205682,0.0104936,0.196692,-0.21732,-0.014593,0.215855,-0.0364852
67,1.2135,0.0303877,1,-0.175754,-0.00856833,0.17696,-0.164917,0.0139217,0.130624,-0.175754,-0.00856833,0.159264,-0.021771
68,1.23162,0.0314874,1,-0.141208,-0.00729471,0.118357,-0.131458,0.0120382,0.0683012,-0.141208,-0.00729471,0.106521,-0.011699
69,1.24973,0.0331209,1,-0.11391,-0.0104391,0.063531,-0.104717,0.00714056,0.00970323,-0.11391,-0.0104391,0.0571779,-0.00506577
70,1.26784,0.0343279,1,-0.0928306,-0.0164153,0.0108078,-0.0838688,0.000752073,-0.0454077,-0.0928306,-0.0164153,0.00972702,-0.000702306
71,1.28595,0.0364326,1,-0.0766986,-0.0224209,-0.0369585,-0.0680209,-0.00620016,-0.0973207,-0.0766986,-0.0224209,-0.0332627,0.00198427
72,1.30406,0.0388335,1,-0.0642349,-0.0278747,-0.0811393,-0.056317,-0.0132182,-0.146305,-0.0642349,-0.0278747,-0.0730254,0.00364838
73,1.32218,0.0414967,1,-0.0547662,-0.0340311,-0.122405,-0.0479953,-0.0200971,-0.19259,-0.0547662,-0.0340311,-0.110164,0.00469254
74,1.34029,0.0437629,1,-0.0483426,-0.0404752,-0.162035,-0.0424137,-0.0268242,-0.236359,-0.0483426,-0.0404752,-0.145831,0.00548323
75,1.3584,0.0448907,1,-0.0440225,-0.0467381,-0.201306,-0.039057,-0.0335083,-0.277764,-0.0440225,-0.0467381,-0.181176,0.0062034
76,1.37651,0.0454762,1,-0.0420216,-0.0519014,-0.239145,-0.0375303,-0.040334,-0.316928,-0.0420216,-0.0519014,-0.21523,0.00703446
77,1.39462,0.0460987,1,-0.0411148,-0.0573499,-0.274789,-0.0375489,-0.0475349,-0.353949,-0.0411148,-0.0573499,-0.247311,0.00790854
78,1.41274,0.0465395,1,-0.041253,-0.0625593,-0.308651,-0.0389254,-0.0553805,-0.388905,-0.041253,-0.0625593,-0.277786,0.00891293
79,1.43085,0.0477358,1,-0.0422025,-0.0684537,-0.339286,-0.0415583,-0.0641722,-0.421854,-0.0422025,-0.0684537,-0.305358,0.0100231
80,1.44896,0.0492595,1,-0.0443272,-0.0750475,-0.367516,-0.0454223,-0.0742474,-0.452826,-0.0443272,-0.0750475,-0.330765,0.0114037
81,1.46707,0.0507668,1,-0.0473802,-0.0831229,-0.393995,-0.0505619,-0.0859871,-0.481821,-0.0473802,-0.0831229,-0.354595,0.0130673
82,1.48518,0.051874,1,-0.0516859,-0.0923505,-0.419426,-0.0570876,-0.0998284,-0.508799,-0.0516859,-0.0923505,-0.377483,0.0151749
83,1.5033,0.0530746,1,-0.0564328,-0.103298,-0.443075,-0.0651754,-0.116278,-0.533661,-0.0564328,-0.103298,-0.398767,0.0175028
84,1.52141,0.0540041,1,-0.0625707,-0.11579,-0.465742,-0.0750689,-0.135927,-0.556228,-0.0625707,-0.11579,-0.419168,0.0203993
85,1.53952,0.0547208,1,-0.0703316,-0.131169,-0.487319,-0.087084,-0.159468,-0.57621,-0.0703316,-0.131169,-0.438587,0.0239917
86,1.55763,0.0556566,1,-0.0799346,-0.149999,-0.507125,-0.101615,-0.187704,-0.593156,-0.0799346,-0.149999,-0.456413,0.0283758
87,1.57574,0.0571527,1,-0.0916124,-0.173437,-0.524376,-0.119141,-0.221549,-0.606392,-0.0916124,-0.173437,-0.471938,0.0336275
88,1.59386,0.0597518,1,-0.105832,-0.201303,-0.538498,-0.14023,-0.262018,-0.614927,-0.105832,-0.201303,-0.484648,0.039893
89,1.61197,0.0636604,1,-0.12292,-0.235018,-0.548808,-0.165534,-0.310166,-0.617327,-0.12292,-0.235018,-0.493927,0.0472218
90,1.63008,0.0696407,1,-0.143641,-0.274839,-0.553759,-0.195778,-0.366978,-0.611566,-0.143641,-0.274839,-0.498383,0.0556799
91,1.64819,0.0778067,1,-0.168413,-0.322001,-0.552367,-0.231707,-0.433137,-0.594844,-0.168413,-0.322001,-0.49713,0.0651179
92,1.6663,0.0880461,1,-0.19818,-0.377916,-0.542887,-0.273998,-0.50863,-0.563423,-0.19818,-0.377916,-0.488599,0.0753126
93,1.68442,0.100013,1,-0.233614,-0.444046,-0.521555,-0.323091,-0.592104,-0.512584,-0.233614,-0.444046,-0.469399,0.0852897
94,1.70253,0.113861,1,-0.2752,-0.519049,-0.484361,-0.378901,-0.679938,-0.436884,-0.2752,-0.519049,-0.435925,0.0933074
95,1.72064,0.12948,1,-0.323227,-0.600609,-0.428533,-0.440405,-0.76512,-0.33106,-0.323227,-0.600609,-0.38568,0.0969595
96,1.73875,0.145343,1,-0.37822,-0.683255,-0.346349,-0.505097,-0.836341,-0.191943,-0.37822,-0.683255,-0.311714,0.0916972
97,1.75686,0.161668,1,-0.437489,-0.758069,-0.237895,-0.568478,-0.878244,-0.02154,-0.437489,-0.758069,-0.214106,0.0728535
98,1.77498,0.173824,1,-0.497874,-0.815376,-0.097544,-0.623892,-0.874168,0.16949,-0.497874,-0.815376,-0.0877896,0.0339953
99,1.79309,0.18026,1,-0.555051,-0.840673,0.0687712,-0.663197,-0.812124,0.360268,-0.555051,-0.840673,0.0618941,-0.0267201
100,1.8112,0.179555,1,-0.603192,-0.821672,0.25063,-0.678589,-0.692189,0.523155,-0.603192,-0.821672,0.225567,-0.105824
101,1.82931,0.173005,1,-0.632781,-0.741874,0.423226,-0.665177,-0.53034,0.632979,-0.632781,-0.741874,0.380904,-0.187467
102,1.84742,0.163199,1,-0.63707,-0.610664,0.559585,-0.623067,-0.354112,0.677428,-0.63707,-0.610664,0.503626,-0.249546
103,1.86554,0.152151,1,-0.613937,-0.448085,0.638895,-0.557564,-0.191617,0.661169,-0.613937,-0.448085,0.575005,-0.274569
104,1.88365,0.142671,1,-0.565866,-0.285044,0.65785,-0.477325,-0.061446,0.601019,-0.565866,-0.285044,0.592065,-0.260578
105,1.90176,0.132945,1,-0.497715,-0.14227,0.625938,-0.391605,0.0305456,0.516858,-0.497715,-0.14227,0.563344,-0.218077
106,1.91987,0.121854,1,-0.418234,-0.033801,0.55718,-0.308073,0.0881045,0.424709,-0.418234,-0.033801,0.501462,-0.163122
107,1.93798,0.112378,1,-0.339145,0.0362496,0.473906,-0.231841,0.119402,0.334415,-0.339145,0.0362496,0.426515,-0.112506
108,1.9561,0.104245,1,-0.263231,0.0777003,0.391932,-0.165527,0.133078,0.250552,-0.263231,0.0777003,0.352739,-0.0722181
109,1.97421,0.0950884,1,-0.195627,0.10004,0.310209,-0.109827,0.136304,0.174383,-0.195627,0.10004,0.279188,-0.0424796
110,1.99232,0.0848107,1,-0.137308,0.10896,0.230402,-0.0641931,0.134311,0.105542,-0.137308,0.10896,0.207362,-0.0221453
111,2.01043,0.0770657,1,-0.0889864,0.10854,0.159448,-0.0273952,0.130604,0.0430987,-0.0889864,0.10854,0.143503,-0.00993207
112,2.02854,0.0726229,1,-0.0509667,0.104712,0.0978641,0.00208037,0.127387,-0.0139129,-0.0509667,0.104712,0.0880777,-0.00349147
113,2.04666,0.0701874,1,-0.0189961,0.101583,0.0440718,0.0257842,0.125978,-0.0662842,-0.0189961,0.101583,0.0396647,-0.000586035
114,2.06477,0.0690487,1,0.00713134,0.101264,-0.00419103,0.0451673,0.127129,-0.114588,0.00713134,0.101264,-0.00377193,-2.09214e-05
115,2.08288,0.0684991,1,0.0272794,0.101622,-0.0495356,0.0615199,0.131261,-0.159196,0.0272794,0.101622,-0.044582,-0.00094591
116,2.10099,0.069191,1,0.0430581,0.103817,-0.090461,0.0759572,0.138627,-0.200316,0.0430581,0.103817,-0.0814149,-0.00272656
117,2.1191,0.0704605,1,0.0570169,0.108738,-0.127611,0.089431,0.14942,-0.238012,0.0570169,0.108738,-0.11485,-0.00509319
118,2.13722,0.070743,1,0.070859,0.118718,-0.162858,0.102755,0.163835,-0.272224,0.070859,0.118718,-0.146572,-0.00807798
119,2.15533,0.0704895,1,0.084922,0.132104,-0.195991,0.116634,0.182111,-0.302762,0.084922,0.132104,-0.176392,-0.0116508
120,2.17344,0.0709032,1,0.0984258,0.149096,-0.224887,0.131695,0.204547,-0.329291,0.0984258,0.149096,-0.202398,-0.0154943
121,2.19155,0.0726924,1,0.112664,0.168168,-0.248552,0.14851,0.231492,-0.351303,0.112664,0.168168,-0.223697,-0.019602
122,2.20966,0.0752479,1,0.127244,0.190134,-0.268074,0.167613,0.263326,-0.368073,0.127244,0.190134,-0.241266,-0.0238774
123,2.22778,0.077903,1,0.144122,0.217137,-0.282623,0.18951,0.300401,-0.378612,0.144122,0.217137,-0.254361,-0.0285126
124,2.24589,0.0800558,1,0.163865,0.250138,-0.291982,0.214669,0.342949,-0.381604,0.163865,0.250138,-0.262784,-0.0334921
125,2.264,0.0825118,1,0.186295,0.286804,-0.295936,0.243493,0.390936,-0.375368,0.186295,0.286804,-0.266343,-0.0385921
126,2.28211,0.0846296,1,0.212632,0.329448,-0.291886,0.276265,0.443847,-0.357843,0.212632,0.329448,-0.262697,-0.043445
127,2.30022,0.0867681,1,0.242309,0.376785,-0.278659,0.313054,0.500387,-0.326656,0.242309,0.376785,-0.250793,-0.0472651
128,2.31834,0.0900752,1,0.274381,0.426496,-0.252089,0.353583,0.558118,-0.279354,0.274381,0.426496,-0.22688,-0.0484179
129,2.33645,0.0940216,1,0.309339,0.475912,-0.211178,0.397044,0.613101,-0.213869,0.309339,0.475912,-0.19006,-0.0457279
130,2.35456,0.0966411,1,0.347183,0.523956,-0.154234,0.441906,0.659695,-0.129315,0.347183,0.523956,-0.13881,-0.0374831
131,2.37267,0.0978458,1,0.386241,0.564232,-0.0800009,0.485745,0.6908,-0.027076,0.386241,0.564232,-0.0720008,-0.0216298
132,2.39078,0.0960522,1,0.425109,0.59121,0.0101676,0.525225,0.698852,0.0880658,0.425109,0.59121,0.00915086,0.00302565
133,2.4089,0.0917275,1,0.459909,0.595767,0.111325,0.556345,0.677736,0.207361,0.459909,0.595767,0.100193,0.0358396
134,2.42701,0.0824623,1,0.486678,0.577512,0.217272,0.575048,0.62522,0.318834,0.486678,0.577512,0.195545,0.0740192
135,2.44512,0.0706039,1,0.502547,0.531787,0.314482,0.578132,0.544836,0.409725,0.502547,0.531787,0.283034,0.110629
136,2.46323,0.0578144,1,0.504817,0.462023,0.390992,0.564174,0.445878,0.470009,0.504817,0.462023,0.351893,0.138166
137,2.48134,0.0432521,1,0.4923,0.374001,0.442577,0.534058,0.341021,0.49531,0.4923,0.374001,0.398319,0.152516
138,2.49946,0.0310574,1,0.4662,0.285284,0.466103,0.490831,0.24258,0.487628,0.4662,0.285284,0.419493,0.152108
139,2.51757,0.0242595,1,0.428274,0.199287,0.46126,0.438923,0.159358,0.453654,0.428274,0.199287,0.415134,0.138282
140,2.53568,0.02559,1,0.38275,0.126492,0.433497,0.383116,0.095404,0.401907,0.38275,0.126492,0.390148,0.116145
141,2.55379,0.0302752,1,0.334026,0.0698905,0.388622,0.327655,0.0506474,0.34026,0.334026,0.0698905,0.34976,0.090867
142,2.5719,0.0343039,1,0.28488,0.0298138,0.332897,0.275735,0.0224559,0.274652,0.28488,0.0298138,0.299607,0.0663851
143,2.59002,0.0392023,1,0.239859,0.0040684,0.275906,0.229383,0.0071797,0.208891,0.239859,0.0040684,0.248316,0.0463251
144,2.60813,0.0435697,1,0.199419,-0.0103113,0.219005,0.189586,0.00121064,0.145075,0.199419,-0.0103113,0.197104,0.0305715
145,2.62624,0.0464256,1,0.163893,-0.0167175,0.162132,0.15655,0.0015194,0.0841608,0.163893,-0.0167175,0.145919,0.0186006
146,2.64435,0.0486463,1,0.134804,-0.0151099,0.107925,0.129961,0.00581996,0.0264516,0.134804,-0.0151099,0.0971322,0.0101841
147,2.66246,0.0506847,1,0.111016,-0.0119784,0.0562106,0.109216,0.0125306,-0.028068,0.111016,-0.0119784,0.0505896,0.00436821
148,2.68058,0.0525767,1,0.0926445,-0.00541879,0.00770963,0.0935915,0.0206519,-0.0795392,0.0926445,-0.00541879,0.00693867,0.000499979
149,2.69869,0.0541623,1,0.079394,0.00216095,-0.0384788,0.0823573,0.0296291,-0.12813,0.079394,0.00216095,-0.0346309,-0.00213849
150,2.7168,0.0553508,1,0.0696418,0.0109485,-0.0825366,0.0748468,0.0392306,-0.173992,0.0696418,0.0109485,-0.0742829,-0.0040236
151,2.73491,0.0559011,1,0.0631343,0.0192745,-0.125539,0.0704949,0.049452,-0.217245,0.0631343,0.0192745,-0.112985,-0.00554808
152,2.75302,0.0561144,1,0.05924,0.0294755,-0.166347,0.0688538,0.0604472,-0.25797,0.05924,0.0294755,-0.149712,-0.00689807
153,2.77114,0.0558777,1,0.0583811,0.0411704,-0.205323,0.0695958,0.0724821,-0.296212,0.0583811,0.0411704,-0.184791,-0.00839088
154,2.78925,0.0550798,1,0.0597013,0.0553371,-0.242513,0.0725093,0.0859077,-0.331971,0.0597013,0.0553371,-0.218261,-0.0101348
155,2.80736,0.0542231,1,0.0637501,0.0707596,-0.277401,0.077491,0.101146,-0.365198,0.0637501,0.0707596,-0.249661,-0.012379
156,2.82547,0.0552982,1,0.0697418,0.088351,-0.306145,0.0845393,0.118684,-0.395781,0.0697418,0.088351,-0.27553,-0.0149458
157,2.84358,0.0573136,1,0.0778868,0.106921,-0.330953,0.0937475,0.139077,-0.423522,0.0778868,0.106921,-0.297858,-0.0180438
158,2.8617,0.0595524,1,0.0885405,0.127699,-0.352633,0.105299,0.162951,-0.44811,0.0885405,0.127699,-0.31737,-0.0218556
159,2.87981,0.061553,1,0.101515,0.152224,-0.371405,0.119465,0.191,-0.469081,0.101515,0.152224,-0.334264,-0.0263922
160,2.89792,0.0630706,1,0.116782,0.181883,-0.386916,0.136596,0.223977,-0.485755,0.116782,0.181883,-0.348224,-0.0316294
161,2.91603,0.0641615,1,0.135005,0.215822,-0.398854,0.157124,0.262666,-0.497172,0.135005,0.215822,-0.358969,-0.0376931
162,2.93414,0.0654264,1,0.156592,0.255475,-0.404628,0.181537,0.307813,-0.501995,0.156592,0.255475,-0.364165,-0.044353
163,2.95226,0.0671608,1,0.182423,0.301718,-0.401687,0.210362,0.360006,-0.498401,0.182423,0.301718,-0.361518,-0.0512937
164,2.97037,0.068781,1,0.212495,0.354834,-0.389031,0.244105,0.419464,-0.483985,0.212495,0.354834,-0.350128,-0.0578669
165,2.98848,0.0704937,1,0.246988,0.41346,-0.364145,0.283158,0.485699,-0.455695,0.246988,0.41346,-0.327731,-0.0629577
166,3.00659,0.0718004,1,0.286094,0.47741,-0.323873,0.327653,0.557016,-0.409906,0.286094,0.47741,-0.291486,-0.0648608
167,3.0247,0.0730942,1,0.330033,0.542003,-0.264784,0.377225,0.629872,-0.342759,0.330033,0.542003,-0.238305,-0.0611712
168,3.04282,0.0746492,1,0.377608,0.601281,-0.183864,0.430707,0.698203,-0.250977,0.377608,0.601281,-0.165477,-0.0485998
169,3.06093,0.0767428,1,0.426164,0.646623,-0.0805362,0.485774,0.753062,-0.133317,0.426164,0.646623,-0.0724826,-0.0240251
170,3.07904,0.077833,1,0.471977,0.67083,0.0406297,0.538664,0.783173,0.00737558,0.471977,0.67083,0.0365668,0.0134234
171,3.09715,0.0772298,1,0.511476,0.665722,0.176429,0.584189,0.777092,0.162183,0.511476,0.665722,0.158786,0.0631674
172,3.11526,0.0745788,1,0.539526,0.623418,0.310109,0.616314,0.727146,0.315592,0.539526,0.623418,0.279098,0.117118
173,3.13338,0.0709445,1,0.551333,0.541996,0.424289,0.629418,0.633857,0.448033,0.551333,0.541996,0.38186,0.163747
174,3.15149,0.064969,1,0.543173,0.434349,0.505136,0.619959,0.50808,0.541612,0.543173,0.434349,0.454622,0.192063
175,3.1696,0.057988,1,0.514623,0.311634,0.547727,0.587814,0.368478,0.586452,0.514623,0.311634,0.492954,0.197311
176,3.18771,0.0489136,1,0.470431,0.196927,0.54682,0.536496,0.23507,0.583673,0.470431,0.196927,0.492138,0.180069
177,3.20582,0.040574,1,0.414423,0.0965376,0.512821,0.472106,0.122726,0.543244,0.414423,0.0965376,0.461539,0.148768
178,3.22394,0.0324737,1,0.353012,0.0225596,0.455063,0.401584,0.0381752,0.478739,0.353012,0.0225596,0.409557,0.11245
179,3.24205,0.0247919,1,0.29172,-0.0274384,0.387691,0.331127,-0.0190102,0.402522,0.29172,-0.0274384,0.348922,0.0791681
180,3.26016,0.019086,1,0.232986,-0.0599806,0.320778,0.26529,-0.0534571,0.323374,0.232986,-0.0599806,0.288701,0.0523159
181,3.27827,0.0153535,1,0.182347,-0.077592,0.254582,0.206801,-0.0711665,0.246343,0.182347,-0.077592,0.229124,0.0324956
182,3.29638,0.0145688,1,0.137916,-0.0843824,0.189043,0.156824,-0.0777458,0.173706,0.137916,-0.0843824,0.170138,0.0182504
183,3.3145,0.0155537,1,0.100694,-0.0854124,0.12729,0.115395,-0.0776638,0.106086,0.100694,-0.0854124,0.114561,0.00897211
184,3.33261,0.0177337,1,0.0693265,-0.0841882,0.0694855,0.0818532,-0.0741426,0.0433011,0.0693265,-0.0841882,0.0625369,0.00337203
185,3.35072,0.0209447,1,0.0446531,-0.0812642,0.0174818,0.0551759,-0.0693379,-0.015123,0.0446531,-0.0812642,0.0157336,0.000546433
186,3.36883,0.024168,1,0.0261853,-0.0761423,-0.0302692,0.0342149,-0.0645983,-0.0696968,0.0261853,-0.0761423,-0.0272422,-0.000554824
187,3.38694,0.0269681,1,0.0115113,-0.0718338,-0.0759428,0.0178415,-0.0607098,-0.120865,0.0115113,-0.0718338,-0.0683485,-0.000611939
188,3.40506,0.0306598,1,-0.000850276,-0.0690907,-0.117364,0.00502627,-0.0580919,-0.168983,-0.000850276,-0.0690907,-0.105627,6.9854e-05
189,3.42317,0.0327994,1,-0.0099673,-0.0676788,-0.158748,-0.00512719,-0.0569433,-0.214325,-0.0099673,-0.0676788,-0.142874,0.00110761
190,3.44128,0.0348418,1,-0.016469,-0.0653433,-0.197364,-0.0133766,-0.0573457,-0.2571,-0.016469,-0.0653433,-0.177628,0.00227528
191,3.45939,0.0358599,1,-0.0220316,-0.0649741,-0.235638,-0.0203516,-0.0593334,-0.29747,-0.0220316,-0.0649741,-0.212074,0.00363403
192,3.4775,0.0370429,1,-0.0267912,-0.0668622,-0.271518,-0.0265737,-0.0629401,-0.335558,-0.0267912,-0.0668622,-0.244367,0.00509202
193,3.49562,0.0379999,1,-0.0312104,-0.0711361,-0.305718,-0.032478,-0.0682297,-0.371459,-0.0312104,-0.0711361,-0.275146,0.00667911
194,3.51373,0.03939,1,-0.0355374,-0.0750087,-0.337073,-0.0384371,-0.0753164,-0.405236,-0.0355374,-0.0750087,-0.303366,0.00838511
195,3.53184,0.0404434,1,-0.0400717,-0.0809597,-0.367116,-0.0447824,-0.0843787,-0.436923,-0.0400717,-0.0809597,-0.330404,0.0102976
196,3.54995,0.0421153,1,-0.0452644,-0.0886631,-0.394204,-0.0518247,-0.0956715,-0.466515,-0.0452644,-0.0886631,-0.354783,0.0124904
197,3.56806,0.0439674,1,-0.0508177,-0.096779,-0.419429,-0.0598724,-0.109536,-0.493959,-0.0508177,-0.096779,-0.377486,0.0149201
198,3.58618,0.0457427,1,-0.0569485,-0.106224,-0.443515,-0.069249,-0.126409,-0.519136,-0.0569485,-0.106224,-0.399164,0.0176803
199,3.60429,0.047858,1,-0.0638156,-0.118016,-0.465886,-0.0803083,-0.146837,-0.541836,-0.0638156,-0.118016,-0.419297,0.0208115
200,3.6224,0.0508194,1,-0.0717775,-0.132353,-0.485915,-0.0934497,-0.17148,-0.561725,-0.0717775,-0.132353,-0.437323,0.0244144
201,3.64051,0.0538311,1,-0.0808805,-0.150493,-0.505266,-0.109131,-0.201118,-0.578289,-0.0808805,-0.150493,-0.454739,0.0286063
202,3.65862,0.0580984,1,-0.0917578,-0.171506,-0.523101,-0.12788,-0.236644,-0.590765,-0.0917578,-0.171506,-0.47079,0.033599
203,3.67674,0.0635605,1,-0.104847,-0.197633,-0.53949,-0.150297,-0.279032,-0.598043,-0.104847,-0.197633,-0.485541,0.0395947
204,3.69485,0.0712183,1,-0.121143,-0.229466,-0.552379,-0.177055,-0.329263,-0.598537,-0.121143,-0.229466,-0.497141,0.0468418
205,3.71296,0.0816937,1,-0.140663,-0.267748,-0.560613,-0.20887,-0.388181,-0.590031,-0.140663,-0.267748,-0.504552,0.0552003
206,3.73107,0.0955454,1,-0.164259,-0.312747,-0.562545,-0.246451,-0.456213,-0.569511,-0.164259,-0.312747,-0.506291,0.064682
207,3.74918,0.111663,1,-0.193043,-0.367326,-0.555608,-0.290381,-0.532921,-0.533045,-0.193043,-0.367326,-0.500047,0.0750792
208,3.7673,0.130002,1,-0.227494,-0.43184,-0.537582,-0.340923,-0.61629,-0.475828,-0.227494,-0.43184,-0.483824,0.0856077
209,3.78541,0.150526,1,-0.267662,-0.505241,-0.504132,-0.397707,-0.701776,-0.392615,-0.267662,-0.505241,-0.453718,0.0944558
210,3.80352,0.172162,1,-0.314309,-0.585277,-0.450605,-0.459286,-0.781266,-0.278881,-0.314309,-0.585277,-0.405545,0.0991405
211,3.82163,0.193393,1,-0.367496,-0.666324,-0.37198,-0.522616,-0.842508,-0.133024,-0.367496,-0.666324,-0.334782,0.0956907
212,3.83974,0.211196,1,-0.426,-0.743812,-0.265025,-0.582652,-0.870033,0.0404903,-0.426,-0.743812,-0.238523,0.0790305
213,3.85786,0.223251,1,-0.486332,-0.807287,-0.127414,-0.632417,-0.848763,0.2282,-0.486332,-0.807287,-0.114673,0.0433759
214,3.87597,0.228048,1,-0.544495,-0.839026,0.0373177,-0.663993,-0.770373,0.407486,-0.544495,-0.839026,0.0335859,-0.0142235
215,3.89408,0.225798,1,-0.594306,-0.828842,0.217995,-0.670548,-0.639677,0.551697,-0.594306,-0.828842,0.196195,-0.0906889
216,3.91219,0.218019,1,-0.628922,-0.761033,0.392838,-0.648765,-0.476043,0.639786,-0.628922,-0.761033,0.353554,-0.172945
217,3.9303,0.206081,1,-0.638697,-0.637796,0.536471,-0.600341,-0.306948,0.664833,-0.638697,-0.637796,0.482824,-0.23985
218,3.94842,0.193556,1,-0.620486,-0.480301,0.626081,-0.531551,-0.157194,0.635302,-0.620486,-0.480301,0.563473,-0.271932
219,3.96653,0.182665,1,-0.576875,-0.318175,0.655258,-0.451109,-0.0410485,0.568756,-0.576875,-0.318175,0.589732,-0.264602
220,3.98464,0.170346,1,-0.513312,-0.172832,0.628544,-0.367623,0.0387998,0.483492,-0.513312,-0.172832,0.56569,-0.225847
221,4.00275,0.155015,1,-0.435628,-0.0599161,0.56217,-0.287829,0.0874152,0.393238,-0.435628,-0.0599161,0.505953,-0.171428
222,4.02086,0.14158,1,-0.357134,0.0162067,0.481633,-0.215978,0.11291,0.305969,-0.357134,0.0162067,0.43347,-0.120405
223,4.03898,0.129388,1,-0.281442,0.063946,0.399743,-0.154061,0.12324,0.225152,-0.281442,0.063946,0.359768,-0.0787531
224,4.05709,0.117531,1,-0.212413,0.0899526,0.319266,-0.102399,0.124793,0.151565,-0.212413,0.0899526,0.28734,-0.0474714
225,4.0752,0.105061,1,-0.153715,0.100758,0.239402,-0.0602714,0.122145,0.0847269,-0.153715,0.100758,0.215462,-0.0257597
226,4.09331,0.0943455,1,-0.103143,0.10233,0.167142,-0.0264056,0.118329,0.0237589,-0.103143,0.10233,0.150427,-0.0120676
227,4.11142,0.0871602,1,-0.0633137,0.0991007,0.103576,0.000675569,0.115238,-0.0322024,-0.0633137,0.0991007,0.093218,-0.00459042
228,4.12954,0.0829305,1,-0.0307882,0.0948996,0.0481852,0.0224477,0.113993,-0.0838518,-0.0307882,0.0948996,0.0433667,-0.00103848
229,4.14765,0.0797302,1,-0.00391177,0.0929312,-0.00276675,0.0402732,0.115232,-0.131689,-0.00391177,0.0929312,-0.00249007,7.57602e-06
230,4.16576,0.0778483,1,0.0166904,0.0918585,-0.0498189,0.0553541,0.119313,-0.176043,0.0166904,0.0918585,-0.044837,-0.000582047
231,4.18387,0.0777917,1,0.0326901,0.0913902,-0.0920906,0.0687253,0.126459,-0.217096,0.0326901,0.0913902,-0.0828816,-0.00210732
232,4.20198,0.078079,1,0.0464817,0.0950262,-0.131101,0.0812696,0.136853,-0.254912,0.0464817,0.0950262,-0.117991,-0.00426565
233,4.2201,0.0774273,1,0.0598628,0.102764,-0.168865,0.0937438,0.150695,-0.289445,0.0598628,0.102764,-0.151978,-0.00707609
234,4.23821,0.0767999,1,0.072392,0.114637,-0.203754,0.106809,0.168241,-0.320531,0.072392,0.114637,-0.183378,-0.0103251
235,4.25632,0.0770729,1,0.0846165,0.128401,-0.235087,0.121057,0.189813,-0.347876,0.0846165,0.128401,-0.211578,-0.0139246
236,4.27443,0.078516,1,0.0969145,0.145663,-0.261642,0.137041,0.215804,-0.371023,0.0969145,0.145663,-0.235478,-0.0177498
237,4.29254,0.081047,1,0.110519,0.166243,-0.283316,0.155287,0.246656,-0.389314,0.110519,0.166243,-0.254985,-0.0219182
238,4.31066,0.0834484,1,0.126097,0.192211,-0.301028,0.176309,0.282816,-0.401827,0.126097,0.192211,-0.270925,-0.026571
239,4.32877,0.0864548,1,0.144034,0.222542,-0.313536,0.200603,0.324658,-0.40732,0.144034,0.222542,-0.282182,-0.0316118
240,4.34688,0.0897628,1,0.164558,0.25767,-0.321012,0.228626,0.372357,-0.404165,0.164558,0.25767,-0.288911,-0.0369775
241,4.36499,0.0937221,1,0.188514,0.297187,-0.322315,0.26075,0.425681,-0.390304,0.188514,0.297187,-0.290084,-0.0425325
242,4.3831,0.097132,1,0.216691,0.343507,-0.316714,0.297179,0.483713,-0.363274,0.216691,0.343507,-0.285043,-0.0480403
243,4.40122,0.101399,1,0.248474,0.394692,-0.29956,0.337819,0.54446,-0.320351,0.248474,0.394692,-0.269604,-0.0521029
244,4.41933,0.107457,1,0.282549,0.44742,-0.26792,0.382096,0.604426,-0.258943,0.282549,0.44742,-0.241128,-0.0529904
245,4.43744,0.113846,1,0.319949,0.499593,-0.220573,0.428739,0.658262,-0.177306,0.319949,0.499593,-0.198516,-0.0494006
246,4.45555,0.11868,1,0.36027,0.548988,-0.156485,0.475556,0.698761,-0.0756647,0.36027,0.548988,-0.140836,-0.0394637
247,4.47366,0.120384,1,0.401648,0.589784,-0.0728678,0.519324,0.717572,0.0424543,0.401648,0.589784,-0.065581,-0.020487
248,4.49178,0.118192,1,0.442023,0.614988,0.0260892,0.555911,0.706973,0.169184,0.442023,0.614988,0.0234803,0.00807241
249,4.50989,0.111027,1,0.477866,0.615975,0.136838,0.580803,0.66253,0.29246,0.477866,0.615975,0.123155,0.0457733
250,4.528,0.0983539,1,0.504022,0.590716,0.251124,0.590019,0.585706,0.398093,0.504022,0.590716,0.226011,0.0886002
251,4.54611,0.0838102,1,0.517859,0.533612,0.352403,0.581214,0.484801,0.473548,0.517859,0.533612,0.317163,0.127747
252,4.56422,0.0690923,1,0.516829,0.452108,0.43019,0.554485,0.37309,0.511796,0.516829,0.452108,0.387171,0.155634
253,4.58234,0.0556879,1,0.499765,0.354401,0.479717,0.512473,0.2648,0.513087,0.499765,0.354401,0.431745,0.167822
254,4.60045,0.0508012,1,0.467698,0.257711,0.496517,0.459677,0.171022,0.483747,0.467698,0.257711,0.446865,0.162554
255,4.61856,0.0506809,1,0.424227,0.167132,0.481489,0.401311,0.0976003,0.433055,0.424227,0.167132,0.43334,0.142982
256,4.63667,0.0545469,1,0.373547,0.0936298,0.445057,0.342217,0.0453753,0.370117,0.373547,0.0936298,0.400551,0.116375
257,4.65478,0.0583678,1,0.320943,0.0391383,0.392947,0.286172,0.0118511,0.302025,0.320943,0.0391383,0.353652,0.0882795
258,4.6729,0.0603645,1,0.268923,0.00158637,0.332153,0.235652,-0.00694864,0.233402,0.268923,0.00158637,0.298937,0.0625264
259,4.69101,0.0635997,1,0.222157,-0.0214865,0.272538,0.191935,-0.0151287,0.166798,0.222157,-0.0214865,0.245284,0.0423823
260,4.70912,0.0657901,1,0.180438,-0.0340212,0.213086,0.155372,-0.0162063,0.103362,0.180438,-0.0340212,0.191777,0.0269142
261,4.72723,0.0663114,1,0.145009,-0.037026,0.154045,0.125689,-0.0128692,0.0434337,0.145009,-0.037026,0.13864,0.0156365
262,4.74534,0.0666739,1,0.115784,-0.0348571,0.0982111,0.102252,-0.00700107,-0.0130415,0.115784,-0.0348571,0.08839,0.00795992
263,4.76346,0.0668383,1,0.0918398,-0.0310215,0.0449555,0.0842644,0.000182902,-0.0662694,0.0918398,-0.0310215,0.04046,0.00289009
264,4.78157,0.0674629,1,0.0735133,-0.0245686,-0.00429069,0.0709043,0.00797569,-0.116486,0.0735133,-0.0245686,-0.00386162,-0.000220796
265,4.79968,0.068327,1,0.0602604,-0.0174994,-0.0504165,0.0614065,0.0160348,-0.163906,0.0602604,-0.0174994,-0.0453749,-0.00212668
266,4.81779,0.0691467,1,0.0499061,-0.00982066,-0.0940144,0.0551074,0.0242686,-0.208708,0.0499061,-0.00982066,-0.084613,-0.00328432
267,4.8359,0.0692519,1,0.0427944,-0.00294599,-0.13685,0.051464,0.032753,-0.251034,0.0427944,-0.00294599,-0.123165,-0.0040995
268,4.85402,0.0683655,1,0.0384461,0.00526971,-0.178914,0.0500565,0.0416757,-0.290991,0.0384461,0.00526971,-0.161023,-0.00481498
269,4.87213,0.0671882,1,0.0364504,0.0138046,-0.219401,0.0505828,0.0513011,-0.328657,0.0364504,0.0138046,-0.197461,-0.00559807
270,4.89024,0.0660763,1,0.0367789,0.0247478,-0.257047,0.0528492,0.0619518,-0.364079,0.0367789,0.0247478,-0.231343,-0.00661773
271,4.90835,0.0652324,1,0.0391392,0.0359762,-0.292343,0.0567603,0.0740014,-0.397269,0.0391392,0.0359762,-0.263109,-0.00800946
272,4.92646,0.0656084,1,0.0433588,0.0495721,-0.322902,0.0623107,0.0878763,-0.428197,0.0433588,0.0495721,-0.290612,-0.00980045
273,4.94458,0.0664457,1,0.0490149,0.0637581,-0.350958,0.0695786,0.104062,-0.456777,0.0490149,0.0637581,-0.315862,-0.0120415
274,4.96269,0.0677665,1,0.056613,0.0794997,-0.376147,0.0787226,0.123115,-0.482851,0.056613,0.0794997,-0.338532,-0.0149064
275,4.9808,0.0694784,1,0.0658159,0.0979175,-0.39837,0.0899805,0.145671,-0.506154,0.0658159,0.0979175,-0.358533,-0.0183534
276,4.99891,0.0707199,1,0.0769131,0.121122,-0.418332,0.103671,0.172453,-0.526281,0.0769131,0.121122,-0.376498,-0.0225226
277,5.01702,0.0721184,1,0.0907814,0.147698,-0.435214,0.120193,0.204276,-0.542625,0.0907814,0.147698,-0.391693,-0.0276566
278,5.03514,0.0739058,1,0.107353,0.178812,-0.447896,0.14003,0.242023,-0.554304,0.107353,0.178812,-0.403106,-0.0336582
279,5.05325,0.0764058,1,0.126701,0.214437,-0.4555,0.16374,0.286607,-0.560062,0.126701,0.214437,-0.40995,-0.0403987
280,5.07136,0.0788013,1,0.149772,0.25616,-0.458086,0.191942,0.338866,-0.558138,0.149772,0.25616,-0.412278,-0.048026
281,5.08947,0.0815768,1,0.177161,0.304681,-0.452952,0.225271,0.399377,-0.546131,0.177161,0.304681,-0.407657,-0.0561719
282,5.10758,0.0848319,1,0.208567,0.360521,-0.437801,0.264308,0.468139,-0.520872,0.208567,0.360521,-0.394021,-0.0639175
283,5.1257,0.0883624,1,0.24515,0.423129,-0.410063,0.309431,0.544055,-0.47839,0.24515,0.423129,-0.369057,-0.0703689
284,5.14381,0.0911308,1,0.287634,0.492666,-0.366302,0.360595,0.624216,-0.414112,0.287634,0.492666,-0.329672,-0.0737527
285,5.16192,0.0947501,1,0.334278,0.562949,-0.301765,0.416997,0.703007,-0.323533,0.334278,0.562949,-0.271588,-0.0706113
286,5.18003,0.0972525,1,0.385943,0.62966,-0.212003,0.476644,0.771355,-0.203651,0.385943,0.62966,-0.190803,-0.0572748
287,5.19814,0.0987031,1,0.43884,0.681655,-0.0946708,0.535926,0.816749,-0.0552891,0.43884,0.681655,-0.0852037,-0.0290818
288,5.21626,0.0983971,1,0.48903,0.707558,0.0421999,0.58942,0.825014,0.114115,0.48903,0.707558,0.0379799,0.0144459
289,5.23437,0.0924149,1,0.532002,0.699233,0.19559,0.630276,0.784554,0.288779,0.532002,0.699233,0.176031,0.0728379
290,5.25248,0.0825641,1,0.561668,0.64777,0.344191,0.651488,0.692207,0.446211,0.561668,0.64777,0.309772,0.135325
291,5.27059,0.0696807,1,0.572509,0.551743,0.469403,0.647907,0.55747,0.563469,0.572509,0.551743,0.422462,0.188116
292,5.2887,0.0551411,1,0.560542,0.425859,0.553666,0.618166,0.401135,0.625706,0.560542,0.425859,0.498299,0.217247
293,5.30682,0.0388748,1,0.526024,0.287587,0.594123,0.565414,0.24785,0.631581,0.526024,0.287587,0.53471,0.218766
294,5.32493,0.0289773,1,0.474451,0.161126,0.58153,0.496331,0.117152,0.591855,0.474451,0.161126,0.523377,0.193135
295,5.34304,0.0233092,1,0.4112,0.0552147,0.537896,0.419018,0.0185494,0.522913,0.4112,0.0552147,0.484107,0.154828
296,5.36115,0.0227707,1,0.342191,-0.0207952,0.468846,0.340915,-0.0478117,0.440141,0.342191,-0.0207952,0.421962,0.112304
297,5.37926,0.0254011,1,0.274769,-0.0696521,0.394055,0.26755,-0.0874043,0.354452,0.274769,-0.0696521,0.354649,0.0757917
298,5.39738,0.0288051,1,0.211939,-0.0992256,0.320177,0.202239,-0.107549,0.27195,0.211939,-0.0992256,0.288159,0.0475006
299,5.41549,0.0325938,1,0.15835,-0.113856,0.250361,0.14639,-0.115068,0.195201,0.15835,-0.113856,0.225324,0.0277513
300,5.4336,0.0340765,1,0.111486,-0.118867,0.182513,0.100051,-0.115331,0.124718,0.111486,-0.118867,0.164262,0.0142434
301,5.45171,0.035278,1,0.0728864,-0.118148,0.119977,0.062434,-0.112156,0.0600729,0.0728864,-0.118148,0.107979,0.00612126
302,5.46982,0.0366492,1,0.0409805,-0.11613,0.0629158,0.032327,-0.108064,0.000549514,0.0409805,-0.11613,0.0566242,0.00180483
303,5.48794,0.0390361,1,0.0155857,-0.114243,0.0119834,0.00837614,-0.104626,-0.0545522,0.0155857,-0.114243,0.010785,0.000130739
304,5.50605,0.0407743,1,-0.00341328,-0.110617,-0.0360011,-0.0107472,-0.102764,-0.105802,-0.00341328,-0.110617,-0.032401,8.60174e-05
305,5.52416,0.0419723,1,-0.0191518,-0.1084,-0.0814749,-0.0262569,-0.102995,-0.153623,-0.0191518,-0.1084,-0.0733274,0.00109227
306,5.54227,0.0441626,1,-0.032637,-0.108386,-0.122151,-0.0392168,-0.105605,-0.198308,-0.032637,-0.108386,-0.109936,0.00279064
307,5.56038,0.0455619,1,-0.0429709,-0.10967,-0.161503,-0.0505374,-0.110768,-0.240047,-0.0429709,-0.10967,-0.145353,0.00485795
308,5.5785,0.0463218,1,-0.0517667,-0.112661,-0.199467,-0.0609926,-0.118631,-0.278943,-0.0517667,-0.112661,-0.179521,0.00722804
309,5.59661,0.0459345,1,-0.060032,-0.118764,-0.236969,-0.0712439,-0.129365,-0.315019,-0.060032,-0.118764,-0.213272,0.009958
310,5.61472,0.0468061,1,-0.0684025,-0.127945,-0.269747,-0.0818692,-0.143201,-0.348222,-0.0684025,-0.127945,-0.242772,0.0129159
311,5.63283,0.0476651,1,-0.0775722,-0.140345,-0.299911,-0.0933906,-0.160448,-0.378406,-0.0775722,-0.140345,-0.26992,0.0162853
312,5.65094,0.0478546,1,-0.0878263,-0.155496,-0.328816,-0.1063,-0.181509,-0.405316,-0.0878263,-0.155496,-0.295934,0.0202151
313,5.66906,0.0478365,1,-0.0989932,-0.174726,-0.355449,-0.121083,-0.206875,-0.428548,-0.0989932,-0.174726,-0.319904,0.0246309
314,5.68717,0.0489765,1,-0.111792,-0.19642,-0.377932,-0.138231,-0.237119,-0.447507,-0.111792,-0.19642,-0.340139,0.0295749
315,5.70528,0.0514952,1,-0.126146,-0.220854,-0.396389,-0.158259,-0.272863,-0.461344,-0.126146,-0.220854,-0.35675,0.035002
316,5.72339,0.0555111,1,-0.14241,-0.24935,-0.410332,-0.1817,-0.314722,-0.468875,-0.14241,-0.24935,-0.369299,0.0409048
317,5.7415,0.0607681,1,-0.161091,-0.283099,-0.419919,-0.209093,-0.363189,-0.468495,-0.161091,-0.283099,-0.377927,0.0473516
318,5.75962,0.0676132,1,-0.183311,-0.322883,-0.422622,-0.240944,-0.418462,-0.458087,-0.183311,-0.322883,-0.38036,0.0542299
319,5.77773,0.0751714,1,-0.210045,-0.370365,-0.416854,-0.277653,-0.480152,-0.434966,-0.210045,-0.370365,-0.375169,0.0612906
320,5.79584,0.0839659,1,-0.241689,-0.424067,-0.401632,-0.319393,-0.546869,-0.395935,-0.241689,-0.424067,-0.361469,0.0679489
321,5.81395,0.0942821,1,-0.276946,-0.482943,-0.371203,-0.365916,-0.615677,-0.337535,-0.276946,-0.482943,-0.334082,0.0719622
322,5.83206,0.104781,1,-0.316649,-0.545287,-0.32342,-0.416294,-0.681506,-0.256692,-0.316649,-0.545287,-0.291078,0.0716875
323,5.85018,0.114015,1,-0.360616,-0.608391,-0.256046,-0.468616,-0.736772,-0.151872,-0.360616,-0.608391,-0.230441,0.064634
324,5.86829,0.121622,1,-0.408257,-0.666627,-0.169405,-0.519723,-0.771667,-0.0247749,-0.408257,-0.666627,-0.152465,0.0484126
325,5.8864,0.127651,1,-0.456326,-0.710061,-0.063054,-0.565149,-0.775704,0.117869,-0.456326,-0.710061,-0.0567486,0.0201412
326,5.90451,0.129412,1,-0.501754,-0.731991,0.0619348,-0.599509,-0.740804,0.263451,-0.501754,-0.731991,0.0557413,-0.0217532
327,5.92262,0.126664,1,-0.540035,-0.724065,0.198299,-0.617462,-0.665171,0.39494,-0.540035,-0.724065,0.17847,-0.0749621
328,5.94074,0.122058,1,-0.566814,-0.67501,0.327348,-0.615127,-0.555902,0.495199,-0.566814,-0.67501,0.294613,-0.129882
329,5.95885,0.114754,1,-0.575645,-0.589396,0.437636,-0.591403,-0.428043,0.552623,-0.575645,-0.589396,0.393872,-0.176346
330,5.97696,0.107315,1,-0.565176,-0.477833,0.514074,-0.548503,-0.299817,0.564888,-0.565176,-0.477833,0.462667,-0.20338
331,5.99507,0.101381,1,-0.534478,-0.356629,0.547577,-0.49136,-0.18665,0.538506,-0.534478,-0.356629,0.49282,-0.204867
332,6.01318,0.0978783,1,-0.489389,-0.244797,0.539787,-0.426218,-0.0973511,0.484927,-0.489389,-0.244797,0.485808,-0.184916
333,6.0313,0.0929627,1,-0.431452,-0.152115,0.497859,-0.359124,-0.0338298,0.415984,-0.431452,-0.152115,0.448073,-0.150361
334,6.04941,0.0891918,1,-0.371128,-0.0835302,0.440446,-0.294888,0.00679463,0.340975,-0.371128,-0.0835302,0.396401,-0.114423
335,6.06752,0.0855894,1,-0.311284,-0.0358041,0.376019,-0.236684,0.0295716,0.265849,-0.311284,-0.0358041,0.338417,-0.0819341
336,6.08563,0.0817908,1,-0.255747,-0.00594677,0.308327,-0.186154,0.0397793,0.193718,-0.255747,-0.00594677,0.277495,-0.0551976
337,6.10374,0.0770256,1,-0.204803,0.00974533,0.239995,-0.143749,0.0419174,0.125819,-0.204803,0.00974533,0.215995,-0.0344062
338,6.12186,0.0732573,1,-0.161237,0.0147076,0.175377,-0.109124,0.0393914,0.0623506,-0.161237,0.0147076,0.157839,-0.019794
339,6.13997,0.0718638,1,-0.126314,0.0139817,0.117329,-0.0814769,0.0345704,0.00305381,-0.126314,0.0139817,0.105597,-0.0103743
340,6.15808,0.0706984,1,-0.0983277,0.0110429,0.0623669,-0.0598048,0.0289871,-0.0524755,-0.0983277,0.0110429,0.0561302,-0.00429268
341,6.17619,0.0695595,1,-0.0754006,0.00612753,0.0101089,-0.0430689,0.0235599,-0.104636,-0.0754006,0.00612753,0.00909799,-0.00053355
342,6.1943,0.0699062,1,-0.0584855,0.000233865,-0.0374856,-0.0302943,0.0187858,-0.153768,-0.0584855,0.000233865,-0.033737,0.00153465
343,6.21242,0.0700628,1,-0.0450247,-0.00506024,-0.0829619,-0.0206205,0.01489,-0.200149,-0.0450247,-0.00506024,-0.0746657,0.00261474
344,6.23053,0.0704729,1,-0.0348921,-0.00891811,-0.125681,-0.0133184,0.0119346,-0.243998,-0.0348921,-0.00891811,-0.113113,0.00306969
345,6.24864,0.0698335,1,-0.0269419,-0.0119588,-0.168084,-0.0077891,0.00989357,-0.285497,-0.0269419,-0.0119588,-0.151275,0.00316994
346,6.26675,0.0692104,1,-0.0212623,-0.0144911,-0.208525,-0.00355133,0.00870235,-0.324794,-0.0212623,-0.0144911,-0.187672,0.0031036
347,6.28486,0.0687256,1,-0.0170041,-0.0157756,-0.246656,-0.000223725,0.00828868,-0.36202,-0.0170041,-0.0157756,-0.22199,0.00293591
348,6.30298,0.0684736,1,-0.0133545,-0.014921,-0.28213,0.00249363,0.00859139,-0.39729,-0.0133545,-0.014921,-0.253917,0.0026374
349,6.32109,0.0686234,1,-0.00985193,-0.0142349,-0.315187,0.00483714,0.00957099,-0.430708,-0.00985193,-0.0142349,-0.283668,0.00217364
350,6.3392,0.0689007,1,-0.00728816,-0.0129687,-0.34638,0.00699567,0.0112154,-0.462367,-0.00728816,-0.0129687,-0.311742,0.00176713
351,6.35731,0.0696623,1,-0.00493503,-0.0114397,-0.375152,0.00912453,0.0135434,-0.492356,-0.00493503,-0.0114397,-0.337637,0.00129597
352,6.37542,0.0709073,1,-0.00248585,-0.00828198,-0.401284,0.0113573,0.0166068,-0.520752,-0.00248585,-0.00828198,-0.361156,0.000698274
353,6.39354,0.0726899,1,0.00031082,-0.00457861,-0.424985,0.0138162,0.0204932,-0.547625,0.00031082,-0.00457861,-0.382487,-9.24658e-05
354,6.41165,0.0739435,1,0.00346133,0.000730757,-0.448037,0.0166205,0.0253292,-0.573036,0.00346133,0.000730757,-0.403233,-0.00108556
355,6.42976,0.0751028,1,0.00690088,0.00652079,-0.469994,0.0198951,0.0312856,-0.597034,0.00690088,0.00652079,-0.422994,-0.00227036
356,6.44787,0.0759331,1,0.010903,0.01391,-0.491111,0.0237777,0.0385836,-0.619653,0.010903,0.01391,-0.442,-0.00374822
357,6.46598,0.0766268,1,0.0154681,0.0223574,-0.511236,0.0284267,0.0475043,-0.640907,0.0154681,0.0223574,-0.460112,-0.00553548
358,6.4841,0.0773053,1,0.0209054,0.0324424,-0.530085,0.034029,0.0583996,-0.660784,0.0209054,0.0324424,-0.477076,-0.00775713
359,6.50221,0.0778271,1,0.0271128,0.0441261,-0.547997,0.0408092,0.0717065,-0.679233,0.0271128,0.0441261,-0.493197,-0.0104004
360,6.52032,0.078079,1,0.0349149,0.0587865,-0.564853,0.0490399,0.0879639,-0.696147,0.0349149,0.0587865,-0.508367,-0.0138053
361,6.53843,0.0783733,1,0.0442257,0.0767321,-0.580038,0.0590527,0.107832,-0.711339,0.0442257,0.0767321,-0.522034,-0.0179568
362,6.55654,0.0788036,1,0.0561064,0.0995366,-0.592825,0.0712519,0.132113,-0.724505,0.0561064,0.0995366,-0.533543,-0.0232829
363,6.57466,0.0792738,1,0.070458,0.127418,-0.603152,0.0861289,0.161771,-0.735165,0.070458,0.127418,-0.542837,-0.0297478
364,6.59277,0.0794863,1,0.0881868,0.162121,-0.61063,0.104277,0.197942,-0.742585,0.0881868,0.162121,-0.549567,-0.0376947
365,6.61088,0.0796523,1,0.108723,0.203527,-0.614333,0.126403,0.241929,-0.745658,0.108723,0.203527,-0.5529,-0.0467543
366,6.62899,0.0796043,1,0.134293,0.254017,-0.612522,0.153335,0.295154,-0.742736,0.134293,0.254017,-0.55127,-0.0575801
367,6.6471,0.0793173,1,0.16486,0.313826,-0.603414,0.18601,0.359029,-0.73141,0.16486,0.313826,-0.543073,-0.0696354
368,6.66522,0.0792035,1,0.202024,0.384522,-0.582713,0.225432,0.434687,-0.708232,0.202024,0.384522,-0.524441,-0.0824053
369,6.68333,0.0795804,1,0.245947,0.465445,-0.545793,0.272562,0.522461,-0.668431,0.245947,0.465445,-0.491214,-0.0939654
370,6.70144,0.079898,1,0.297241,0.555567,-0.487775,0.328107,0.620998,-0.605746,0.297241,0.555567,-0.438997,-0.101491
371,6.71955,0.0806701,1,0.355994,0.648769,-0.401908,0.392138,0.725879,-0.51268,0.355994,0.648769,-0.361717,-0.100154
372,6.73766,0.0818559,1,0.420842,0.737146,-0.281434,0.463487,0.827851,-0.38171,0.420842,0.737146,-0.253291,-0.0829075
373,6.75578,0.0832003,1,0.488533,0.807651,-0.121642,0.538936,0.911287,-0.208164,0.488533,0.807651,-0.109478,-0.0415983
374,6.77389,0.0830782,1,0.554005,0.8418,0.0726425,0.612421,0.954512,0.00489574,0.554005,0.8418,0.0653782,0.028171
375,6.792,0.0843343,1,0.606978,0.811467,0.281407,0.674801,0.934413,0.241141,0.606978,0.811467,0.253266,0.119566
376,6.81011,0.0837061,1,0.638907,0.713412,0.477505,0.71503,0.836521,0.469152,0.638907,0.713412,0.429755,0.213557
377,6.82822,0.0806955,1,0.641116,0.555388,0.628608,0.723196,0.66652,0.649769,0.641116,0.555388,0.565747,0.282107
378,6.84634,0.073801,1,0.612211,0.364865,0.711015,0.694471,0.45352,0.752408,0.612211,0.364865,0.639914,0.304704
379,6.86445,0.0643148,1,0.551797,0.177992,0.721207,0.631572,0.2388,0.769658,0.551797,0.177992,0.649086,0.278572
380,6.88256,0.052529,1,0.471486,0.0196725,0.677559,0.54385,0.0570923,0.71807,0.471486,0.0196725,0.609803,0.223622
381,6.90067,0.0415015,1,0.38231,-0.097473,0.595566,0.443617,-0.0751987,0.625773,0.38231,-0.097473,0.536009,0.159383
382,6.91878,0.0326937,1,0.290906,-0.168961,0.496753,0.342212,-0.159059,0.518578,0.290906,-0.168961,0.447078,0.101156
383,6.9369,0.0250173,1,0.205982,-0.212949,0.404828,0.247731,-0.204926,0.413213,0.205982,-0.212949,0.364345,0.0583711
384,6.95501,0.0199759,1,0.130766,-0.232288,0.318567,0.164631,-0.225273,0.317511,0.130766,-0.232288,0.28671,0.0291605
385,6.97312,0.0161352,1,0.0683654,-0.23546,0.242355,0.0944425,-0.230688,0.233509,0.0683654,-0.23546,0.218119,0.0115981
386,6.99123,0.0136655,1,0.0176571,-0.233185,0.173678,0.0367738,-0.228798,0.160429,0.0176571,-0.233185,0.15631,0.00214664
387,7.00934,0.0133665,1,-0.0238661,-0.228517,0.114558,-0.00982199,-0.224585,0.0965781,-0.0238661,-0.228517,0.103103,-0.00191385
388,7.02746,0.0142315,1,-0.0574925,-0.224912,0.0623731,-0.0472397,-0.221086,0.0402859,-0.0574925,-0.224912,0.0561358,-0.00251019
389,7.04557,0.01426,1,-0.0843383,-0.224206,0.0135931,-0.0774514,-0.220044,-0.00975832,-0.0843383,-0.224206,0.0122338,-0.000802493
390,7.06368,0.0149673,1,-0.105791,-0.226129,-0.0290294,-0.102306,-0.222401,-0.0544464,-0.105791,-0.226129,-0.0261265,0.00214974
391,7.08179,0.0154309,1,-0.124583,-0.233406,-0.0680297,-0.123441,-0.228628,-0.0943014,-0.124583,-0.233406,-0.0612268,0.00593277
392,7.0999,0.0146325,1,-0.141969,-0.243196,-0.104566,-0.142253,-0.238936,-0.129548,-0.141969,-0.243196,-0.0941094,0.0103916
393,7.11802,0.0146575,1,-0.157776,-0.257097,-0.135142,-0.159913,-0.253407,-0.160169,-0.157776,-0.257097,-0.121628,0.0149256
394,7.13613,0.0158593,1,-0.173146,-0.274092,-0.158879,-0.177387,-0.272061,-0.185942,-0.173146,-0.274092,-0.142991,0.0192564
395,7.15424,0.0181577,1,-0.189385,-0.295297,-0.175602,-0.195466,-0.294876,-0.206455,-0.189385,-0.295297,-0.158041,0.0232794
396,7.17235,0.0206321,1,-0.206956,-0.318921,-0.18636,-0.214787,-0.321776,-0.22111,-0.206956,-0.318921,-0.167724,0.0269979
397,7.19046,0.0225277,1,-0.225973,-0.345428,-0.192061,-0.235852,-0.352579,-0.229125,-0.225973,-0.345428,-0.172855,0.0303805
398,7.20858,0.0237458,1,-0.248217,-0.377176,-0.191072,-0.259021,-0.386923,-0.229541,-0.248217,-0.377176,-0.171965,0.0331991
399,7.22669,0.0244897,1,-0.271823,-0.411692,-0.18274,-0.284499,-0.424154,-0.221253,-0.271823,-0.411692,-0.164466,0.034771
400,7.2448,0.0251545,1,-0.296877,-0.447908,-0.165313,-0.312297,-0.463188,-0.203089,-0.296877,-0.447908,-0.148782,0.0343544
401,7.26291,0.0253658,1,-0.323646,-0.484625,-0.138293,-0.342175,-0.502371,-0.173958,-0.323646,-0.484625,-0.124463,0.0313304
402,7.28102,0.0248185,1,-0.352819,-0.518667,-0.101646,-0.373576,-0.539364,-0.133089,-0.352819,-0.518667,-0.0914813,0.0251038
403,7.29914,0.0238205,1,-0.382806,-0.547773,-0.0550822,-0.40555,-0.571113,-0.0803851,-0.382806,-0.547773,-0.049574,0.0147601
404,7.31725,0.022663,1,-0.412645,-0.571055,0.0040091,-0.436711,-0.594008,-0.016843,-0.412645,-0.571055,0.00360819,-0.00115803
405,7.33536,0.0214301,1,-0.440134,-0.583058,0.0722466,-0.465247,-0.604295,0.0550388,-0.440134,-0.583058,0.0650219,-0.0222587
406,7.35347,0.020492,1,-0.462543,-0.578459,0.143095,-0.489034,-0.598781,0.131054,-0.462543,-0.578459,0.128786,-0.0463315
407,7.37158,0.019963,1,-0.478156,-0.5563,0.212525,-0.505879,-0.575729,0.205491,-0.478156,-0.5563,0.191272,-0.071134
408,7.3897,0.0188521,1,-0.485888,-0.519403,0.276272,-0.513869,-0.535649,0.271878,-0.485888,-0.519403,0.248645,-0.0939661
409,7.40781,0.0177275,1,-0.483962,-0.469272,0.328298,-0.511775,-0.481615,0.324192,-0.483962,-0.469272,0.295468,-0.111219
410,7.42592,0.0166563,1,-0.472603,-0.410179,0.364563,-0.499359,-0.418845,0.358131,-0.472603,-0.410179,0.328107,-0.120606
411,7.44403,0.0151213,1,-0.452721,-0.348926,0.379114,-0.477486,-0.353584,0.371976,-0.452721,-0.348926,0.341203,-0.120143
412,7.46214,0.0136639,1,-0.425384,-0.290233,0.373514,-0.447989,-0.291735,0.366667,-0.425384,-0.290233,0.336162,-0.111221
413,7.48026,0.0123631,1,-0.393054,-0.239743,0.351807,-0.41331,-0.237749,0.345155,-0.393054,-0.239743,0.316626,-0.0967954
414,7.49837,0.0115351,1,-0.358012,-0.198604,0.318654,-0.37608,-0.194135,0.311391,-0.358012,-0.198604,0.286789,-0.0798574
415,7.51648,0.0114461,1,-0.322446,-0.168108,0.278611,-0.338729,-0.161575,0.269379,-0.322446,-0.168108,0.25075,-0.0628859
416,7.53459,0.0121681,1,-0.288793,-0.147224,0.235774,-0.303237,-0.139419,0.222559,-0.288793,-0.147224,0.212196,-0.0476629
417,7.5527,0.0138207,1,-0.258137,-0.134887,0.191798,-0.271031,-0.126274,0.173561,-0.258137,-0.134887,0.172619,-0.0346572
418,7.57082,0.0164542,1,-0.231773,-0.129079,0.148981,-0.242995,-0.120503,0.124227,-0.231773,-0.129079,0.134082,-0.0241707
419,7.58893,0.0192967,1,-0.2101,-0.129428,0.106572,-0.219562,-0.120555,0.0757684,-0.2101,-0.129428,0.0959144,-0.0156735
420,7.60704,0.0209371,1,-0.193316,-0.133753,0.063368,-0.200827,-0.125141,0.0289515,-0.193316,-0.133753,0.0570312,-0.00857502
421,7.62515,0.0218231,1,-0.179184,-0.140242,0.0206563,-0.186667,-0.133297,-0.0157375,-0.179184,-0.140242,0.0185907,-0.00259089
422,7.64326,0.0225547,1,-0.169537,-0.148049,-0.0197663,-0.176833,-0.144376,-0.0579686,-0.169537,-0.148049,-0.0177897,0.00234578
423,7.66138,0.0239489,1,-0.163489,-0.158312,-0.0566939,-0.171033,-0.158014,-0.0974817,-0.163489,-0.158312,-0.0510245,0.00648818
424,7.67949,0.0250317,1,-0.160854,-0.171231,-0.0915367,-0.168984,-0.174072,-0.134029,-0.160854,-0.171231,-0.082383,0.0103068
425,7.6976,0.0262557,1,-0.16065,-0.186799,-0.123302,-0.170446,-0.192586,-0.167332,-0.16065,-0.186799,-0.110972,0.013866
426,7.71571,0.0277449,1,-0.163621,-0.205389,-0.151173,-0.175241,-0.21372,-0.197052,-0.163621,-0.205389,-0.136056,0.0173145
427,7.73382,0.0288746,1,-0.16955,-0.227117,-0.175844,-0.183261,-0.237718,-0.222757,-0.16955,-0.227117,-0.158259,0.02087
428,7.75194,0.0296725,1,-0.17844,-0.250954,-0.197084,-0.194468,-0.264857,-0.243894,-0.17844,-0.250954,-0.177375,0.0246173
429,7.77005,0.0299747,1,-0.190309,-0.277375,-0.214748,-0.208878,-0.295397,-0.259758,-0.190309,-0.277375,-0.193274,0.028608
430,7.78816,0.0298074,1,-0.205438,-0.307611,-0.227748,-0.226545,-0.32951,-0.269466,-0.205438,-0.307611,-0.204973,0.0327517
431,7.80627,0.029704,1,-0.223682,-0.341738,-0.234115,-0.247529,-0.367197,-0.271932,-0.223682,-0.341738,-0.210703,0.0366571
432,7.82438,0.0297793,1,-0.245436,-0.379396,-0.232185,-0.271856,-0.408162,-0.265874,-0.245436,-0.379396,-0.208967,0.0398907
433,7.8425,0.0293459,1,-0.270646,-0.420825,-0.221519,-0.299452,-0.451665,-0.249851,-0.270646,-0.420825,-0.199367,0.0419674
434,7.86061,0.0288808,1,-0.298891,-0.464671,-0.199409,-0.330067,-0.496336,-0.222382,-0.298891,-0.464671,-0.179468,0.0417212
435,7.87872,0.0283428,1,-0.32976,-0.508112,-0.16553,-0.363175,-0.539998,-0.182165,-0.32976,-0.508112,-0.148977,0.0382096
436,7.89683,0.0278357,1,-0.362571,-0.54765,-0.120588,-0.397864,-0.579543,-0.128445,-0.362571,-0.54765,-0.10853,0.0306053
437,7.91494,0.0275112,1,-0.396021,-0.580781,-0.0647904,-0.43274,-0.610975,-0.0615157,-0.396021,-0.580781,-0.0583113,0.0179609
438,7.93306,0.027482,1,-0.428294,-0.604026,0.00284245,-0.465875,-0.629745,0.0166998,-0.428294,-0.604026,0.0025582,-0.000852183
439,7.95117,0.0269704,1,-0.457521,-0.613778,0.0804241,-0.494869,-0.63148,0.102195,-0.457521,-0.613778,0.0723817,-0.025757
440,7.96928,0.0253666,1,-0.4824,-0.606344,0.162695,-0.517068,-0.613085,0.18883,-0.4824,-0.606344,0.146425,-0.0549387
441,7.98739,0.0240897,1,-0.498644,-0.577978,0.241687,-0.52995,-0.57392,0.268971,-0.498644,-0.577978,0.217519,-0.0843611
442,8.0055,0.0229441,1,-0.504871,-0.53315,0.310622,-0.53163,-0.516568,0.334877,-0.504871,-0.53315,0.27956,-0.109777
443,8.02362,0.0222695,1,-0.50198,-0.475804,0.364162,-0.521333,-0.446678,0.38044,-0.50198,-0.475804,0.327746,-0.127962
444,8.04173,0.0225545,1,-0.488258,-0.408657,0.396709,-0.499644,-0.371755,0.402602,-0.488258,-0.408657,0.357038,-0.135587
445,8.05984,0.0223163,1,-0.463419,-0.337553,0.404815,-0.468436,-0.299347,0.40179,-0.463419,-0.337553,0.364334,-0.131319
446,8.07795,0.0219596,1,-0.430701,-0.271911,0.391949,-0.430481,-0.235407,0.381268,-0.430701,-0.271911,0.352754,-0.118169
447,8.09606,0.0216708,1,-0.392672,-0.216633,0.362927,-0.388903,-0.183433,0.345825,-0.392672,-0.216633,0.326634,-0.0997579
448,8.11418,0.0207099,1,-0.352642,-0.171979,0.322703,-0.34666,-0.144493,0.300445,-0.352642,-0.171979,0.290433,-0.079659
449,8.13229,0.0206666,1,-0.312953,-0.140955,0.275901,-0.306187,-0.117845,0.249415,-0.312953,-0.140955,0.248311,-0.0604408
450,8.1504,0.0218144,1,-0.276434,-0.122145,0.226924,-0.269238,-0.101735,0.195952,-0.276434,-0.122145,0.204231,-0.0439106
451,8.16851,0.023233,1,-0.243911,-0.113434,0.176802,-0.236889,-0.0940724,0.142231,-0.243911,-0.113434,0.159122,-0.0301868
452,8.18662,0.0252393,1,-0.216578,-0.111477,0.12855,-0.209648,-0.0928764,0.0896009,-0.216578,-0.111477,0.115695,-0.0194888
453,8.20474,0.0277053,1,-0.194454,-0.114448,0.0828174,-0.187602,-0.096508,0.0388409,-0.194454,-0.114448,0.0745357,-0.0112729
454,8.22285,0.0291484,1,-0.177,-0.120206,0.0376747,-0.170563,-0.103743,-0.0096164,-0.177,-0.120206,0.0339072,-0.00466789
455,8.24096,0.0301299,1,-0.163684,-0.128143,-0.00566392,-0.158195,-0.113757,-0.0555275,-0.163684,-0.128143,-0.00509753,0.000648964
456,8.25907,0.0312633,1,-0.154669,-0.137814,-0.0460698,-0.150104,-0.126073,-0.0987338,-0.154669,-0.137814,-0.0414628,0.0049879
457,8.27718,0.0327186,1,-0.14901,-0.149692,-0.0832645,-0.14591,-0.140489,-0.139097,-0.14901,-0.149692,-0.0749381,0.00868507
458,8.2953,0.0343557,1,-0.146964,-0.163332,-0.11731,-0.145287,-0.157021,-0.176456,-0.146964,-0.163332,-0.105579,0.0120682
459,8.31341,0.0356509,1,-0.147651,-0.17923,-0.148945,-0.147984,-0.175844,-0.210601,-0.147651,-0.17923,-0.134051,0.0153943
460,8.33152,0.0367023,1,-0.151543,-0.197606,-0.177714,-0.15384,-0.19725,-0.241242,-0.151543,-0.197606,-0.159943,0.0188519
461,8.34963,0.0369353,1,-0.158368,-0.218855,-0.204225,-0.162786,-0.221607,-0.267986,-0.158368,-0.218855,-0.183802,0.0226399
462,8.36774,0.0364952,1,-0.168346,-0.242633,-0.227783,-0.174834,-0.249326,-0.290304,-0.168346,-0.242633,-0.205005,0.0268425
463,8.38586,0.0361756,1,-0.180777,-0.270415,-0.246403,-0.190069,-0.280809,-0.30749,-0.180777,-0.270415,-0.221763,0.0311809
464,8.40397,0.0357615,1,-0.196417,-0.302214,-0.259584,-0.20863,-0.316396,-0.318629,-0.196417,-0.302214,-0.233625,0.0356906
465,8.42208,0.0359347,1,-0.215085,-0.33753,-0.265286,-0.230677,-0.356275,-0.322552,-0.215085,-0.33753,-0.238757,0.0399413
466,8.44019,0.0362637,1,-0.237362,-0.376364,-0.262964,-0.256355,-0.400355,-0.317817,-0.237362,-0.376364,-0.236667,0.0436922
467,8.4583,0.0362695,1,-0.262828,-0.418898,-0.252026,-0.285724,-0.448097,-0.302718,-0.262828,-0.418898,-0.226824,0.0463678
468,8.47642,0.0359838,1,-0.292052,-0.463483,-0.231051,-0.318677,-0.498282,-0.275375,-0.292052,-0.463483,-0.207945,0.0472352
469,8.49453,0.0359053,1,-0.323773,-0.509347,-0.19719,-0.354822,-0.548757,-0.233938,-0.323773,-0.509347,-0.177471,0.0446913
470,8.51264,0.035734,1,-0.3581,-0.552595,-0.150759,-0.39334,-0.596201,-0.176977,-0.3581,-0.552595,-0.135683,0.0377908
471,8.53075,0.0356172,1,-0.393648,-0.590098,-0.091487,-0.432842,-0.63604,-0.104095,-0.393648,-0.590098,-0.0823383,0.0252096
472,8.54886,0.0357394,1,-0.428856,-0.617618,-0.0181318,-0.471258,-0.662695,-0.0167035,-0.428856,-0.617618,-0.0163186,0.00544316
473,8.56698,0.0354265,1,-0.461078,-0.630759,0.0673383,-0.505847,-0.670362,0.0812116,-0.461078,-0.630759,0.0606045,-0.0217337
474,8.58509,0.0335862,1,-0.488343,-0.625426,0.160029,-0.533393,-0.654381,0.182749,-0.488343,-0.625426,0.144026,-0.0547042
475,8.6032,0.0315392,1,-0.507209,-0.596486,0.249907,-0.550662,-0.612931,0.27864,-0.507209,-0.596486,0.224916,-0.0887286
476,8.62131,0.0289777,1,-0.5149,-0.546709,0.328853,-0.555053,-0.54836,0.358922,-0.5149,-0.546709,0.295968,-0.118529
477,8.63942,0.0256151,1,-0.511413,-0.481011,0.390186,-0.545272,-0.467297,0.415363,-0.511413,-0.481011,0.351167,-0.139682
478,8.65754,0.0229959,1,-0.495416,-0.403671,0.42648,-0.521761,-0.379195,0.443607,-0.495416,-0.403671,0.383832,-0.1479
479,8.67565,0.0208652,1,-0.467952,-0.323168,0.434269,-0.48666,-0.293817,0.443995,-0.467952,-0.323168,0.390842,-0.142252
480,8.69376,0.0195614,1,-0.431133,-0.250405,0.418763,-0.443329,-0.218857,0.420746,-0.431133,-0.250405,0.376887,-0.12638
481,8.71187,0.0193576,1,-0.388937,-0.190869,0.386659,-0.395609,-0.158674,0.380094,-0.388937,-0.190869,0.347993,-0.10527
482,8.72998,0.0188983,1,-0.344879,-0.14378,0.34259,-0.347119,-0.114363,0.32841,-0.344879,-0.14378,0.308331,-0.0827065
483,8.7481,0.019543,1,-0.301497,-0.111419,0.291721,-0.300787,-0.0846738,0.270984,-0.301497,-0.111419,0.262549,-0.0615671
484,8.76621,0.0213913,1,-0.261866,-0.092296,0.2386,-0.258651,-0.0671334,0.211595,-0.261866,-0.092296,0.21474,-0.0437368
485,8.78432,0.0233635,1,-0.226475,-0.0832628,0.184653,-0.221891,-0.0589602,0.152623,-0.226475,-0.0832628,0.166187,-0.0292735
486,8.80243,0.0256172,1,-0.196993,-0.0808307,0.132737,-0.190989,-0.0576188,0.0954024,-0.196993,-0.0808307,0.119463,-0.0183038
487,8.82054,0.0279609,1,-0.172349,-0.0817327,0.0839224,-0.16592,-0.0610732,0.0405947,-0.172349,-0.0817327,0.0755302,-0.0101248
488,8.83866,0.0293168,1,-0.152178,-0.0856831,0.035656,-0.146351,-0.0678396,-0.0115254,-0.152178,-0.0856831,0.0320904,-0.00379824
489,8.85677,0.0305123,1,-0.137214,-0.092251,-0.0105844,-0.131785,-0.0769373,-0.0608737,-0.137214,-0.092251,-0.00952593,0.00101663
490,8.87488,0.0320431,1,-0.126326,-0.100322,-0.0535731,-0.121679,-0.0877992,-0.107442,-0.126326,-0.100322,-0.0482158,0.00473737
491,8.89299,0.0342008,1,-0.118725,-0.109708,-0.0928569,-0.115519,-0.100179,-0.151235,-0.118725,-0.109708,-0.0835712,0.00771711
492,8.9111,0.0361091,1,-0.114945,-0.120806,-0.130091,-0.112859,-0.114073,-0.192235,-0.114945,-0.120806,-0.117081,0.0104673
493,8.92922,0.0379769,1,-0.114123,-0.134602,-0.164796,-0.113355,-0.129653,-0.230383,-0.114123,-0.134602,-0.148316,0.0131649
494,8.94733,0.0390435,1,-0.115966,-0.149716,-0.197985,-0.116765,-0.147225,-0.26556,-0.115966,-0.149716,-0.178187,0.0160717
495,8.96544,0.0393217,1,-0.12028,-0.16598,-0.229529,-0.122961,-0.167195,-0.297573,-0.12028,-0.16598,-0.206576,0.0193255
496,8.98355,0.0391338,1,-0.126721,-0.184491,-0.258773,-0.131915,-0.190048,-0.326127,-0.126721,-0.184491,-0.232896,0.0229543
497,9.00166,0.0391641,1,-0.135492,-0.20576,-0.284294,-0.143701,-0.216321,-0.350796,-0.135492,-0.20576,-0.255864,0.0269636
498,9.01978,0.0393648,1,-0.147045,-0.230305,-0.305768,-0.158478,-0.246587,-0.370982,-0.147045,-0.230305,-0.275191,0.0314732
499,9.03789,0.0397597,1,-0.161211,-0.258884,-0.322606,-0.176481,-0.281412,-0.385866,-0.161211,-0.258884,-0.290345,0.0364054
500,9.056,0.0404003,1,-0.178493,-0.291771,-0.333976,-0.198001,-0.321294,-0.394344,-0.178493,-0.291771,-0.300578,0.0417287
501,9.07411,0.0411582,1,-0.199237,-0.329921,-0.338776,-0.22335,-0.366561,-0.394973,-0.199237,-0.329921,-0.304898,0.0472476
502,9.09222,0.0423335,1,-0.223662,-0.373225,-0.335005,-0.252818,-0.417209,-0.385914,-0.223662,-0.373225,-0.301505,0.0524495
503,9.11034,0.0440332,1,-0.251583,-0.421094,-0.32098,-0.28659,-0.472667,-0.36493,-0.251583,-0.421094,-0.288882,0.0565274
504,9.12845,0.0455274,1,-0.283735,-0.472955,-0.295987,-0.324636,-0.531466,-0.32948,-0.283735,-0.472955,-0.266388,0.0587872
505,9.14656,0.0467158,1,-0.319701,-0.527523,-0.2585,-0.366553,-0.590849,-0.276989,-0.319701,-0.527523,-0.23265,0.0578499
506,9.16467,0.0483256,1,-0.359089,-0.581021,-0.205302,-0.411357,-0.646399,-0.205405,-0.359089,-0.581021,-0.184772,0.0516053
507,9.18278,0.0501698,1,-0.400874,-0.629415,-0.135756,-0.457272,-0.69188,-0.114113,-0.400874,-0.629415,-0.12218,0.0380946
508,9.2009,0.0518734,1,-0.442851,-0.665013,-0.0456718,-0.501569,-0.719624,-0.00514529,-0.442851,-0.665013,-0.0411046,0.0141581
509,9.21901,0.0523289,1,-0.481805,-0.68187,0.0593833,-0.540578,-0.721784,0.115665,-0.481805,-0.68187,0.053445,-0.0200278
510,9.23712,0.0503041,1,-0.514647,-0.674744,0.173419,-0.570026,-0.692564,0.238281,-0.514647,-0.674744,0.156078,-0.0624748
511,9.25523,0.0467966,1,-0.537108,-0.63802,0.285214,-0.585766,-0.630837,0.349639,-0.537108,-0.63802,0.256692,-0.107233
512,9.27334,0.0424109,1,-0.546129,-0.573054,0.382535,-0.584782,-0.541831,0.436638,-0.546129,-0.573054,0.344282,-0.146239
513,9.29146,0.0375635,1,-0.539795,-0.484413,0.454641,-0.566122,-0.436533,0.489959,-0.539795,-0.484413,0.409177,-0.171789
514,9.30957,0.0340484,1,-0.517025,-0.383808,0.491693,-0.531308,-0.328609,0.506757,-0.517025,-0.383808,0.442524,-0.177952
515,9.32768,0.0323228,1,-0.480539,-0.2861,0.494258,-0.483988,-0.230333,0.49073,-0.480539,-0.2861,0.444832,-0.166257
516,9.34579,0.0315376,1,-0.433161,-0.200719,0.468738,-0.428998,-0.149649,0.449805,-0.433161,-0.200719,0.421865,-0.142128
517,9.3639,0.0319509,1,-0.381116,-0.133869,0.424511,-0.371258,-0.0894487,0.393011,-0.381116,-0.133869,0.38206,-0.113252
518,9.38202,0.0320713,1,-0.328561,-0.0854916,0.367415,-0.314927,-0.0486558,0.328134,-0.328561,-0.0854916,0.330673,-0.0845027
519,9.40013,0.0324366,1,-0.277991,-0.0540162,0.30577,-0.26298,-0.0239928,0.260718,-0.277991,-0.0540162,0.275193,-0.0595008
520,9.41824,0.0329885,1,-0.232307,-0.0367369,0.243104,-0.217179,-0.0115112,0.194119,-0.232307,-0.0367369,0.218794,-0.0395323
521,9.43635,0.033858,1,-0.192401,-0.0295463,0.182549,-0.178265,-0.00754623,0.130058,-0.192401,-0.0295463,0.164294,-0.0245858
522,9.45446,0.0349519,1,-0.158707,-0.0278773,0.125427,-0.146247,-0.00914179,0.0692254,-0.158707,-0.0278773,0.112884,-0.0139343
523,9.47258,0.0364116,1,-0.131629,-0.0298889,0.0718348,-0.120666,-0.0141343,0.0117594,-0.131629,-0.0298889,0.0646513,-0.00661886
524,9.49069,0.0374887,1,-0.110336,-0.0353995,0.0201614,-0.100827,-0.0210673,-0.0424516,-0.110336,-0.0353995,0.0181453,-0.00155718
525,9.5088,0.0392215,1,-0.0946506,-0.0421401,-0.0275126,-0.0859493,-0.0290478,-0.0936024,-0.0946506,-0.0421401,-0.0247614,0.00182286
526,9.52691,0.0411417,1,-0.0825674,-0.0488384,-0.0719028,-0.075273,-0.037601,-0.141892,-0.0825674,-0.0488384,-0.0647125,0.00415578
527,9.54502,0.0437241,1,-0.0736066,-0.0562017,-0.112576,-0.0681204,-0.0465491,-0.18749,-0.0736066,-0.0562017,-0.101319,0.00580045
528,9.56314,0.0457822,1,-0.0679942,-0.0640723,-0.151762,-0.0639241,-0.0559187,-0.230534,-0.0679942,-0.0640723,-0.136586,0.00722327
529,9.58125,0.0472911,1,-0.0649403,-0.0732389,-0.189588,-0.0622385,-0.0658753,-0.271122,-0.0649403,-0.0732389,-0.170629,0.00861832
530,9.59936,0.0479877,1,-0.06416,-0.081727,-0.226367,-0.0627382,-0.0766818,-0.309319,-0.06416,-0.081727,-0.20373,0.0101666
531,9.61747,0.0485707,1,-0.065228,-0.0913966,-0.261071,-0.0652116,-0.0886738,-0.345153,-0.065228,-0.0913966,-0.234963,0.0119204
532,9.63558,0.0487039,1,-0.067663,-0.101512,-0.294278,-0.0695522,-0.102249,-0.378611,-0.067663,-0.101512,-0.26485,0.0139382
533,9.6537,0.0493838,1,-0.0713337,-0.112635,-0.324367,-0.0757504,-0.117865,-0.409628,-0.0713337,-0.112635,-0.29193,0.0161968
534,9.67181,0.0503185,1,-0.0768651,-0.125676,-0.351819,-0.0838872,-0.136043,-0.438069,-0.0768651,-0.125676,-0.316637,0.0189298
535,9.68992,0.0513111,1,-0.0839455,-0.141114,-0.376931,-0.0941302,-0.157377,-0.463708,-0.0839455,-0.141114,-0.339238,0.0221492
536,9.70803,0.0521289,1,-0.092531,-0.158425,-0.40035,-0.106731,-0.182536,-0.486194,-0.092531,-0.158425,-0.360315,0.0259313
537,9.72614,0.0535272,1,-0.102786,-0.17968,-0.420363,-0.122025,-0.21227,-0.504998,-0.102786,-0.17968,-0.378326,0.0302452
538,9.74426,0.0550876,1,-0.115722,-0.204841,-0.437605,-0.140428,-0.247391,-0.519356,-0.115722,-0.204841,-0.393845,0.0354485
539,9.76237,0.0568551,1,-0.13139,-0.23506,-0.451676,-0.162433,-0.288742,-0.528175,-0.13139,-0.23506,-0.406508,0.0415421
540,9.78048,0.0591972,1,-0.150371,-0.271242,-0.461285,-0.188591,-0.337118,-0.529933,-0.150371,-0.271242,-0.415157,0.0485548
541,9.79859,0.0628469,1,-0.172849,-0.313786,-0.464403,-0.219484,-0.393112,-0.522556,-0.172849,-0.313786,-0.417963,0.0561901
542,9.8167,0.0678441,1,-0.199769,-0.363121,-0.459739,-0.255657,-0.456864,-0.503297,-0.199769,-0.363121,-0.413765,0.0642892
543,9.83482,0.0743398,1,-0.231391,-0.419918,-0.444143,-0.297507,-0.527645,-0.468694,-0.231391,-0.419918,-0.399729,0.0719394
544,9.85293,0.0819632,1,-0.268251,-0.483899,-0.415212,-0.345103,-0.603262,-0.414676,-0.268251,-0.483899,-0.373691,0.0779668
545,9.87104,0.0907804,1,-0.310529,-0.552967,-0.370639,-0.397905,-0.679301,-0.337047,-0.310529,-0.552967,-0.333575,0.0805657
546,9.88915,0.100672,1,-0.358051,-0.62399,-0.307664,-0.454404,-0.748397,-0.232541,-0.358051,-0.62399,-0.276898,0.0771117
547,9.90726,0.110631,1,-0.409523,-0.690785,-0.220438,-0.511728,-0.799991,-0.100665,-0.409523,-0.690785,-0.198395,0.0631922
548,9.92538,0.118872,1,-0.463121,-0.744223,-0.107315,-0.565376,-0.821349,0.0538896,-0.463121,-0.744223,-0.0965835,0.0347899
549,9.94349,0.123779,1,-0.513389,-0.773258,0.0294966,-0.609375,-0.800599,0.219241,-0.513389,-0.773258,0.0265469,-0.0106002
550,9.9616,0.123512,1,-0.557205,-0.76849,0.181593,-0.637141,-0.73161,0.376569,-0.557205,-0.76849,0.163433,-0.0708291
551,9.97971,0.118655,1,-0.58845,-0.719497,0.333728,-0.643094,-0.618615,0.504238,-0.58845,-0.719497,0.300355,-0.137468
552,9.99782,0.11192,1,-0.601787,-0.626378,0.463457,-0.624515,-0.477091,0.58501,-0.601787,-0.626378,0.417111,-0.195232
553,10.0159,0.104033,1,-0.590572,-0.498886,0.552797,-0.582701,-0.329028,0.61242,-0.590572,-0.498886,0.497517,-0.228526
554,10.034,0.0972713,1,-0.557914,-0.359713,0.59225,-0.522677,-0.194961,0.592052,-0.557914,-0.359713,0.533025,-0.231297
555,10.0522,0.0925112,1,-0.506443,-0.230359,0.585584,-0.451624,-0.087754,0.537277,-0.506443,-0.230359,0.527026,-0.207596
556,10.0703,0.0886635,1,-0.442208,-0.124312,0.543717,-0.376886,-0.0111544,0.463019,-0.442208,-0.124312,0.489345,-0.168305
557,10.0884,0.083901,1,-0.373983,-0.0454572,0.478023,-0.304474,0.0378018,0.381303,-0.373983,-0.0454572,0.43022,-0.125141
558,10.1065,0.0807558,1,-0.306141,0.00533935,0.406513,-0.238429,0.0652496,0.299787,-0.306141,0.00533935,0.365861,-0.087115
559,10.1246,0.0769401,1,-0.243241,0.0350607,0.332096,-0.180873,0.0777704,0.222344,-0.243241,0.0350607,0.298886,-0.0565455
560,10.1427,0.0721213,1,-0.188311,0.050398,0.257815,-0.132427,0.0809774,0.150361,-0.188311,0.050398,0.232034,-0.0339845
561,10.1608,0.0669915,1,-0.140321,0.0557673,0.187114,-0.0927119,0.0790873,0.0839003,-0.140321,0.0557673,0.168403,-0.0183793
562,10.1789,0.0636626,1,-0.101626,0.0550211,0.122928,-0.0607793,0.0750093,0.0224753,-0.101626,0.0550211,0.110636,-0.00874488
563,10.1971,0.0621786,1,-0.0710036,0.0497207,0.0649493,-0.0354257,0.0706199,-0.0345292,-0.0710036,0.0497207,0.0584544,-0.00322815
564,10.2152,0.0616249,1,-0.0456993,0.0460988,0.0125032,-0.0153991,0.0670569,-0.0876745,-0.0456993,0.0460988,0.0112528,-0.00039997
565,10.2333,0.0619549,1,-0.0257016,0.04401,-0.0354769,0.000482335,0.0649676,-0.13741,-0.0257016,0.04401,-0.0319292,0.000638269
566,10.2514,0.0631727,1,-0.0105266,0.0426817,-0.0795698,0.0132731,0.0646978,-0.184075,-0.0105266,0.0426817,-0.0716128,0.000586318
567,10.2695,0.0647504,1,0.00210427,0.0416829,-0.120715,0.0238816,0.0664269,-0.227913,0.00210427,0.0416829,-0.108644,-0.000177812
568,10.2876,0.0656736,1,0.0129387,0.0438726,-0.160298,0.0330766,0.0702624,-0.269096,0.0129387,0.0438726,-0.144268,-0.00145183
569,10.3057,0.0655216,1,0.023197,0.0485653,-0.199227,0.0415049,0.0763025,-0.307739,0.023197,0.0485653,-0.179305,-0.00323503
570,10.3238,0.0648833,1,0.0321821,0.05577,-0.236726,0.0497168,0.084678,-0.343901,0.0321821,0.05577,-0.213053,-0.00533284
571,10.342,0.0646465,1,0.0405962,0.0646901,-0.271412,0.0581915,0.0955799,-0.37759,0.0405962,0.0646901,-0.244271,-0.00771281
572,10.3601,0.0649925,1,0.0491531,0.0760582,-0.302751,0.0673634,0.109278,-0.408755,0.0491531,0.0760582,-0.272476,-0.0104168
573,10.3782,0.0653839,1,0.0585982,0.0893618,-0.331867,0.0776455,0.126136,-0.437271,0.0585982,0.0893618,-0.29868,-0.0136128
574,10.3963,0.0665481,1,0.0688787,0.107281,-0.356539,0.0894509,0.146614,-0.462914,0.0688787,0.107281,-0.320885,-0.0171906
575,10.4144,0.0685715,1,0.0806115,0.128002,-0.37706,0.103211,0.171282,-0.485329,0.0806115,0.128002,-0.339354,-0.0212767
576,10.4325,0.0702778,1,0.0945448,0.152963,-0.394843,0.119393,0.200806,-0.503978,0.0945448,0.152963,-0.355359,-0.0261313
577,10.4506,0.0713283,1,0.110706,0.181526,-0.410706,0.138507,0.235939,-0.518081,0.110706,0.181526,-0.369635,-0.0318273
578,10.4687,0.0722274,1,0.129948,0.215811,-0.422229,0.161112,0.277471,-0.526523,0.129948,0.215811,-0.380006,-0.0384074
579,10.4868,0.0733599,1,0.152724,0.257332,-0.426859,0.187807,0.326147,-0.527749,0.152724,0.257332,-0.384173,-0.0456342
580,10.505,0.0739847,1,0.180043,0.306114,-0.4245,0.2192,0.382506,-0.519643,0.180043,0.306114,-0.38205,-0.0534997
581,10.5231,0.0746287,1,0.211543,0.361519,-0.412788,0.255849,0.44661,-0.499419,0.211543,0.361519,-0.371509,-0.0611256
582,10.5412,0.0749701,1,0.247862,0.423779,-0.389233,0.298144,0.517625,-0.463571,0.247862,0.423779,-0.35031,-0.0675332
583,10.5593,0.0767613,1,0.288534,0.48914,-0.348601,0.346123,0.593204,-0.408024,0.288534,0.48914,-0.31374,-0.0704082
584,10.5774,0.0786459,1,0.333674,0.556637,-0.287429,0.399192,0.668733,-0.328629,0.333674,0.556637,-0.258686,-0.0671352
585,10.5955,0.0802438,1,0.383291,0.620015,-0.200634,0.455755,0.736622,-0.22229,0.383291,0.620015,-0.180571,-0.0538309
586,10.6136,0.0801725,1,0.434755,0.671299,-0.0889428,0.512831,0.786133,-0.0888452,0.434755,0.671299,-0.0800485,-0.0270678
587,10.6317,0.078387,1,0.484242,0.698288,0.0443499,0.565815,0.804531,0.0665251,0.484242,0.698288,0.039915,0.0150333
588,10.6499,0.0742428,1,0.526498,0.689878,0.191259,0.608675,0.780271,0.23141,0.526498,0.689878,0.172133,0.0704881
589,10.668,0.067356,1,0.555165,0.639932,0.335341,0.634872,0.707915,0.38668,0.555165,0.639932,0.301807,0.130319
590,10.6861,0.0588212,1,0.565609,0.548271,0.455835,0.639013,0.592562,0.510881,0.565609,0.548271,0.410252,0.180477
591,10.7042,0.0479689,1,0.555182,0.427509,0.539003,0.61867,0.450312,0.587503,0.555182,0.427509,0.485103,0.209471
592,10.7223,0.0361865,1,0.523354,0.297627,0.57662,0.575441,0.303197,0.611034,0.523354,0.297627,0.518958,0.211243
593,10.7404,0.0259369,1,0.47405,0.174868,0.568676,0.51455,0.171233,0.587774,0.47405,0.174868,0.511809,0.188707
594,10.7585,0.0173147,1,0.413587,0.0711121,0.532105,0.443217,0.0665496,0.531325,0.413587,0.0711121,0.478895,0.15405
595,10.7766,0.0151565,1,0.346706,-0.00663366,0.47072,0.368697,-0.00770552,0.456423,0.346706,-0.00663366,0.423648,0.114241
596,10.7948,0.0161519,1,0.280066,-0.057081,0.397007,0.296847,-0.0548054,0.374739,0.280066,-0.057081,0.357306,0.0778317
597,10.8129,0.0189437,1,0.218618,-0.0887992,0.322713,0.231546,-0.0809479,0.293595,0.218618,-0.0887992,0.290441,0.0493856
598,10.831,0.0230795,1,0.164831,-0.105039,0.253317,0.174789,-0.0926399,0.216641,0.164831,-0.105039,0.227985,0.0292281
599,10.8491,0.026034,1,0.119025,-0.11017,0.186962,0.127112,-0.0953742,0.145141,0.119025,-0.11017,0.168265,0.0155772
600,10.8672,0.0288347,1,0.0814806,-0.108421,0.126228,0.0880892,-0.0932512,0.0791054,0.0814806,-0.108421,0.113605,0.00719957
601,10.8853,0.031027,1,0.0508253,-0.104697,0.0691203,0.0567502,-0.0890876,0.0180395,0.0508253,-0.104697,0.0622083,0.00245914
602,10.9034,0.0342605,1,0.0261772,-0.099572,0.0184941,0.0318896,-0.0846929,-0.0386664,0.0261772,-0.099572,0.0166447,0.000338887
603,10.9215,0.0366366,1,0.00707077,-0.0963681,-0.0301742,0.0122639,-0.0811598,-0.091562,0.00707077,-0.0963681,-0.0271568,-0.000149348
604,10.9396,0.0388806,1,-0.00806156,-0.0926116,-0.0752836,-0.00329581,-0.0791069,-0.141086,-0.00806156,-0.0926116,-0.0677552,0.000424832
605,10.9578,0.0413284,1,-0.0196533,-0.0912641,-0.117173,-0.0158288,-0.0788622,-0.18757,-0.0196533,-0.0912641,-0.105456,0.00161198
606,10.9759,0.0433123,1,-0.0291258,-0.0905881,-0.156958,-0.0262291,-0.0805952,-0.231252,-0.0291258,-0.0905881,-0.141262,0.00320006
607,10.994,0.0442284,1,-0.0369668,-0.0915868,-0.196052,-0.0352517,-0.0844076,-0.272301,-0.0369668,-0.0915868,-0.176446,0.00507319
608,11.0121,0.0449435,1,-0.0437727,-0.0943563,-0.233087,-0.043532,-0.0903947,-0.31083,-0.0437727,-0.0943563,-0.209778,0.00714199
609,11.0302,0.0459269,1,-0.0501386,-0.100383,-0.267383,-0.0516101,-0.0986857,-0.346899,-0.0501386,-0.100383,-0.240644,0.00938434
610,11.0483,0.0475699,1,-0.0570388,-0.108789,-0.298179,-0.059957,-0.109471,-0.380518,-0.0570388,-0.108789,-0.268361,0.0119055
611,11.0664,0.0481181,1,-0.0645478,-0.120318,-0.32846,-0.0689999,-0.123019,-0.411641,-0.0645478,-0.120318,-0.295614,0.014841
612,11.0845,0.0473902,1,-0.0727938,-0.133279,-0.35856,-0.0791459,-0.139691,-0.440145,-0.0727938,-0.133279,-0.322704,0.0182707
613,11.1027,0.0470735,1,-0.0820736,-0.148792,-0.385521,-0.0908028,-0.159948,-0.465815,-0.0820736,-0.148792,-0.346969,0.0221488
614,11.1208,0.0474134,1,-0.0926911,-0.166781,-0.408945,-0.104398,-0.184358,-0.488305,-0.0926911,-0.166781,-0.36805,0.0265339
615,11.1389,0.0481116,1,-0.104978,-0.18801,-0.429297,-0.120395,-0.21359,-0.507093,-0.104978,-0.18801,-0.386368,0.0315466
616,11.157,0.0494753,1,-0.118959,-0.212887,-0.446124,-0.139301,-0.2484,-0.521413,-0.118959,-0.212887,-0.401512,0.0371494
617,11.1751,0.0507587,1,-0.13493,-0.243016,-0.460569,-0.161676,-0.289589,-0.530175,-0.13493,-0.243016,-0.414512,0.0435012
618,11.1932,0.0530701,1,-0.15418,-0.278617,-0.470364,-0.188119,-0.337921,-0.531849,-0.15418,-0.278617,-0.423328,0.0507647
619,11.2113,0.0564391,1,-0.177405,-0.321551,-0.473748,-0.219247,-0.39397,-0.524352,-0.177405,-0.321551,-0.426373,0.0588315
620,11.2294,0.0609867,1,-0.205058,-0.372327,-0.469076,-0.25563,-0.457858,-0.504923,-0.205058,-0.372327,-0.422169,0.0673315
621,11.2476,0.0664733,1,-0.237542,-0.431933,-0.454312,-0.297683,-0.528838,-0.470077,-0.237542,-0.431933,-0.408881,0.0755429
622,11.2657,0.073389,1,-0.275867,-0.498568,-0.422717,-0.345485,-0.604692,-0.415717,-0.275867,-0.498568,-0.380445,0.0816295
623,11.2838,0.0813607,1,-0.319219,-0.569356,-0.371049,-0.398499,-0.680961,-0.337617,-0.319219,-0.569356,-0.333944,0.082912
624,11.3019,0.0891992,1,-0.36803,-0.6401,-0.296876,-0.455208,-0.750214,-0.232499,-0.36803,-0.6401,-0.267188,0.0764816
625,11.32,0.095127,1,-0.420642,-0.706368,-0.197671,-0.512718,-0.801801,-0.0998853,-0.420642,-0.706368,-0.177904,0.0582042
626,11.3381,0.100561,1,-0.473717,-0.754979,-0.0753746,-0.566495,-0.822892,0.0554591,-0.473717,-0.754979,-0.0678371,0.0249944
627,11.3562,0.103102,1,-0.523522,-0.776416,0.0675993,-0.610521,-0.801558,0.221512,-0.523522,-0.776416,0.0608394,-0.0247728
628,11.3743,0.100895,1,-0.565184,-0.76279,0.223566,-0.638175,-0.731707,0.379274,-0.565184,-0.76279,0.201209,-0.088449
629,11.3924,0.0971893,1,-0.593291,-0.701341,0.369901,-0.643866,-0.617727,0.506971,-0.593291,-0.701341,0.332911,-0.153621
630,11.4106,0.0901089,1,-0.600978,-0.595704,0.490939,-0.624901,-0.475325,0.58735,-0.600978,-0.595704,0.441845,-0.20653
631,11.4287,0.0830618,1,-0.583954,-0.462965,0.568014,-0.582637,-0.326678,0.61408,-0.583954,-0.462965,0.511213,-0.232186
632,11.4468,0.0776103,1,-0.546024,-0.324664,0.594873,-0.522173,-0.192386,0.59295,-0.546024,-0.324664,0.535386,-0.22737
633,11.4649,0.0743434,1,-0.491341,-0.201386,0.575521,-0.450747,-0.0852495,0.537504,-0.491341,-0.201386,0.517969,-0.197944
634,11.483,0.0701008,1,-0.425016,-0.102675,0.522067,-0.375735,-0.00888959,0.462754,-0.425016,-0.102675,0.46986,-0.155321
635,11.5011,0.0674457,1,-0.356839,-0.0336656,0.454015,-0.303148,0.0397744,0.38073,-0.356839,-0.0336656,0.408613,-0.113407
636,11.5192,0.064932,1,-0.290741,0.012626,0.381575,-0.237012,0.066955,0.299052,-0.290741,0.012626,0.343417,-0.0776576
637,11.5373,0.0622087,1,-0.229806,0.0399789,0.308308,-0.179423,0.0792708,0.221547,-0.229806,0.0399789,0.277478,-0.0495958
638,11.5555,0.0582135,1,-0.175655,0.053077,0.235085,-0.130982,0.0823449,0.149563,-0.175655,0.053077,0.211577,-0.0289057
639,11.5736,0.0556329,1,-0.130032,0.0554423,0.167761,-0.0912881,0.08039,0.0831343,-0.130032,0.0554423,0.150985,-0.0152699
640,11.5917,0.0547558,1,-0.0942166,0.052949,0.106822,-0.0593788,0.0763062,0.0217608,-0.0942166,0.052949,0.0961397,-0.00704507
641,11.6098,0.054921,1,-0.0648645,0.0487926,0.0517786,-0.0340405,0.0719611,-0.0351815,-0.0648645,0.0487926,0.0466007,-0.00235101
642,11.6279,0.0546815,1,-0.0408706,0.0452668,-0.000451752,-0.0140144,0.0684854,-0.0882575,-0.0408706,0.0452668,-0.000406577,1.29244e-05
643,11.646,0.0558383,1,-0.0221599,0.0422622,-0.0474357,0.00188625,0.0665221,-0.137918,-0.0221599,0.0422622,-0.0426922,0.000735819
644,11.6641,0.0573445,1,-0.00791333,0.0401057,-0.0914364,0.014719,0.0664152,-0.1845,-0.00791333,0.0401057,-0.0822928,0.000506497
645,11.6822,0.0584953,1,0.00459385,0.0400638,-0.133206,0.0253949,0.068345,-0.228246,0.00459385,0.0400638,-0.119886,-0.000428352
646,11.7004,0.0586342,1,0.015075,0.0427538,-0.1742,0.0346852,0.0724219,-0.269327,0.015075,0.0427538,-0.15678,-0.00183824
647,11.7185,0.0582941,1,0.0243131,0.0474552,-0.213738,0.0432395,0.0787489,-0.30785,0.0243131,0.0474552,-0.192364,-0.00363764
648,11.7366,0.0577699,1,0.0325151,0.0552916,-0.251068,0.0516113,0.0874635,-0.343871,0.0325151,0.0552916,-0.225962,-0.00571447
649,11.7547,0.0582586,1,0.0407768,0.0648735,-0.284369,0.060284,0.0987651,-0.37739,0.0407768,0.0648735,-0.255932,-0.00811696
650,11.7728,0.0589831,1,0.0494348,0.0767402,-0.314983,0.0696969,0.112933,-0.408346,0.0494348,0.0767402,-0.283485,-0.0108998
651,11.7909,0.0601764,1,0.0592834,0.0914321,-0.342208,0.0802688,0.130341,-0.436597,0.0592834,0.0914321,-0.307987,-0.0142011
652,11.809,0.0625652,1,0.06991,0.110173,-0.364269,0.0924197,0.151463,-0.4619,0.06991,0.110173,-0.327842,-0.0178262
653,11.8271,0.0649106,1,0.0822534,0.132351,-0.383545,0.106589,0.176875,-0.483872,0.0822534,0.132351,-0.34519,-0.0220835
654,11.8452,0.0663679,1,0.0966107,0.158416,-0.401346,0.123251,0.207254,-0.50194,0.0966107,0.158416,-0.361211,-0.027142
655,11.8634,0.0676168,1,0.113263,0.187948,-0.416446,0.142923,0.243351,-0.515273,0.113263,0.187948,-0.374801,-0.0330174
656,11.8815,0.0689858,1,0.133303,0.224142,-0.425855,0.166169,0.285944,-0.522692,0.133303,0.224142,-0.38327,-0.0397374
657,11.8996,0.070158,1,0.157344,0.267055,-0.429099,0.193587,0.335739,-0.522562,0.157344,0.267055,-0.386189,-0.0472613
658,11.9177,0.070995,1,0.185556,0.31707,-0.424878,0.225776,0.393199,-0.512671,0.185556,0.31707,-0.38239,-0.0551872
659,11.9358,0.0717192,1,0.217983,0.373586,-0.411308,0.263263,0.458248,-0.490131,0.217983,0.373586,-0.370178,-0.0627608
660,11.9539,0.0725403,1,0.254871,0.436568,-0.384755,0.306385,0.529824,-0.451358,0.254871,0.436568,-0.34628,-0.0686441
661,11.972,0.0742927,1,0.29669,0.502711,-0.340925,0.35508,0.605242,-0.392267,0.29669,0.502711,-0.306832,-0.0708042
662,11.9901,0.0757381,1,0.343053,0.570664,-0.276015,0.408604,0.679442,-0.308864,0.343053,0.570664,-0.248414,-0.0662815
663,12.0083,0.076531,1,0.393872,0.633345,-0.185487,0.465151,0.744347,-0.198478,0.393872,0.633345,-0.166938,-0.0511406
664,12.0264,0.075662,1,0.44545,0.682469,-0.0701259,0.521489,0.788874,-0.0617417,0.44545,0.682469,-0.0631133,-0.0218663
665,12.0445,0.0731102,1,0.49469,0.704851,0.0665817,0.57278,0.800389,0.0950358,0.49469,0.704851,0.0599235,0.0230561
666,12.0626,0.0678391,1,0.535415,0.69099,0.215384,0.612888,0.768208,0.258299,0.535415,0.69099,0.193845,0.0807238
667,12.0807,0.0599967,1,0.561874,0.634585,0.358596,0.635427,0.688547,0.408364,0.561874,0.634585,0.322736,0.14104
668,12.0988,0.0503588,1,0.5697,0.53712,0.476383,0.635459,0.568422,0.524383,0.5697,0.53712,0.428745,0.189977
669,12.1169,0.0388213,1,0.556183,0.411834,0.555367,0.611232,0.425169,0.591603,0.556183,0.411834,0.499831,0.21622
670,12.135,0.0276795,1,0.521057,0.279969,0.587468,0.564995,0.280708,0.606635,0.521057,0.279969,0.528721,0.214273
671,12.1532,0.0194233,1,0.469039,0.156958,0.573967,0.502368,0.153765,0.577253,0.469039,0.156958,0.51657,0.188449
672,12.1713,0.0162403,1,0.406505,0.0556076,0.53188,0.430614,0.0548186,0.517411,0.406505,0.0556076,0.478692,0.151348
673,12.1894,0.0178028,1,0.33844,-0.0188839,0.465716,0.356753,-0.0142468,0.441344,0.33844,-0.0188839,0.419144,0.110332
674,12.2075,0.0206438,1,0.271327,-0.066431,0.391075,0.286278,-0.0573128,0.359901,0.271327,-0.066431,0.351967,0.0742765
675,12.2256,0.0242922,1,0.210387,-0.0960263,0.316858,0.222718,-0.0806596,0.27968,0.210387,-0.0960263,0.285172,0.0466638
676,12.2437,0.0279893,1,0.1575,-0.109925,0.247108,0.167791,-0.0905991,0.203856,0.1575,-0.109925,0.222397,0.0272437
677,12.2618,0.0304841,1,0.112268,-0.11379,0.18073,0.121855,-0.092346,0.133442,0.112268,-0.11379,0.162657,0.0142031
678,12.2799,0.03258,1,0.0751409,-0.111529,0.119584,0.0843849,-0.089743,0.0683561,0.0751409,-0.111529,0.107625,0.00628994
679,12.298,0.0344853,1,0.0448497,-0.107976,0.0625603,0.0543731,-0.0854039,0.00808525,0.0448497,-0.107976,0.0563043,0.00196407
680,12.3162,0.0376237,1,0.0207657,-0.103189,0.0125117,0.0306142,-0.0809937,-0.0479614,0.0207657,-0.103189,0.0112605,0.00018187
681,12.3343,0.0395479,1,0.00215314,-0.0999814,-0.0363362,0.0118862,-0.077508,-0.100307,0.00215314,-0.0999814,-0.0327026,-5.4766e-05
682,12.3524,0.0414971,1,-0.0128246,-0.0965181,-0.0813473,-0.00294792,-0.0755032,-0.149368,-0.0128246,-0.0965181,-0.0732126,0.000730273
683,12.3705,0.0436992,1,-0.0245262,-0.0957717,-0.123237,-0.0148925,-0.0752694,-0.195456,-0.0245262,-0.0957717,-0.110913,0.00211577
684,12.3886,0.0453172,1,-0.0339865,-0.0954131,-0.163064,-0.0248077,-0.0769536,-0.2388,-0.0339865,-0.0954131,-0.146758,0.00387939
685,12.4067,0.0460184,1,-0.041787,-0.0972118,-0.202048,-0.0334177,-0.0806449,-0.279563,-0.041787,-0.0972118,-0.181843,0.00591009
686,12.4248,0.0464484,1,-0.0487328,-0.100911,-0.239065,-0.0413308,-0.0864305,-0.317855,-0.0487328,-0.100911,-0.215159,0.00815522
687,12.4429,0.0476055,1,-0.055625,-0.108204,-0.272708,-0.0490638,-0.0944342,-0.35374,-0.055625,-0.108204,-0.245438,0.0106186
688,12.4611,0.0493609,1,-0.0630543,-0.117906,-0.302956,-0.0570676,-0.104841,-0.387235,-0.0630543,-0.117906,-0.27266,0.0133719
689,12.4792,0.0496404,1,-0.0713153,-0.130606,-0.333446,-0.0657521,-0.117914,-0.418301,-0.0713153,-0.130606,-0.300101,0.0166459
690,12.4973,0.0492587,1,-0.0803577,-0.14526,-0.3624,-0.0755091,-0.134009,-0.446834,-0.0803577,-0.14526,-0.32616,0.0203851
691,12.5154,0.0491017,1,-0.0905742,-0.162703,-0.38817,-0.0867328,-0.15358,-0.472638,-0.0905742,-0.162703,-0.349353,0.0246107
692,12.5335,0.0493861,1,-0.102416,-0.182771,-0.41008,-0.0998386,-0.17719,-0.495398,-0.102416,-0.182771,-0.369072,0.0293991
693,12.5516,0.0496519,1,-0.116011,-0.206421,-0.428639,-0.115278,-0.205505,-0.51463,-0.116011,-0.206421,-0.385775,0.0348088
694,12.5697,0.0495473,1,-0.131429,-0.234395,-0.443971,-0.133552,-0.23929,-0.529624,-0.131429,-0.234395,-0.399574,0.0408454
695,12.5878,0.0490212,1,-0.149218,-0.267585,-0.455483,-0.155214,-0.279366,-0.539355,-0.149218,-0.267585,-0.409934,0.0475764
696,12.606,0.0484215,1,-0.170959,-0.307278,-0.46136,-0.180868,-0.326548,-0.542381,-0.170959,-0.307278,-0.415224,0.0552116
697,12.6241,0.0478733,1,-0.196985,-0.354837,-0.459489,-0.211144,-0.381502,-0.536716,-0.196985,-0.354837,-0.41354,0.0633588
698,12.6422,0.0469013,1,-0.227576,-0.41017,-0.448596,-0.246648,-0.444511,-0.519702,-0.227576,-0.41017,-0.403736,0.0714626
699,12.6603,0.0464365,1,-0.263387,-0.473308,-0.423703,-0.287863,-0.515083,-0.487928,-0.263387,-0.473308,-0.381333,0.0781186
700,12.6784,0.0476505,1,-0.304293,-0.541217,-0.379374,-0.334976,-0.591374,-0.437293,-0.304293,-0.541217,-0.341437,0.0808087
701,12.6965,0.0491011,1,-0.350252,-0.610677,-0.314542,-0.387623,-0.669416,-0.363388,-0.350252,-0.610677,-0.283088,0.0771183
702,12.7146,0.049979,1,-0.400759,-0.677476,-0.225366,-0.44452,-0.742311,-0.26245,-0.400759,-0.677476,-0.20283,0.0632223
703,12.7327,0.049802,1,-0.452871,-0.732274,-0.114018,-0.503052,-0.799788,-0.133106,-0.452871,-0.732274,-0.102616,0.0361448
704,12.7508,0.0499761,1,-0.503284,-0.762657,0.0186281,-0.55894,-0.828905,0.0211556,-0.503284,-0.762657,0.0167653,-0.00656265
705,12.769,0.0475755,1,-0.547428,-0.763332,0.167901,-0.606281,-0.816756,0.189638,-0.547428,-0.763332,0.151111,-0.0643397
706,12.7871,0.0448316,1,-0.580669,-0.720392,0.315418,-0.638277,-0.755329,0.354023,-0.580669,-0.720392,0.283876,-0.128207
707,12.8052,0.0422899,1,-0.594888,-0.631339,0.44472,-0.648795,-0.646725,0.491864,-0.594888,-0.631339,0.400248,-0.185191
708,12.8233,0.0384323,1,-0.587578,-0.510129,0.536706,-0.634339,-0.505102,0.583816,-0.587578,-0.510129,0.483036,-0.22075
709,12.8414,0.0345762,1,-0.557171,-0.374817,0.580535,-0.59547,-0.352731,0.620932,-0.557171,-0.374817,0.522481,-0.22642
710,12.8595,0.0309609,1,-0.509582,-0.247378,0.577663,-0.536809,-0.211805,0.607141,-0.509582,-0.247378,0.519896,-0.206057
711,12.8776,0.0302775,1,-0.447718,-0.142353,0.535655,-0.465552,-0.0972235,0.555541,-0.447718,-0.142353,0.482089,-0.167875
712,12.8957,0.02921,1,-0.381355,-0.0633649,0.472858,-0.389385,-0.0142238,0.481823,-0.381355,-0.0633649,0.425572,-0.126229
713,12.9139,0.0288197,1,-0.315503,-0.0102171,0.403305,-0.31479,0.0395181,0.399107,-0.315503,-0.0102171,0.362974,-0.0890705
714,12.932,0.0290948,1,-0.253885,0.0228871,0.331694,-0.246244,0.0701508,0.315969,-0.253885,0.0228871,0.298525,-0.0589485
715,12.9501,0.0292234,1,-0.198294,0.0408605,0.259287,-0.186187,0.0845859,0.236848,-0.198294,0.0408605,0.233358,-0.0359906
716,12.9682,0.0301321,1,-0.15012,0.0465529,0.190235,-0.135434,0.0888342,0.163394,-0.15012,0.0465529,0.171212,-0.0199907
717,12.9863,0.0322417,1,-0.111421,0.0457515,0.128382,-0.0936963,0.0874569,0.0957468,-0.111421,0.0457515,0.115544,-0.0100131
718,13.0044,0.034827,1,-0.080823,0.0420203,0.0718282,-0.0600429,0.0836208,0.033405,-0.080823,0.0420203,0.0646454,-0.00406376
719,13.0225,0.0366662,1,-0.0552076,0.0378952,0.0184853,-0.0332474,0.0793802,-0.0242929,-0.0552076,0.0378952,0.0166368,-0.000714373
720,13.0406,0.0389442,1,-0.0353769,0.0342978,-0.0303539,-0.0120127,0.0759894,-0.0779551,-0.0353769,0.0342978,-0.0273185,0.000751678
721,13.0588,0.0418916,1,-0.0202253,0.0310263,-0.0754167,0.00489756,0.0741707,-0.128068,-0.0202253,0.0310263,-0.067875,0.00106773
722,13.0769,0.0444545,1,-0.0076529,0.0294572,-0.118183,0.0185927,0.0743179,-0.174992,-0.0076529,0.0294572,-0.106364,0.000633108
723,13.095,0.04601,1,0.00322215,0.0305644,-0.15975,0.0300337,0.0766434,-0.218984,0.00322215,0.0305644,-0.143775,-0.000360318
724,13.1131,0.0472292,1,0.012112,0.0331526,-0.200251,0.0400371,0.0812798,-0.260215,0.012112,0.0331526,-0.180226,-0.0016978
725,13.1312,0.048433,1,0.0198106,0.0380414,-0.238479,0.0492935,0.0883479,-0.298789,0.0198106,0.0380414,-0.214631,-0.0033071
726,13.1493,0.049682,1,0.0271329,0.0453799,-0.27426,0.0583927,0.0980024,-0.334746,0.0271329,0.0453799,-0.246834,-0.00520902
727,13.1674,0.0516875,1,0.0347971,0.0543305,-0.306651,0.0678515,0.110461,-0.368064,0.0347971,0.0543305,-0.275986,-0.00746938
728,13.1855,0.053759,1,0.0429685,0.0660604,-0.336697,0.0781394,0.126023,-0.398645,0.0429685,0.0660604,-0.303027,-0.0101271
729,13.2036,0.0569204,1,0.0517888,0.0802455,-0.36244,0.0897044,0.145083,-0.426301,0.0517888,0.0802455,-0.326196,-0.0131392
730,13.2218,0.060502,1,0.0616724,0.0981412,-0.384578,0.102994,0.168134,-0.450722,0.0616724,0.0981412,-0.34612,-0.0166025
731,13.2399,0.0640968,1,0.0733116,0.119127,-0.405012,0.118472,0.195767,-0.471435,0.0733116,0.119127,-0.36451,-0.0207844
732,13.258,0.0676781,1,0.0868358,0.14396,-0.423812,0.136635,0.228655,-0.487748,0.0868358,0.14396,-0.381431,-0.0257614
733,13.2761,0.0722557,1,0.102419,0.172047,-0.439872,0.158015,0.267515,-0.498673,0.102419,0.172047,-0.395885,-0.0315358
734,13.2942,0.0772352,1,0.121131,0.206602,-0.450712,0.183179,0.31304,-0.502836,0.121131,0.206602,-0.405641,-0.0382166
735,13.3123,0.0823554,1,0.14416,0.248193,-0.455618,0.212702,0.36576,-0.498365,0.14416,0.248193,-0.410056,-0.0459775
736,13.3304,0.0879726,1,0.1712,0.296956,-0.453675,0.247119,0.425821,-0.482792,0.1712,0.296956,-0.408308,-0.0543685
737,13.3485,0.0945543,1,0.202342,0.352723,-0.442547,0.286834,0.492628,-0.453002,0.202342,0.352723,-0.398292,-0.062682
738,13.3667,0.10143,1,0.2386,0.416234,-0.42003,0.331958,0.564327,-0.405318,0.2386,0.416234,-0.378027,-0.0701534
739,13.3848,0.109387,1,0.279889,0.48405,-0.380755,0.38208,0.63715,-0.335879,0.279889,0.48405,-0.34268,-0.0745985
740,13.4029,0.116647,1,0.326098,0.555488,-0.321975,0.435945,0.704748,-0.241511,0.326098,0.555488,-0.289778,-0.0734967
741,13.421,0.121163,1,0.377579,0.624908,-0.237327,0.491104,0.757878,-0.121255,0.377579,0.624908,-0.213594,-0.0627268
742,13.4391,0.121432,1,0.431732,0.683503,-0.124723,0.543646,0.785086,0.0215429,0.431732,0.683503,-0.11225,-0.0376928
743,13.4572,0.117155,1,0.484592,0.719577,0.0119159,0.588258,0.775048,0.177301,0.484592,0.719577,0.0107243,0.00404203
744,13.4753,0.106926,1,0.531169,0.718765,0.166791,0.61886,0.72066,0.329905,0.531169,0.718765,0.150112,0.0620159
745,13.4934,0.0919743,1,0.564742,0.674484,0.323509,0.629939,0.6234,0.459589,0.564742,0.674484,0.291158,0.12789
746,13.5116,0.0762185,1,0.579756,0.583486,0.458719,0.618227,0.4951,0.548917,0.579756,0.583486,0.412848,0.186162
747,13.5297,0.062211,1,0.572613,0.456965,0.556247,0.583961,0.354939,0.588994,0.572613,0.456965,0.500623,0.22296
748,13.5478,0.0561533,1,0.54235,0.316876,0.603697,0.530979,0.222756,0.581978,0.54235,0.316876,0.543327,0.229191
749,13.5659,0.0558551,1,0.492093,0.182418,0.600125,0.465564,0.112734,0.538483,0.492093,0.182418,0.540113,0.206722
750,13.584,0.059984,1,0.428642,0.0682564,0.562962,0.394664,0.0308247,0.472195,0.428642,0.0682564,0.506666,0.168916
751,13.6021,0.0629297,1,0.358059,-0.0168051,0.49864,0.32436,-0.0239651,0.395231,0.358059,-0.0168051,0.448776,0.12498
752,13.6202,0.0634574,1,0.287121,-0.0731443,0.420962,0.259036,-0.0565315,0.316006,0.287121,-0.0731443,0.378866,0.0846071
753,13.6383,0.0637639,1,0.220901,-0.108088,0.342087,0.201255,-0.0729195,0.239254,0.220901,-0.108088,0.307878,0.0528972
754,13.6564,0.0652579,1,0.163657,-0.124702,0.269612,0.15205,-0.0786616,0.167039,0.163657,-0.124702,0.242651,0.0308867
755,13.6746,0.0659188,1,0.114473,-0.129927,0.201562,0.111369,-0.0781139,0.0998681,0.114473,-0.129927,0.181406,0.0161514
756,13.6927,0.0658191,1,0.0740789,-0.128495,0.137757,0.0784979,-0.0743901,0.0375088,0.0740789,-0.128495,0.123981,0.00714339
757,13.7108,0.0664183,1,0.0409912,-0.12573,0.0792155,0.0523886,-0.0695587,-0.0205295,0.0409912,-0.12573,0.0712939,0.002273
758,13.7289,0.0681087,1,0.0141062,-0.121566,0.0271734,0.031886,-0.0649051,-0.0747569,0.0141062,-0.121566,0.024456,0.00026832
759,13.747,0.0694894,1,-0.00661507,-0.118353,-0.0221157,0.0158653,-0.061173,-0.125612,-0.00661507,-0.118353,-0.0199041,0.000102408
760,13.7651,0.0706047,1,-0.0230507,-0.115294,-0.0682571,0.00330614,-0.0587554,-0.173441,-0.0230507,-0.115294,-0.0614314,0.00110136
761,13.7832,0.0728516,1,-0.0362636,-0.115012,-0.109988,-0.00667699,-0.0578374,-0.218513,-0.0362636,-0.115012,-0.0989894,0.002792
762,13.8013,0.0747598,1,-0.0470958,-0.115589,-0.149379,-0.014831,-0.058495,-0.261032,-0.0470958,-0.115589,-0.134441,0.00492458
763,13.8195,0.0766683,1,-0.0566502,-0.119382,-0.187215,-0.0217767,-0.0607633,-0.301153,-0.0566502,-0.119382,-0.168494,0.00742405
764,13.8376,0.07886,1,-0.0650001,-0.125254,-0.222289,-0.0280283,-0.0646814,-0.338997,-0.0650001,-0.125254,-0.20006,0.0101142
765,13.8557,0.0818031,1,-0.0732912,-0.134383,-0.254532,-0.0340167,-0.0703214,-0.374652,-0.0732912,-0.134383,-0.229079,0.0130585
766,13.8738,0.0860375,1,-0.0825515,-0.14672,-0.283047,-0.0401127,-0.0778085,-0.408177,-0.0825515,-0.14672,-0.254742,0.0163562
767,13.8919,0.0901649,1,-0.0927276,-0.162649,-0.310782,-0.0466484,-0.0873348,-0.439598,-0.0927276,-0.162649,-0.279704,0.0201726
768,13.91,0.094042,1,-0.104386,-0.181722,-0.337859,-0.0539378,-0.0991706,-0.4689,-0.104386,-0.181722,-0.304073,0.0246873
769,13.9281,0.0988743,1,-0.117315,-0.204078,-0.361376,-0.0622952,-0.113675,-0.496018,-0.117315,-0.204078,-0.325238,0.0296764
770,13.9462,0.105551,1,-0.132065,-0.230366,-0.379362,-0.0720519,-0.131306,-0.520814,-0.132065,-0.230366,-0.341426,0.0350704
771,13.9644,0.113077,1,-0.148768,-0.260026,-0.392802,-0.0835725,-0.152631,-0.543053,-0.148768,-0.260026,-0.353522,0.0409054
772,13.9825,0.12167,1,-0.168154,-0.29418,-0.401224,-0.0972691,-0.178334,-0.562364,-0.168154,-0.29418,-0.361102,0.0472271
773,14.0006,0.13234,1,-0.191169,-0.335412,-0.40325,-0.113614,-0.209216,-0.578183,-0.191169,-0.335412,-0.362925,0.053962
774,14.0187,0.145383,1,-0.21949,-0.383954,-0.397391,-0.13315,-0.246186,-0.589677,-0.21949,-0.383954,-0.357652,0.0610564
775,14.0368,0.160759,1,-0.251825,-0.439331,-0.380681,-0.156493,-0.290221,-0.595642,-0.251825,-0.439331,-0.342613,0.0671055
776,14.0549,0.179263,1,-0.288008,-0.498667,-0.346985,-0.184325,-0.342277,-0.594366,-0.288008,-0.498667,-0.312286,0.0699541
777,14.073,0.200051,1,-0.328282,-0.561267,-0.295815,-0.217361,-0.403117,-0.583471,-0.328282,-0.561267,-0.266234,0.0679775
778,14.0911,0.222049,1,-0.373354,-0.623134,-0.225577,-0.256287,-0.473007,-0.559755,-0.373354,-0.623134,-0.203019,0.0589541
779,14.1092,0.242581,1,-0.420757,-0.676946,-0.136298,-0.301626,-0.551205,-0.519095,-0.420757,-0.676946,-0.122668,0.0401437
780,14.1274,0.260464,0,-0.467622,-0.712901,-0.0270664,-0.353521,-0.635203,-0.456564,-0.467622,-0.712901,-0.0243598,0.00885981
781,14.1455,0.275683,0,-0.510404,-0.727003,0.100065,-0.411391,-0.719737,-0.366998,-0.510404,-0.727003,0.0900582,-0.0357514
782,14.1636,0.284444,0,-0.545604,-0.708174,0.233054,-0.473469,-0.795807,-0.246365,-0.545604,-0.708174,0.209748,-0.0890086
783,14.1817,0.285069,0,-0.566802,-0.649518,0.355831,-0.53629,-0.850353,-0.0941998,-0.566802,-0.649518,0.320248,-0.14118
784,14.1998,0.280473,0,-0.571347,-0.558335,0.457026,-0.594364,-0.867703,0.0831859,-0.571347,-0.558335,0.411324,-0.182784
785,14.2179,0.272226,0,-0.555013,-0.444344,0.521811,-0.640425,-0.833845,0.270188,-0.555013,-0.444344,0.46963,-0.202728
786,14.236,0.261461,0,-0.520964,-0.326362,0.543878,-0.666656,-0.743067,0.442806,-0.520964,-0.326362,0.48949,-0.198338
787,14.2541,0.249451,1,-0.472429,-0.22076,0.526965,-0.66688,-0.603593,0.574981,-0.472429,-0.22076,0.474269,-0.174268
788,14.2723,0.23817,1,-0.414359,-0.134748,0.48037,-0.63887,-0.437252,0.648479,-0.414359,-0.134748,0.432333,-0.139332
789,14.2904,0.223081,1,-0.354558,-0.0733398,0.422017,-0.585451,-0.271609,0.66008,-0.354558,-0.0733398,0.379816,-0.104741
790,14.3085,0.204867,1,-0.296566,-0.0306857,0.358085,-0.513616,-0.12935,0.620888,-0.296566,-0.0306857,0.322277,-0.074337
791,14.3266,0.185109,1,-0.243305,-0.00524963,0.290586,-0.432195,-0.0219287,0.549117,-0.243305,-0.00524963,0.261527,-0.0494905
792,14.3447,0.166127,1,-0.194283,0.00795291,0.223549,-0.349428,0.0500878,0.462189,-0.194283,0.00795291,0.201194,-0.0304022
793,14.3628,0.147428,1,-0.153326,0.0112158,0.161257,-0.271475,0.0927361,0.372445,-0.153326,0.0112158,0.145132,-0.0173075
794,14.3809,0.129648,1,-0.120901,0.0098596,0.105147,-0.202028,0.114218,0.286677,-0.120901,0.0098596,0.0946319,-0.00889865
795,14.399,0.116019,1,-0.0945477,0.00640498,0.0505403,-0.142648,0.122148,0.207611,-0.0945477,0.00640498,0.0454863,-0.00334493
796,14.4172,0.105733,1,-0.0731294,0.00149548,-0.000330839,-0.093383,0.122468,0.135662,-0.0731294,0.00149548,-0.000297755,1.69358e-05
797,14.4353,0.0984505,1,-0.0573366,-0.00433373,-0.0470892,-0.0533634,0.119356,0.0702247,-0.0573366,-0.00433373,-0.0423803,0.00188996
798,14.4534,0.09407,1,-0.0449605,-0.00910109,-0.0918003,-0.0212599,0.115549,0.0104162,-0.0449605,-0.00910109,-0.0826203,0.00288917
799,14.4715,0.0919616,1,-0.0353437,-0.0128202,-0.13418,0.00440744,0.112733,-0.0445866,-0.0353437,-0.0128202,-0.120762,0.00331969
800,14.4896,0.0924689,1,-0.0282564,-0.0157839,-0.17607,0.0250863,0.1119,-0.0954295,-0.0282564,-0.0157839,-0.158463,0.00348256
801,14.5077,0.094957,1,-0.0229345,-0.0185014,-0.215838,0.0420975,0.113609,-0.14257,-0.0229345,-0.0185014,-0.194254,0.0034651
802,14.5258,0.0986178,1,-0.0192072,-0.0192907,-0.253629,0.056599,0.118176,-0.186302,-0.0192072,-0.0192907,-0.228266,0.00341005
803,14.5439,0.103319,1,-0.015573,-0.0190646,-0.288307,0.069584,0.125808,-0.226786,-0.015573,-0.0190646,-0.259477,0.00314287
804,14.562,0.109964,1,-0.0126328,-0.0185458,-0.321017,0.0818999,0.136685,-0.264066,-0.0126328,-0.0185458,-0.288915,0.00283875
805,14.5802,0.118943,1,-0.0103546,-0.0181816,-0.35162,0.0942752,0.151017,-0.298079,-0.0103546,-0.0181816,-0.316458,0.00254863
806,14.5983,0.130023,1,-0.00856877,-0.0170603,-0.379986,0.107349,0.169071,-0.328648,-0.00856877,-0.0170603,-0.341987,0.00227921
807,14.6164,0.143143,1,-0.00653316,-0.0149924,-0.405617,0.121701,0.191188,-0.355459,-0.00653316,-0.0149924,-0.365055,0.00185497
808,14.6345,0.158735,1,-0.00415682,-0.0120128,-0.429176,0.137872,0.217776,-0.378038,-0.00415682,-0.0120128,-0.386258,0.0012488
809,14.6526,0.17749,1,-0.00172091,-0.00829739,-0.451893,0.156386,0.249292,-0.395695,-0.00172091,-0.00829739,-0.406704,0.000544369
810,14.6707,0.199725,1,0.000992286,-0.00365235,-0.47391,0.177755,0.286195,-0.407477,0.000992286,-0.00365235,-0.426519,-0.000329178
811,14.6888,0.226095,1,0.00393356,0.00164302,-0.494959,0.202475,0.328861,-0.412093,0.00393356,0.00164302,-0.445463,-0.00136286
812,14.7069,0.256747,0,0.00747386,0.00821633,-0.514905,0.231003,0.37745,-0.407859,0.00747386,0.00821633,-0.463414,-0.00269383
813,14.7251,0.292614,0,0.0113854,0.0154724,-0.533947,0.263706,0.431692,-0.392649,0.0113854,0.0154724,-0.480552,-0.00425545
814,14.7432,0.333373,0,0.0162708,0.0246716,-0.552066,0.300771,0.490586,-0.363926,0.0162708,0.0246716,-0.49686,-0.0062878
815,14.7613,0.379371,0,0.0220548,0.0355624,-0.569198,0.342073,0.552005,-0.31891,0.0220548,0.0355624,-0.512278,-0.00878747
816,14.7794,0.42997,0,0.0291744,0.0488996,-0.585504,0.386981,0.61225,-0.254997,0.0291744,0.0488996,-0.526953,-0.0119572
817,14.7975,0.483608,0,0.0378298,0.0654903,-0.599838,0.434133,0.665712,-0.170528,0.0378298,0.0654903,-0.539854,-0.0158842
818,14.8156,0.537808,0,0.0487508,0.0866327,-0.612243,0.481217,0.704909,-0.065966,0.0487508,0.0866327,-0.551019,-0.0208931
819,14.8337,0.589727,0,0.0621223,0.112783,-0.622688,0.524864,0.721308,0.0547349,0.0621223,0.112783,-0.560419,-0.027078
820,14.8518,0.635241,0,0.0784821,0.14535,-0.630642,0.560813,0.707237,0.183134,0.0784821,0.14535,-0.567578,-0.0346459
821,14.87,0.670855,0,0.0975295,0.184003,-0.635568,0.584483,0.658672,0.306614,0.0975295,0.184003,-0.572011,-0.0433906
822,14.8881,0.692221,0,0.121159,0.230894,-0.635956,0.591947,0.577813,0.410713,0.121159,0.230894,-0.572361,-0.0539362
823,14.9062,0.697469,0,0.14958,0.286966,-0.629695,0.58105,0.473789,0.483103,0.14958,0.286966,-0.566725,-0.0659328
824,14.9243,0.686268,0,0.184521,0.354683,-0.612935,0.552178,0.36045,0.517413,0.184521,0.354683,-0.551642,-0.0791698
825,14.9424,0.662369,0,0.226246,0.433264,-0.582475,0.508267,0.252109,0.514723,0.226246,0.433264,-0.524227,-0.0922477
826,14.9605,0.630866,0,0.275779,0.523418,-0.532754,0.454028,0.159502,0.48202,0.275779,0.523418,-0.479479,-0.102846
827,14.9786,0.597316,0,0.33229,0.618292,-0.457197,0.394763,0.0879081,0.42889,0.33229,0.618292,-0.411477,-0.106345
828,14.9967,0.568885,0,0.396779,0.713595,-0.349863,0.335284,0.0376523,0.364426,0.396779,0.713595,-0.314877,-0.0971729
829,15.0148,0.550049,0,0.465242,0.796252,-0.202877,0.279266,0.00589509,0.295529,0.465242,0.796252,-0.18259,-0.0660709
830,15.033,0.54667,0,0.534457,0.850896,-0.017432,0.229056,-0.0115009,0.226587,0.534457,0.850896,-0.0156888,-0.00652167
831,15.0511,0.555131,0,0.595641,0.850394,0.195662,0.185809,-0.0186711,0.159957,0.595641,0.850394,0.176096,0.0815812
832,15.0692,0.569124,0,0.639009,0.778031,0.408019,0.149781,-0.0190935,0.0966464,0.639009,0.778031,0.367217,0.182509
833,15.0873,0.580716,0,0.65429,0.636131,0.586835,0.120626,-0.0153904,0.0369129,0.65429,0.636131,0.528151,0.268772
834,15.1054,0.583605,0,0.638007,0.446688,0.703025,0.0976663,-0.00937883,-0.0193441,0.638007,0.446688,0.632723,0.313975
835,15.1235,0.572594,0,0.587407,0.247485,0.742422,0.080079,-0.00221783,-0.0723536,0.587407,0.247485,0.66818,0.305273
836,15.1416,0.549624,0,0.510747,0.0697802,0.717419,0.0670303,0.00542778,-0.122363,0.510747,0.0697802,0.645677,0.256494
837,15.1597,0.517382,0,0.420997,-0.0701286,0.645366,0.0577514,0.0132442,-0.169591,0.420997,-0.0701286,0.580829,0.190188
838,15.1779,0.478078,0,0.325867,-0.160458,0.545684,0.0515801,0.0211567,-0.214222,0.325867,-0.160458,0.491116,0.124474
839,15.196,0.444932,0,0.235432,-0.214667,0.450183,0.0479763,0.0292487,-0.2564,0.235432,-0.214667,0.405165,0.0741913
840,15.2141,0.416479,0,0.153678,-0.242646,0.359722,0.0465235,0.0377078,-0.296238,0.153678,-0.242646,0.323749,0.0386969
841,15.2322,0.392918,0,0.0844992,-0.250127,0.277395,0.0469215,0.0467923,-0.333818,0.0844992,-0.250127,0.249655,0.0164077
842,15.2503,0.375282,0,0.0280591,-0.248362,0.204336,0.0489768,0.0568137,-0.369197,0.0280591,-0.248362,0.183903,0.00401344
843,15.2684,0.364234,0,-0.017824,-0.244471,0.141036,0.0525916,0.0681309,-0.402398,-0.017824,-0.244471,0.126933,-0.00175968
844,15.2865,0.358837,0,-0.0555776,-0.239943,0.086541,0.0577554,0.0811514,-0.433407,-0.0555776,-0.239943,0.0778869,-0.00336682
845,15.3046,0.357905,0,-0.0856212,-0.238256,0.037624,0.064539,0.0963398,-0.462162,-0.0856212,-0.238256,0.0338616,-0.00225499
846,15.3228,0.360241,0,-0.109133,-0.238616,-0.00726608,0.0730902,0.114228,-0.488533,-0.109133,-0.238616,-0.00653947,0.000555076
847,15.3409,0.367837,0,-0.129353,-0.244444,-0.0472715,0.083634,0.135426,-0.512297,-0.129353,-0.244444,-0.0425444,0.00428029
848,15.359,0.380072,0,-0.147665,-0.254003,-0.083848,0.0964736,0.160637,-0.533107,-0.147665,-0.254003,-0.0754632,0.00866701
849,15.3771,0.397722,0,-0.164388,-0.266759,-0.115767,0.111993,0.190655,-0.550433,-0.164388,-0.266759,-0.104191,0.0133215
850,15.3952,0.422135,0,-0.180223,-0.282995,-0.14101,0.13066,0.226364,-0.563501,-0.180223,-0.282995,-0.126909,0.0177893
851,15.4133,0.454467,0,-0.196596,-0.303122,-0.158389,0.153023,0.268702,-0.571189,-0.196596,-0.303122,-0.14255,0.021797
852,15.4314,0.49433,0,-0.214247,-0.326232,-0.169291,0.179699,0.318583,-0.571916,-0.214247,-0.326232,-0.152362,0.025389
853,15.4495,0.541396,0,-0.232858,-0.350912,-0.172955,0.21135,0.37675,-0.563491,-0.232858,-0.350912,-0.15566,0.0281918
854,15.4676,0.597507,0,-0.254409,-0.380635,-0.170386,0.248611,0.443499,-0.542971,-0.254409,-0.380635,-0.153348,0.0303435
855,15.4858,0.661236,0,-0.277478,-0.413475,-0.161129,0.291985,0.518234,-0.50657,-0.277478,-0.413475,-0.145016,0.0312967
856,15.5039,0.730839,0,-0.301954,-0.447225,-0.143131,0.341638,0.598795,-0.449743,-0.301954,-0.447225,-0.128818,0.0302534
857,15.522,0.803404,0,-0.327514,-0.480549,-0.11646,0.397101,0.680574,-0.36766,-0.327514,-0.480549,-0.104814,0.0266996
858,15.5401,0.874418,0,-0.354595,-0.51117,-0.0812702,0.45685,0.755605,-0.256359,-0.354595,-0.51117,-0.0731432,0.0201726
859,15.5582,0.937649,0,-0.38262,-0.537131,-0.0365612,0.517842,0.812165,-0.114841,-0.38262,-0.537131,-0.0329051,0.00979235
860,15.5763,0.985344,0,-0.410289,-0.557215,0.0195513,0.575171,0.835812,0.0520542,-0.410289,-0.557215,0.0175962,-0.00561519
861,15.5944,1.00702,0,-0.435394,-0.566126,0.0824828,0.622202,0.812872,0.231156,-0.435394,-0.566126,0.0742345,-0.0251388
862,15.6125,0.994865,0,-0.455055,-0.560062,0.147621,0.651546,0.736257,0.401116,-0.455055,-0.560062,0.132859,-0.0470231
863,15.6307,0.947771,0,-0.468859,-0.538167,0.210704,0.656951,0.611043,0.537316,-0.468859,-0.538167,0.189634,-0.0691534
864,15.6488,0.871089,0,-0.474977,-0.503205,0.268036,0.635484,0.45543,0.620575,-0.474977,-0.503205,0.241233,-0.0891177
865,15.6669,0.774472,0,-0.472255,-0.456461,0.31431,0.588845,0.294781,0.644646,-0.472255,-0.456461,0.282879,-0.103904
866,15.685,0.670681,0,-0.461235,-0.402368,0.345996,0.522929,0.151973,0.617226,-0.461235,-0.402368,0.311397,-0.11171
867,15.7031,0.570778,0,-0.442378,-0.346591,0.357835,0.44588,0.0403751,0.554348,-0.442378,-0.346591,0.322052,-0.110809
868,15.7212,0.480624,0,-0.417033,-0.293819,0.353121,0.365776,-0.0371892,0.472912,-0.417033,-0.293819,0.317808,-0.103084
869,15.7393,0.402767,0,-0.387321,-0.24798,0.333683,0.289006,-0.0851087,0.385825,-0.387321,-0.24798,0.300314,-0.0904697
870,15.7574,0.336926,0,-0.355286,-0.210656,0.303457,0.219667,-0.110762,0.300798,-0.355286,-0.210656,0.273111,-0.0754698
871,15.7756,0.282036,0,-0.322776,-0.182743,0.266796,0.159742,-0.121549,0.22136,-0.322776,-0.182743,0.240117,-0.0602808
872,15.7937,0.237137,1,-0.291746,-0.162846,0.226267,0.10963,-0.123514,0.148473,-0.291746,-0.162846,0.20364,-0.0462088
873,15.8118,0.201526,1,-0.263403,-0.150706,0.185073,0.0687145,-0.121051,0.0818415,-0.263403,-0.150706,0.166566,-0.0341242
874,15.8299,0.174829,1,-0.238895,-0.144788,0.145039,0.0358364,-0.117111,0.0207315,-0.238895,-0.144788,0.130535,-0.0242544
875,15.848,0.155817,1,-0.218643,-0.144586,0.104981,0.00961827,-0.113554,-0.0356255,-0.218643,-0.144586,0.0944829,-0.0160674
876,15.8661,0.142856,1,-0.203103,-0.149231,0.06386,-0.0113301,-0.111493,-0.0878718,-0.203103,-0.149231,0.057474,-0.00907911
877,15.8842,0.13385,1,-0.190423,-0.156055,0.023147,-0.0282998,-0.111559,-0.136488,-0.190423,-0.156055,0.0208323,-0.0030854
878,15.9023,0.128821,1,-0.181552,-0.164241,-0.0147219,-0.0424337,-0.114104,-0.181806,-0.181552,-0.164241,-0.0132497,0.00187094
879,15.9204,0.12698,1,-0.17622,-0.174823,-0.0493095,-0.0547161,-0.119337,-0.224038,-0.17622,-0.174823,-0.0443785,0.00608252
880,15.9386,0.12666,1,-0.174145,-0.187909,-0.0822659,-0.0659855,-0.127422,-0.263295,-0.174145,-0.187909,-0.0740393,0.0100283
881,15.9567,0.127704,1,-0.174563,-0.203657,-0.112094,-0.0769582,-0.138534,-0.299596,-0.174563,-0.203657,-0.100885,0.0136972
882,15.9748,0.13026,1,-0.178115,-0.222809,-0.138089,-0.0882572,-0.152902,-0.332876,-0.178115,-0.222809,-0.12428,0.0172171
883,15.9929,0.133404,1,-0.1847,-0.245229,-0.161087,-0.100441,-0.17083,-0.362966,-0.1847,-0.245229,-0.144978,0.020827
884,16.011,0.136953,1,-0.194426,-0.270193,-0.180289,-0.114029,-0.192709,-0.389577,-0.194426,-0.270193,-0.16226,0.024537
885,16.0291,0.140973,1,-0.206953,-0.297812,-0.194509,-0.129527,-0.219012,-0.412261,-0.206953,-0.297812,-0.175058,0.028178
886,16.0472,0.144896,1,-0.223166,-0.32912,-0.204457,-0.14744,-0.250281,-0.430366,-0.223166,-0.32912,-0.184012,0.0319395
887,16.0653,0.149784,1,-0.242449,-0.36405,-0.20658,-0.168284,-0.287085,-0.442973,-0.242449,-0.36405,-0.185922,0.0350595
888,16.0835,0.155341,1,-0.265293,-0.402461,-0.200127,-0.192582,-0.329951,-0.448819,-0.265293,-0.402461,-0.180114,0.0371646
889,16.1016,0.161123,1,-0.290803,-0.443139,-0.18372,-0.220843,-0.379236,-0.446215,-0.290803,-0.443139,-0.165348,0.0373985
890,16.1197,0.166554,1,-0.319174,-0.483819,-0.156352,-0.25352,-0.434929,-0.432974,-0.319174,-0.483819,-0.140717,0.0349325
891,16.1378,0.170361,1,-0.34919,-0.521908,-0.118264,-0.290922,-0.496341,-0.406397,-0.34919,-0.521908,-0.106438,0.0289078
892,16.1559,0.171171,1,-0.380167,-0.554209,-0.0707548,-0.333083,-0.561678,-0.363373,-0.380167,-0.554209,-0.0636793,0.0188291
893,16.174,0.169255,1,-0.410439,-0.578533,-0.0133567,-0.379558,-0.627519,-0.300739,-0.410439,-0.578533,-0.012021,0.00383748
894,16.1921,0.165362,1,-0.438496,-0.591664,0.0534383,-0.429173,-0.688322,-0.216012,-0.438496,-0.591664,0.0480945,-0.0164027
895,16.2102,0.160105,1,-0.462683,-0.591082,0.127032,-0.479743,-0.736239,-0.108636,-0.462683,-0.591082,0.114329,-0.0411429
896,16.2284,0.153829,1,-0.481221,-0.572095,0.199668,-0.527879,-0.761712,0.0183988,-0.481221,-0.572095,0.179702,-0.0672593
897,16.2465,0.147873,1,-0.4901,-0.537622,0.266469,-0.569049,-0.75534,0.157081,-0.4901,-0.537622,0.239822,-0.0914174
898,16.2646,0.142002,1,-0.49121,-0.491025,0.320126,-0.598095,-0.711013,0.294154,-0.49121,-0.491025,0.288113,-0.110074
899,16.2827,0.137205,1,-0.483535,-0.435795,0.358771,-0.61027,-0.62931,0.413229,-0.483535,-0.435795,0.322894,-0.121435
900,16.3008,0.134847,1,-0.465729,-0.374139,0.377536,-0.602566,-0.519086,0.499261,-0.465729,-0.374139,0.339783,-0.123081
901,16.3189,0.133182,1,-0.43945,-0.312329,0.376239,-0.574782,-0.395585,0.543469,-0.43945,-0.312329,0.338615,-0.115737
902,16.337,0.129952,1,-0.407188,-0.256861,0.35797,-0.529737,-0.27555,0.54584,-0.407188,-0.256861,0.322173,-0.102033
903,16.3551,0.124805,1,-0.371476,-0.210028,0.326495,-0.472499,-0.172078,0.513798,-0.371476,-0.210028,0.293845,-0.0848993
904,16.3732,0.117993,1,-0.33465,-0.173796,0.286477,-0.409009,-0.0918969,0.458321,-0.33465,-0.173796,0.25783,-0.0671088
905,16.3914,0.111317,1,-0.299535,-0.150132,0.241592,-0.344764,-0.0357184,0.390044,-0.299535,-0.150132,0.217433,-0.0506558
906,16.4095,0.106077,1,-0.267537,-0.136677,0.194961,-0.283996,-0.000350865,0.317032,-0.267537,-0.136677,0.175465,-0.0365114
907,16.4276,0.103152,1,-0.23949,-0.131368,0.148373,-0.229406,0.0190029,0.24433,-0.23949,-0.131368,0.133535,-0.0248736
908,16.4457,0.10266,1,-0.216549,-0.13248,0.104075,-0.182322,0.0271457,0.174542,-0.216549,-0.13248,0.0936677,-0.0157762
909,16.4638,0.10464,1,-0.198758,-0.13759,0.0608219,-0.143023,0.0280937,0.108687,-0.198758,-0.13759,0.0547397,-0.00846218
910,16.4819,0.108177,1,-0.184545,-0.145242,0.0189876,-0.111107,0.024855,0.0469256,-0.184545,-0.145242,0.0170888,-0.00245284
911,16.5,0.113164,1,-0.174747,-0.1549,-0.0203354,-0.0857858,0.0195039,-0.0109674,-0.174747,-0.1549,-0.0183018,0.00248748
912,16.5181,0.119611,1,-0.168785,-0.166369,-0.0567609,-0.0661139,0.0133674,-0.0653351,-0.168785,-0.166369,-0.0510848,0.00670627
913,16.5363,0.127878,1,-0.166008,-0.180286,-0.0900266,-0.0511296,0.00722306,-0.116517,-0.166008,-0.180286,-0.0810239,0.0104616
914,16.5544,0.137881,1,-0.166266,-0.196402,-0.120966,-0.0399424,0.0014698,-0.164808,-0.166266,-0.196402,-0.108869,0.0140788
915,16.5725,0.149907,1,-0.169546,-0.215114,-0.149149,-0.031776,-0.00374097,-0.210447,-0.169546,-0.215114,-0.134234,0.0177013
916,16.5906,0.164504,1,-0.176307,-0.236901,-0.173759,-0.0259829,-0.00841047,-0.253631,-0.176307,-0.236901,-0.156383,0.0214445
917,16.6087,0.181848,1,-0.186284,-0.262217,-0.194843,-0.0220422,-0.0126281,-0.294521,-0.186284,-0.262217,-0.175358,0.0254073
918,16.6268,0.201861,1,-0.199289,-0.290789,-0.211931,-0.0195484,-0.0165301,-0.333255,-0.199289,-0.290789,-0.190738,0.0295648
919,16.6449,0.224853,1,-0.214899,-0.322395,-0.222617,-0.0181967,-0.0202751,-0.369952,-0.214899,-0.322395,-0.200355,0.0334881
920,16.663,0.251721,0,-0.233934,-0.357367,-0.225138,-0.0177673,-0.0240316,-0.404718,-0.233934,-0.357367,-0.202624,0.0368672
921,16.6812,0.282473,0,-0.25623,-0.395385,-0.219289,-0.0181113,-0.027973,-0.43765,-0.25623,-0.395385,-0.19736,0.0393319
922,16.6993,0.317436,0,-0.282051,-0.436158,-0.204153,-0.0191387,-0.0322786,-0.468831,-0.282051,-0.436158,-0.183737,0.0403071
923,16.7174,0.3561,0,-0.310376,-0.477798,-0.178353,-0.0208092,-0.037138,-0.49834,-0.310376,-0.477798,-0.160518,0.0387496
924,16.7355,0.397394,0,-0.341137,-0.517287,-0.142239,-0.0231256,-0.0427573,-0.52624,-0.341137,-0.517287,-0.128015,0.033966
925,16.7536,0.44101,0,-0.372786,-0.552896,-0.0945893,-0.0261298,-0.0493682,-0.552584,-0.372786,-0.552896,-0.0851303,0.0246831
926,16.7717,0.486249,0,-0.404886,-0.581162,-0.0350033,-0.0299013,-0.0572379,-0.577409,-0.404886,-0.581162,-0.031503,0.00992065
927,16.7898,0.531313,0,-0.434869,-0.598405,0.034801,-0.0345578,-0.0666813,-0.600731,-0.434869,-0.598405,0.0313209,-0.0105937
928,16.8079,0.575079,0,-0.461539,-0.601566,0.112739,-0.0402584,-0.0780745,-0.622533,-0.461539,-0.601566,0.101465,-0.0364235
929,16.826,0.614192,0,-0.482474,-0.586347,0.192541,-0.0472085,-0.0918709,-0.642763,-0.482474,-0.586347,0.173287,-0.0650272
930,16.8442,0.645687,0,-0.494127,-0.552218,0.266976,-0.0556668,-0.108619,-0.661305,-0.494127,-0.552218,0.240279,-0.0923441
931,16.8623,0.66762,0,-0.496503,-0.503429,0.327805,-0.0659553,-0.12898,-0.677962,-0.496503,-0.503429,0.295024,-0.113929
932,16.8804,0.679872,0,-0.48903,-0.443603,0.372531,-0.0784695,-0.153752,-0.692413,-0.48903,-0.443603,0.335278,-0.127525
933,16.8985,0.67997,0,-0.470963,-0.37609,0.394843,-0.0936918,-0.183881,-0.704157,-0.470963,-0.37609,0.355359,-0.13017
934,16.9166,0.669359,0,-0.443817,-0.308342,0.395014,-0.112204,-0.220474,-0.712432,-0.443817,-0.308342,0.355512,-0.12272
935,16.9347,0.650665,0,-0.409565,-0.24783,0.376723,-0.134696,-0.264783,-0.716096,-0.409565,-0.24783,0.339051,-0.108005
936,16.9528,0.626898,0,-0.371592,-0.197853,0.345111,-0.161971,-0.318148,-0.713469,-0.371592,-0.197853,0.3106,-0.0897681
937,16.9709,0.59996,0,-0.332376,-0.159031,0.303524,-0.194926,-0.381862,-0.702114,-0.332376,-0.159031,0.273172,-0.070619
938,16.9891,0.572545,0,-0.294867,-0.133044,0.256783,-0.234506,-0.456877,-0.678584,-0.294867,-0.133044,0.231104,-0.0530018
939,17.0072,0.547079,0,-0.260486,-0.118062,0.208361,-0.281585,-0.543287,-0.638176,-0.260486,-0.118062,0.187525,-0.0379926
940,17.0253,0.525788,0,-0.230241,-0.111358,0.159443,-0.336751,-0.639435,-0.574824,-0.230241,-0.111358,0.143499,-0.0256972
941,17.0434,0.512322,0,-0.20533,-0.110985,0.112818,-0.399917,-0.740598,-0.481444,-0.20533,-0.110985,0.101536,-0.0162154
942,17.0615,0.509811,0,-0.185008,-0.113966,0.0675194,-0.469745,-0.83736,-0.351225,-0.185008,-0.113966,0.0607675,-0.00874414
943,17.0796,0.520496,0,-0.168777,-0.119961,0.0237674,-0.54288,-0.91436,-0.180503,-0.168777,-0.119961,0.0213906,-0.00280797
944,17.0977,0.544208,0,-0.157001,-0.127351,-0.0178733,-0.613264,-0.95096,0.0266296,-0.157001,-0.127351,-0.016086,0.00196429
945,17.1158,0.575137,0,-0.148645,-0.137241,-0.0568065,-0.672034,-0.926,0.253469,-0.148645,-0.137241,-0.0511259,0.00591082
946,17.134,0.604295,0,-0.14414,-0.148474,-0.0923331,-0.708777,-0.827313,0.4697,-0.14414,-0.148474,-0.0830998,0.00931624
947,17.1521,0.622476,0,-0.14241,-0.16159,-0.125917,-0.714442,-0.661849,0.638903,-0.14241,-0.16159,-0.113326,0.0125523
948,17.1702,0.623205,0,-0.14378,-0.17723,-0.157253,-0.68493,-0.45773,0.733606,-0.14378,-0.17723,-0.141527,0.0158268
949,17.1883,0.605804,0,-0.148097,-0.195747,-0.185839,-0.623182,-0.253359,0.747954,-0.148097,-0.195747,-0.167255,0.0192655
950,17.2064,0.575534,0,-0.15529,-0.216325,-0.212574,-0.538176,-0.0805465,0.697745,-0.15529,-0.216325,-0.191317,0.0231075
951,17.2245,0.539184,0,-0.165023,-0.240105,-0.23594,-0.441515,0.0457614,0.60904,-0.165023,-0.240105,-0.212346,0.0272549
952,17.2426,0.503755,0,-0.177655,-0.267794,-0.254705,-0.343847,0.126465,0.505721,-0.177655,-0.267794,-0.229234,0.0316748
953,17.2607,0.474631,0,-0.193283,-0.299535,-0.267941,-0.252797,0.171155,0.403425,-0.193283,-0.299535,-0.241146,0.0362519
954,17.2788,0.454262,0,-0.212252,-0.334935,-0.273821,-0.172606,0.191409,0.309662,-0.212252,-0.334935,-0.246439,0.0406833
955,17.297,0.444087,0,-0.234504,-0.37423,-0.271751,-0.104768,0.197167,0.226561,-0.234504,-0.37423,-0.244576,0.0446088
956,17.3151,0.444198,0,-0.260277,-0.416955,-0.26109,-0.0489517,0.195687,0.153575,-0.260277,-0.416955,-0.234981,0.0475691
957,17.3332,0.453968,0,-0.289441,-0.462326,-0.240662,-0.00380675,0.19177,0.0892354,-0.289441,-0.462326,-0.216595,0.0487601
958,17.3513,0.472183,0,-0.321512,-0.509096,-0.206916,0.0324599,0.188381,0.0320398,-0.321512,-0.509096,-0.186224,0.0465681
959,17.3694,0.497985,0,-0.356255,-0.553926,-0.160315,0.0617306,0.187253,-0.0192143,-0.356255,-0.553926,-0.144283,0.039979
960,17.3875,0.529585,0,-0.392635,-0.592511,-0.100072,0.0857818,0.189341,-0.0653597,-0.392635,-0.592511,-0.0900647,0.0275042
961,17.4056,0.565421,0,-0.428405,-0.621335,-0.0252469,0.106195,0.195144,-0.106896,-0.428405,-0.621335,-0.0227222,0.00757112
962,17.4237,0.603356,0,-0.461865,-0.635288,0.0622268,0.124328,0.204915,-0.144052,-0.461865,-0.635288,0.0560041,-0.0201183
963,17.4419,0.640741,0,-0.489666,-0.630774,0.157446,0.141328,0.218787,-0.176828,-0.489666,-0.630774,0.141702,-0.0539674
964,17.46,0.67252,0,-0.509495,-0.601918,0.25057,0.158153,0.236843,-0.205034,-0.509495,-0.601918,0.225513,-0.0893648
965,17.4781,0.695711,0,-0.51763,-0.551245,0.332721,0.175597,0.259151,-0.228293,-0.51763,-0.551245,0.299449,-0.120559
966,17.4962,0.708653,0,-0.51436,-0.483127,0.396738,0.194325,0.285748,-0.246039,-0.51436,-0.483127,0.357064,-0.142846
967,17.5143,0.708403,0,-0.497801,-0.403424,0.434695,0.21488,0.316609,-0.257504,-0.497801,-0.403424,0.391225,-0.151474
968,17.5324,0.694832,0,-0.469905,-0.320003,0.443035,0.237692,0.35157,-0.261714,-0.469905,-0.320003,0.398731,-0.145729
969,17.5505,0.672104,0,-0.431716,-0.245411,0.426939,0.263059,0.390218,-0.257485,-0.431716,-0.245411,0.384245,-0.129022
970,17.5686,0.644661,0,-0.388438,-0.184038,0.393524,0.29112,0.431752,-0.243475,-0.388438,-0.184038,0.354172,-0.107002
971,17.5868,0.615767,0,-0.343312,-0.136566,0.348609,0.321792,0.474806,-0.218285,-0.343312,-0.136566,0.313748,-0.0837772
972,17.6049,0.588821,0,-0.29897,-0.103522,0.296273,0.354691,0.517273,-0.180667,-0.29897,-0.103522,0.266646,-0.0620036
973,17.623,0.567915,0,-0.258294,-0.0843345,0.241999,0.389043,0.556181,-0.129859,-0.258294,-0.0843345,0.217799,-0.0437548
974,17.6411,0.553981,0,-0.222296,-0.0752039,0.187034,0.423593,0.58771,-0.0660601,-0.222296,-0.0752039,0.168331,-0.0291039
975,17.6592,0.547365,0,-0.191898,-0.0726947,0.134254,0.456562,0.607485,0.00902977,-0.191898,-0.0726947,0.120828,-0.0180341
976,17.6773,0.545934,0,-0.166784,-0.0731437,0.0845677,0.485695,0.611219,0.0917515,-0.166784,-0.0731437,0.0761109,-0.00987315
977,17.6954,0.547905,0,-0.145885,-0.0769876,0.0353841,0.508458,0.595733,0.17639,-0.145885,-0.0769876,0.0318457,-0.0036134
978,17.7135,0.551344,0,-0.13072,-0.0834389,-0.0112676,0.522392,0.560077,0.255703,-0.13072,-0.0834389,-0.0101408,0.00103102
979,17.7316,0.55234,0,-0.119432,-0.0914205,-0.0545206,0.525586,0.506328,0.322157,-0.119432,-0.0914205,-0.0490686,0.00455804
980,17.7498,0.548237,0,-0.111526,-0.100187,-0.0942524,0.517145,0.439564,0.369569,-0.111526,-0.100187,-0.0848272,0.00735815
981,17.7679,0.538895,0,-0.107267,-0.111038,-0.131936,0.497461,0.366838,0.394523,-0.107267,-0.111038,-0.118743,0.00990672
982,17.786,0.524132,0,-0.106159,-0.124083,-0.167166,0.468189,0.295503,0.396938,-0.106159,-0.124083,-0.15045,0.0124224
983,17.8041,0.505076,0,-0.107554,-0.138591,-0.201145,0.431912,0.231592,0.379584,-0.107554,-0.138591,-0.181031,0.0151438
984,17.8222,0.483132,0,-0.111315,-0.153605,-0.233399,0.391635,0.17887,0.346904,-0.111315,-0.153605,-0.210059,0.0181866
985,17.8403,0.460486,0,-0.11704,-0.171135,-0.263491,0.350276,0.13874,0.303726,-0.11704,-0.171135,-0.237142,0.0215873
986,17.8584,0.438508,0,-0.125149,-0.190676,-0.290093,0.310293,0.110754,0.254331,-0.125149,-0.190676,-0.261084,0.0254134
987,17.8765,0.418946,0,-0.13555,-0.213249,-0.312961,0.273506,0.0933656,0.202022,-0.13555,-0.213249,-0.281665,0.0296954
988,17.8947,0.40332,0,-0.148588,-0.239254,-0.331835,0.241073,0.0846008,0.149085,-0.148588,-0.239254,-0.298651,0.0345146
989,17.9128,0.392883,0,-0.164197,-0.269748,-0.346032,0.213584,0.0825253,0.0969778,-0.164197,-0.269748,-0.311428,0.0397722
990,17.9309,0.388649,0,-0.18334,-0.305039,-0.353865,0.191197,0.0854991,0.0465661,-0.18334,-0.305039,-0.318479,0.0454144
991,17.949,0.391769,0,-0.205744,-0.345888,-0.354395,0.173778,0.0922725,-0.00165304,-0.205744,-0.345888,-0.318956,0.0510403
992,17.9671,0.403224,0,-0.232128,-0.392224,-0.345639,0.161031,0.101986,-0.0473915,-0.232128,-0.392224,-0.311075,0.0561626
993,17.9852,0.423727,0,-0.262408,-0.443329,-0.326379,0.152588,0.114125,-0.0904598,-0.262408,-0.443329,-0.293741,0.0599511
994,18.0033,0.454028,0,-0.297098,-0.498593,-0.295162,0.148082,0.128455,-0.130697,-0.297098,-0.498593,-0.265646,0.0613845
995,18.0214,0.493489,0,-0.335593,-0.555576,-0.250136,0.147194,0.144961,-0.167928,-0.335593,-0.555576,-0.225122,0.0587606
996,18.0396,0.540524,0,-0.377457,-0.609797,-0.188017,0.149672,0.163791,-0.201928,-0.377457,-0.609797,-0.169215,0.0496778
997,18.0577,0.593091,0,-0.421064,-0.655734,-0.10662,0.155353,0.185215,-0.232397,-0.421064,-0.655734,-0.0959576,0.0314255
998,18.0758,0.647911,0,-0.463512,-0.68552,-0.00555511,0.164157,0.209577,-0.258933,-0.463512,-0.68552,-0.0049996,0.0018024
999,18.0939,0.701371,0,-0.501529,-0.692777,0.108393,0.176087,0.237262,-0.280998,-0.501529,-0.692777,0.0975538,-0.0380537
1000,18.112,0.749584,0,-0.531856,-0.67216,0.229069,0.191214,0.268646,-0.297885,-0.531856,-0.67216,0.206162,-0.0852824
1001,18.1301,0.785373,0,-0.548902,-0.619677,0.340767,0.209658,0.304032,-0.308679,-0.548902,-0.619677,0.30669,-0.130933
1002,18.1482,0.805028,0,-0.551352,-0.538794,0.43121,0.231562,0.343569,-0.312223,-0.551352,-0.538794,0.388089,-0.166424
1003,18.1663,0.805186,0,-0.5365,-0.438076,0.489341,0.257043,0.387119,-0.307099,-0.5365,-0.438076,0.440407,-0.183772
1004,18.1844,0.786404,0,-0.505398,-0.331912,0.509604,0.286133,0.434089,-0.291651,-0.505398,-0.331912,0.458644,-0.180287
1005,18.2026,0.754039,0,-0.461385,-0.236351,0.497127,0.318692,0.483216,-0.264074,-0.461385,-0.236351,0.447414,-0.160557
1006,18.2207,0.712978,0,-0.409505,-0.157444,0.4599,0.354293,0.532318,-0.222634,-0.409505,-0.157444,0.41391,-0.131832
1007,18.2388,0.668835,0,-0.354716,-0.0979428,0.406036,0.392088,0.578091,-0.166051,-0.354716,-0.0979428,0.365433,-0.100819
1008,18.2569,0.627333,0,-0.300858,-0.0572236,0.34431,0.430673,0.616054,-0.0940976,-0.300858,-0.0572236,0.309879,-0.0725118
1009,18.275,0.592814,0,-0.251192,-0.0330179,0.27975,0.467994,0.640824,-0.00833851,-0.251192,-0.0330179,0.251775,-0.0491897
1010,18.2931,0.567213,0,-0.206848,-0.0215837,0.216608,0.501368,0.646901,0.0871784,-0.206848,-0.0215837,0.194947,-0.0313634
1011,18.3112,0.549161,0,-0.168651,-0.0172955,0.156284,0.527687,0.629994,0.185654,-0.168651,-0.0172955,0.140656,-0.0184502
1012,18.3293,0.536481,0,-0.137534,-0.0174759,0.0998261,0.543872,0.588599,0.278133,-0.137534,-0.0174759,0.0898435,-0.00961066
1013,18.3475,0.525994,0,-0.112734,-0.0214243,0.0463898,0.547489,0.525195,0.355131,-0.112734,-0.0214243,0.0417508,-0.0036608
1014,18.3656,0.514368,0,-0.0939399,-0.0274361,-0.00431528,0.537382,0.446266,0.40892,-0.0939399,-0.0274361,-0.00388375,0.000283764
1015,18.3837,0.498168,0,-0.0796218,-0.0338189,-0.0506002,0.51405,0.360874,0.435492,-0.0796218,-0.0338189,-0.0455402,0.00282021
1016,18.4018,0.476455,0,-0.0685226,-0.0398496,-0.0932835,0.479603,0.278288,0.435276,-0.0685226,-0.0398496,-0.0839551,0.00447441
1017,18.4199,0.450568,0,-0.0604603,-0.0468174,-0.13309,0.437287,0.205786,0.412321,-0.0604603,-0.0468174,-0.119781,0.00563265
1018,18.438,0.422924,0,-0.0554912,-0.0541181,-0.172212,0.390793,0.147497,0.372561,-0.0554912,-0.0541181,-0.154991,0.00668937
1019,18.4561,0.395014,0,-0.0526077,-0.061513,-0.210462,0.343593,0.104478,0.322061,-0.0526077,-0.061513,-0.189415,0.00775032
1020,18.4742,0.368099,0,-0.0519285,-0.0683127,-0.246941,0.298501,0.0755676,0.265882,-0.0519285,-0.0683127,-0.222247,0.00897629
1021,18.4924,0.343253,0,-0.0523979,-0.0757467,-0.281655,0.257485,0.0584403,0.207666,-0.0523979,-0.0757467,-0.253489,0.0103307
1022,18.5105,0.320989,0,-0.0539841,-0.0834425,-0.314127,0.221695,0.0504618,0.14974,-0.0539841,-0.0834425,-0.282714,0.0118705
1023,18.5286,0.301527,0,-0.0567184,-0.0922338,-0.343694,0.191611,0.0492185,0.0934333,-0.0567184,-0.0922338,-0.309325,0.0136457
1024,18.5467,0.285458,0,-0.0609187,-0.102457,-0.370833,0.167228,0.0527635,0.0394284,-0.0609187,-0.102457,-0.33375,0.0158135
1025,18.5648,0.273375,0,-0.0663352,-0.114537,-0.39643,0.148241,0.0596734,-0.0119692,-0.0663352,-0.114537,-0.356787,0.0184081
1026,18.5829,0.265735,0,-0.0730565,-0.128624,-0.420975,0.134186,0.0690054,-0.0606437,-0.0730565,-0.128624,-0.378878,0.0215285
1027,18.601,0.26251,0,-0.0811189,-0.14568,-0.443312,0.124552,0.0802162,-0.106557,-0.0811189,-0.14568,-0.398981,0.0251727
1028,18.6191,0.264414,0,-0.0914055,-0.165653,-0.463684,0.118852,0.0930744,-0.149684,-0.0914055,-0.165653,-0.417315,0.0296683
1029,18.6372,0.271972,0,-0.103716,-0.189996,-0.481154,0.116669,0.107584,-0.189978,-0.103716,-0.189996,-0.433038,0.0349324
1030,18.6554,0.286174,0,-0.118842,-0.219543,-0.495255,0.11768,0.123926,-0.227351,-0.118842,-0.219543,-0.44573,0.0412001
1031,18.6735,0.307957,0,-0.137204,-0.255392,-0.505065,0.121665,0.142411,-0.261648,-0.137204,-0.255392,-0.454558,0.0485078
1032,18.6916,0.337621,0,-0.159349,-0.297489,-0.508595,0.12851,0.163445,-0.292633,-0.159349,-0.297489,-0.457735,0.0567309
1033,18.7097,0.376192,0,-0.185669,-0.346686,-0.505169,0.138204,0.18751,-0.319961,-0.185669,-0.346686,-0.454652,0.0656558
1034,18.7278,0.424959,0,-0.217243,-0.404507,-0.492609,0.150827,0.215132,-0.343142,-0.217243,-0.404507,-0.443348,0.0749112
1035,18.7459,0.48369,0,-0.253896,-0.470177,-0.466213,0.166545,0.246854,-0.361501,-0.253896,-0.470177,-0.419592,0.0828586
1036,18.764,0.552944,0,-0.296373,-0.542935,-0.423909,0.185589,0.283186,-0.374127,-0.296373,-0.542935,-0.381518,0.0879445
1037,18.7821,0.631808,0,-0.344654,-0.619701,-0.362716,0.208231,0.32453,-0.379816,-0.344654,-0.619701,-0.326444,0.0875079
1038,18.8003,0.717934,0,-0.39875,-0.694219,-0.276244,0.234749,0.371056,-0.377016,-0.39875,-0.694219,-0.24862,0.0771068
1039,18.8184,0.807225,0,-0.45532,-0.758506,-0.162254,0.265364,0.422522,-0.363804,-0.45532,-0.758506,-0.146028,0.0517141
1040,18.8365,0.892535,0,-0.511299,-0.799128,-0.0211822,0.300156,0.478009,-0.337917,-0.511299,-0.799128,-0.019064,0.0075813
1041,18.8546,0.966617,0,-0.561331,-0.806539,0.140426,0.338933,0.535588,-0.296908,-0.561331,-0.806539,0.126384,-0.055178
1042,18.8727,1.01788,0,-0.599906,-0.767022,0.30838,0.381068,0.591957,-0.23852,-0.599906,-0.767022,0.277542,-0.1295
1043,18.8908,1.03414,0,-0.619282,-0.674321,0.45838,0.425293,0.642161,-0.161343,-0.619282,-0.674321,0.412542,-0.198707
1044,18.9089,1.01,0,-0.613151,-0.540158,0.566797,0.469519,0.679645,-0.0658014,-0.613151,-0.540158,0.510118,-0.243273
1045,18.927,0.949439,0,-0.582595,-0.388328,0.620136,0.510743,0.696932,0.0447019,-0.582595,-0.388328,0.558123,-0.252902
1046,18.9452,0.862745,0,-0.530864,-0.243032,0.620968,0.545184,0.687193,0.162942,-0.530864,-0.243032,0.558871,-0.230755
1047,18.9633,0.762665,0,-0.462944,-0.121655,0.578818,0.568745,0.646544,0.278049,-0.462944,-0.121655,0.520936,-0.187572
1048,18.9814,0.663788,0,-0.388845,-0.0318583,0.509932,0.577826,0.576254,0.377314,-0.388845,-0.0318583,0.458939,-0.138799
1049,18.9995,0.576066,0,-0.315662,0.0248463,0.433333,0.570273,0.483558,0.449404,-0.315662,0.0248463,0.389999,-0.0957508
1050,19.0176,0.499709,0,-0.246719,0.0588771,0.355868,0.546089,0.380139,0.487681,-0.246719,0.0588771,0.320282,-0.0614597
1051,19.0357,0.435519,0,-0.186849,0.0756065,0.278353,0.507552,0.278746,0.491829,-0.186849,0.0756065,0.250518,-0.036407
1052,19.0538,0.380002,0,-0.134771,0.0820633,0.203425,0.45865,0.189658,0.467014,-0.134771,0.0820633,0.183083,-0.0191911
1053,19.0719,0.331033,0,-0.0918902,0.0810476,0.136139,0.404108,0.118675,0.421304,-0.0918902,0.0810476,0.122525,-0.00875688
1054,19.09,0.287216,0,-0.058336,0.0767713,0.0766919,0.348413,0.0671338,0.362945,-0.058336,0.0767713,0.0690227,-0.00313173
1055,19.1082,0.246693,1,-0.030014,0.0733448,0.0243543,0.295163,0.0332113,0.29862,-0.030014,0.0733448,0.0219189,-0.000511679
1056,19.1263,0.211586,1,-0.0075834,0.072567,-0.0242275,0.246806,0.0135375,0.232885,-0.0075834,0.072567,-0.0218047,0.000128609
1057,19.1444,0.181482,1,0.00961241,0.0721327,-0.0685865,0.204694,0.00444374,0.168412,0.00961241,0.0721327,-0.0617279,-0.000461497
1058,19.1625,0.155521,1,0.0231318,0.0727055,-0.108626,0.169297,0.00267911,0.106531,0.0231318,0.0727055,-0.0977631,-0.00175889
1059,19.1806,0.134032,1,0.0360481,0.0769785,-0.146941,0.140477,0.00569509,0.0477556,0.0360481,0.0769785,-0.132247,-0.00370787
1060,19.1987,0.117538,1,0.0484016,0.0854782,-0.184439,0.117727,0.0116688,-0.00782783,0.0484016,0.0854782,-0.165995,-0.00624899
1061,19.2168,0.105179,1,0.0602553,0.0966243,-0.22037,0.100364,0.0194046,-0.0603193,0.0602553,0.0966243,-0.198333,-0.00929495
1062,19.2349,0.0950835,1,0.0712593,0.110043,-0.251846,0.0876566,0.0282001,-0.109876,0.0712593,0.110043,-0.226662,-0.0125625
1063,19.2531,0.0872516,1,0.0826482,0.12553,-0.279591,0.0789178,0.0377176,-0.156653,0.0826482,0.12553,-0.251632,-0.0161754
1064,19.2712,0.0825337,1,0.0952301,0.144811,-0.303585,0.0735481,0.0478793,-0.200776,0.0952301,0.144811,-0.273226,-0.0202373
1065,19.2893,0.0819676,1,0.109314,0.168591,-0.323799,0.0710612,0.0587896,-0.242336,0.109314,0.168591,-0.29142,-0.0247771
1066,19.3074,0.0864182,1,0.125797,0.197443,-0.339202,0.0710904,0.0706811,-0.281384,0.125797,0.197443,-0.305281,-0.0298693
1067,19.3255,0.0958129,1,0.144857,0.230133,-0.350219,0.0733867,0.0838807,-0.317931,0.144857,0.230133,-0.315197,-0.0355122
1068,19.3436,0.111015,1,0.167256,0.268957,-0.355985,0.077813,0.0987913,-0.351938,0.167256,0.268957,-0.320387,-0.0416786
1069,19.3617,0.131577,1,0.193431,0.313885,-0.354474,0.0843364,0.115884,-0.383307,0.193431,0.313885,-0.319027,-0.0479965
1070,19.3798,0.157733,1,0.224293,0.365614,-0.34444,0.0930218,0.135697,-0.411856,0.224293,0.365614,-0.309996,-0.0540789
1071,19.398,0.188374,1,0.258659,0.421423,-0.320716,0.104026,0.158838,-0.4373,0.258659,0.421423,-0.288644,-0.0580693
1072,19.4161,0.223392,1,0.296241,0.479009,-0.28051,0.117595,0.185982,-0.459208,0.296241,0.479009,-0.252459,-0.058169
1073,19.4342,0.26254,0,0.337469,0.535819,-0.223356,0.134057,0.217865,-0.47695,0.337469,0.535819,-0.20102,-0.052763
1074,19.4523,0.305786,0,0.381178,0.586795,-0.144804,0.153818,0.255257,-0.489629,0.381178,0.586795,-0.130324,-0.0386374
1075,19.4704,0.352125,0,0.425892,0.626713,-0.0457253,0.17735,0.298904,-0.495997,0.425892,0.626713,-0.0411528,-0.0136318
1076,19.4885,0.397436,0,0.468214,0.644608,0.0691563,0.205165,0.349422,-0.494348,0.468214,0.644608,0.0622407,0.022666
1077,19.5066,0.438927,0,0.503289,0.633101,0.193151,0.237765,0.407106,-0.482419,0.503289,0.633101,0.173836,0.0680474
1078,19.5247,0.472905,0,0.526213,0.589419,0.313533,0.275564,0.471622,-0.457321,0.526213,0.589419,0.28218,0.11549
1079,19.5428,0.494714,0,0.533727,0.511879,0.413356,0.318746,0.541551,-0.415576,0.533727,0.511879,0.37202,0.154434
1080,19.561,0.504604,0,0.524602,0.411657,0.482188,0.367054,0.613778,-0.353397,0.524602,0.411657,0.433969,0.17707
1081,19.5791,0.505476,0,0.497829,0.303852,0.517955,0.419505,0.682833,-0.267384,0.497829,0.303852,0.46616,0.180497
1082,19.5972,0.497456,0,0.455433,0.199803,0.51481,0.474039,0.740442,-0.155823,0.455433,0.199803,0.463329,0.164123
1083,19.6153,0.488138,0,0.403933,0.109871,0.485453,0.527225,0.775856,-0.0206084,0.403933,0.109871,0.436908,0.137264
1084,19.6334,0.47808,0,0.347039,0.0416179,0.434658,0.574199,0.777627,0.130734,0.347039,0.0416179,0.391193,0.10559
1085,19.6515,0.469799,0,0.289642,-0.00590795,0.373175,0.609108,0.737157,0.284133,0.289642,-0.00590795,0.335857,0.0756611
1086,19.6696,0.461841,0,0.236255,-0.0360881,0.307477,0.626217,0.6531,0.420795,0.236255,-0.0360881,0.27673,0.0508502
1087,19.6877,0.450531,0,0.189198,-0.0530511,0.244297,0.621514,0.534111,0.522288,0.189198,-0.0530511,0.219868,0.0323544
1088,19.7059,0.43345,0,0.14823,-0.0596694,0.182039,0.594136,0.397365,0.57691,0.14823,-0.0596694,0.163835,0.0188886
1089,19.724,0.409009,0,0.114233,-0.0588374,0.123905,0.546855,0.262813,0.583517,0.114233,-0.0588374,0.111514,0.00990777
1090,19.7421,0.379561,0,0.0862664,-0.0554432,0.0685332,0.485275,0.1465,0.550416,0.0862664,-0.0554432,0.0616799,0.00413848
1091,19.7602,0.346174,0,0.0642186,-0.0504819,0.017197,0.416198,0.05678,0.490605,0.0642186,-0.0504819,0.0154773,0.000773058
1092,19.7783,0.310942,0,0.0477207,-0.0446777,-0.0299555,0.345984,-0.00543836,0.416759,0.0477207,-0.0446777,-0.02696,-0.00100065
1093,19.7964,0.27743,0,0.0345697,-0.0385915,-0.0750225,0.279509,-0.0440366,0.338351,0.0345697,-0.0385915,-0.0675203,-0.00181546
1094,19.8145,0.246674,1,0.0247345,-0.0333712,-0.117691,0.219849,-0.0647826,0.261108,0.0247345,-0.0333712,-0.105922,-0.00203772
1095,19.8326,0.22039,1,0.0181243,-0.0284958,-0.160195,0.168463,-0.0733567,0.187801,0.0181243,-0.0284958,-0.144175,-0.0020324
1096,19.8508,0.198244,1,0.0138587,-0.0222708,-0.201112,0.125601,-0.0744255,0.119351,0.0138587,-0.0222708,-0.181,-0.001951
1097,19.8689,0.180004,1,0.0112205,-0.0160497,-0.240613,0.0907391,-0.0714264,0.0557215,0.0112205,-0.0160497,-0.216552,-0.00188985
1098,19.887,0.164408,1,0.0104678,-0.00983669,-0.277552,0.0629306,-0.0666985,-0.00350058,0.0104678,-0.00983669,-0.249797,-0.00203375
1099,19.9051,0.150403,1,0.010795,-0.00455664,-0.311159,0.04106,-0.0617286,-0.0588124,0.010795,-0.00455664,-0.280043,-0.00235128
1100,19.9232,0.13802,1,0.0122773,0.00168143,-0.342009,0.0240048,-0.0573972,-0.110664,0.0122773,0.00168143,-0.307809,-0.00293928
1101,19.9413,0.127768,1,0.0144769,0.00790125,-0.371804,0.0107267,-0.054182,-0.159424,0.0144769,0.00790125,-0.334624,-0.00376781
1102,19.9594,0.118552,1,0.0172986,0.0155058,-0.398448,0.000314496,-0.052312,-0.205379,0.0172986,0.0155058,-0.358603,-0.00482481
1103,19.9775,0.111183,1,0.0215549,0.0248166,-0.422901,-0.00800514,-0.0518776,-0.248749,0.0215549,0.0248166,-0.380611,-0.00638091
1104,19.9956,0.106693,1,0.026819,0.0359796,-0.446269,-0.0148748,-0.052906,-0.289709,0.026819,0.0359796,-0.401642,-0.00837794
1105,20.0138,0.105627,1,0.0332818,0.049792,-0.467952,-0.0208238,-0.0554116,-0.328395,0.0332818,0.049792,-0.421157,-0.010902
1106,20.0319,0.108843,1,0.0413981,0.06658,-0.487716,-0.0262894,-0.0594286,-0.364914,0.0413981,0.06658,-0.438945,-0.0141334
1107,20.05,0.116562,1,0.0509631,0.0853776,-0.505717,-0.0316395,-0.0650321,-0.39935,0.0509631,0.0853776,-0.455145,-0.018041
1108,20.0681,0.129688,1,0.0620871,0.107659,-0.522288,-0.0371941,-0.0723534,-0.431758,0.0620871,0.107659,-0.470059,-0.0226991
1109,20.0862,0.148476,1,0.0755329,0.133966,-0.536751,-0.0432448,-0.0815903,-0.462167,0.0755329,0.133966,-0.483076,-0.0283797
1110,20.1043,0.173616,1,0.0918541,0.165799,-0.547999,-0.0500734,-0.0930176,-0.490569,0.0918541,0.165799,-0.493199,-0.0352352
1111,20.1224,0.205742,1,0.111734,0.204035,-0.554993,-0.0579684,-0.106997,-0.516908,0.111734,0.204035,-0.499494,-0.043408
1112,20.1405,0.245507,1,0.135646,0.249412,-0.556301,-0.0672406,-0.123987,-0.541066,0.135646,0.249412,-0.500671,-0.0528221
1113,20.1587,0.29328,0,0.164,0.301738,-0.549316,-0.0782374,-0.144555,-0.562829,0.164,0.301738,-0.494384,-0.0630616
1114,20.1768,0.350775,0,0.197485,0.362728,-0.531367,-0.0913575,-0.169389,-0.581861,0.197485,0.362728,-0.47823,-0.0734558
1115,20.1949,0.419434,0,0.236871,0.432879,-0.498481,-0.107063,-0.1993,-0.597643,0.236871,0.432879,-0.448633,-0.0826531
1116,20.213,0.500523,0,0.283145,0.511652,-0.446781,-0.125891,-0.235216,-0.609403,0.283145,0.511652,-0.402103,-0.0885525
1117,20.2311,0.592433,0,0.33502,0.593614,-0.372722,-0.148459,-0.278159,-0.61601,0.33502,0.593614,-0.33545,-0.0874086
1118,20.2492,0.693836,0,0.392612,0.671501,-0.269159,-0.17546,-0.329162,-0.615847,0.392612,0.671501,-0.242243,-0.0739724
1119,20.2673,0.802166,0,0.454112,0.73636,-0.131487,-0.207641,-0.38913,-0.606637,0.454112,0.73636,-0.118339,-0.041797
1120,20.2854,0.908107,0,0.513248,0.77189,0.0343481,-0.245741,-0.458549,-0.585272,0.513248,0.77189,0.0309133,0.0123404
1121,20.3036,0.999904,0,0.563231,0.760731,0.218235,-0.290382,-0.537021,-0.547668,0.563231,0.760731,0.196412,0.0860417
1122,20.3217,1.06291,0,0.597063,0.692346,0.393757,-0.341861,-0.622514,-0.488804,0.597063,0.692346,0.354381,0.164568
1123,20.3398,1.087,0,0.606888,0.571514,0.539224,-0.399822,-0.710351,-0.403163,0.606888,0.571514,0.485302,0.229074
1124,20.3579,1.06561,0,0.589415,0.41378,0.63348,-0.462788,-0.792092,-0.285943,0.589415,0.41378,0.570132,0.261368
1125,20.376,1.00145,0,0.544814,0.248701,0.66504,-0.527608,-0.854898,-0.13539,0.544814,0.248701,0.598536,0.253626
1126,20.3941,0.906871,0,0.480637,0.101511,0.639473,-0.589021,-0.882499,0.0438224,0.480637,0.101511,0.575525,0.215148
1127,20.4122,0.800058,0,0.404586,-0.0144274,0.578458,-0.639725,-0.859065,0.237459,0.404586,-0.0144274,0.520612,0.163825
1128,20.4303,0.697347,0,0.323212,-0.0944857,0.492335,-0.671444,-0.776051,0.421589,0.323212,-0.0944857,0.443102,0.11139
1129,20.4484,0.612503,0,0.245198,-0.141445,0.403061,-0.677099,-0.639012,0.568211,0.245198,-0.141445,0.362755,0.0691808
1130,20.4666,0.544423,0,0.175812,-0.166525,0.323707,-0.653389,-0.468878,0.65567,0.175812,-0.166525,0.291336,0.039838
1131,20.4847,0.488047,0,0.117064,-0.174407,0.25032,-0.602324,-0.294729,0.677604,0.117064,-0.174407,0.225288,0.0205125
1132,20.5028,0.437711,0,0.067837,-0.174657,0.179583,-0.530664,-0.142182,0.643819,0.067837,-0.174657,0.161625,0.00852765
1133,20.5209,0.388943,0,0.025715,-0.173377,0.117224,-0.447569,-0.0253384,0.573201,0.025715,-0.173377,0.105501,0.00211009
1134,20.539,0.344855,0,-0.00682576,-0.171487,0.0606615,-0.361924,0.0538485,0.484812,-0.00682576,-0.171487,0.0545953,-0.000289843
1135,20.5571,0.30583,0,-0.0328767,-0.169849,0.0107501,-0.280548,0.101224,0.392554,-0.0328767,-0.169849,0.0096751,-0.0002474
1136,20.5752,0.275056,0,-0.0528287,-0.168629,-0.0371186,-0.207635,0.125451,0.304231,-0.0528287,-0.168629,-0.0334068,0.00137265
1137,20.5933,0.252123,0,-0.0705838,-0.170033,-0.0806759,-0.145056,0.134775,0.223042,-0.0705838,-0.170033,-0.0726083,0.00398609
1138,20.6115,0.236451,1,-0.0859383,-0.173693,-0.118727,-0.0930015,0.135691,0.149524,-0.0859383,-0.173693,-0.106854,0.00714224
1139,20.6296,0.229143,1,-0.0990044,-0.181846,-0.154013,-0.0506314,0.132781,0.0830292,-0.0990044,-0.181846,-0.138612,0.0106736
1140,20.6477,0.228488,1,-0.111748,-0.193371,-0.186256,-0.0165824,0.129046,0.0225769,-0.111748,-0.193371,-0.167631,0.0145696
1141,20.6658,0.233464,1,-0.124466,-0.208637,-0.214518,0.0106922,0.126337,-0.0327484,-0.124466,-0.208637,-0.193067,0.0186902
1142,20.6839,0.242687,1,-0.137489,-0.22639,-0.237688,0.0327175,0.125742,-0.0836615,-0.137489,-0.22639,-0.213919,0.0228757
1143,20.702,0.257251,0,-0.152114,-0.247853,-0.257743,0.0508913,0.127877,-0.130661,-0.152114,-0.247853,-0.231969,0.0274444
1144,20.7201,0.277738,0,-0.168721,-0.274021,-0.275921,0.066442,0.133088,-0.174059,-0.168721,-0.274021,-0.248328,0.0325875
1145,20.7382,0.303413,0,-0.187146,-0.304343,-0.289644,0.0804245,0.141598,-0.21401,-0.187146,-0.304343,-0.260679,0.037944
1146,20.7564,0.334645,0,-0.208703,-0.338867,-0.294969,0.0937386,0.153593,-0.250535,-0.208703,-0.338867,-0.265472,0.0430926
1147,20.7745,0.372757,0,-0.232866,-0.379473,-0.293262,0.107156,0.169282,-0.283533,-0.232866,-0.379473,-0.263936,0.0478036
1148,20.7926,0.418111,0,-0.260468,-0.425658,-0.281903,0.121352,0.188924,-0.312765,-0.260468,-0.425658,-0.253712,0.0513986
1149,20.8107,0.470689,0,-0.291886,-0.475912,-0.257928,0.136929,0.212837,-0.337844,-0.291886,-0.475912,-0.232135,0.0526999
1150,20.8288,0.530133,0,-0.327073,-0.528149,-0.22008,0.154446,0.241387,-0.358194,-0.327073,-0.528149,-0.198072,0.0503876
1151,20.8469,0.593864,0,-0.364812,-0.576568,-0.167684,0.174427,0.274953,-0.373007,-0.364812,-0.576568,-0.150916,0.0428213
1152,20.865,0.660859,0,-0.404461,-0.618709,-0.101343,0.197367,0.313863,-0.38119,-0.404461,-0.618709,-0.0912089,0.0286926
1153,20.8831,0.728686,0,-0.443142,-0.650014,-0.0185581,0.223718,0.358282,-0.381309,-0.443142,-0.650014,-0.0167023,0.00575671
1154,20.9012,0.793601,0,-0.479015,-0.66409,0.0788243,0.25385,0.408047,-0.371551,-0.479015,-0.66409,0.0709419,-0.0264306
1155,20.9194,0.848463,0,-0.508458,-0.653248,0.180006,0.28799,0.46242,-0.349733,-0.508458,-0.653248,0.162006,-0.0640679
1156,20.9375,0.888316,0,-0.52884,-0.615077,0.27692,0.32611,0.51977,-0.313416,-0.52884,-0.615077,0.249228,-0.102512
1157,20.9556,0.909949,0,-0.535732,-0.554497,0.361871,0.367777,0.577194,-0.260198,-0.535732,-0.554497,0.325684,-0.135706
1158,20.9737,0.910588,0,-0.529549,-0.475852,0.42631,0.411967,0.630186,-0.188292,-0.529549,-0.475852,0.383679,-0.158027
1159,20.9918,0.888035,0,-0.508469,-0.386415,0.461625,0.456862,0.672552,-0.0974295,-0.508469,-0.386415,0.415463,-0.164306
1160,21.0099,0.84602,0,-0.475168,-0.29757,0.465995,0.499723,0.696861,0.00998873,-0.475168,-0.29757,0.419396,-0.154998
1161,21.028,0.790818,0,-0.431812,-0.220615,0.44085,0.536941,0.695758,0.127866,-0.431812,-0.220615,0.396765,-0.133255
1162,21.0461,0.730844,0,-0.384205,-0.159986,0.39909,0.5644,0.664132,0.246191,-0.384205,-0.159986,0.359181,-0.107333
1163,21.0643,0.670881,0,-0.33615,-0.115539,0.349478,0.57821,0.601524,0.352346,-0.33615,-0.115539,0.31453,-0.082234
1164,21.0824,0.612773,0,-0.289789,-0.0851056,0.295799,0.575661,0.513521,0.434047,-0.289789,-0.0851056,0.266219,-0.0600034
1165,21.1005,0.558132,0,-0.24759,-0.0682229,0.23985,0.556069,0.41094,0.482893,-0.24759,-0.0682229,0.215865,-0.0415691
1166,21.1186,0.506073,0,-0.210847,-0.0607928,0.184488,0.521096,0.306798,0.496683,-0.210847,-0.0607928,0.166039,-0.027229
1167,21.1367,0.456164,0,-0.180445,-0.0603779,0.131431,0.474365,0.212539,0.479277,-0.180445,-0.0603779,0.118288,-0.0166012
1168,21.1548,0.408403,0,-0.156117,-0.0622508,0.079503,0.420552,0.135426,0.438329,-0.156117,-0.0622508,0.0715527,-0.00868823
1169,21.1729,0.363995,0,-0.136194,-0.0672043,0.0276348,0.36435,0.0779909,0.382389,-0.136194,-0.0672043,0.0248713,-0.00263459
1170,21.191,0.323326,0,-0.121034,-0.0747644,-0.0205138,0.309699,0.0391099,0.318781,-0.121034,-0.0747644,-0.0184624,0.001738
1171,21.2092,0.287641,0,-0.110334,-0.0841034,-0.0659584,0.259404,0.0156463,0.252719,-0.110334,-0.0841034,-0.0593626,0.00509424
1172,21.2273,0.257192,0,-0.103281,-0.0934127,-0.108591,0.215123,0.00386249,0.187383,-0.103281,-0.0934127,-0.0977315,0.00785075
1173,21.2454,0.232694,1,-0.0995116,-0.103859,-0.149123,0.17755,0.00029791,0.124423,-0.0995116,-0.103859,-0.134211,0.0103876
1174,21.2635,0.214005,1,-0.0987398,-0.11661,-0.186575,0.146686,0.00216086,0.0645295,-0.0987398,-0.11661,-0.167918,0.0128957
1175,21.2816,0.200291,1,-0.0999356,-0.130079,-0.220493,0.122097,0.00740768,0.00786631,-0.0999356,-0.130079,-0.198444,0.0154246
1176,21.2997,0.190909,1,-0.102631,-0.143218,-0.25077,0.103122,0.0146646,-0.0456423,-0.102631,-0.143218,-0.225693,0.0180158
1177,21.3178,0.186911,1,-0.107406,-0.158202,-0.278792,0.0890204,0.0230947,-0.0961561,-0.107406,-0.158202,-0.250913,0.0209607
1178,21.3359,0.188827,1,-0.114913,-0.17666,-0.304113,0.0790765,0.0322628,-0.143842,-0.114913,-0.17666,-0.273702,0.0244625
1179,21.354,0.19636,1,-0.124874,-0.198508,-0.32596,0.0726529,0.0420219,-0.188844,-0.124874,-0.198508,-0.293364,0.0284927
1180,21.3722,0.209329,1,-0.137334,-0.223342,-0.344152,0.069221,0.052426,-0.231269,-0.137334,-0.223342,-0.309737,0.0330846
1181,21.3903,0.228152,1,-0.152266,-0.252195,-0.358985,0.0683719,0.0636697,-0.27119,-0.152266,-0.252195,-0.323087,0.0382629
1182,21.4084,0.252684,0,-0.169791,-0.285035,-0.369908,0.069816,0.0760483,-0.308637,-0.169791,-0.285035,-0.332917,0.0439649
1183,21.4265,0.284269,0,-0.191022,-0.324276,-0.374391,0.0733772,0.0899357,-0.343598,-0.191022,-0.324276,-0.336952,0.0500617
1184,21.4446,0.322934,0,-0.216513,-0.36911,-0.370898,0.0789857,0.105774,-0.376008,-0.216513,-0.36911,-0.333808,0.056213
1185,21.4627,0.368432,0,-0.245535,-0.418638,-0.357417,0.0866706,0.124071,-0.405732,-0.245535,-0.418638,-0.321675,0.0614309
1186,21.4808,0.421651,0,-0.278682,-0.473091,-0.332377,0.096554,0.145402,-0.432543,-0.278682,-0.473091,-0.299139,0.0648392
1187,21.4989,0.483124,0,-0.316175,-0.531828,-0.293498,0.108847,0.170416,-0.45609,-0.316175,-0.531828,-0.264148,0.0649579
1188,21.5171,0.551636,0,-0.357579,-0.590578,-0.238369,0.123846,0.199826,-0.475852,-0.357579,-0.590578,-0.214532,0.0596651
1189,21.5352,0.626144,0,-0.401889,-0.64503,-0.163923,0.14193,0.234401,-0.491079,-0.401889,-0.64503,-0.147531,0.0461154
1190,21.5533,0.703574,0,-0.447369,-0.687122,-0.0690882,0.163548,0.274926,-0.500708,-0.447369,-0.687122,-0.0621793,0.0216355
1191,21.5714,0.779901,0,-0.490209,-0.709571,0.0433014,0.189208,0.322119,-0.50327,-0.490209,-0.709571,0.0389713,-0.0148587
1192,21.5895,0.850447,0,-0.52689,-0.706111,0.167098,0.21944,0.376495,-0.496781,-0.52689,-0.706111,0.150388,-0.0616297
1193,21.6076,0.907317,0,-0.553614,-0.669134,0.289639,0.25473,0.438113,-0.478642,-0.553614,-0.669134,0.260675,-0.112244
1194,21.6257,0.943579,0,-0.564933,-0.599125,0.396464,0.295419,0.506195,-0.44561,-0.564933,-0.599125,0.356817,-0.156783
1195,21.6438,0.954958,0,-0.559359,-0.502376,0.475428,0.341523,0.578584,-0.393924,-0.559359,-0.502376,0.427885,-0.186154
1196,21.662,0.939787,0,-0.535503,-0.392449,0.516611,0.392483,0.651061,-0.319765,-0.535503,-0.392449,0.46495,-0.193653
1197,21.6801,0.902564,0,-0.496785,-0.285916,0.520147,0.446831,0.716718,-0.220244,-0.496785,-0.285916,0.468133,-0.180881
1198,21.6982,0.84948,0,-0.445882,-0.193725,0.493174,0.50184,0.765779,-0.0950648,-0.445882,-0.193725,0.443857,-0.153928
1199,21.7163,0.789312,0,-0.389788,-0.121505,0.44508,0.553301,0.786562,0.0513343,-0.389788,-0.121505,0.400572,-0.121441
1200,21.7344,0.72953,0,-0.333109,-0.0703244,0.383794,0.59567,0.768196,0.208027,-0.333109,-0.0703244,0.345415,-0.0894918
1201,21.7525,0.674751,0,-0.278992,-0.0373431,0.318278,0.622849,0.704941,0.357826,-0.278992,-0.0373431,0.28645,-0.0621579
1202,21.7706,0.62624,0,-0.230222,-0.0198172,0.251428,0.629627,0.6003,0.48087,-0.230222,-0.0198172,0.226285,-0.0405191
1203,21.7887,0.580702,0,-0.187331,-0.0125628,0.187234,0.613346,0.467951,0.560955,-0.187331,-0.0125628,0.168511,-0.0245524
1204,21.8068,0.534618,0,-0.151271,-0.010872,0.127312,0.574986,0.327804,0.591314,-0.151271,-0.010872,0.114581,-0.0134811
1205,21.825,0.48689,0,-0.122586,-0.0136836,0.0718099,0.518991,0.19902,0.576113,-0.122586,-0.0136836,0.0646289,-0.006162
1206,21.8431,0.438469,0,-0.100222,-0.019565,0.0181588,0.451922,0.0942425,0.527029,-0.100222,-0.019565,0.0163429,-0.00127394
1207,21.8612,0.389963,0,-0.0836518,-0.026709,-0.0307532,0.380666,0.0178672,0.457751,-0.0836518,-0.026709,-0.0276778,0.00180079
1208,21.8793,0.343334,0,-0.0708005,-0.0333432,-0.0761402,0.311015,-0.0321212,0.379767,-0.0708005,-0.0333432,-0.0685262,0.00377353
1209,21.8974,0.300538,0,-0.0613478,-0.0402576,-0.118161,0.246992,-0.0610387,0.300724,-0.0613478,-0.0402576,-0.106345,0.00507426
1210,21.9155,0.263209,0,-0.0550588,-0.0476389,-0.158185,0.190827,-0.074931,0.22474,-0.0550588,-0.0476389,-0.142367,0.00609664
1211,21.9336,0.232016,1,-0.0510141,-0.0549362,-0.197434,0.143305,-0.079132,0.153492,-0.0510141,-0.0549362,-0.17769,0.00705033
1212,21.9517,0.206362,1,-0.0492555,-0.0613937,-0.235104,0.104211,-0.0777498,0.0872882,-0.0492555,-0.0613937,-0.211593,0.0081061
1213,21.9699,0.185179,1,-0.0490456,-0.0682988,-0.270855,0.0727418,-0.0736749,0.0258131,-0.0490456,-0.0682988,-0.24377,0.00929898
1214,21.988,0.167499,1,-0.0497938,-0.0751795,-0.304571,0.047813,-0.0688021,-0.0314412,-0.0497938,-0.0751795,-0.274114,0.010616
1215,22.0061,0.15217,1,-0.0516484,-0.0827857,-0.335452,0.0282656,-0.0642935,-0.0849754,-0.0516484,-0.0827857,-0.301907,0.0121279
1216,22.0242,0.138876,1,-0.054906,-0.0917392,-0.363888,0.0129898,-0.0608105,-0.135211,-0.054906,-0.0917392,-0.3275,0.0139858
1217,22.0423,0.127419,1,-0.0593094,-0.102102,-0.390293,0.000989707,-0.0586962,-0.182478,-0.0593094,-0.102102,-0.351263,0.0162036
1218,22.0604,0.118162,1,-0.0649785,-0.113959,-0.415678,-0.00859338,-0.0581076,-0.227031,-0.0649785,-0.113959,-0.374111,0.0189071
1219,22.0785,0.110726,1,-0.0715375,-0.128307,-0.439242,-0.016481,-0.0591089,-0.269062,-0.0715375,-0.128307,-0.395318,0.0219956
1220,22.0966,0.105459,1,-0.0799922,-0.145326,-0.460905,-0.0232721,-0.0617338,-0.308722,-0.0799922,-0.145326,-0.414815,0.0258082
1221,22.1148,0.102987,1,-0.0904945,-0.165815,-0.480794,-0.0294633,-0.066027,-0.346121,-0.0904945,-0.165815,-0.432715,0.0304565
1222,22.1329,0.10361,1,-0.103043,-0.190608,-0.497911,-0.0354728,-0.0720708,-0.381344,-0.103043,-0.190608,-0.44812,0.0359144
1223,22.151,0.108306,1,-0.11849,-0.221028,-0.511396,-0.041663,-0.0800042,-0.41444,-0.11849,-0.221028,-0.460256,0.0424165
1224,22.1691,0.117741,1,-0.137335,-0.257547,-0.520347,-0.048362,-0.0900356,-0.445429,-0.137335,-0.257547,-0.468312,0.0500234
1225,22.1872,0.132137,1,-0.159795,-0.300485,-0.522936,-0.0558836,-0.102454,-0.474284,-0.159795,-0.300485,-0.470642,0.0584938
1226,22.2053,0.15233,1,-0.186724,-0.350826,-0.51855,-0.0645457,-0.117641,-0.500925,-0.186724,-0.350826,-0.466695,0.0677779
1227,22.2234,0.179344,1,-0.218975,-0.410411,-0.504856,-0.0746865,-0.136076,-0.525195,-0.218975,-0.410411,-0.45437,0.0773857
1228,22.2415,0.212983,1,-0.256648,-0.478232,-0.477016,-0.0866809,-0.158353,-0.546831,-0.256648,-0.478232,-0.429314,0.0856977
1229,22.2596,0.253448,0,-0.30012,-0.553206,-0.432762,-0.100954,-0.185183,-0.565423,-0.30012,-0.553206,-0.389485,0.0909164
1230,22.2778,0.300366,0,-0.349836,-0.631925,-0.368053,-0.117994,-0.217391,-0.580351,-0.349836,-0.631925,-0.331247,0.0901306
1231,22.2959,0.352874,0,-0.405173,-0.707887,-0.277523,-0.138359,-0.255907,-0.590708,-0.405173,-0.707887,-0.249771,0.0787115
1232,22.314,0.409452,0,-0.463152,-0.772642,-0.158272,-0.162682,-0.301708,-0.595182,-0.463152,-0.772642,-0.142445,0.0513128
1233,22.3321,0.466551,0,-0.520055,-0.812416,-0.0117579,-0.191655,-0.355722,-0.591924,-0.520055,-0.812416,-0.0105821,0.00428034
1234,22.3502,0.521629,0,-0.5709,-0.817002,0.155533,-0.225993,-0.418628,-0.57838,-0.5709,-0.817002,0.13998,-0.0621556
1235,22.3683,0.567963,0,-0.609073,-0.771601,0.327083,-0.266355,-0.490506,-0.551141,-0.609073,-0.771601,0.294375,-0.139452
1236,22.3864,0.599453,0,-0.627177,-0.671848,0.478562,-0.313199,-0.570277,-0.505883,-0.627177,-0.671848,0.430706,-0.2101
1237,22.4045,0.611968,0,-0.618201,-0.530579,0.584557,-0.36653,-0.654885,-0.43756,-0.618201,-0.530579,0.526102,-0.252962
1238,22.4227,0.607802,0,-0.584747,-0.373924,0.633638,-0.425536,-0.738276,-0.341128,-0.584747,-0.373924,0.570274,-0.259363
1239,22.4408,0.592187,0,-0.52971,-0.226677,0.629154,-0.488098,-0.810507,-0.213146,-0.52971,-0.226677,0.566238,-0.233288
1240,22.4589,0.571377,0,-0.458962,-0.10459,0.581069,-0.5503,-0.857715,-0.0544408,-0.458962,-0.10459,0.522962,-0.186682
1241,22.477,0.552176,0,-0.382554,-0.0163706,0.508668,-0.606196,-0.864164,0.126667,-0.382554,-0.0163706,0.457801,-0.136215
1242,22.4951,0.535759,0,-0.307884,0.0380963,0.429715,-0.648255,-0.817178,0.31239,-0.307884,0.0380963,0.386744,-0.0926117
1243,22.5132,0.52168,0,-0.23806,0.070123,0.350596,-0.668842,-0.713945,0.477541,-0.23806,0.070123,0.315537,-0.058424
1244,22.5313,0.505004,0,-0.178131,0.0854607,0.271705,-0.662528,-0.566153,0.597047,-0.178131,0.0854607,0.244535,-0.0338793
1245,22.5494,0.483571,0,-0.125657,0.090486,0.197001,-0.628235,-0.39782,0.6558,-0.125657,0.090486,0.177301,-0.0173282
1246,22.5676,0.453747,0,-0.0830573,0.0890439,0.12999,-0.569897,-0.236194,0.654268,-0.0830573,0.0890439,0.116991,-0.00755762
1247,22.5857,0.415982,0,-0.0495417,0.084448,0.0712027,-0.495149,-0.101623,0.605931,-0.0495417,0.084448,0.0640824,-0.00246925
1248,22.6038,0.374377,0,-0.0212228,0.0818012,0.0195309,-0.412856,-0.00278591,0.529377,-0.0212228,0.0818012,0.0175778,-0.00029015
1249,22.6219,0.332139,0,0.00104427,0.0809446,-0.0284589,-0.330854,0.0617045,0.441034,0.00104427,0.0809446,-0.025613,-2.08032e-05
1250,22.64,0.291381,0,0.0180928,0.0810979,-0.0723556,-0.254721,0.098706,0.351874,0.0180928,0.0810979,-0.0651201,-0.000916381
1251,22.6581,0.253774,0,0.0317912,0.0821649,-0.111748,-0.187606,0.116438,0.267585,0.0317912,0.0821649,-0.100573,-0.00248682
1252,22.6762,0.221751,1,0.0448895,0.087945,-0.149681,-0.130665,0.12216,0.190216,0.0448895,0.087945,-0.134712,-0.00470336
1253,22.6943,0.195265,1,0.0577671,0.0974698,-0.186415,-0.0836866,0.121383,0.119861,0.0577671,0.0974698,-0.167773,-0.00753803
1254,22.7124,0.173108,1,0.0699093,0.110069,-0.220745,-0.0456636,0.117913,0.0558058,0.0699093,0.110069,-0.19867,-0.0108025
1255,22.7306,0.1537,1,0.081766,0.124511,-0.250543,-0.0152132,0.114207,-0.00283321,0.081766,0.124511,-0.225489,-0.0143401
1256,22.7487,0.136999,1,0.094095,0.141785,-0.276359,0.00914655,0.111762,-0.0568407,0.094095,0.141785,-0.248723,-0.0182028
1257,22.7668,0.123202,1,0.107444,0.162723,-0.298462,0.0288373,0.111448,-0.106817,0.107444,0.162723,-0.268616,-0.0224476
1258,22.7849,0.113005,1,0.123002,0.189291,-0.316096,0.0451417,0.113753,-0.153178,0.123002,0.189291,-0.284486,-0.0272164
1259,22.803,0.107455,1,0.14099,0.220308,-0.329132,0.0591768,0.118959,-0.196186,0.14099,0.220308,-0.296219,-0.0324831
1260,22.8211,0.108059,1,0.162032,0.256351,-0.337176,0.0718988,0.12726,-0.235973,0.162032,0.256351,-0.303459,-0.0382433
1261,22.8392,0.115495,1,0.186355,0.297568,-0.338675,0.0841234,0.138838,-0.272562,0.186355,0.297568,-0.304807,-0.0441795
1262,22.8573,0.130888,1,0.214967,0.34542,-0.332291,0.0965546,0.153913,-0.305866,0.214967,0.34542,-0.299062,-0.050002
1263,22.8755,0.15331,1,0.247763,0.398652,-0.314261,0.109814,0.172769,-0.335682,0.247763,0.398652,-0.282835,-0.0545036
1264,22.8936,0.18097,1,0.283058,0.453828,-0.281029,0.12447,0.195762,-0.361668,0.283058,0.453828,-0.252926,-0.0556833
1265,22.9117,0.213791,1,0.321816,0.508544,-0.231348,0.141058,0.223318,-0.38331,0.321816,0.508544,-0.208214,-0.0521162
1266,22.9298,0.251317,0,0.363343,0.55936,-0.163048,0.160098,0.255902,-0.39987,0.363343,0.55936,-0.146743,-0.0414696
1267,22.9479,0.293093,0,0.406269,0.602044,-0.0748527,0.182099,0.293966,-0.410333,0.406269,0.602044,-0.0673674,-0.0212872
1268,22.966,0.335712,0,0.448126,0.627189,0.0299791,0.207555,0.337864,-0.413332,0.448126,0.627189,0.0269812,0.0094041
1269,22.9841,0.376185,0,0.484914,0.626049,0.146285,0.236911,0.387693,-0.407092,0.484914,0.626049,0.131656,0.0496548
1270,23.0022,0.412221,0,0.511475,0.596759,0.264895,0.270509,0.44307,-0.389394,0.511475,0.596759,0.238405,0.0948408
1271,23.0204,0.437413,0,0.524341,0.533593,0.367945,0.308489,0.502811,-0.357624,0.524341,0.533593,0.331151,0.13505
1272,23.0385,0.451947,0,0.521753,0.446317,0.445687,0.350645,0.564511,-0.30898,0.521753,0.446317,0.401118,0.162777
1273,23.0566,0.45752,0,0.502299,0.343902,0.492676,0.396222,0.624107,-0.24095,0.502299,0.343902,0.443409,0.173229
1274,23.0747,0.454234,0,0.467143,0.243202,0.504701,0.443685,0.675577,-0.152176,0.467143,0.243202,0.45423,0.165037
1275,23.0928,0.446801,0,0.421186,0.151083,0.485899,0.490509,0.711103,-0.0436904,0.421186,0.151083,0.43731,0.143258
1276,23.1109,0.438441,0,0.368113,0.0773079,0.445383,0.533112,0.722093,0.0797097,0.368113,0.0773079,0.400845,0.114766
1277,23.129,0.430821,0,0.313192,0.0234208,0.389786,0.567093,0.701317,0.208643,0.313192,0.0234208,0.350807,0.0854546
1278,23.1471,0.424613,0,0.259837,-0.0124356,0.326429,0.587892,0.645786,0.329814,0.259837,-0.0124356,0.293786,0.0593728
1279,23.1652,0.417407,0,0.212179,-0.0338898,0.264778,0.591831,0.559117,0.428768,0.212179,-0.0338898,0.2383,0.0393263
1280,23.1834,0.407001,0,0.169848,-0.0451412,0.203934,0.577205,0.451693,0.494047,0.169848,-0.0451412,0.18354,0.0242464
1281,23.2015,0.390707,0,0.134462,-0.0467907,0.144588,0.544939,0.3379,0.520722,0.134462,-0.0467907,0.130129,0.0136091
1282,23.2196,0.369197,0,0.105184,-0.0442378,0.0891934,0.498418,0.231679,0.511279,0.105184,-0.0442378,0.080274,0.00656717
1283,23.2377,0.343867,0,0.0815672,-0.0398521,0.0364801,0.442594,0.142783,0.473558,0.0815672,-0.0398521,0.0328321,0.0020829
1284,23.2558,0.315072,0,0.0635878,-0.0335906,-0.0117089,0.382765,0.0754093,0.41731,0.0635878,-0.0335906,-0.010538,-0.000521183
1285,23.2739,0.285631,0,0.0503217,-0.0270446,-0.0572702,0.323571,0.0290719,0.351314,0.0503217,-0.0270446,-0.0515432,-0.00201735
1286,23.292,0.257622,0,0.0398637,-0.0202888,-0.100682,0.268433,0.000510129,0.281981,0.0398637,-0.0202888,-0.0906141,-0.0028095
1287,23.3101,0.232267,1,0.03267,-0.0143809,-0.143068,0.219443,-0.0145199,0.213246,0.03267,-0.0143809,-0.128761,-0.00327182
1288,23.3283,0.210401,1,0.0281789,-0.00694839,-0.185007,0.177554,-0.0200758,0.147138,0.0281789,-0.00694839,-0.166507,-0.00364931
1289,23.3464,0.191526,1,0.0258178,0.000668035,-0.225271,0.14287,-0.0194819,0.0844694,0.0258178,0.000668035,-0.202744,-0.00407121
1290,23.3645,0.174844,1,0.0256446,0.00969042,-0.262904,0.114958,-0.0151983,0.0253924,0.0256446,0.00969042,-0.236614,-0.00471944
1291,23.3826,0.15989,1,0.0270899,0.0187712,-0.297767,0.0930904,-0.00890143,-0.0302374,0.0270899,0.0187712,-0.267991,-0.00564655
1292,23.4007,0.145604,1,0.0301825,0.0291376,-0.328662,0.0764305,-0.00164113,-0.082663,0.0301825,0.0291376,-0.295796,-0.0069439
1293,23.4188,0.132652,1,0.0344731,0.0399123,-0.357428,0.0641481,0.00599705,-0.132131,0.0344731,0.0399123,-0.321685,-0.00862516
1294,23.4369,0.120745,1,0.0400159,0.0521405,-0.383858,0.0554898,0.0137536,-0.178858,0.0400159,0.0521405,-0.345472,-0.0107523
1295,23.455,0.1097,1,0.0471525,0.0666283,-0.40759,0.0498136,0.0215894,-0.223019,0.0471525,0.0666283,-0.366831,-0.0134532
1296,23.4732,0.100522,1,0.055608,0.0849743,-0.42958,0.0466016,0.0296098,-0.264755,0.055608,0.0849743,-0.386622,-0.0167217
1297,23.4913,0.0934598,1,0.0663063,0.10639,-0.449414,0.0454581,0.0380157,-0.304174,0.0663063,0.10639,-0.404472,-0.0208593
1298,23.5094,0.0890729,1,0.0792628,0.132093,-0.465752,0.0461021,0.047073,-0.341358,0.0792628,0.132093,-0.419177,-0.0258418
1299,23.5275,0.0884348,1,0.0942816,0.161336,-0.478767,0.0483565,0.0570976,-0.376359,0.0942816,0.161336,-0.43089,-0.0315972
1300,23.5456,0.0932905,1,0.112631,0.196058,-0.487725,0.0521381,0.0684515,-0.409198,0.112631,0.196058,-0.438953,-0.0384529
1301,23.5637,0.104334,1,0.134794,0.236451,-0.491616,0.0574486,0.0815456,-0.439859,0.134794,0.236451,-0.442455,-0.0463867
1302,23.5818,0.122078,1,0.160915,0.283821,-0.488992,0.0643693,0.096848,-0.468277,0.160915,0.283821,-0.440093,-0.0550803
1303,23.5999,0.146209,1,0.191307,0.338185,-0.477286,0.0730576,0.114896,-0.494316,0.191307,0.338185,-0.429558,-0.0639159
1304,23.618,0.176864,1,0.226515,0.39963,-0.453556,0.0837474,0.136306,-0.517748,0.226515,0.39963,-0.408201,-0.0719161
1305,23.6362,0.215498,1,0.267933,0.469315,-0.413948,0.0967504,0.161789,-0.538217,0.267933,0.469315,-0.372553,-0.0776373
1306,23.6543,0.26067,0,0.314431,0.54321,-0.355655,0.11246,0.19215,-0.555181,0.314431,0.54321,-0.32009,-0.0782803
1307,23.6724,0.312112,0,0.365726,0.615532,-0.272296,0.131351,0.228282,-0.567844,0.365726,0.615532,-0.245067,-0.0697101
1308,23.6905,0.370404,0,0.421554,0.679338,-0.158681,0.153983,0.271134,-0.575061,0.421554,0.679338,-0.142813,-0.0468248
1309,23.7086,0.430232,0,0.476365,0.720711,-0.0195338,0.180982,0.321625,-0.575212,0.476365,0.720711,-0.0175804,-0.00651367
1310,23.7267,0.487507,0,0.525139,0.726997,0.137866,0.213016,0.380492,-0.566054,0.525139,0.726997,0.124079,0.0506791
1311,23.7448,0.538777,0,0.562936,0.690008,0.30088,0.250725,0.448005,-0.544578,0.562936,0.690008,0.270792,0.118563
1312,23.7629,0.575884,0,0.581866,0.603113,0.444957,0.294605,0.523509,-0.506921,0.581866,0.603113,0.400462,0.181234
1313,23.7811,0.597782,0,0.578035,0.478041,0.552334,0.344803,0.604723,-0.448459,0.578035,0.478041,0.497101,0.223488
1314,23.7992,0.60453,0,0.549021,0.331244,0.609311,0.400805,0.686844,-0.364317,0.549021,0.331244,0.54838,0.234167
1315,23.8173,0.597484,0,0.499672,0.190867,0.611796,0.461008,0.761627,-0.250584,0.499672,0.190867,0.550617,0.213988
1316,23.8354,0.58544,0,0.436174,0.0708892,0.574752,0.522245,0.817031,-0.106487,0.436174,0.0708892,0.517276,0.175484
1317,23.8535,0.571124,0,0.364341,-0.0186204,0.50744,0.579461,0.838382,0.0626734,0.364341,-0.0186204,0.456696,0.129417
1318,23.8716,0.559279,0,0.292092,-0.0780112,0.429406,0.625877,0.81207,0.243065,0.292092,-0.0780112,0.386465,0.0877981
1319,23.8897,0.548939,0,0.22366,-0.113908,0.349475,0.654045,0.731533,0.412724,0.22366,-0.113908,0.314527,0.0547144
1320,23.9078,0.534031,0,0.1648,-0.131515,0.27601,0.657795,0.602772,0.546834,0.1648,-0.131515,0.248409,0.0318406
1321,23.926,0.512914,0,0.11312,-0.139075,0.206636,0.63444,0.444905,0.626678,0.11312,-0.139075,0.185972,0.0163622
1322,23.9441,0.482553,0,0.0712735,-0.137879,0.141104,0.586007,0.283719,0.646946,0.0712735,-0.137879,0.126993,0.00703986
1323,23.9622,0.44574,0,0.0358938,-0.13644,0.0818882,0.51867,0.141845,0.616246,0.0358938,-0.13644,0.0736994,0.00205749
1324,23.9803,0.402894,0,0.00778541,-0.134373,0.0296944,0.440714,0.032004,0.551098,0.00778541,-0.134373,0.0267249,0.000161828
1325,23.9984,0.358302,0,-0.0136905,-0.131856,-0.018979,0.360211,-0.0436293,0.468418,-0.0136905,-0.131856,-0.0170811,0.000181882
1326,24.0165,0.315873,0,-0.0309144,-0.129063,-0.065195,0.283445,-0.0898656,0.380865,-0.0309144,-0.129063,-0.0586755,0.00141082
1327,24.0346,0.277035,0,-0.0456031,-0.129833,-0.107157,0.214377,-0.114256,0.295849,-0.0456031,-0.129833,-0.0964409,0.00342067
1328,24.0527,0.242567,1,-0.0576731,-0.131462,-0.145679,0.154862,-0.124206,0.216664,-0.0576731,-0.131462,-0.131111,0.00588124
1329,24.0708,0.213865,1,-0.0681608,-0.136721,-0.183043,0.105202,-0.125695,0.144124,-0.0681608,-0.136721,-0.164739,0.00873346
1330,24.089,0.19024,1,-0.0777789,-0.14468,-0.218448,0.0647166,-0.12303,0.0778623,-0.0777789,-0.14468,-0.196603,0.0118935
1331,24.1071,0.170479,1,-0.0874741,-0.15562,-0.25034,0.0322072,-0.119088,0.0171125,-0.0874741,-0.15562,-0.225306,0.0153288
1332,24.1252,0.153949,1,-0.0980987,-0.169967,-0.278189,0.00627708,-0.115672,-0.0389003,-0.0980987,-0.169967,-0.25037,0.019103
1333,24.1433,0.142054,1,-0.110016,-0.188056,-0.305065,-0.0144711,-0.113855,-0.0908144,-0.110016,-0.188056,-0.274558,0.0234935
1334,24.1614,0.134482,1,-0.123882,-0.210876,-0.329767,-0.0313291,-0.114246,-0.139102,-0.123882,-0.210876,-0.29679,0.0285965
1335,24.1795,0.12975,1,-0.138919,-0.237287,-0.34944,-0.0454367,-0.117184,-0.184086,-0.138919,-0.237287,-0.314496,0.0339806
1336,24.1976,0.127655,1,-0.155639,-0.266584,-0.362561,-0.057775,-0.122875,-0.225967,-0.155639,-0.266584,-0.326305,0.0395001
1337,24.2157,0.129951,1,-0.174835,-0.299941,-0.370297,-0.0691792,-0.131484,-0.264844,-0.174835,-0.299941,-0.333267,0.0453187
1338,24.2339,0.138191,1,-0.197597,-0.339577,-0.371294,-0.0803642,-0.143195,-0.300721,-0.197597,-0.339577,-0.334164,0.0513567
1339,24.252,0.154084,1,-0.225085,-0.387347,-0.365372,-0.0919534,-0.158247,-0.333514,-0.225085,-0.387347,-0.328835,0.0575679
1340,24.2701,0.176116,1,-0.257001,-0.440745,-0.348523,-0.104507,-0.176953,-0.363031,-0.257001,-0.440745,-0.313671,0.0626996
1341,24.2882,0.203181,1,-0.292435,-0.49685,-0.316002,-0.118549,-0.199714,-0.388949,-0.292435,-0.49685,-0.284402,0.0646871
1342,24.3063,0.235839,1,-0.331427,-0.554855,-0.267144,-0.134589,-0.227009,-0.410781,-0.331427,-0.554855,-0.240429,0.0619771
1343,24.3244,0.273645,0,-0.374038,-0.611947,-0.200797,-0.153135,-0.259374,-0.42782,-0.374038,-0.611947,-0.180717,0.0525739
1344,24.3425,0.313753,0,-0.419151,-0.66069,-0.11727,-0.174705,-0.297361,-0.43908,-0.419151,-0.66069,-0.105543,0.0344077
1345,24.3606,0.354218,0,-0.463105,-0.694066,-0.0157202,-0.199816,-0.341451,-0.443216,-0.463105,-0.694066,-0.0141482,0.00509607
1346,24.3788,0.394873,0,-0.503408,-0.70703,0.102997,-0.228963,-0.391916,-0.438444,-0.503408,-0.70703,0.0926975,-0.0362947
1347,24.3969,0.428602,0,-0.536031,-0.688487,0.224637,-0.262563,-0.448595,-0.422485,-0.536031,-0.688487,0.202174,-0.0842888
1348,24.415,0.452288,0,-0.556021,-0.634415,0.33767,-0.300865,-0.510568,-0.39257,-0.556021,-0.634415,0.303903,-0.131426
1349,24.4331,0.4659,0,-0.560233,-0.552477,0.431454,-0.343798,-0.575709,-0.345595,-0.560233,-0.552477,0.388309,-0.1692
1350,24.4512,0.46866,0,-0.546519,-0.449385,0.49493,-0.390766,-0.640166,-0.278549,-0.546519,-0.449385,0.445437,-0.189342
1351,24.4693,0.459913,0,-0.515563,-0.340315,0.518476,-0.440385,-0.697928,-0.189352,-0.515563,-0.340315,0.466629,-0.187115
1352,24.4874,0.443874,0,-0.471245,-0.240602,0.505362,-0.490222,-0.740791,-0.0781822,-0.471245,-0.240602,0.454826,-0.166705
1353,24.5055,0.426296,0,-0.417226,-0.158886,0.463873,-0.53665,-0.75921,0.0509162,-0.417226,-0.158886,0.417486,-0.135478
1354,24.5236,0.413012,0,-0.361409,-0.0985263,0.409938,-0.575002,-0.744444,0.18879,-0.361409,-0.0985263,0.368944,-0.103709
1355,24.5418,0.404263,0,-0.306698,-0.0567545,0.350629,-0.6002,-0.691804,0.321429,-0.306698,-0.0567545,0.315566,-0.075276
1356,24.5599,0.397297,0,-0.255927,-0.030598,0.287057,-0.607871,-0.603727,0.432634,-0.255927,-0.030598,0.258351,-0.0514258
1357,24.578,0.389259,0,-0.209754,-0.0171949,0.223151,-0.595635,-0.490617,0.508697,-0.209754,-0.0171949,0.200836,-0.0327648
1358,24.5961,0.375891,0,-0.170997,-0.0141291,0.163301,-0.563992,-0.368202,0.542866,-0.170997,-0.0141291,0.146971,-0.0195468
1359,24.6142,0.357138,0,-0.1397,-0.0151343,0.10744,-0.516304,-0.252459,0.536963,-0.1397,-0.0151343,0.0966964,-0.0105066
1360,24.6323,0.334319,0,-0.114592,-0.0188913,0.0533135,-0.457862,-0.154964,0.49936,-0.114592,-0.0188913,0.0479822,-0.0042765
1361,24.6504,0.308706,0,-0.0944435,-0.0247393,0.00201692,-0.394505,-0.0809379,0.440996,-0.0944435,-0.0247393,0.00181523,-0.00013334
1362,24.6685,0.281281,0,-0.0794319,-0.0320225,-0.0450955,-0.331419,-0.0300855,0.371865,-0.0794319,-0.0320225,-0.0405859,0.00250741
1363,24.6867,0.254893,0,-0.0682028,-0.0386479,-0.0901195,-0.27245,0.00119799,0.299247,-0.0682028,-0.0386479,-0.0811075,0.00430248
1364,24.7048,0.23047,1,-0.0602377,-0.044602,-0.132947,-0.219957,0.0176996,0.22755,-0.0602377,-0.044602,-0.119652,0.0056059
1365,24.7229,0.208958,1,-0.054838,-0.0511346,-0.174059,-0.175007,0.0240014,0.158965,-0.054838,-0.0511346,-0.156653,0.00668153
1366,24.741,0.189918,1,-0.051806,-0.0576596,-0.212599,-0.137717,0.0238427,0.0942946,-0.051806,-0.0576596,-0.191339,0.00770972
1367,24.7591,0.172815,1,-0.0503918,-0.0642756,-0.247856,-0.107597,0.0199776,0.0336108,-0.0503918,-0.0642756,-0.223071,0.00874296
1368,24.7772,0.157892,1,-0.0500708,-0.0697218,-0.281387,-0.0838324,0.0142787,-0.0233298,-0.0500708,-0.0697218,-0.253248,0.00986248
1369,24.7953,0.144896,1,-0.050657,-0.0766197,-0.312691,-0.0654832,0.00792455,-0.0768585,-0.050657,-0.0766197,-0.281422,0.011088
1370,24.8134,0.133718,1,-0.0530762,-0.0853536,-0.341957,-0.0516175,0.00158903,-0.127294,-0.0530762,-0.0853536,-0.307762,0.0127049
1371,24.8316,0.124079,1,-0.0567106,-0.0950431,-0.369167,-0.0413841,-0.00440002,-0.17491,-0.0567106,-0.0950431,-0.33225,0.014655
1372,24.8497,0.116056,1,-0.0614571,-0.105702,-0.394529,-0.0340495,-0.00993989,-0.219928,-0.0614571,-0.105702,-0.355076,0.0169726
1373,24.8678,0.1104,1,-0.0672607,-0.118685,-0.418624,-0.0290086,-0.0150669,-0.262531,-0.0672607,-0.118685,-0.376761,0.0197099
1374,24.8859,0.107255,1,-0.0744986,-0.133374,-0.441654,-0.025781,-0.0198986,-0.302871,-0.0744986,-0.133374,-0.397489,0.0230318
1375,24.904,0.10708,1,-0.0833549,-0.150873,-0.463262,-0.023999,-0.0245977,-0.341074,-0.0833549,-0.150873,-0.416935,0.0270306
1376,24.9221,0.110027,1,-0.0942431,-0.171952,-0.481957,-0.023394,-0.0293514,-0.377251,-0.0942431,-0.171952,-0.433762,0.0317948
1377,24.9402,0.116935,1,-0.107382,-0.197437,-0.49775,-0.0237812,-0.0343618,-0.4115,-0.107382,-0.197437,-0.447975,0.0374145
1378,24.9583,0.12841,1,-0.123385,-0.228006,-0.510175,-0.0250471,-0.039844,-0.443905,-0.123385,-0.228006,-0.459157,0.0440637
1379,24.9764,0.144941,1,-0.142426,-0.2648,-0.5178,-0.0271396,-0.0460292,-0.474535,-0.142426,-0.2648,-0.46602,0.0516237
1380,24.9946,0.166653,1,-0.165277,-0.30771,-0.519116,-0.0300594,-0.0531714,-0.503449,-0.165277,-0.30771,-0.467204,0.0600587
1381,25.0127,0.194623,1,-0.192605,-0.358447,-0.513681,-0.0338564,-0.0615572,-0.530684,-0.192605,-0.358447,-0.462313,0.0692563
1382,25.0308,0.230201,1,-0.225553,-0.418951,-0.498584,-0.0386272,-0.0715169,-0.556255,-0.225553,-0.418951,-0.448726,0.07872
1383,25.0489,0.273151,0,-0.263768,-0.487847,-0.469613,-0.044516,-0.0834386,-0.580146,-0.263768,-0.487847,-0.422652,0.0867083
1384,25.067,0.323251,0,-0.307698,-0.562566,-0.423619,-0.0517176,-0.0977834,-0.602295,-0.307698,-0.562566,-0.381258,0.0912429
1385,25.0851,0.380937,0,-0.357516,-0.640536,-0.356063,-0.0604836,-0.115103,-0.622578,-0.357516,-0.640536,-0.320457,0.0891088
1386,25.1032,0.445482,0,-0.413064,-0.715158,-0.262517,-0.0711296,-0.136058,-0.640782,-0.413064,-0.715158,-0.236265,0.0759053
1387,25.1213,0.515221,0,-0.471063,-0.778136,-0.140566,-0.0840454,-0.161434,-0.656564,-0.471063,-0.778136,-0.126509,0.0463508
1388,25.1395,0.585824,0,-0.52734,-0.814319,0.00855408,-0.0997056,-0.192158,-0.669394,-0.52734,-0.814319,0.00769867,-0.00315764
1389,25.1576,0.653765,0,-0.576526,-0.813786,0.1765,-0.11868,-0.229298,-0.678473,-0.576526,-0.813786,0.15885,-0.0712298
1390,25.1757,0.711202,0,-0.612793,-0.761941,0.345683,-0.141641,-0.274045,-0.682617,-0.612793,-0.761941,0.311115,-0.148283
1391,25.1938,0.750634,0,-0.628056,-0.657649,0.490821,-0.169362,-0.32764,-0.680096,-0.628056,-0.657649,0.441739,-0.215784
1392,25.2119,0.767705,0,-0.616312,-0.514532,0.589268,-0.202693,-0.391226,-0.668439,-0.616312,-0.514532,0.530341,-0.254221
1393,25.23,0.764536,0,-0.580462,-0.359931,0.631805,-0.242507,-0.465538,-0.644197,-0.580462,-0.359931,0.568624,-0.256717
1394,25.2481,0.74535,0,-0.524197,-0.216721,0.622114,-0.289574,-0.550368,-0.602742,-0.524197,-0.216721,0.559903,-0.228277
1395,25.2662,0.715839,0,-0.452814,-0.0993746,0.570464,-0.344332,-0.643686,-0.538244,-0.452814,-0.0993746,0.513418,-0.18082
1396,25.2844,0.686236,0,-0.377417,-0.0153934,0.497314,-0.406504,-0.740392,-0.444116,-0.377417,-0.0153934,0.447582,-0.131386
1397,25.3025,0.663228,0,-0.303497,0.0361221,0.419545,-0.474538,-0.830865,-0.314411,-0.303497,0.0361221,0.377591,-0.0891316
1398,25.3206,0.650001,0,-0.235168,0.0664039,0.340704,-0.544911,-0.900044,-0.146677,-0.235168,0.0664039,0.306633,-0.0560859
1399,25.3387,0.645814,0,-0.176342,0.0806035,0.262332,-0.61156,-0.92851,0.0537618,-0.176342,0.0806035,0.236098,-0.032382
1400,25.3568,0.649179,0,-0.12514,0.0850431,0.188112,-0.665942,-0.897388,0.269732,-0.12514,0.0850431,0.169301,-0.0164782
1401,25.3749,0.651841,0,-0.0839361,0.0828282,0.121868,-0.698376,-0.797199,0.47216,-0.0839361,0.0828282,0.109681,-0.00716039
1402,25.393,0.645694,0,-0.0512832,0.0781222,0.0635561,-0.700815,-0.636415,0.627742,-0.0512832,0.0781222,0.0572005,-0.00228155
1403,25.4111,0.626132,0,-0.0238247,0.0749151,0.0117347,-0.670029,-0.442148,0.712585,-0.0238247,0.0749151,0.0105612,-0.000195702
1404,25.4292,0.591169,0,-0.00257726,0.0736925,-0.036095,-0.609265,-0.249635,0.722741,-0.00257726,0.0736925,-0.0324855,6.51184e-05
1405,25.4474,0.543209,0,0.0136617,0.0729877,-0.0796799,-0.527131,-0.0873539,0.673355,0.0136617,0.0729877,-0.0717119,-0.000761993
1406,25.4655,0.488198,0,0.0267297,0.0736183,-0.119214,-0.43445,0.0315495,0.588284,0.0267297,0.0736183,-0.107293,-0.00223059
1407,25.4836,0.433463,0,0.0394273,0.0786511,-0.157312,-0.341074,0.108057,0.489236,0.0394273,0.0786511,-0.141581,-0.00434167
1408,25.5017,0.382886,0,0.0515484,0.0877781,-0.194635,-0.254064,0.150914,0.390532,0.0515484,0.0877781,-0.175172,-0.0070232
1409,25.5198,0.337969,0,0.0630687,0.099258,-0.229704,-0.177369,0.170715,0.299212,0.0630687,0.099258,-0.206734,-0.010141
1410,25.5379,0.298261,0,0.0739043,0.113278,-0.260218,-0.112408,0.176647,0.217433,0.0739043,0.113278,-0.234196,-0.0134619
1411,25.556,0.264257,0,0.085554,0.129504,-0.287006,-0.0588952,0.175501,0.144866,0.085554,0.129504,-0.258306,-0.0171882
1412,25.5741,0.235268,1,0.098213,0.149722,-0.310383,-0.0155813,0.17183,0.0802773,0.098213,0.149722,-0.279344,-0.0213385
1413,25.5923,0.210191,1,0.112895,0.174831,-0.329398,0.0192129,0.168486,0.0223465,0.112895,0.174831,-0.296458,-0.0260311
1414,25.6104,0.18838,1,0.129944,0.204751,-0.343394,0.0472637,0.167159,-0.0300065,0.129944,0.204751,-0.309055,-0.0312355
1415,25.6285,0.170721,1,0.149784,0.238584,-0.353669,0.070257,0.168803,-0.0775477,0.149784,0.238584,-0.318302,-0.0370818
1416,25.6466,0.157254,1,0.172993,0.278992,-0.357842,0.0897012,0.173933,-0.120752,0.172993,0.278992,-0.322058,-0.0433329
1417,25.6647,0.149386,1,0.200216,0.325631,-0.354402,0.106901,0.182831,-0.159854,0.200216,0.325631,-0.318961,-0.0496699
1418,25.6828,0.149443,1,0.232095,0.3787,-0.341822,0.122962,0.195672,-0.194887,0.232095,0.3787,-0.30764,-0.0555347
1419,25.7009,0.157045,1,0.267246,0.43532,-0.314539,0.138821,0.212598,-0.225708,0.267246,0.43532,-0.283085,-0.0588413
1420,25.719,0.173448,1,0.305751,0.493143,-0.270048,0.155267,0.233756,-0.252,0.305751,0.493143,-0.243043,-0.0577973
1421,25.7372,0.199095,1,0.347774,0.549421,-0.208533,0.172976,0.259299,-0.273267,0.347774,0.549421,-0.18768,-0.0507656
1422,25.7553,0.232688,1,0.39209,0.59869,-0.124736,0.192526,0.289358,-0.288807,0.39209,0.59869,-0.112262,-0.0342353
1423,25.7734,0.272415,0,0.436757,0.634781,-0.0209236,0.21441,0.32399,-0.29769,0.436757,0.634781,-0.0188313,-0.00639698
1424,25.7915,0.313496,0,0.478144,0.646544,0.0978868,0.239025,0.363074,-0.298733,0.478144,0.646544,0.0880981,0.0327628
1425,25.8096,0.352658,0,0.510854,0.627823,0.223639,0.26665,0.406183,-0.290504,0.510854,0.627823,0.201276,0.079973
1426,25.8277,0.384681,0,0.53074,0.57531,0.340491,0.29739,0.452391,-0.271371,0.53074,0.57531,0.306442,0.126499
1427,25.8458,0.406514,0,0.53421,0.491107,0.434476,0.331102,0.500054,-0.239637,0.53421,0.491107,0.391028,0.162471
1428,25.8639,0.418229,0,0.520716,0.386015,0.495701,0.367285,0.546588,-0.193807,0.520716,0.386015,0.446131,0.180684
1429,25.882,0.421462,0,0.489732,0.277959,0.52223,0.404957,0.588312,-0.133044,0.489732,0.277959,0.470007,0.179027
1430,25.9002,0.417126,0,0.444515,0.175906,0.511684,0.442549,0.620516,-0.0577891,0.444515,0.175906,0.460516,0.159216
1431,25.9183,0.411213,0,0.391049,0.0904551,0.476817,0.477856,0.637895,0.029532,0.391049,0.0904551,0.429135,0.130521
1432,25.9364,0.40394,0,0.333374,0.0272174,0.422238,0.508126,0.6355,0.123981,0.333374,0.0272174,0.380014,0.0985343
1433,25.9545,0.398547,0,0.276088,-0.0161157,0.358498,0.53035,0.610119,0.218141,0.276088,-0.0161157,0.322648,0.0692839
1434,25.9726,0.394154,0,0.224075,-0.0425117,0.293592,0.541758,0.561691,0.303059,0.224075,-0.0425117,0.264233,0.0460507
1435,25.9907,0.389216,0,0.17816,-0.0570687,0.230524,0.540435,0.494066,0.370074,0.17816,-0.0570687,0.207472,0.0287491
1436,26.0088,0.381181,0,0.13882,-0.0613455,0.168689,0.52585,0.414512,0.412951,0.13882,-0.0613455,0.151821,0.0163923
1437,26.0269,0.369423,0,0.106136,-0.0600172,0.110979,0.499073,0.331967,0.429363,0.106136,-0.0600172,0.0998808,0.00824517
1438,26.0451,0.354202,0,0.0794782,-0.0559254,0.0562258,0.462577,0.254772,0.421028,0.0794782,-0.0559254,0.0506032,0.00312811
1439,26.0632,0.335351,0,0.0586341,-0.0509774,0.00595064,0.419696,0.188893,0.392573,0.0586341,-0.0509774,0.00535557,0.000244237
1440,26.0813,0.31371,0,0.0431218,-0.0451416,-0.040721,0.373958,0.137255,0.349819,0.0431218,-0.0451416,-0.0366489,-0.00122918
1441,26.0994,0.291682,0,0.030431,-0.0392438,-0.0850506,0.328518,0.100104,0.298304,0.030431,-0.0392438,-0.0765455,-0.00181172
1442,26.1175,0.270147,0,0.0213526,-0.0343999,-0.12745,0.285826,0.0759153,0.242445,0.0213526,-0.0343999,-0.114705,-0.00190498
1443,26.1356,0.250744,0,0.0152551,-0.0294134,-0.169992,0.24752,0.0623403,0.185327,0.0152551,-0.0294134,-0.152993,-0.00181527
1444,26.1537,0.233015,1,0.0112957,-0.023263,-0.210482,0.214496,0.0569181,0.128882,0.0112957,-0.023263,-0.189434,-0.00166429
1445,26.1718,0.217636,1,0.00895493,-0.0174004,-0.249474,0.187066,0.0574835,0.0742013,0.00895493,-0.0174004,-0.224526,-0.00156381
1446,26.19,0.203978,1,0.00817463,-0.0120644,-0.285804,0.165134,0.0623387,0.0218477,0.00817463,-0.0120644,-0.257223,-0.00163544
1447,26.2081,0.191535,1,0.00866729,-0.00711233,-0.318699,0.148361,0.0702755,-0.027918,0.00866729,-0.00711233,-0.28683,-0.00193358
1448,26.2262,0.180779,1,0.0100021,-0.00144877,-0.349526,0.136292,0.0805224,-0.0749815,0.0100021,-0.00144877,-0.314574,-0.0024472
1449,26.2443,0.172006,1,0.0118647,0.00420026,-0.378783,0.12845,0.0926652,-0.119283,0.0118647,0.00420026,-0.340905,-0.00314592
1450,26.2624,0.164088,1,0.0145122,0.0113461,-0.404962,0.124396,0.106567,-0.160763,0.0145122,0.0113461,-0.364466,-0.00411383
1451,26.2805,0.157492,1,0.018534,0.0200848,-0.429308,0.123765,0.122302,-0.199333,0.018534,0.0200848,-0.386378,-0.00556977
1452,26.2986,0.152804,1,0.0234508,0.0307348,-0.45282,0.12629,0.140099,-0.23485,0.0234508,0.0307348,-0.407538,-0.00743329
1453,26.3167,0.149317,1,0.0295831,0.0438446,-0.47416,0.131803,0.160303,-0.267097,0.0295831,0.0438446,-0.426744,-0.00981897
1454,26.3348,0.147486,1,0.0371572,0.0595313,-0.494005,0.140238,0.183344,-0.295759,0.0371572,0.0595313,-0.444605,-0.0128491
1455,26.353,0.147865,1,0.0460012,0.0769974,-0.512289,0.151623,0.209706,-0.32039,0.0460012,0.0769974,-0.46106,-0.0164961
1456,26.3711,0.150486,1,0.0564378,0.0978076,-0.5294,0.166074,0.239897,-0.340379,0.0564378,0.0978076,-0.47646,-0.0209147
1457,26.3892,0.155126,1,0.06902,0.122534,-0.544527,0.183776,0.274406,-0.3549,0.06902,0.122534,-0.490074,-0.0263083
1458,26.4073,0.161375,1,0.084332,0.152456,-0.556761,0.204961,0.313633,-0.362863,0.084332,0.152456,-0.501085,-0.0328669
1459,26.4254,0.169305,1,0.102691,0.188233,-0.56552,0.229877,0.357784,-0.362865,0.102691,0.188233,-0.508968,-0.0406517
1460,26.4435,0.178169,1,0.125194,0.231308,-0.569109,0.258733,0.406711,-0.35316,0.125194,0.231308,-0.512198,-0.0498742
1461,26.4616,0.187778,1,0.151994,0.28156,-0.565248,0.291623,0.459688,-0.331676,0.151994,0.28156,-0.508723,-0.0601398
1462,26.4797,0.197364,1,0.183929,0.340324,-0.551936,0.328416,0.515111,-0.296142,0.183929,0.340324,-0.496742,-0.0710619
1463,26.4979,0.205153,1,0.221332,0.408354,-0.524353,0.368605,0.57017,-0.244372,0.221332,0.408354,-0.471918,-0.0812393
1464,26.516,0.209523,1,0.265631,0.485953,-0.478814,0.41113,0.620564,-0.174823,0.265631,0.485953,-0.430933,-0.0890315
1465,26.5341,0.210324,1,0.316412,0.569074,-0.412042,0.454195,0.660463,-0.0874296,0.316412,0.569074,-0.370837,-0.0912624
1466,26.5522,0.206115,1,0.372903,0.651609,-0.318581,0.495165,0.682975,0.0153616,0.372903,0.651609,-0.286723,-0.08316
1467,26.5703,0.193687,1,0.434424,0.723979,-0.190852,0.530621,0.681376,0.1277,0.434424,0.723979,-0.171766,-0.0580373
1468,26.5884,0.174849,1,0.496673,0.774162,-0.029915,0.556714,0.651078,0.240199,0.496673,0.774162,-0.0269235,-0.0104006
1469,26.6065,0.154132,1,0.551662,0.78099,0.153712,0.569833,0.591775,0.341162,0.551662,0.78099,0.138341,0.059358
1470,26.6246,0.138359,1,0.593503,0.733108,0.339441,0.567474,0.508645,0.419241,0.593503,0.733108,0.305497,0.141021
1471,26.6428,0.130685,1,0.61243,0.625856,0.502836,0.549,0.411616,0.466601,0.61243,0.625856,0.452552,0.215566
1472,26.6609,0.133069,1,0.604709,0.473766,0.619893,0.515929,0.31267,0.48101,0.604709,0.473766,0.557904,0.262398
1473,26.679,0.139985,1,0.56811,0.302213,0.673417,0.4716,0.222475,0.465774,0.56811,0.302213,0.606075,0.267803
1474,26.6971,0.144258,1,0.507481,0.1423,0.661892,0.420357,0.147988,0.42778,0.507481,0.1423,0.595702,0.235128
1475,26.7152,0.148568,1,0.432552,0.0119292,0.610441,0.366608,0.0918648,0.374901,0.432552,0.0119292,0.549397,0.184833
1476,26.7333,0.147288,1,0.350241,-0.0809643,0.527904,0.314107,0.0533403,0.31404,0.350241,-0.0809643,0.475113,0.129425
1477,26.7514,0.144587,1,0.269112,-0.137752,0.436438,0.26558,0.0296799,0.250239,0.269112,-0.137752,0.392794,0.0822156
1478,26.7695,0.145277,1,0.19514,-0.169616,0.352662,0.222685,0.0174816,0.186674,0.19514,-0.169616,0.317396,0.0481729
1479,26.7876,0.145921,1,0.131767,-0.182038,0.275665,0.186171,0.0135181,0.125077,0.131767,-0.182038,0.248098,0.0254265
1480,26.8058,0.146492,1,0.0781171,-0.183329,0.20374,0.156116,0.01514,0.0662411,0.0781171,-0.183329,0.183366,0.0111409
1481,26.8239,0.149524,1,0.0331599,-0.182205,0.13782,0.132166,0.0203802,0.0104265,0.0331599,-0.182205,0.124038,0.00319907
1482,26.842,0.154498,1,-0.00275994,-0.180202,0.0790029,0.113737,0.0279014,-0.0423642,-0.00275994,-0.180202,0.0711026,-0.00015263
1483,26.8601,0.161084,1,-0.0312045,-0.178557,0.0268249,0.100158,0.0368827,-0.0922297,-0.0312045,-0.178557,0.0241424,-0.000585941
1484,26.8782,0.168108,1,-0.0531031,-0.176933,-0.0210421,0.0907693,0.0468976,-0.139288,-0.0531031,-0.176933,-0.0189379,0.000782182
1485,26.8963,0.177068,1,-0.0718546,-0.177922,-0.0657718,0.0849821,0.0578083,-0.183639,-0.0718546,-0.177922,-0.0591946,0.0033082
1486,26.9144,0.188293,1,-0.0882288,-0.180981,-0.105158,0.0823097,0.0696836,-0.225351,-0.0882288,-0.180981,-0.094642,0.00649456
1487,26.9325,0.202736,1,-0.102483,-0.189067,-0.140951,0.0823807,0.0827404,-0.26445,-0.102483,-0.189067,-0.126856,0.0101115
1488,26.9507,0.220133,1,-0.115859,-0.20056,-0.173119,0.0849412,0.0973049,-0.300914,-0.115859,-0.20056,-0.155807,0.0140402
1489,26.9688,0.241088,1,-0.129196,-0.215843,-0.201507,0.0898505,0.11379,-0.334668,-0.129196,-0.215843,-0.181356,0.0182237
1490,26.9869,0.265626,0,-0.142668,-0.233789,-0.224511,0.0970756,0.132681,-0.365558,-0.142668,-0.233789,-0.20206,0.0224214
1491,27.005,0.294417,0,-0.157389,-0.255102,-0.243317,0.106684,0.154535,-0.393342,-0.157389,-0.255102,-0.218986,0.0268068
1492,27.0231,0.328102,0,-0.174416,-0.280765,-0.260559,0.118838,0.179971,-0.417644,-0.174416,-0.280765,-0.234503,0.031812
1493,27.0412,0.367241,0,-0.192981,-0.310845,-0.273933,0.133787,0.209662,-0.437923,-0.192981,-0.310845,-0.24654,0.0370047
1494,27.0593,0.413289,0,-0.214763,-0.345294,-0.279133,0.151862,0.244315,-0.453404,-0.214763,-0.345294,-0.25122,0.0419632
1495,27.0774,0.466662,0,-0.239091,-0.385153,-0.277221,0.173463,0.284625,-0.463014,-0.239091,-0.385153,-0.249499,0.0463967
1496,27.0956,0.527731,0,-0.266114,-0.429808,-0.265218,0.199032,0.331186,-0.465289,-0.266114,-0.429808,-0.238696,0.0494048
1497,27.1137,0.596824,0,-0.296947,-0.47858,-0.240768,0.229022,0.384344,-0.458289,-0.296947,-0.47858,-0.216691,0.0500467
1498,27.1318,0.672568,0,-0.331481,-0.528973,-0.202722,0.263824,0.443949,-0.43953,-0.331481,-0.528973,-0.18245,0.047039
1499,27.1499,0.750713,0,-0.368568,-0.574561,-0.15155,0.303655,0.508992,-0.405991,-0.368568,-0.574561,-0.136395,0.0390995
1500,27.168,0.829009,0,-0.407031,-0.6143,-0.0865968,0.348392,0.577104,-0.354299,-0.407031,-0.6143,-0.0779371,0.0246733
1501,27.1861,0.902043,0,-0.444247,-0.643074,-0.00503625,0.397333,0.643979,-0.281224,-0.444247,-0.643074,-0.00453262,0.00156614
1502,27.2042,0.962065,0,-0.478383,-0.654194,0.0894132,0.448901,0.702912,-0.184655,-0.478383,-0.654194,0.0804719,-0.0299417
1503,27.2223,0.999257,0,-0.505958,-0.640824,0.185558,0.500361,0.744825,-0.0651184,-0.505958,-0.640824,0.167002,-0.0657193
1504,27.2404,1.00747,0,-0.524251,-0.602196,0.277743,0.54768,0.759355,0.0724207,-0.524251,-0.602196,0.249969,-0.101925
1505,27.2586,0.983816,0,-0.529826,-0.542981,0.357707,0.585749,0.737434,0.217306,-0.529826,-0.542981,0.321936,-0.132666
1506,27.2767,0.929071,0,-0.522808,-0.466949,0.41819,0.609153,0.674995,0.353797,-0.522808,-0.466949,0.376371,-0.153043
1507,27.2948,0.848672,0,-0.501607,-0.381514,0.45103,0.61346,0.576182,0.464475,-0.501607,-0.381514,0.405927,-0.158368
1508,27.3129,0.75397,0,-0.469075,-0.296703,0.454,0.596614,0.453667,0.535641,-0.469075,-0.296703,0.4086,-0.149072
1509,27.331,0.656383,0,-0.427177,-0.223489,0.429307,0.55977,0.325025,0.561909,-0.427177,-0.223489,0.386377,-0.128373
1510,27.3491,0.563658,0,-0.381335,-0.165597,0.388555,0.507054,0.206881,0.547161,-0.381335,-0.165597,0.349699,-0.103719
1511,27.3672,0.478733,0,-0.334775,-0.122996,0.340065,0.444378,0.110219,0.501579,-0.334775,-0.122996,0.306058,-0.0796917
1512,27.3853,0.402573,0,-0.290116,-0.0941162,0.28805,0.377912,0.0390095,0.437088,-0.290116,-0.0941162,0.259245,-0.0584974
1513,27.4035,0.335701,0,-0.249564,-0.0779009,0.23383,0.312875,-0.00829943,0.363842,-0.249564,-0.0779009,0.210447,-0.0408489
1514,27.4216,0.277671,0,-0.214261,-0.070756,0.180038,0.252946,-0.0362072,0.288794,-0.214261,-0.070756,0.162034,-0.0270025
1515,27.4397,0.228403,1,-0.185014,-0.0704167,0.12824,0.200223,-0.0499765,0.215861,-0.185014,-0.0704167,0.115416,-0.0166084
1516,27.4578,0.187816,1,-0.161736,-0.0725437,0.0771454,0.155506,-0.0543521,0.1468,-0.161736,-0.0725437,0.0694309,-0.00873401
1517,27.4759,0.154952,1,-0.142647,-0.077734,0.0261559,0.11868,-0.0530573,0.0820945,-0.142647,-0.077734,0.0235404,-0.00261175
1518,27.494,0.129585,1,-0.128146,-0.0854036,-0.0213575,0.0890799,-0.0487543,0.0216118,-0.128146,-0.0854036,-0.0192217,0.00191581
1519,27.5121,0.111697,1,-0.118057,-0.0948333,-0.0662234,0.0657624,-0.043209,-0.03501,-0.118057,-0.0948333,-0.0596011,0.00547269
1520,27.5302,0.100579,1,-0.111673,-0.104926,-0.108219,0.0477038,-0.0375086,-0.0881671,-0.111673,-0.104926,-0.0973975,0.00845964
1521,27.5484,0.0957144,1,-0.108587,-0.116446,-0.147703,0.0339158,-0.0322631,-0.138213,-0.108587,-0.116446,-0.132933,0.011227
1522,27.5665,0.0964501,1,-0.108359,-0.130311,-0.183733,0.0235104,-0.0277667,-0.185438,-0.108359,-0.130311,-0.16536,0.0139365
1523,27.5846,0.101142,1,-0.110328,-0.145014,-0.216548,0.0157274,-0.0241177,-0.230076,-0.110328,-0.145014,-0.194894,0.0167239
1524,27.6027,0.108342,1,-0.113903,-0.159819,-0.246036,0.00993766,-0.0213025,-0.272317,-0.113903,-0.159819,-0.221432,0.019617
1525,27.6208,0.118395,1,-0.119805,-0.176615,-0.2729,0.00563482,-0.0192517,-0.312318,-0.119805,-0.176615,-0.24561,0.0228864
1526,27.6389,0.131985,1,-0.128609,-0.19743,-0.296815,0.00241905,-0.0178755,-0.350216,-0.128609,-0.19743,-0.267133,0.0267211
1527,27.657,0.148634,1,-0.140053,-0.22176,-0.317026,-2.05648e-05,-0.0170856,-0.38613,-0.140053,-0.22176,-0.285324,0.0310802
1528,27.6751,0.168333,1,-0.154271,-0.249669,-0.333145,-0.00192366,-0.0168064,-0.42017,-0.154271,-0.249669,-0.299831,0.0359763
1529,27.6932,0.191171,1,-0.171156,-0.281607,-0.345218,-0.00347446,-0.0169815,-0.452433,-0.171156,-0.281607,-0.310696,0.0413603
1530,27.7114,0.217924,1,-0.191248,-0.318406,-0.351805,-0.00481553,-0.0175756,-0.483015,-0.191248,-0.318406,-0.316625,0.0470975
1531,27.7295,0.249695,1,-0.215076,-0.361034,-0.350514,-0.00605927,-0.0185757,-0.512001,-0.215076,-0.361034,-0.315463,0.052771
1532,27.7476,0.286539,0,-0.242769,-0.408393,-0.339445,-0.00729746,-0.019991,-0.539473,-0.242769,-0.408393,-0.305501,0.0576846
1533,27.7657,0.328577,0,-0.274184,-0.460089,-0.3179,-0.00860896,-0.0218532,-0.565506,-0.274184,-0.460089,-0.28611,0.0610141
1534,27.7838,0.376777,0,-0.309911,-0.515927,-0.283255,-0.0100663,-0.0242174,-0.590171,-0.309911,-0.515927,-0.254929,0.0614485
1535,27.8019,0.430114,0,-0.349099,-0.571988,-0.233598,-0.0117411,-0.0271636,-0.613531,-0.349099,-0.571988,-0.210238,0.0570842
1536,27.82,0.488442,0,-0.391425,-0.624621,-0.166142,-0.0137092,-0.0308001,-0.635646,-0.391425,-0.624621,-0.149528,0.0455225
1537,27.8381,0.550011,0,-0.435038,-0.666945,-0.0795274,-0.0160551,-0.0352675,-0.656565,-0.435038,-0.666945,-0.0715746,0.0242182
1538,27.8563,0.612398,0,-0.476854,-0.692097,0.0244482,-0.0188771,-0.0407447,-0.67633,-0.476854,-0.692097,0.0220034,-0.00816075
1539,27.8744,0.672384,0,-0.513179,-0.694091,0.140014,-0.0222923,-0.0474568,-0.694969,-0.513179,-0.694091,0.126013,-0.0502965
1540,27.8925,0.725163,0,-0.54124,-0.666077,0.257034,-0.0264424,-0.0556848,-0.712496,-0.54124,-0.666077,0.23133,-0.0973818
1541,27.9106,0.765447,0,-0.554697,-0.606759,0.362582,-0.0315004,-0.0657783,-0.7289,-0.554697,-0.606759,0.326324,-0.140786
1542,27.9287,0.790721,0,-0.553587,-0.521088,0.44472,-0.0376793,-0.0781708,-0.744138,-0.553587,-0.521088,0.400248,-0.172334
1543,27.9468,0.798524,0,-0.53519,-0.419942,0.493376,-0.045241,-0.0933982,-0.758119,-0.53519,-0.419942,0.444039,-0.184835
1544,27.9649,0.789719,0,-0.501976,-0.317242,0.505511,-0.0545085,-0.11212,-0.770681,-0.501976,-0.317242,0.45496,-0.177628
1545,27.983,0.767656,0,-0.456057,-0.225432,0.486314,-0.0658793,-0.135144,-0.781557,-0.456057,-0.225432,0.437683,-0.155251
1546,28.0012,0.737492,0,-0.403496,-0.151406,0.445309,-0.0798409,-0.163451,-0.790322,-0.403496,-0.151406,0.400778,-0.125777
1547,28.0193,0.702672,0,-0.34931,-0.0966018,0.389961,-0.0969881,-0.198212,-0.796317,-0.34931,-0.0966018,0.350965,-0.095352
1548,28.0374,0.666892,0,-0.296527,-0.05942,0.328182,-0.118039,-0.240801,-0.79853,-0.296527,-0.05942,0.295363,-0.0681202
1549,28.0555,0.63159,0,-0.248272,-0.0384556,0.263405,-0.143847,-0.292759,-0.795435,-0.248272,-0.0384556,0.237064,-0.0457773
1550,28.0736,0.599506,0,-0.205468,-0.0287881,0.200349,-0.175401,-0.355707,-0.78476,-0.205468,-0.0287881,0.180315,-0.0288158
1551,28.0917,0.572511,0,-0.169288,-0.026439,0.141012,-0.213793,-0.43111,-0.763183,-0.169288,-0.026439,0.126911,-0.0167101
1552,28.1098,0.552161,0,-0.139896,-0.027725,0.0852055,-0.260135,-0.519813,-0.72599,-0.139896,-0.027725,0.0766849,-0.00834393
1553,28.1279,0.53989,0,-0.116208,-0.0324647,0.0319157,-0.31537,-0.621192,-0.666781,-0.116208,-0.0324647,0.0287241,-0.00259619
1554,28.146,0.538746,0,-0.0990398,-0.0399209,-0.0178573,-0.379914,-0.731754,-0.577515,-0.0990398,-0.0399209,-0.0160716,0.00123801
1555,28.1642,0.552521,0,-0.0860527,-0.0477611,-0.0640874,-0.453052,-0.843164,-0.449424,-0.0860527,-0.0477611,-0.0576786,0.00386042
1556,28.1823,0.58284,0,-0.0764838,-0.055336,-0.106492,-0.532067,-0.940173,-0.275654,-0.0764838,-0.055336,-0.0958425,0.00570142
1557,28.2004,0.626444,0,-0.0701858,-0.0638535,-0.146764,-0.61125,-1,-0.0563521,-0.0701858,-0.0638535,-0.132088,0.00721055
1558,28.2185,0.676591,0,-0.0668765,-0.073202,-0.185075,-0.681331,-0.996026,0.194624,-0.0668765,-0.073202,-0.166567,0.008664
1559,28.2366,0.723246,0,-0.0657644,-0.0826056,-0.222254,-0.730305,-0.908162,0.445653,-0.0657644,-0.0826056,-0.200028,0.0102315
1560,28.2547,0.754359,0,-0.0667468,-0.0920488,-0.257571,-0.746455,-0.737017,0.653026,-0.0667468,-0.0920488,-0.231814,0.0120344
1561,28.2728,0.7612,0,-0.0689293,-0.102668,-0.290824,-0.72291,-0.510975,0.778694,-0.0689293,-0.102668,-0.261742,0.0140324
1562,28.2909,0.741821,0,-0.072716,-0.113984,-0.321273,-0.66112,-0.276052,0.809395,-0.072716,-0.113984,-0.289146,0.0163532
1563,28.3091,0.701642,0,-0.0782142,-0.127488,-0.348936,-0.570527,-0.073917,0.760867,-0.0782142,-0.127488,-0.314042,0.0191042
1564,28.3272,0.650699,0,-0.0855214,-0.143082,-0.37426,-0.464628,0.0741792,0.664635,-0.0855214,-0.143082,-0.336834,0.022405
1565,28.3453,0.599024,0,-0.0941237,-0.160803,-0.397655,-0.356275,0.167931,0.55087,-0.0941237,-0.160803,-0.35789,0.0262001
1566,28.3634,0.553174,0,-0.104587,-0.181738,-0.417971,-0.254791,0.218838,0.439341,-0.104587,-0.181738,-0.376174,0.0305999
1567,28.3815,0.51731,0,-0.117423,-0.207256,-0.435055,-0.165361,0.241107,0.33922,-0.117423,-0.207256,-0.391549,0.0357598
1568,28.3996,0.49298,0,-0.133284,-0.237411,-0.44922,-0.089816,0.246782,0.252747,-0.133284,-0.237411,-0.404298,0.0419117
1569,28.4177,0.479789,0,-0.15223,-0.273605,-0.458913,-0.0277921,0.244435,0.178851,-0.15223,-0.273605,-0.413022,0.0489022
1570,28.4358,0.476477,0,-0.174865,-0.316032,-0.46209,0.0222631,0.239573,0.115436,-0.174865,-0.316032,-0.415881,0.0565622
1571,28.454,0.48288,0,-0.201827,-0.365737,-0.457441,0.0623986,0.235483,0.0604768,-0.201827,-0.365737,-0.411697,0.0646268
1572,28.4721,0.498481,0,-0.233695,-0.422789,-0.441683,0.094742,0.234005,0.0124107,-0.233695,-0.422789,-0.397515,0.0722534
1573,28.4902,0.523706,0,-0.270613,-0.486875,-0.41263,0.121279,0.236091,-0.0298166,-0.270613,-0.486875,-0.371367,0.0781643
1574,28.5083,0.558528,0,-0.313042,-0.555798,-0.367558,0.143754,0.242171,-0.0668203,-0.313042,-0.555798,-0.330802,0.0805426
1575,28.5264,0.602606,0,-0.360477,-0.626535,-0.30429,0.163644,0.252386,-0.0988689,-0.360477,-0.626535,-0.273861,0.0767827
1576,28.5445,0.653847,0,-0.412033,-0.693129,-0.216359,0.182166,0.266715,-0.125961,-0.412033,-0.693129,-0.194724,0.0624031
1577,28.5626,0.709001,0,-0.46539,-0.745914,-0.103,0.200306,0.285047,-0.147877,-0.46539,-0.745914,-0.0927001,0.0335547
1578,28.5807,0.763214,0,-0.515571,-0.773898,0.0341949,0.218841,0.307193,-0.164215,-0.515571,-0.773898,0.0307754,-0.0123409
1579,28.5988,0.811948,0,-0.55888,-0.768164,0.186005,0.238367,0.33287,-0.174412,-0.55888,-0.768164,0.167404,-0.072768
1580,28.617,0.846998,0,-0.589862,-0.718095,0.337283,0.259307,0.361652,-0.177766,-0.589862,-0.718095,0.303554,-0.139265
1581,28.6351,0.861219,0,-0.602398,-0.62423,0.465702,0.28191,0.392894,-0.17348,-0.602398,-0.62423,0.419132,-0.196377
1582,28.6532,0.849533,0,-0.59085,-0.496411,0.553534,0.306238,0.425645,-0.160724,-0.59085,-0.496411,0.498181,-0.228939
1583,28.6713,0.814797,0,-0.55756,-0.357833,0.591757,0.332131,0.458553,-0.138754,-0.55756,-0.357833,0.532582,-0.230958
1584,28.6894,0.762231,0,-0.506013,-0.229021,0.584118,0.359171,0.489794,-0.107078,-0.506013,-0.229021,0.525706,-0.2069
1585,28.7075,0.699079,0,-0.441526,-0.124091,0.541917,0.386639,0.517066,-0.0656956,-0.441526,-0.124091,0.487725,-0.167489
1586,28.7256,0.632763,0,-0.373549,-0.0455824,0.476077,0.413491,0.537691,-0.0153767,-0.373549,-0.0455824,0.428469,-0.124487
1587,28.7437,0.571865,0,-0.305748,0.00478806,0.40448,0.438372,0.548884,0.0420773,-0.305748,0.00478806,0.364032,-0.0865682
1588,28.7619,0.51932,0,-0.243102,0.0343716,0.32985,0.45969,0.548194,0.103685,-0.243102,0.0343716,0.296865,-0.0561311
1589,28.78,0.477589,0,-0.188321,0.0492053,0.255682,0.475774,0.534072,0.165375,-0.188321,0.0492053,0.230114,-0.0337053
1590,28.7981,0.446048,0,-0.140517,0.0546789,0.184864,0.485104,0.506415,0.222404,-0.140517,0.0546789,0.166378,-0.0181836
1591,28.8162,0.424085,0,-0.101999,0.0535109,0.120891,0.486578,0.466869,0.270077,-0.101999,0.0535109,0.108802,-0.0086316
1592,28.8343,0.408011,0,-0.0715435,0.0484011,0.0630172,0.479751,0.418717,0.304596,-0.0715435,0.0484011,0.0567155,-0.00315593
1593,28.8524,0.392991,0,-0.0464056,0.0443829,0.0103949,0.464965,0.366299,0.323758,-0.0464056,0.0443829,0.00935538,-0.000337666
1594,28.8705,0.377654,0,-0.0266938,0.0423118,-0.0375296,0.443318,0.314166,0.327233,-0.0266938,0.0423118,-0.0337766,0.000701263
1595,28.8886,0.361778,0,-0.0116529,0.0404258,-0.0815605,0.416488,0.266245,0.316373,-0.0116529,0.0404258,-0.0734045,0.000665292
1596,28.9068,0.344871,0,0.000698688,0.0394783,-0.122844,0.386456,0.225285,0.293659,0.000698688,0.0394783,-0.11056,-6.00809e-05
1597,28.9249,0.32733,0,0.011482,0.0411273,-0.162582,0.355216,0.192706,0.262043,0.011482,0.0411273,-0.146324,-0.00130673
1598,28.943,0.310126,0,0.0213571,0.0457594,-0.201608,0.324545,0.16877,0.224398,0.0213571,0.0457594,-0.181447,-0.00301403
1599,28.9611,0.29397,0,0.0301852,0.0523513,-0.239369,0.295865,0.152927,0.183187,0.0301852,0.0523513,-0.215432,-0.00505779
1600,28.9792,0.278437,0,0.0382416,0.0613029,-0.274276,0.270195,0.144191,0.140342,0.0382416,0.0613029,-0.246848,-0.00734212
1601,28.9973,0.263305,0,0.0466495,0.0719951,-0.305895,0.248171,0.14144,0.097286,0.0466495,0.0719951,-0.275305,-0.00998887
1602,29.0154,0.24908,1,0.055749,0.0851953,-0.335231,0.230118,0.143621,0.0550304,0.055749,0.0851953,-0.301708,-0.0130821
1603,29.0335,0.234558,1,0.065805,0.102312,-0.360135,0.216124,0.149863,0.014293,0.065805,0.102312,-0.324121,-0.0165891
1604,29.0516,0.219993,1,0.0771326,0.122747,-0.381048,0.206127,0.159517,-0.0243981,0.0771326,0.122747,-0.342943,-0.0205739
1605,29.0698,0.205979,1,0.0907205,0.146844,-0.399302,0.199975,0.172149,-0.0606204,0.0907205,0.146844,-0.359372,-0.0253574
1606,29.0879,0.193227,1,0.106369,0.174932,-0.415784,0.197487,0.187519,-0.0939941,0.106369,0.174932,-0.374206,-0.0309586
1607,29.106,0.18058,1,0.124966,0.207883,-0.428136,0.198485,0.205539,-0.124135,0.124966,0.207883,-0.385322,-0.0374517
1608,29.1241,0.167143,1,0.147189,0.248566,-0.433842,0.202817,0.226228,-0.150617,0.147189,0.248566,-0.390458,-0.0446996
1609,29.1422,0.153796,1,0.173702,0.2962,-0.432655,0.21037,0.249666,-0.172944,0.173702,0.2962,-0.389389,-0.0526072
1610,29.1603,0.141182,1,0.204659,0.351097,-0.422645,0.221068,0.275943,-0.190524,0.204659,0.351097,-0.38038,-0.0605488
1611,29.1784,0.130597,1,0.240266,0.412934,-0.401419,0.234859,0.305101,-0.20265,0.240266,0.412934,-0.361277,-0.0675132
1612,29.1965,0.122333,1,0.280419,0.478476,-0.363642,0.251701,0.337059,-0.208488,0.280419,0.478476,-0.327278,-0.0713804
1613,29.2147,0.120186,1,0.325123,0.546664,-0.306026,0.271524,0.371528,-0.207086,0.325123,0.546664,-0.275423,-0.0696473
1614,29.2328,0.127942,1,0.374679,0.612731,-0.223443,0.294193,0.407909,-0.197408,0.374679,0.612731,-0.201098,-0.0586035
1615,29.2509,0.147248,1,0.426626,0.667631,-0.11461,0.31945,0.445172,-0.178413,0.426626,0.667631,-0.103149,-0.034227
1616,29.269,0.176032,1,0.477502,0.701431,0.0170065,0.346846,0.481744,-0.14921,0.477502,0.701431,0.0153059,0.00568445
1617,29.2871,0.20859,1,0.522208,0.699516,0.164899,0.375674,0.515441,-0.109279,0.522208,0.699516,0.14841,0.0602783
1618,29.3052,0.240803,1,0.554225,0.657282,0.313654,0.404902,0.543487,-0.0587856,0.554225,0.657282,0.282289,0.121684
1619,29.3233,0.266158,0,0.568375,0.570589,0.441711,0.433137,0.562703,0.0010647,0.568375,0.570589,0.39754,0.17574
1620,29.3414,0.284092,0,0.561573,0.451842,0.534198,0.458657,0.569913,0.0677288,0.561573,0.451842,0.480778,0.209994
1621,29.3596,0.293525,0,0.533316,0.319436,0.58046,0.479527,0.56258,0.137223,0.533316,0.319436,0.522414,0.216698
1622,29.3777,0.294949,0,0.485476,0.192184,0.5789,0.493816,0.539537,0.204384,0.485476,0.192184,0.52101,0.196729
1623,29.3958,0.295162,0,0.425395,0.082068,0.546079,0.499913,0.501587,0.263568,0.425395,0.082068,0.491471,0.16261
1624,29.4139,0.291669,0,0.358028,-0.000563936,0.486931,0.496847,0.451674,0.309667,0.358028,-0.000563936,0.438238,0.122034
1625,29.432,0.286583,0,0.290128,-0.0562814,0.412881,0.484526,0.394452,0.339137,0.290128,-0.0562814,0.371593,0.0838517
1626,29.4501,0.281741,0,0.226308,-0.0907245,0.336488,0.463808,0.335336,0.350635,0.226308,-0.0907245,0.302839,0.0533049
1627,29.4682,0.275512,0,0.17075,-0.10906,0.265755,0.436357,0.279384,0.345036,0.17075,-0.10906,0.23918,0.0317645
1628,29.4863,0.267548,0,0.122919,-0.115259,0.198214,0.404348,0.230424,0.324889,0.122919,-0.115259,0.178392,0.0170549
1629,29.5044,0.258193,0,0.0837727,-0.114529,0.135903,0.370107,0.190658,0.293589,0.0837727,-0.114529,0.122313,0.00796949
1630,29.5226,0.248769,1,0.0516143,-0.110841,0.0781496,0.335787,0.160755,0.254611,0.0516143,-0.110841,0.0703346,0.00282355
1631,29.5407,0.239322,1,0.0256617,-0.106113,0.0262666,0.303161,0.14025,0.210995,0.0256617,-0.106113,0.0236399,0.000471832
1632,29.5588,0.23088,1,0.00558428,-0.102125,-0.0223756,0.273527,0.128018,0.165126,0.00558428,-0.102125,-0.0201381,-8.74663e-05
1633,29.5769,0.224112,1,-0.0102819,-0.0987787,-0.0685291,0.247715,0.122693,0.118733,-0.0102819,-0.0987787,-0.0616762,0.000493225
1634,29.595,0.219003,1,-0.0226707,-0.0970751,-0.110191,0.226158,0.122952,0.0730016,-0.0226707,-0.0970751,-0.0991722,0.00174868
1635,29.6131,0.216685,1,-0.0325055,-0.0970473,-0.15026,0.208989,0.127676,0.0287269,-0.0325055,-0.0970473,-0.135234,0.00341899
1636,29.6312,0.217422,1,-0.0410701,-0.098168,-0.188785,0.196138,0.136018,-0.0135513,-0.0410701,-0.098168,-0.169907,0.00542739
1637,29.6493,0.221562,1,-0.0482856,-0.101761,-0.22558,0.18742,0.147398,-0.0534399,-0.0482856,-0.101761,-0.203022,0.0076246
1638,29.6675,0.229228,1,-0.0551896,-0.107874,-0.259545,0.182602,0.161483,-0.0906129,-0.0551896,-0.107874,-0.23359,0.0100269
1639,29.6856,0.241062,1,-0.0627094,-0.117354,-0.290292,0.181452,0.178138,-0.124756,-0.0627094,-0.117354,-0.261263,0.0127428
1640,29.7037,0.257348,0,-0.0707945,-0.129682,-0.319573,0.18377,0.19738,-0.155525,-0.0707945,-0.129682,-0.287615,0.0158368
1641,29.7218,0.278402,0,-0.0798326,-0.144249,-0.349372,0.189408,0.21933,-0.182512,-0.0798326,-0.144249,-0.314435,0.0195239
1642,29.7399,0.303626,0,-0.0899687,-0.161152,-0.376099,0.19827,0.244168,-0.205218,-0.0899687,-0.161152,-0.338489,0.023686
1643,29.758,0.333662,0,-0.101598,-0.181515,-0.398971,0.210312,0.272076,-0.223022,-0.101598,-0.181515,-0.359074,0.0283743
1644,29.7761,0.368684,0,-0.115138,-0.204942,-0.418291,0.22553,0.303185,-0.235162,-0.115138,-0.204942,-0.376462,0.0337128
1645,29.7942,0.409309,0,-0.130572,-0.232563,-0.434082,0.243928,0.337489,-0.240713,-0.130572,-0.232563,-0.390674,0.0396752
1646,29.8124,0.455886,0,-0.148194,-0.264999,-0.446125,0.265493,0.374756,-0.23859,-0.148194,-0.264999,-0.401512,0.0462791
1647,29.8305,0.509163,0,-0.169387,-0.303815,-0.452844,0.29014,0.4144,-0.227579,-0.169387,-0.303815,-0.40756,0.053694
1648,29.8486,0.569031,0,-0.195,-0.349973,-0.451483,0.317647,0.455338,-0.206419,-0.195,-0.349973,-0.406334,0.0616273
1649,29.8667,0.634896,0,-0.224892,-0.404047,-0.441843,0.347579,0.495843,-0.173973,-0.224892,-0.404047,-0.397658,0.0695569
1650,29.8848,0.705048,0,-0.260103,-0.466026,-0.418718,0.379198,0.533434,-0.12949,-0.260103,-0.466026,-0.376846,0.0762367
1651,29.9029,0.775341,0,-0.300153,-0.532839,-0.376643,0.411378,0.564879,-0.072996,-0.300153,-0.532839,-0.338978,0.0791353
1652,29.921,0.842004,0,-0.345361,-0.601455,-0.314155,0.442554,0.586394,-0.00574385,-0.345361,-0.601455,-0.282739,0.0759478
1653,29.9391,0.900061,0,-0.394935,-0.667743,-0.228246,0.470744,0.594141,0.0693794,-0.394935,-0.667743,-0.205422,0.0630996
1654,29.9572,0.942832,0,-0.446572,-0.722949,-0.120477,0.493684,0.585027,0.147692,-0.446572,-0.722949,-0.108429,0.0376612
1655,29.9754,0.962531,0,-0.496368,-0.754729,0.00839311,0.509108,0.557652,0.223035,-0.496368,-0.754729,0.0075538,-0.00291625
1656,29.9935,0.957333,0,-0.540858,-0.758278,0.154627,0.515128,0.513094,0.288668,-0.540858,-0.758278,0.139165,-0.058542
1657,30.0116,0.923752,0,-0.574526,-0.720028,0.30067,0.510647,0.455095,0.338605,-0.574526,-0.720028,0.270603,-0.12092
1658,30.0297,0.863108,0,-0.590419,-0.636017,0.430097,0.495652,0.389447,0.368917,-0.590419,-0.636017,0.387087,-0.177756
1659,30.0478,0.784575,0,-0.585174,-0.519425,0.524769,0.471276,0.322706,0.378476,-0.585174,-0.519425,0.472292,-0.214957
1660,30.0659,0.6961,0,-0.557198,-0.386217,0.572576,0.439591,0.260754,0.368848,-0.557198,-0.386217,0.515318,-0.223327
1661,30.084,0.607967,0,-0.511594,-0.259991,0.574147,0.403212,0.207759,0.343471,-0.511594,-0.259991,0.516732,-0.205611
1662,30.1021,0.523509,0,-0.451964,-0.154134,0.536018,0.364839,0.16582,0.306564,-0.451964,-0.154134,0.482416,-0.169582
1663,30.1203,0.446681,0,-0.386703,-0.0738654,0.475826,0.326888,0.135224,0.26219,-0.386703,-0.0738654,0.428244,-0.128802
1664,30.1384,0.379113,0,-0.321628,-0.0188312,0.407689,0.291264,0.115018,0.213709,-0.321628,-0.0188312,0.36692,-0.0917869
1665,30.1565,0.320329,0,-0.260285,0.0157853,0.337281,0.259286,0.103625,0.163611,-0.260285,0.0157853,0.303553,-0.0614525
1666,30.1746,0.269495,0,-0.204977,0.0351574,0.265427,0.231729,0.0993226,0.113592,-0.204977,0.0351574,0.238884,-0.0380845
1667,30.1927,0.226833,1,-0.156465,0.0418756,0.196668,0.208926,0.100549,0.0647369,-0.156465,0.0418756,0.177001,-0.0215402
1668,30.2108,0.193788,1,-0.117127,0.0419768,0.134671,0.190896,0.106046,0.0177169,-0.117127,0.0419768,0.121204,-0.0110416
1669,30.2289,0.169788,1,-0.0862964,0.0381398,0.0779622,0.177456,0.114899,-0.0270478,-0.0862964,0.0381398,0.070166,-0.0047095
1670,30.247,0.152377,1,-0.0604552,0.0342784,0.0245863,0.168322,0.126517,-0.0692707,-0.0604552,0.0342784,0.0221276,-0.00104046
1671,30.2652,0.142076,1,-0.0402903,0.0303392,-0.0250527,0.163183,0.140588,-0.108719,-0.0402903,0.0303392,-0.0225474,0.000706566
1672,30.2833,0.138258,1,-0.0249806,0.0270779,-0.0703715,0.161747,0.157021,-0.145161,-0.0249806,0.0270779,-0.0633343,0.00123055
1673,30.3014,0.13902,1,-0.0123197,0.024988,-0.113536,0.163777,0.175892,-0.178327,-0.0123197,0.024988,-0.102182,0.00097911
1674,30.3195,0.143046,1,-0.0015387,0.0257237,-0.155014,0.169102,0.197401,-0.207878,-0.0015387,0.0257237,-0.139513,0.000166964
1675,30.3376,0.150825,1,0.00737775,0.0272812,-0.19578,0.17763,0.22182,-0.233379,0.00737775,0.0272812,-0.176202,-0.00101109
1676,30.3557,0.161677,1,0.0146884,0.0314795,-0.234155,0.189334,0.249455,-0.254265,0.0146884,0.0314795,-0.21074,-0.00240756
1677,30.3738,0.175494,1,0.0217287,0.037522,-0.270432,0.20425,0.280586,-0.269813,0.0217287,0.037522,-0.243389,-0.00411329
1678,30.3919,0.192178,1,0.0288707,0.0457259,-0.303543,0.222448,0.315406,-0.279108,0.0288707,0.0457259,-0.273189,-0.00613444
1679,30.41,0.211855,1,0.0365221,0.0560338,-0.334497,0.244008,0.353923,-0.281027,0.0365221,0.0560338,-0.301048,-0.00855159
1680,30.4282,0.234558,1,0.0445014,0.068688,-0.361627,0.268968,0.395841,-0.274232,0.0445014,0.068688,-0.325464,-0.011265
1681,30.4463,0.259677,0,0.0535656,0.0845518,-0.384822,0.297264,0.440395,-0.257218,0.0535656,0.0845518,-0.346339,-0.0144293
1682,30.4644,0.28738,0,0.06413,0.103827,-0.406236,0.328648,0.486158,-0.22843,0.06413,0.103827,-0.365612,-0.0182363
1683,30.4825,0.317865,0,0.0763851,0.12621,-0.426237,0.36258,0.530851,-0.186502,0.0763851,0.12621,-0.383613,-0.0227907
1684,30.5006,0.350347,0,0.0906658,0.152337,-0.444086,0.398114,0.571214,-0.130641,0.0906658,0.152337,-0.399677,-0.0281844
1685,30.5187,0.383275,0,0.107198,0.182853,-0.458003,0.433793,0.603045,-0.061174,0.107198,0.182853,-0.412203,-0.0343678
1686,30.5368,0.413312,0,0.127822,0.22064,-0.466244,0.467602,0.621573,0.0198455,0.127822,0.22064,-0.419619,-0.0417172
1687,30.5549,0.438947,0,0.152623,0.26565,-0.46826,0.497029,0.622243,0.108149,0.152623,0.26565,-0.421434,-0.050027
1688,30.5731,0.458274,0,0.181351,0.317913,-0.462457,0.519306,0.601902,0.197226,0.181351,0.317913,-0.416212,-0.0587069
1689,30.5912,0.4692,0,0.214634,0.377458,-0.446557,0.531825,0.560051,0.279042,0.214634,0.377458,-0.401901,-0.0670925
1690,30.6093,0.469979,0,0.253343,0.444581,-0.417063,0.532679,0.499624,0.345553,0.253343,0.444581,-0.375356,-0.073962
1691,30.6274,0.460339,0,0.297305,0.515219,-0.369564,0.521149,0.426743,0.390569,0.297305,0.515219,-0.332608,-0.0769114
1692,30.6455,0.44179,0,0.346279,0.588378,-0.299712,0.497952,0.34936,0.411203,0.346279,0.588378,-0.269741,-0.0726488
1693,30.6636,0.416757,0,0.400197,0.656112,-0.201529,0.465137,0.275299,0.408244,0.400197,0.656112,-0.181376,-0.0564558
1694,30.6817,0.392269,0,0.455356,0.708556,-0.0758835,0.425648,0.210564,0.385361,0.455356,0.708556,-0.0682952,-0.0241878
1695,30.6998,0.374276,0,0.507565,0.73197,0.0723282,0.382739,0.158514,0.34767,0.507565,0.73197,0.0650954,0.0256979
1696,30.718,0.365798,0,0.55046,0.713681,0.233854,0.339443,0.119986,0.300352,0.55046,0.713681,0.210469,0.090109
1697,30.7361,0.366656,0,0.577334,0.64732,0.386468,0.298209,0.0940037,0.247757,0.577334,0.64732,0.347821,0.156185
1698,30.7542,0.371978,0,0.583482,0.537223,0.51033,0.260766,0.078625,0.193082,0.583482,0.537223,0.459297,0.208438
1699,30.7723,0.376512,0,0.566592,0.398932,0.589671,0.228142,0.0716349,0.138438,0.566592,0.398932,0.530703,0.233872
1700,30.7904,0.374821,0,0.525974,0.256683,0.615421,0.200786,0.0709862,0.0850987,0.525974,0.256683,0.553879,0.226587
1701,30.8085,0.365749,0,0.468196,0.126691,0.5949,0.178731,0.075013,0.0337793,0.468196,0.126691,0.53541,0.194971
1702,30.8266,0.353044,0,0.399981,0.0226346,0.544841,0.161742,0.0824901,-0.0151415,0.399981,0.0226346,0.490357,0.152548
1703,30.8447,0.33453,0,0.327037,-0.0518361,0.470825,0.149445,0.0926061,-0.0614615,0.327037,-0.0518361,0.423743,0.107784
1704,30.8628,0.315554,0,0.256153,-0.0971791,0.389642,0.14142,0.104901,-0.105054,0.256153,-0.0971791,0.350677,0.0698654
1705,30.881,0.301786,0,0.192729,-0.124249,0.313416,0.137265,0.119193,-0.145806,0.192729,-0.124249,0.282075,0.0422831
1706,30.8991,0.291433,0,0.138071,-0.134853,0.242681,0.136643,0.135517,-0.18358,0.138071,-0.134853,0.218413,0.0234551
1707,30.9172,0.283608,0,0.0923322,-0.136368,0.175188,0.139298,0.154065,-0.218186,0.0923322,-0.136368,0.15767,0.0113229
1708,30.9353,0.280283,0,0.0542658,-0.133974,0.113788,0.145065,0.175149,-0.249358,0.0542658,-0.133974,0.102409,0.00432235
1709,30.9534,0.28136,0,0.0237638,-0.130738,0.0575336,0.153876,0.199159,-0.276726,0.0237638,-0.130738,0.0517802,0.000957052
1710,30.9715,0.286986,0,-0.000512068,-0.126506,0.00812096,0.16575,0.226529,-0.299783,-0.000512068,-0.126506,0.00730886,-2.91094e-06
1711,30.9896,0.296118,0,-0.01963,-0.12447,-0.0406563,0.180783,0.257702,-0.317852,-0.01963,-0.12447,-0.0365906,0.000558657
1712,31.0077,0.309573,0,-0.034865,-0.12247,-0.0849167,0.199129,0.293064,-0.330039,-0.034865,-0.12247,-0.0764251,0.00207244
1713,31.0259,0.328731,0,-0.0472803,-0.123345,-0.125195,0.220973,0.332872,-0.335191,-0.0472803,-0.123345,-0.112675,0.00414348
1714,31.044,0.353413,0,-0.0581869,-0.126271,-0.163168,0.246493,0.37713,-0.331869,-0.0581869,-0.126271,-0.146851,0.00664595
1715,31.0621,0.3843,0,-0.0676563,-0.13218,-0.199235,0.275798,0.425417,-0.31834,-0.0676563,-0.13218,-0.179312,0.00943567
1716,31.0802,0.421354,0,-0.0765083,-0.14017,-0.232251,0.308842,0.476656,-0.292645,-0.0765083,-0.14017,-0.209026,0.0124384
1717,31.0983,0.465034,0,-0.0855534,-0.151629,-0.261726,0.345312,0.528844,-0.252785,-0.0855534,-0.151629,-0.235553,0.0156741
1718,31.1164,0.514641,0,-0.096002,-0.166507,-0.287914,0.384479,0.578782,-0.197082,-0.096002,-0.166507,-0.259122,0.0193482
1719,31.1345,0.569166,0,-0.107726,-0.185497,-0.314733,0.42504,0.621924,-0.124785,-0.107726,-0.185497,-0.28326,0.0237336
1720,31.1526,0.625968,0,-0.121145,-0.20798,-0.339281,0.464989,0.652548,-0.036883,-0.121145,-0.20798,-0.305353,0.0287715
1721,31.1708,0.681256,0,-0.136008,-0.23442,-0.358651,0.501586,0.664459,0.0630371,-0.136008,-0.23442,-0.322786,0.0341456
1722,31.1889,0.730244,0,-0.152702,-0.264092,-0.371861,0.531522,0.652344,0.168278,-0.152702,-0.264092,-0.334675,0.0397486
1723,31.207,0.769456,0,-0.172009,-0.298006,-0.380148,0.55135,0.613596,0.269405,-0.172009,-0.298006,-0.342134,0.0457724
1724,31.2251,0.796025,0,-0.194921,-0.338334,-0.38233,0.558162,0.549888,0.35584,-0.194921,-0.338334,-0.344097,0.052167
1725,31.2432,0.808461,0,-0.222847,-0.386822,-0.377215,0.550323,0.467586,0.418413,-0.222847,-0.386822,-0.339493,0.0588428
1726,31.2613,0.804553,0,-0.255204,-0.441245,-0.360534,0.527997,0.376423,0.451825,-0.255204,-0.441245,-0.324481,0.0644069
1727,31.2794,0.784571,0,-0.291097,-0.498949,-0.327789,0.493197,0.286877,0.455801,-0.291097,-0.498949,-0.29501,0.0667927
1728,31.2975,0.753649,0,-0.330728,-0.559336,-0.277957,0.449319,0.207479,0.434422,-0.330728,-0.559336,-0.250162,0.0643498
1729,31.3156,0.717992,0,-0.374629,-0.618745,-0.210171,0.400377,0.143267,0.394182,-0.374629,-0.618745,-0.189154,0.0551153
1730,31.3338,0.682151,0,-0.420799,-0.669046,-0.123566,0.350227,0.0957066,0.341905,-0.420799,-0.669046,-0.11121,0.0363976
1731,31.3519,0.650133,0,-0.465828,-0.702865,-0.0181828,0.302026,0.0636264,0.283327,-0.465828,-0.702865,-0.0163645,0.00592904
1732,31.37,0.62631,0,-0.5071,-0.715516,0.104791,0.258,0.0444484,0.22256,-0.5071,-0.715516,0.094312,-0.0371977
1733,31.3881,0.610378,0,-0.540713,-0.696242,0.231621,0.219452,0.0352015,0.162188,-0.540713,-0.696242,0.208459,-0.0876682
1734,31.4062,0.597685,0,-0.560892,-0.639297,0.349119,0.186928,0.0331524,0.103641,-0.560892,-0.639297,0.314207,-0.137073
1735,31.4243,0.58637,0,-0.56489,-0.552673,0.446059,0.160424,0.036094,0.0476073,-0.56489,-0.552673,0.401453,-0.176382
1736,31.4424,0.570432,0,-0.549486,-0.443586,0.509286,0.139594,0.0424099,-0.0056476,-0.549486,-0.443586,0.458357,-0.195892
1737,31.4605,0.547868,0,-0.516541,-0.330215,0.531263,0.123912,0.0510223,-0.0560668,-0.516541,-0.330215,0.478137,-0.192093
1738,31.4787,0.51853,0,-0.469871,-0.22797,0.515553,0.112797,0.0612957,-0.103676,-0.469871,-0.22797,0.463997,-0.16957
1739,31.4968,0.483554,0,-0.413755,-0.144828,0.471349,0.105689,0.0729358,-0.148514,-0.413755,-0.144828,0.424214,-0.136516
1740,31.5149,0.449502,0,-0.356157,-0.0845683,0.415282,0.102102,0.0859024,-0.190602,-0.356157,-0.0845683,0.373754,-0.103534
1741,31.533,0.417124,0,-0.299862,-0.0427288,0.353428,0.101651,0.100342,-0.229921,-0.299862,-0.0427288,0.318085,-0.0741857
1742,31.5511,0.386809,0,-0.24813,-0.0171413,0.287635,0.104058,0.116539,-0.266403,-0.24813,-0.0171413,0.258871,-0.0499596
1743,31.5692,0.359637,0,-0.200612,-0.00414753,0.222326,0.109159,0.134882,-0.299909,-0.200612,-0.00414753,0.200093,-0.0312208
1744,31.5873,0.338412,0,-0.160887,-0.00106031,0.161496,0.116899,0.155843,-0.33022,-0.160887,-0.00106031,0.145346,-0.0181878
1745,31.6054,0.323121,0,-0.129207,-0.00218344,0.105861,0.127321,0.17996,-0.356998,-0.129207,-0.00218344,0.0952745,-0.00957458
1746,31.6236,0.311486,0,-0.103488,-0.00539625,0.0515683,0.140568,0.207822,-0.379761,-0.103488,-0.00539625,0.0464114,-0.00373569
1747,31.6417,0.305108,0,-0.0827922,-0.0109165,0.000738409,0.156863,0.240042,-0.397831,-0.0827922,-0.0109165,0.000664568,-4.27942e-05
1748,31.6598,0.304881,0,-0.0674028,-0.0170889,-0.0459215,0.1765,0.277218,-0.410275,-0.0674028,-0.0170889,-0.0413294,0.00216667
1749,31.6779,0.309945,0,-0.0555742,-0.0227897,-0.0909275,0.199821,0.319854,-0.415838,-0.0555742,-0.0227897,-0.0818347,0.00353726
1750,31.696,0.321244,0,-0.0467576,-0.0272888,-0.133406,0.22718,0.368242,-0.41288,-0.0467576,-0.0272888,-0.120065,0.00436641
1751,31.7141,0.339715,0,-0.040374,-0.0319198,-0.174864,0.258885,0.422265,-0.399318,-0.040374,-0.0319198,-0.157377,0.00494196
1752,31.7322,0.366311,0,-0.0361391,-0.0362327,-0.213956,0.295107,0.481111,-0.372644,-0.0361391,-0.0362327,-0.192561,0.00541253
1753,31.7503,0.400865,0,-0.0334307,-0.0397822,-0.250773,0.335743,0.542888,-0.330057,-0.0334307,-0.0397822,-0.225696,0.00586847
1754,31.7684,0.442465,0,-0.0314071,-0.0420543,-0.285144,0.380231,0.604176,-0.268842,-0.0314071,-0.0420543,-0.256629,0.00626888
1755,31.7866,0.490909,0,-0.0300769,-0.0451557,-0.31751,0.427315,0.659653,-0.187082,-0.0300769,-0.0451557,-0.285759,0.00668481
1756,31.8047,0.544108,0,-0.0300731,-0.0489985,-0.34782,0.474817,0.70204,-0.0847879,-0.0300731,-0.0489985,-0.313038,0.00732202
1757,31.8228,0.598059,0,-0.0306526,-0.0529819,-0.375839,0.519496,0.722783,0.0347072,-0.0306526,-0.0529819,-0.338255,0.00806431
1758,31.8409,0.648352,0,-0.0319127,-0.0570214,-0.401976,0.557157,0.713808,0.16362,-0.0319127,-0.0570214,-0.361779,0.0089797
1759,31.859,0.689975,0,-0.0332314,-0.0615493,-0.426281,0.583159,0.670266,0.289753,-0.0332314,-0.0615493,-0.383653,0.00991613
1760,31.8771,0.718456,0,-0.0350404,-0.0664495,-0.449057,0.593354,0.593294,0.398527,-0.0350404,-0.0664495,-0.404151,0.0110146
1761,31.8952,0.731455,0,-0.0377857,-0.072507,-0.471432,0.585217,0.491133,0.476858,-0.0377857,-0.072507,-0.424289,0.0124694
1762,31.9133,0.727936,0,-0.0412634,-0.0794076,-0.493256,0.558724,0.377336,0.517224,-0.0412634,-0.0794076,-0.443931,0.0142474
1763,31.9315,0.709414,0,-0.0456486,-0.0882281,-0.51375,0.516487,0.266616,0.51964,-0.0456486,-0.0882281,-0.462375,0.0164164
1764,31.9496,0.679411,0,-0.0511096,-0.0983899,-0.533256,0.463074,0.17055,0.490505,-0.0511096,-0.0983899,-0.47993,0.0190782
1765,31.9677,0.641948,0,-0.0575558,-0.111035,-0.55101,0.403826,0.0952914,0.439369,-0.0575558,-0.111035,-0.495909,0.0221997
1766,31.9858,0.601069,0,-0.0652004,-0.126211,-0.566902,0.343729,0.0417753,0.375653,-0.0652004,-0.126211,-0.510212,0.0258736
1767,32.0039,0.560248,0,-0.074622,-0.145218,-0.580882,0.286676,0.00744587,0.306694,-0.074622,-0.145218,-0.522794,0.0303426
1768,32.022,0.522031,0,-0.0862328,-0.168348,-0.593231,0.235219,-0.0118035,0.237258,-0.0862328,-0.168348,-0.533908,0.0358092
1769,32.0401,0.487928,0,-0.100563,-0.196519,-0.603552,0.190676,-0.020215,0.169957,-0.100563,-0.196519,-0.543196,0.0424867
1770,32.0582,0.45841,0,-0.117862,-0.230117,-0.610488,0.153407,-0.0214197,0.105946,-0.117862,-0.230117,-0.549439,0.0503672
1771,32.0764,0.434349,0,-0.138504,-0.270702,-0.61306,0.123125,-0.0181887,0.0455479,-0.138504,-0.270702,-0.551754,0.059438
1772,32.0945,0.416671,0,-0.163215,-0.318424,-0.609968,0.0991764,-0.0124622,-0.0113169,-0.163215,-0.318424,-0.548971,0.0696889
1773,32.1126,0.407059,0,-0.193227,-0.375562,-0.598811,0.0807376,-0.00549268,-0.0648781,-0.193227,-0.375562,-0.53893,0.0809944
1774,32.1307,0.407527,0,-0.22958,-0.443608,-0.575549,0.0669604,0.0019879,-0.115392,-0.22958,-0.443608,-0.517994,0.0924941
1775,32.1488,0.420748,0,-0.272087,-0.522474,-0.536762,0.0570539,0.00961848,-0.163091,-0.272087,-0.522474,-0.483086,0.102232
1776,32.1669,0.448528,0,-0.322127,-0.609603,-0.476144,0.0503303,0.0172911,-0.208167,-0.322127,-0.609603,-0.42853,0.107365
1777,32.185,0.492383,0,-0.379628,-0.700852,-0.388682,0.0462239,0.025065,-0.250776,-0.379628,-0.700852,-0.349813,0.103288
1778,32.2031,0.549161,0,-0.442434,-0.783862,-0.271247,0.0442931,0.0331082,-0.29104,-0.442434,-0.783862,-0.244122,0.084006
1779,32.2212,0.617042,0,-0.507227,-0.849625,-0.119904,0.0442138,0.0416611,-0.329052,-0.507227,-0.849625,-0.107913,0.0425728
1780,32.2394,0.68932,0,-0.569784,-0.879123,0.0610541,0.0457696,0.0510168,-0.36488,-0.569784,-0.879123,0.0549487,-0.0243513
1781,32.2575,0.759734,0,-0.622777,-0.859376,0.259071,0.0488406,0.061513,-0.398561,-0.622777,-0.859376,0.233164,-0.11294
1782,32.2756,0.814641,0,-0.655054,-0.772313,0.449426,0.053394,0.0735329,-0.430101,-0.655054,-0.772313,0.404483,-0.206078
1783,32.2937,0.844727,0,-0.658604,-0.626074,0.596871,0.0594773,0.0875118,-0.459464,-0.658604,-0.626074,0.537184,-0.275171
1784,32.3118,0.847458,0,-0.633061,-0.445783,0.680478,0.0672138,0.103948,-0.486554,-0.633061,-0.445783,0.612431,-0.301549
1785,32.3299,0.825165,0,-0.579484,-0.267206,0.696855,0.0768017,0.123414,-0.511199,-0.579484,-0.267206,0.627169,-0.282672
1786,32.348,0.781886,0,-0.504799,-0.11131,0.656635,0.0885153,0.146572,-0.533119,-0.504799,-0.11131,0.590971,-0.232028
1787,32.3661,0.723931,0,-0.41703,0.00419127,0.576483,0.102708,0.174179,-0.551881,-0.41703,0.00419127,0.518835,-0.168288
1788,32.3843,0.66488,0,-0.330879,0.0750003,0.484649,0.119815,0.20709,-0.566837,-0.330879,0.0750003,0.436184,-0.112252
1789,32.4024,0.610037,0,-0.249523,0.114666,0.396155,0.140357,0.246239,-0.577045,-0.249523,0.114666,0.35654,-0.0691949
1790,32.4205,0.559019,0,-0.17792,0.134693,0.310487,0.164932,0.292588,-0.581157,-0.17792,0.134693,0.279438,-0.0386692
1791,32.4386,0.513084,0,-0.116636,0.141527,0.229518,0.194198,0.347016,-0.57728,-0.116636,0.141527,0.206566,-0.018739
1792,32.4567,0.47713,0,-0.0656356,0.140391,0.16071,0.228832,0.410111,-0.562822,-0.0656356,0.140391,0.144639,-0.00738381
1793,32.4748,0.451478,0,-0.0266328,0.136054,0.101477,0.26944,0.481814,-0.53436,-0.0266328,0.136054,0.091329,-0.00189183
1794,32.4929,0.43493,0,0.00696612,0.134434,0.0508311,0.316403,0.560844,-0.487609,0.00696612,0.134434,0.045748,0.000247867
1795,32.511,0.428433,0,0.0343335,0.134598,0.00525795,0.369625,0.643891,-0.417666,0.0343335,0.134598,0.00473215,0.000126367
1796,32.5292,0.433328,0,0.055781,0.137134,-0.0378787,0.428161,0.724646,-0.319804,0.055781,0.137134,-0.0340909,-0.00147904
1797,32.5473,0.451638,0,0.0733702,0.140728,-0.0767549,0.489747,0.793016,-0.191125,0.0733702,0.140728,-0.0690794,-0.00394207
1798,32.5654,0.479452,0,0.089091,0.149304,-0.112368,0.550345,0.835308,-0.033201,0.089091,0.149304,-0.101131,-0.00700765
1799,32.5835,0.511823,0,0.104943,0.163162,-0.144042,0.603986,0.836475,0.144913,0.104943,0.163162,-0.129638,-0.0105814
1800,32.6016,0.543081,0,0.120829,0.181194,-0.171978,0.643305,0.785107,0.325134,0.120829,0.181194,-0.15478,-0.0145459
1801,32.6197,0.566398,0,0.137137,0.202096,-0.19512,0.661055,0.679841,0.482884,0.137137,0.202096,-0.175608,-0.0187307
1802,32.6378,0.575055,0,0.15427,0.226114,-0.21139,0.652346,0.533236,0.594626,0.15427,0.226114,-0.190251,-0.0228278
1803,32.6559,0.567946,0,0.172505,0.252643,-0.222968,0.616594,0.368995,0.647053,0.172505,0.252643,-0.200671,-0.0269242
1804,32.674,0.546464,0,0.192922,0.28313,-0.228694,0.557972,0.213011,0.64176,0.192922,0.28313,-0.205825,-0.0308841
1805,32.6922,0.516412,0,0.216002,0.316783,-0.228756,0.484032,0.0840523,0.592243,0.216002,0.316783,-0.205881,-0.0345883
1806,32.7103,0.48429,0,0.241497,0.355813,-0.220847,0.403327,-0.0102603,0.516316,0.241497,0.355813,-0.198763,-0.0373337
1807,32.7284,0.454668,0,0.269939,0.39788,-0.200512,0.323312,-0.0716449,0.429463,0.269939,0.39788,-0.180461,-0.0378881
1808,32.7465,0.43331,0,0.30052,0.440947,-0.168568,0.249248,-0.106792,0.341946,0.30052,0.440947,-0.151711,-0.0354607
1809,32.7646,0.422231,0,0.332969,0.481688,-0.123471,0.184073,-0.123559,0.259077,0.332969,0.481688,-0.111124,-0.0287785
1810,32.7827,0.422825,0,0.366703,0.517892,-0.0651803,0.128841,-0.128854,0.182779,0.366703,0.517892,-0.0586623,-0.0167313
1811,32.8008,0.433067,0,0.400623,0.543439,0.00715514,0.0833105,-0.127917,0.113152,0.400623,0.543439,0.00643962,0.00200656
1812,32.8189,0.449928,0,0.431247,0.552211,0.0883626,0.0464921,-0.124371,0.0495412,0.431247,0.552211,0.0795263,0.0266742
1813,32.8371,0.470692,0,0.455967,0.54149,0.174676,0.0170431,-0.120559,-0.00887401,0.455967,0.54149,0.157209,0.0557527
1814,32.8552,0.493233,0,0.472407,0.512426,0.258403,-0.00646922,-0.117911,-0.062828,0.472407,0.512426,0.232562,0.0854499
1815,32.8733,0.51067,0,0.4782,0.461022,0.327926,-0.0254169,-0.117256,-0.112888,0.4782,0.461022,0.295133,0.10977
1816,32.8914,0.521393,0,0.471832,0.393908,0.378486,-0.0410363,-0.119059,-0.159456,0.471832,0.393908,0.340637,0.125007
1817,32.9095,0.525265,0,0.454191,0.31984,0.407469,-0.0544034,-0.123587,-0.20279,0.454191,0.31984,0.366722,0.129548
1818,32.9276,0.522353,0,0.42637,0.247895,0.414324,-0.066438,-0.131021,-0.243036,0.42637,0.247895,0.372892,0.123659
1819,32.9457,0.512228,0,0.390709,0.181663,0.400246,-0.0779242,-0.141534,-0.280238,0.390709,0.181663,0.360221,0.109466
1820,32.9638,0.497414,0,0.350967,0.12848,0.369516,-0.0895387,-0.155338,-0.314344,0.350967,0.12848,0.332564,0.0907815
1821,32.982,0.479211,0,0.309986,0.0879353,0.32663,-0.101879,-0.17271,-0.345203,0.309986,0.0879353,0.293967,0.0708756
1822,33.0001,0.46064,0,0.270109,0.0603091,0.278001,-0.115494,-0.19401,-0.372537,0.270109,0.0603091,0.250201,0.0525632
1823,33.0182,0.44374,0,0.234095,0.0417808,0.227886,-0.130904,-0.219676,-0.395917,0.234095,0.0417808,0.205098,0.0373429
1824,33.0363,0.429133,0,0.201311,0.0314602,0.177462,-0.148621,-0.250211,-0.414716,0.201311,0.0314602,0.159716,0.0250076
1825,33.0544,0.418509,0,0.173039,0.0284266,0.128184,-0.169159,-0.286146,-0.428047,0.173039,0.0284266,0.115366,0.0155266
1826,33.0725,0.412993,0,0.150247,0.0306471,0.0803185,-0.193033,-0.327969,-0.434698,0.150247,0.0306471,0.0722867,0.00844734
1827,33.0906,0.413417,0,0.132001,0.0355524,0.0348518,-0.22074,-0.376009,-0.433049,0.132001,0.0355524,0.0313666,0.00322032
1828,33.1087,0.421038,0,0.118538,0.0429109,-0.00856089,-0.252717,-0.430239,-0.421014,0.118538,0.0429109,-0.0077048,-0.000710351
1829,33.1268,0.435859,0,0.109212,0.0516098,-0.0527939,-0.289262,-0.489993,-0.396021,0.109212,0.0516098,-0.0475145,-0.00403601
1830,33.145,0.459515,0,0.10301,0.0615208,-0.0957218,-0.330407,-0.553562,-0.355116,0.10301,0.0615208,-0.0861496,-0.0069022
1831,33.1631,0.492725,0,0.0995924,0.0727409,-0.13506,-0.375735,-0.617711,-0.295292,0.0995924,0.0727409,-0.121554,-0.00941566
1832,33.1812,0.535701,0,0.0994432,0.0875335,-0.16988,-0.424134,-0.67721,-0.214174,0.0994432,0.0875335,-0.152892,-0.0118254
1833,33.1993,0.585579,0,0.102311,0.105217,-0.202867,-0.473543,-0.724658,-0.111165,0.102311,0.105217,-0.18258,-0.0145289
1834,33.2174,0.638363,0,0.107526,0.125384,-0.233318,-0.520762,-0.751008,0.0110435,0.107526,0.125384,-0.209987,-0.0175614
1835,33.2355,0.689016,0,0.11625,0.147992,-0.259184,-0.561499,-0.747248,0.145083,0.11625,0.147992,-0.233265,-0.021091
1836,33.2536,0.731409,0,0.127901,0.174107,-0.279479,-0.590832,-0.707281,0.278603,0.127901,0.174107,-0.251531,-0.0250218
1837,33.2717,0.759436,0,0.142398,0.202657,-0.295064,-0.604155,-0.631117,0.396098,0.142398,0.202657,-0.265558,-0.0294116
1838,33.2899,0.769939,0,0.159564,0.235969,-0.306,-0.598423,-0.52654,0.482957,0.159564,0.235969,-0.2754,-0.0341787
1839,33.308,0.761323,0,0.179812,0.273321,-0.311395,-0.573194,-0.407631,0.530107,0.179812,0.273321,-0.280256,-0.0391949
1840,33.3261,0.735088,0,0.203671,0.315489,-0.308554,-0.530912,-0.290387,0.536648,0.203671,0.315489,-0.277699,-0.0439904
1841,33.3442,0.696071,0,0.231853,0.363407,-0.296191,-0.476261,-0.187818,0.508962,0.231853,0.363407,-0.266572,-0.0480709
1842,33.3623,0.649833,0,0.263911,0.416219,-0.272265,-0.414908,-0.107096,0.457253,0.263911,0.416219,-0.245039,-0.0502977
1843,33.3804,0.601746,0,0.299662,0.469837,-0.233925,-0.352231,-0.0495739,0.391809,0.299662,0.469837,-0.210532,-0.0490689
1844,33.3985,0.55755,0,0.338567,0.521642,-0.178232,-0.292473,-0.0126241,0.320702,0.338567,0.521642,-0.160409,-0.0422405
1845,33.4166,0.523203,0,0.379654,0.567439,-0.106398,-0.238432,0.00817669,0.249159,0.379654,0.567439,-0.0957582,-0.0282761
1846,33.4348,0.501087,0,0.420426,0.599611,-0.0195256,-0.191563,0.0174421,0.180007,0.420426,0.599611,-0.017573,-0.00574634
1847,33.4529,0.491244,0,0.457239,0.611772,0.079417,-0.152273,0.019127,0.114454,0.457239,0.611772,0.0714753,0.0254188
1848,33.471,0.493137,0,0.487905,0.60032,0.188957,-0.120266,0.0162472,0.0527955,0.487905,0.60032,0.170061,0.064535
1849,33.4891,0.50135,0,0.508621,0.559532,0.293068,-0.094839,0.010913,-0.00510639,0.508621,0.559532,0.263761,0.104342
1850,33.5072,0.510125,0,0.51526,0.49321,0.380124,-0.0751057,0.00449139,-0.0595417,0.51526,0.49321,0.342111,0.137104
1851,33.5253,0.515281,0,0.506686,0.407264,0.443776,-0.0601484,-0.00220786,-0.110819,0.506686,0.407264,0.399398,0.157398
1852,33.5434,0.512254,0,0.482569,0.310688,0.475199,-0.0491076,-0.00876713,-0.159214,0.482569,0.310688,0.427679,0.160522
1853,33.5615,0.501584,0,0.445942,0.218776,0.475309,-0.0412304,-0.0150308,-0.204953,0.445942,0.218776,0.427778,0.148372
1854,33.5796,0.483659,0,0.399708,0.137727,0.449512,-0.0358887,-0.0210106,-0.248224,0.399708,0.137727,0.404561,0.125772
1855,33.5978,0.461222,0,0.349688,0.0758828,0.404725,-0.032581,-0.0268209,-0.289176,0.349688,0.0758828,0.364253,0.0990693
1856,33.6159,0.437562,0,0.299297,0.0330591,0.351046,-0.0309236,-0.0326371,-0.327938,0.299297,0.0330591,0.315942,0.0735471
1857,33.634,0.414727,0,0.250818,0.00229205,0.295005,-0.0306379,-0.038672,-0.364615,0.250818,0.00229205,0.265504,0.0517948
1858,33.6521,0.392392,0,0.207288,-0.0167067,0.236367,-0.0315369,-0.045164,-0.399296,0.207288,-0.0167067,0.21273,0.0342972
1859,33.6702,0.370634,0,0.169343,-0.0254825,0.176417,-0.0335129,-0.0523747,-0.432053,0.169343,-0.0254825,0.158775,0.0209124
1860,33.6883,0.351471,0,0.136595,-0.0279573,0.119777,-0.0365274,-0.0605922,-0.462939,0.136595,-0.0279573,0.107799,0.0114527
1861,33.7064,0.334789,0,0.109875,-0.0256793,0.0662526,-0.0406043,-0.0701389,-0.491986,0.109875,-0.0256793,0.0596274,0.00509564
1862,33.7245,0.320869,0,0.0894407,-0.0188701,0.0162172,-0.0458257,-0.0813825,-0.519195,0.0894407,-0.0188701,0.0145955,0.00101534
1863,33.7427,0.308261,0,0.0742534,-0.0113319,-0.0325783,-0.0523306,-0.0947498,-0.544529,0.0742534,-0.0113319,-0.0293205,-0.00169334
1864,33.7608,0.298648,0,0.0628778,-0.00288643,-0.0772213,-0.060317,-0.110742,-0.567897,0.0628778,-0.00288643,-0.0694992,-0.00339885
1865,33.7789,0.291031,0,0.0545924,0.00492129,-0.119694,-0.070046,-0.12995,-0.589132,0.0545924,0.00492129,-0.107724,-0.00457405
1866,33.797,0.28583,0,0.0498432,0.0131009,-0.160587,-0.0818485,-0.153074,-0.607957,0.0498432,0.0131009,-0.144529,-0.00560293
1867,33.8151,0.284133,0,0.046965,0.0214973,-0.198807,-0.0961334,-0.180933,-0.623941,0.046965,0.0214973,-0.178927,-0.0065359
1868,33.8332,0.286798,0,0.0459984,0.0314519,-0.235344,-0.113396,-0.214476,-0.636432,0.0459984,0.0314519,-0.21181,-0.00757781
1869,33.8513,0.295296,0,0.0476118,0.0430187,-0.270483,-0.134225,-0.254766,-0.644462,0.0476118,0.0430187,-0.243435,-0.00901473
1870,33.8694,0.312511,0,0.0513033,0.056639,-0.301163,-0.159302,-0.302935,-0.646621,0.0513033,0.056639,-0.271047,-0.0108155
1871,33.8876,0.339091,0,0.0570202,0.0720499,-0.328654,-0.18939,-0.360081,-0.640892,0.0570202,0.0720499,-0.295789,-0.013118
1872,33.9057,0.376184,0,0.0645887,0.0892857,-0.352581,-0.225294,-0.427045,-0.624455,0.0645887,0.0892857,-0.317323,-0.0159409
1873,33.9238,0.424094,0,0.0740123,0.108064,-0.374152,-0.26777,-0.504017,-0.593491,0.0740123,0.108064,-0.336737,-0.0193843
1874,33.9419,0.484955,0,0.0860142,0.131508,-0.393362,-0.317364,-0.589888,-0.543088,0.0860142,0.131508,-0.354026,-0.0236843
1875,33.96,0.557463,0,0.099884,0.157983,-0.410265,-0.374124,-0.681269,-0.467438,0.099884,0.157983,-0.369239,-0.0286852
1876,33.9781,0.640644,0,0.11616,0.188455,-0.424471,-0.437166,-0.771249,-0.36068,0.11616,0.188455,-0.382024,-0.0345147
1877,33.9962,0.73157,0,0.135838,0.224205,-0.432897,-0.50409,-0.848291,-0.218831,0.135838,0.224205,-0.389607,-0.0411629
1878,34.0143,0.824268,0,0.159146,0.2667,-0.435041,-0.570391,-0.896219,-0.0430639,0.159146,0.2667,-0.391537,-0.0484646
1879,34.0324,0.908996,0,0.186595,0.316042,-0.428652,-0.629191,-0.896845,0.156343,0.186595,0.316042,-0.385787,-0.0559891
1880,34.0506,0.973908,0,0.218268,0.372045,-0.412338,-0.671846,-0.836277,0.35782,0.218268,0.372045,-0.371104,-0.0630001
1881,34.0687,1.00783,0,0.255261,0.434803,-0.382598,-0.68983,-0.713261,0.531699,0.255261,0.434803,-0.344338,-0.0683636
1882,34.0868,1.00372,0,0.29789,0.503663,-0.336337,-0.677563,-0.54406,0.65014,0.29789,0.503663,-0.302703,-0.0701341
1883,34.1049,0.959213,0,0.344515,0.571611,-0.268804,-0.63481,-0.358243,0.698959,0.344515,0.571611,-0.241923,-0.0648249
1884,34.123,0.882069,0,0.395191,0.632189,-0.176237,-0.567045,-0.186569,0.68276,0.395191,0.632189,-0.158613,-0.0487531
1885,34.1411,0.786268,0,0.446107,0.677148,-0.0603124,-0.483483,-0.0494674,0.619795,0.446107,0.677148,-0.0542812,-0.018834
1886,34.1592,0.687912,0,0.493385,0.696639,0.0737688,-0.394042,0.0467282,0.531761,0.493385,0.696639,0.066392,0.0254775
1887,34.1773,0.600654,0,0.532803,0.682129,0.222478,-0.306923,0.10626,0.436002,0.532803,0.682129,0.20023,0.0829758
1888,34.1955,0.533886,0,0.55862,0.624587,0.363094,-0.227541,0.13812,0.342975,0.55862,0.624587,0.326785,0.141982
1889,34.2136,0.48775,0,0.565363,0.526951,0.478072,-0.158619,0.15167,0.257359,0.565363,0.526951,0.430265,0.189199
1890,34.2317,0.455742,0,0.550001,0.401985,0.552169,-0.100831,0.154573,0.180273,0.550001,0.401985,0.496952,0.212586
1891,34.2498,0.431895,0,0.513481,0.270016,0.584691,-0.053541,0.152342,0.111153,0.513481,0.270016,0.526222,0.210159
1892,34.2679,0.406366,0,0.461453,0.150609,0.566577,-0.0154108,0.148624,0.0488928,0.461453,0.150609,0.509919,0.183014
1893,34.286,0.380654,0,0.399039,0.0519393,0.520186,0.0151805,0.145688,-0.00759743,0.399039,0.0519393,0.468168,0.145302
1894,34.3041,0.352654,0,0.332935,-0.017208,0.451643,0.0398778,0.144873,-0.0591824,0.332935,-0.017208,0.406478,0.105257
1895,34.3222,0.327939,0,0.26808,-0.0623708,0.378934,0.0602117,0.146935,-0.106467,0.26808,-0.0623708,0.34104,0.0711092
1896,34.3404,0.308614,0,0.208075,-0.090465,0.308166,0.0775378,0.152296,-0.149825,0.208075,-0.090465,0.277349,0.0448851
1897,34.3585,0.293145,0,0.157184,-0.102908,0.239434,0.0930242,0.161204,-0.189437,0.157184,-0.102908,0.21549,0.0263446
1898,34.3766,0.281351,0,0.112993,-0.106439,0.173287,0.107665,0.173845,-0.22532,0.112993,-0.106439,0.155958,0.0137061
1899,34.3947,0.274514,0,0.0757843,-0.10671,0.110939,0.122308,0.190404,-0.257344,0.0757843,-0.10671,0.0998455,0.00588522
1900,34.4128,0.272899,0,0.0453247,-0.104746,0.0540928,0.137681,0.211098,-0.285223,0.0453247,-0.104746,0.0486835,0.00171622
1901,34.4309,0.276721,0,0.0214894,-0.102439,0.0035679,0.154426,0.23618,-0.308503,0.0214894,-0.102439,0.00321111,5.36706e-05
1902,34.449,0.283387,0,0.00354288,-0.098369,-0.0446378,0.173115,0.26592,-0.32653,0.00354288,-0.098369,-0.0401741,-0.000110703
1903,34.4671,0.295182,0,-0.0114113,-0.0959618,-0.0896714,0.194263,0.300556,-0.338408,-0.0114113,-0.0959618,-0.0807043,0.000716285
1904,34.4852,0.313007,0,-0.0242127,-0.0957782,-0.130814,0.218325,0.340212,-0.342963,-0.0242127,-0.0957782,-0.117732,0.00221715
1905,34.5034,0.335512,0,-0.0337943,-0.0963361,-0.17096,0.245677,0.384769,-0.338706,-0.0337943,-0.0963361,-0.153864,0.00404423
1906,34.5215,0.363648,0,-0.0416704,-0.0975632,-0.208837,0.276569,0.433677,-0.323842,-0.0416704,-0.0975632,-0.187953,0.00609163
1907,34.5396,0.399012,0,-0.0488058,-0.10222,-0.246506,0.311044,0.485707,-0.296336,-0.0488058,-0.10222,-0.221856,0.00842166
1908,34.5577,0.441769,0,-0.0562879,-0.109921,-0.280745,0.348829,0.538655,-0.254124,-0.0562879,-0.109921,-0.25267,0.0110618
1909,34.5758,0.490377,0,-0.0640379,-0.119741,-0.312112,0.389187,0.589061,-0.195507,-0.0640379,-0.119741,-0.2809,0.0139909
1910,34.5939,0.543491,0,-0.072643,-0.131894,-0.34142,0.430757,0.632061,-0.119812,-0.072643,-0.131894,-0.307278,0.0173612
1911,34.612,0.599002,0,-0.0816993,-0.14755,-0.368473,0.471422,0.661599,-0.0282606,-0.0816993,-0.14755,-0.331625,0.0210728
1912,34.6301,0.653135,0,-0.092419,-0.165722,-0.392212,0.508298,0.671228,0.0751288,-0.092419,-0.165722,-0.352991,0.0253735
1913,34.6483,0.701397,0,-0.104705,-0.185282,-0.413426,0.537933,0.655604,0.183066,-0.104705,-0.185282,-0.372083,0.0303013
1914,34.6664,0.740014,0,-0.118269,-0.20862,-0.430769,0.556785,0.612427,0.285503,-0.118269,-0.20862,-0.387692,0.0356628
1915,34.6845,0.766209,0,-0.133928,-0.237123,-0.445103,0.561958,0.544026,0.371462,-0.133928,-0.237123,-0.400593,0.0417284
1916,34.7026,0.777163,0,-0.151842,-0.270616,-0.454956,0.551967,0.457589,0.43179,-0.151842,-0.270616,-0.40946,0.0483569
1917,34.7207,0.773521,0,-0.173664,-0.311018,-0.459595,0.527238,0.363537,0.461663,-0.173664,-0.311018,-0.413636,0.0558706
1918,34.7388,0.75645,0,-0.199994,-0.358531,-0.456079,0.490091,0.272652,0.461548,-0.199994,-0.358531,-0.410471,0.0638491
1919,34.7569,0.729634,0,-0.231029,-0.413591,-0.442863,0.444187,0.193337,0.436238,-0.231029,-0.413591,-0.398577,0.0716201
1920,34.775,0.696587,0,-0.26681,-0.474883,-0.415554,0.393702,0.130211,0.392707,-0.26681,-0.474883,-0.373998,0.0776117
1921,34.7932,0.661993,0,-0.307258,-0.541492,-0.369804,0.34254,0.0842461,0.337953,-0.307258,-0.541492,-0.332824,0.0795376
1922,34.8113,0.631139,0,-0.352566,-0.609029,-0.30352,0.293815,0.0538595,0.277669,-0.352566,-0.609029,-0.273168,0.0749075
1923,34.8294,0.609211,0,-0.401952,-0.673734,-0.214086,0.249654,0.0362073,0.215809,-0.401952,-0.673734,-0.192677,0.0602365
1924,34.8475,0.599528,0,-0.453458,-0.726665,-0.103425,0.211245,0.0281883,0.154779,-0.453458,-0.726665,-0.0930829,0.0328294
1925,34.8656,0.600762,0,-0.50287,-0.755924,0.0270073,0.179026,0.0270342,0.0958589,-0.50287,-0.755924,0.0243066,-0.0095068
1926,34.8837,0.612197,0,-0.546031,-0.75547,0.173813,0.152904,0.0305572,0.0396231,-0.546031,-0.75547,0.156431,-0.0664349
1927,34.9018,0.625648,0,-0.577947,-0.711436,0.3167,0.132466,0.0371836,-0.013739,-0.577947,-0.711436,0.28503,-0.128125
1928,34.9199,0.634187,0,-0.591314,-0.62378,0.441966,0.11714,0.0458832,-0.0642197,-0.591314,-0.62378,0.397769,-0.182938
1929,34.938,0.633449,0,-0.583586,-0.50554,0.530315,0.106315,0.0560631,-0.111877,-0.583586,-0.50554,0.477284,-0.216639
1930,34.9562,0.619805,0,-0.553668,-0.373908,0.572029,0.0994125,0.0674631,-0.156773,-0.553668,-0.373908,0.514826,-0.2217
1931,34.9743,0.595152,0,-0.506931,-0.250755,0.568987,0.0959395,0.0800675,-0.198947,-0.506931,-0.250755,0.512088,-0.201906
1932,34.9924,0.559105,0,-0.446395,-0.147661,0.526923,0.0955053,0.094039,-0.238399,-0.446395,-0.147661,0.474231,-0.164651
1933,35.0105,0.519889,0,-0.381287,-0.0710507,0.465622,0.0978327,0.109672,-0.275079,-0.381287,-0.0710507,0.419059,-0.124275
1934,35.0286,0.481604,0,-0.317062,-0.0186899,0.396994,0.102758,0.12736,-0.308873,-0.317062,-0.0186899,0.357294,-0.0881102
1935,35.0467,0.445616,0,-0.256672,0.0140238,0.3262,0.110226,0.147581,-0.339585,-0.256672,0.0140238,0.29358,-0.0586085
1936,35.0648,0.412098,0,-0.202173,0.031682,0.25447,0.120285,0.170878,-0.366915,-0.202173,0.031682,0.229023,-0.0360129
1937,35.0829,0.38351,0,-0.154837,0.0371329,0.186219,0.133078,0.197851,-0.390422,-0.154837,0.0371329,0.167597,-0.0201836
1938,35.1011,0.36211,0,-0.116815,0.0366671,0.125085,0.148836,0.229136,-0.409477,-0.116815,0.0366671,0.112576,-0.0102282
1939,35.1192,0.346862,0,-0.0868987,0.0326131,0.0685824,0.167863,0.265374,-0.423209,-0.0868987,0.0326131,0.0617242,-0.00417181
1940,35.1373,0.336646,0,-0.0619887,0.0284472,0.0151727,0.190519,0.307139,-0.43043,-0.0619887,0.0284472,0.0136555,-0.000658376
1941,35.1554,0.333704,0,-0.042878,0.0234595,-0.0338062,0.217192,0.35484,-0.429565,-0.042878,0.0234595,-0.0304256,0.00101468
1942,35.1735,0.338219,0,-0.0283706,0.0194721,-0.0790309,0.24824,0.408532,-0.418582,-0.0283706,0.0194721,-0.0711278,0.00156951
1943,35.1916,0.350313,0,-0.0164671,0.0166666,-0.121955,0.283916,0.467651,-0.394976,-0.0164671,0.0166666,-0.10976,0.00140578
1944,35.2097,0.370059,0,-0.00673118,0.0164344,-0.163776,0.324236,0.530629,-0.355857,-0.00673118,0.0164344,-0.147398,0.000771683
1945,35.2278,0.398982,0,0.00117683,0.0168184,-0.20455,0.368801,0.594429,-0.298252,0.00117683,0.0168184,-0.184095,-0.000168505
1946,35.246,0.43597,0,0.00747951,0.0197814,-0.242832,0.416554,0.654081,-0.219746,0.00747951,0.0197814,-0.218549,-0.00127138
1947,35.2641,0.479264,0,0.013625,0.0245571,-0.278586,0.465532,0.702477,-0.119568,0.013625,0.0245571,-0.250727,-0.00265702
1948,35.2822,0.52592,0,0.0198692,0.0310882,-0.311979,0.512666,0.73082,-4.69205e-05,0.0198692,0.0310882,-0.280781,-0.00433913
1949,35.3003,0.571869,0,0.0265108,0.0396463,-0.343685,0.553799,0.730156,0.131991,0.0265108,0.0396463,-0.309316,-0.00637796
1950,35.3184,0.611873,0,0.0330669,0.0500352,-0.371361,0.584102,0.694111,0.264794,0.0330669,0.0500352,-0.334225,-0.00859585
1951,35.3365,0.640422,0,0.0406499,0.0631868,-0.395453,0.598958,0.622042,0.38326,0.0406499,0.0631868,-0.355908,-0.0112526
1952,35.3546,0.65469,0,0.0494878,0.0794387,-0.417894,0.595173,0.520885,0.472729,0.0494878,0.0794387,-0.376105,-0.0144765
1953,35.3727,0.653839,0,0.0598919,0.0983463,-0.439119,0.572037,0.404024,0.523578,0.0598919,0.0983463,-0.395207,-0.0184098
1954,35.3908,0.638996,0,0.0719911,0.120956,-0.458894,0.531689,0.287223,0.534072,0.0719911,0.120956,-0.413004,-0.0231254
1955,35.409,0.613172,0,0.0859618,0.146895,-0.476271,0.478569,0.183759,0.509853,0.0859618,0.146895,-0.428644,-0.0286588
1956,35.4271,0.579672,0,0.102715,0.17868,-0.489296,0.418225,0.10135,0.460721,0.102715,0.17868,-0.440366,-0.0351806
1957,35.4452,0.542823,0,0.12362,0.217012,-0.497112,0.356038,0.0419009,0.396918,0.12362,0.217012,-0.447401,-0.0430171
1958,35.4633,0.506636,0,0.148559,0.26365,-0.498148,0.296342,0.00317434,0.326687,0.148559,0.26365,-0.448334,-0.0518031
1959,35.4814,0.474046,0,0.177571,0.317161,-0.490802,0.24206,-0.0190579,0.255494,0.177571,0.317161,-0.441721,-0.0610066
1960,35.4995,0.447924,0,0.211532,0.378672,-0.473273,0.194772,-0.0293597,0.186377,0.211532,0.378672,-0.425946,-0.0700787
1961,35.5176,0.430245,0,0.250974,0.447688,-0.441704,0.154985,-0.0317177,0.120693,0.250974,0.447688,-0.397533,-0.0775993
1962,35.5357,0.422991,0,0.296333,0.521568,-0.391927,0.122479,-0.0292115,0.0588276,0.296333,0.521568,-0.352734,-0.0812988
1963,35.5539,0.428867,0,0.347014,0.598043,-0.318856,0.0965974,-0.0240188,0.000694376,0.347014,0.598043,-0.28697,-0.0774532
1964,35.572,0.449047,0,0.402971,0.669529,-0.215955,0.0764839,-0.0175638,-0.053973,0.402971,0.669529,-0.19436,-0.0609167
1965,35.5901,0.48348,0,0.460549,0.725041,-0.0832699,0.0612342,-0.0106995,-0.105473,0.460549,0.725041,-0.0749429,-0.0268449
1966,35.6082,0.527888,0,0.515062,0.749991,0.0726389,0.0499939,-0.00387252,-0.154075,0.515062,0.749991,0.065375,0.0261895
1967,35.6263,0.574983,0,0.559552,0.729241,0.242905,0.0420101,0.00274495,-0.200006,0.559552,0.729241,0.218615,0.0951427
1968,35.6444,0.616892,0,0.587208,0.657724,0.403016,0.0366527,0.00915813,-0.24345,0.587208,0.657724,0.362714,0.165658
1969,35.6625,0.646381,0,0.592667,0.539182,0.531781,0.0334183,0.0154831,-0.284556,0.592667,0.539182,0.478603,0.220618
1970,35.6806,0.65958,0,0.573666,0.391845,0.611858,0.0319225,0.0219039,-0.323447,0.573666,0.391845,0.550673,0.245702
1971,35.6988,0.654044,0,0.529722,0.24195,0.634755,0.0318882,0.0286479,-0.360226,0.529722,0.24195,0.571279,0.235371
1972,35.7169,0.633493,0,0.468058,0.107281,0.609864,0.0331329,0.0359734,-0.394973,0.468058,0.107281,0.548877,0.199816
1973,35.735,0.604512,0,0.39608,0.000737509,0.554309,0.0355565,0.0441674,-0.42775,0.39608,0.000737509,0.498878,0.153685
1974,35.7531,0.567719,0,0.319613,-0.0742102,0.47517,0.0391323,0.0535491,-0.458599,0.319613,-0.0742102,0.427653,0.106309
1975,35.7712,0.531134,0,0.246276,-0.118912,0.390947,0.0438995,0.0644785,-0.48753,0.246276,-0.118912,0.351852,0.0673965
1976,35.7893,0.500436,0,0.180757,-0.143969,0.313255,0.0499606,0.0773677,-0.51452,0.180757,-0.143969,0.281929,0.039636
1977,35.8074,0.474665,0,0.124969,-0.152777,0.242241,0.05748,0.0926955,-0.539493,0.124969,-0.152777,0.218017,0.0211909
1978,35.8255,0.451828,0,0.0786738,-0.153168,0.174243,0.0666865,0.111023,-0.562306,0.0786738,-0.153168,0.156819,0.00959587
1979,35.8436,0.434324,0,0.0397779,-0.150819,0.112918,0.077878,0.133008,-0.582713,0.0397779,-0.150819,0.101626,0.00314413
1980,35.8618,0.421659,0,0.00870651,-0.147599,0.0571507,0.0914283,0.159421,-0.600333,0.00870651,-0.147599,0.0514356,0.000348308
1981,35.8799,0.414324,0,-0.0158143,-0.144362,0.00762622,0.107794,0.191153,-0.614583,-0.0158143,-0.144362,0.0068636,-8.44221e-05
1982,35.898,0.410707,0,-0.0352445,-0.142897,-0.0405701,0.127521,0.229204,-0.624599,-0.0352445,-0.142897,-0.0365131,0.00100091
1983,35.9161,0.413073,0,-0.0510069,-0.142711,-0.084336,0.151246,0.274654,-0.629119,-0.0510069,-0.142711,-0.0759024,0.0030112
1984,35.9342,0.422832,0,-0.0646519,-0.144359,-0.123354,0.179687,0.328569,-0.626342,-0.0646519,-0.144359,-0.111019,0.00558256
1985,35.9523,0.441177,0,-0.0761652,-0.150149,-0.159643,0.213609,0.391826,-0.613742,-0.0761652,-0.150149,-0.143679,0.00851149
1986,35.9704,0.469036,0,-0.0870358,-0.158564,-0.193816,0.253759,0.464778,-0.587883,-0.0870358,-0.158564,-0.174434,0.0118083
1987,35.9885,0.508046,0,-0.0975109,-0.169798,-0.22435,0.300718,0.546703,-0.544304,-0.0975109,-0.169798,-0.201915,0.0153136
1988,36.0067,0.558453,0,-0.107964,-0.183575,-0.250483,0.354667,0.634954,-0.47762,-0.107964,-0.183575,-0.225435,0.0189302
1989,36.0248,0.620457,0,-0.12024,-0.201788,-0.27431,0.415009,0.723838,-0.382143,-0.12024,-0.201788,-0.246879,0.023088
1990,36.0429,0.691681,0,-0.134275,-0.224209,-0.297567,0.479844,0.803495,-0.253411,-0.134275,-0.224209,-0.26781,0.027969
1991,36.061,0.767742,0,-0.150021,-0.251061,-0.317417,0.545398,0.85952,-0.0909619,-0.150021,-0.251061,-0.285675,0.0333336
1992,36.0791,0.840282,0,-0.167548,-0.281382,-0.330903,0.605655,0.874653,0.0980014,-0.167548,-0.281382,-0.297813,0.0388094
1993,36.0972,0.899807,0,-0.187489,-0.315898,-0.33772,0.652658,0.833776,0.295813,-0.187489,-0.315898,-0.303948,0.044323
1994,36.1153,0.937805,0,-0.211305,-0.357028,-0.338366,0.677953,0.731556,0.475662,-0.211305,-0.357028,-0.304529,0.0500488
1995,36.1334,0.94682,0,-0.239402,-0.405664,-0.331148,0.675096,0.578573,0.609263,-0.239402,-0.405664,-0.298033,0.0554943
1996,36.1516,0.922437,0,-0.271861,-0.458718,-0.311523,0.642196,0.400129,0.678202,-0.271861,-0.458718,-0.28037,0.0592835
1997,36.1697,0.868081,0,-0.307869,-0.514536,-0.27678,0.58294,0.226526,0.681334,-0.307869,-0.514536,-0.249102,0.0596484
1998,36.1878,0.793438,0,-0.347365,-0.57088,-0.225328,0.505344,0.0811672,0.632782,-0.347365,-0.57088,-0.202795,0.0547897
1999,36.2059,0.71015,0,-0.389217,-0.621585,-0.15716,0.419021,-0.0255805,0.553099,-0.389217,-0.621585,-0.141444,0.0428185
2000,36.224,0.630042,0,-0.432285,-0.661987,-0.072488,0.332576,-0.0949174,0.46069,-0.432285,-0.661987,-0.0652392,0.0219348
