step,lt,err,locked,pred_x,pred_y,pred_z,true_x,true_y,true_z,drive_x,drive_y,drive_z,drive_xz
1,0.018112,0.0119884,1,0.094949,0.19534,-0.842256,0.0977435,0.201825,-0.861783,0.094949,0.19534,-0.75803,-0.05598
2,0.036224,0.0212032,1,0.120502,0.245735,-0.817658,0.124961,0.25854,-0.851788,0.120502,0.245735,-0.735892,-0.0689706
3,0.054336,0.0297605,1,0.151991,0.307808,-0.786655,0.158696,0.328065,-0.833579,0.151991,0.307808,-0.70799,-0.0836953
4,0.072448,0.0379285,1,0.190285,0.38115,-0.745971,0.200263,0.412177,-0.80301,0.190285,0.38115,-0.671374,-0.0993631
5,0.09056,0.0462718,1,0.23589,0.467183,-0.689238,0.250991,0.511791,-0.754086,0.23589,0.467183,-0.620314,-0.113809
6,0.108672,0.0543738,1,0.29098,0.563924,-0.610669,0.311965,0.625719,-0.678571,0.29098,0.563924,-0.549602,-0.124385
7,0.126784,0.0629267,1,0.35367,0.663914,-0.504389,0.383503,0.748613,-0.566157,0.35367,0.663914,-0.45395,-0.124871
8,0.144896,0.0690094,1,0.423208,0.764044,-0.364083,0.464289,0.868125,-0.406111,0.423208,0.764044,-0.327675,-0.107858
9,0.163008,0.0729841,1,0.496416,0.848105,-0.183927,0.550126,0.962272,-0.191744,0.496416,0.848105,-0.165535,-0.0639132
10,0.18112,0.0773062,1,0.567461,0.892386,0.0257914,0.632689,1,0.0715436,0.567461,0.892386,0.0232123,0.0102449
11,0.199232,0.0821876,1,0.630496,0.876534,0.256358,0.699263,0.949578,0.357353,0.630496,0.876534,0.230722,0.113143
12,0.217344,0.0883586,1,0.671284,0.777676,0.479417,0.734985,0.796353,0.617312,0.671284,0.777676,0.431475,0.225277
13,0.235456,0.088239,1,0.679278,0.60057,0.658561,0.72809,0.559909,0.797566,0.679278,0.60057,0.592705,0.313142
14,0.253568,0.0811893,1,0.650405,0.383045,0.763325,0.675728,0.291775,0.867265,0.650405,0.383045,0.686992,0.347529
15,0.27168,0.0722726,1,0.582285,0.165349,0.788338,0.585913,0.0491856,0.834845,0.582285,0.165349,0.709504,0.321326
16,0.289792,0.0664613,1,0.492033,-0.0193868,0.744499,0.473786,-0.132792,0.736907,0.492033,-0.0193868,0.670049,0.256423
17,0.307904,0.0638467,1,0.38887,-0.152767,0.657744,0.355293,-0.248451,0.613626,0.38887,-0.152767,0.59197,0.179044
18,0.326016,0.0628011,1,0.28578,-0.236494,0.559469,0.242578,-0.310615,0.492599,0.28578,-0.236494,0.503522,0.111919
19,0.344128,0.059957,1,0.191173,-0.284433,0.461818,0.142623,-0.337143,0.386657,0.191173,-0.284433,0.415636,0.0618008
20,0.36224,0.0531234,1,0.105244,-0.304785,0.36771,0.0580828,-0.343292,0.298722,0.105244,-0.304785,0.330939,0.0270894
21,0.380352,0.044496,1,0.0323788,-0.311703,0.284144,-0.0112045,-0.339657,0.227059,0.0323788,-0.311703,0.25573,0.00644017
22,0.398464,0.0384539,1,-0.0262266,-0.308718,0.215522,-0.0668937,-0.332768,0.168577,-0.0262266,-0.308718,0.19397,-0.00395669
23,0.416576,0.0336373,1,-0.0731022,-0.304434,0.158582,-0.111241,-0.326326,0.120365,-0.0731022,-0.304434,0.142724,-0.0081149
24,0.434688,0.030626,1,-0.111215,-0.298637,0.111877,-0.146584,-0.322264,0.0801817,-0.111215,-0.298637,0.10069,-0.00870969
25,0.4528,0.0301304,1,-0.140318,-0.294306,0.0743713,-0.175083,-0.321467,0.0464926,-0.140318,-0.294306,0.0669341,-0.00730496
26,0.470912,0.0290272,1,-0.164885,-0.294116,0.0403515,-0.198603,-0.324224,0.0183432,-0.164885,-0.294116,0.0363164,-0.00465735
27,0.489024,0.0264016,1,-0.186319,-0.301421,0.00929985,-0.21869,-0.330485,-0.00478912,-0.186319,-0.301421,0.00836986,-0.00121291
28,0.507136,0.0241326,1,-0.205563,-0.312518,-0.0177044,-0.236581,-0.340008,-0.0231222,-0.205563,-0.312518,-0.015934,0.00254756
29,0.525248,0.0239264,1,-0.222513,-0.324643,-0.0380221,-0.253232,-0.352426,-0.0366656,-0.222513,-0.324643,-0.0342199,0.0059223
30,0.54336,0.0245366,1,-0.239072,-0.338138,-0.0516196,-0.269352,-0.367279,-0.0452934,-0.239072,-0.338138,-0.0464576,0.00863856
31,0.561472,0.0247022,1,-0.255794,-0.354758,-0.0586313,-0.285428,-0.384012,-0.0488042,-0.255794,-0.354758,-0.0527681,0.0104983
32,0.579584,0.0232113,1,-0.273877,-0.374417,-0.0559606,-0.301748,-0.401963,-0.0469771,-0.273877,-0.374417,-0.0503646,0.0107284
33,0.597696,0.0216221,1,-0.291779,-0.395037,-0.0468974,-0.318417,-0.42034,-0.0396326,-0.291779,-0.395037,-0.0422077,0.0095786
34,0.615808,0.0198528,1,-0.310085,-0.415713,-0.0328077,-0.335363,-0.438211,-0.026702,-0.310085,-0.415713,-0.0295269,0.00712122
35,0.63392,0.0174779,1,-0.329088,-0.436117,-0.0144057,-0.352346,-0.45451,-0.00830818,-0.329088,-0.436117,-0.0129651,0.00331852
36,0.652032,0.015708,1,-0.347254,-0.452757,0.00929649,-0.368967,-0.46807,0.0151504,-0.347254,-0.452757,0.00836684,-0.00225977
37,0.670144,0.0145311,1,-0.364108,-0.464296,0.0374037,-0.384683,-0.477701,0.0429223,-0.364108,-0.464296,0.0336633,-0.0095333
38,0.688256,0.0131353,1,-0.379724,-0.470639,0.0698329,-0.39884,-0.482302,0.0738554,-0.379724,-0.470639,0.0628496,-0.0185621
39,0.706368,0.0118349,1,-0.392711,-0.471396,0.104637,-0.410724,-0.48102,0.106401,-0.392711,-0.471396,0.0941732,-0.0287644
40,0.72448,0.0102528,1,-0.403574,-0.46597,0.140194,-0.419631,-0.473404,0.13869,-0.403574,-0.46597,0.126174,-0.0396049
41,0.742592,0.00968321,1,-0.41026,-0.453119,0.173611,-0.424952,-0.459544,0.168696,-0.41026,-0.453119,0.15625,-0.049858
42,0.760704,0.00997485,1,-0.412982,-0.433521,0.203315,-0.426261,-0.440125,0.194453,-0.412982,-0.433521,0.182984,-0.0587758
43,0.778816,0.011239,1,-0.410864,-0.408824,0.227145,-0.423386,-0.416386,0.214301,-0.410864,-0.408824,0.20443,-0.065328
44,0.796928,0.013388,1,-0.404491,-0.380262,0.244427,-0.416452,-0.389965,0.227092,-0.404491,-0.380262,0.219984,-0.0692079
45,0.81504,0.0166166,1,-0.393664,-0.350251,0.255213,-0.405876,-0.362676,0.232304,-0.393664,-0.350251,0.229692,-0.0703279
46,0.833152,0.0195268,1,-0.379607,-0.320657,0.257226,-0.392328,-0.336261,0.230049,-0.379607,-0.320657,0.231503,-0.0683513
47,0.851264,0.0221322,1,-0.362792,-0.29307,0.251168,-0.376648,-0.31219,0.220969,-0.362792,-0.29307,0.226051,-0.0637854
48,0.869376,0.0239772,1,-0.34475,-0.268218,0.236992,-0.359754,-0.291536,0.206075,-0.34475,-0.268218,0.213293,-0.057192
49,0.887488,0.0256728,1,-0.325664,-0.247868,0.21753,-0.342552,-0.274945,0.186564,-0.325664,-0.247868,0.195777,-0.0495892
50,0.9056,0.026966,1,-0.307006,-0.232443,0.193863,-0.325864,-0.262682,0.163673,-0.307006,-0.232443,0.174477,-0.041662
51,0.923712,0.0284634,1,-0.289012,-0.221572,0.168152,-0.310383,-0.254714,0.138566,-0.289012,-0.221572,0.151337,-0.0340186
52,0.941824,0.0297585,1,-0.272896,-0.21506,0.140809,-0.29665,-0.250815,0.112277,-0.272896,-0.21506,0.126728,-0.0268984
53,0.959936,0.0307645,1,-0.258942,-0.212606,0.112337,-0.285054,-0.250655,0.0856958,-0.258942,-0.212606,0.101104,-0.0203622
54,0.978048,0.0315071,1,-0.247619,-0.213826,0.0835923,-0.275854,-0.253877,0.0595758,-0.247619,-0.213826,0.0752331,-0.0144893
55,0.99616,0.0320082,1,-0.238644,-0.218714,0.0551567,-0.269195,-0.260138,0.0345589,-0.238644,-0.218714,0.049641,-0.00921398
56,1.01427,0.0325442,1,-0.232508,-0.226384,0.0280796,-0.265138,-0.269138,0.0112048,-0.232508,-0.226384,0.0252717,-0.00457013
57,1.03238,0.0334005,1,-0.229077,-0.236039,0.0027274,-0.263685,-0.280621,-0.00998045,-0.229077,-0.236039,0.00245466,-0.000437349
58,1.0505,0.0347211,1,-0.228218,-0.247322,-0.0204241,-0.264792,-0.29437,-0.02852,-0.228218,-0.247322,-0.0183817,0.00326281
59,1.06861,0.0361499,1,-0.22967,-0.26104,-0.041378,-0.268386,-0.310182,-0.043948,-0.22967,-0.26104,-0.0372402,0.0066523
60,1.08672,0.0377611,1,-0.233687,-0.276787,-0.0596907,-0.274372,-0.327848,-0.0557977,-0.233687,-0.276787,-0.0537217,0.00976425
61,1.10483,0.039384,1,-0.239715,-0.295369,-0.0751711,-0.28263,-0.347115,-0.0635987,-0.239715,-0.295369,-0.067654,0.0126138
62,1.12294,0.0410975,1,-0.248253,-0.315888,-0.0864919,-0.293008,-0.367652,-0.0668837,-0.248253,-0.315888,-0.0778427,0.0150303
63,1.14106,0.0428703,1,-0.258919,-0.338241,-0.0932087,-0.305312,-0.389008,-0.0652096,-0.258919,-0.338241,-0.0838879,0.0168935
64,1.15917,0.0445869,1,-0.271866,-0.361729,-0.0946464,-0.319288,-0.41058,-0.0581936,-0.271866,-0.361729,-0.0851817,0.0180118
65,1.17728,0.0461679,1,-0.286776,-0.385976,-0.0905905,-0.334601,-0.431586,-0.0455691,-0.286776,-0.385976,-0.0815315,0.0181854
66,1.19539,0.0472708,1,-0.303745,-0.410487,-0.0805716,-0.350817,-0.451054,-0.0272597,-0.303745,-0.410487,-0.0725145,0.0171313
67,1.2135,0.0476736,1,-0.32194,-0.434613,-0.0638687,-0.367391,-0.467844,-0.00346813,-0.32194,-0.434613,-0.0574818,0.0143933
68,1.23162,0.0470906,1,-0.341167,-0.456998,-0.0402252,-0.383656,-0.480717,0.0252325,-0.341167,-0.456998,-0.0362027,0.00960645
69,1.24973,0.0453859,1,-0.360189,-0.475982,-0.00948268,-0.398841,-0.488444,0.0578253,-0.360189,-0.475982,-0.00853441,0.00239089
70,1.26784,0.0422159,1,-0.378771,-0.489798,0.027746,-0.412108,-0.489973,0.0928239,-0.378771,-0.489798,0.0249714,-0.00735655
71,1.28595,0.0379006,1,-0.395641,-0.496923,0.069749,-0.422609,-0.48462,0.128321,-0.395641,-0.496923,0.0627741,-0.0193169
72,1.30406,0.0332173,1,-0.410527,-0.496019,0.113329,-0.429576,-0.472247,0.162136,-0.410527,-0.496019,0.101996,-0.0325671
73,1.32218,0.0289169,1,-0.421559,-0.486048,0.155669,-0.432416,-0.453373,0.192042,-0.421559,-0.486048,0.140102,-0.0459365
74,1.34029,0.0258094,1,-0.42813,-0.467892,0.193865,-0.430799,-0.429177,0.216054,-0.42813,-0.467892,0.174478,-0.0580996
75,1.3584,0.0249433,1,-0.429475,-0.443719,0.225602,-0.424722,-0.401366,0.232685,-0.429475,-0.443719,0.203042,-0.0678232
76,1.37651,0.0260444,1,-0.426044,-0.414738,0.249526,-0.414523,-0.371939,0.241134,-0.426044,-0.414738,0.224574,-0.0744165
77,1.39462,0.0286482,1,-0.417599,-0.382769,0.265648,-0.400846,-0.342896,0.241324,-0.417599,-0.382769,0.239083,-0.077654
78,1.41274,0.0316012,1,-0.40463,-0.349193,0.272431,-0.384559,-0.315984,0.233826,-0.40463,-0.349193,0.245188,-0.0771635
79,1.43085,0.0338822,1,-0.387382,-0.316712,0.268969,-0.366654,-0.292524,0.21968,-0.387382,-0.316712,0.242072,-0.0729355
80,1.44896,0.0349527,1,-0.368102,-0.287106,0.255655,-0.348134,-0.273345,0.200185,-0.368102,-0.287106,0.23009,-0.0658751
81,1.46707,0.0353992,1,-0.347413,-0.261779,0.235401,-0.329927,-0.258817,0.176709,-0.347413,-0.261779,0.211861,-0.0572471
82,1.48518,0.0350826,1,-0.326491,-0.241592,0.209303,-0.312826,-0.248952,0.150554,-0.326491,-0.241592,0.188373,-0.047835
83,1.5033,0.0342805,1,-0.305913,-0.227572,0.179443,-0.297455,-0.243512,0.122876,-0.305913,-0.227572,0.161498,-0.0384257
84,1.52141,0.0331227,1,-0.287358,-0.219897,0.147455,-0.284272,-0.242133,0.0946586,-0.287358,-0.219897,0.132709,-0.0296606
85,1.53952,0.0317936,1,-0.271499,-0.218323,0.115181,-0.273576,-0.244404,0.0667246,-0.271499,-0.218323,0.103662,-0.02189
86,1.55763,0.0302621,1,-0.258513,-0.2212,0.0830299,-0.265541,-0.249935,0.03976,-0.258513,-0.2212,0.0747269,-0.015025
87,1.57574,0.028553,1,-0.24855,-0.228262,0.0517911,-0.260243,-0.258384,0.0143513,-0.24855,-0.228262,0.046612,-0.00901089
88,1.59386,0.0270379,1,-0.242139,-0.238358,0.0223768,-0.257688,-0.269471,-0.00898107,-0.242139,-0.238358,0.0201391,-0.0037928
89,1.61197,0.0262583,1,-0.238984,-0.250292,-0.00435037,-0.257835,-0.28297,-0.029753,-0.238984,-0.250292,-0.00391533,0.000727769
90,1.63008,0.0263022,1,-0.238649,-0.264132,-0.0275218,-0.260613,-0.298689,-0.0474925,-0.238649,-0.264132,-0.0247696,0.00459764
91,1.64819,0.0265316,1,-0.241117,-0.280334,-0.0478661,-0.265931,-0.316446,-0.0617235,-0.241117,-0.280334,-0.0430795,0.00807892
92,1.6663,0.0269496,1,-0.246511,-0.298953,-0.0638291,-0.273677,-0.336031,-0.0719567,-0.246511,-0.298953,-0.0574462,0.0110142
93,1.68442,0.0272423,1,-0.254411,-0.32025,-0.0756307,-0.283721,-0.35717,-0.077691,-0.254411,-0.32025,-0.0680676,0.0134689
94,1.70253,0.0277489,1,-0.264813,-0.343043,-0.0824712,-0.295892,-0.379482,-0.078427,-0.264813,-0.343043,-0.074224,0.0152876
95,1.72064,0.0281223,1,-0.277511,-0.367623,-0.0840628,-0.30997,-0.40243,-0.0736971,-0.277511,-0.367623,-0.0756565,0.0163298
96,1.73875,0.0282813,1,-0.292715,-0.392936,-0.0794582,-0.325661,-0.425292,-0.0631152,-0.292715,-0.392936,-0.0715123,0.016281
97,1.75686,0.028452,1,-0.309612,-0.417961,-0.0686193,-0.342572,-0.447128,-0.0464494,-0.309612,-0.417961,-0.0617574,0.0148718
98,1.77498,0.0281544,1,-0.328059,-0.44184,-0.0506116,-0.360189,-0.466785,-0.023716,-0.328059,-0.44184,-0.0455504,0.0116225
99,1.79309,0.0271421,1,-0.347007,-0.463489,-0.0249408,-0.37787,-0.482937,0.00471315,-0.347007,-0.463489,-0.0224468,0.00605826
100,1.8112,0.0252709,1,-0.366126,-0.480879,0.00776673,-0.394835,-0.494189,0.0380078,-0.366126,-0.480879,0.00699005,-0.00199052
101,1.82931,0.0227476,1,-0.384042,-0.492315,0.0461708,-0.4102,-0.499229,0.0748119,-0.384042,-0.492315,0.0415537,-0.0124121
102,1.84742,0.0193031,1,-0.400514,-0.496685,0.0885329,-0.42303,-0.497045,0.113246,-0.400514,-0.496685,0.0796796,-0.0248211
103,1.86554,0.0157533,1,-0.413909,-0.492883,0.131806,-0.432417,-0.487144,0.151016,-0.413909,-0.492883,0.118626,-0.0381891
104,1.88365,0.0125151,1,-0.42335,-0.479778,0.172743,-0.437597,-0.469736,0.185631,-0.42335,-0.479778,0.155469,-0.0511916
105,1.90176,0.0105847,1,-0.427688,-0.45947,0.208239,-0.43805,-0.445804,0.214716,-0.427688,-0.45947,0.187415,-0.0623429
106,1.91987,0.0100792,1,-0.427534,-0.433379,0.236987,-0.4336,-0.417022,0.236338,-0.427534,-0.433379,0.213288,-0.070924
107,1.93798,0.0115156,1,-0.422021,-0.403083,0.258421,-0.424451,-0.385529,0.249268,-0.422021,-0.403083,0.232579,-0.0763413
108,1.9561,0.0139958,1,-0.411909,-0.369526,0.271374,-0.411177,-0.353607,0.253107,-0.411909,-0.369526,0.244236,-0.078247
109,1.97421,0.0171285,1,-0.396865,-0.33595,0.275012,-0.394651,-0.323347,0.248246,-0.396865,-0.33595,0.247511,-0.0763998
110,1.99232,0.0191811,1,-0.378874,-0.30393,0.267916,-0.375925,-0.29641,0.23569,-0.378874,-0.30393,0.241124,-0.0710545
111,2.01043,0.0204557,1,-0.358696,-0.275229,0.252131,-0.356113,-0.273902,0.216819,-0.358696,-0.275229,0.226918,-0.0633067
112,2.02854,0.0212651,1,-0.337635,-0.250965,0.229558,-0.336274,-0.256379,0.193151,-0.337635,-0.250965,0.206602,-0.0542548
113,2.04666,0.0218107,1,-0.316404,-0.232363,0.202105,-0.317333,-0.243941,0.166158,-0.316404,-0.232363,0.181895,-0.0447628
114,2.06477,0.0220566,1,-0.296068,-0.219829,0.171363,-0.300031,-0.236369,0.137155,-0.296068,-0.219829,0.154227,-0.0355146
115,2.08288,0.0218596,1,-0.277993,-0.213734,0.138948,-0.284918,-0.233261,0.107258,-0.277993,-0.213734,0.125053,-0.0270386
116,2.10099,0.0213098,1,-0.262871,-0.213079,0.106164,-0.272363,-0.234151,0.0773849,-0.262871,-0.213079,0.0955472,-0.0195351
117,2.1191,0.0203725,1,-0.250475,-0.217058,0.0734934,-0.262582,-0.238579,0.048287,-0.250475,-0.217058,0.066144,-0.0128858
118,2.13722,0.0194767,1,-0.241165,-0.224632,0.0421405,-0.255677,-0.246148,0.0205889,-0.241165,-0.224632,0.0379264,-0.00711395
119,2.15533,0.0189343,1,-0.235354,-0.234696,0.0130698,-0.251664,-0.256532,-0.00517008,-0.235354,-0.234696,0.0117628,-0.00215322
120,2.17344,0.0190718,1,-0.232571,-0.246468,-0.0130107,-0.250504,-0.269484,-0.0284989,-0.232571,-0.246468,-0.0117096,0.00211814
121,2.19155,0.0194947,1,-0.232578,-0.260493,-0.0360212,-0.252127,-0.284812,-0.048925,-0.232578,-0.260493,-0.0324191,0.0058644
122,2.20966,0.0200191,1,-0.23551,-0.276548,-0.0560693,-0.256444,-0.302355,-0.0659717,-0.23551,-0.276548,-0.0504624,0.00924343
123,2.22778,0.020404,1,-0.241003,-0.295476,-0.072173,-0.263354,-0.321949,-0.0791427,-0.241003,-0.295476,-0.0649557,0.0121757
124,2.24589,0.0205423,1,-0.249357,-0.316874,-0.0838704,-0.272739,-0.343386,-0.0879163,-0.249357,-0.316874,-0.0754834,0.0146396
125,2.264,0.0205262,1,-0.260095,-0.340494,-0.0908161,-0.284459,-0.366369,-0.0917508,-0.260095,-0.340494,-0.0817345,0.0165346
126,2.28211,0.0203119,1,-0.273508,-0.365611,-0.0921156,-0.298332,-0.39046,-0.0901038,-0.273508,-0.365611,-0.082904,0.017636
127,2.30022,0.0198946,1,-0.289027,-0.391909,-0.0872904,-0.314114,-0.415036,-0.0824731,-0.289027,-0.391909,-0.0785614,0.0176605
128,2.31834,0.0193963,1,-0.306681,-0.417778,-0.0757743,-0.331469,-0.439241,-0.0684601,-0.306681,-0.417778,-0.0681969,0.016267
129,2.33645,0.0188057,1,-0.325465,-0.442475,-0.0568979,-0.349947,-0.461967,-0.0478624,-0.325465,-0.442475,-0.0512081,0.0129628
130,2.35456,0.0176741,1,-0.345297,-0.464808,-0.0300978,-0.368952,-0.481864,-0.0207898,-0.345297,-0.464808,-0.027088,0.00727487
131,2.37267,0.0165019,1,-0.364827,-0.48266,0.00357238,-0.387734,-0.497411,0.0122081,-0.364827,-0.48266,0.00321515,-0.000912311
132,2.39078,0.0151043,1,-0.38356,-0.494398,0.0431401,-0.4054,-0.507048,0.0500272,-0.38356,-0.494398,0.0388261,-0.0115828
133,2.4089,0.0134016,1,-0.40042,-0.499206,0.0872191,-0.420945,-0.509387,0.0909507,-0.40042,-0.499206,0.0784972,-0.024447
134,2.42701,0.0117828,1,-0.41466,-0.495256,0.132163,-0.433333,-0.503475,0.132689,-0.41466,-0.495256,0.118946,-0.0383618
135,2.44512,0.0110036,1,-0.424098,-0.48199,0.175198,-0.441604,-0.489047,0.172556,-0.424098,-0.48199,0.157679,-0.0520109
136,2.46323,0.0102108,1,-0.428902,-0.460986,0.212347,-0.445003,-0.466698,0.207773,-0.428902,-0.460986,0.191112,-0.0637532
137,2.48134,0.00937625,1,-0.428658,-0.43398,0.242159,-0.443102,-0.437899,0.235855,-0.428658,-0.43398,0.217943,-0.0726625
138,2.49946,0.00930526,1,-0.423084,-0.402071,0.264374,-0.435889,-0.40482,0.254979,-0.423084,-0.402071,0.237936,-0.0782967
139,2.51757,0.0104626,1,-0.412173,-0.367212,0.277853,-0.423784,-0.369997,0.264221,-0.412173,-0.367212,0.250068,-0.0801665
140,2.53568,0.0122333,1,-0.396598,-0.332093,0.281311,-0.407597,-0.335934,0.263613,-0.396598,-0.332093,0.25318,-0.0780971
141,2.55379,0.0133508,1,-0.377806,-0.298966,0.273718,-0.388412,-0.304754,0.254002,-0.377806,-0.298966,0.246346,-0.0723886
142,2.5719,0.0141088,1,-0.356869,-0.268963,0.25689,-0.367447,-0.27798,0.236791,-0.356869,-0.268963,0.231201,-0.0641733
143,2.59002,0.0148848,1,-0.334813,-0.244033,0.233308,-0.345915,-0.256477,0.213646,-0.334813,-0.244033,0.209977,-0.0546803
144,2.60813,0.0156058,1,-0.312824,-0.224714,0.204539,-0.324907,-0.240529,0.18625,-0.312824,-0.224714,0.184085,-0.0447893
145,2.62624,0.0161282,1,-0.291728,-0.212223,0.172861,-0.305327,-0.229987,0.156132,-0.291728,-0.212223,0.155575,-0.0352998
146,2.64435,0.0161408,1,-0.273091,-0.205951,0.139487,-0.287861,-0.224435,0.124595,-0.273091,-0.205951,0.125539,-0.026665
147,2.66246,0.0156885,1,-0.257382,-0.205417,0.105886,-0.27298,-0.223341,0.0927015,-0.257382,-0.205417,0.0952971,-0.0190772
148,2.68058,0.0148065,1,-0.244822,-0.209465,0.0721679,-0.260973,-0.226161,0.0613011,-0.244822,-0.209465,0.0649511,-0.0123678
149,2.69869,0.0141546,1,-0.23509,-0.217104,0.0401009,-0.251981,-0.232412,0.0310792,-0.23509,-0.217104,0.0360908,-0.00659912
150,2.7168,0.0138252,1,-0.229004,-0.226783,0.0103866,-0.246042,-0.241702,0.0026064,-0.229004,-0.226783,0.00934793,-0.001665
151,2.73491,0.0139831,1,-0.22577,-0.238416,-0.0164903,-0.243124,-0.253734,-0.0236163,-0.22577,-0.238416,-0.0148413,0.00260611
152,2.75302,0.0144216,1,-0.225546,-0.251917,-0.0403685,-0.243156,-0.268295,-0.0471193,-0.225546,-0.251917,-0.0363317,0.00637346
153,2.77114,0.0148445,1,-0.227975,-0.267859,-0.0617282,-0.246046,-0.285235,-0.0674347,-0.227975,-0.267859,-0.0555553,0.00985072
154,2.78925,0.0151674,1,-0.233272,-0.286316,-0.0793079,-0.251696,-0.304426,-0.0840741,-0.233272,-0.286316,-0.0713771,0.0129502
155,2.80736,0.0151044,1,-0.241217,-0.307936,-0.0926301,-0.26,-0.325727,-0.0965146,-0.241217,-0.307936,-0.0833671,0.0156408
156,2.82547,0.0148633,1,-0.25196,-0.331725,-0.101043,-0.270843,-0.348937,-0.104194,-0.25196,-0.331725,-0.0909387,0.0178212
157,2.84358,0.0143514,1,-0.265335,-0.357618,-0.103995,-0.284083,-0.373743,-0.10652,-0.265335,-0.357618,-0.0935954,0.0193154
158,2.8617,0.013833,1,-0.281136,-0.384503,-0.100462,-0.299533,-0.39966,-0.102893,-0.281136,-0.384503,-0.0904157,0.0197705
159,2.87981,0.0133045,1,-0.298776,-0.412006,-0.0902666,-0.31693,-0.42598,-0.0927591,-0.298776,-0.412006,-0.08124,0.0188787
160,2.89792,0.0128215,1,-0.31835,-0.438451,-0.0727005,-0.335907,-0.451718,-0.0756865,-0.31835,-0.438451,-0.0654305,0.016201
161,2.91603,0.0125631,1,-0.338745,-0.463095,-0.0468997,-0.355957,-0.475596,-0.0514791,-0.338745,-0.463095,-0.0422097,0.0111209
162,2.93414,0.0126844,1,-0.359699,-0.483377,-0.0137758,-0.376406,-0.496056,-0.020317,-0.359699,-0.483377,-0.0123982,0.0034686
163,2.95226,0.0135067,1,-0.37953,-0.497771,0.0259216,-0.396401,-0.51136,0.0170903,-0.37953,-0.497771,0.0233294,-0.0068866
164,2.97037,0.0144817,1,-0.398152,-0.505084,0.0708823,-0.414924,-0.519762,0.0593756,-0.398152,-0.505084,0.063794,-0.0197553
165,2.98848,0.0153633,1,-0.414097,-0.504362,0.118244,-0.430846,-0.519775,0.104461,-0.414097,-0.504362,0.10642,-0.0342752
166,3.00659,0.0165886,1,-0.42587,-0.493184,0.16487,-0.443021,-0.510488,0.14964,-0.42587,-0.493184,0.148383,-0.0491492
167,3.0247,0.0173644,1,-0.432104,-0.473272,0.206781,-0.450423,-0.491849,0.191819,-0.432104,-0.473272,0.186103,-0.0625457
168,3.04282,0.0169261,1,-0.433671,-0.446309,0.240933,-0.452298,-0.464838,0.227925,-0.433671,-0.446309,0.21684,-0.0731401
169,3.06093,0.016291,1,-0.429448,-0.413943,0.267011,-0.4483,-0.431409,0.255359,-0.429448,-0.413943,0.24031,-0.0802671
170,3.07904,0.016071,1,-0.419561,-0.377364,0.283777,-0.438572,-0.39422,0.272405,-0.419561,-0.377364,0.2554,-0.0833434
171,3.09715,0.0162051,1,-0.404163,-0.340035,0.290425,-0.423743,-0.356187,0.278443,-0.404163,-0.340035,0.261382,-0.0821653
172,3.11526,0.0159676,1,-0.385234,-0.304209,0.285334,-0.404846,-0.320018,0.273916,-0.385234,-0.304209,0.2568,-0.0769443
173,3.13338,0.0157812,1,-0.363506,-0.271604,0.269944,-0.383165,-0.287845,0.260101,-0.363506,-0.271604,0.24295,-0.0686885
174,3.15149,0.0157966,1,-0.340455,-0.243661,0.246595,-0.360072,-0.261051,0.238761,-0.340455,-0.243661,0.221936,-0.0587682
175,3.1696,0.0159767,1,-0.31703,-0.221842,0.217522,-0.336866,-0.240272,0.211811,-0.31703,-0.221842,0.19577,-0.0482726
176,3.18771,0.0159471,1,-0.294618,-0.206932,0.184878,-0.31467,-0.225542,0.181068,-0.294618,-0.206932,0.166391,-0.0381279
177,3.20582,0.015524,1,-0.274173,-0.198911,0.150617,-0.294366,-0.216488,0.148106,-0.274173,-0.198911,0.135555,-0.0289066
178,3.22394,0.0146628,1,-0.256757,-0.19674,0.115813,-0.276588,-0.212525,0.114206,-0.256757,-0.19674,0.104232,-0.0208151
179,3.24205,0.0132629,1,-0.24282,-0.199992,0.0809605,-0.26174,-0.213008,0.0803804,-0.24282,-0.199992,0.0728644,-0.0137612
180,3.26016,0.0121736,1,-0.231922,-0.206556,0.0470705,-0.250039,-0.217336,0.0474176,-0.231922,-0.206556,0.0423635,-0.00764168
181,3.27827,0.0113481,1,-0.224212,-0.215776,0.0158976,-0.241564,-0.225009,0.0159455,-0.224212,-0.215776,0.0143079,-0.00249511
182,3.29638,0.0107543,1,-0.219981,-0.226694,-0.0127474,-0.236299,-0.235645,-0.0135117,-0.219981,-0.226694,-0.0114726,0.00196293
183,3.3145,0.0107179,1,-0.218347,-0.239507,-0.0383549,-0.234171,-0.248976,-0.0404856,-0.218347,-0.239507,-0.0345194,0.00586227
184,3.33261,0.0107598,1,-0.219841,-0.254505,-0.0616412,-0.235084,-0.264831,-0.0645244,-0.219841,-0.254505,-0.0554771,0.00948586
185,3.35072,0.0108137,1,-0.223964,-0.272326,-0.0818963,-0.238933,-0.283099,-0.085163,-0.223964,-0.272326,-0.0737067,0.0128393
186,3.36883,0.0107568,1,-0.230953,-0.292859,-0.0980607,-0.245615,-0.303695,-0.1019,-0.230953,-0.292859,-0.0882546,0.0158532
187,3.38694,0.0103473,1,-0.240715,-0.316685,-0.109742,-0.255029,-0.326511,-0.114184,-0.240715,-0.316685,-0.0987682,0.0184917
188,3.40506,0.00999766,1,-0.253406,-0.34233,-0.115797,-0.267068,-0.351369,-0.121409,-0.253406,-0.34233,-0.104218,0.0205406
189,3.42317,0.00967623,1,-0.268718,-0.369934,-0.115808,-0.281598,-0.377959,-0.122921,-0.268718,-0.369934,-0.104228,0.0217839
190,3.44128,0.00978081,1,-0.286236,-0.398488,-0.108829,-0.298438,-0.405774,-0.118049,-0.286236,-0.398488,-0.097946,0.0218055
191,3.45939,0.0103063,1,-0.305613,-0.427294,-0.0945024,-0.317325,-0.434043,-0.106161,-0.305613,-0.427294,-0.0850522,0.0202168
192,3.4775,0.0113846,1,-0.326725,-0.454608,-0.072104,-0.337872,-0.461679,-0.0867523,-0.326725,-0.454608,-0.0648936,0.0164907
193,3.49562,0.0131021,1,-0.348548,-0.478972,-0.0415297,-0.359534,-0.487243,-0.0595824,-0.348548,-0.478972,-0.0373768,0.0101326
194,3.51373,0.0152485,1,-0.37036,-0.49789,-0.00364945,-0.381572,-0.508969,-0.0248411,-0.37036,-0.49789,-0.0032845,0.000946126
195,3.53184,0.0177292,1,-0.390771,-0.510152,0.0406595,-0.40304,-0.524876,0.0166673,-0.390771,-0.510152,0.0365935,-0.011122
196,3.54995,0.0201156,1,-0.409522,-0.514423,0.0896988,-0.422797,-0.532981,0.0633688,-0.409522,-0.514423,0.0807289,-0.0257135
197,3.56806,0.022157,1,-0.424606,-0.509037,0.140039,-0.439576,-0.531622,0.112861,-0.424606,-0.509037,0.126035,-0.0416229
198,3.58618,0.024065,1,-0.434499,-0.492638,0.188247,-0.452099,-0.519838,0.16202,-0.434499,-0.492638,0.169422,-0.0572551
199,3.60429,0.0243988,1,-0.438896,-0.46806,0.229523,-0.459236,-0.49771,0.207317,-0.438896,-0.46806,0.206571,-0.0705158
200,3.6224,0.0236463,1,-0.43801,-0.436488,0.262125,-0.460193,-0.466532,0.24531,-0.43801,-0.436488,0.235912,-0.0803693
201,3.64051,0.0228315,1,-0.430831,-0.399758,0.285763,-0.454659,-0.428712,0.273204,-0.430831,-0.399758,0.257186,-0.0861808
202,3.65862,0.0223837,1,-0.417488,-0.359643,0.298661,-0.442895,-0.387392,0.289303,-0.417488,-0.359643,0.268795,-0.0872812
203,3.67674,0.0216515,1,-0.399075,-0.32028,0.29958,-0.425709,-0.3459,0.293209,-0.399075,-0.32028,0.269622,-0.0836885
204,3.69485,0.0207149,1,-0.377451,-0.283609,0.2886,-0.404338,-0.307192,0.285722,-0.377451,-0.283609,0.25974,-0.0762528
205,3.71296,0.0200638,1,-0.353479,-0.251337,0.267788,-0.380265,-0.273465,0.268508,-0.353479,-0.251337,0.241009,-0.0662602
206,3.73107,0.019734,1,-0.32861,-0.224672,0.23972,-0.355016,-0.246011,0.243673,-0.32861,-0.224672,0.215748,-0.0551421
207,3.74918,0.0191643,1,-0.30421,-0.205362,0.207052,-0.329996,-0.225284,0.213378,-0.30421,-0.205362,0.186347,-0.0440911
208,3.7673,0.0182572,1,-0.281417,-0.193332,0.171749,-0.306374,-0.211102,0.179583,-0.281417,-0.193332,0.154574,-0.0338332
209,3.78541,0.0168649,1,-0.261122,-0.188235,0.135751,-0.285032,-0.202893,0.143919,-0.261122,-0.188235,0.122176,-0.0248133
210,3.80352,0.0149891,1,-0.244607,-0.188806,0.0994124,-0.266573,-0.199915,0.107667,-0.244607,-0.188806,0.0894711,-0.0170219
211,3.82163,0.0131931,1,-0.231441,-0.193984,0.0634004,-0.25135,-0.201415,0.071802,-0.231441,-0.193984,0.0570604,-0.0102714
212,3.83974,0.0115701,1,-0.221528,-0.201776,0.0297742,-0.239525,-0.206732,0.0370672,-0.221528,-0.201776,0.0267968,-0.00461709
213,3.85786,0.0100085,1,-0.215038,-0.211687,-0.0012957,-0.231122,-0.215339,0.00404266,-0.215038,-0.211687,-0.00116613,0.000195037
214,3.87597,0.00873453,1,-0.211646,-0.223251,-0.0295317,-0.22608,-0.22686,-0.0267891,-0.211646,-0.223251,-0.0265786,0.0043752
215,3.89408,0.00801678,1,-0.211001,-0.23706,-0.0554272,-0.224293,-0.241053,-0.0549912,-0.211001,-0.23706,-0.0498845,0.00818664
216,3.91219,0.00759464,1,-0.213435,-0.253081,-0.0787366,-0.225642,-0.25778,-0.0801325,-0.213435,-0.253081,-0.0708629,0.0117636
217,3.9303,0.00738167,1,-0.218589,-0.272164,-0.09862,-0.23001,-0.276979,-0.101756,-0.218589,-0.272164,-0.088758,0.01509
218,3.94842,0.00714034,1,-0.226661,-0.294365,-0.114682,-0.237295,-0.298612,-0.119355,-0.226661,-0.294365,-0.103214,0.0181958
219,3.96653,0.00710534,1,-0.237582,-0.319525,-0.125621,-0.247406,-0.322624,-0.132355,-0.237582,-0.319525,-0.113058,0.0208916
220,3.98464,0.00756954,1,-0.251544,-0.346464,-0.130611,-0.260249,-0.348887,-0.14011,-0.251544,-0.346464,-0.11755,0.0229981
221,4.00275,0.00856831,1,-0.268101,-0.375602,-0.129259,-0.275716,-0.377131,-0.141904,-0.268101,-0.375602,-0.116333,0.024258
222,4.02086,0.0103304,1,-0.286946,-0.406023,-0.120411,-0.293649,-0.406872,-0.136979,-0.286946,-0.406023,-0.10837,0.024186
223,4.03898,0.0126358,1,-0.307637,-0.436222,-0.103621,-0.313804,-0.437338,-0.12459,-0.307637,-0.436222,-0.0932585,0.0223142
224,4.05709,0.0153245,1,-0.330141,-0.464889,-0.0782956,-0.33581,-0.467389,-0.104105,-0.330141,-0.464889,-0.070466,0.018094
225,4.0752,0.0180725,1,-0.353375,-0.490161,-0.0448435,-0.359117,-0.495476,-0.0751524,-0.353375,-0.490161,-0.0403592,0.0110926
226,4.09331,0.0209466,1,-0.37635,-0.509456,-0.00362709,-0.382955,-0.519646,-0.0378151,-0.37635,-0.509456,-0.00326438,0.000955538
227,4.11142,0.0238822,1,-0.397799,-0.521301,0.0441744,-0.406311,-0.537654,0.00714476,-0.397799,-0.521301,0.0397569,-0.0123008
228,4.12954,0.0266321,1,-0.417168,-0.524489,0.0967642,-0.427939,-0.547197,0.0580843,-0.417168,-0.524489,0.0870878,-0.0282568
229,4.14765,0.0288486,1,-0.432552,-0.516965,0.150386,-0.446423,-0.546291,0.112382,-0.432552,-0.516965,0.135348,-0.0455349
230,4.16576,0.0307119,1,-0.442047,-0.497681,0.20113,-0.46031,-0.53373,0.166539,-0.442047,-0.497681,0.181017,-0.0622364
231,4.18387,0.0307771,1,-0.445759,-0.469828,0.244073,-0.468301,-0.509514,0.21653,-0.445759,-0.469828,0.219666,-0.0761583
232,4.20198,0.0298112,1,-0.443701,-0.434637,0.277556,-0.469464,-0.475078,0.258402,-0.443701,-0.434637,0.249801,-0.0862063
233,4.2201,0.0287593,1,-0.434758,-0.394189,0.300712,-0.463427,-0.433188,0.288946,-0.434758,-0.394189,0.270641,-0.0915157
234,4.23821,0.0279129,1,-0.419271,-0.350962,0.311713,-0.450475,-0.387485,0.306256,-0.419271,-0.350962,0.280542,-0.0914846
235,4.25632,0.0267518,1,-0.398772,-0.309033,0.309796,-0.431533,-0.3418,0.309967,-0.398772,-0.309033,0.278816,-0.0864765
236,4.27443,0.0254453,1,-0.37507,-0.270785,0.295371,-0.408015,-0.299492,0.301111,-0.37507,-0.270785,0.265834,-0.0775494
237,4.29254,0.0245716,1,-0.349045,-0.237624,0.271308,-0.381606,-0.262984,0.281698,-0.349045,-0.237624,0.244177,-0.0662891
238,4.31066,0.0237771,1,-0.322538,-0.21103,0.240228,-0.354022,-0.233613,0.254187,-0.322538,-0.21103,0.216205,-0.0542379
239,4.32877,0.0224334,1,-0.296973,-0.192664,0.205061,-0.326817,-0.211741,0.221036,-0.296973,-0.192664,0.184555,-0.0426283
240,4.34688,0.0208676,1,-0.273223,-0.181745,0.16747,-0.301258,-0.197024,0.184409,-0.273223,-0.181745,0.150723,-0.0320295
241,4.36499,0.0187197,1,-0.252405,-0.177841,0.129807,-0.278277,-0.188708,0.14605,-0.252405,-0.177841,0.116826,-0.0229347
242,4.3831,0.0162786,1,-0.235723,-0.179458,0.0919349,-0.258482,-0.185884,0.107289,-0.235723,-0.179458,0.0827414,-0.0151699
243,4.40122,0.0139799,1,-0.222699,-0.185202,0.0549713,-0.242208,-0.187672,0.0691008,-0.222699,-0.185202,0.0494742,-0.00856946
244,4.41933,0.0118557,1,-0.212665,-0.193456,0.0205606,-0.22958,-0.193322,0.0322034,-0.212665,-0.193456,0.0185045,-0.00306076
245,4.43744,0.00956894,1,-0.206298,-0.203474,-0.0111798,-0.22058,-0.202259,-0.00285908,-0.206298,-0.203474,-0.0100618,0.00161445
246,4.45555,0.00746975,1,-0.20297,-0.215232,-0.0399771,-0.215107,-0.214086,-0.0356427,-0.20297,-0.215232,-0.0359794,0.00567992
247,4.47366,0.00612945,1,-0.202503,-0.229479,-0.0668649,-0.213021,-0.228566,-0.0657467,-0.202503,-0.229479,-0.0601784,0.00947823
248,4.49178,0.00534279,1,-0.205081,-0.245853,-0.0910869,-0.214177,-0.245591,-0.0927709,-0.205081,-0.245853,-0.0819782,0.0130761
249,4.50989,0.00530565,1,-0.210434,-0.26557,-0.1118,-0.218446,-0.265139,-0.116282,-0.210434,-0.26557,-0.10062,0.0164686
250,4.528,0.00560835,1,-0.218906,-0.288539,-0.128989,-0.225722,-0.287232,-0.135786,-0.218906,-0.288539,-0.11609,0.0197655
251,4.54611,0.00661029,1,-0.230329,-0.314412,-0.141043,-0.235924,-0.311889,-0.150709,-0.230329,-0.314412,-0.126939,0.0227405
252,4.56422,0.00824609,1,-0.244623,-0.342038,-0.147111,-0.248984,-0.339066,-0.160383,-0.244623,-0.342038,-0.1324,0.0251907
253,4.58234,0.0105393,1,-0.261686,-0.372562,-0.146505,-0.264827,-0.368589,-0.164043,-0.261686,-0.372562,-0.131854,0.0268367
254,4.60045,0.0134316,1,-0.281414,-0.404574,-0.138101,-0.283341,-0.400077,-0.160845,-0.281414,-0.404574,-0.124291,0.0272044
255,4.61856,0.0166822,1,-0.30305,-0.436945,-0.121336,-0.304339,-0.432845,-0.149909,-0.30305,-0.436945,-0.109203,0.0257396
256,4.63667,0.0200721,1,-0.326716,-0.467681,-0.0957076,-0.32751,-0.465816,-0.130414,-0.326716,-0.467681,-0.0861368,0.0218885
257,4.65478,0.0231914,1,-0.351322,-0.495533,-0.0616326,-0.352359,-0.497442,-0.101742,-0.351322,-0.495533,-0.0554693,0.015157
258,4.6729,0.0263987,1,-0.376011,-0.517583,-0.0187408,-0.378152,-0.525671,-0.0636928,-0.376011,-0.517583,-0.0168667,0.00493272
259,4.69101,0.0293465,1,-0.399256,-0.531949,0.0312515,-0.403877,-0.548022,-0.0167482,-0.399256,-0.531949,0.0281264,-0.00873415
260,4.70912,0.0321823,1,-0.420384,-0.53702,0.0869649,-0.428227,-0.561798,0.0376531,-0.420384,-0.53702,0.0782684,-0.025591
261,4.72723,0.0343267,1,-0.437662,-0.531043,0.144601,-0.449655,-0.564485,0.0969276,-0.437662,-0.531043,0.130141,-0.0443004
262,4.74534,0.0360126,1,-0.449033,-0.512135,0.199883,-0.466499,-0.554295,0.15736,-0.449033,-0.512135,0.179895,-0.0628279
263,4.76346,0.0363446,1,-0.453679,-0.482804,0.247797,-0.477185,-0.530728,0.214427,-0.453679,-0.482804,0.223017,-0.0786942
264,4.78157,0.0351987,1,-0.452406,-0.445593,0.285592,-0.480489,-0.494967,0.263446,-0.452406,-0.445593,0.257033,-0.0904424
265,4.79968,0.0337937,1,-0.44373,-0.402315,0.312095,-0.475784,-0.449875,0.300408,-0.44373,-0.402315,0.280886,-0.0969401
266,4.81779,0.032751,1,-0.427778,-0.355305,0.32529,-0.4632,-0.399539,0.322737,-0.427778,-0.355305,0.292761,-0.0974061
267,4.8359,0.0313419,1,-0.406207,-0.309523,0.324224,-0.443637,-0.34846,0.329683,-0.406207,-0.309523,0.291802,-0.0921913
268,4.85402,0.0297138,1,-0.380936,-0.267915,0.309819,-0.418618,-0.300696,0.322239,-0.380936,-0.267915,0.278837,-0.082615
269,4.87213,0.02853,1,-0.353026,-0.231753,0.284836,-0.39003,-0.259234,0.302651,-0.353026,-0.231753,0.256352,-0.0703882
270,4.89024,0.0273134,1,-0.324486,-0.202825,0.252256,-0.35984,-0.225745,0.273769,-0.324486,-0.202825,0.22703,-0.0572975
271,4.90835,0.0254409,1,-0.296966,-0.182738,0.215266,-0.329843,-0.200701,0.238464,-0.296966,-0.182738,0.193739,-0.0447486
272,4.92646,0.0233616,1,-0.271315,-0.170652,0.175673,-0.301507,-0.183689,0.199247,-0.271315,-0.170652,0.158106,-0.0333639
273,4.94458,0.020743,1,-0.248692,-0.16596,0.136001,-0.275906,-0.173794,0.158111,-0.248692,-0.16596,0.122401,-0.0236757
274,4.96269,0.0179504,1,-0.230346,-0.166926,0.0962623,-0.253732,-0.169914,0.116531,-0.230346,-0.166926,0.0866361,-0.0155216
275,4.9808,0.0150941,1,-0.216184,-0.172278,0.0578241,-0.235353,-0.170985,0.0755551,-0.216184,-0.172278,0.0520417,-0.00875047
276,4.99891,0.0126168,1,-0.204919,-0.180081,0.0215409,-0.220891,-0.176108,0.0359164,-0.204919,-0.180081,0.0193868,-0.0030899
277,5.01702,0.00986758,1,-0.197518,-0.189655,-0.0120084,-0.210304,-0.184597,-0.00185708,-0.197518,-0.189655,-0.0108075,0.00166031
278,5.03514,0.0071872,1,-0.19327,-0.200967,-0.0425041,-0.203451,-0.195988,-0.0373559,-0.19327,-0.200967,-0.0382537,0.00575033
279,5.05325,0.0054926,1,-0.191964,-0.214765,-0.0711148,-0.200155,-0.210008,-0.0702237,-0.191964,-0.214765,-0.0640033,0.00955604
280,5.07136,0.00471977,1,-0.193713,-0.230791,-0.0975982,-0.200234,-0.226548,-0.100109,-0.193713,-0.230791,-0.0878384,0.0132342
281,5.08947,0.00523116,1,-0.198314,-0.249974,-0.12064,-0.203533,-0.245613,-0.126627,-0.198314,-0.249974,-0.108576,0.0167472
282,5.10758,0.00637128,1,-0.206079,-0.272427,-0.140362,-0.209932,-0.267282,-0.149332,-0.206079,-0.272427,-0.126326,0.0202479
283,5.1257,0.00785358,1,-0.216826,-0.29788,-0.155859,-0.21935,-0.291658,-0.16769,-0.216826,-0.29788,-0.140274,0.0236561
284,5.14381,0.00983496,1,-0.230459,-0.325608,-0.165487,-0.231741,-0.318819,-0.181057,-0.230459,-0.325608,-0.148938,0.0266965
285,5.16192,0.0125529,1,-0.246882,-0.356444,-0.168336,-0.247069,-0.348746,-0.188669,-0.246882,-0.356444,-0.151502,0.0290914
286,5.18003,0.0158854,1,-0.266644,-0.389716,-0.163488,-0.26529,-0.381253,-0.189634,-0.266644,-0.389716,-0.147139,0.0305152
287,5.19814,0.0195405,1,-0.288647,-0.424316,-0.150266,-0.286308,-0.415881,-0.182959,-0.288647,-0.424316,-0.135239,0.0303617
288,5.21626,0.0233097,1,-0.312865,-0.458305,-0.127876,-0.30993,-0.451793,-0.167613,-0.312865,-0.458305,-0.115089,0.0280056
289,5.23437,0.0267057,1,-0.338616,-0.490131,-0.096536,-0.335799,-0.487655,-0.142639,-0.338616,-0.490131,-0.0868824,0.022882
290,5.25248,0.0299564,1,-0.365341,-0.518076,-0.0556298,-0.363328,-0.521543,-0.107361,-0.365341,-0.518076,-0.0500668,0.0142267
291,5.27059,0.0331253,1,-0.391307,-0.538934,-0.00554911,-0.391631,-0.550925,-0.0616557,-0.391307,-0.538934,-0.0049942,0.00151998
292,5.2887,0.0358794,1,-0.415711,-0.550728,0.0516733,-0.419472,-0.572783,-0.00630438,-0.415711,-0.550728,0.046506,-0.0150368
293,5.30682,0.0382816,1,-0.436726,-0.551497,0.113875,-0.445273,-0.583932,0.0566786,-0.436726,-0.551497,0.102487,-0.0348124
294,5.32493,0.0398614,1,-0.453269,-0.538364,0.175867,-0.467188,-0.581583,0.123855,-0.453269,-0.538364,0.15828,-0.0558005
295,5.34304,0.0410011,1,-0.46177,-0.511677,0.233331,-0.483298,-0.564062,0.190486,-0.46177,-0.511677,0.209998,-0.0754215
296,5.36115,0.0401342,1,-0.463995,-0.474969,0.28042,-0.491883,-0.531482,0.251082,-0.463995,-0.474969,0.252378,-0.0910794
297,5.37926,0.0384708,1,-0.458708,-0.430554,0.316586,-0.491757,-0.486086,0.300341,-0.458708,-0.430554,0.284928,-0.101655
298,5.39738,0.037061,1,-0.445233,-0.379912,0.338058,-0.48254,-0.432008,0.334211,-0.445233,-0.379912,0.304252,-0.10536
299,5.41549,0.0356222,1,-0.42444,-0.328329,0.343563,-0.464784,-0.374465,0.350683,-0.42444,-0.328329,0.309207,-0.102075
300,5.4336,0.0338124,1,-0.398825,-0.280322,0.333481,-0.439906,-0.318648,0.35001,-0.398825,-0.280322,0.300132,-0.0931001
301,5.45171,0.032243,1,-0.369263,-0.238178,0.311245,-0.409921,-0.268742,0.334302,-0.369263,-0.238178,0.280121,-0.0804519
302,5.46982,0.0306807,1,-0.33825,-0.203386,0.279561,-0.377097,-0.227376,0.30675,-0.33825,-0.203386,0.251605,-0.0661929
303,5.48794,0.0284473,1,-0.307716,-0.177973,0.242036,-0.343618,-0.195596,0.270815,-0.307716,-0.177973,0.217832,-0.0521348
304,5.50605,0.0259541,1,-0.279041,-0.161399,0.200671,-0.311334,-0.173195,0.229634,-0.279041,-0.161399,0.180604,-0.0391969
305,5.52416,0.0230966,1,-0.252994,-0.153217,0.158452,-0.281647,-0.159185,0.185724,-0.252994,-0.153217,0.142607,-0.0280612
306,5.54227,0.0199835,1,-0.230937,-0.151363,0.116545,-0.255483,-0.152244,0.140932,-0.230937,-0.151363,0.10489,-0.0188402
307,5.56038,0.0165773,1,-0.213834,-0.154959,0.0758514,-0.23336,-0.151028,0.0965325,-0.213834,-0.154959,0.0682663,-0.0113537
308,5.5785,0.0136957,1,-0.200087,-0.16124,0.0366718,-0.215469,-0.154369,0.053372,-0.200087,-0.16124,0.0330046,-0.00513629
309,5.59661,0.0109016,1,-0.189881,-0.169734,-1.90006e-05,-0.201781,-0.161357,0.0120123,-0.189881,-0.169734,-1.71005e-05,2.52549e-06
310,5.61472,0.00794066,1,-0.183505,-0.179948,-0.0335489,-0.192129,-0.171352,-0.0271532,-0.183505,-0.179948,-0.030194,0.00430947
311,5.63283,0.00599316,1,-0.179981,-0.192187,-0.064444,-0.186288,-0.183966,-0.0638156,-0.179981,-0.192187,-0.0579996,0.0081191
312,5.65094,0.0055561,1,-0.179731,-0.206736,-0.0938675,-0.184023,-0.199018,-0.0976908,-0.179731,-0.206736,-0.0844808,0.0118096
313,5.66906,0.00625127,1,-0.182206,-0.223643,-0.120888,-0.185122,-0.216491,-0.128476,-0.182206,-0.223643,-0.108799,0.0154185
314,5.68717,0.00781898,1,-0.18779,-0.243711,-0.14448,-0.189423,-0.236486,-0.155817,-0.18779,-0.243711,-0.130032,0.0189924
315,5.70528,0.00959453,1,-0.196382,-0.267121,-0.164692,-0.196819,-0.259175,-0.17928,-0.196382,-0.267121,-0.148222,0.0226398
316,5.72339,0.011264,1,-0.208045,-0.293512,-0.180906,-0.207255,-0.284757,-0.198323,-0.208045,-0.293512,-0.162815,0.0263456
317,5.7415,0.0137068,1,-0.222374,-0.323125,-0.190675,-0.220721,-0.313402,-0.212271,-0.222374,-0.323125,-0.171608,0.0296809
318,5.75962,0.0168713,1,-0.240062,-0.355569,-0.193126,-0.237232,-0.345188,-0.220295,-0.240062,-0.355569,-0.173813,0.0324535
319,5.77773,0.0205685,1,-0.260857,-0.390901,-0.187726,-0.2568,-0.380012,-0.221403,-0.260857,-0.390901,-0.168953,0.0342787
320,5.79584,0.0245153,1,-0.284621,-0.427956,-0.173638,-0.279391,-0.417483,-0.214454,-0.284621,-0.427956,-0.156274,0.0345946
321,5.81395,0.0282698,1,-0.310416,-0.464895,-0.150241,-0.304866,-0.456786,-0.198209,-0.310416,-0.464895,-0.135217,0.032646
322,5.83206,0.0316386,1,-0.338217,-0.499536,-0.117001,-0.332916,-0.496534,-0.171461,-0.338217,-0.499536,-0.105301,0.0277002
323,5.85018,0.0345894,1,-0.366789,-0.530666,-0.0735897,-0.362969,-0.534633,-0.133247,-0.366789,-0.530666,-0.0662308,0.0188943
324,5.86829,0.0376337,1,-0.395504,-0.554746,-0.0194237,-0.394107,-0.568219,-0.0831841,-0.395504,-0.554746,-0.0174813,0.0053775
325,5.8864,0.0401349,1,-0.422098,-0.569071,0.0430172,-0.424992,-0.59376,-0.0219022,-0.422098,-0.569071,0.0387155,-0.0127102
326,5.90451,0.0420639,1,-0.445537,-0.571002,0.111068,-0.453851,-0.607407,0.0485088,-0.445537,-0.571002,0.0999613,-0.0346395
327,5.92262,0.0436418,1,-0.463997,-0.557505,0.180605,-0.478558,-0.605672,0.124199,-0.463997,-0.557505,0.162545,-0.0586602
328,5.94074,0.0448217,1,-0.474055,-0.527958,0.245453,-0.496843,-0.586345,0.199642,-0.474055,-0.527958,0.220907,-0.0814506
329,5.95885,0.0438329,1,-0.476347,-0.48664,0.298418,-0.50664,-0.549397,0.268287,-0.476347,-0.48664,0.268576,-0.0995055
330,5.97696,0.0417483,1,-0.470482,-0.436479,0.338306,-0.506501,-0.497467,0.323753,-0.470482,-0.436479,0.304475,-0.111417
331,5.99507,0.0399282,1,-0.455364,-0.379594,0.361159,-0.495954,-0.435587,0.361214,-0.455364,-0.379594,0.325043,-0.115121
332,6.01318,0.0385261,1,-0.432303,-0.321172,0.365116,-0.475666,-0.370111,0.378432,-0.432303,-0.321172,0.328604,-0.110488
333,6.0313,0.0368191,1,-0.403372,-0.267678,0.352211,-0.447349,-0.307269,0.375992,-0.403372,-0.267678,0.31699,-0.0994504
334,6.04941,0.03511,1,-0.370296,-0.221523,0.326459,-0.413415,-0.251907,0.35672,-0.370296,-0.221523,0.293813,-0.0846205
335,6.06752,0.0329674,1,-0.335808,-0.184717,0.291287,-0.376535,-0.20686,0.324626,-0.335808,-0.184717,0.262158,-0.0684715
336,6.08563,0.0300066,1,-0.302425,-0.158885,0.249989,-0.339223,-0.173007,0.283867,-0.302425,-0.158885,0.22499,-0.0529221
337,6.10374,0.0267931,1,-0.271222,-0.142381,0.205577,-0.303547,-0.149763,0.238046,-0.271222,-0.142381,0.185019,-0.0390299
338,6.12186,0.0233773,1,-0.243299,-0.134539,0.160417,-0.271011,-0.135713,0.189916,-0.243299,-0.134539,0.144375,-0.0273205
339,6.13997,0.0196437,1,-0.219783,-0.133137,0.116424,-0.242553,-0.129152,0.14139,-0.219783,-0.133137,0.104782,-0.0179117
340,6.15808,0.0159822,1,-0.201224,-0.136184,0.0736213,-0.218635,-0.128446,0.0937029,-0.201224,-0.136184,0.0662592,-0.01037
341,6.17619,0.0130153,1,-0.186135,-0.142156,0.0322925,-0.199364,-0.132232,0.0476127,-0.186135,-0.142156,0.0290633,-0.00420755
342,6.1943,0.0100444,1,-0.17517,-0.15001,-0.00655741,-0.18461,-0.139483,0.00357861,-0.17517,-0.15001,-0.00590167,0.000804062
343,6.21242,0.00758416,1,-0.167727,-0.160127,-0.0424658,-0.174112,-0.149506,-0.0381073,-0.167727,-0.160127,-0.0382193,0.00498586
344,6.23053,0.0061747,1,-0.163683,-0.171708,-0.0754545,-0.167561,-0.1619,-0.0772297,-0.163683,-0.171708,-0.067909,0.00864544
345,6.24864,0.00648935,1,-0.16255,-0.185395,-0.107046,-0.164651,-0.176502,-0.11359,-0.16255,-0.185395,-0.0963415,0.0121803
346,6.26675,0.00773945,1,-0.164408,-0.201362,-0.136259,-0.165122,-0.193331,-0.146968,-0.164408,-0.201362,-0.122633,0.0156815
347,6.28486,0.00953434,1,-0.169081,-0.220532,-0.162637,-0.168779,-0.212546,-0.177089,-0.169081,-0.220532,-0.146373,0.0192492
348,6.30298,0.0114726,1,-0.177042,-0.24283,-0.185668,-0.175499,-0.234397,-0.203595,-0.177042,-0.24283,-0.167101,0.0230097
349,6.32109,0.0133479,1,-0.187715,-0.268583,-0.205044,-0.185232,-0.259186,-0.226021,-0.187715,-0.268583,-0.18454,0.0269429
350,6.3392,0.0151757,1,-0.20145,-0.297934,-0.220008,-0.197994,-0.287223,-0.243762,-0.20145,-0.297934,-0.198007,0.0310244
351,6.35731,0.0179615,1,-0.218065,-0.3304,-0.227495,-0.21385,-0.318771,-0.256041,-0.218065,-0.3304,-0.204746,0.0347261
352,6.37542,0.0214799,1,-0.238113,-0.36604,-0.227078,-0.232892,-0.353971,-0.261881,-0.238113,-0.36604,-0.20437,0.0378491
353,6.39354,0.0252487,1,-0.261141,-0.404616,-0.218422,-0.255201,-0.392739,-0.260089,-0.261141,-0.404616,-0.19658,0.0399272
354,6.41165,0.0291706,1,-0.287692,-0.445249,-0.200355,-0.280796,-0.434631,-0.249268,-0.287692,-0.445249,-0.180319,0.0403483
355,6.42976,0.0328286,1,-0.316546,-0.48605,-0.171938,-0.309565,-0.478666,-0.227884,-0.316546,-0.48605,-0.154744,0.0380984
356,6.44787,0.0357915,1,-0.347543,-0.524368,-0.132773,-0.341174,-0.523123,-0.194425,-0.347543,-0.524368,-0.119496,0.0323009
357,6.46598,0.0382558,1,-0.379393,-0.558174,-0.0819778,-0.374952,-0.565366,-0.147697,-0.379393,-0.558174,-0.07378,0.0217713
358,6.4841,0.0409309,1,-0.410992,-0.583728,-0.0187268,-0.409779,-0.601761,-0.0872786,-0.410992,-0.583728,-0.0168541,0.00538758
359,6.50221,0.0431723,1,-0.440151,-0.597478,0.0541182,-0.443994,-0.627835,-0.0141108,-0.440151,-0.597478,0.0487064,-0.0166741
360,6.52032,0.0454043,1,-0.465302,-0.596126,0.134173,-0.47539,-0.638814,0.0688989,-0.465302,-0.596126,0.120755,-0.0437015
361,6.53843,0.0468879,1,-0.484036,-0.575629,0.213757,-0.501338,-0.630601,0.156537,-0.484036,-0.575629,0.192381,-0.0724262
362,6.55654,0.0474922,1,-0.492998,-0.536761,0.285702,-0.519107,-0.601067,0.241547,-0.492998,-0.536761,0.257131,-0.0985953
363,6.57466,0.0458577,1,-0.49277,-0.484468,0.342745,-0.526354,-0.551184,0.315727,-0.49277,-0.484468,0.308471,-0.118226
364,6.59277,0.0439028,1,-0.482024,-0.421319,0.381888,-0.521667,-0.485405,0.371699,-0.482024,-0.421319,0.343699,-0.128855
365,6.61088,0.042399,1,-0.461055,-0.352444,0.397686,-0.504967,-0.410886,0.404711,-0.461055,-0.352444,0.357918,-0.128349
366,6.62899,0.0408874,1,-0.431651,-0.28636,0.39206,-0.477608,-0.335726,0.413653,-0.431651,-0.28636,0.352854,-0.118463
367,6.6471,0.0390492,1,-0.395854,-0.228973,0.369403,-0.442097,-0.267012,0.400853,-0.395854,-0.228973,0.332462,-0.102361
368,6.66522,0.0365409,1,-0.357314,-0.182136,0.334801,-0.401563,-0.20947,0.370865,-0.357314,-0.182136,0.301321,-0.0837405
369,6.68333,0.0336048,1,-0.318385,-0.147478,0.291376,-0.35917,-0.165129,0.328965,-0.318385,-0.147478,0.262239,-0.0649389
370,6.70144,0.0296981,1,-0.281772,-0.124708,0.244245,-0.317657,-0.133793,0.279962,-0.281772,-0.124708,0.21982,-0.0481749
371,6.71955,0.0257568,1,-0.248444,-0.112444,0.195204,-0.279088,-0.113883,0.227594,-0.248444,-0.112444,0.175684,-0.0339481
372,6.73766,0.0218531,1,-0.219709,-0.107334,0.146396,-0.244804,-0.103242,0.174435,-0.219709,-0.107334,0.131757,-0.0225152
373,6.75578,0.017551,1,-0.195877,-0.107628,0.100265,-0.215501,-0.0997002,0.122087,-0.195877,-0.107628,0.0902387,-0.0137478
374,6.77389,0.0139802,1,-0.17651,-0.110966,0.0549202,-0.191383,-0.101395,0.0714585,-0.17651,-0.110966,0.0494282,-0.00678577
375,6.792,0.011,1,-0.161264,-0.117069,0.0113171,-0.172319,-0.106892,0.0230296,-0.161264,-0.117069,0.0101854,-0.00127752
376,6.81011,0.00808428,1,-0.150376,-0.125019,-0.0294147,-0.157982,-0.11519,-0.0229623,-0.150376,-0.125019,-0.0264732,0.00309629
377,6.82822,0.00605948,1,-0.142867,-0.134777,-0.0675401,-0.147959,-0.125671,-0.0663944,-0.142867,-0.134777,-0.0607861,0.0067545
378,6.84634,0.00550542,1,-0.138995,-0.146,-0.102795,-0.14183,-0.138022,-0.107182,-0.138995,-0.146,-0.0925155,0.0100016
379,6.86445,0.00682263,1,-0.137881,-0.159281,-0.135888,-0.13922,-0.152176,-0.145235,-0.137881,-0.159281,-0.122299,0.0131155
380,6.88256,0.00893534,1,-0.139776,-0.175418,-0.166713,-0.139824,-0.168243,-0.180426,-0.139776,-0.175418,-0.150042,0.0163117
381,6.90067,0.0108701,1,-0.144591,-0.19404,-0.195368,-0.14343,-0.186471,-0.212568,-0.144591,-0.19404,-0.175831,0.019774
382,6.91878,0.0118606,1,-0.151993,-0.214343,-0.222244,-0.149915,-0.207204,-0.241395,-0.151993,-0.214343,-0.20002,0.0236457
383,6.9369,0.0129024,1,-0.161965,-0.23837,-0.245662,-0.159248,-0.230852,-0.266531,-0.161965,-0.23837,-0.221096,0.027852
384,6.95501,0.0142666,1,-0.174902,-0.266199,-0.264453,-0.171485,-0.257862,-0.287463,-0.174902,-0.266199,-0.238008,0.0323774
385,6.97312,0.0161384,1,-0.190743,-0.298086,-0.27748,-0.186749,-0.288676,-0.303496,-0.190743,-0.298086,-0.249732,0.0370491
386,6.99123,0.0187017,1,-0.209949,-0.333743,-0.283294,-0.205219,-0.323675,-0.313716,-0.209949,-0.333743,-0.254965,0.0416341
387,7.00934,0.0218245,1,-0.232478,-0.373706,-0.281062,-0.227098,-0.363098,-0.316943,-0.232478,-0.373706,-0.252956,0.0457386
388,7.02746,0.0248776,1,-0.2587,-0.416999,-0.270259,-0.252572,-0.406911,-0.3117,-0.2587,-0.416999,-0.243233,0.0489411
389,7.04557,0.0277515,1,-0.28813,-0.463337,-0.249376,-0.281747,-0.454627,-0.296215,-0.28813,-0.463337,-0.224439,0.0502969
390,7.06368,0.0311126,1,-0.320679,-0.511101,-0.215302,-0.314562,-0.505064,-0.268501,-0.320679,-0.511101,-0.193772,0.04833
391,7.08179,0.0340765,1,-0.356037,-0.557396,-0.167802,-0.350666,-0.556062,-0.226564,-0.356037,-0.557396,-0.151021,0.0418205
392,7.0999,0.0364166,1,-0.393352,-0.597436,-0.106226,-0.389265,-0.604215,-0.168802,-0.393352,-0.597436,-0.095603,0.0292488
393,7.11802,0.0391245,1,-0.429959,-0.627166,-0.0292288,-0.428964,-0.644752,-0.0946653,-0.429959,-0.627166,-0.0263059,0.00879703
394,7.13613,0.0420494,1,-0.464373,-0.641672,0.0607271,-0.467643,-0.671776,-0.0055113,-0.464373,-0.641672,0.0546544,-0.01974
395,7.15424,0.0446369,1,-0.492891,-0.637052,0.158707,-0.502452,-0.679098,0.0945348,-0.492891,-0.637052,0.142836,-0.0547577
396,7.17235,0.0462895,1,-0.513259,-0.60742,0.254706,-0.530024,-0.661748,0.198177,-0.513259,-0.60742,0.229236,-0.0915112
397,7.19046,0.0466169,1,-0.521619,-0.555012,0.339452,-0.546964,-0.617859,0.295551,-0.521619,-0.555012,0.305507,-0.123945
398,7.20858,0.0457313,1,-0.518101,-0.484013,0.405236,-0.550567,-0.550132,0.376111,-0.518101,-0.484013,0.364712,-0.146967
399,7.22669,0.0440963,1,-0.500755,-0.401253,0.44353,-0.539556,-0.4659,0.431333,-0.500755,-0.401253,0.399177,-0.15547
400,7.2448,0.0427337,1,-0.471694,-0.315316,0.4512,-0.514525,-0.375398,0.457055,-0.471694,-0.315316,0.40608,-0.14898
401,7.26291,0.0408008,1,-0.432103,-0.239051,0.433869,-0.477861,-0.288911,0.454224,-0.432103,-0.239051,0.390482,-0.131233
402,7.28102,0.0380351,1,-0.387536,-0.176543,0.398862,-0.43318,-0.214216,0.427801,-0.387536,-0.176543,0.358975,-0.108201
403,7.29914,0.0346622,1,-0.341274,-0.128865,0.352476,-0.384509,-0.155367,0.384614,-0.341274,-0.128865,0.317229,-0.0842037
404,7.31725,0.0312878,1,-0.295972,-0.0957261,0.298572,-0.335545,-0.112971,0.331334,-0.295972,-0.0957261,0.268715,-0.0618582
405,7.33536,0.027056,1,-0.254469,-0.0767596,0.242979,-0.289187,-0.0853002,0.273274,-0.254469,-0.0767596,0.218682,-0.0432814
406,7.35347,0.023031,1,-0.217898,-0.0679086,0.187234,-0.247377,-0.0695324,0.21406,-0.217898,-0.0679086,0.168511,-0.0285586
407,7.37158,0.0190414,1,-0.186869,-0.0654123,0.133723,-0.211166,-0.062684,0.155857,-0.186869,-0.0654123,0.12035,-0.017492
408,7.3897,0.0149217,1,-0.161399,-0.0659513,0.0832679,-0.180903,-0.062137,0.0997904,-0.161399,-0.0659513,0.0749411,-0.00940755
409,7.40781,0.0122531,1,-0.140135,-0.0698243,0.0333719,-0.156452,-0.0658475,0.0463468,-0.140135,-0.0698243,0.0300347,-0.0032736
410,7.42592,0.00922994,1,-0.124969,-0.0765111,-0.0135038,-0.137387,-0.0723612,-0.00433019,-0.124969,-0.0765111,-0.0121534,0.00118129
411,7.44403,0.00654676,1,-0.113487,-0.0843535,-0.0569721,-0.123143,-0.0807372,-0.0522538,-0.113487,-0.0843535,-0.0512749,0.00452591
412,7.46214,0.00469703,1,-0.105368,-0.092855,-0.0971256,-0.113129,-0.0904431,-0.0974903,-0.105368,-0.092855,-0.0874131,0.00716376
413,7.48026,0.00465707,1,-0.100907,-0.103459,-0.135052,-0.106796,-0.101256,-0.140106,-0.100907,-0.103459,-0.121547,0.00953946
414,7.49837,0.00612605,1,-0.0996422,-0.116225,-0.170813,-0.103672,-0.113178,-0.180143,-0.0996422,-0.116225,-0.153731,0.0119141
415,7.51648,0.00748129,1,-0.10083,-0.130031,-0.20544,-0.103392,-0.126375,-0.217604,-0.10083,-0.130031,-0.184896,0.0145001
416,7.53459,0.00844746,1,-0.104203,-0.144307,-0.238241,-0.105696,-0.141137,-0.252446,-0.104203,-0.144307,-0.214416,0.0173778
417,7.5527,0.00917832,1,-0.109514,-0.161019,-0.269014,-0.110434,-0.157843,-0.284564,-0.109514,-0.161019,-0.242113,0.0206225
418,7.57082,0.0102749,1,-0.117124,-0.179414,-0.296158,-0.117559,-0.176951,-0.313778,-0.117124,-0.179414,-0.266542,0.024281
419,7.58893,0.0115407,1,-0.126813,-0.200567,-0.319884,-0.127122,-0.198984,-0.339807,-0.126813,-0.200567,-0.287895,0.0283958
420,7.60704,0.0129319,1,-0.138982,-0.224903,-0.339846,-0.139264,-0.224516,-0.36224,-0.138982,-0.224903,-0.305862,0.0330627
421,7.62515,0.0144547,1,-0.153626,-0.25364,-0.355462,-0.154209,-0.254162,-0.380486,-0.153626,-0.25364,-0.319916,0.0382258
422,7.64326,0.0162305,1,-0.171485,-0.286896,-0.365671,-0.172252,-0.288541,-0.393725,-0.171485,-0.286896,-0.329104,0.043895
423,7.66138,0.0184184,1,-0.192349,-0.32557,-0.369074,-0.193746,-0.328221,-0.400835,-0.192349,-0.32557,-0.332167,0.0496936
424,7.67949,0.0208524,1,-0.217371,-0.370201,-0.364406,-0.219067,-0.373614,-0.400322,-0.217371,-0.370201,-0.327966,0.0554479
425,7.6976,0.0235221,1,-0.246388,-0.420419,-0.349809,-0.248572,-0.424811,-0.390254,-0.246388,-0.420419,-0.314828,0.060332
426,7.71571,0.0263159,1,-0.279798,-0.475392,-0.323121,-0.282521,-0.481324,-0.368232,-0.279798,-0.475392,-0.290809,0.063286
427,7.73382,0.0281522,1,-0.317656,-0.533911,-0.283453,-0.320954,-0.541721,-0.331472,-0.317656,-0.533911,-0.255108,0.0630284
428,7.75194,0.0292363,1,-0.358983,-0.591605,-0.227982,-0.363523,-0.603169,-0.277073,-0.358983,-0.591605,-0.205184,0.0572891
429,7.77005,0.0300576,1,-0.403142,-0.64451,-0.153616,-0.40926,-0.660983,-0.202622,-0.403142,-0.64451,-0.138255,0.0433504
430,7.78816,0.0322385,1,-0.447954,-0.684147,-0.0576226,-0.456329,-0.708391,-0.107222,-0.447954,-0.684147,-0.0518603,0.0180686
431,7.80627,0.0348001,1,-0.489388,-0.702862,0.0552518,-0.501825,-0.736914,0.00709655,-0.489388,-0.702862,0.0497266,-0.0189277
432,7.82438,0.0368537,1,-0.52458,-0.695346,0.178434,-0.541778,-0.737804,0.13398,-0.52458,-0.695346,0.16059,-0.065522
433,7.8425,0.0381669,1,-0.549011,-0.655012,0.29965,-0.571524,-0.704659,0.262255,-0.549011,-0.655012,0.269685,-0.115158
434,7.86061,0.0382203,1,-0.558564,-0.582748,0.403925,-0.586554,-0.636529,0.377343,-0.558564,-0.582748,0.363533,-0.157933
435,7.87872,0.0377485,1,-0.550969,-0.48517,0.479644,-0.583682,-0.539826,0.464897,-0.550969,-0.48517,0.431679,-0.184988
436,7.89683,0.0370385,1,-0.525227,-0.374888,0.516412,-0.562104,-0.42737,0.515309,-0.525227,-0.374888,0.464771,-0.189864
437,7.91494,0.0344165,1,-0.484962,-0.27039,0.516556,-0.52379,-0.314487,0.526621,-0.484962,-0.27039,0.4649,-0.175357
438,7.93306,0.0311991,1,-0.433734,-0.180979,0.487549,-0.47298,-0.214213,0.504143,-0.433734,-0.180979,0.438794,-0.148026
439,7.95117,0.0277262,1,-0.37778,-0.111266,0.437548,-0.415031,-0.134212,0.457349,-0.37778,-0.111266,0.393793,-0.115708
440,7.96928,0.02412,1,-0.321519,-0.062489,0.37578,-0.355173,-0.0764465,0.396223,-0.321519,-0.062489,0.338202,-0.0845744
441,7.98739,0.0203875,1,-0.268309,-0.0318789,0.310401,-0.297629,-0.0387931,0.328825,-0.268309,-0.0318789,0.279361,-0.0582983
442,8.0055,0.0168713,1,-0.220642,-0.0159139,0.244801,-0.245258,-0.0171512,0.2605,-0.220642,-0.0159139,0.220321,-0.0378093
443,8.02362,0.0140504,1,-0.178759,-0.00933648,0.181855,-0.199604,-0.0070764,0.19421,-0.178759,-0.00933648,0.16367,-0.0227558
444,8.04173,0.0112925,1,-0.143648,-0.00762493,0.123095,-0.161171,-0.00468272,0.13127,-0.143648,-0.00762493,0.110785,-0.0123776
445,8.05984,0.00851113,1,-0.115963,-0.0104823,0.06818,-0.129748,-0.0069682,0.0720427,-0.115963,-0.0104823,0.061362,-0.00553442
446,8.07795,0.0064948,1,-0.0944744,-0.0163825,0.0154061,-0.104701,-0.01181,0.0164312,-0.0944744,-0.0163825,0.0138655,-0.00101884
447,8.09606,0.00521328,1,-0.0780241,-0.0221976,-0.0325329,-0.0851979,-0.0178187,-0.035834,-0.0780241,-0.0221976,-0.0292796,0.00177685
448,8.11418,0.00590139,1,-0.0652671,-0.0275733,-0.0768721,-0.0703594,-0.0241597,-0.085051,-0.0652671,-0.0275733,-0.0691849,0.00351205
449,8.13229,0.00814311,1,-0.0555785,-0.0335576,-0.118273,-0.0593543,-0.0303915,-0.131488,-0.0555785,-0.0335576,-0.106446,0.0046014
450,8.1504,0.0104819,1,-0.0488818,-0.0400194,-0.157779,-0.051448,-0.0363371,-0.17537,-0.0488818,-0.0400194,-0.142001,0.00539875
451,8.16851,0.0117652,1,-0.0443902,-0.0462493,-0.197019,-0.0460242,-0.0419885,-0.21688,-0.0443902,-0.0462493,-0.177317,0.00612201
452,8.18662,0.0124356,1,-0.0421826,-0.051433,-0.235004,-0.0425874,-0.0474422,-0.256166,-0.0421826,-0.051433,-0.211503,0.00693915
453,8.20474,0.0132692,1,-0.0412155,-0.0568917,-0.270733,-0.0407557,-0.0528566,-0.293354,-0.0412155,-0.0568917,-0.243659,0.00781086
454,8.22285,0.0138531,1,-0.0412919,-0.0621349,-0.304864,-0.0402488,-0.0584268,-0.328547,-0.0412919,-0.0621349,-0.274378,0.00881189
455,8.24096,0.0152153,1,-0.0421589,-0.0679743,-0.335759,-0.0408752,-0.0643729,-0.361834,-0.0421589,-0.0679743,-0.302184,0.00990868
456,8.25907,0.0169531,1,-0.0441674,-0.0744783,-0.364185,-0.0425198,-0.0709356,-0.393288,-0.0441674,-0.0744783,-0.327767,0.0112596
457,8.27718,0.0188056,1,-0.0471381,-0.0824224,-0.390705,-0.0451342,-0.0783793,-0.422963,-0.0471381,-0.0824224,-0.351635,0.012892
458,8.2953,0.0201915,1,-0.0514006,-0.0916108,-0.416333,-0.0487292,-0.0869981,-0.450897,-0.0514006,-0.0916108,-0.3747,0.0149798
459,8.31341,0.0216526,1,-0.0560798,-0.102432,-0.440074,-0.0533709,-0.0971264,-0.477101,-0.0560798,-0.102432,-0.396066,0.0172755
460,8.33152,0.022709,1,-0.0620841,-0.114805,-0.462736,-0.0591783,-0.109151,-0.501552,-0.0620841,-0.114805,-0.416462,0.02011
461,8.34963,0.0232963,1,-0.0697324,-0.12992,-0.484486,-0.0663254,-0.123525,-0.524181,-0.0697324,-0.12992,-0.436038,0.0236491
462,8.36774,0.0238449,1,-0.0791854,-0.148483,-0.504488,-0.0750439,-0.140785,-0.544853,-0.0791854,-0.148483,-0.454039,0.0279636
463,8.38586,0.0247423,1,-0.0906991,-0.171558,-0.521979,-0.0856298,-0.161564,-0.563342,-0.0906991,-0.171558,-0.469781,0.0331401
464,8.40397,0.0260507,1,-0.104703,-0.199059,-0.536373,-0.0984509,-0.18661,-0.57929,-0.104703,-0.199059,-0.482735,0.0393118
465,8.42208,0.0279106,1,-0.121581,-0.232345,-0.547014,-0.113955,-0.216792,-0.592146,-0.121581,-0.232345,-0.492312,0.0465546
466,8.44019,0.0305538,1,-0.142028,-0.27171,-0.552446,-0.132677,-0.253097,-0.601095,-0.142028,-0.27171,-0.497201,0.054924
467,8.4583,0.0338778,1,-0.166456,-0.318213,-0.551548,-0.155244,-0.296598,-0.604935,-0.166456,-0.318213,-0.496393,0.0642659
468,8.47642,0.0378349,1,-0.195799,-0.373333,-0.542854,-0.182365,-0.348377,-0.601939,-0.195799,-0.373333,-0.488568,0.0744033
469,8.49453,0.0432676,1,-0.230783,-0.438636,-0.522563,-0.214806,-0.409351,-0.58967,-0.230783,-0.438636,-0.470306,0.0844189
470,8.51264,0.050102,1,-0.271865,-0.512973,-0.486702,-0.253321,-0.479962,-0.564785,-0.271865,-0.512973,-0.438031,0.0926221
471,8.53075,0.0571531,1,-0.319339,-0.59394,-0.432406,-0.298522,-0.559629,-0.522899,-0.319339,-0.59394,-0.389166,0.0966588
472,8.54886,0.0652127,1,-0.373736,-0.67663,-0.352441,-0.350647,-0.645913,-0.458655,-0.373736,-0.67663,-0.317197,0.092204
473,8.56698,0.0714885,1,-0.432772,-0.752224,-0.246209,-0.409186,-0.733379,-0.366294,-0.432772,-0.752224,-0.221588,0.0745866
474,8.58509,0.0776782,1,-0.493062,-0.811216,-0.108205,-0.47236,-0.812417,-0.24114,-0.493062,-0.811216,-0.0973843,0.0373462
475,8.6032,0.0821458,1,-0.550587,-0.839029,0.0560678,-0.536529,-0.868754,-0.0823613,-0.550587,-0.839029,0.050461,-0.0216091
476,8.62131,0.0849457,1,-0.599519,-0.823875,0.237022,-0.595789,-0.885033,0.103257,-0.599519,-0.823875,0.21332,-0.0994694
477,8.63942,0.0860002,1,-0.630678,-0.748858,0.410831,-0.642236,-0.845791,0.298321,-0.630678,-0.748858,0.369748,-0.181372
478,8.65754,0.0854038,1,-0.637081,-0.621187,0.550508,-0.667386,-0.74531,0.475967,-0.637081,-0.621187,0.495458,-0.245503
479,8.67565,0.0837428,1,-0.615933,-0.460075,0.634226,-0.664723,-0.594056,0.60763,-0.615933,-0.460075,0.570803,-0.273448
480,8.69376,0.079345,1,-0.569485,-0.296565,0.657537,-0.632312,-0.417575,0.67475,-0.569485,-0.296565,0.591783,-0.26212
481,8.71187,0.0734116,1,-0.50285,-0.152107,0.629297,-0.57386,-0.246467,0.676428,-0.50285,-0.152107,0.566367,-0.221509
482,8.72998,0.0672493,1,-0.423883,-0.0411797,0.562469,-0.497426,-0.104115,0.62726,-0.423883,-0.0411797,0.506222,-0.166895
483,8.7481,0.0585924,1,-0.344875,0.0314313,0.479638,-0.412619,-0.000513302,0.548118,-0.344875,0.0314313,0.431674,-0.115791
484,8.76621,0.0487052,1,-0.268703,0.0744682,0.397949,-0.327962,0.0659979,0.45739,-0.268703,0.0744682,0.358154,-0.0748511
485,8.78432,0.0408814,1,-0.200465,0.0982243,0.3162,-0.24947,0.103262,0.367062,-0.200465,0.0982243,0.28458,-0.0443708
486,8.80243,0.0358484,1,-0.141677,0.108027,0.236169,-0.180463,0.120473,0.283031,-0.141677,0.108027,0.212552,-0.0234217
487,8.82054,0.0315575,1,-0.092631,0.108043,0.164562,-0.122084,0.125566,0.207143,-0.092631,0.108043,0.148106,-0.0106705
488,8.83866,0.0268771,1,-0.0539699,0.10437,0.102249,-0.0740218,0.124423,0.139166,-0.0539699,0.10437,0.0920237,-0.00386284
489,8.85677,0.0223319,1,-0.0216883,0.101156,0.047759,-0.0351394,0.121015,0.0781039,-0.0216883,0.101156,0.0429831,-0.000725067
490,8.87488,0.0175816,1,0.00492384,0.100608,-0.000620447,-0.00392936,0.117852,0.0228658,0.00492384,0.100608,-0.000558402,-2.13849e-06
491,8.89299,0.0143043,1,0.0254346,0.100942,-0.0463174,0.0211962,0.116434,-0.0274529,0.0254346,0.100942,-0.0416857,-0.000824646
492,8.9111,0.0117335,1,0.0414432,0.102923,-0.0875411,0.0417444,0.117617,-0.0735052,0.0414432,0.102923,-0.0787869,-0.00253959
493,8.92922,0.0101035,1,0.0554729,0.107482,-0.124988,0.0590653,0.121877,-0.115709,0.0554729,0.107482,-0.112489,-0.00485342
494,8.94733,0.00851788,1,0.0692268,0.117059,-0.160384,0.0743291,0.129485,-0.154284,0.0692268,0.117059,-0.144345,-0.00777199
495,8.96544,0.00723634,1,0.0832723,0.130213,-0.193865,0.0885337,0.140627,-0.189287,0.0832723,0.130213,-0.174479,-0.0113005
496,8.98355,0.00618269,1,0.0967744,0.146812,-0.223197,0.102527,0.155471,-0.220628,0.0967744,0.146812,-0.200877,-0.0151198
497,9.00166,0.00609027,1,0.110844,0.165696,-0.247422,0.117037,0.174211,-0.24807,0.110844,0.165696,-0.22268,-0.0191977
498,9.01978,0.00746232,1,0.125323,0.187202,-0.267304,0.132695,0.19707,-0.271219,0.125323,0.187202,-0.240574,-0.0234497
499,9.03789,0.00872467,1,0.14191,0.213691,-0.282468,0.150064,0.224295,-0.289499,0.14191,0.213691,-0.254221,-0.0280596
500,9.056,0.00935509,1,0.161368,0.246159,-0.292365,0.169647,0.256109,-0.302113,0.161368,0.246159,-0.263129,-0.0330249
501,9.07411,0.00988272,1,0.183476,0.282544,-0.297048,0.191888,0.292648,-0.308009,0.183476,0.282544,-0.267343,-0.0381508
502,9.09222,0.00984561,1,0.209425,0.324596,-0.293788,0.217161,0.333842,-0.305849,0.209425,0.324596,-0.264409,-0.0430686
503,9.11034,0.0091699,1,0.238838,0.371626,-0.281893,0.245725,0.379257,-0.294001,0.238838,0.371626,-0.253704,-0.0471288
504,9.12845,0.00970369,1,0.27072,0.421362,-0.256743,0.277665,0.427869,-0.270596,0.27072,0.421362,-0.231068,-0.0486537
505,9.14656,0.0110914,1,0.305368,0.470968,-0.217338,0.312786,0.477797,-0.233691,0.305368,0.470968,-0.195605,-0.0464577
506,9.16467,0.0125961,1,0.343092,0.519482,-0.162153,0.350488,0.526031,-0.181605,0.343092,0.519482,-0.145937,-0.0389433
507,9.18278,0.0150722,1,0.382117,0.561024,-0.0895466,0.389611,0.568266,-0.113482,0.382117,0.561024,-0.080592,-0.0239521
508,9.2009,0.0181964,1,0.42128,0.590007,-0.000700026,0.428312,0.599014,-0.0300726,0.42128,0.590007,-0.000630024,-0.000206435
509,9.21901,0.0221316,1,0.456819,0.597241,0.09995,0.464019,0.612236,0.065414,0.456819,0.597241,0.089955,0.0319613
510,9.23712,0.0262981,1,0.484707,0.581453,0.206107,0.493576,0.602607,0.166754,0.484707,0.581453,0.185496,0.069931
511,9.25523,0.0292705,1,0.501987,0.539019,0.305418,0.513638,0.567278,0.264971,0.501987,0.539019,0.274876,0.107321
512,9.27334,0.0305233,1,0.505755,0.471055,0.384805,0.521314,0.507484,0.349792,0.505755,0.471055,0.346324,0.136232
513,9.29146,0.0324675,1,0.494967,0.384205,0.43953,0.514898,0.429069,0.4121,0.494967,0.384205,0.395577,0.152287
514,9.30957,0.0324748,1,0.470094,0.294685,0.466327,0.494404,0.341331,0.446403,0.470094,0.294685,0.419694,0.153452
515,9.32768,0.0324671,1,0.433055,0.207635,0.464261,0.461659,0.254499,0.452096,0.433055,0.207635,0.417835,0.140735
516,9.34579,0.0316699,1,0.388061,0.132711,0.43834,0.419885,0.17706,0.432919,0.388061,0.132711,0.394506,0.119072
517,9.3639,0.0301452,1,0.339286,0.0742357,0.394794,0.372956,0.114141,0.395113,0.339286,0.0742357,0.355315,0.0937636
518,9.38202,0.0285884,1,0.289912,0.0325025,0.339691,0.324637,0.0673467,0.345343,0.289912,0.0325025,0.305722,0.0689363
519,9.40013,0.0265721,1,0.244128,0.00526244,0.282513,0.278036,0.0356415,0.289264,0.244128,0.00526244,0.254262,0.0482785
520,9.41824,0.0243808,1,0.203123,-0.0101266,0.225269,0.23536,0.0165528,0.230949,0.203123,-0.0101266,0.202742,0.0320301
521,9.43635,0.0230609,1,0.166841,-0.0174784,0.168302,0.197912,0.00718556,0.172961,0.166841,-0.0174784,0.151471,0.0196558
522,9.45446,0.0209191,1,0.137025,-0.0163408,0.113672,0.166251,0.00485682,0.116718,0.137025,-0.0163408,0.102305,0.0109031
523,9.47258,0.0199512,1,0.112701,-0.0132401,0.0615682,0.140392,0.00739099,0.0628977,0.112701,-0.0132401,0.0554114,0.00485718
524,9.49069,0.0191956,1,0.0936732,-0.00708803,0.0127178,0.120004,0.0131889,0.0117548,0.0936732,-0.00708803,0.011446,0.000833921
525,9.5088,0.0186879,1,0.0799451,0.000400919,-0.0336587,0.104582,0.0211787,-0.0366633,0.0799451,0.000400919,-0.0302929,-0.0018836
526,9.52691,0.0187047,1,0.0697901,0.00913559,-0.0780533,0.0935555,0.0307223,-0.0823916,0.0697901,0.00913559,-0.070248,-0.00381314
527,9.54502,0.0196021,1,0.0628986,0.0173756,-0.121153,0.0863774,0.0415156,-0.125481,0.0628986,0.0173756,-0.109037,-0.00533423
528,9.56314,0.0205892,1,0.0586878,0.0272641,-0.162357,0.0825681,0.0535026,-0.165964,0.0586878,0.0272641,-0.146121,-0.00666985
529,9.58125,0.0214746,1,0.0575078,0.0386894,-0.201512,0.0817427,0.0668093,-0.203839,0.0575078,0.0386894,-0.181361,-0.00811194
530,9.59936,0.0222545,1,0.0585092,0.0524522,-0.239032,0.083622,0.0816948,-0.239056,0.0585092,0.0524522,-0.215129,-0.00978993
531,9.61747,0.0233194,1,0.0622084,0.0676055,-0.274454,0.0880345,0.09852,-0.271507,0.0622084,0.0676055,-0.247009,-0.0119514
532,9.63558,0.0246693,1,0.067892,0.0847569,-0.303948,0.0949127,0.117726,-0.301008,0.067892,0.0847569,-0.273553,-0.014445
533,9.6537,0.0269449,1,0.075651,0.103023,-0.329259,0.104288,0.13982,-0.327272,0.075651,0.103023,-0.296333,-0.0174361
534,9.67181,0.0299655,1,0.0859283,0.123291,-0.351421,0.116283,0.165363,-0.349883,0.0859283,0.123291,-0.316279,-0.0211379
535,9.68992,0.0334267,1,0.0985259,0.147146,-0.370666,0.131103,0.194947,-0.368248,0.0985259,0.147146,-0.3336,-0.0255642
536,9.70803,0.0370786,1,0.113394,0.175987,-0.386731,0.149024,0.229166,-0.381549,0.113394,0.175987,-0.348058,-0.0306971
537,9.72614,0.0415802,1,0.13107,0.209162,-0.399355,0.170377,0.268555,-0.388671,0.13107,0.209162,-0.359419,-0.0366403
538,9.74426,0.046682,1,0.152014,0.247747,-0.40614,0.195515,0.313484,-0.38814,0.152014,0.247747,-0.365526,-0.0432173
539,9.76237,0.0517708,1,0.177161,0.292826,-0.404699,0.224766,0.363994,-0.378061,0.177161,0.292826,-0.364229,-0.0501877
540,9.78048,0.0569037,1,0.206417,0.344764,-0.393841,0.258356,0.419545,-0.356103,0.206417,0.344764,-0.354457,-0.0569069
541,9.79859,0.0622019,1,0.24025,0.402575,-0.371322,0.296293,0.478665,-0.319585,0.24025,0.402575,-0.33419,-0.062447
542,9.8167,0.0670287,1,0.278528,0.465884,-0.333898,0.338194,0.538516,-0.265758,0.278528,0.465884,-0.300509,-0.0651001
543,9.83482,0.0712946,1,0.321737,0.531051,-0.278792,0.383069,0.594479,-0.192397,0.321737,0.531051,-0.250913,-0.0627884
544,9.85293,0.0740222,1,0.368867,0.592174,-0.201405,0.429086,0.639966,-0.0988015,0.368867,0.592174,-0.181264,-0.0520041
545,9.87104,0.0749841,1,0.41765,0.640661,-0.101479,0.473391,0.666828,0.0128712,0.41765,0.640661,-0.0913311,-0.0296679
546,9.88915,0.0739305,1,0.464541,0.669566,0.0174774,0.512127,0.66677,0.136326,0.464541,0.669566,0.0157296,0.00568327
547,9.90726,0.0693989,1,0.505469,0.669902,0.151643,0.540809,0.633838,0.260726,0.505469,0.669902,0.136478,0.0536554
548,9.92538,0.0633482,1,0.536066,0.635153,0.288006,0.555135,0.567315,0.372109,0.536066,0.635153,0.259206,0.108073
549,9.94349,0.0572609,1,0.551348,0.559355,0.407277,0.5521,0.473446,0.45683,0.551348,0.559355,0.366549,0.157186
550,9.9616,0.0535963,1,0.546677,0.455371,0.495253,0.530974,0.364485,0.505773,0.546677,0.455371,0.445728,0.18952
551,9.97971,0.0499601,1,0.5212,0.332415,0.544253,0.493666,0.255021,0.517048,0.5212,0.332415,0.489828,0.198565
552,9.99782,0.0505534,1,0.479263,0.215238,0.551375,0.444245,0.157508,0.495626,0.479263,0.215238,0.496237,0.184977
553,10.0159,0.0496413,1,0.424833,0.111331,0.521191,0.38785,0.0793555,0.450462,0.424833,0.111331,0.469072,0.154993
554,10.034,0.0482786,1,0.363606,0.0322927,0.466813,0.329516,0.0225846,0.391076,0.363606,0.0322927,0.420131,0.118815
555,10.0522,0.0464312,1,0.30184,-0.0217634,0.400103,0.273338,-0.0147011,0.325234,0.30184,-0.0217634,0.360093,0.084537
556,10.0703,0.0460084,1,0.241946,-0.0569479,0.332546,0.222113,-0.0363415,0.258167,0.241946,-0.0569479,0.299292,0.0563208
557,10.0884,0.0464054,1,0.189734,-0.0770867,0.266154,0.177382,-0.0465646,0.192831,0.189734,-0.0770867,0.239538,0.0353488
558,10.1065,0.0454101,1,0.144209,-0.0852631,0.200295,0.139676,-0.049107,0.130593,0.144209,-0.0852631,0.180266,0.0202191
559,10.1246,0.0446493,1,0.105539,-0.0868751,0.137986,0.108829,-0.0468792,0.0718783,0.105539,-0.0868751,0.124187,0.010194
560,10.1427,0.0447079,1,0.0730745,-0.0860956,0.0792805,0.0842548,-0.0419535,0.0166478,0.0730745,-0.0860956,0.0713524,0.00405537
561,10.1608,0.0461198,1,0.0472332,-0.0835138,0.0260974,0.0651696,-0.0356926,-0.0353234,0.0472332,-0.0835138,0.0234876,0.000862864
562,10.1789,0.0480736,1,0.0278136,-0.0787755,-0.0216761,0.0507363,-0.0289161,-0.0843004,0.0278136,-0.0787755,-0.0195085,-0.000422023
563,10.1971,0.0494895,1,0.0124984,-0.0741074,-0.0682951,0.0401598,-0.022054,-0.130528,0.0124984,-0.0741074,-0.0614656,-0.000597507
564,10.2152,0.0526695,1,-0.000265265,-0.0712178,-0.110158,0.032738,-0.0152702,-0.174212,-0.000265265,-0.0712178,-0.0991421,2.04547e-05
565,10.2333,0.0556679,1,-0.0101692,-0.0700215,-0.151718,0.0278837,-0.0085541,-0.215519,-0.0101692,-0.0700215,-0.136547,0.00107999
566,10.2514,0.0584645,1,-0.0170543,-0.0679229,-0.19055,0.0251293,-0.0017835,-0.254584,-0.0170543,-0.0679229,-0.171495,0.00227479
567,10.2695,0.0616541,1,-0.0228468,-0.0673937,-0.228884,0.0241213,0.00523461,-0.291516,-0.0228468,-0.0673937,-0.205996,0.00366049
568,10.2876,0.066228,1,-0.0277611,-0.0689138,-0.265177,0.0246099,0.0127409,-0.3264,-0.0277611,-0.0689138,-0.23866,0.00515313
569,10.3057,0.0729439,1,-0.0325122,-0.0735118,-0.299697,0.0264377,0.0210128,-0.359299,-0.0325122,-0.0735118,-0.269727,0.00682067
570,10.3238,0.0808642,1,-0.0371891,-0.0778037,-0.331382,0.0295296,0.0303625,-0.390252,-0.0371891,-0.0778037,-0.298244,0.00862666
571,10.342,0.0907648,1,-0.0418681,-0.084029,-0.361751,0.033884,0.0411417,-0.419272,-0.0418681,-0.084029,-0.325576,0.0106021
572,10.3601,0.103479,1,-0.0473743,-0.0922557,-0.389348,0.0395678,0.05375,-0.446332,-0.0473743,-0.0922557,-0.350413,0.0129116
573,10.3782,0.118461,1,-0.0533013,-0.101323,-0.414739,0.0467137,0.0686471,-0.471358,-0.0533013,-0.101323,-0.373265,0.0154743
574,10.3963,0.135996,1,-0.0599621,-0.111352,-0.438926,0.0555202,0.0863663,-0.494207,-0.0599621,-0.111352,-0.395033,0.0184232
575,10.4144,0.157226,1,-0.06729,-0.123748,-0.461366,0.0662545,0.107528,-0.514638,-0.06729,-0.123748,-0.415229,0.0217317
576,10.4325,0.183001,1,-0.0757397,-0.138868,-0.481158,0.0792571,0.132851,-0.532278,-0.0757397,-0.138868,-0.433042,0.0255099
577,10.4506,0.214235,1,-0.0854155,-0.15779,-0.500161,0.0949464,0.163157,-0.546562,-0.0854155,-0.15779,-0.450145,0.0299051
578,10.4687,0.25165,0,-0.0969858,-0.180154,-0.517797,0.113823,0.199362,-0.556656,-0.0969858,-0.180154,-0.466018,0.0351533
579,10.4868,0.296986,0,-0.110887,-0.207723,-0.533577,0.13647,0.242437,-0.561355,-0.110887,-0.207723,-0.480219,0.0414166
580,10.505,0.351569,0,-0.128022,-0.241112,-0.545576,0.163538,0.293319,-0.558951,-0.128022,-0.241112,-0.491019,0.048892
581,10.5231,0.41639,0,-0.148489,-0.281013,-0.552472,0.195714,0.352736,-0.547067,-0.148489,-0.281013,-0.497225,0.0574252
582,10.5412,0.492556,0,-0.173393,-0.328274,-0.552459,0.233649,0.420894,-0.522511,-0.173393,-0.328274,-0.497213,0.0670547
583,10.5593,0.581292,0,-0.203572,-0.385165,-0.542936,0.277828,0.496959,-0.481187,-0.203572,-0.385165,-0.488643,0.0773687
584,10.5774,0.681733,0,-0.239356,-0.451959,-0.521171,0.328338,0.578286,-0.418236,-0.239356,-0.451959,-0.469054,0.0873219
585,10.5955,0.790223,0,-0.281082,-0.526557,-0.482757,0.384526,0.659434,-0.328652,-0.281082,-0.526557,-0.434482,0.0949861
586,10.6136,0.900689,0,-0.329257,-0.606399,-0.422589,0.444531,0.731225,-0.208723,-0.329257,-0.606399,-0.38033,0.0973981
587,10.6317,1.00277,0,-0.38374,-0.685645,-0.336858,0.504789,0.780547,-0.0585308,-0.38374,-0.685645,-0.303172,0.0904861
588,10.6499,1.08393,0,-0.442354,-0.759253,-0.222804,0.55975,0.792035,0.114863,-0.442354,-0.759253,-0.200524,0.0689909
589,10.668,1.12728,0,-0.501653,-0.814189,-0.0775941,0.602207,0.752603,0.295169,-0.501653,-0.814189,-0.0698347,0.0272477
590,10.6861,1.11924,0,-0.557352,-0.833809,0.0905988,0.624624,0.658097,0.458312,-0.557352,-0.833809,0.0815389,-0.0353468
591,10.7042,1.05732,0,-0.602382,-0.808308,0.269209,0.621356,0.518386,0.5793,-0.602382,-0.808308,0.242288,-0.113517
592,10.7223,0.949074,0,-0.630275,-0.724868,0.435407,0.590842,0.356065,0.642005,-0.630275,-0.724868,0.391866,-0.192098
593,10.7404,0.815389,0,-0.632171,-0.590686,0.562236,0.536454,0.197967,0.645425,-0.632171,-0.590686,0.506012,-0.2488
594,10.7585,0.682197,0,-0.606281,-0.431804,0.633334,0.46538,0.0649172,0.601902,-0.606281,-0.431804,0.570001,-0.268785
595,10.7766,0.566012,0,-0.556767,-0.2751,0.645801,0.386247,-0.0336119,0.529542,-0.556767,-0.2751,0.581221,-0.251692
596,10.7948,0.470009,0,-0.489745,-0.140141,0.607418,0.306827,-0.0983502,0.444778,-0.489745,-0.140141,0.546676,-0.208236
597,10.8129,0.390266,0,-0.412337,-0.0395846,0.53637,0.232743,-0.135777,0.358768,-0.412337,-0.0395846,0.482733,-0.154815
598,10.831,0.325151,0,-0.335245,0.0270083,0.456118,0.167226,-0.153943,0.277375,-0.335245,0.0270083,0.410506,-0.107038
599,10.8491,0.27146,0,-0.261655,0.0680666,0.375311,0.111518,-0.16005,0.202755,-0.261655,0.0680666,0.33778,-0.0687415
600,10.8672,0.228292,1,-0.196815,0.0887621,0.295881,0.0654862,-0.159597,0.135049,-0.196815,0.0887621,0.266293,-0.0407638
601,10.8853,0.194324,1,-0.140625,0.0966396,0.217663,0.0281849,-0.156389,0.0735618,-0.140625,0.0966396,0.195896,-0.0214262
602,10.9034,0.171141,1,-0.0936681,0.0966911,0.148266,-0.00171662,-0.152887,0.0174093,-0.0936681,0.0966911,0.13344,-0.00972147
603,10.9215,0.158134,1,-0.0568743,0.0928776,0.087323,-0.0256589,-0.150592,-0.034195,-0.0568743,0.0928776,0.0785907,-0.0034765
604,10.9396,0.15347,1,-0.0262654,0.0883177,0.0336053,-0.0450304,-0.150379,-0.0818516,-0.0262654,0.0883177,0.0302448,-0.000617861
605,10.9578,0.15583,1,-0.00172615,0.0867316,-0.0165253,-0.0610873,-0.152739,-0.125975,-0.00172615,0.0867316,-0.0148728,1.99676e-05
606,10.9759,0.16203,1,0.0172251,0.0857086,-0.0624302,-0.0749255,-0.157954,-0.166822,0.0172251,0.0857086,-0.0561872,-0.000752755
607,10.994,0.17108,1,0.031908,0.0855162,-0.10361,-0.0874834,-0.166216,-0.204517,0.031908,0.0855162,-0.0932494,-0.0023142
608,11.0121,0.184429,1,0.0453826,0.0901341,-0.142646,-0.0995619,-0.177702,-0.239071,0.0453826,0.0901341,-0.128382,-0.00453157
609,11.0302,0.201438,1,0.0583375,0.0983714,-0.180436,-0.111851,-0.192621,-0.270384,0.0583375,0.0983714,-0.162392,-0.00736832
610,11.0483,0.222527,1,0.0703221,0.110567,-0.215416,-0.124959,-0.21124,-0.29824,0.0703221,0.110567,-0.193874,-0.0106039
611,11.0664,0.247156,1,0.0819784,0.124531,-0.24632,-0.139438,-0.233888,-0.322279,0.0819784,0.124531,-0.221688,-0.014135
612,11.0845,0.276532,0,0.0941063,0.141735,-0.2727,-0.155805,-0.260951,-0.34197,0.0941063,0.141735,-0.24543,-0.0179639
613,11.1027,0.31147,0,0.107527,0.162825,-0.294578,-0.174556,-0.292838,-0.356558,0.107527,0.162825,-0.26512,-0.0221725
614,11.1208,0.353317,0,0.123175,0.189416,-0.312096,-0.196171,-0.329926,-0.365016,0.123175,0.189416,-0.280886,-0.0269098
615,11.1389,0.401618,0,0.141108,0.219965,-0.32435,-0.221098,-0.372458,-0.365982,0.141108,0.219965,-0.291915,-0.0320379
616,11.157,0.457106,0,0.161768,0.255514,-0.331889,-0.249727,-0.420387,-0.35771,0.161768,0.255514,-0.2987,-0.0375823
617,11.1751,0.519855,0,0.185955,0.295907,-0.333565,-0.28232,-0.473149,-0.338062,0.185955,0.295907,-0.300208,-0.0434196
618,11.1932,0.590451,0,0.21434,0.343008,-0.327955,-0.31892,-0.529338,-0.30459,0.21434,0.343008,-0.29516,-0.0492058
619,11.2113,0.666741,0,0.246524,0.395278,-0.311216,-0.359196,-0.586328,-0.254791,0.246524,0.395278,-0.280095,-0.0537055
620,11.2294,0.744441,0,0.281304,0.44947,-0.27934,-0.402259,-0.639898,-0.186634,0.281304,0.44947,-0.251406,-0.0550057
621,11.2476,0.81927,0,0.319422,0.503218,-0.231405,-0.446449,-0.684062,-0.0994341,0.319422,0.503218,-0.208265,-0.0517412
622,11.2657,0.885746,0,0.36062,0.554342,-0.166373,-0.489176,-0.711409,0.00497152,0.36062,0.554342,-0.149736,-0.0419983
623,11.2838,0.935356,0,0.402995,0.596868,-0.0808601,-0.52693,-0.714289,0.121079,0.402995,0.596868,-0.0727741,-0.0228104
624,11.3019,0.960161,0,0.444525,0.62367,0.0208084,-0.555592,-0.686964,0.239285,0.444525,0.62367,0.0187276,0.00647489
625,11.32,0.953179,0,0.481608,0.62582,0.135062,-0.571133,-0.628167,0.346969,0.481608,0.62582,0.121556,0.0455328
626,11.3381,0.913492,0,0.50884,0.600218,0.253268,-0.570589,-0.542808,0.43138,0.50884,0.600218,0.227941,0.0902112
627,11.3562,0.844721,0,0.523389,0.541598,0.358133,-0.552986,-0.441455,0.483363,0.523389,0.541598,0.32232,0.13121
628,11.3743,0.757504,0,0.522509,0.457257,0.438994,-0.519746,-0.337359,0.500044,0.522509,0.457257,0.395094,0.160565
629,11.3924,0.662721,0,0.505078,0.356053,0.490158,-0.474373,-0.242483,0.484947,0.505078,0.356053,0.441142,0.173298
630,11.4106,0.571111,0,0.471882,0.25561,0.506915,-0.421537,-0.164584,0.445747,0.471882,0.25561,0.456224,0.167443
631,11.4287,0.486864,0,0.427094,0.162231,0.490676,-0.366004,-0.106495,0.39122,0.427094,0.162231,0.441608,0.146695
632,11.4468,0.412534,0,0.374891,0.0867723,0.452661,-0.3118,-0.0671717,0.328927,0.374891,0.0867723,0.407395,0.118789
633,11.4649,0.347789,0,0.32061,0.0311214,0.398793,-0.261808,-0.0434245,0.264243,0.32061,0.0311214,0.358914,0.0895001
634,11.483,0.291097,0,0.2671,-0.0069735,0.336626,-0.21773,-0.0314131,0.200405,0.2671,-0.0069735,0.302963,0.0629389
635,11.5011,0.24374,1,0.219124,-0.030161,0.275803,-0.180279,-0.0275785,0.139059,0.219124,-0.030161,0.248222,0.0423044
636,11.5192,0.203613,1,0.176368,-0.0427448,0.215113,-0.149457,-0.0290542,0.0808545,0.176368,-0.0427448,0.193602,0.0265573
637,11.5373,0.170384,1,0.140219,-0.0453506,0.155187,-0.124817,-0.0337453,0.0259074,0.140219,-0.0453506,0.139668,0.0152321
638,11.5555,0.14399,1,0.110279,-0.0434077,0.0988002,-0.105679,-0.0402423,-0.0259043,0.110279,-0.0434077,0.0889201,0.00762694
639,11.5736,0.123495,1,0.0858394,-0.0393991,0.0448474,-0.0912866,-0.0476802,-0.0747797,0.0858394,-0.0393991,0.0403626,0.00269477
640,11.5917,0.109374,1,0.0669848,-0.0333532,-0.00462907,-0.0809005,-0.0555966,-0.120919,0.0669848,-0.0333532,-0.00416616,-0.000217054
641,11.6098,0.100812,1,0.053294,-0.0266719,-0.0507355,-0.0738611,-0.0638138,-0.164495,0.053294,-0.0266719,-0.045662,-0.00189273
642,11.6279,0.0960981,1,0.042389,-0.0194698,-0.0944555,-0.0696156,-0.0723485,-0.205646,0.042389,-0.0194698,-0.0850099,-0.00280271
643,11.646,0.0941754,1,0.034783,-0.0134064,-0.137319,-0.0677273,-0.0813485,-0.244476,0.034783,-0.0134064,-0.123587,-0.00334346
644,11.6641,0.0949742,1,0.0299099,-0.00624365,-0.179537,-0.0678744,-0.0910521,-0.281056,0.0299099,-0.00624365,-0.161584,-0.00375896
645,11.6822,0.0986573,1,0.0274366,0.00141762,-0.220087,-0.0698431,-0.101764,-0.315428,0.0274366,0.00141762,-0.198078,-0.00422692
646,11.7004,0.10585,1,0.0270431,0.0105003,-0.257941,-0.0735191,-0.113846,-0.347595,0.0270431,0.0105003,-0.232147,-0.00488288
647,11.7185,0.116,1,0.0284353,0.0198564,-0.293406,-0.0788791,-0.127712,-0.377518,0.0284353,0.0198564,-0.264065,-0.00584016
648,11.7366,0.130173,1,0.0316626,0.0309136,-0.324749,-0.0859849,-0.143837,-0.4051,0.0316626,0.0309136,-0.292274,-0.00719766
649,11.7547,0.147302,1,0.0360883,0.0424547,-0.353991,-0.0949786,-0.162758,-0.430167,0.0360883,0.0424547,-0.318592,-0.00894244
650,11.7728,0.168163,1,0.0418906,0.0553014,-0.380659,-0.106082,-0.18509,-0.45244,0.0418906,0.0553014,-0.342593,-0.0111622
651,11.7909,0.193608,1,0.0492987,0.0703324,-0.404528,-0.119593,-0.211525,-0.471493,0.0492987,0.0703324,-0.364075,-0.0139599
652,11.809,0.224843,1,0.0581237,0.0894055,-0.426356,-0.135891,-0.242829,-0.4867,0.0581237,0.0894055,-0.38372,-0.017347
653,11.8271,0.262172,0,0.0692063,0.111497,-0.446049,-0.155429,-0.27982,-0.497157,0.0692063,0.111497,-0.401444,-0.0216086
654,11.8452,0.306783,0,0.0825585,0.137667,-0.461935,-0.178728,-0.323315,-0.50159,0.0825585,0.137667,-0.415741,-0.0266957
655,11.8634,0.359121,0,0.0982691,0.167784,-0.47459,-0.206354,-0.374016,-0.498233,0.0982691,0.167784,-0.427131,-0.0326463
656,11.8815,0.420515,0,0.117118,0.203109,-0.482843,-0.238873,-0.432316,-0.484712,0.117118,0.203109,-0.434558,-0.0395846
657,11.8996,0.49166,0,0.139807,0.244244,-0.48602,-0.276764,-0.497961,-0.457945,0.139807,0.244244,-0.437418,-0.0475643
658,11.9177,0.573026,0,0.16663,0.292634,-0.482277,-0.320275,-0.56955,-0.414166,0.16663,0.292634,-0.43405,-0.0562534
659,11.9358,0.663075,0,0.197574,0.347844,-0.468985,-0.369196,-0.643836,-0.3492,0.197574,0.347844,-0.422087,-0.0648615
660,11.9539,0.75965,0,0.233613,0.410559,-0.44338,-0.422529,-0.714949,-0.259224,0.233613,0.410559,-0.399042,-0.0725056
661,11.972,0.85838,0,0.275934,0.480992,-0.401581,-0.478102,-0.773849,-0.142248,0.275934,0.480992,-0.361423,-0.077567
662,11.9901,0.949614,0,0.322973,0.554605,-0.340086,-0.532214,-0.808673,-0.000340356,0.322973,0.554605,-0.306078,-0.0768872
663,12.0083,1.02172,0,0.375035,0.625545,-0.252826,-0.579571,-0.806827,0.158004,0.375035,0.625545,-0.227544,-0.0663732
664,12.0264,1.06226,0,0.430531,0.686443,-0.135518,-0.613804,-0.759206,0.316878,0.430531,0.686443,-0.121966,-0.0408413
665,12.0445,1.05943,0,0.484363,0.722176,0.00492515,-0.628789,-0.665325,0.455351,0.484363,0.722176,0.00443263,0.00166989
666,12.0626,1.0105,0,0.531426,0.722517,0.163654,-0.620491,-0.536167,0.55372,0.531426,0.722517,0.147289,0.060879
667,12.0807,0.922915,0,0.566346,0.678226,0.323758,-0.588521,-0.391737,0.600846,0.566346,0.678226,0.291382,0.128351
668,12.0988,0.811155,0,0.582144,0.585397,0.462536,-0.536479,-0.253828,0.597819,0.582144,0.585397,0.416283,0.188484
669,12.1169,0.694484,0,0.574499,0.456622,0.561636,-0.470814,-0.138531,0.555619,0.574499,0.456622,0.505472,0.225862
670,12.135,0.586856,0,0.54244,0.310723,0.611288,-0.398884,-0.0528404,0.489103,0.54244,0.310723,0.550159,0.232111
671,12.1532,0.495392,0,0.49113,0.17365,0.606042,-0.327205,0.00411855,0.411552,0.49113,0.17365,0.545438,0.208352
672,12.1713,0.418861,0,0.426453,0.0583679,0.564536,-0.260484,0.0376516,0.332111,0.426453,0.0583679,0.508083,0.168524
673,12.1894,0.352342,0,0.35437,-0.0262469,0.494544,-0.201454,0.0543385,0.255793,0.35437,-0.0262469,0.445089,0.122676
674,12.2075,0.295713,0,0.283044,-0.0809599,0.416729,-0.151198,0.0601554,0.184655,0.283044,-0.0809599,0.375056,0.0825668
675,12.2256,0.247972,1,0.216128,-0.114208,0.33835,-0.10964,0.0597559,0.119072,0.216128,-0.114208,0.304515,0.0511887
676,12.2437,0.210337,1,0.158836,-0.129808,0.26576,-0.0760022,0.0564298,0.0586573,0.158836,-0.129808,0.239184,0.0295485
677,12.2618,0.180869,1,0.108748,-0.136456,0.196602,-0.0491619,0.0523425,0.00279623,0.108748,-0.136456,0.176942,0.014966
678,12.2799,0.159138,1,0.0677861,-0.134982,0.132637,-0.0278891,0.0488351,-0.0491088,0.0677861,-0.134982,0.119374,0.00629368
679,12.298,0.145905,1,0.0337195,-0.133494,0.0739171,-0.0109893,0.0466896,-0.097547,0.0337195,-0.133494,0.0665254,0.00174471
680,12.3162,0.140169,1,0.00660344,-0.131306,0.0225503,0.00262142,0.0463369,-0.142887,0.00660344,-0.131306,0.0202953,0.000104237
681,12.3343,0.138372,1,-0.0140262,-0.128962,-0.026199,0.0138881,0.0480077,-0.185394,-0.0140262,-0.128962,-0.0235791,0.000257231
682,12.3524,0.139342,1,-0.0308155,-0.126336,-0.0718227,0.0236159,0.0518375,-0.225249,-0.0308155,-0.126336,-0.0646404,0.00154927
683,12.3705,0.144401,1,-0.0451651,-0.12719,-0.11339,0.0324855,0.0579381,-0.262564,-0.0451651,-0.12719,-0.102051,0.00358489
684,12.3886,0.151627,1,-0.0567805,-0.128921,-0.151692,0.0410762,0.0664443,-0.297394,-0.0567805,-0.128921,-0.136523,0.00602921
685,12.4067,0.161532,1,-0.0669462,-0.134338,-0.189262,0.0498913,0.0775457,-0.329733,-0.0669462,-0.134338,-0.170335,0.00886925
686,12.4248,0.174409,1,-0.0764543,-0.142253,-0.224753,0.059384,0.0915059,-0.359512,-0.0764543,-0.142253,-0.202277,0.0120283
687,12.4429,0.191426,1,-0.0859344,-0.153406,-0.256444,0.0699812,0.108676,-0.386577,-0.0859344,-0.153406,-0.2308,0.0154262
688,12.4611,0.213074,1,-0.0965873,-0.167712,-0.284438,0.0821047,0.129501,-0.41067,-0.0965873,-0.167712,-0.255994,0.0192312
689,12.4792,0.239582,1,-0.108466,-0.186078,-0.311777,0.0961897,0.154522,-0.431388,-0.108466,-0.186078,-0.280599,0.0236721
690,12.4973,0.272222,0,-0.122185,-0.20886,-0.336237,0.112698,0.184361,-0.44814,-0.122185,-0.20886,-0.302614,0.0287583
691,12.5154,0.311043,0,-0.137087,-0.235141,-0.355733,0.132128,0.219701,-0.460072,-0.137087,-0.235141,-0.32016,0.0341365
692,12.5335,0.356277,0,-0.153765,-0.264146,-0.368787,0.155011,0.261221,-0.465988,-0.153765,-0.264146,-0.331908,0.0396945
693,12.5516,0.409062,0,-0.172869,-0.297564,-0.376976,0.181897,0.309494,-0.46425,-0.172869,-0.297564,-0.339278,0.0456171
694,12.5697,0.470908,0,-0.195467,-0.337062,-0.37818,0.213319,0.364798,-0.452672,-0.195467,-0.337062,-0.340362,0.0517452
695,12.5878,0.543216,0,-0.222854,-0.384845,-0.372384,0.249709,0.426816,-0.428453,-0.222854,-0.384845,-0.335146,0.0580911
696,12.606,0.624228,0,-0.254785,-0.438419,-0.355908,0.291278,0.494187,-0.388208,-0.254785,-0.438419,-0.320317,0.063476
697,12.6241,0.710708,0,-0.290177,-0.494831,-0.323597,0.337805,0.563911,-0.328233,-0.290177,-0.494831,-0.291238,0.0657304
698,12.6422,0.799515,0,-0.32927,-0.553293,-0.274852,0.388361,0.630682,-0.245173,-0.32927,-0.553293,-0.247367,0.0633504
699,12.6603,0.885128,0,-0.372035,-0.611371,-0.208438,0.440967,0.686443,-0.137307,-0.372035,-0.611371,-0.187594,0.0542822
700,12.6784,0.95786,0,-0.417551,-0.661608,-0.124373,0.4923,0.72069,-0.00642748,-0.417551,-0.661608,-0.111935,0.0363523
701,12.6965,1.00631,0,-0.462116,-0.696274,-0.0224624,0.537628,0.722205,0.14014,-0.462116,-0.696274,-0.0202162,0.00726617
702,12.7146,1.02178,0,-0.50314,-0.710692,0.0972415,0.571242,0.682571,0.288629,-0.50314,-0.710692,0.0875174,-0.0342483
703,12.7327,0.996463,0,-0.536626,-0.693729,0.220754,0.587553,0.600523,0.420632,-0.536626,-0.693729,0.198679,-0.0829238
704,12.7508,0.930768,0,-0.557582,-0.640338,0.335919,0.582666,0.484656,0.518156,-0.557582,-0.640338,0.302327,-0.131112
705,12.769,0.836182,0,-0.562471,-0.558071,0.431923,0.55579,0.351902,0.569919,-0.562471,-0.558071,0.38873,-0.170061
706,12.7871,0.726625,0,-0.549279,-0.453846,0.49728,0.509693,0.221788,0.575068,-0.549279,-0.453846,0.447552,-0.191202
707,12.8052,0.617359,0,-0.518459,-0.343271,0.522389,0.449889,0.109848,0.541974,-0.518459,-0.343271,0.47015,-0.189586
708,12.8233,0.518361,0,-0.474148,-0.241828,0.510053,0.383016,0.0239853,0.483455,-0.474148,-0.241828,0.459048,-0.169288
709,12.8414,0.431428,0,-0.419574,-0.158561,0.468629,0.315233,-0.0351696,0.411848,-0.419574,-0.158561,0.421766,-0.137637
710,12.8595,0.35787,0,-0.363178,-0.0969842,0.414219,0.251224,-0.0715724,0.336258,-0.363178,-0.0969842,0.372797,-0.105305
711,12.8776,0.295234,0,-0.307748,-0.0544605,0.354338,0.193903,-0.090917,0.262111,-0.307748,-0.0544605,0.318904,-0.0763327
712,12.8957,0.24188,1,-0.256401,-0.0276776,0.29019,0.144624,-0.0987345,0.191967,-0.256401,-0.0276776,0.261171,-0.0520836
713,12.9139,0.195937,1,-0.209529,-0.0138719,0.225628,0.103576,-0.0995286,0.126624,-0.209529,-0.0138719,0.203065,-0.0330929
714,12.932,0.158115,1,-0.170079,-0.0104399,0.165169,0.0702164,-0.0965933,0.065989,-0.170079,-0.0104399,0.148652,-0.0196643
715,12.9501,0.128422,1,-0.138277,-0.01152,0.109092,0.0436031,-0.0921577,0.00962401,-0.138277,-0.01152,0.0981827,-0.0105594
716,12.9682,0.105141,1,-0.112791,-0.0151507,0.054847,0.0226429,-0.0876326,-0.0429691,-0.112791,-0.0151507,0.0493623,-0.00433039
717,12.9863,0.0871815,1,-0.0922318,-0.0208518,0.00334764,0.00624195,-0.0838514,-0.0922339,-0.0922318,-0.0208518,0.00301288,-0.000216131
718,13.0044,0.0747804,1,-0.0769429,-0.0279732,-0.043717,-0.00660801,-0.0812682,-0.138527,-0.0769429,-0.0279732,-0.0393453,0.0023546
719,13.0225,0.0661836,1,-0.0654114,-0.0345294,-0.0888516,-0.0167913,-0.0801051,-0.182124,-0.0654114,-0.0345294,-0.0799664,0.00406833
720,13.0406,0.0606652,1,-0.0571866,-0.0401759,-0.131659,-0.0250591,-0.0804589,-0.223233,-0.0571866,-0.0401759,-0.118493,0.00527038
721,13.0588,0.0566215,1,-0.0514439,-0.0462729,-0.172918,-0.032038,-0.0823724,-0.262015,-0.0514439,-0.0462729,-0.155627,0.00622692
722,13.0769,0.0540764,1,-0.0480871,-0.0522413,-0.211733,-0.0382476,-0.0858834,-0.29859,-0.0480871,-0.0522413,-0.19056,0.00712713
723,13.095,0.0529276,1,-0.0463306,-0.0583322,-0.247443,-0.0441225,-0.0910558,-0.333048,-0.0463306,-0.0583322,-0.222699,0.00802491
724,13.1131,0.0526938,1,-0.0456315,-0.063,-0.281274,-0.050034,-0.0980011,-0.365449,-0.0456315,-0.063,-0.253147,0.00898446
725,13.1312,0.0529507,1,-0.0457509,-0.0690751,-0.312938,-0.056312,-0.106893,-0.395821,-0.0457509,-0.0690751,-0.281644,0.010022
726,13.1493,0.0535231,1,-0.0475761,-0.0766625,-0.342661,-0.0632649,-0.117977,-0.424154,-0.0475761,-0.0766625,-0.308395,0.0114117
727,13.1674,0.054791,1,-0.050456,-0.0850557,-0.37032,-0.0711975,-0.131586,-0.450388,-0.050456,-0.0850557,-0.333288,0.0130794
728,13.1855,0.0569235,1,-0.0544048,-0.094224,-0.396063,-0.0804278,-0.148142,-0.474399,-0.0544048,-0.094224,-0.356457,0.0150834
729,13.2036,0.0597557,1,-0.059225,-0.105254,-0.42031,-0.0913028,-0.168173,-0.495969,-0.059225,-0.105254,-0.378279,0.017425
730,13.2218,0.063575,1,-0.0652917,-0.117825,-0.443609,-0.104212,-0.192315,-0.514756,-0.0652917,-0.117825,-0.399248,0.0202748
731,13.2399,0.0688972,1,-0.0725331,-0.132591,-0.46579,-0.1196,-0.221316,-0.530235,-0.0725331,-0.132591,-0.419211,0.0236496
732,13.258,0.0761538,1,-0.0817616,-0.150541,-0.485856,-0.137977,-0.256024,-0.541636,-0.0817616,-0.150541,-0.437271,0.0278071
733,13.2761,0.0855739,1,-0.0930318,-0.172567,-0.50399,-0.159921,-0.297354,-0.54784,-0.0930318,-0.172567,-0.453591,0.032821
734,13.2942,0.0980076,1,-0.106742,-0.198754,-0.519304,-0.18607,-0.346205,-0.547261,-0.106742,-0.198754,-0.467374,0.0388021
735,13.3123,0.113592,1,-0.123114,-0.230601,-0.530649,-0.217098,-0.403305,-0.537695,-0.123114,-0.230601,-0.477584,0.0457314
736,13.3304,0.132897,1,-0.142766,-0.268267,-0.536767,-0.253652,-0.468928,-0.516172,-0.142766,-0.268267,-0.48309,0.0536424
737,13.3485,0.155896,1,-0.166264,-0.312889,-0.536554,-0.296234,-0.542433,-0.478864,-0.166264,-0.312889,-0.482898,0.0624466
738,13.3667,0.182321,1,-0.19466,-0.365787,-0.529347,-0.344998,-0.621563,-0.421178,-0.19466,-0.365787,-0.476413,0.0721301
739,13.3848,0.211084,1,-0.228614,-0.429033,-0.512136,-0.399442,-0.70153,-0.338262,-0.228614,-0.429033,-0.460922,0.0819569
740,13.4029,0.241583,1,-0.268442,-0.500764,-0.480117,-0.457972,-0.774095,-0.226236,-0.268442,-0.500764,-0.432105,0.0902184
741,13.421,0.272583,0,-0.313952,-0.578493,-0.430303,-0.517431,-0.827208,-0.0844104,-0.313952,-0.578493,-0.387272,0.0945659
742,13.4391,0.300172,0,-0.366018,-0.658974,-0.357002,-0.572771,-0.846237,0.0817418,-0.366018,-0.658974,-0.321302,0.0914685
743,13.4572,0.321461,0,-0.423304,-0.734755,-0.257133,-0.617243,-0.817784,0.258139,-0.423304,-0.734755,-0.23142,0.0761917
744,13.4753,0.332546,0,-0.482888,-0.79673,-0.127122,-0.643485,-0.735806,0.422657,-0.482888,-0.79673,-0.11441,0.04297
745,13.4934,0.332528,0,-0.539893,-0.829654,0.0301185,-0.645522,-0.607056,0.550712,-0.539893,-0.829654,0.0271066,-0.0113825
746,13.5116,0.323926,0,-0.589567,-0.822861,0.205214,-0.620956,-0.451269,0.624401,-0.589567,-0.822861,0.184692,-0.0846912
747,13.5297,0.309944,0,-0.6237,-0.759874,0.377457,-0.572107,-0.294228,0.63958,-0.6237,-0.759874,0.339712,-0.164794
748,13.5478,0.294587,0,-0.635452,-0.643803,0.520676,-0.505321,-0.157836,0.60581,-0.635452,-0.643803,0.468608,-0.231605
749,13.5659,0.278813,0,-0.618958,-0.491628,0.612792,-0.428849,-0.0537271,0.539911,-0.618958,-0.491628,0.551513,-0.265505
750,13.584,0.26374,0,-0.578098,-0.331777,0.646507,-0.350548,0.0168493,0.458474,-0.578098,-0.331777,0.581856,-0.261621
751,13.6021,0.247387,1,-0.516796,-0.187799,0.628093,-0.276397,0.0591932,0.373526,-0.516796,-0.187799,0.565284,-0.227217
752,13.6202,0.226216,1,-0.4415,-0.0722939,0.568401,-0.210057,0.0809374,0.291859,-0.4415,-0.0722939,0.511561,-0.175664
753,13.6383,0.205233,1,-0.363914,0.00668362,0.490377,-0.15315,0.0893273,0.216314,-0.363914,0.00668362,0.441339,-0.124919
754,13.6564,0.18598,1,-0.28879,0.0542722,0.410131,-0.105827,0.0900919,0.147439,-0.28879,0.0542722,0.369118,-0.0829093
755,13.6746,0.166584,1,-0.220011,0.081499,0.329489,-0.0673261,0.0872985,0.0847355,-0.220011,0.081499,0.29654,-0.0507438
756,13.6927,0.14734,1,-0.161394,0.0935865,0.249677,-0.0364252,0.0836275,0.0273918,-0.161394,0.0935865,0.224709,-0.0282075
757,13.7108,0.129921,1,-0.110541,0.0958915,0.176241,-0.0117367,0.0807441,-0.0253691,-0.110541,0.0958915,0.158617,-0.0136374
758,13.7289,0.116471,1,-0.0704092,0.0930313,0.111176,0.00810851,0.0796299,-0.074167,-0.0704092,0.0930313,0.100058,-0.00547947
759,13.747,0.106676,1,-0.0379661,0.0884865,0.0543211,0.024366,0.0808402,-0.119448,-0.0379661,0.0884865,0.048889,-0.00144365
760,13.7651,0.0995393,1,-0.0107404,0.0865751,0.00381791,0.0381395,0.0846886,-0.161504,-0.0107404,0.0865751,0.00343612,-2.87041e-05
761,13.7832,0.0938614,1,0.0100472,0.0856227,-0.043117,0.050377,0.0913741,-0.200503,0.0100472,0.0856227,-0.0388053,-0.000303243
762,13.8013,0.0900218,1,0.0260406,0.0860342,-0.085504,0.0618871,0.101065,-0.236504,0.0260406,0.0860342,-0.0769536,-0.0015586
763,13.8195,0.0873929,1,0.0394898,0.0882569,-0.124193,0.0733637,0.113953,-0.269468,0.0394898,0.0882569,-0.111774,-0.00343305
764,13.8376,0.0842412,1,0.0526963,0.0957236,-0.161324,0.0854146,0.130286,-0.299254,0.0526963,0.0957236,-0.145192,-0.00595083
765,13.8557,0.0805846,1,0.065545,0.106406,-0.197319,0.0985887,0.150381,-0.3256,0.065545,0.106406,-0.177587,-0.0090533
766,13.8738,0.0780644,1,0.0776875,0.120017,-0.229672,0.1134,0.174625,-0.348098,0.0776875,0.120017,-0.206704,-0.0124898
767,13.8919,0.0775276,1,0.0899194,0.135685,-0.257505,0.130344,0.203464,-0.366149,0.0899194,0.135685,-0.231755,-0.0162083
768,13.91,0.0786881,1,0.103003,0.154569,-0.281342,0.149911,0.237361,-0.378915,0.103003,0.154569,-0.253207,-0.0202854
769,13.9281,0.0814946,1,0.11721,0.177672,-0.301317,0.172583,0.27673,-0.385254,0.11721,0.177672,-0.271185,-0.0247222
770,13.9462,0.0855522,1,0.133994,0.206757,-0.316457,0.198816,0.321825,-0.383651,0.133994,0.206757,-0.284811,-0.0296824
771,13.9644,0.0919387,1,0.153382,0.23988,-0.327027,0.229001,0.372553,-0.372169,0.153382,0.23988,-0.294324,-0.0351119
772,13.9825,0.100611,1,0.176095,0.278323,-0.3317,0.263389,0.428214,-0.348444,0.176095,0.278323,-0.29853,-0.0408874
773,14.0006,0.111824,1,0.202309,0.322177,-0.329077,0.301972,0.487129,-0.309798,0.202309,0.322177,-0.296169,-0.0466026
774,14.0187,0.124467,1,0.23328,0.372836,-0.317481,0.344317,0.546214,-0.253555,0.23328,0.372836,-0.285733,-0.0518434
775,14.0368,0.139369,1,0.266869,0.42647,-0.291519,0.389342,0.60058,-0.177689,0.266869,0.42647,-0.262367,-0.0544583
776,14.0549,0.155088,1,0.30348,0.480719,-0.250283,0.435096,0.643414,-0.081866,0.30348,0.480719,-0.225255,-0.0531692
777,14.073,0.169301,1,0.34342,0.533204,-0.192263,0.478601,0.666521,0.0312128,0.34342,0.533204,-0.173037,-0.046219
778,14.0911,0.179037,1,0.385295,0.579423,-0.114267,0.515915,0.661872,0.154627,0.385295,0.579423,-0.10284,-0.0308185
779,14.1092,0.183097,1,0.427579,0.613471,-0.0182955,0.542572,0.624189,0.277061,0.427579,0.613471,-0.0164659,-0.00547593
780,14.1274,0.180984,1,0.466659,0.625019,0.0921479,0.554441,0.553723,0.384512,0.466659,0.625019,0.0829331,0.0301011
781,14.1455,0.173618,1,0.497924,0.608801,0.208976,0.548829,0.457636,0.463902,0.497924,0.608801,0.188078,0.0728379
782,14.1636,0.164877,1,0.517356,0.563354,0.31905,0.525393,0.348623,0.507143,0.517356,0.563354,0.287145,0.115544
783,14.1817,0.156075,1,0.521908,0.487567,0.408327,0.486374,0.241043,0.513407,0.521908,0.487567,0.367495,0.149177
784,14.1998,0.148363,1,0.510679,0.391696,0.468403,0.436019,0.146618,0.488341,0.510679,0.391696,0.421563,0.167443
785,14.2179,0.144156,1,0.483445,0.291688,0.497865,0.379463,0.0719121,0.441043,0.483445,0.291688,0.448079,0.168484
786,14.236,0.139579,1,0.442269,0.195502,0.492517,0.321604,0.0182997,0.380774,0.442269,0.195502,0.443265,0.152478
787,14.2541,0.135169,1,0.392985,0.113322,0.462986,0.266332,-0.0164452,0.314893,0.392985,0.113322,0.416688,0.127363
788,14.2723,0.129485,1,0.339344,0.0511645,0.414104,0.216245,-0.0362309,0.24825,0.339344,0.0511645,0.372693,0.0983665
789,14.2904,0.122123,1,0.285386,0.00707571,0.354755,0.172723,-0.0452016,0.183536,0.285386,0.00707571,0.31928,0.0708696
790,14.3085,0.115258,1,0.235771,-0.0204367,0.292941,0.136188,-0.0469517,0.121962,0.235771,-0.0204367,0.263646,0.0483469
791,14.3266,0.109181,1,0.191755,-0.0359645,0.232432,0.106412,-0.0442475,0.0638799,0.191755,-0.0359645,0.209188,0.031199
792,14.3447,0.102553,1,0.153312,-0.0422725,0.172217,0.082782,-0.0390397,0.00922486,0.153312,-0.0422725,0.154996,0.0184821
793,14.3628,0.096858,1,0.121511,-0.0410906,0.115325,0.0645099,-0.0325978,-0.0422286,0.121511,-0.0410906,0.103793,0.00980932
794,14.3809,0.091904,1,0.0954327,-0.0373391,0.061606,0.050771,-0.0256743,-0.0907366,0.0954327,-0.0373391,0.0554454,0.00411546
795,14.399,0.0879377,1,0.075051,-0.0323528,0.0112427,0.0407904,-0.0186519,-0.136533,0.075051,-0.0323528,0.0101185,0.000590646
796,14.4172,0.0852142,1,0.0601201,-0.0253989,-0.0352177,0.0338894,-0.0116615,-0.179812,0.0601201,-0.0253989,-0.0316959,-0.0014821
797,14.4353,0.0824906,1,0.0483806,-0.0184319,-0.079778,0.0295052,-0.00466897,-0.220733,0.0483806,-0.0184319,-0.0718002,-0.0027018
798,14.4534,0.0799142,1,0.0399542,-0.0117846,-0.122334,0.0271938,0.00246659,-0.259422,0.0399542,-0.0117846,-0.110101,-0.00342144
799,14.4715,0.076362,1,0.0344398,-0.00494945,-0.16479,0.0266243,0.0099549,-0.295977,0.0344398,-0.00494945,-0.148311,-0.00397273
800,14.4896,0.072682,1,0.0314178,0.00344774,-0.205497,0.0275683,0.0180537,-0.330476,0.0314178,0.00344774,-0.184947,-0.00451939
801,14.5077,0.068805,1,0.0305067,0.0124628,-0.244696,0.0298894,0.0270599,-0.362971,0.0305067,0.0124628,-0.220226,-0.00522541
802,14.5258,0.0653913,1,0.0315932,0.0225067,-0.281214,0.0335332,0.0373085,-0.393486,0.0315932,0.0225067,-0.253092,-0.00621911
803,14.5439,0.0632741,1,0.0345886,0.0335929,-0.313606,0.03852,0.0491789,-0.422015,0.0345886,0.0335929,-0.282246,-0.00759304
804,14.562,0.0619777,1,0.0389998,0.046025,-0.34269,0.04494,0.0631037,-0.448505,0.0389998,0.046025,-0.308421,-0.00935538
805,14.5802,0.0609669,1,0.0447148,0.0585794,-0.369685,0.0529513,0.0795813,-0.472845,0.0447148,0.0585794,-0.332716,-0.0115713
806,14.5983,0.0603302,1,0.0523898,0.0740068,-0.393959,0.062781,0.0991891,-0.49484,0.0523898,0.0740068,-0.354563,-0.0144476
807,14.6164,0.0597841,1,0.0612278,0.0928161,-0.41593,0.074728,0.122595,-0.514181,0.0612278,0.0928161,-0.374337,-0.0178265
808,14.6345,0.059067,1,0.0722175,0.115321,-0.435857,0.0891675,0.150567,-0.530393,0.0722175,0.115321,-0.392271,-0.0220335
809,14.6526,0.0589271,1,0.0856924,0.141437,-0.452368,0.106555,0.183967,-0.542774,0.0856924,0.141437,-0.407131,-0.0271351
810,14.6707,0.0595225,1,0.101851,0.172297,-0.464685,0.127426,0.223727,-0.550299,0.101851,0.172297,-0.418217,-0.0331299
811,14.6888,0.0612084,1,0.120923,0.207617,-0.472398,0.152391,0.270788,-0.55151,0.120923,0.207617,-0.425158,-0.0399867
812,14.7069,0.063539,1,0.143746,0.249434,-0.475206,0.182111,0.325965,-0.544364,0.143746,0.249434,-0.427685,-0.0478164
813,14.7251,0.0675429,1,0.170846,0.297725,-0.470649,0.217245,0.389705,-0.526083,0.170846,0.297725,-0.423584,-0.056286
814,14.7432,0.0736293,1,0.202032,0.353268,-0.456414,0.258349,0.46167,-0.493034,0.202032,0.353268,-0.410772,-0.064547
815,14.7613,0.0818703,1,0.238341,0.415816,-0.429602,0.305695,0.540103,-0.440753,0.238341,0.415816,-0.386642,-0.0716742
816,14.7794,0.0908521,1,0.280899,0.486195,-0.386861,0.358985,0.620942,-0.364324,0.280899,0.486195,-0.348175,-0.0760681
817,14.7975,0.102298,1,0.327687,0.557928,-0.32364,0.416946,0.696851,-0.259393,0.327687,0.557928,-0.291276,-0.0742369
818,14.8156,0.11314,1,0.379666,0.62748,-0.234963,0.476847,0.756626,-0.124152,0.379666,0.62748,-0.211467,-0.0624451
819,14.8337,0.121366,1,0.434149,0.684531,-0.1169,0.534095,0.785904,0.0377713,0.434149,0.684531,-0.10521,-0.0355264
820,14.8518,0.128,1,0.486414,0.715726,0.0221771,0.582259,0.770309,0.214496,0.486414,0.715726,0.0199594,0.00755107
821,14.87,0.128457,1,0.531554,0.711359,0.17897,0.613906,0.701222,0.385415,0.531554,0.711359,0.161073,0.0665927
822,14.8881,0.124983,1,0.56397,0.663571,0.333743,0.622434,0.581919,0.525517,0.56397,0.663571,0.300369,0.131755
823,14.9062,0.118258,1,0.577446,0.568773,0.466436,0.604345,0.429467,0.614169,0.577446,0.568773,0.419792,0.188539
824,14.9243,0.110793,1,0.567642,0.441283,0.55849,0.560788,0.269347,0.64344,0.567642,0.441283,0.502641,0.221916
825,14.9424,0.102626,1,0.534319,0.298557,0.60352,0.497325,0.125481,0.620031,0.534319,0.298557,0.543168,0.225731
826,14.9605,0.0976898,1,0.482659,0.166561,0.594364,0.422036,0.0123908,0.559921,0.482659,0.166561,0.534928,0.200813
827,14.9786,0.0925452,1,0.41864,0.0556348,0.551895,0.343122,-0.0664019,0.480494,0.41864,0.0556348,0.496706,0.161732
828,14.9967,0.0860692,1,0.347762,-0.0246737,0.482074,0.267146,-0.115096,0.395191,0.347762,-0.0246737,0.433866,0.117353
829,15.0148,0.0802807,1,0.278242,-0.0766724,0.40582,0.198352,-0.141165,0.312048,0.278242,-0.0766724,0.365238,0.0790412
830,15.033,0.0740179,1,0.213171,-0.107896,0.329298,0.138819,-0.152179,0.234711,0.213171,-0.107896,0.296368,0.0491378
831,15.0511,0.069575,1,0.157724,-0.123195,0.258095,0.0889914,-0.154324,0.164133,0.157724,-0.123195,0.232285,0.0284954
832,15.0692,0.0639412,1,0.109105,-0.12888,0.189552,0.0482744,-0.152082,0.0999604,0.109105,-0.12888,0.170597,0.0144768
833,15.0873,0.0593262,1,0.0693104,-0.127834,0.126482,0.0155109,-0.14845,0.0413972,0.0693104,-0.127834,0.113834,0.00613655
834,15.1054,0.0553107,1,0.0363304,-0.125903,0.0688136,-0.0106796,-0.145313,-0.0123722,0.0363304,-0.125903,0.0619322,0.00175002
835,15.1235,0.0532004,1,0.0100507,-0.123977,0.017704,-0.0316929,-0.143796,-0.0620175,0.0100507,-0.123977,0.0159336,0.000124556
836,15.1416,0.0519063,1,-0.00979537,-0.120975,-0.0305422,-0.0488267,-0.144538,-0.108029,-0.00979537,-0.120975,-0.027488,0.000209421
837,15.1597,0.0509896,1,-0.0260483,-0.118819,-0.0760896,-0.0632306,-0.147901,-0.150732,-0.0260483,-0.118819,-0.0684806,0.0013874
838,15.1779,0.0512615,1,-0.0400409,-0.119087,-0.11703,-0.0758961,-0.154101,-0.190321,-0.0400409,-0.119087,-0.105327,0.00328019
839,15.196,0.0522332,1,-0.0510497,-0.120859,-0.15587,-0.0876693,-0.163313,-0.226874,-0.0510497,-0.120859,-0.140283,0.00556999
840,15.2141,0.0533043,1,-0.0606186,-0.125177,-0.193472,-0.0992743,-0.17572,-0.260368,-0.0606186,-0.125177,-0.174124,0.00820959
841,15.2322,0.0545601,1,-0.0696068,-0.132494,-0.229847,-0.111342,-0.191556,-0.290677,-0.0696068,-0.132494,-0.206862,0.0111992
842,15.2503,0.057579,1,-0.0785249,-0.142543,-0.261563,-0.124437,-0.211123,-0.317553,-0.0785249,-0.142543,-0.235406,0.0143774
843,15.2684,0.0611165,1,-0.0886189,-0.156299,-0.290627,-0.139083,-0.23479,-0.340608,-0.0886189,-0.156299,-0.261564,0.0180285
844,15.2865,0.0653433,1,-0.0999079,-0.1734,-0.318505,-0.155782,-0.262985,-0.35927,-0.0999079,-0.1734,-0.286655,0.0222748
845,15.3046,0.0706402,1,-0.112615,-0.194915,-0.344009,-0.175025,-0.296158,-0.372733,-0.112615,-0.194915,-0.309608,0.0271185
846,15.3228,0.0785836,1,-0.126726,-0.219323,-0.364703,-0.197291,-0.334717,-0.379896,-0.126726,-0.219323,-0.328232,0.032352
847,15.3409,0.0893597,1,-0.142473,-0.246769,-0.380184,-0.223038,-0.378921,-0.379302,-0.142473,-0.246769,-0.342166,0.0379161
848,15.359,0.102666,1,-0.16037,-0.27825,-0.39068,-0.252657,-0.428708,-0.36908,-0.16037,-0.27825,-0.351612,0.0438575
849,15.3771,0.117905,1,-0.181259,-0.315306,-0.395696,-0.286412,-0.483444,-0.346943,-0.181259,-0.315306,-0.356126,0.0502063
850,15.3952,0.133697,1,-0.206697,-0.359919,-0.3927,-0.32432,-0.541569,-0.310281,-0.206697,-0.359919,-0.35343,0.0568189
851,15.4133,0.150496,1,-0.236825,-0.411659,-0.381839,-0.365994,-0.600182,-0.256454,-0.236825,-0.411659,-0.343655,0.0633003
852,15.4314,0.167485,1,-0.270978,-0.467705,-0.355896,-0.410435,-0.654648,-0.183392,-0.270978,-0.467705,-0.320307,0.0675079
853,15.4495,0.183506,1,-0.30854,-0.526833,-0.313926,-0.455805,-0.698445,-0.0905753,-0.30854,-0.526833,-0.282533,0.0678012
854,15.4676,0.196436,1,-0.350396,-0.587169,-0.254157,-0.49927,-0.723614,0.0196706,-0.350396,-0.587169,-0.228741,0.0623389
855,15.4858,0.205582,1,-0.395672,-0.644315,-0.176425,-0.537035,-0.722174,0.140982,-0.395672,-0.644315,-0.158782,0.0488645
856,15.5039,0.209748,1,-0.442414,-0.689083,-0.0794339,-0.56473,-0.68855,0.262649,-0.442414,-0.689083,-0.0714905,0.0245999
857,15.522,0.207847,1,-0.486542,-0.714685,0.0354151,-0.578213,-0.622325,0.371074,-0.486542,-0.714685,0.0318736,-0.0120616
858,15.5401,0.20023,1,-0.525309,-0.714709,0.163905,-0.57464,-0.529796,0.453128,-0.525309,-0.714709,0.147514,-0.0602706
859,15.5582,0.191191,1,-0.553932,-0.677579,0.288445,-0.553396,-0.422951,0.500166,-0.553932,-0.677579,0.2596,-0.111845
860,15.5763,0.180888,1,-0.566719,-0.604548,0.399558,-0.516411,-0.315901,0.510523,-0.566719,-0.604548,0.359602,-0.158506
861,15.5944,0.173102,1,-0.56191,-0.505176,0.48258,-0.46768,-0.22062,0.489088,-0.56191,-0.505176,0.434322,-0.189816
862,15.6125,0.166733,1,-0.537809,-0.390912,0.526798,-0.412213,-0.144217,0.444533,-0.537809,-0.390912,0.474118,-0.198322
863,15.6307,0.161794,1,-0.498346,-0.281401,0.530258,-0.354903,-0.0886284,0.386053,-0.498346,-0.281401,0.477232,-0.184976
864,15.6488,0.153925,1,-0.445937,-0.186758,0.498792,-0.299729,-0.052033,0.321165,-0.445937,-0.186758,0.448913,-0.155701
865,15.6669,0.144981,1,-0.388208,-0.113883,0.447003,-0.249417,-0.0307349,0.254957,-0.388208,-0.113883,0.402303,-0.121471
866,15.685,0.136684,1,-0.330358,-0.062194,0.387123,-0.205474,-0.0206514,0.190336,-0.330358,-0.062194,0.348411,-0.0895226
867,15.7031,0.128326,1,-0.275543,-0.0280536,0.32317,-0.168429,-0.0181633,0.128667,-0.275543,-0.0280536,0.290853,-0.0623331
868,15.7212,0.118664,1,-0.225619,-0.00898121,0.25603,-0.138131,-0.0204423,0.0704025,-0.225619,-0.00898121,0.230427,-0.0404357
869,15.7393,0.110043,1,-0.180969,-0.000881298,0.192284,-0.114021,-0.0254699,0.0155312,-0.180969,-0.000881298,0.173056,-0.0243582
870,15.7574,0.10376,1,-0.144876,-0.000155629,0.133667,-0.095341,-0.031917,-0.0361435,-0.144876,-0.000155629,0.1203,-0.0135556
871,15.7756,0.0986874,1,-0.116459,-0.00309064,0.0785119,-0.081283,-0.0389856,-0.0848644,-0.116459,-0.00309064,0.0706607,-0.00640039
872,15.7937,0.0935449,1,-0.0928817,-0.00767062,0.0249853,-0.071078,-0.0462614,-0.130859,-0.0928817,-0.00767062,0.0224867,-0.00162447
873,15.8118,0.0901293,1,-0.0750935,-0.014283,-0.0236442,-0.0640478,-0.0535945,-0.174318,-0.0750935,-0.014283,-0.0212798,0.00124287
874,15.8299,0.0874796,1,-0.0614812,-0.0203596,-0.0694436,-0.0596275,-0.0610108,-0.215396,-0.0614812,-0.0203596,-0.0624993,0.00298863
875,15.848,0.0850885,1,-0.0512904,-0.0258668,-0.113316,-0.057371,-0.0686509,-0.254216,-0.0512904,-0.0258668,-0.101985,0.00406843
876,15.8661,0.0830968,1,-0.0437618,-0.0304528,-0.155226,-0.0569459,-0.0767316,-0.290872,-0.0437618,-0.0304528,-0.139704,0.00475509
877,15.8842,0.0810361,1,-0.0387399,-0.0354976,-0.195731,-0.0581246,-0.0855229,-0.325432,-0.0387399,-0.0354976,-0.176158,0.00530781
878,15.9023,0.0800173,1,-0.0355012,-0.0395353,-0.233617,-0.0607742,-0.0953392,-0.357937,-0.0355012,-0.0395353,-0.210255,0.00580558
879,15.9204,0.0802815,1,-0.0332758,-0.0426485,-0.268997,-0.0648465,-0.106538,-0.388399,-0.0332758,-0.0426485,-0.242097,0.00626576
880,15.9386,0.0817865,1,-0.031811,-0.045582,-0.302279,-0.0703715,-0.119525,-0.416789,-0.031811,-0.045582,-0.272051,0.00673105
881,15.9567,0.0843665,1,-0.0312682,-0.0495856,-0.333644,-0.0774524,-0.134763,-0.443029,-0.0312682,-0.0495856,-0.30028,0.0073027
882,15.9748,0.0886984,1,-0.0319398,-0.0538601,-0.362732,-0.086264,-0.152785,-0.466967,-0.0319398,-0.0538601,-0.326458,0.0081099
883,15.9929,0.0952754,1,-0.0331001,-0.0585337,-0.389551,-0.0970535,-0.174205,-0.488355,-0.0331001,-0.0585337,-0.350596,0.00902593
884,16.011,0.104461,1,-0.0348381,-0.0633416,-0.414807,-0.110143,-0.199728,-0.506809,-0.0348381,-0.0633416,-0.373327,0.0101158
885,16.0291,0.116836,1,-0.0367445,-0.0688165,-0.438271,-0.125932,-0.23015,-0.521751,-0.0367445,-0.0688165,-0.394444,0.0112728
886,16.0472,0.132685,1,-0.0394484,-0.0750852,-0.460823,-0.144901,-0.266347,-0.532338,-0.0394484,-0.0750852,-0.414741,0.0127251
887,16.0653,0.152528,1,-0.0431307,-0.0826473,-0.482953,-0.167605,-0.309231,-0.537359,-0.0431307,-0.0826473,-0.434658,0.0145811
888,16.0835,0.177409,1,-0.0477056,-0.0915592,-0.504305,-0.194662,-0.359657,-0.53511,-0.0477056,-0.0915592,-0.453875,0.0168407
889,16.1016,0.207796,1,-0.0535107,-0.102748,-0.524129,-0.226713,-0.418245,-0.523249,-0.0535107,-0.102748,-0.471716,0.0196325
890,16.1197,0.244806,1,-0.0604242,-0.115924,-0.542712,-0.264351,-0.485062,-0.498664,-0.0604242,-0.115924,-0.488441,0.022955
891,16.1378,0.288641,0,-0.0686279,-0.132154,-0.559141,-0.307983,-0.559123,-0.457418,-0.0686279,-0.132154,-0.503227,0.0268609
892,16.1559,0.339426,0,-0.0785559,-0.152067,-0.573701,-0.357609,-0.637659,-0.39493,-0.0785559,-0.152067,-0.516331,0.0315473
893,16.174,0.396547,0,-0.0908729,-0.176649,-0.586376,-0.412491,-0.715206,-0.306616,-0.0908729,-0.176649,-0.527739,0.0373
894,16.1921,0.458904,0,-0.105885,-0.205905,-0.596575,-0.470713,-0.782806,-0.189311,-0.105885,-0.205905,-0.536917,0.0442177
895,16.2102,0.523102,0,-0.12403,-0.241355,-0.603095,-0.528741,-0.827962,-0.0436228,-0.12403,-0.241355,-0.542785,0.0523614
896,16.2284,0.584589,0,-0.14557,-0.283383,-0.604582,-0.581205,-0.836383,0.123186,-0.14557,-0.283383,-0.544124,0.0616065
897,16.2465,0.637187,0,-0.171407,-0.333186,-0.599734,-0.621268,-0.796288,0.295354,-0.171407,-0.333186,-0.539761,0.0719589
898,16.2646,0.674165,0,-0.203182,-0.393086,-0.58613,-0.64191,-0.704449,0.450241,-0.203182,-0.393086,-0.527517,0.0833639
899,16.2827,0.69117,0,-0.240998,-0.463949,-0.559594,-0.637981,-0.570562,0.564767,-0.240998,-0.463949,-0.503635,0.0944028
900,16.3008,0.688462,0,-0.285487,-0.5451,-0.516428,-0.60817,-0.415788,0.624228,-0.285487,-0.5451,-0.464785,0.103203
901,16.3189,0.669528,0,-0.337149,-0.633627,-0.449785,-0.555731,-0.264985,0.627772,-0.337149,-0.633627,-0.404807,0.106151
902,16.337,0.642112,0,-0.396154,-0.722227,-0.354916,-0.487427,-0.1375,0.586724,-0.396154,-0.722227,-0.319424,0.0984209
903,16.3551,0.615946,0,-0.459577,-0.800689,-0.231057,-0.411365,-0.0423393,0.517776,-0.459577,-0.800689,-0.207951,0.0743319
904,16.3732,0.596217,0,-0.523617,-0.857661,-0.07263,-0.334888,0.0208837,0.436257,-0.523617,-0.857661,-0.065367,0.0266212
905,16.3914,0.586451,0,-0.583607,-0.875667,0.112964,-0.263366,0.0579871,0.352776,-0.583607,-0.875667,0.101667,-0.0461485
906,16.4095,0.585212,0,-0.632077,-0.839777,0.308951,-0.199944,0.0764075,0.273084,-0.632077,-0.839777,0.278056,-0.136697
907,16.4276,0.581996,0,-0.657075,-0.735974,0.489722,-0.145886,0.0829178,0.199444,-0.657075,-0.735974,0.44075,-0.225249
908,16.4457,0.572039,0,-0.652634,-0.579912,0.620432,-0.101138,0.082764,0.132172,-0.652634,-0.579912,0.558389,-0.283441
909,16.4638,0.55264,0,-0.620102,-0.399966,0.685482,-0.0648543,0.0796265,0.0707261,-0.620102,-0.399966,0.616934,-0.297548
910,16.4819,0.523318,0,-0.561702,-0.228451,0.686923,-0.0357993,0.0759104,0.0143353,-0.561702,-0.228451,0.618231,-0.270092
911,16.5,0.48251,0,-0.483115,-0.0830115,0.63512,-0.0126172,0.0730987,-0.0377164,-0.483115,-0.0830115,0.571608,-0.214785
912,16.5181,0.436021,0,-0.396224,0.0203872,0.551094,0.00600934,0.0720589,-0.0859945,-0.396224,0.0203872,0.495984,-0.15285
913,16.5363,0.391936,0,-0.311858,0.0813351,0.460533,0.0212772,0.0732786,-0.130905,-0.311858,0.0813351,0.414479,-0.100534
914,16.5544,0.351598,0,-0.232795,0.116673,0.373165,0.0342329,0.0770334,-0.172717,-0.232795,0.116673,0.335848,-0.0608096
915,16.5725,0.314407,0,-0.164744,0.132332,0.288266,0.0457727,0.0835031,-0.211587,-0.164744,0.132332,0.259439,-0.033243
916,16.5906,0.281446,0,-0.106228,0.136916,0.209766,0.0566603,0.0928482,-0.247576,-0.106228,0.136916,0.188789,-0.0155981
917,16.6087,0.255906,0,-0.0582516,0.134577,0.143346,0.0675522,0.10526,-0.280656,-0.0582516,0.134577,0.129012,-0.00584511
918,16.6268,0.235934,1,-0.0214577,0.131035,0.0852717,0.079026,0.120988,-0.310704,-0.0214577,0.131035,0.0767446,-0.00128081
919,16.6449,0.220972,1,0.0106484,0.129572,0.0364312,0.0916068,0.140361,-0.337488,0.0106484,0.129572,0.0327881,0.000271555
920,16.663,0.207614,1,0.0362008,0.130452,-0.00941671,0.105791,0.163782,-0.360638,0.0362008,0.130452,-0.00847504,-0.000238625
921,16.6812,0.196038,1,0.0562759,0.132621,-0.0517785,0.122066,0.191725,-0.379606,0.0562759,0.132621,-0.0466007,-0.00203972
922,16.6993,0.186789,1,0.072772,0.136445,-0.0899062,0.14092,0.2247,-0.393613,0.072772,0.136445,-0.0809156,-0.00457986
923,16.7174,0.17879,1,0.0881869,0.145724,-0.124954,0.162843,0.263197,-0.401584,0.0881869,0.145724,-0.112458,-0.00771348
924,16.7355,0.172587,1,0.103476,0.160528,-0.156038,0.188319,0.307591,-0.402073,0.103476,0.160528,-0.140434,-0.0113022
925,16.7536,0.169344,1,0.119239,0.178153,-0.183468,0.217787,0.35797,-0.393198,0.119239,0.178153,-0.165122,-0.0153136
926,16.7717,0.170594,1,0.135181,0.199644,-0.205696,0.251577,0.413888,-0.372604,0.135181,0.199644,-0.185126,-0.0194643
927,16.7898,0.17814,1,0.15214,0.223373,-0.221629,0.2898,0.474009,-0.337527,0.15214,0.223373,-0.199466,-0.023603
928,16.8079,0.191699,1,0.170265,0.250412,-0.233403,0.332189,0.535648,-0.285043,0.170265,0.250412,-0.210063,-0.0278183
929,16.826,0.210884,1,0.190975,0.281594,-0.239045,0.377871,0.594305,-0.212621,0.190975,0.281594,-0.215141,-0.0319562
930,16.8442,0.235011,1,0.214288,0.316509,-0.239093,0.425122,0.643383,-0.119123,0.214288,0.316509,-0.215184,-0.0358642
931,16.8623,0.261189,0,0.240265,0.356529,-0.230366,0.471156,0.67448,-0.00618839,0.240265,0.356529,-0.20733,-0.0387443
932,16.8804,0.285982,0,0.269214,0.400091,-0.209451,0.51209,0.678701,0.120314,0.269214,0.400091,-0.188506,-0.039471
933,16.8985,0.307286,0,0.300256,0.443975,-0.177098,0.543282,0.649188,0.249634,0.300256,0.443975,-0.159388,-0.0372224
934,16.9166,0.321202,0,0.333433,0.486193,-0.131182,0.560125,0.584261,0.367322,0.333433,0.486193,-0.118064,-0.0306183
935,16.9347,0.325744,0,0.367895,0.523312,-0.0710162,0.559218,0.48958,0.458687,0.367895,0.523312,-0.0639146,-0.0182886
936,16.9528,0.320657,0,0.402803,0.550153,0.00348643,0.539466,0.377525,0.513375,0.402803,0.550153,0.00313779,0.000983041
937,16.9709,0.30904,0,0.434273,0.558882,0.0874444,0.502569,0.2635,0.528583,0.434273,0.558882,0.0787,0.0265823
938,16.9891,0.29464,0,0.459649,0.548236,0.176646,0.452607,0.161055,0.509031,0.459649,0.548236,0.158981,0.0568366
939,17.0072,0.282742,0,0.476511,0.517638,0.263184,0.394915,0.0785077,0.464019,0.476511,0.517638,0.236866,0.0877871
940,17.0253,0.274348,0,0.482431,0.464709,0.334621,0.334813,0.0183481,0.403692,0.482431,0.464709,0.301159,0.113002
941,17.0434,0.267942,0,0.475832,0.394895,0.386704,0.276675,-0.0212603,0.336413,0.475832,0.394895,0.348033,0.128804
942,17.0615,0.263677,0,0.457428,0.318772,0.416172,0.22351,-0.0443413,0.267824,0.457428,0.318772,0.374555,0.133258
943,17.0796,0.259577,0,0.428575,0.244164,0.422717,0.176991,-0.0553905,0.2011,0.428575,0.244164,0.380445,0.126816
944,17.0977,0.253284,0,0.391693,0.176534,0.40742,0.137709,-0.0583967,0.137684,0.391693,0.176534,0.366678,0.111709
945,17.1158,0.245165,1,0.350728,0.121664,0.375407,0.105504,-0.0564704,0.0780001,0.350728,0.121664,0.337866,0.0921661
946,17.134,0.234484,1,0.308364,0.0805975,0.330447,0.0797686,-0.0518271,0.0219736,0.308364,0.0805975,0.297402,0.0713286
947,17.1521,0.223365,1,0.267441,0.0522013,0.280593,0.0596748,-0.0459275,-0.0306624,0.267441,0.0522013,0.252534,0.0525295
948,17.1702,0.212948,1,0.23053,0.0341893,0.229496,0.0443374,-0.0396573,-0.0802118,0.23053,0.0341893,0.206547,0.037034
949,17.1883,0.202629,1,0.197037,0.0238309,0.177931,0.0329116,-0.0334936,-0.126951,0.197037,0.0238309,0.160137,0.0245412
950,17.2064,0.193498,1,0.16824,0.0214442,0.127715,0.0246469,-0.0276378,-0.171111,0.16824,0.0214442,0.114943,0.0150407
951,17.2245,0.185371,1,0.145064,0.023326,0.0788509,0.01891,-0.0221143,-0.212881,0.145064,0.023326,0.0709658,0.00800688
952,17.2426,0.17871,1,0.126559,0.0287265,0.0327727,0.0151891,-0.0168389,-0.252416,0.126559,0.0287265,0.0294955,0.00290338
953,17.2607,0.172969,1,0.1129,0.0358413,-0.0113912,0.0130869,-0.0116634,-0.289843,0.1129,0.0358413,-0.010252,-0.000900246
954,17.2788,0.16677,1,0.10332,0.0448885,-0.0559714,0.0123089,-0.00640221,-0.325272,0.10332,0.0448885,-0.0503743,-0.00404808
955,17.297,0.160735,1,0.0969018,0.0542699,-0.0992347,0.0126499,-0.000846271,-0.358794,0.0969018,0.0542699,-0.0893113,-0.00673122
956,17.3151,0.156166,1,0.0932506,0.0654915,-0.138996,0.0139815,0.00523233,-0.390489,0.0932506,0.0654915,-0.125097,-0.00907304
957,17.3332,0.153701,1,0.0929114,0.0796087,-0.174584,0.0162418,0.0120819,-0.420418,0.0929114,0.0796087,-0.157126,-0.0113546
958,17.3513,0.152174,1,0.0954659,0.0972057,-0.208367,0.0194275,0.019977,-0.448627,0.0954659,0.0972057,-0.18753,-0.0139243
959,17.3694,0.151439,1,0.100396,0.116286,-0.239931,0.0235887,0.0292277,-0.475139,0.100396,0.116286,-0.215938,-0.0168618
960,17.3875,0.15325,1,0.108641,0.138561,-0.266691,0.0288271,0.0401911,-0.49995,0.108641,0.138561,-0.240022,-0.0202815
961,17.4056,0.157747,1,0.119892,0.16336,-0.287688,0.0352959,0.0532851,-0.523016,0.119892,0.16336,-0.258919,-0.0241439
962,17.4237,0.163751,1,0.133641,0.19088,-0.304632,0.0432034,0.0690039,-0.544237,0.133641,0.19088,-0.274168,-0.0284978
963,17.4419,0.171457,1,0.15033,0.222783,-0.31747,0.0528178,0.0879339,-0.563437,0.15033,0.222783,-0.285723,-0.0334077
964,17.46,0.181032,1,0.16986,0.259445,-0.325167,0.0644754,0.11077,-0.580329,0.16986,0.259445,-0.29265,-0.038663
965,17.4781,0.19295,1,0.192884,0.300704,-0.325655,0.0785882,0.138329,-0.594467,0.192884,0.300704,-0.29309,-0.0439695
966,17.4962,0.208031,1,0.22014,0.34814,-0.316818,0.0956537,0.171552,-0.605177,0.22014,0.34814,-0.285136,-0.048821
967,17.5143,0.226073,1,0.251483,0.400737,-0.296456,0.116261,0.211493,-0.611462,0.251483,0.400737,-0.266811,-0.0521877
968,17.5324,0.246308,1,0.28673,0.456343,-0.26265,0.141089,0.259265,-0.611867,0.28673,0.456343,-0.236385,-0.0527167
969,17.5505,0.268681,0,0.325921,0.511106,-0.21133,0.170894,0.315922,-0.604316,0.325921,0.511106,-0.190197,-0.0482139
970,17.5686,0.2914,0,0.367616,0.56193,-0.142652,0.206462,0.382223,-0.585908,0.367616,0.56193,-0.128387,-0.0367089
971,17.5868,0.312276,0,0.410265,0.601073,-0.0567749,0.248516,0.458206,-0.552733,0.410265,0.601073,-0.0510974,-0.0163049
972,17.6049,0.328327,0,0.450102,0.621504,0.0423002,0.297534,0.542498,-0.499804,0.450102,0.621504,0.0380702,0.0133276
973,17.623,0.340899,0,0.484498,0.618315,0.154252,0.35345,0.631283,-0.421329,0.484498,0.618315,0.138827,0.0523145
974,17.6411,0.346823,0,0.509671,0.586714,0.267044,0.415189,0.717059,-0.311698,0.509671,0.586714,0.24034,0.0952733
975,17.6592,0.343862,0,0.52182,0.523662,0.364635,0.480082,0.787633,-0.167624,0.52182,0.523662,0.328172,0.133192
976,17.6773,0.334608,0,0.517911,0.439934,0.439474,0.5433,0.826461,0.00838298,0.517911,0.439934,0.395526,0.159326
977,17.6954,0.323597,0,0.497144,0.339823,0.482346,0.597713,0.815903,0.204176,0.497144,0.339823,0.434112,0.167857
978,17.7135,0.311468,0,0.462779,0.241673,0.491489,0.634704,0.744131,0.396548,0.462779,0.241673,0.44234,0.159216
979,17.7316,0.301069,0,0.417059,0.152561,0.471325,0.64628,0.613271,0.555778,0.417059,0.152561,0.424193,0.137599
980,17.7498,0.288906,0,0.365407,0.0824336,0.429194,0.627921,0.442737,0.656497,0.365407,0.0824336,0.386274,0.109781
981,17.7679,0.272606,0,0.313201,0.0333835,0.374563,0.580641,0.262983,0.688731,0.313201,0.0333835,0.337106,0.0821193
982,17.786,0.25284,0,0.261628,-0.00125933,0.315993,0.510819,0.102746,0.660771,0.261628,-0.00125933,0.284393,0.0578709
983,17.8041,0.229324,1,0.215067,-0.0238408,0.256889,0.427871,-0.0210714,0.592263,0.215067,-0.0238408,0.2312,0.0386738
984,17.8222,0.206579,1,0.1745,-0.0343946,0.195498,0.341264,-0.105187,0.504046,0.1745,-0.0343946,0.175948,0.02388
985,17.8403,0.185723,1,0.138943,-0.0384702,0.136758,0.258407,-0.155424,0.411583,0.138943,-0.0384702,0.123082,0.0133011
986,17.8584,0.168353,1,0.109978,-0.0370183,0.0810073,0.183912,-0.181025,0.323544,0.109978,-0.0370183,0.0729066,0.0062363
987,17.8765,0.155093,1,0.0869111,-0.0321875,0.0291803,0.119876,-0.190881,0.243403,0.0869111,-0.0321875,0.0262623,0.00177527
988,17.8947,0.14704,1,0.0696503,-0.02462,-0.0203038,0.0665711,-0.191971,0.17165,0.0696503,-0.02462,-0.0182734,-0.000989917
989,17.9128,0.142626,1,0.0568973,-0.0170254,-0.0664558,0.0231551,-0.189177,0.107475,0.0568973,-0.0170254,-0.0598102,-0.00264681
990,17.9309,0.140887,1,0.0469116,-0.00956825,-0.108674,-0.0117795,-0.185663,0.0497347,0.0469116,-0.00956825,-0.097807,-0.00356867
991,17.949,0.142324,1,0.0404469,-0.00315515,-0.150423,-0.0398359,-0.183362,-0.00260896,0.0404469,-0.00315515,-0.135381,-0.0042589
992,17.9671,0.146571,1,0.0363474,0.00393137,-0.190228,-0.0625957,-0.183397,-0.0503445,0.0363474,0.00393137,-0.171205,-0.00484001
993,17.9852,0.153632,1,0.0343724,0.0122292,-0.227903,-0.0815068,-0.186395,-0.0940019,0.0343724,0.0122292,-0.205112,-0.00548349
994,18.0033,0.163335,1,0.0341701,0.0211746,-0.263757,-0.0978394,-0.192701,-0.133888,0.0341701,0.0211746,-0.237382,-0.00630883
995,18.0214,0.175975,1,0.0359873,0.031628,-0.296503,-0.112681,-0.202526,-0.170124,0.0359873,0.031628,-0.266853,-0.00746923
996,18.0396,0.192125,1,0.0398953,0.0443598,-0.325517,-0.126957,-0.216036,-0.202675,0.0398953,0.0443598,-0.292966,-0.00909062
997,18.0577,0.211987,1,0.0454587,0.0585257,-0.352431,-0.141452,-0.233401,-0.231355,0.0454587,0.0585257,-0.317188,-0.0112147
998,18.0758,0.235636,1,0.0524864,0.0739803,-0.376842,-0.156844,-0.254818,-0.255822,0.0524864,0.0739803,-0.339158,-0.0138453
999,18.0939,0.263971,0,0.0612625,0.0918373,-0.398789,-0.173724,-0.280504,-0.275561,0.0612625,0.0918373,-0.35891,-0.0171016
1000,18.112,0.298073,0,0.0722044,0.113491,-0.418308,-0.192617,-0.310667,-0.28985,0.0722044,0.113491,-0.376478,-0.0211426
1001,18.1301,0.337773,0,0.0850382,0.138015,-0.436015,-0.213984,-0.345445,-0.297729,0.0850382,0.138015,-0.392413,-0.0259545
1002,18.1482,0.38388,0,0.10055,0.16665,-0.450378,-0.238214,-0.384804,-0.297965,0.10055,0.16665,-0.40534,-0.0316999
1003,18.1663,0.436501,0,0.118589,0.19995,-0.45989,-0.265591,-0.428396,-0.28905,0.118589,0.19995,-0.413901,-0.0381764
1004,18.1844,0.496737,0,0.14053,0.239686,-0.464632,-0.296242,-0.47536,-0.269229,0.14053,0.239686,-0.418168,-0.0457063
1005,18.2026,0.564066,0,0.166352,0.286451,-0.462814,-0.330045,-0.524071,-0.23664,0.166352,0.286451,-0.416533,-0.0538932
1006,18.2207,0.636954,0,0.196112,0.340194,-0.451689,-0.366515,-0.571885,-0.18959,0.196112,0.340194,-0.40652,-0.0620071
1007,18.2388,0.713306,0,0.230765,0.400657,-0.429043,-0.404663,-0.614941,-0.127039,0.230765,0.400657,-0.386139,-0.0693057
1008,18.2569,0.791149,0,0.271752,0.4699,-0.39122,-0.442867,-0.648205,-0.0493001,0.271752,0.4699,-0.352098,-0.0744203
1009,18.275,0.862968,0,0.317875,0.541885,-0.333849,-0.478807,-0.665927,0.0411539,0.317875,0.541885,-0.300464,-0.0742856
1010,18.2931,0.921693,0,0.368159,0.611876,-0.252901,-0.509554,-0.662698,0.13906,0.368159,0.611876,-0.227611,-0.0651755
1011,18.3112,0.959414,0,0.422064,0.671531,-0.143475,-0.531882,-0.635036,0.236382,0.422064,0.671531,-0.129128,-0.0423891
1012,18.3293,0.969361,0,0.474733,0.70984,-0.0114029,-0.542833,-0.583006,0.323395,0.474733,0.70984,-0.0102626,-0.00378934
1013,18.3475,0.947956,0,0.521278,0.715884,0.139212,-0.540404,-0.51106,0.390807,0.521278,0.715884,0.125291,0.0507977
1014,18.3656,0.898067,0,0.557721,0.682083,0.297106,-0.524134,-0.427383,0.4322,0.557721,0.682083,0.267396,0.115992
1015,18.3837,0.823405,0,0.576858,0.59861,0.436619,-0.495319,-0.341784,0.445621,0.576858,0.59861,0.392957,0.176307
1016,18.4018,0.735667,0,0.573317,0.479302,0.540539,-0.456743,-0.263093,0.433557,0.573317,0.479302,0.486485,0.21693
1017,18.4199,0.643252,0,0.545724,0.337113,0.59754,-0.412037,-0.197267,0.401458,0.545724,0.337113,0.537786,0.228265
1018,18.438,0.556055,0,0.498163,0.201738,0.60305,-0.36493,-0.146838,0.355751,0.498163,0.201738,0.542745,0.210292
1019,18.4561,0.475968,0,0.437068,0.084189,0.567248,-0.318654,-0.11151,0.302254,0.437068,0.084189,0.510523,0.173548
1020,18.4742,0.403129,0,0.367773,-0.00357638,0.502747,-0.275626,-0.0892606,0.245385,0.367773,-0.00357638,0.452472,0.129428
1021,18.4924,0.338944,0,0.298431,-0.0622215,0.427502,-0.237377,-0.0773828,0.188069,0.298431,-0.0622215,0.384752,0.0893058
1022,18.5105,0.282301,0,0.23161,-0.0989987,0.351286,-0.204668,-0.0732077,0.13202,0.23161,-0.0989987,0.316157,0.0569528
1023,18.5286,0.234968,1,0.173819,-0.118225,0.278549,-0.177672,-0.0744809,0.0781202,0.173819,-0.118225,0.250694,0.0338919
1024,18.5467,0.194579,1,0.123328,-0.125886,0.20927,-0.156171,-0.0794899,0.0267574,0.123328,-0.125886,0.188343,0.0180661
1025,18.5648,0.161358,1,0.0815498,-0.125982,0.144275,-0.139729,-0.0870494,-0.0219436,0.0815498,-0.125982,0.129848,0.00823594
1026,18.5829,0.134361,1,0.0463641,-0.124566,0.0837771,-0.127816,-0.0964229,-0.0679732,0.0463641,-0.124566,0.0753994,0.00271897
1027,18.601,0.114736,1,0.018352,-0.122856,0.0305419,-0.1199,-0.107229,-0.111356,0.018352,-0.122856,0.0274877,0.000392353
1028,18.6191,0.100961,1,-0.00300767,-0.120434,-0.0182291,-0.1155,-0.119352,-0.152108,-0.00300767,-0.120434,-0.0164062,3.83791e-05
1029,18.6372,0.0906474,1,-0.0202012,-0.117352,-0.0654374,-0.114225,-0.132878,-0.190215,-0.0202012,-0.117352,-0.0588936,0.000925341
1030,18.6554,0.0843913,1,-0.0346837,-0.117135,-0.107997,-0.11578,-0.148037,-0.225616,-0.0346837,-0.117135,-0.0971976,0.00262203
1031,18.6735,0.0810237,1,-0.0467549,-0.118785,-0.147821,-0.119981,-0.165167,-0.258189,-0.0467549,-0.118785,-0.133039,0.00483795
1032,18.6916,0.0801487,1,-0.0563983,-0.121526,-0.186086,-0.126743,-0.184695,-0.287736,-0.0563983,-0.121526,-0.167477,0.00734645
1033,18.7097,0.0805138,1,-0.065374,-0.127896,-0.223553,-0.136081,-0.207112,-0.313956,-0.065374,-0.127896,-0.201198,0.0102302
1034,18.7278,0.0835121,1,-0.0742031,-0.136873,-0.257489,-0.148103,-0.232959,-0.336413,-0.0742031,-0.136873,-0.23174,0.0133745
1035,18.7459,0.0883438,1,-0.0839991,-0.149792,-0.288156,-0.162997,-0.262805,-0.354498,-0.0839991,-0.149792,-0.25934,0.0169434
1036,18.764,0.0955959,1,-0.0946616,-0.165446,-0.31641,-0.18102,-0.297207,-0.367369,-0.0946616,-0.165446,-0.284769,0.0209663
1037,18.7821,0.104798,1,-0.106693,-0.185594,-0.342978,-0.202477,-0.336647,-0.373899,-0.106693,-0.185594,-0.30868,0.0256153
1038,18.8003,0.117432,1,-0.120331,-0.208828,-0.365177,-0.227692,-0.381423,-0.372608,-0.120331,-0.208828,-0.328659,0.0307595
1039,18.8184,0.134038,1,-0.135366,-0.234845,-0.382864,-0.256951,-0.431476,-0.361614,-0.135366,-0.234845,-0.344578,0.0362787
1040,18.8365,0.154372,1,-0.152226,-0.26439,-0.395364,-0.290428,-0.486144,-0.338642,-0.152226,-0.26439,-0.355828,0.0421293
1041,18.8546,0.17754,1,-0.17192,-0.299335,-0.403164,-0.328061,-0.543813,-0.301126,-0.17192,-0.299335,-0.362847,0.0485183
1042,18.8727,0.202162,1,-0.195429,-0.341017,-0.403007,-0.369386,-0.601518,-0.246523,-0.195429,-0.341017,-0.362707,0.0551316
1043,18.8908,0.227357,1,-0.223654,-0.390437,-0.395027,-0.41333,-0.654575,-0.172927,-0.223654,-0.390437,-0.355524,0.0618446
1044,18.9089,0.252287,0,-0.256465,-0.44494,-0.375103,-0.457992,-0.696486,-0.080049,-0.256465,-0.44494,-0.337593,0.0673406
1045,18.927,0.274357,0,-0.292606,-0.503396,-0.339148,-0.500501,-0.719446,0.0295225,-0.292606,-0.503396,-0.305233,0.0694658
1046,18.9452,0.291063,0,-0.332974,-0.564226,-0.286121,-0.537077,-0.715797,0.149218,-0.332974,-0.564226,-0.257509,0.0666895
1047,18.9633,0.300485,0,-0.377366,-0.624447,-0.214512,-0.563435,-0.68044,0.26831,-0.377366,-0.624447,-0.193061,0.0566648
1048,18.9814,0.30248,0,-0.424549,-0.676702,-0.124188,-0.575593,-0.613435,0.373472,-0.424549,-0.676702,-0.111769,0.0369066
1049,18.9995,0.297145,0,-0.470642,-0.711188,-0.0156412,-0.570907,-0.521355,0.452116,-0.470642,-0.711188,-0.0140771,0.00515298
1050,19.0176,0.28542,0,-0.512748,-0.723724,0.110921,-0.548944,-0.416101,0.496216,-0.512748,-0.723724,0.0998287,-0.0398121
1051,19.0357,0.273173,0,-0.546506,-0.702082,0.239964,-0.511735,-0.311371,0.50455,-0.546506,-0.702082,0.215968,-0.0917993
1052,19.0538,0.261457,0,-0.566476,-0.642048,0.359188,-0.463266,-0.218593,0.482124,-0.566476,-0.642048,0.323269,-0.14243
1053,19.0719,0.253049,0,-0.569575,-0.551613,0.455948,-0.408447,-0.144432,0.437441,-0.569575,-0.551613,0.410353,-0.181788
1054,19.09,0.245893,1,-0.552829,-0.439769,0.517756,-0.352031,-0.090591,0.379392,-0.552829,-0.439769,0.46598,-0.200361
1055,19.1082,0.238712,1,-0.518551,-0.325052,0.537535,-0.297855,-0.0552146,0.315204,-0.518551,-0.325052,0.483781,-0.195118
1056,19.1263,0.228515,1,-0.470558,-0.221595,0.518889,-0.248537,-0.0346919,0.249758,-0.470558,-0.221595,0.467,-0.170917
1057,19.1444,0.214173,1,-0.412982,-0.138151,0.471823,-0.205518,-0.0250696,0.185849,-0.412982,-0.138151,0.42464,-0.136398
1058,19.1625,0.200637,1,-0.354247,-0.0781464,0.413765,-0.169293,-0.0228526,0.1248,-0.354247,-0.0781464,0.372389,-0.102602
1059,19.1806,0.187481,1,-0.297217,-0.0370746,0.350784,-0.139707,-0.0253132,0.0670604,-0.297217,-0.0370746,0.315706,-0.0729815
1060,19.1987,0.173553,1,-0.244983,-0.0124633,0.283657,-0.116209,-0.0305065,0.0126338,-0.244983,-0.0124633,0.255291,-0.0486438
1061,19.2168,0.160081,1,-0.196992,-0.000200489,0.217714,-0.0980635,-0.0371543,-0.0386567,-0.196992,-0.000200489,0.195942,-0.0300215
1062,19.2349,0.149222,1,-0.157366,0.00223929,0.156494,-0.0844855,-0.0444939,-0.0870351,-0.157366,0.00223929,0.140845,-0.0172388
1063,19.2531,0.140959,1,-0.125937,0.00036792,0.10016,-0.0747312,-0.0521361,-0.132712,-0.125937,0.00036792,0.0901441,-0.00882971
1064,19.2712,0.133119,1,-0.100374,-0.00332763,0.0453097,-0.0681469,-0.059951,-0.175863,-0.100374,-0.00332763,0.0407787,-0.00318356
1065,19.2893,0.126847,1,-0.0799033,-0.0091909,-0.00552204,-0.0641913,-0.0679826,-0.216632,-0.0799033,-0.0091909,-0.00496984,0.000308861
1066,19.3074,0.122402,1,-0.0647332,-0.0156863,-0.0520105,-0.0624407,-0.0763909,-0.255127,-0.0647332,-0.0156863,-0.0468095,0.00235677
1067,19.3255,0.118332,1,-0.0531698,-0.0216488,-0.0968678,-0.0625851,-0.0854147,-0.291426,-0.0531698,-0.0216488,-0.087181,0.00360531
1068,19.3436,0.11528,1,-0.0445627,-0.0262581,-0.139301,-0.0644195,-0.0953507,-0.325581,-0.0445627,-0.0262581,-0.125371,0.00434533
1069,19.3617,0.112251,1,-0.0384948,-0.0309658,-0.180895,-0.0678348,-0.106545,-0.357609,-0.0384948,-0.0309658,-0.162805,0.00487446
1070,19.3798,0.110545,1,-0.0344596,-0.0351963,-0.219859,-0.0728087,-0.119394,-0.387491,-0.0344596,-0.0351963,-0.197873,0.00530339
1071,19.398,0.110522,1,-0.0318365,-0.0386395,-0.25634,-0.0794,-0.134349,-0.415157,-0.0318365,-0.0386395,-0.230706,0.00571269
1072,19.4161,0.112775,1,-0.0298831,-0.0408887,-0.290545,-0.0877444,-0.151925,-0.44047,-0.0298831,-0.0408887,-0.26149,0.00607767
1073,19.4342,0.117121,1,-0.028581,-0.0439175,-0.322707,-0.0980532,-0.17271,-0.4632,-0.028581,-0.0439175,-0.290436,0.0064563
1074,19.4523,0.123987,1,-0.0286582,-0.0475746,-0.35276,-0.110614,-0.197379,-0.48299,-0.0286582,-0.0475746,-0.317484,0.00707662
1075,19.4704,0.134342,1,-0.029256,-0.0514298,-0.380525,-0.125792,-0.226689,-0.499304,-0.029256,-0.0514298,-0.342472,0.00779283
1076,19.4885,0.148821,1,-0.0304179,-0.0552027,-0.406534,-0.144031,-0.26147,-0.511361,-0.0304179,-0.0552027,-0.36588,0.00865613
1077,19.5066,0.168191,1,-0.0315486,-0.0593516,-0.430501,-0.16585,-0.30259,-0.518039,-0.0315486,-0.0593516,-0.387451,0.00950719
1078,19.5247,0.19291,1,-0.0332772,-0.0639293,-0.453185,-0.191826,-0.350869,-0.517766,-0.0332772,-0.0639293,-0.407866,0.0105565
1079,19.5428,0.223424,1,-0.0358904,-0.0695348,-0.47554,-0.222566,-0.40692,-0.508383,-0.0358904,-0.0695348,-0.427986,0.0119471
1080,19.561,0.260943,0,-0.0391443,-0.0759178,-0.497306,-0.258639,-0.470874,-0.487024,-0.0391443,-0.0759178,-0.447576,0.0136267
1081,19.5791,0.305688,0,-0.0432069,-0.0841263,-0.517667,-0.300453,-0.541934,-0.450051,-0.0432069,-0.0841263,-0.465901,0.0156568
1082,19.5972,0.358442,0,-0.0482497,-0.0934575,-0.537085,-0.348063,-0.617719,-0.393197,-0.0482497,-0.0934575,-0.483377,0.01814
1083,19.6153,0.41839,0,-0.0542286,-0.105139,-0.554766,-0.400869,-0.693442,-0.312092,-0.0542286,-0.105139,-0.499289,0.0210589
1084,19.6334,0.48433,0,-0.0612695,-0.119142,-0.57061,-0.457223,-0.761135,-0.203468,-0.0612695,-0.119142,-0.513549,0.0244727
1085,19.6515,0.553003,0,-0.069968,-0.136699,-0.58457,-0.514011,-0.809462,-0.0672202,-0.069968,-0.136699,-0.526113,0.0286309
1086,19.6696,0.620232,0,-0.080664,-0.158102,-0.597045,-0.566398,-0.825019,0.0909587,-0.080664,-0.158102,-0.53734,0.033712
1087,19.6877,0.679986,0,-0.0939151,-0.184227,-0.607652,-0.608065,-0.795914,0.257583,-0.0939151,-0.184227,-0.546886,0.0399473
1088,19.7059,0.725845,0,-0.110024,-0.215524,-0.615524,-0.632252,-0.717207,0.412164,-0.110024,-0.215524,-0.553971,0.0474056
1089,19.724,0.75247,0,-0.129346,-0.253468,-0.619757,-0.633569,-0.595531,0.532366,-0.129346,-0.253468,-0.557781,0.0561143
1090,19.7421,0.757647,0,-0.152424,-0.29829,-0.618631,-0.609932,-0.449,0.602049,-0.152424,-0.29829,-0.556768,0.0660059
1091,19.7602,0.743422,0,-0.180198,-0.351585,-0.610835,-0.563539,-0.301029,0.617383,-0.180198,-0.351585,-0.549752,0.0770498
1092,19.7783,0.714768,0,-0.214192,-0.415656,-0.59276,-0.500233,-0.171641,0.58678,-0.214192,-0.415656,-0.533484,0.0888753
1093,19.7964,0.679028,0,-0.254135,-0.490502,-0.559949,-0.427625,-0.071792,0.525325,-0.254135,-0.490502,-0.503954,0.0996118
1094,19.8145,0.644337,0,-0.301457,-0.57527,-0.508618,-0.353027,-0.003098,0.448184,-0.301457,-0.57527,-0.457756,0.107328
1095,19.8326,0.616552,0,-0.356138,-0.666801,-0.431409,-0.28209,0.0389211,0.366642,-0.356138,-0.666801,-0.388268,0.107549
1096,19.8508,0.599872,0,-0.417621,-0.754698,-0.324494,-0.218358,0.0611025,0.287311,-0.417621,-0.754698,-0.292044,0.0948607
1097,19.8689,0.597247,0,-0.482691,-0.82913,-0.186292,-0.163483,0.0701235,0.213163,-0.482691,-0.82913,-0.167663,0.062945
1098,19.887,0.60709,0,-0.546811,-0.875273,-0.0144238,-0.117718,0.071378,0.144967,-0.546811,-0.875273,-0.0129814,0.00552097
1099,19.9051,0.627218,0,-0.605008,-0.877385,0.181562,-0.0804317,0.0687653,0.0824321,-0.605008,-0.877385,0.163406,-0.0768925
1100,19.9232,0.647971,0,-0.647212,-0.816958,0.379725,-0.0505273,0.0648952,0.0248996,-0.647212,-0.816958,0.341753,-0.172034
1101,19.9413,0.659159,0,-0.662453,-0.690936,0.549013,-0.0267283,0.0614095,-0.0283098,-0.662453,-0.690936,0.494112,-0.254587
1102,19.9594,0.654894,0,-0.647719,-0.517841,0.659824,-0.00775875,0.0592843,-0.0777641,-0.647719,-0.517841,0.593842,-0.299167
1103,19.9775,0.635057,0,-0.604311,-0.333995,0.701338,0.00755999,0.059071,-0.123891,-0.604311,-0.333995,0.631204,-0.296679
1104,19.9956,0.601036,0,-0.537216,-0.167044,0.682069,0.0202674,0.0610727,-0.166993,-0.537216,-0.167044,0.613862,-0.256493
1105,20.0138,0.552817,0,-0.452345,-0.0337045,0.613169,0.0312562,0.0654685,-0.207266,-0.452345,-0.0337045,0.551852,-0.194155
1106,20.0319,0.501138,0,-0.364097,0.0549628,0.522495,0.0412852,0.0723974,-0.244825,-0.364097,0.0549628,0.470245,-0.133167
1107,20.05,0.453072,0,-0.280043,0.104627,0.431433,0.0510014,0.082014,-0.279707,-0.280043,0.104627,0.38829,-0.0845739
1108,20.0681,0.409164,0,-0.203291,0.13256,0.344602,0.0609669,0.094524,-0.311878,-0.203291,0.13256,0.310142,-0.0490382
1109,20.0862,0.368176,0,-0.138078,0.14357,0.260066,0.071686,0.110206,-0.341221,-0.138078,0.14357,0.234059,-0.0251366
1110,20.1043,0.334036,0,-0.0824063,0.14455,0.186508,0.0836297,0.129424,-0.367516,-0.0824063,0.14455,0.167857,-0.0107586
1111,20.1224,0.307286,0,-0.0389048,0.14042,0.123963,0.097258,0.152629,-0.390415,-0.0389048,0.14042,0.111567,-0.00337592
1112,20.1405,0.285608,0,-0.00342094,0.138388,0.0695519,0.113037,0.180354,-0.409396,-0.00342094,0.138388,0.0625967,-0.000166553
1113,20.1587,0.268674,0,0.0267939,0.137828,0.0234201,0.131451,0.213187,-0.42371,0.0267939,0.137828,0.021078,0.00043926
1114,20.1768,0.253289,0,0.0506874,0.139824,-0.0206322,0.153004,0.251722,-0.432306,0.0506874,0.139824,-0.018569,-0.000732055
1115,20.1949,0.241224,1,0.0698503,0.142935,-0.0605875,0.178211,0.296472,-0.433752,0.0698503,0.142935,-0.0545288,-0.00296244
1116,20.213,0.232707,1,0.0860105,0.149058,-0.0971758,0.207567,0.34771,-0.426143,0.0860105,0.149058,-0.0874582,-0.0058507
1117,20.2311,0.227753,1,0.102113,0.161392,-0.130027,0.241485,0.405222,-0.407041,0.102113,0.161392,-0.117024,-0.00929422
1118,20.2492,0.228034,1,0.118037,0.178586,-0.159062,0.280193,0.46794,-0.373489,0.118037,0.178586,-0.143156,-0.0131427
1119,20.2673,0.235905,1,0.134565,0.198577,-0.184012,0.323564,0.533445,-0.322204,0.134565,0.198577,-0.16561,-0.0173331
1120,20.2854,0.252533,0,0.15165,0.221962,-0.202102,0.370885,0.597398,-0.250087,0.15165,0.221962,-0.181892,-0.0214542
1121,20.3036,0.277438,0,0.169486,0.247708,-0.214602,0.420567,0.653106,-0.155217,0.169486,0.247708,-0.193142,-0.0254604
1122,20.3217,0.307863,0,0.189185,0.276956,-0.221732,0.469877,0.691598,-0.0383652,0.189185,0.276956,-0.199559,-0.0293639
1123,20.3398,0.340683,0,0.211651,0.309197,-0.223137,0.514818,0.702798,0.0952388,0.211651,0.309197,-0.200823,-0.0330591
1124,20.3579,0.371281,0,0.236263,0.346109,-0.217567,0.550385,0.678158,0.234781,0.236263,0.346109,-0.19581,-0.0359822
1125,20.376,0.394063,0,0.263757,0.387153,-0.200687,0.57136,0.614333,0.364668,0.263757,0.387153,-0.180618,-0.0370527
1126,20.3941,0.406338,0,0.293691,0.429597,-0.171818,0.573608,0.516154,0.468092,0.293691,0.429597,-0.154637,-0.0353231
1127,20.4122,0.407129,0,0.325278,0.470152,-0.130107,0.55541,0.396601,0.532382,0.325278,0.470152,-0.117096,-0.0296247
1128,20.4303,0.398387,0,0.358321,0.506973,-0.0758713,0.518193,0.272921,0.553254,0.358321,0.506973,-0.0682842,-0.0190304
1129,20.4484,0.383272,0,0.391958,0.535175,-0.00788375,0.466191,0.160857,0.535318,0.391958,0.535175,-0.00709538,-0.00216307
1130,20.4666,0.366811,0,0.422961,0.547854,0.0701662,0.405223,0.0703428,0.488878,0.422961,0.547854,0.0631496,0.0207743
1131,20.4847,0.352808,0,0.448815,0.541375,0.154131,0.341207,0.00451693,0.425468,0.448815,0.541375,0.138718,0.0484233
1132,20.5028,0.34564,0,0.467038,0.517611,0.237623,0.279045,-0.0385997,0.354627,0.467038,0.517611,0.213861,0.0776854
1133,20.5209,0.34241,0,0.475569,0.471929,0.309745,0.22211,-0.0635713,0.282714,0.475569,0.471929,0.27877,0.103113
1134,20.539,0.340222,0,0.471819,0.409115,0.363758,0.172265,-0.0755039,0.213213,0.471819,0.409115,0.327383,0.12014
1135,20.5571,0.337611,0,0.457025,0.336711,0.397343,0.130153,-0.0788995,0.147611,0.457025,0.336711,0.357609,0.127117
1136,20.5752,0.334203,0,0.431836,0.265826,0.409223,0.0955771,-0.0772399,0.0862532,0.431836,0.265826,0.368301,0.123702
1137,20.5933,0.327125,0,0.3984,0.198668,0.400392,0.0678429,-0.0729869,0.0289514,0.3984,0.198668,0.360353,0.111661
1138,20.6115,0.317278,0,0.36019,0.143451,0.37368,0.0460175,-0.0677581,-0.0246694,0.36019,0.143451,0.336312,0.094217
1139,20.6296,0.304831,0,0.320084,0.100379,0.334337,0.0291064,-0.0625401,-0.0749988,0.320084,0.100379,0.300903,0.0749111
1140,20.6477,0.291237,0,0.280448,0.0707663,0.287573,0.01616,-0.0578814,-0.122377,0.280448,0.0707663,0.258816,0.0564545
1141,20.6658,0.277942,0,0.244077,0.0500791,0.23837,0.00633035,-0.054044,-0.167079,0.244077,0.0500791,0.214533,0.0407265
1142,20.6839,0.265468,0,0.210932,0.0379545,0.188824,-0.00110669,-0.0511155,-0.209329,0.210932,0.0379545,0.169941,0.0278802
1143,20.702,0.25405,0,0.181921,0.032839,0.13969,-0.00674971,-0.0490868,-0.249303,0.181921,0.032839,0.125721,0.0177888
1144,20.7201,0.244335,1,0.158039,0.0340384,0.092034,-0.0110824,-0.0479041,-0.287152,0.158039,0.0340384,0.0828306,0.0101815
1145,20.7382,0.2361,1,0.138915,0.0381351,0.0462721,-0.0144894,-0.0475021,-0.323001,0.138915,0.0381351,0.0416449,0.00449953
1146,20.7564,0.22972,1,0.124516,0.0450396,0.00301718,-0.0172745,-0.0478237,-0.356963,0.124516,0.0450396,0.00271546,0.000262981
1147,20.7745,0.223507,1,0.11442,0.0532537,-0.0406239,-0.0196779,-0.0488321,-0.389139,0.11442,0.0532537,-0.0365615,-0.00325374
1148,20.7926,0.21792,1,0.107773,0.063136,-0.083855,-0.0218917,-0.050517,-0.419618,0.107773,0.063136,-0.0754695,-0.0063261
1149,20.8107,0.214129,1,0.103697,0.0737691,-0.124166,-0.0240743,-0.0528987,-0.448485,0.103697,0.0737691,-0.111749,-0.00901294
1150,20.8288,0.214047,1,0.102764,0.0879724,-0.159524,-0.0263622,-0.0560304,-0.475813,0.102764,0.0879724,-0.143572,-0.0114753
1151,20.8469,0.216631,1,0.105132,0.105122,-0.192539,-0.0288801,-0.0600015,-0.501669,0.105132,0.105122,-0.173285,-0.0141695
1152,20.865,0.222229,1,0.109931,0.12523,-0.222928,-0.0317498,-0.0649408,-0.526109,0.109931,0.12523,-0.200635,-0.0171547
1153,20.8831,0.231542,1,0.118005,0.147282,-0.249613,-0.0350986,-0.0710218,-0.549176,0.118005,0.147282,-0.224652,-0.020619
1154,20.9012,0.246191,1,0.129192,0.173372,-0.270741,-0.0390669,-0.0784692,-0.570899,0.129192,0.173372,-0.243667,-0.0244843
1155,20.9194,0.265613,0,0.143385,0.201796,-0.28653,-0.0438156,-0.0875678,-0.591285,0.143385,0.201796,-0.257877,-0.0287588
1156,20.9375,0.290368,0,0.16025,0.234768,-0.297665,-0.0495348,-0.0986741,-0.610311,0.16025,0.234768,-0.267898,-0.0333905
1157,20.9556,0.320806,0,0.180129,0.271596,-0.303176,-0.0564526,-0.11223,-0.627915,0.180129,0.271596,-0.272858,-0.0382275
1158,20.9737,0.358283,0,0.203545,0.313124,-0.300769,-0.064845,-0.12878,-0.643972,0.203545,0.313124,-0.270692,-0.042854
1159,20.9918,0.403853,0,0.231248,0.359975,-0.288905,-0.0750476,-0.148988,-0.658272,0.231248,0.359975,-0.260015,-0.0467663
1160,21.0099,0.457892,0,0.262748,0.411772,-0.265984,-0.0874686,-0.173659,-0.670476,0.262748,0.411772,-0.239386,-0.0489208
1161,21.028,0.51968,0,0.297836,0.464379,-0.229006,-0.102602,-0.203752,-0.680061,0.297836,0.464379,-0.206105,-0.0477443
1162,21.0461,0.589049,0,0.335927,0.51515,-0.175071,-0.121042,-0.240388,-0.686224,0.335927,0.51515,-0.157564,-0.0411676
1163,21.0643,0.664057,0,0.376173,0.560091,-0.105557,-0.143492,-0.284833,-0.687767,0.376173,0.560091,-0.0950016,-0.0277955
1164,21.0824,0.741238,0,0.416346,0.592436,-0.0217936,-0.170765,-0.338431,-0.68292,0.416346,0.592436,-0.0196143,-0.00635159
1165,21.1005,0.816316,0,0.4527,0.605466,0.0740388,-0.203769,-0.402445,-0.669114,0.4527,0.605466,0.0666349,0.0234621
1166,21.1186,0.886589,0,0.48315,0.59577,0.180543,-0.243443,-0.477738,-0.642719,0.48315,0.59577,0.162489,0.0610607
1167,21.1367,0.943091,0,0.504161,0.55796,0.282886,-0.290632,-0.564183,-0.598796,0.504161,0.55796,0.254597,0.0998341
1168,21.1548,0.979643,0,0.511632,0.494944,0.369332,-0.345838,-0.659687,-0.531042,0.511632,0.494944,0.332399,0.132274
1169,21.1729,0.992694,0,0.504476,0.412561,0.433901,-0.408801,-0.758767,-0.432264,0.504476,0.412561,0.39051,0.153225
1170,21.191,0.97838,0,0.481952,0.318774,0.467164,-0.477863,-0.850879,-0.295954,0.481952,0.318774,0.420447,0.157605
1171,21.2092,0.941067,0,0.447129,0.228225,0.469657,-0.549185,-0.91936,-0.119605,0.447129,0.228225,0.422691,0.146998
1172,21.2273,0.885739,0,0.402419,0.147679,0.446755,-0.616106,-0.942806,0.0903112,0.402419,0.147679,0.402079,0.125848
1173,21.2454,0.822097,0,0.353584,0.0853664,0.40443,-0.669282,-0.90107,0.313783,0.353584,0.0853664,0.363987,0.1001
1174,21.2635,0.756614,0,0.304204,0.0418262,0.352327,-0.698342,-0.78575,0.517895,0.304204,0.0418262,0.317094,0.0750255
1175,21.2816,0.689472,0,0.256376,0.0103226,0.297257,-0.69516,-0.609448,0.666825,0.256376,0.0103226,0.267531,0.0533467
1176,21.2997,0.622316,0,0.213004,-0.00977597,0.239452,-0.657353,-0.404619,0.737858,0.213004,-0.00977597,0.215507,0.035703
1177,21.3178,0.55544,0,0.175264,-0.0195064,0.180093,-0.589668,-0.209653,0.731695,0.175264,-0.0195064,0.162084,0.0220946
1178,21.3359,0.487526,0,0.142424,-0.0224823,0.123919,-0.502147,-0.0522648,0.668607,0.142424,-0.0224823,0.111527,0.0123543
1179,21.354,0.421653,0,0.115726,-0.0204309,0.070625,-0.406374,0.0577358,0.575278,0.115726,-0.0204309,0.0635625,0.0057212
1180,21.3722,0.360538,0,0.0950935,-0.0135937,0.0208067,-0.312178,0.124766,0.473521,0.0950935,-0.0135937,0.018726,0.00138501
1181,21.3903,0.308041,0,0.079862,-0.00607212,-0.0281931,-0.226089,0.159697,0.376261,0.079862,-0.00607212,-0.0253738,-0.00157609
1182,21.4084,0.263733,0,0.0685158,0.00258515,-0.0729908,-0.151374,0.173877,0.288911,0.0685158,0.00258515,-0.0656917,-0.00350071
1183,21.4265,0.228912,1,0.0603176,0.0107299,-0.115492,-0.0888391,0.176409,0.212388,0.0603176,0.0107299,-0.103943,-0.00487633
1184,21.4446,0.203081,1,0.0556481,0.0194335,-0.15641,-0.0377542,0.173652,0.145614,0.0556481,0.0194335,-0.140769,-0.00609275
1185,21.4627,0.183965,1,0.0530769,0.0286691,-0.194407,0.00340915,0.169681,0.0869796,0.0530769,0.0286691,-0.174966,-0.00722298
1186,21.4808,0.170346,1,0.0523808,0.0395032,-0.230609,0.0364789,0.166946,0.0350214,0.0523808,0.0395032,-0.207548,-0.00845562
1187,21.4989,0.16117,1,0.0543485,0.0520645,-0.265675,0.0632887,0.166834,-0.0113617,0.0543485,0.0520645,-0.239107,-0.0101073
1188,21.5171,0.153359,1,0.0586724,0.0671186,-0.296272,0.0855258,0.170086,-0.052893,0.0586724,0.0671186,-0.266645,-0.0121681
1189,21.5352,0.146775,1,0.0650895,0.0837055,-0.323095,0.104667,0.177067,-0.0899736,0.0650895,0.0837055,-0.290785,-0.0147211
1190,21.5533,0.140841,1,0.0735139,0.102421,-0.346008,0.121968,0.187945,-0.122745,0.0735139,0.102421,-0.311407,-0.0178055
1191,21.5714,0.136351,1,0.0839365,0.122874,-0.366572,0.138475,0.202791,-0.151134,0.0839365,0.122874,-0.329915,-0.0215381
1192,21.5895,0.132867,1,0.0968013,0.147928,-0.384964,0.155055,0.221631,-0.174881,0.0968013,0.147928,-0.346468,-0.0260855
1193,21.6076,0.130761,1,0.111882,0.176309,-0.400878,0.172419,0.244459,-0.193547,0.111882,0.176309,-0.36079,-0.0313958
1194,21.6257,0.129572,1,0.129641,0.209127,-0.413228,0.191143,0.271212,-0.206515,0.129641,0.209127,-0.371905,-0.0374999
1195,21.6438,0.128244,1,0.150858,0.247541,-0.419639,0.211677,0.301719,-0.212986,0.150858,0.247541,-0.377675,-0.0443142
1196,21.662,0.12585,1,0.175862,0.293342,-0.417672,0.234345,0.335621,-0.211986,0.175862,0.293342,-0.375905,-0.051417
1197,21.6801,0.122751,1,0.205377,0.34594,-0.406366,0.259318,0.372249,-0.202401,0.205377,0.34594,-0.365729,-0.0584206
1198,21.6982,0.1191,1,0.239286,0.404336,-0.383756,0.286575,0.410492,-0.183056,0.239286,0.404336,-0.34538,-0.0642792
1199,21.7163,0.113849,1,0.278571,0.469117,-0.345429,0.315847,0.44865,-0.152876,0.278571,0.469117,-0.310886,-0.0673585
1200,21.7344,0.108164,1,0.322793,0.536401,-0.289525,0.346538,0.484322,-0.111136,0.322793,0.536401,-0.260572,-0.0654195
1201,21.7525,0.100295,1,0.370483,0.598418,-0.209706,0.37766,0.514395,-0.0578321,0.370483,0.598418,-0.188735,-0.0543848
1202,21.7706,0.0931568,1,0.420459,0.649494,-0.107322,0.407782,0.535227,0.005889,0.420459,0.649494,-0.0965901,-0.0315873
1203,21.7887,0.0890539,1,0.46863,0.680042,0.0147802,0.435061,0.543102,0.077329,0.46863,0.680042,0.0133022,0.00484851
1204,21.8068,0.0897955,1,0.510431,0.681184,0.152451,0.45736,0.534989,0.152069,0.510431,0.681184,0.137206,0.0544711
1205,21.825,0.0976424,1,0.542042,0.646452,0.29495,0.47252,0.509447,0.22425,0.542042,0.646452,0.265455,0.111913
1206,21.8431,0.106371,1,0.558259,0.568362,0.419406,0.478722,0.467391,0.287411,0.558259,0.568362,0.377465,0.163896
1207,21.8612,0.114118,1,0.553499,0.45955,0.51085,0.474886,0.412306,0.335759,0.553499,0.45955,0.459765,0.197929
1208,21.8793,0.119724,1,0.527132,0.332266,0.561191,0.460962,0.349681,0.365436,0.527132,0.332266,0.505072,0.207075
1209,21.8974,0.122032,1,0.483348,0.210244,0.567379,0.437999,0.285793,0.375257,0.483348,0.210244,0.510641,0.191969
1210,21.9155,0.120989,1,0.426952,0.103213,0.53516,0.407956,0.22632,0.36664,0.426952,0.103213,0.481644,0.159941
1211,21.9336,0.117785,1,0.363826,0.0219537,0.477035,0.373325,0.175318,0.342838,0.363826,0.0219537,0.429331,0.12149
1212,21.9517,0.114594,1,0.300079,-0.0327494,0.407684,0.336697,0.134863,0.30788,0.300079,-0.0327494,0.366915,0.0856362
1213,21.9699,0.114426,1,0.238497,-0.0684384,0.338287,0.300399,0.105273,0.265675,0.238497,-0.0684384,0.304458,0.0564764
1214,21.988,0.114384,1,0.185023,-0.0877321,0.270302,0.26627,0.0856621,0.219466,0.185023,-0.0877321,0.243272,0.0350085
1215,22.0061,0.114614,1,0.138679,-0.0957246,0.203787,0.235592,0.0745254,0.171659,0.138679,-0.0957246,0.183408,0.0197827
1216,22.0242,0.116068,1,0.0989369,-0.0971524,0.140177,0.209119,0.0702111,0.123895,0.0989369,-0.0971524,0.126159,0.00970809
1217,22.0423,0.119656,1,0.0658611,-0.0967928,0.0801296,0.187181,0.0712128,0.077222,0.0658611,-0.0967928,0.0721166,0.0036942
1218,22.0604,0.123984,1,0.0393199,-0.0941682,0.0271776,0.169802,0.0763143,0.0322883,0.0393199,-0.0941682,0.0244598,0.000748034
1219,22.0785,0.128702,1,0.0193975,-0.0905663,-0.0213376,0.156809,0.0846294,-0.0105035,0.0193975,-0.0905663,-0.0192038,-0.000289727
1220,22.0966,0.134381,1,0.00346772,-0.0860718,-0.068359,0.147933,0.0955839,-0.0508812,0.00346772,-0.0860718,-0.0615231,-0.000165935
1221,22.1148,0.14288,1,-0.00984499,-0.0845641,-0.111097,0.142872,0.10887,-0.0886259,-0.00984499,-0.0845641,-0.0999869,0.000765621
1222,22.1329,0.153242,1,-0.0205759,-0.0839549,-0.152156,0.141347,0.124396,-0.123521,-0.0205759,-0.0839549,-0.13694,0.00219152
1223,22.151,0.164842,1,-0.0282359,-0.0833044,-0.191208,0.143127,0.142229,-0.155314,-0.0282359,-0.0833044,-0.172087,0.00377925
1224,22.1691,0.17921,1,-0.0347766,-0.0841575,-0.229025,0.148047,0.162558,-0.18369,-0.0347766,-0.0841575,-0.206122,0.0055753
1225,22.1872,0.19754,1,-0.0408394,-0.0883163,-0.265338,0.156014,0.185644,-0.208242,-0.0408394,-0.0883163,-0.238804,0.00758537
1226,22.2053,0.219875,1,-0.0471556,-0.0951139,-0.299058,0.167003,0.21178,-0.22844,-0.0471556,-0.0951139,-0.269152,0.00987158
1227,22.2234,0.245744,1,-0.0537794,-0.103112,-0.329908,0.181045,0.241242,-0.243606,-0.0537794,-0.103112,-0.296917,0.0124196
1228,22.2415,0.276006,0,-0.0606832,-0.113336,-0.359225,0.19821,0.274225,-0.25288,-0.0606832,-0.113336,-0.323302,0.0152592
1229,22.2596,0.311283,0,-0.0683649,-0.126618,-0.38581,0.218577,0.310756,-0.255201,-0.0683649,-0.126618,-0.347229,0.0184631
1230,22.2778,0.350792,0,-0.077427,-0.140538,-0.409967,0.242188,0.35058,-0.249302,-0.077427,-0.140538,-0.36897,0.0222197
1231,22.2959,0.395214,0,-0.087557,-0.156601,-0.432206,0.268997,0.393006,-0.233749,-0.087557,-0.156601,-0.388985,0.0264899
1232,22.314,0.44465,0,-0.0987043,-0.176083,-0.451206,0.298782,0.436723,-0.207048,-0.0987043,-0.176083,-0.406085,0.0311752
1233,22.3321,0.499318,0,-0.111527,-0.200049,-0.468086,0.331055,0.479613,-0.167861,-0.111527,-0.200049,-0.421277,0.0365429
1234,22.3502,0.558319,0,-0.126677,-0.228785,-0.482601,0.364941,0.518619,-0.115369,-0.126677,-0.228785,-0.434341,0.042794
1235,22.3683,0.619913,0,-0.14458,-0.263033,-0.493235,0.399086,0.549773,-0.0497826,-0.14458,-0.263033,-0.443911,0.0499184
1236,22.3864,0.681581,0,-0.166435,-0.303623,-0.497713,0.431596,0.568513,0.0270671,-0.166435,-0.303623,-0.447942,0.0579858
1237,22.4045,0.740426,0,-0.19266,-0.352148,-0.494942,0.460094,0.570423,0.111247,-0.19266,-0.352148,-0.445448,0.066749
1238,22.4227,0.792491,0,-0.22376,-0.409447,-0.482391,0.481931,0.552341,0.196647,-0.22376,-0.409447,-0.434152,0.075558
1239,22.4408,0.833124,0,-0.260222,-0.474673,-0.456433,0.494583,0.513583,0.275622,-0.260222,-0.474673,-0.41079,0.0831418
1240,22.4589,0.857489,0,-0.302045,-0.54525,-0.411092,0.496158,0.456744,0.340401,-0.302045,-0.54525,-0.369983,0.0869178
1241,22.477,0.864475,0,-0.34961,-0.6181,-0.344925,0.485881,0.387529,0.384881,-0.34961,-0.6181,-0.310433,0.0844124
1242,22.4951,0.854303,0,-0.401859,-0.688844,-0.253059,0.464353,0.313513,0.406074,-0.401859,-0.688844,-0.227753,0.0711858
1243,22.5132,0.829913,0,-0.4565,-0.748899,-0.135669,0.433465,0.242266,0.404534,-0.4565,-0.748899,-0.122102,0.0433532
1244,22.5313,0.794426,0,-0.509765,-0.784143,0.00424009,0.396002,0.179685,0.383657,-0.509765,-0.784143,0.00381608,-0.00151301
1245,22.5494,0.754329,0,-0.557156,-0.787465,0.162066,0.355082,0.129143,0.348313,-0.557156,-0.787465,0.14586,-0.0632074
1246,22.5676,0.712007,0,-0.593038,-0.744225,0.319812,0.313633,0.0915648,0.303499,-0.593038,-0.744225,0.287831,-0.132762
1247,22.5857,0.667202,0,-0.608947,-0.650697,0.458462,0.274041,0.0660843,0.253444,-0.608947,-0.650697,0.412616,-0.195425
1248,22.6038,0.621496,0,-0.60191,-0.521487,0.555864,0.237999,0.0508658,0.201273,-0.60191,-0.521487,0.500277,-0.234206
1249,22.6219,0.573551,0,-0.570427,-0.378181,0.602017,0.206526,0.0437822,0.149056,-0.570427,-0.378181,0.541816,-0.240385
1250,22.64,0.523297,0,-0.520112,-0.242735,0.597741,0.180077,0.0428516,0.098047,-0.520112,-0.242735,0.537967,-0.217625
1251,22.6581,0.46983,0,-0.454973,-0.131333,0.552949,0.1587,0.0464528,0.0489461,-0.454973,-0.131333,0.497654,-0.176104
1252,22.6762,0.417021,0,-0.3848,-0.0486301,0.485452,0.142178,0.0533871,0.00212389,-0.3848,-0.0486301,0.436907,-0.130761
1253,22.6943,0.36878,0,-0.315475,0.00621254,0.411871,0.130154,0.062856,-0.0422252,-0.315475,0.00621254,0.370684,-0.0909544
1254,22.7124,0.325297,0,-0.25051,0.0396273,0.337103,0.122226,0.0744011,-0.0839827,-0.25051,0.0396273,0.303393,-0.0591135
1255,22.7306,0.286236,0,-0.192694,0.0573539,0.26209,0.118005,0.0878349,-0.123046,-0.192694,0.0573539,0.235881,-0.0353523
1256,22.7487,0.252608,0,-0.14263,0.0625014,0.190403,0.117162,0.103179,-0.159291,-0.14263,0.0625014,0.171363,-0.01901
1257,22.7668,0.226997,1,-0.102445,0.0613356,0.12657,0.119445,0.12061,-0.192545,-0.102445,0.0613356,0.113913,-0.0090765
1258,22.7849,0.208165,1,-0.0705554,0.0572534,0.0689134,0.124691,0.140419,-0.222565,-0.0705554,0.0572534,0.0620221,-0.00340355
1259,22.803,0.194337,1,-0.044049,0.0528493,0.0153485,0.132828,0.162977,-0.249012,-0.044049,0.0528493,0.0138136,-0.000473261
1260,22.8211,0.186206,1,-0.0234479,0.0495506,-0.0333832,0.14387,0.188699,-0.271419,-0.0234479,0.0495506,-0.0300449,0.000547937
1261,22.8392,0.183708,1,-0.0075205,0.0466719,-0.0781519,0.157902,0.218012,-0.289159,-0.0075205,0.0466719,-0.0703367,0.000411419
1262,22.8573,0.185886,1,0.00545575,0.0457329,-0.120756,0.175071,0.251299,-0.301403,0.00545575,0.0457329,-0.108681,-0.000461171
1263,22.8755,0.192352,1,0.0168875,0.048032,-0.16185,0.195557,0.28883,-0.307081,0.0168875,0.048032,-0.145665,-0.00191327
1264,22.8936,0.204085,1,0.0268431,0.0527095,-0.202016,0.219536,0.330646,-0.304842,0.0268431,0.0527095,-0.181815,-0.00379593
1265,22.9117,0.221769,1,0.0356834,0.060193,-0.239701,0.247126,0.376404,-0.293057,0.0356834,0.060193,-0.21573,-0.00598733
1266,22.9298,0.245602,1,0.0440507,0.0701096,-0.274175,0.278311,0.425165,-0.269863,0.0440507,0.0701096,-0.246757,-0.00845431
1267,22.9479,0.275392,0,0.052883,0.0816696,-0.305047,0.312829,0.475124,-0.233326,0.052883,0.0816696,-0.274542,-0.0112923
1268,22.966,0.309397,0,0.0630167,0.096704,-0.33265,0.350038,0.523358,-0.18177,0.0630167,0.096704,-0.299385,-0.0146738
1269,22.9841,0.346252,0,0.0739989,0.115522,-0.355118,0.388762,0.565651,-0.114328,0.0739989,0.115522,-0.319606,-0.0183948
1270,23.0022,0.384346,0,0.0866239,0.138323,-0.374008,0.42716,0.596612,-0.0317051,0.0866239,0.138323,-0.336607,-0.0226786
1271,23.0204,0.42259,0,0.10113,0.164574,-0.39131,0.462679,0.610281,0.0629743,0.10113,0.164574,-0.352179,-0.0277013
1272,23.0385,0.457963,0,0.118356,0.195078,-0.405912,0.492188,0.601373,0.163617,0.118356,0.195078,-0.36532,-0.0336293
1273,23.0566,0.486278,0,0.138753,0.23157,-0.414845,0.512365,0.567004,0.261393,0.138753,0.23157,-0.37336,-0.0402927
1274,23.0747,0.504987,0,0.163228,0.275145,-0.417505,0.520323,0.508286,0.346147,0.163228,0.275145,-0.375754,-0.0477039
1275,23.0928,0.512992,0,0.191748,0.32522,-0.412335,0.514329,0.430889,0.408797,0.191748,0.32522,-0.371101,-0.0553449
1276,23.1109,0.510749,0,0.22465,0.382102,-0.397889,0.494346,0.343939,0.443777,0.22465,0.382102,-0.3581,-0.0625701
1277,23.129,0.49891,0,0.261681,0.443976,-0.369302,0.462132,0.257565,0.450334,0.261681,0.443976,-0.332372,-0.0676477
1278,23.1471,0.480589,0,0.303387,0.509182,-0.323542,0.420845,0.180252,0.432042,0.303387,0.509182,-0.291188,-0.0687109
1279,23.1652,0.459895,0,0.349703,0.574834,-0.256502,0.374311,0.117202,0.395018,0.349703,0.574834,-0.230852,-0.0627897
1280,23.1834,0.441281,0,0.399794,0.634341,-0.164468,0.326276,0.0701251,0.345866,0.399794,0.634341,-0.148022,-0.0460274
1281,23.2015,0.429815,0,0.449935,0.679066,-0.0480418,0.279851,0.0380817,0.290236,0.449935,0.679066,-0.0432376,-0.015131
1282,23.2196,0.427274,0,0.497381,0.696188,0.0873311,0.237257,0.018669,0.232226,0.497381,0.696188,0.078598,0.0304057
1283,23.2377,0.43308,0,0.535486,0.677286,0.233077,0.199823,0.00903049,0.174436,0.535486,0.677286,0.209769,0.0873664
1284,23.2558,0.443171,0,0.559202,0.617196,0.369941,0.16813,0.00649863,0.11832,0.559202,0.617196,0.332947,0.14481
1285,23.2739,0.450973,0,0.563992,0.518055,0.480503,0.142214,0.00889877,0.0645795,0.563992,0.518055,0.432452,0.1897
1286,23.292,0.4533,0,0.548412,0.394593,0.552042,0.121762,0.0146254,0.0134899,0.548412,0.394593,0.496838,0.211922
1287,23.3101,0.447411,0,0.511734,0.266425,0.578857,0.106279,0.022598,-0.0348885,0.511734,0.266425,0.520971,0.207355
1288,23.3283,0.43184,0,0.459464,0.148461,0.562261,0.0952041,0.0321697,-0.0805822,0.459464,0.148461,0.506035,0.180837
1289,23.3464,0.41168,0,0.397561,0.0520089,0.51865,0.0879952,0.0430294,-0.123635,0.397561,0.0520089,0.466785,0.144337
1290,23.3645,0.385686,0,0.330898,-0.0177262,0.452432,0.0841759,0.0551161,-0.164076,0.330898,-0.0177262,0.407189,0.104796
1291,23.3826,0.359779,0,0.265713,-0.062686,0.37935,0.0833632,0.068552,-0.201896,0.265713,-0.062686,0.341415,0.0705588
1292,23.4007,0.337193,0,0.20698,-0.0898,0.307218,0.085279,0.0835946,-0.237043,0.20698,-0.0898,0.276496,0.0445116
1293,23.4188,0.318262,0,0.155895,-0.102985,0.238586,0.0897523,0.100603,-0.2694,0.155895,-0.102985,0.214727,0.026036
1294,23.4369,0.30218,0,0.112351,-0.105786,0.173144,0.096716,0.120019,-0.298774,0.112351,-0.105786,0.155829,0.013617
1295,23.455,0.290322,0,0.0765347,-0.103993,0.112502,0.106202,0.142348,-0.324872,0.0765347,-0.103993,0.101252,0.00602722
1296,23.4732,0.282767,0,0.0472663,-0.0998566,0.0564626,0.118332,0.168148,-0.347265,0.0472663,-0.0998566,0.0508164,0.00186815
1297,23.4913,0.28058,0,0.024309,-0.0953262,0.00647515,0.133311,0.198006,-0.365345,0.024309,-0.0953262,0.00582763,0.000110183
1298,23.5094,0.282355,0,0.00656918,-0.0913339,-0.0416432,0.151413,0.232506,-0.378276,0.00656918,-0.0913339,-0.0374789,-0.000191493
1299,23.5275,0.289498,0,-0.00774009,-0.0880359,-0.0865458,0.172964,0.272162,-0.384925,-0.00774009,-0.0880359,-0.0778912,0.000468911
1300,23.5456,0.303057,0,-0.0188148,-0.0865327,-0.128267,0.198308,0.317316,-0.383797,-0.0188148,-0.0865327,-0.115441,0.00168932
1301,23.5637,0.323014,0,-0.0276432,-0.0860196,-0.168812,0.227762,0.367962,-0.37298,-0.0276432,-0.0860196,-0.151931,0.00326656
1302,23.5818,0.350298,0,-0.0346956,-0.0865422,-0.207857,0.261529,0.423491,-0.350138,-0.0346956,-0.0865422,-0.187072,0.00504822
1303,23.5999,0.386064,0,-0.0408855,-0.0892681,-0.245687,0.299586,0.48234,-0.312608,-0.0408855,-0.0892681,-0.221118,0.00703151
1304,23.618,0.430741,0,-0.0470304,-0.0949661,-0.279748,0.341504,0.541564,-0.257705,-0.0470304,-0.0949661,-0.251773,0.00920966
1305,23.6362,0.482649,0,-0.0532529,-0.103187,-0.310731,0.386236,0.596433,-0.183334,-0.0532529,-0.103187,-0.279658,0.0115831
1306,23.6543,0.539777,0,-0.0603498,-0.11326,-0.341859,0.431889,0.640294,-0.0890062,-0.0603498,-0.11326,-0.307673,0.0144418
1307,23.6724,0.598806,0,-0.0678691,-0.125571,-0.371279,0.475554,0.665043,0.0228382,-0.0678691,-0.125571,-0.334151,0.0176388
1308,23.6905,0.65491,0,-0.0765805,-0.139641,-0.397623,0.513352,0.6626,0.145616,-0.0765805,-0.139641,-0.357861,0.0213151
1309,23.7086,0.703028,0,-0.0863806,-0.155972,-0.421337,0.540839,0.627424,0.268325,-0.0863806,-0.155972,-0.379203,0.0254767
1310,23.7267,0.738147,0,-0.0976712,-0.175254,-0.441769,0.553835,0.559306,0.377098,-0.0976712,-0.175254,-0.397592,0.0302037
1311,23.7448,0.756819,0,-0.110381,-0.198361,-0.459423,0.549516,0.464906,0.458694,-0.110381,-0.198361,-0.41348,0.035498
1312,23.7629,0.758525,0,-0.125287,-0.226546,-0.47526,0.527354,0.356587,0.504585,-0.125287,-0.226546,-0.427734,0.0416806
1313,23.7811,0.744041,0,-0.14309,-0.260426,-0.487356,0.489407,0.248694,0.513411,-0.14309,-0.260426,-0.43862,0.048815
1314,23.7992,0.716304,0,-0.164556,-0.300553,-0.493521,0.439798,0.153216,0.490412,-0.164556,-0.300553,-0.444169,0.0568484
1315,23.8173,0.680131,0,-0.190244,-0.348663,-0.492035,0.383625,0.0771055,0.444516,-0.190244,-0.348663,-0.442831,0.0655247
1316,23.8354,0.641167,0,-0.221221,-0.405773,-0.481556,0.325818,0.0220753,0.385034,-0.221221,-0.405773,-0.433401,0.0745712
1317,23.8535,0.603332,0,-0.257411,-0.471751,-0.45761,0.270348,-0.0138907,0.319477,-0.257411,-0.471751,-0.411849,0.0824556
1318,23.8716,0.569447,0,-0.299293,-0.543073,-0.414005,0.219904,-0.0346175,0.252866,-0.299293,-0.543073,-0.372604,0.0867361
1319,23.8897,0.5446,0,-0.347023,-0.616843,-0.349012,0.175945,-0.0442516,0.188026,-0.347023,-0.616843,-0.314111,0.0847807
1320,23.9078,0.53239,0,-0.399564,-0.68848,-0.258565,0.138955,-0.046431,0.126256,-0.399564,-0.68848,-0.232708,0.0723191
1321,23.926,0.535182,0,-0.45454,-0.749495,-0.142315,0.108746,-0.0439779,0.0679581,-0.45454,-0.749495,-0.128083,0.0452814
1322,23.9441,0.550383,0,-0.508006,-0.785339,-0.00266605,0.0847286,-0.0388946,0.0130906,-0.508006,-0.785339,-0.00239944,0.000948058
1323,23.9622,0.576672,0,-0.555823,-0.789666,0.155134,0.0661251,-0.0324928,-0.0385628,-0.555823,-0.789666,0.139621,-0.060359
1324,23.9803,0.605239,0,-0.592412,-0.748176,0.314431,0.0521131,-0.0255561,-0.0872562,-0.592412,-0.748176,0.282988,-0.130391
1325,23.9984,0.626119,0,-0.60927,-0.655689,0.455002,0.0419145,-0.0184887,-0.133224,-0.60927,-0.655689,0.409502,-0.194054
1326,24.0165,0.634506,0,-0.60282,-0.526213,0.555583,0.034845,-0.0114357,-0.176662,-0.60282,-0.526213,0.500025,-0.234442
1327,24.0346,0.627236,0,-0.57184,-0.381348,0.604187,0.0303351,-0.00437113,-0.217731,-0.57184,-0.381348,0.543768,-0.241849
1328,24.0527,0.605205,0,-0.521442,-0.243706,0.601476,0.0279345,0.00284129,-0.256557,-0.521442,-0.243706,0.541328,-0.219544
1329,24.0708,0.571003,0,-0.456203,-0.130749,0.557892,0.027306,0.0104096,-0.29324,-0.456203,-0.130749,0.502103,-0.178158
1330,24.089,0.530675,0,-0.385617,-0.0466355,0.490273,0.0282166,0.0185917,-0.327857,-0.385617,-0.0466355,0.441246,-0.13234
1331,24.1071,0.49134,0,-0.315668,0.00919963,0.41675,0.0305259,0.0276855,-0.360458,-0.315668,0.00919963,0.375075,-0.0920882
1332,24.1252,0.453872,0,-0.250037,0.0432446,0.341866,0.0341764,0.0380281,-0.391069,-0.250037,0.0432446,0.30768,-0.0598356
1333,24.1433,0.418218,0,-0.191684,0.0613176,0.266826,0.0391865,0.0500009,-0.41968,-0.191684,0.0613176,0.240143,-0.0358024
1334,24.1614,0.385545,0,-0.141304,0.0666373,0.194838,0.0456451,0.0640393,-0.446238,-0.141304,0.0666373,0.175354,-0.019272
1335,24.1795,0.3586,0,-0.100595,0.0656279,0.130826,0.0537098,0.0806441,-0.470628,-0.100595,0.0656279,0.117744,-0.00921229
1336,24.1976,0.336209,0,-0.0683117,0.0616645,0.0732162,0.0636079,0.100395,-0.492652,-0.0683117,0.0616645,0.0658946,-0.00350107
1337,24.2157,0.31677,0,-0.0413543,0.0575441,0.0199191,0.0756385,0.123963,-0.511993,-0.0413543,0.0575441,0.0179272,-0.00057662
1338,24.2339,0.300459,0,-0.0202888,0.0549573,-0.0289864,0.0901774,0.152115,-0.528171,-0.0202888,0.0549573,-0.0260877,0.000411668
1339,24.252,0.287369,0,-0.00380068,0.0528209,-0.0739361,0.10768,0.185713,-0.540471,-0.00380068,0.0528209,-0.0665425,0.000196705
1340,24.2701,0.27708,0,0.00957707,0.0524538,-0.116438,0.128684,0.225687,-0.547859,0.00957707,0.0524538,-0.104794,-0.000780594
1341,24.2882,0.269652,0,0.0215438,0.055565,-0.157215,0.153796,0.272967,-0.548856,0.0215438,0.055565,-0.141493,-0.0023709
1342,24.3063,0.266568,0,0.0322224,0.0609647,-0.196812,0.183676,0.32835,-0.541402,0.0322224,0.0609647,-0.177131,-0.00443924
1343,24.3244,0.270009,0,0.041752,0.069636,-0.234209,0.218976,0.392252,-0.522698,0.041752,0.069636,-0.210788,-0.00684508
1344,24.3425,0.282756,0,0.0507618,0.0805684,-0.268335,0.260236,0.464284,-0.489094,0.0507618,0.0805684,-0.241501,-0.0095348
1345,24.3606,0.306631,0,0.0602586,0.0932693,-0.298557,0.307707,0.542614,-0.436129,0.0602586,0.0932693,-0.268702,-0.0125935
1346,24.3788,0.340968,0,0.0712046,0.10963,-0.32525,0.361057,0.623077,-0.35892,0.0712046,0.10963,-0.292725,-0.0162115
1347,24.3969,0.384826,0,0.0831515,0.130137,-0.346883,0.418966,0.698229,-0.253216,0.0831515,0.130137,-0.312195,-0.0201907
1348,24.415,0.435646,0,0.096829,0.154667,-0.36445,0.478642,0.756784,-0.117397,0.096829,0.154667,-0.328005,-0.0247025
1349,24.4331,0.49042,0,0.112631,0.182742,-0.38052,0.535445,0.78441,0.0446372,0.112631,0.182742,-0.342468,-0.0300008
1350,24.4512,0.542916,0,0.131401,0.215652,-0.392849,0.582919,0.766951,0.220724,0.131401,0.215652,-0.353564,-0.0361344
1351,24.4693,0.585731,0,0.153554,0.25503,-0.399103,0.613677,0.696218,0.390127,0.153554,0.25503,-0.359193,-0.0428986
1352,24.4874,0.613418,0,0.179796,0.301024,-0.398464,0.621237,0.575983,0.528019,0.179796,0.301024,-0.358618,-0.0501497
1353,24.5055,0.623366,0,0.210265,0.353396,-0.389305,0.602282,0.423614,0.614262,0.210265,0.353396,-0.350374,-0.0572999
1354,24.5236,0.616615,0,0.245033,0.41218,-0.368854,0.558122,0.264504,0.641497,0.245033,0.41218,-0.331969,-0.0632671
1355,24.5418,0.596886,0,0.28379,0.473844,-0.332315,0.494403,0.122168,0.616781,0.28379,0.473844,-0.299084,-0.0660155
1356,24.5599,0.571672,0,0.326543,0.537322,-0.277232,0.419194,0.0106608,0.556117,0.326543,0.537322,-0.249509,-0.0633698
1357,24.578,0.547957,0,0.373904,0.597812,-0.20003,0.34061,-0.0668112,0.476682,0.373904,0.597812,-0.180027,-0.0523546
1358,24.5961,0.531352,0,0.422693,0.648269,-0.0985118,0.265109,-0.114559,0.391658,0.422693,0.648269,-0.0886606,-0.0291482
1359,24.6142,0.524623,0,0.470316,0.678336,0.023967,0.196843,-0.140029,0.308885,0.470316,0.678336,0.0215703,0.00789044
1360,24.6323,0.526307,0,0.512057,0.677502,0.16105,0.137824,-0.150705,0.231901,0.512057,0.677502,0.144945,0.0577268
1361,24.6504,0.533525,0,0.542176,0.640305,0.300387,0.0884617,-0.152683,0.161611,0.542176,0.640305,0.270348,0.114004
1362,24.6685,0.538566,0,0.556359,0.562051,0.420654,0.0481454,-0.150374,0.0976557,0.556359,0.562051,0.378588,0.163824
1363,24.6867,0.537795,0,0.551008,0.453355,0.509396,0.0157169,-0.146724,0.0392471,0.551008,0.453355,0.458457,0.196477
1364,24.7048,0.529078,0,0.525832,0.330555,0.557975,-0.0101979,-0.143585,-0.0144175,0.525832,0.330555,0.502178,0.205381
1365,24.7229,0.50966,0,0.482271,0.210654,0.56164,-0.0309846,-0.142059,-0.0639968,0.482271,0.210654,0.505476,0.189604
1366,24.741,0.482903,0,0.426579,0.105779,0.532405,-0.0479298,-0.142775,-0.109973,0.426579,0.105779,0.479164,0.158979
1367,24.7591,0.450633,0,0.363801,0.0256043,0.478425,-0.0621723,-0.146086,-0.152669,0.363801,0.0256043,0.430582,0.121836
1368,24.7772,0.416057,0,0.299915,-0.0299832,0.411083,-0.0746936,-0.152206,-0.192274,0.299915,-0.0299832,0.369974,0.086303
1369,24.7953,0.382093,0,0.23917,-0.065834,0.339389,-0.0863312,-0.161306,-0.228871,0.23917,-0.065834,0.30545,0.0568202
1370,24.8134,0.352611,0,0.18615,-0.0851363,0.270998,-0.0978021,-0.17357,-0.262438,0.18615,-0.0851363,0.243898,0.0353124
1371,24.8316,0.326256,0,0.139984,-0.0933991,0.204928,-0.109731,-0.189232,-0.292854,0.139984,-0.0933991,0.184435,0.0200807
1372,24.8497,0.304457,0,0.101642,-0.0927815,0.143096,-0.122678,-0.208595,-0.319882,0.101642,-0.0927815,0.128787,0.0101812
1373,24.8678,0.286042,0,0.0697478,-0.0903384,0.0841397,-0.137164,-0.232032,-0.343143,0.0697478,-0.0903384,0.0757257,0.00410799
1374,24.8859,0.273207,0,0.0441495,-0.0859206,0.0309788,-0.153688,-0.259976,-0.362076,0.0441495,-0.0859206,0.0278809,0.000957389
1375,24.904,0.265583,0,0.024598,-0.0816635,-0.0180602,-0.17274,-0.292888,-0.375893,0.024598,-0.0816635,-0.0162542,-0.000310972
1376,24.9221,0.263526,0,0.00912763,-0.0764536,-0.0643644,-0.194804,-0.331196,-0.383513,0.00912763,-0.0764536,-0.057928,-0.000411246
1377,24.9402,0.26723,0,-0.00319542,-0.0735522,-0.107635,-0.220342,-0.375187,-0.383495,-0.00319542,-0.0735522,-0.0968714,0.000240757
1378,24.9583,0.277731,0,-0.0123633,-0.0719035,-0.149313,-0.24976,-0.424846,-0.373986,-0.0123633,-0.0719035,-0.134382,0.00129221
1379,24.9764,0.296535,0,-0.0194742,-0.0701342,-0.189888,-0.283339,-0.479604,-0.352703,-0.0194742,-0.0701342,-0.1709,0.00258855
1380,24.9946,0.324123,0,-0.0250441,-0.0692338,-0.22886,-0.321127,-0.537987,-0.317018,-0.0250441,-0.0692338,-0.205974,0.00401213
1381,25.0127,0.359653,0,-0.0296619,-0.070818,-0.265998,-0.362781,-0.597202,-0.264232,-0.0296619,-0.070818,-0.239398,0.00552301
1382,25.0308,0.401857,0,-0.0344173,-0.075048,-0.300251,-0.407355,-0.652716,-0.192151,-0.0344173,-0.075048,-0.270225,0.00723367
1383,25.0489,0.449627,0,-0.0389798,-0.0805734,-0.331823,-0.453071,-0.698071,-0.100053,-0.0389798,-0.0805734,-0.298641,0.00905406
1384,25.067,0.500546,0,-0.0440276,-0.0874714,-0.363532,-0.497148,-0.725272,0.0100072,-0.0440276,-0.0874714,-0.327178,0.0112038
1385,25.0851,0.550266,0,-0.0495914,-0.0961225,-0.392514,-0.535812,-0.726132,0.131943,-0.0495914,-0.0961225,-0.353263,0.0136257
1386,25.1032,0.594684,0,-0.0557614,-0.105276,-0.419006,-0.564656,-0.694689,0.25521,-0.0557614,-0.105276,-0.377105,0.016355
1387,25.1213,0.629022,0,-0.0626017,-0.116181,-0.443719,-0.579425,-0.630036,0.366128,-0.0626017,-0.116181,-0.399347,0.0194443
1388,25.1395,0.649497,0,-0.0701112,-0.129127,-0.466018,-0.5771,-0.538067,0.451191,-0.0701112,-0.129127,-0.419416,0.0228711
1389,25.1576,0.654404,0,-0.0789976,-0.145179,-0.486166,-0.556871,-0.43065,0.501193,-0.0789976,-0.145179,-0.43755,0.0268842
1390,25.1757,0.645638,0,-0.0891519,-0.164862,-0.505722,-0.520524,-0.322118,0.513952,-0.0891519,-0.164862,-0.45515,0.0315603
1391,25.1938,0.625773,0,-0.101504,-0.189194,-0.52387,-0.471995,-0.224884,0.494087,-0.101504,-0.189194,-0.471483,0.0372226
1392,25.2119,0.598463,0,-0.116575,-0.218938,-0.539352,-0.416331,-0.146502,0.450281,-0.116575,-0.218938,-0.485417,0.0440124
1393,25.23,0.567254,0,-0.134669,-0.255234,-0.550231,-0.358524,-0.0892113,0.391924,-0.134669,-0.255234,-0.495208,0.0518694
1394,25.2481,0.535477,0,-0.156616,-0.29773,-0.55535,-0.302671,-0.0513159,0.32678,-0.156616,-0.29773,-0.499815,0.0608837
1395,25.2662,0.505764,0,-0.183427,-0.349096,-0.552483,-0.251605,-0.0291114,0.260139,-0.183427,-0.349096,-0.497235,0.0709381
1396,25.2844,0.480569,0,-0.215993,-0.410615,-0.539098,-0.206912,-0.0184393,0.195038,-0.215993,-0.410615,-0.485188,0.081509
1397,25.3025,0.462272,0,-0.25454,-0.48205,-0.512229,-0.169169,-0.0155861,0.132913,-0.25454,-0.48205,-0.461006,0.0912682
1398,25.3206,0.452021,0,-0.29924,-0.560812,-0.466141,-0.138247,-0.0176375,0.0742391,-0.29924,-0.560812,-0.419527,0.0976417
1399,25.3387,0.451882,0,-0.3505,-0.642319,-0.396079,-0.113592,-0.0225065,0.0190097,-0.3505,-0.642319,-0.356471,0.0971781
1400,25.3568,0.464715,0,-0.407765,-0.721162,-0.298234,-0.0944394,-0.0288137,-0.0329799,-0.407765,-0.721162,-0.26841,0.0851266
1401,25.3749,0.492329,0,-0.467758,-0.789922,-0.17126,-0.0799681,-0.0357253,-0.081983,-0.467758,-0.789922,-0.154134,0.0560757
1402,25.393,0.530771,0,-0.526682,-0.832166,-0.0144586,-0.0693926,-0.0428017,-0.128237,-0.526682,-0.832166,-0.0130127,0.00533055
1403,25.4111,0.576711,0,-0.579798,-0.83591,0.162479,-0.0620174,-0.0498744,-0.171942,-0.579798,-0.83591,0.146231,-0.0659434
1404,25.4292,0.620609,0,-0.619481,-0.786246,0.341274,-0.0572606,-0.0569541,-0.213261,-0.619481,-0.786246,0.307147,-0.147989
1405,25.4474,0.653222,0,-0.636963,-0.678472,0.498444,-0.0546593,-0.0641677,-0.252323,-0.636963,-0.678472,0.448599,-0.222243
1406,25.4655,0.667617,0,-0.627295,-0.52796,0.605283,-0.053865,-0.0717173,-0.289233,-0.627295,-0.52796,0.544755,-0.265784
1407,25.4836,0.664083,0,-0.590911,-0.364964,0.652734,-0.0546342,-0.0798569,-0.324067,-0.590911,-0.364964,0.58746,-0.269995
1408,25.5017,0.642272,0,-0.532599,-0.211949,0.641132,-0.0568175,-0.0888812,-0.356879,-0.532599,-0.211949,0.577019,-0.239026
1409,25.5198,0.607104,0,-0.458136,-0.0883392,0.585636,-0.0603496,-0.0991241,-0.387696,-0.458136,-0.0883392,0.527073,-0.187811
1410,25.5379,0.566501,0,-0.37932,-0.00205724,0.50667,-0.0652416,-0.110964,-0.416513,-0.37932,-0.00205724,0.456003,-0.134533
1411,25.556,0.528737,0,-0.302336,0.0534352,0.424857,-0.0715757,-0.12483,-0.443278,-0.302336,0.0534352,0.382371,-0.0899148
1412,25.5741,0.494217,0,-0.230552,0.0852382,0.343691,-0.0795034,-0.141219,-0.467884,-0.230552,0.0852382,0.309322,-0.0554671
1413,25.5923,0.463045,0,-0.169244,0.0998084,0.264159,-0.0892455,-0.160703,-0.490139,-0.169244,0.0998084,0.237743,-0.031295
1414,25.6104,0.436525,0,-0.115989,0.103525,0.189404,-0.101095,-0.183945,-0.509739,-0.115989,0.103525,0.170464,-0.0153781
1415,25.6285,0.417171,0,-0.0730159,0.101495,0.123556,-0.11542,-0.211705,-0.526216,-0.0730159,0.101495,0.1112,-0.00631506
1416,25.6466,0.404957,0,-0.0388018,0.0974351,0.0661086,-0.13267,-0.244835,-0.538879,-0.0388018,0.0974351,0.0594977,-0.00179559
1417,25.6647,0.399373,0,-0.0103124,0.0943127,0.0142726,-0.153373,-0.284259,-0.54672,-0.0103124,0.0943127,0.0128454,-0.000103029
1418,25.6828,0.40038,0,0.0121796,0.0936516,-0.0340685,-0.178134,-0.330912,-0.548305,0.0121796,0.0936516,-0.0306616,-0.000290457
1419,25.7009,0.408442,0,0.0295585,0.0931695,-0.0779376,-0.207605,-0.385603,-0.541623,0.0295585,0.0931695,-0.0701439,-0.0016126
1420,25.719,0.425545,0,0.0439021,0.0954705,-0.117674,-0.242441,-0.448789,-0.523943,0.0439021,0.0954705,-0.105907,-0.00361631
1421,25.7372,0.453417,0,0.0575461,0.102525,-0.155659,-0.283196,-0.520162,-0.491688,0.0575461,0.102525,-0.140093,-0.00627028
1422,25.7553,0.492972,0,0.0705187,0.113685,-0.191472,-0.33015,-0.598027,-0.440461,0.0705187,0.113685,-0.172325,-0.00945165
1423,25.7734,0.543602,0,0.0830366,0.127378,-0.224167,-0.383027,-0.678445,-0.365395,0.0830366,0.127378,-0.20175,-0.0130299
1424,25.7915,0.603873,0,0.0954111,0.14383,-0.251912,-0.440602,-0.754263,-0.262145,0.0954111,0.14383,-0.226721,-0.0168246
1425,25.8096,0.670595,0,0.108997,0.163609,-0.274485,-0.500219,-0.814515,-0.128799,0.108997,0.163609,-0.247036,-0.0209426
1426,25.8277,0.738812,0,0.124166,0.188283,-0.29308,-0.557393,-0.845056,0.0312862,0.124166,0.188283,-0.263772,-0.0254735
1427,25.8458,0.800826,0,0.141741,0.218063,-0.306557,-0.605805,-0.831571,0.206676,0.141741,0.218063,-0.275901,-0.0304163
1428,25.8639,0.847351,0,0.161752,0.252064,-0.315165,-0.638101,-0.765185,0.377259,0.161752,0.252064,-0.283648,-0.0356849
1429,25.882,0.870581,0,0.184925,0.290312,-0.317773,-0.647658,-0.648577,0.518305,0.184925,0.290312,-0.285996,-0.0411348
1430,25.9002,0.867123,0,0.212198,0.335065,-0.313387,-0.630844,-0.498111,0.609004,0.212198,0.335065,-0.282048,-0.0465501
1431,25.9183,0.836402,0,0.243346,0.385069,-0.298617,-0.588587,-0.338828,0.640832,0.243346,0.385069,-0.268756,-0.0508672
1432,25.9364,0.782078,0,0.276638,0.437012,-0.269747,-0.526231,-0.194684,0.619803,0.276638,0.437012,-0.242772,-0.0522356
1433,25.9545,0.713887,0,0.313127,0.488801,-0.225749,-0.451724,-0.0805983,0.561456,0.313127,0.488801,-0.203174,-0.0494816
1434,25.9726,0.642612,0,0.352725,0.538681,-0.165801,-0.37324,-0.000561822,0.483077,0.352725,0.538681,-0.149221,-0.0409374
1435,25.9907,0.575882,0,0.393647,0.5809,-0.0862898,-0.297395,0.0492844,0.398236,0.393647,0.5809,-0.0776609,-0.0237774
1436,26.0088,0.52169,0,0.434046,0.608916,0.00897901,-0.228523,0.0762522,0.315173,0.434046,0.608916,0.00808111,0.00272811
1437,26.0269,0.483262,0,0.470612,0.614384,0.116941,-0.168789,0.0878785,0.237708,0.470612,0.614384,0.105247,0.0385236
1438,26.0451,0.461309,0,0.498441,0.593916,0.230115,-0.118711,0.0903815,0.166907,0.498441,0.593916,0.207103,0.0802889
1439,26.0632,0.451522,0,0.514508,0.543778,0.33354,-0.0777436,0.0882964,0.102478,0.514508,0.543778,0.300186,0.120126
1440,26.0813,0.446761,0,0.516211,0.467002,0.415025,-0.0447613,0.0846714,0.043652,0.516211,0.467002,0.373522,0.149968
1441,26.0994,0.441621,0,0.502036,0.37186,0.469086,-0.0184013,0.0814311,-0.0103771,0.502036,0.37186,0.422177,0.164849
1442,26.1175,0.434189,0,0.473174,0.276077,0.492607,0.00272387,0.0797268,-0.0602804,0.473174,0.276077,0.443347,0.163162
1443,26.1356,0.419368,0,0.43167,0.184381,0.482692,0.019909,0.0802166,-0.106553,0.43167,0.184381,0.434422,0.145855
1444,26.1537,0.400743,0,0.382584,0.108117,0.45036,0.0343037,0.0832692,-0.149531,0.382584,0.108117,0.405324,0.12061
1445,26.1718,0.378734,0,0.330638,0.0507753,0.400791,0.0469005,0.0891067,-0.189413,0.330638,0.0507753,0.360712,0.0927618
1446,26.19,0.355309,0,0.278712,0.0105026,0.341707,0.0585465,0.0978999,-0.226291,0.278712,0.0105026,0.307537,0.0666666
1447,26.2081,0.33476,0,0.231525,-0.0148226,0.282574,0.0699661,0.109829,-0.260154,0.231525,-0.0148226,0.254317,0.0457961
1448,26.2262,0.316148,0,0.189372,-0.0289881,0.223428,0.0817895,0.125124,-0.290891,0.189372,-0.0289881,0.201085,0.0296177
1449,26.2443,0.298862,0,0.152921,-0.0339656,0.164267,0.0945801,0.14408,-0.318279,0.152921,-0.0339656,0.147841,0.017584
1450,26.2624,0.284305,0,0.122792,-0.032349,0.108075,0.10886,0.167066,-0.341956,0.122792,-0.032349,0.0972678,0.00928957
1451,26.2805,0.272971,0,0.0980747,-0.0285507,0.0546099,0.125128,0.194512,-0.361384,0.0980747,-0.0285507,0.0491489,0.0037491
1452,26.2986,0.26537,0,0.0789867,-0.0226099,0.00473302,0.143877,0.226881,-0.375802,0.0789867,-0.0226099,0.00425972,0.000261692
1453,26.3167,0.261843,0,0.0650984,-0.0153903,-0.0418375,0.165591,0.264612,-0.384162,0.0650984,-0.0153903,-0.0376538,-0.00190649
1454,26.3348,0.263172,0,0.054401,-0.0076146,-0.0857909,0.190737,0.30802,-0.385066,0.054401,-0.0076146,-0.0772118,-0.00326698
1455,26.353,0.270233,0,0.0468578,-0.000275323,-0.128816,0.219731,0.357139,-0.376703,0.0468578,-0.000275323,-0.115934,-0.00422523
1456,26.3711,0.28382,0,0.0423613,0.00800637,-0.17094,0.252874,0.411478,-0.35683,0.0423613,0.00800637,-0.153846,-0.00506887
1457,26.3892,0.305556,0,0.0400951,0.0168088,-0.211428,0.290252,0.469691,-0.32284,0.0400951,0.0168088,-0.190285,-0.00593405
1458,26.4073,0.334855,0,0.0402349,0.0281409,-0.249709,0.331574,0.529148,-0.272004,0.0402349,0.0281409,-0.224738,-0.0070329
1459,26.4254,0.372244,0,0.0426603,0.0399948,-0.285677,0.375975,0.585521,-0.202017,0.0426603,0.0399948,-0.257109,-0.00853095
1460,26.4435,0.415226,0,0.0468821,0.0539412,-0.316642,0.421779,0.632541,-0.111919,0.0468821,0.0539412,-0.284978,-0.0103914
1461,26.4616,0.461743,0,0.0526969,0.0689294,-0.344618,0.466313,0.662308,-0.00337752,0.0526969,0.0689294,-0.310156,-0.0127122
1462,26.4797,0.507988,0,0.0605393,0.0851487,-0.369673,0.505894,0.666514,0.118003,0.0605393,0.0851487,-0.332706,-0.0156658
1463,26.4979,0.549113,0,0.0701646,0.104303,-0.391754,0.536136,0.638771,0.242115,0.0701646,0.104303,-0.352578,-0.0192411
1464,26.516,0.580643,0,0.0818165,0.128167,-0.411266,0.552701,0.577472,0.355437,0.0818165,0.128167,-0.37014,-0.0235539
1465,26.5341,0.599647,0,0.0961036,0.155547,-0.427715,0.552361,0.487759,0.444176,0.0961036,0.155547,-0.384943,-0.0287735
1466,26.5522,0.604279,0,0.113247,0.187424,-0.440149,0.534023,0.381025,0.498427,0.113247,0.187424,-0.396134,-0.0348918
1467,26.5703,0.594918,0,0.1332,0.224317,-0.446898,0.499197,0.27162,0.515179,0.1332,0.224317,-0.402208,-0.0416689
1468,26.5884,0.575023,0,0.157185,0.267124,-0.448288,0.451644,0.172407,0.49843,0.157185,0.267124,-0.403459,-0.0493249
1469,26.6065,0.548253,0,0.185268,0.316906,-0.441366,0.396366,0.0915714,0.456635,0.185268,0.316906,-0.39723,-0.0572397
1470,26.6246,0.519358,0,0.217545,0.373725,-0.423952,0.338429,0.0318882,0.399293,0.217545,0.373725,-0.381557,-0.0645601
1471,26.6428,0.492969,0,0.25526,0.437789,-0.39329,0.28207,-0.00801958,0.33444,0.25526,0.437789,-0.353961,-0.0702739
1472,26.6609,0.473391,0,0.298444,0.50752,-0.346217,0.230269,-0.031747,0.267656,0.298444,0.50752,-0.311595,-0.0723284
1473,26.679,0.461806,0,0.345559,0.576599,-0.276796,0.184743,-0.0434792,0.202197,0.345559,0.576599,-0.249117,-0.0669547
1474,26.6971,0.46098,0,0.397454,0.639444,-0.181499,0.146161,-0.0470187,0.139638,0.397454,0.639444,-0.163349,-0.0504961
1475,26.7152,0.471136,0,0.449348,0.685036,-0.0617508,0.114456,-0.0453824,0.0805268,0.449348,0.685036,-0.0555757,-0.0194233
1476,26.7333,0.491083,0,0.497512,0.703536,0.0771334,0.0891023,-0.0407491,0.0248871,0.497512,0.703536,0.0694201,0.0268624
1477,26.7514,0.518594,0,0.537761,0.68733,0.229942,0.0693463,-0.034571,-0.0274777,0.537761,0.68733,0.206948,0.0865578
1478,26.7695,0.543685,0,0.563244,0.62529,0.371929,0.054363,-0.0277355,-0.076823,0.563244,0.62529,0.334736,0.146641
1479,26.7876,0.56098,0,0.568676,0.523342,0.486632,0.0433563,-0.0207199,-0.123392,0.568676,0.523342,0.437969,0.193715
1480,26.8058,0.566079,0,0.551833,0.394349,0.559478,0.0356165,-0.0137188,-0.167391,0.551833,0.394349,0.503531,0.216117
1481,26.8239,0.560135,0,0.513332,0.25994,0.589167,0.0305457,-0.00673901,-0.208988,0.513332,0.25994,0.530251,0.211707
1482,26.842,0.539345,0,0.459694,0.138691,0.568313,0.0276655,0.000333778,-0.248319,0.459694,0.138691,0.511482,0.182875
1483,26.8601,0.511686,0,0.395628,0.0409193,0.519612,0.0266128,0.00769186,-0.285491,0.395628,0.0409193,0.467651,0.143901
1484,26.8782,0.477966,0,0.327966,-0.0277292,0.449463,0.0271303,0.0155803,-0.320587,0.327966,-0.0277292,0.404516,0.103186
1485,26.8963,0.445176,0,0.261813,-0.0721735,0.375078,0.0290557,0.0242847,-0.353665,0.261813,-0.0721735,0.33757,0.0687402
1486,26.9144,0.41594,0,0.201463,-0.0984184,0.302872,0.0323113,0.0341287,-0.38476,0.201463,-0.0984184,0.272585,0.0427123
1487,26.9325,0.390343,0,0.150164,-0.110454,0.234168,0.0368963,0.0454776,-0.413874,0.150164,-0.110454,0.210752,0.0246145
1488,26.9507,0.367039,0,0.105838,-0.113515,0.167728,0.0428804,0.0587471,-0.440971,0.105838,-0.113515,0.150955,0.0124264
1489,26.9688,0.347696,0,0.0688318,-0.11271,0.106162,0.050402,0.074415,-0.465959,0.0688318,-0.11271,0.0955457,0.00511512
1490,26.9869,0.333037,0,0.0386894,-0.110531,0.0506475,0.0596676,0.0930338,-0.48867,0.0386894,-0.110531,0.0455828,0.00137167
1491,27.005,0.322859,0,0.0150347,-0.108123,0.000768891,0.0709546,0.115244,-0.508832,0.0150347,-0.108123,0.000692002,8.09204e-06
1492,27.0231,0.315126,0,-0.0028127,-0.104308,-0.0467482,0.0846152,0.141784,-0.526027,-0.0028127,-0.104308,-0.0420734,9.20421e-05
1493,27.0412,0.311598,0,-0.0177316,-0.102322,-0.0911934,0.101081,0.173488,-0.539626,-0.0177316,-0.102322,-0.0820741,0.0011319
1494,27.0593,0.313681,0,-0.030325,-0.102494,-0.131722,0.120864,0.211273,-0.548712,-0.030325,-0.102494,-0.11855,0.00279614
1495,27.0774,0.320653,0,-0.0399363,-0.103412,-0.170943,0.144554,0.256088,-0.551967,-0.0399363,-0.103412,-0.153849,0.00477879
1496,27.0956,0.334571,0,-0.0481832,-0.106296,-0.208907,0.172802,0.308803,-0.547539,-0.0481832,-0.106296,-0.188016,0.00704606
1497,27.1137,0.357408,0,-0.0558857,-0.11203,-0.246293,0.206275,0.370009,-0.53288,-0.0558857,-0.11203,-0.221664,0.00963499
1498,27.1318,0.39215,0,-0.0640228,-0.121345,-0.279291,0.245574,0.439656,-0.504616,-0.0640228,-0.121345,-0.251362,0.0125167
1499,27.1499,0.438277,0,-0.0726687,-0.132887,-0.309302,0.291079,0.516486,-0.45851,-0.0726687,-0.132887,-0.278372,0.0157336
1500,27.168,0.495878,0,-0.0823949,-0.147326,-0.338406,0.342697,0.59722,-0.389707,-0.0823949,-0.147326,-0.304566,0.0195181
1501,27.1861,0.564164,0,-0.0928312,-0.16547,-0.364892,0.399493,0.67558,-0.293529,-0.0928312,-0.16547,-0.328403,0.0237114
1502,27.2042,0.639638,0,-0.10501,-0.186069,-0.387743,0.459215,0.741508,-0.167149,-0.10501,-0.186069,-0.348969,0.0285017
1503,27.2223,0.716931,0,-0.118761,-0.209016,-0.407021,0.517844,0.781373,-0.0122603,-0.118761,-0.209016,-0.366319,0.0338368
1504,27.2404,0.789534,0,-0.134325,-0.236316,-0.422299,0.569446,0.780301,0.161899,-0.134325,-0.236316,-0.380069,0.0397077
1505,27.2586,0.848852,0,-0.152086,-0.268796,-0.433414,0.606737,0.727277,0.33709,-0.152086,-0.268796,-0.390072,0.0461412
1506,27.2767,0.886225,0,-0.173023,-0.307029,-0.438965,0.62263,0.621582,0.48883,-0.173023,-0.307029,-0.395069,0.0531659
1507,27.2948,0.895923,0,-0.198551,-0.353067,-0.436434,0.612493,0.476446,0.594172,-0.198551,-0.353067,-0.392791,0.060658
1508,27.3129,0.87645,0,-0.228747,-0.405584,-0.425145,0.57604,0.315819,0.64087,-0.228747,-0.405584,-0.382631,0.0680755
1509,27.331,0.830731,0,-0.263212,-0.464151,-0.40019,0.517669,0.165124,0.631596,-0.263212,-0.464151,-0.360171,0.0737344
1510,27.3491,0.766713,0,-0.302204,-0.527798,-0.357911,0.444972,0.0421218,0.580421,-0.302204,-0.527798,-0.32212,0.0757134
1511,27.3672,0.694591,0,-0.345626,-0.593053,-0.296121,0.366343,-0.0466128,0.505051,-0.345626,-0.593053,-0.266508,0.0716428
1512,27.3853,0.624941,0,-0.39327,-0.656026,-0.212786,0.288946,-0.103479,0.420402,-0.39327,-0.656026,-0.191508,0.0585777
1513,27.4035,0.566735,0,-0.443047,-0.708474,-0.109494,0.217724,-0.135396,0.336073,-0.443047,-0.708474,-0.0985448,0.0339578
1514,27.4216,0.524246,0,-0.491328,-0.739221,0.0133457,0.155347,-0.150131,0.256832,-0.491328,-0.739221,0.0120111,-0.00458996
1515,27.4397,0.501062,0,-0.533941,-0.743359,0.153097,0.10268,-0.154349,0.184258,-0.533941,-0.743359,0.137787,-0.0572214
1516,27.4578,0.49261,0,-0.566392,-0.706719,0.290994,0.0593767,-0.153029,0.11827,-0.566392,-0.706719,0.261895,-0.115372
1517,27.4759,0.491324,0,-0.58162,-0.628924,0.414724,0.0244041,-0.149568,0.0581412,-0.58162,-0.628924,0.373252,-0.168848
1518,27.494,0.490774,0,-0.577963,-0.519793,0.50607,-0.00357929,-0.146141,0.00303628,-0.577963,-0.519793,0.455463,-0.204743
1519,27.5121,0.483571,0,-0.551849,-0.393971,0.554341,-0.0259803,-0.144063,-0.0477653,-0.551849,-0.393971,0.498907,-0.214139
1520,27.5302,0.469238,0,-0.509523,-0.273872,0.558741,-0.0441331,-0.144095,-0.0948059,-0.509523,-0.273872,0.502867,-0.199284
1521,27.5484,0.445229,0,-0.453041,-0.171276,0.524111,-0.0592337,-0.14666,-0.138458,-0.453041,-0.171276,0.4717,-0.166211
1522,27.5665,0.417508,0,-0.39076,-0.0925053,0.467574,-0.0723197,-0.152008,-0.17895,-0.39076,-0.0925053,0.420816,-0.127896
1523,27.5846,0.390469,0,-0.328293,-0.0378983,0.40237,-0.084278,-0.160318,-0.216394,-0.328293,-0.0378983,0.362133,-0.0924666
1524,27.6027,0.365554,0,-0.2692,-0.00219424,0.33409,-0.0958659,-0.171765,-0.250795,-0.2692,-0.00219424,0.300681,-0.0629558
1525,27.6208,0.342103,0,-0.215581,0.0171965,0.263793,-0.107739,-0.186568,-0.282059,-0.215581,0.0171965,0.237414,-0.0398082
1526,27.6389,0.322172,0,-0.168125,0.0249891,0.196203,-0.120479,-0.205005,-0.309976,-0.168125,0.0249891,0.176583,-0.0230907
1527,27.657,0.307915,0,-0.129486,0.0256524,0.135221,-0.134619,-0.227428,-0.334202,-0.129486,0.0256524,0.121699,-0.0122565
1528,27.6751,0.298319,0,-0.0991676,0.0224651,0.0790892,-0.150666,-0.254249,-0.354224,-0.0991676,0.0224651,0.0711803,-0.00549016
1529,27.6932,0.292759,0,-0.0740614,0.0181276,0.0252096,-0.169113,-0.285916,-0.36931,-0.0740614,0.0181276,0.0226887,-0.00130694
1530,27.7114,0.292436,0,-0.0546078,0.0129168,-0.0243912,-0.190444,-0.322858,-0.378453,-0.0546078,0.0129168,-0.0219521,0.000932365
1531,27.7295,0.29791,0,-0.0398415,0.00808621,-0.0704039,-0.215126,-0.365393,-0.380306,-0.0398415,0.00808621,-0.0633635,0.0019635
1532,27.7476,0.309995,0,-0.0282712,0.00447847,-0.113957,-0.243575,-0.413575,-0.373124,-0.0282712,0.00447847,-0.102561,0.00225519
1533,27.7657,0.329739,0,-0.0187269,0.00256312,-0.156035,-0.276101,-0.466967,-0.354737,-0.0187269,0.00256312,-0.140432,0.00204544
1534,27.7838,0.357137,0,-0.0116034,0.00123687,-0.197305,-0.312807,-0.524324,-0.322612,-0.0116034,0.00123687,-0.177574,0.00160259
1535,27.8019,0.393348,0,-0.00598909,0.00162434,-0.236072,-0.353446,-0.583181,-0.274073,-0.00598909,0.00162434,-0.212465,0.0009897
1536,27.82,0.437931,0,-0.00117583,0.00410031,-0.272752,-0.39722,-0.639444,-0.206798,-0.00117583,0.00410031,-0.245477,0.000224498
1537,27.8381,0.488785,0,0.00384077,0.00749309,-0.306652,-0.442559,-0.687132,-0.119691,0.00384077,0.00749309,-0.275986,-0.000824444
1538,27.8563,0.543175,0,0.00860294,0.0123047,-0.338643,-0.486929,-0.718613,-0.0141053,0.00860294,0.0123047,-0.304779,-0.00203933
1539,27.8744,0.596657,0,0.0131995,0.0178271,-0.367964,-0.526795,-0.7257,0.104869,0.0131995,0.0178271,-0.331168,-0.00339987
1540,27.8925,0.644833,0,0.0179506,0.0257643,-0.39391,-0.557892,-0.701825,0.227738,0.0179506,0.0257643,-0.354519,-0.00494966
1541,27.9106,0.682803,0,0.0236721,0.0355546,-0.417644,-0.575907,-0.644813,0.341478,0.0236721,0.0355546,-0.375879,-0.00692055
1542,27.9287,0.706943,0,0.0304506,0.0475819,-0.440402,-0.577506,-0.558969,0.432404,0.0304506,0.0475819,-0.396362,-0.00938735
1543,27.9468,0.714751,0,0.0381325,0.0614646,-0.461965,-0.561352,-0.454887,0.490193,0.0381325,0.0614646,-0.415768,-0.0123311
1544,27.9649,0.706831,0,0.0471479,0.0783483,-0.482328,-0.528646,-0.346511,0.511042,0.0471479,0.0783483,-0.434095,-0.0159185
1545,27.983,0.6856,0,0.057744,0.098237,-0.501276,-0.482868,-0.24682,0.498131,0.057744,0.098237,-0.451148,-0.020262
1546,28.0012,0.654846,0,0.0704352,0.121929,-0.517943,-0.428853,-0.164485,0.459375,0.0704352,0.121929,-0.466149,-0.025537
1547,28.0193,0.618341,0,0.0854656,0.15064,-0.530688,-0.371629,-0.102863,0.404105,0.0854656,0.15064,-0.477619,-0.0317489
1548,28.0374,0.580627,0,0.103912,0.186165,-0.539514,-0.315498,-0.0610387,0.340468,0.103912,0.186165,-0.485563,-0.0392433
1549,28.0555,0.544871,0,0.126553,0.229471,-0.54314,-0.263562,-0.0356867,0.274268,0.126553,0.229471,-0.488826,-0.0481151
1550,28.0736,0.513268,0,0.153329,0.280788,-0.539726,-0.217666,-0.0227224,0.208991,0.153329,0.280788,-0.485753,-0.0579289
1551,28.0917,0.487741,0,0.18504,0.339549,-0.526934,-0.178596,-0.0183385,0.146386,0.18504,0.339549,-0.47424,-0.0682525
1552,28.1098,0.471245,0,0.22221,0.406954,-0.503252,-0.146369,-0.0194639,0.0871142,0.22221,0.406954,-0.452926,-0.0782793
1553,28.1279,0.465121,0,0.265662,0.482765,-0.461899,-0.120522,-0.023852,0.0312672,0.265662,0.482765,-0.415709,-0.0858964
1554,28.146,0.472003,0,0.315353,0.563412,-0.400051,-0.100338,-0.0299877,-0.0213169,0.315353,0.563412,-0.360046,-0.0883101
1555,28.1642,0.493282,0,0.371228,0.644749,-0.309909,-0.0850106,-0.036934,-0.0708765,0.371228,0.644749,-0.278918,-0.0805329
1556,28.1823,0.528909,0,0.431384,0.716941,-0.186682,-0.0737543,-0.0441779,-0.117646,0.431384,0.716941,-0.168014,-0.0563723
1557,28.2004,0.576889,0,0.492068,0.76726,-0.0324171,-0.0658605,-0.0515027,-0.161829,0.492068,0.76726,-0.0291754,-0.011166
1558,28.2185,0.629421,0,0.547166,0.776297,0.144887,-0.0607304,-0.0588903,-0.203589,0.547166,0.776297,0.130399,0.0554942
1559,28.2366,0.678246,0,0.588441,0.731357,0.327747,-0.0578832,-0.0664528,-0.243058,0.588441,0.731357,0.294972,0.135002
1560,28.2547,0.713899,0,0.608263,0.628828,0.489031,-0.0569543,-0.0743877,-0.280337,0.608263,0.628828,0.440128,0.208222
1561,28.2728,0.730923,0,0.602368,0.481059,0.60589,-0.0576867,-0.0829512,-0.315503,0.602368,0.481059,0.545301,0.255478
1562,28.2909,0.726087,0,0.56879,0.315493,0.661303,-0.0599208,-0.0924455,-0.348605,0.56879,0.315493,0.595173,0.2633
1563,28.3091,0.70041,0,0.511146,0.159064,0.65601,-0.0635849,-0.103215,-0.379662,0.511146,0.159064,0.590409,0.234722
1564,28.3272,0.662742,0,0.438132,0.0286488,0.611142,-0.0686867,-0.115652,-0.40866,0.438132,0.0286488,0.550028,0.187432
1565,28.3453,0.61495,0,0.357481,-0.0681589,0.53572,-0.0753087,-0.130201,-0.435534,0.357481,-0.0681589,0.482148,0.134057
1566,28.3634,0.562865,0,0.277174,-0.127798,0.44533,-0.083605,-0.147374,-0.460157,0.277174,-0.127798,0.400797,0.0864037
1567,28.3815,0.516524,0,0.202868,-0.163773,0.361702,-0.0938019,-0.167761,-0.482313,0.202868,-0.163773,0.325532,0.0513646
1568,28.3996,0.475021,0,0.138277,-0.179552,0.283842,-0.1062,-0.19204,-0.501659,0.138277,-0.179552,0.255458,0.0274742
1569,28.4177,0.438713,0,0.0843477,-0.181925,0.212829,-0.121175,-0.220982,-0.51768,0.0843477,-0.181925,0.191546,0.0125661
1570,28.4358,0.40724,0,0.0398588,-0.179967,0.148454,-0.139186,-0.255442,-0.529616,0.0398588,-0.179967,0.133608,0.00414204
1571,28.454,0.380751,0,0.00337675,-0.176735,0.0910547,-0.160766,-0.296328,-0.536375,0.00337675,-0.176735,0.0819492,0.000215229
1572,28.4721,0.357958,0,-0.025946,-0.173813,0.0375945,-0.186518,-0.344525,-0.536406,-0.025946,-0.173813,0.033835,-0.000682799
1573,28.4902,0.340008,0,-0.0488796,-0.172518,-0.0113878,-0.217082,-0.400743,-0.527564,-0.0488796,-0.172518,-0.010249,0.000389642
1574,28.5083,0.328445,0,-0.0674792,-0.17324,-0.0553997,-0.253073,-0.465249,-0.506968,-0.0674792,-0.17324,-0.0498597,0.00261683
1575,28.5264,0.324415,0,-0.0838114,-0.176267,-0.0957914,-0.294971,-0.537419,-0.470913,-0.0838114,-0.176267,-0.0862123,0.00561989
1576,28.5445,0.329906,0,-0.0977897,-0.183446,-0.131911,-0.342918,-0.615079,-0.414962,-0.0977897,-0.183446,-0.11872,0.00902965
1577,28.5626,0.346284,0,-0.110764,-0.194026,-0.165513,-0.396428,-0.693627,-0.334433,-0.110764,-0.194026,-0.148962,0.012833
1578,28.5807,0.374514,0,-0.123623,-0.207784,-0.194036,-0.453966,-0.765156,-0.225559,-0.123623,-0.207784,-0.174633,0.0167912
1579,28.5988,0.412296,0,-0.136578,-0.225119,-0.218054,-0.512498,-0.818102,-0.0875919,-0.136578,-0.225119,-0.196248,0.020847
1580,28.617,0.45564,0,-0.150455,-0.244989,-0.237185,-0.567173,-0.83837,0.0743741,-0.150455,-0.244989,-0.213467,0.02498
1581,28.6351,0.498713,0,-0.166733,-0.269388,-0.255896,-0.611486,-0.812896,0.247034,-0.166733,-0.269388,-0.230307,0.0298664
1582,28.6532,0.535331,0,-0.184738,-0.297988,-0.270943,-0.63829,-0.73542,0.409264,-0.184738,-0.297988,-0.243848,0.0350373
1583,28.6713,0.558609,0,-0.205363,-0.330946,-0.279389,-0.641679,-0.611795,0.53724,-0.205363,-0.330946,-0.25145,0.0401634
1584,28.6894,0.565383,0,-0.228707,-0.369074,-0.280354,-0.619106,-0.460476,0.613071,-0.228707,-0.369074,-0.252319,0.0448832
1585,28.7075,0.557043,0,-0.254706,-0.413427,-0.272834,-0.572553,-0.306253,0.631808,-0.254706,-0.413427,-0.24555,0.0486447
1586,28.7256,0.537519,0,-0.284981,-0.462479,-0.253687,-0.507979,-0.170787,0.601865,-0.284981,-0.462479,-0.228318,0.050607
1587,28.7437,0.51338,0,-0.318788,-0.513778,-0.22055,-0.43334,-0.0661475,0.539174,-0.318788,-0.513778,-0.198495,0.049216
1588,28.7619,0.49105,0,-0.355537,-0.561515,-0.173797,-0.356363,0.00571626,0.459953,-0.355537,-0.561515,-0.156417,0.0432539
1589,28.78,0.475543,0,-0.393798,-0.603628,-0.113179,-0.283039,0.049509,0.376278,-0.393798,-0.603628,-0.101861,0.0311988
1590,28.7981,0.468551,0,-0.431914,-0.636572,-0.0360281,-0.217128,0.0725065,0.295172,-0.431914,-0.636572,-0.0324253,0.0108927
1591,28.8162,0.470707,0,-0.467804,-0.655477,0.0566394,-0.160378,0.0818056,0.219728,-0.467804,-0.655477,0.0509755,-0.0185473
1592,28.8343,0.478563,0,-0.498324,-0.650787,0.155432,-0.113051,0.0831136,0.150681,-0.498324,-0.650787,0.139889,-0.054219
1593,28.8524,0.488762,0,-0.520683,-0.619967,0.251568,-0.0744813,0.0805332,0.0876532,-0.520683,-0.619967,0.226411,-0.0916911
1594,28.8705,0.498581,0,-0.530599,-0.566156,0.338296,-0.0435121,0.0767957,0.0299002,-0.530599,-0.566156,0.304466,-0.12565
1595,28.8886,0.50554,0,-0.528091,-0.493842,0.407178,-0.0188021,0.0736123,-0.0233252,-0.528091,-0.493842,0.366461,-0.150519
1596,28.9068,0.505183,0,-0.510894,-0.407924,0.450127,0.000987134,0.0719987,-0.0726343,-0.510894,-0.407924,0.405114,-0.160977
1597,28.9249,0.496506,0,-0.480949,-0.320075,0.46236,0.0170913,0.0725306,-0.118477,-0.480949,-0.320075,0.416124,-0.15566
1598,28.943,0.479163,0,-0.440599,-0.240801,0.444396,0.0306003,0.0755303,-0.161158,-0.440599,-0.240801,0.399956,-0.13706
1599,28.9611,0.457498,0,-0.394846,-0.177131,0.407372,0.0424514,0.0811954,-0.200865,-0.394846,-0.177131,0.366635,-0.112594
1600,28.9792,0.434385,0,-0.347743,-0.129177,0.359994,0.0534434,0.0896855,-0.237684,-0.347743,-0.129177,0.323995,-0.08763
1601,28.9973,0.411726,0,-0.301321,-0.0954379,0.308254,0.0642603,0.101179,-0.271614,-0.301321,-0.0954379,0.277429,-0.0650185
1602,29.0154,0.390628,0,-0.258807,-0.0754943,0.253656,0.0754988,0.115907,-0.30256,-0.258807,-0.0754943,0.22829,-0.0459535
1603,29.0335,0.37204,0,-0.221019,-0.065612,0.198845,0.0876962,0.134175,-0.330326,-0.221019,-0.065612,0.178961,-0.030764
1604,29.0516,0.35754,0,-0.189388,-0.0634616,0.146064,0.101355,0.156364,-0.354585,-0.189388,-0.0634616,0.131458,-0.019364
1605,29.0698,0.346613,0,-0.163679,-0.0644828,0.0946747,0.116962,0.18293,-0.374846,-0.163679,-0.0644828,0.0852072,-0.0108474
1606,29.0879,0.338975,0,-0.142742,-0.0679426,0.0430274,0.135006,0.214378,-0.390404,-0.142742,-0.0679426,0.0387247,-0.00429926
1607,29.106,0.33739,0,-0.126323,-0.0747721,-0.00589975,0.155977,0.251214,-0.400279,-0.126323,-0.0747721,-0.00530977,0.000521694
1608,29.1241,0.34303,0,-0.114616,-0.0833802,-0.0514508,0.180362,0.293861,-0.403141,-0.114616,-0.0833802,-0.0463057,0.00412794
1609,29.1422,0.355896,0,-0.106576,-0.0924448,-0.0948386,0.20862,0.342514,-0.397242,-0.106576,-0.0924448,-0.0853548,0.00707529
1610,29.1603,0.377029,0,-0.101872,-0.101962,-0.135564,0.241123,0.396918,-0.380362,-0.101872,-0.101962,-0.122008,0.0096671
1611,29.1784,0.408082,0,-0.100153,-0.114415,-0.173426,0.278061,0.456044,-0.349842,-0.100153,-0.114415,-0.156083,0.0121584
1612,29.1965,0.447879,0,-0.100951,-0.127535,-0.208382,0.3193,0.517655,-0.302758,-0.100951,-0.127535,-0.187543,0.0147254
1613,29.2147,0.494897,0,-0.103099,-0.140795,-0.239706,0.36417,0.577826,-0.236377,-0.103099,-0.140795,-0.215735,0.0172994
1614,29.2328,0.54769,0,-0.107264,-0.154804,-0.26834,0.411226,0.630577,-0.149017,-0.107264,-0.154804,-0.241506,0.0201482
1615,29.2509,0.604806,0,-0.11386,-0.172422,-0.294554,0.458004,0.667948,-0.0413366,-0.11386,-0.172422,-0.265099,0.0234767
1616,29.269,0.661786,0,-0.123227,-0.193454,-0.317462,0.50093,0.680967,0.0821631,-0.123227,-0.193454,-0.285715,0.0273838
1617,29.2871,0.712737,0,-0.134903,-0.21756,-0.336651,0.535516,0.661842,0.212139,-0.134903,-0.21756,-0.302986,0.0317907
1618,29.3052,0.752264,0,-0.149223,-0.245245,-0.352433,0.557031,0.607055,0.33495,-0.149223,-0.245245,-0.31719,0.0368137
1619,29.3233,0.775621,0,-0.165983,-0.276947,-0.364659,0.561585,0.520022,0.435494,-0.165983,-0.276947,-0.328193,0.0423692
1620,29.3414,0.780148,0,-0.186168,-0.314398,-0.370716,0.547315,0.411425,0.501678,-0.186168,-0.314398,-0.333645,0.0483109
1621,29.3596,0.765796,0,-0.210432,-0.357786,-0.368954,0.515102,0.296307,0.528316,-0.210432,-0.357786,-0.332059,0.0543477
1622,29.3777,0.735196,0,-0.238528,-0.405811,-0.358043,0.468423,0.189241,0.518128,-0.238528,-0.405811,-0.322238,0.0597822
1623,29.3958,0.693729,0,-0.270381,-0.458852,-0.335983,0.412387,0.100282,0.479479,-0.270381,-0.458852,-0.302385,0.0635904
1624,29.4139,0.648252,0,-0.306837,-0.516393,-0.300984,0.352442,0.0335448,0.422626,-0.306837,-0.516393,-0.270886,0.064647
1625,29.432,0.604359,0,-0.346999,-0.575243,-0.250191,0.293311,-0.0117609,0.356636,-0.346999,-0.575243,-0.225172,0.0607711
1626,29.4501,0.567249,0,-0.390564,-0.630405,-0.181295,0.238421,-0.039232,0.287967,-0.390564,-0.630405,-0.163165,0.049565
1627,29.4682,0.540558,0,-0.435661,-0.675867,-0.0923984,0.189818,-0.0533663,0.220454,-0.435661,-0.675867,-0.0831585,0.028178
1628,29.4863,0.525808,0,-0.47911,-0.703322,0.0155531,0.148376,-0.0583674,0.155967,-0.47911,-0.703322,0.0139978,-0.00521615
1629,29.5044,0.523261,0,-0.517227,-0.706566,0.136051,0.114123,-0.0576201,0.0951643,-0.517227,-0.706566,0.122446,-0.0492585
1630,29.5226,0.529388,0,-0.54686,-0.67846,0.259631,0.0865518,-0.0535941,0.0380751,-0.54686,-0.67846,0.233668,-0.0993873
1631,29.5407,0.536918,0,-0.561485,-0.616434,0.370915,0.0648796,-0.0479546,-0.0155338,-0.561485,-0.616434,0.333823,-0.145784
1632,29.5588,0.541226,0,-0.560389,-0.526105,0.45725,0.048224,-0.0417384,-0.0659661,-0.560389,-0.526105,0.411525,-0.179366
1633,29.5769,0.537274,0,-0.541124,-0.41935,0.507717,0.03572,-0.0355276,-0.11351,-0.541124,-0.41935,0.456945,-0.192316
1634,29.595,0.523974,0,-0.506251,-0.311746,0.519912,0.0265848,-0.0295931,-0.158411,-0.506251,-0.311746,0.46792,-0.184244
1635,29.6131,0.502186,0,-0.458233,-0.215968,0.499752,0.0201488,-0.0240036,-0.200871,-0.458233,-0.215968,0.449777,-0.160302
1636,29.6312,0.474907,0,-0.403347,-0.139292,0.456321,0.0158641,-0.0187018,-0.241052,-0.403347,-0.139292,0.410689,-0.128839
1637,29.6493,0.444763,0,-0.34694,-0.0835442,0.398235,0.0133001,-0.0135557,-0.279092,-0.34694,-0.0835442,0.358411,-0.0967145
1638,29.6675,0.414471,0,-0.292198,-0.0460169,0.333992,0.0121326,-0.00838996,-0.315104,-0.292198,-0.0460169,0.300593,-0.0683144
1639,29.6856,0.385319,0,-0.242394,-0.0251206,0.26737,0.0121306,-0.00300309,-0.349185,-0.242394,-0.0251206,0.240633,-0.0453663
1640,29.7037,0.358789,0,-0.198124,-0.0156139,0.202718,0.0131432,0.00282552,-0.381419,-0.198124,-0.0156139,0.182446,-0.0281142
1641,29.7218,0.335666,0,-0.160626,-0.0128704,0.141884,0.0150888,0.0093354,-0.411873,-0.160626,-0.0128704,0.127696,-0.0159532
1642,29.7399,0.316103,0,-0.13042,-0.0146436,0.0854829,0.017946,0.0167897,-0.440599,-0.13042,-0.0146436,0.0769346,-0.00780407
1643,29.758,0.298677,0,-0.106486,-0.0197315,0.0315049,0.0217478,0.0254836,-0.46763,-0.106486,-0.0197315,0.0283544,-0.00234838
1644,29.7761,0.284087,0,-0.0887438,-0.0266851,-0.0187174,0.0265786,0.0357548,-0.492973,-0.0887438,-0.0266851,-0.0168457,0.00116274
1645,29.7942,0.272127,0,-0.0752083,-0.0337607,-0.065091,0.0325737,0.0479969,-0.516598,-0.0752083,-0.0337607,-0.0585819,0.00342677
1646,29.8124,0.262786,0,-0.0650292,-0.0404517,-0.10771,0.0399216,0.062674,-0.53843,-0.0650292,-0.0404517,-0.0969388,0.004903
1647,29.8305,0.255761,0,-0.0579533,-0.0479011,-0.147975,0.0488686,0.080337,-0.558323,-0.0579533,-0.0479011,-0.133178,0.00600296
1648,29.8486,0.250799,0,-0.053593,-0.0553458,-0.187174,0.0597256,0.10164,-0.576038,-0.053593,-0.0553458,-0.168456,0.00702184
1649,29.8667,0.24856,1,-0.0513645,-0.0625072,-0.225319,0.0728767,0.127354,-0.591192,-0.0513645,-0.0625072,-0.202787,0.00810138
1650,29.8848,0.250602,0,-0.0511468,-0.06961,-0.261383,0.0887879,0.158378,-0.603206,-0.0511468,-0.06961,-0.235245,0.00935822
1651,29.9029,0.257897,0,-0.0518308,-0.0769559,-0.295583,0.108015,0.19573,-0.611216,-0.0518308,-0.0769559,-0.266024,0.0107242
1652,29.921,0.272184,0,-0.05366,-0.0847166,-0.327069,0.131207,0.240514,-0.613952,-0.05366,-0.0847166,-0.294362,0.0122854
1653,29.9391,0.295153,0,-0.0568536,-0.0939843,-0.355988,0.159095,0.29383,-0.609587,-0.0568536,-0.0939843,-0.320389,0.0141674
1654,29.9572,0.327844,0,-0.06138,-0.104542,-0.382553,0.192467,0.35659,-0.595544,-0.06138,-0.104542,-0.344297,0.0164368
1655,29.9754,0.371162,0,-0.0670591,-0.116828,-0.408038,0.232087,0.429169,-0.568297,-0.0670591,-0.116828,-0.367235,0.0191539
1656,29.9935,0.426234,0,-0.0739466,-0.131403,-0.432042,0.278554,0.510822,-0.523236,-0.0739466,-0.131403,-0.388838,0.0223636
1657,30.0116,0.493632,0,-0.0825047,-0.148996,-0.453936,0.332053,0.598773,-0.454781,-0.0825047,-0.148996,-0.408542,0.0262163
1658,30.0297,0.572415,0,-0.0932199,-0.169696,-0.473791,0.391946,0.68702,-0.357049,-0.0932199,-0.169696,-0.426412,0.0309167
1659,30.0478,0.660283,0,-0.105976,-0.194855,-0.490608,0.456224,0.765137,-0.22553,-0.105976,-0.194855,-0.441548,0.0363949
1660,30.0659,0.752499,0,-0.121701,-0.225589,-0.503811,0.520899,0.817944,-0.060112,-0.121701,-0.225589,-0.45343,0.0429199
1661,30.084,0.840974,0,-0.140791,-0.262791,-0.512396,0.579637,0.827514,0.130975,-0.140791,-0.262791,-0.461157,0.0504985
1662,30.1021,0.914426,0,-0.163687,-0.306189,-0.514555,0.624168,0.778825,0.328389,-0.163687,-0.306189,-0.463099,0.0589581
1663,30.1203,0.962301,0,-0.190965,-0.357076,-0.509622,0.645918,0.668041,0.503704,-0.190965,-0.357076,-0.45866,0.0681238
1664,30.1384,0.976704,0,-0.223709,-0.417043,-0.494794,0.638747,0.508454,0.628361,-0.223709,-0.417043,-0.445315,0.0774831
1665,30.1565,0.954144,0,-0.261636,-0.484918,-0.465539,0.60151,0.327889,0.685762,-0.261636,-0.484918,-0.418985,0.0852613
1666,30.1746,0.900252,0,-0.305449,-0.559405,-0.419767,0.538812,0.157357,0.677884,-0.305449,-0.559405,-0.37779,0.0897522
1667,30.1927,0.825476,0,-0.355211,-0.63722,-0.353347,0.459341,0.0188531,0.621489,-0.355211,-0.63722,-0.318012,0.0878589
1668,30.2108,0.741995,0,-0.410463,-0.711237,-0.261325,0.372892,-0.0796405,0.538119,-0.410463,-0.711237,-0.235193,0.075085
1669,30.2289,0.661852,0,-0.46787,-0.773265,-0.140645,0.287806,-0.141343,0.445678,-0.46787,-0.773265,-0.12658,0.0460624
1670,30.247,0.594877,0,-0.523702,-0.809085,0.00675874,0.209741,-0.174859,0.355261,-0.523702,-0.809085,0.00608287,-0.0024777
1671,30.2652,0.548941,0,-0.572728,-0.809122,0.173094,0.141649,-0.189529,0.271982,-0.572728,-0.809122,0.155784,-0.069395
1672,30.2833,0.523058,0,-0.608679,-0.758453,0.341565,0.0843785,-0.193128,0.19718,-0.608679,-0.758453,0.307408,-0.145532
1673,30.3014,0.510146,0,-0.624281,-0.655952,0.486719,0.0374166,-0.191289,0.130359,-0.624281,-0.655952,0.438047,-0.212695
1674,30.3195,0.499139,0,-0.612868,-0.51413,0.586071,-0.000495497,-0.187754,0.0704175,-0.612868,-0.51413,0.527464,-0.251429
1675,30.3376,0.484954,0,-0.577563,-0.360057,0.629458,-0.0309269,-0.184855,0.0162429,-0.577563,-0.360057,0.566513,-0.254486
1676,30.3557,0.464082,0,-0.521671,-0.216844,0.620942,-0.0554894,-0.183967,-0.0330536,-0.521671,-0.216844,0.558847,-0.226749
1677,30.3738,0.435664,0,-0.450861,-0.0997017,0.570929,-0.0756913,-0.18587,-0.078095,-0.450861,-0.0997017,0.513836,-0.180187
1678,30.3919,0.405131,0,-0.375775,-0.0154025,0.498416,-0.0928728,-0.19099,-0.119265,-0.375775,-0.0154025,0.448574,-0.131105
1679,30.41,0.377249,0,-0.302233,0.0362213,0.420919,-0.108189,-0.199574,-0.156747,-0.302233,0.0362213,0.378827,-0.0890509
1680,30.4282,0.353155,0,-0.234002,0.06692,0.34242,-0.122624,-0.211795,-0.19056,-0.234002,0.06692,0.308178,-0.056089
1681,30.4463,0.332655,0,-0.17534,0.0812117,0.26421,-0.137011,-0.227817,-0.220569,-0.17534,0.0812117,0.237789,-0.0324286
1682,30.4644,0.317753,0,-0.124323,0.0857326,0.190401,-0.152064,-0.247824,-0.246487,-0.124323,0.0857326,0.171361,-0.0165699
1683,30.4825,0.309648,0,-0.0830805,0.0837503,0.124301,-0.168405,-0.272024,-0.267859,-0.0830805,0.0837503,0.111871,-0.00722892
1684,30.5006,0.308398,0,-0.0504217,0.0791634,0.0660286,-0.18658,-0.300628,-0.284038,-0.0504217,0.0791634,0.0594258,-0.00233049
1685,30.5187,0.314885,0,-0.0228817,0.076422,0.0144779,-0.207072,-0.3338,-0.294148,-0.0228817,0.076422,0.0130302,-0.000231896
1686,30.5368,0.32759,0,-0.00143575,0.0756296,-0.0332686,-0.230294,-0.37157,-0.297054,-0.00143575,0.0756296,-0.0299418,3.34359e-05
1687,30.5549,0.345955,0,0.0150535,0.0754308,-0.0768184,-0.256568,-0.413706,-0.291343,0.0150535,0.0754308,-0.0691366,-0.000809472
1688,30.5731,0.370356,0,0.0283447,0.0764507,-0.116134,-0.286078,-0.459535,-0.275343,0.0283447,0.0764507,-0.104521,-0.00230425
1689,30.5912,0.402484,0,0.0412686,0.0819241,-0.154141,-0.318793,-0.507712,-0.247219,0.0412686,0.0819241,-0.138727,-0.00445283
1690,30.6093,0.441875,0,0.0536627,0.0914117,-0.191307,-0.35436,-0.555956,-0.2052,0.0536627,0.0914117,-0.172176,-0.00718623
1691,30.6274,0.4869,0,0.0655041,0.103315,-0.226141,-0.391971,-0.600832,-0.147983,0.0655041,0.103315,-0.203527,-0.0103692
1692,30.6455,0.535436,0,0.0767288,0.117515,-0.256309,-0.430225,-0.637689,-0.0753687,0.0767288,0.117515,-0.230678,-0.0137664
1693,30.6636,0.585211,0,0.0887315,0.134149,-0.282849,-0.467042,-0.660967,0.0109589,0.0887315,0.134149,-0.254564,-0.0175684
1694,30.6817,0.633429,0,0.101649,0.154687,-0.305774,-0.499684,-0.665042,0.106707,0.101649,0.154687,-0.275197,-0.0217571
1695,30.6998,0.67673,0,0.116688,0.180344,-0.324287,-0.524996,-0.645654,0.204731,0.116688,0.180344,-0.291858,-0.0264883
1696,30.718,0.710821,0,0.134072,0.210732,-0.338096,-0.539881,-0.601576,0.295738,0.134072,0.210732,-0.304286,-0.0317304
1697,30.7361,0.732598,0,0.154389,0.245354,-0.347536,-0.541967,-0.535792,0.370098,0.154389,0.245354,-0.312782,-0.0375591
1698,30.7542,0.740722,0,0.178047,0.286194,-0.350705,-0.53025,-0.455374,0.420268,0.178047,0.286194,-0.315634,-0.0437095
1699,30.7723,0.735475,0,0.205809,0.333351,-0.346193,-0.505449,-0.369806,0.442765,0.205809,0.333351,-0.311573,-0.0498747
1700,30.7904,0.718902,0,0.238136,0.386646,-0.331642,-0.4699,-0.28843,0.438695,0.238136,0.386646,-0.298478,-0.055283
1701,30.8085,0.692386,0,0.273365,0.442783,-0.301957,-0.427009,-0.218231,0.412698,0.273365,0.442783,-0.271761,-0.0577812
1702,30.8266,0.660982,0,0.312005,0.499551,-0.255336,-0.380525,-0.16284,0.371029,0.312005,0.499551,-0.229803,-0.0557663
1703,30.8447,0.630258,0,0.353855,0.553767,-0.191061,-0.333874,-0.122797,0.319786,0.353855,0.553767,-0.171955,-0.0473254
1704,30.8628,0.604087,0,0.397724,0.60053,-0.105225,-0.289746,-0.0965528,0.263862,0.397724,0.60053,-0.0947028,-0.0292954
1705,30.881,0.586295,0,0.441459,0.63265,-0.000915952,-0.249954,-0.0815565,0.206645,0.441459,0.63265,-0.000824356,-0.000283048
1706,30.8991,0.576459,0,0.481194,0.639379,0.117586,-0.215496,-0.0750944,0.150206,0.481194,0.639379,0.105827,0.0396071
1707,30.9172,0.573398,0,0.511584,0.616281,0.241193,-0.18672,-0.0747681,0.0956673,0.511584,0.616281,0.217073,0.0863731
1708,30.9353,0.57207,0,0.52872,0.55924,0.352796,-0.163523,-0.0786938,0.043555,0.52872,0.55924,0.317517,0.130571
1709,30.9534,0.56782,0,0.529679,0.47316,0.440407,-0.145532,-0.085525,-0.00593205,0.529679,0.47316,0.396367,0.163292
1710,30.9715,0.55727,0,0.513599,0.368124,0.495538,-0.132241,-0.0943907,-0.0527518,0.513599,0.368124,0.445984,0.178155
1711,30.9896,0.540158,0,0.480673,0.262935,0.515878,-0.123116,-0.104804,-0.0969185,0.480673,0.262935,0.46429,0.173578
1712,31.0077,0.514528,0,0.434963,0.164796,0.501595,-0.11766,-0.116571,-0.13845,0.434963,0.164796,0.451436,0.152723
1713,31.0259,0.48455,0,0.381532,0.0842086,0.464226,-0.115454,-0.129719,-0.177339,0.381532,0.0842086,0.417803,0.123982
1714,31.044,0.451248,0,0.324846,0.0249525,0.409107,-0.116174,-0.144434,-0.213536,0.324846,0.0249525,0.368197,0.0930278
1715,31.0621,0.417554,0,0.269012,-0.0153374,0.345355,-0.119602,-0.161025,-0.246936,0.269012,-0.0153374,0.31082,0.0650334
1716,31.0802,0.387665,0,0.218752,-0.0395639,0.281716,-0.125621,-0.17989,-0.277362,0.218752,-0.0395639,0.253545,0.0431382
1717,31.0983,0.361485,0,0.174297,-0.0526887,0.219564,-0.134219,-0.201502,-0.304542,0.174297,-0.0526887,0.197608,0.0267886
1718,31.1164,0.33944,0,0.136608,-0.0558035,0.158739,-0.145474,-0.226386,-0.328078,0.136608,-0.0558035,0.142865,0.0151794
1719,31.1345,0.322702,0,0.105257,-0.0541233,0.101918,-0.159549,-0.255101,-0.34741,0.105257,-0.0541233,0.0917263,0.0075093
1720,31.1526,0.311188,0,0.0798619,-0.0497072,0.0478908,-0.176682,-0.288207,-0.361765,0.0798619,-0.0497072,0.0431017,0.00267726
1721,31.1708,0.306197,0,0.0601484,-0.0446394,-0.00161391,-0.197161,-0.326207,-0.370099,0.0601484,-0.0446394,-0.00145252,-6.7952e-05
1722,31.1889,0.308412,0,0.0455333,-0.0384235,-0.0476579,-0.221304,-0.36945,-0.371035,0.0455333,-0.0384235,-0.0428921,-0.00151901
1723,31.207,0.317536,0,0.0337002,-0.0322649,-0.091594,-0.249407,-0.417984,-0.36281,0.0337002,-0.0322649,-0.0824346,-0.00216071
1724,31.2251,0.334387,0,0.0253326,-0.0270278,-0.134001,-0.281677,-0.471325,-0.343262,0.0253326,-0.0270278,-0.120601,-0.00237622
1725,31.2432,0.36013,0,0.0198996,-0.0211962,-0.176364,-0.31812,-0.528139,-0.309903,0.0198996,-0.0211962,-0.158728,-0.00245671
1726,31.2613,0.395352,0,0.016476,-0.0144592,-0.216712,-0.358391,-0.585856,-0.260174,0.016476,-0.0144592,-0.195041,-0.00249938
1727,31.2794,0.438887,0,0.0150436,-0.00762777,-0.255355,-0.401593,-0.64029,-0.191959,0.0150436,-0.00762777,-0.229819,-0.00268902
1728,31.2975,0.488485,0,0.014954,-0.000992393,-0.291126,-0.446065,-0.685442,-0.104468,0.014954,-0.000992393,-0.262013,-0.00304745
1729,31.3156,0.541178,0,0.0164645,0.00592204,-0.323284,-0.489209,-0.713824,0.000567562,0.0164645,0.00592204,-0.290956,-0.00372591
1730,31.3338,0.593059,0,0.0188865,0.0135474,-0.353463,-0.527486,-0.717635,0.117713,0.0188865,0.0135474,-0.318116,-0.00467297
1731,31.3519,0.639233,0,0.0220133,0.0215829,-0.381737,-0.556718,-0.69093,0.237337,0.0220133,0.0215829,-0.343563,-0.0058823
1732,31.37,0.675098,0,0.0263266,0.0313775,-0.406947,-0.572792,-0.632248,0.346665,0.0263266,0.0313775,-0.366252,-0.00749945
1733,31.3881,0.697304,0,0.0320126,0.0434628,-0.430524,-0.572653,-0.546416,0.43268,0.0320126,0.0434628,-0.387472,-0.00964754
1734,31.4062,0.703913,0,0.0389637,0.058209,-0.452724,-0.555243,-0.444082,0.485948,0.0389637,0.058209,-0.407451,-0.0123479
1735,31.4243,0.695074,0,0.047569,0.0761255,-0.472766,-0.521955,-0.338726,0.503413,0.047569,0.0761255,-0.425489,-0.0157423
1736,31.4424,0.673334,0,0.0582629,0.0971829,-0.490671,-0.476308,-0.242576,0.48858,0.0582629,0.0971829,-0.441604,-0.0200116
1737,31.4605,0.642227,0,0.0703136,0.121068,-0.506241,-0.423034,-0.163597,0.449239,0.0703136,0.121068,-0.455617,-0.0249169
1738,31.4787,0.60677,0,0.0847333,0.149633,-0.519881,-0.366971,-0.104712,0.39433,0.0847333,0.149633,-0.467893,-0.0308359
1739,31.4968,0.570245,0,0.102621,0.183741,-0.52962,-0.312216,-0.0648718,0.331565,0.102621,0.183741,-0.476658,-0.0380449
1740,31.5149,0.535484,0,0.124088,0.224293,-0.534279,-0.261701,-0.0408266,0.266414,0.124088,0.224293,-0.480851,-0.0464082
1741,31.533,0.504556,0,0.14956,0.271595,-0.532068,-0.217155,-0.0286609,0.202164,0.14956,0.271595,-0.478861,-0.0557032
1742,31.5511,0.479618,0,0.179705,0.326454,-0.521243,-0.179302,-0.0247488,0.140474,0.179705,0.326454,-0.469119,-0.0655689
1743,31.5692,0.462401,0,0.21504,0.389264,-0.498494,-0.148139,-0.0261727,0.0819872,0.21504,0.389264,-0.448644,-0.0750373
1744,31.5873,0.455728,0,0.256648,0.461419,-0.459496,-0.12321,-0.0308022,0.0268063,0.256648,0.461419,-0.413546,-0.08255
1745,31.6054,0.461914,0,0.304228,0.539243,-0.4011,-0.103822,-0.0372043,-0.0252042,0.304228,0.539243,-0.36099,-0.0854181
1746,31.6236,0.48212,0,0.356948,0.617736,-0.318621,-0.0892028,-0.0444986,-0.0742555,0.356948,0.617736,-0.286759,-0.0796117
1747,31.6417,0.516438,0,0.415225,0.688894,-0.20436,-0.0785996,-0.0522121,-0.120558,0.415225,0.688894,-0.183924,-0.0593987
1748,31.6598,0.563358,0,0.474635,0.741559,-0.0580955,-0.0713396,-0.0601585,-0.164294,0.474635,0.741559,-0.052286,-0.0193019
1749,31.6779,0.615092,0,0.528509,0.756952,0.109731,-0.0668573,-0.0683459,-0.205608,0.528509,0.756952,0.0987575,0.0405955
1750,31.696,0.665425,0,0.571535,0.724868,0.285213,-0.0647042,-0.0769129,-0.244614,0.571535,0.724868,0.256691,0.114106
1751,31.7141,0.704149,0,0.595048,0.637936,0.445384,-0.0645472,-0.0860867,-0.281393,0.595048,0.637936,0.400846,0.185517
1752,31.7322,0.725787,0,0.594718,0.506494,0.56738,-0.0661607,-0.0961583,-0.315996,0.594718,0.506494,0.510642,0.236201
1753,31.7503,0.725765,0,0.566896,0.348212,0.635255,-0.0694182,-0.107472,-0.348441,0.566896,0.348212,0.57173,0.252087
1754,31.7684,0.704629,0,0.51601,0.195743,0.641633,-0.0742829,-0.120423,-0.37871,0.51601,0.195743,0.577469,0.231762
1755,31.7866,0.669693,0,0.449237,0.0639443,0.605575,-0.0808017,-0.135462,-0.40673,0.449237,0.0639443,0.545018,0.190433
1756,31.8047,0.623164,0,0.373183,-0.0344395,0.535734,-0.0891003,-0.153104,-0.432364,0.373183,-0.0344395,0.482161,0.139949
1757,31.8228,0.572493,0,0.295475,-0.100212,0.451207,-0.0993816,-0.173934,-0.45538,0.295475,-0.100212,0.406086,0.0933241
1758,31.8409,0.524278,0,0.222405,-0.138202,0.366705,-0.111926,-0.198622,-0.47542,0.222405,-0.138202,0.330035,0.0570898
1759,31.859,0.482768,0,0.158908,-0.156749,0.290572,-0.12709,-0.227916,-0.491947,0.158908,-0.156749,0.261515,0.032322
1760,31.8771,0.446048,0,0.104279,-0.161989,0.220012,-0.145312,-0.262637,-0.504177,0.104279,-0.161989,0.198011,0.0160599
1761,31.8952,0.412858,0,0.0595473,-0.161447,0.152156,-0.167099,-0.303634,-0.510994,0.0595473,-0.161447,0.136941,0.00634235
1762,31.9133,0.385542,0,0.021839,-0.160111,0.0917095,-0.19302,-0.351706,-0.510831,0.021839,-0.160111,0.0825385,0.00140199
1763,31.9315,0.365254,0,-0.0075366,-0.158557,0.0384322,-0.223668,-0.40744,-0.501546,-0.0075366,-0.158557,0.034589,-0.000202754
1764,31.9496,0.352362,0,-0.0309443,-0.156251,-0.0100142,-0.259594,-0.470935,-0.480301,-0.0309443,-0.156251,-0.0090128,0.000216918
1765,31.9677,0.34766,0,-0.0489047,-0.154786,-0.0568428,-0.30119,-0.541362,-0.443512,-0.0489047,-0.154786,-0.0511585,0.00194592
1766,31.9858,0.353706,0,-0.0649755,-0.156092,-0.09867,-0.348488,-0.616326,-0.38699,-0.0649755,-0.156092,-0.088803,0.00448779
1767,32.0039,0.371717,0,-0.0788432,-0.160269,-0.135958,-0.400874,-0.69106,-0.306476,-0.0788432,-0.160269,-0.122363,0.00750358
1768,32.022,0.400914,0,-0.0908565,-0.168118,-0.171031,-0.456696,-0.757681,-0.198834,-0.0908565,-0.168118,-0.153928,0.0108775
1769,32.0401,0.439572,0,-0.102358,-0.179261,-0.20391,-0.512859,-0.805042,-0.0640639,-0.102358,-0.179261,-0.183519,0.0146103
1770,32.0582,0.483352,0,-0.114037,-0.193374,-0.232199,-0.564592,-0.820027,0.0921386,-0.114037,-0.193374,-0.208979,0.0185355
1771,32.0764,0.52608,0,-0.126385,-0.21073,-0.257106,-0.605682,-0.791063,0.256478,-0.126385,-0.21073,-0.231395,0.0227459
1772,32.0945,0.561248,0,-0.140466,-0.231981,-0.279653,-0.629506,-0.713404,0.408874,-0.140466,-0.231981,-0.251688,0.0274972
1773,32.1126,0.583603,0,-0.156498,-0.258217,-0.299766,-0.630795,-0.593576,0.527492,-0.156498,-0.258217,-0.26979,0.032839
1774,32.1307,0.589491,0,-0.174264,-0.288167,-0.31387,-0.607513,-0.449272,0.596536,-0.174264,-0.288167,-0.282483,0.0382874
1775,32.1488,0.578722,0,-0.194564,-0.321984,-0.320318,-0.561807,-0.303365,0.612176,-0.194564,-0.321984,-0.288286,0.0436257
1776,32.1669,0.556399,0,-0.218247,-0.362194,-0.320173,-0.49939,-0.175482,0.582509,-0.218247,-0.362194,-0.288156,0.0489139
1777,32.185,0.529094,0,-0.245724,-0.409314,-0.312005,-0.427719,-0.0764767,0.522213,-0.245724,-0.409314,-0.280805,0.053667
1778,32.2031,0.501494,0,-0.277188,-0.460512,-0.291358,-0.353988,-0.00808375,0.446137,-0.277188,-0.460512,-0.262222,0.0565325
1779,32.2212,0.479081,0,-0.312455,-0.514569,-0.256547,-0.283781,0.0339694,0.365416,-0.312455,-0.514569,-0.230892,0.0561116
1780,32.2394,0.465285,0,-0.35074,-0.56811,-0.205919,-0.220624,0.0563318,0.286638,-0.35074,-0.56811,-0.185327,0.0505567
1781,32.2575,0.461793,0,-0.391523,-0.615935,-0.140109,-0.166184,0.0655515,0.212818,-0.391523,-0.615935,-0.126098,0.038399
1782,32.2756,0.468288,0,-0.432869,-0.653552,-0.0585302,-0.120743,0.0669497,0.144782,-0.432869,-0.653552,-0.0526771,0.0177351
1783,32.2937,0.48351,0,-0.471947,-0.676441,0.0400729,-0.083705,0.0643917,0.0822906,-0.471947,-0.676441,0.0360656,-0.0132386
1784,32.3118,0.503805,0,-0.5059,-0.675706,0.148354,-0.0540028,0.0604749,0.0247216,-0.5059,-0.675706,0.133519,-0.0525367
1785,32.3299,0.52418,0,-0.531448,-0.645431,0.254352,-0.0303876,0.0568384,-0.0285811,-0.531448,-0.645431,0.228917,-0.0946224
1786,32.348,0.541188,0,-0.543798,-0.587009,0.350713,-0.0116056,0.0544589,-0.078173,-0.543798,-0.587009,0.315642,-0.133502
1787,32.3661,0.552945,0,-0.541996,-0.50789,0.426957,0.00350382,0.0538873,-0.124478,-0.541996,-0.50789,0.384261,-0.161986
1788,32.3843,0.554631,0,-0.524292,-0.41346,0.473386,0.0159649,0.055424,-0.167797,-0.524292,-0.41346,0.426047,-0.173735
1789,32.4024,0.545451,0,-0.49205,-0.317177,0.485782,0.0266574,0.0592421,-0.208337,-0.49205,-0.317177,0.437204,-0.167321
1790,32.4205,0.526305,0,-0.448542,-0.231443,0.466336,0.0363278,0.0654712,-0.246219,-0.448542,-0.231443,0.419703,-0.14642
1791,32.4386,0.501122,0,-0.398909,-0.162633,0.425363,0.045611,0.0742532,-0.281501,-0.398909,-0.162633,0.382827,-0.118777
1792,32.4567,0.474618,0,-0.348109,-0.11158,0.37452,0.0550571,0.0857786,-0.314169,-0.348109,-0.11158,0.337068,-0.0912617
1793,32.4748,0.448449,0,-0.2985,-0.0761361,0.319144,0.065157,0.100309,-0.344137,-0.2985,-0.0761361,0.287229,-0.0666851
1794,32.4929,0.423213,0,-0.25283,-0.0555455,0.260255,0.076368,0.118191,-0.37123,-0.25283,-0.0555455,0.234229,-0.0460601
1795,32.511,0.400853,0,-0.212415,-0.0456636,0.202086,0.089136,0.139864,-0.395154,-0.212415,-0.0456636,0.181877,-0.0300483
1796,32.5292,0.382879,0,-0.178855,-0.0441921,0.146419,0.103914,0.165852,-0.415464,-0.178855,-0.0441921,0.131777,-0.0183313
1797,32.5473,0.368758,0,-0.151597,-0.0453784,0.0928155,0.121174,0.196754,-0.431508,-0.151597,-0.0453784,0.0835339,-0.00984939
1798,32.5654,0.358622,0,-0.129697,-0.0495004,0.0397184,0.141418,0.233207,-0.442362,-0.129697,-0.0495004,0.0357466,-0.00360595
1799,32.5835,0.35518,0,-0.112528,-0.0566756,-0.00994294,0.165168,0.27581,-0.446745,-0.112528,-0.0566756,-0.00894865,0.000783199
1800,32.6016,0.359363,0,-0.099968,-0.0651536,-0.0564019,0.192948,0.325008,-0.442925,-0.099968,-0.0651536,-0.0507617,0.00394687
1801,32.6197,0.37165,0,-0.0913224,-0.0736123,-0.100605,0.225238,0.380873,-0.428636,-0.0913224,-0.0736123,-0.0905448,0.00643127
1802,32.6378,0.393131,0,-0.085897,-0.0821206,-0.142528,0.262385,0.442787,-0.401039,-0.085897,-0.0821206,-0.128275,0.0085699
1803,32.6559,0.425215,0,-0.083224,-0.0922687,-0.181801,0.30446,0.508974,-0.356819,-0.083224,-0.0922687,-0.163621,0.0105911
1804,32.674,0.46748,0,-0.0830638,-0.103477,-0.217848,0.351046,0.575921,-0.292543,-0.0830638,-0.103477,-0.196063,0.0126667
1805,32.6922,0.517369,0,-0.0840826,-0.114364,-0.250098,0.400956,0.637804,-0.205456,-0.0840826,-0.114364,-0.225088,0.0147202
1806,32.7103,0.572842,0,-0.0869166,-0.125894,-0.28063,0.451922,0.686253,-0.0948435,-0.0869166,-0.125894,-0.252567,0.0170739
1807,32.7284,0.630978,0,-0.0918424,-0.140385,-0.3086,0.500371,0.710993,0.0361297,-0.0918424,-0.140385,-0.27774,0.0198398
1808,32.7465,0.686039,0,-0.0991737,-0.157724,-0.333558,0.54149,0.701943,0.178763,-0.0991737,-0.157724,-0.300203,0.0231561
1809,32.7646,0.73109,0,-0.108419,-0.177355,-0.355447,0.569805,0.652794,0.318604,-0.108419,-0.177355,-0.319902,0.0269759
1810,32.7827,0.760468,0,-0.119625,-0.199718,-0.374717,0.580352,0.564803,0.437981,-0.119625,-0.199718,-0.337245,0.0313777
1811,32.8008,0.770819,0,-0.133115,-0.22632,-0.39133,0.570156,0.44836,0.521196,-0.133115,-0.22632,-0.352197,0.0364642
1812,32.8189,0.761226,0,-0.149418,-0.257539,-0.404365,0.53935,0.320443,0.559964,-0.149418,-0.257539,-0.363929,0.0422937
1813,32.8371,0.733845,0,-0.168916,-0.293927,-0.412182,0.491292,0.198858,0.55574,-0.168916,-0.293927,-0.370964,0.0487369
1814,32.8552,0.693756,0,-0.192353,-0.336307,-0.413575,0.431578,0.0966501,0.517635,-0.192353,-0.336307,-0.372217,0.0556865
1815,32.8733,0.646796,0,-0.219913,-0.38488,-0.406815,0.366485,0.01965,0.457782,-0.219913,-0.38488,-0.366134,0.0626248
1816,32.8914,0.598534,0,-0.251822,-0.439618,-0.389197,0.301593,-0.0325896,0.387198,-0.251822,-0.439618,-0.350277,0.0686058
1817,32.9095,0.55386,0,-0.288104,-0.499712,-0.357573,0.241002,-0.0642004,0.313737,-0.288104,-0.499712,-0.321816,0.0721128
1818,32.9276,0.518089,0,-0.329342,-0.563699,-0.310306,0.187176,-0.0805352,0.24197,-0.329342,-0.563699,-0.279275,0.0715377
1819,32.9457,0.494418,0,-0.374598,-0.627303,-0.244292,0.141176,-0.0866151,0.174016,-0.374598,-0.627303,-0.219863,0.0640579
1820,32.9638,0.485143,0,-0.423174,-0.684786,-0.156306,0.103048,-0.0864629,0.110508,-0.423174,-0.684786,-0.140675,0.0463012
1821,32.982,0.48917,0,-0.47161,-0.72538,-0.0459546,0.0722061,-0.0829946,0.0513418,-0.47161,-0.72538,-0.0413591,0.0151709
1822,33.0001,0.504848,0,-0.516202,-0.740792,0.0828515,0.0477343,-0.0781687,-0.00386597,-0.516202,-0.740792,0.0745664,-0.0299377
1823,33.0182,0.529047,0,-0.552765,-0.725056,0.221555,0.0285997,-0.0732122,-0.0555499,-0.552765,-0.725056,0.1994,-0.0857275
1824,33.0363,0.5529,0,-0.576645,-0.66929,0.35191,0.0137854,-0.0688361,-0.104098,-0.576645,-0.66929,0.316719,-0.142049
1825,33.0544,0.570106,0,-0.582199,-0.577664,0.459226,0.00236447,-0.0654107,-0.149826,-0.582199,-0.577664,0.413304,-0.187153
1826,33.0725,0.575553,0,-0.567526,-0.461293,0.52843,-0.00646811,-0.0630966,-0.192984,-0.567526,-0.461293,0.475587,-0.209928
1827,33.0906,0.568333,0,-0.533695,-0.339262,0.554507,-0.0133883,-0.061938,-0.23377,-0.533695,-0.339262,0.499056,-0.207156
1828,33.1087,0.549849,0,-0.484758,-0.228034,0.541559,-0.0189518,-0.0619255,-0.272342,-0.484758,-0.228034,0.487403,-0.183768
1829,33.1268,0.523402,0,-0.425816,-0.137587,0.500194,-0.0236102,-0.0630375,-0.308831,-0.425816,-0.137587,0.450175,-0.149094
1830,33.145,0.491919,0,-0.363862,-0.0701933,0.439562,-0.0277304,-0.0652668,-0.343346,-0.363862,-0.0701933,0.395606,-0.111958
1831,33.1631,0.459775,0,-0.302843,-0.0256266,0.371523,-0.031614,-0.0686367,-0.375982,-0.302843,-0.0256266,0.334371,-0.0787593
1832,33.1812,0.42826,0,-0.246993,0.000761376,0.300311,-0.0355162,-0.0732127,-0.406813,-0.246993,0.000761376,0.27028,-0.0519223
1833,33.1993,0.399256,0,-0.197273,0.0130459,0.231093,-0.039662,-0.0791094,-0.435902,-0.197273,0.0130459,0.207984,-0.0319118
1834,33.2174,0.373231,0,-0.154131,0.0176953,0.165184,-0.044262,-0.0864982,-0.463288,-0.154131,0.0176953,0.148666,-0.017822
1835,33.2355,0.351249,0,-0.119497,0.0165618,0.104853,-0.0495252,-0.0956144,-0.488989,-0.119497,0.0165618,0.0943673,-0.00877073
1836,33.2536,0.33227,0,-0.0922927,0.011752,0.0489905,-0.0556722,-0.106766,-0.51299,-0.0922927,0.011752,0.0440915,-0.00316503
1837,33.2717,0.315489,0,-0.0706754,0.00631385,-0.00372783,-0.0629471,-0.120344,-0.535232,-0.0706754,0.00631385,-0.00335505,0.000184426
1838,33.2899,0.302053,0,-0.0543639,0.00135384,-0.0512999,-0.0716292,-0.136835,-0.555595,-0.0543639,0.00135384,-0.0461699,0.0019522
1839,33.308,0.290942,0,-0.0417851,-0.00333698,-0.0955819,-0.0820456,-0.156836,-0.573869,-0.0417851,-0.00333698,-0.0860237,0.00279573
1840,33.3261,0.282056,0,-0.0318458,-0.00804143,-0.137179,-0.0945834,-0.181063,-0.589722,-0.0318458,-0.00804143,-0.123461,0.00305801
1841,33.3442,0.275353,0,-0.0243706,-0.0118193,-0.177487,-0.109702,-0.210367,-0.60264,-0.0243706,-0.0118193,-0.159738,0.00302782
1842,33.3623,0.271475,0,-0.0186074,-0.0135346,-0.217863,-0.127943,-0.245726,-0.611853,-0.0186074,-0.0135346,-0.196077,0.00283771
1843,33.3804,0.272523,0,-0.0146379,-0.0146122,-0.256176,-0.149939,-0.288225,-0.616226,-0.0146379,-0.0146122,-0.230558,0.00262491
1844,33.3985,0.280741,0,-0.0113013,-0.0144068,-0.291868,-0.176408,-0.33898,-0.614109,-0.0113013,-0.0144068,-0.262681,0.00230895
1845,33.4166,0.297858,0,-0.00803775,-0.0131971,-0.325166,-0.208133,-0.398992,-0.603164,-0.00803775,-0.0131971,-0.292649,0.00182952
1846,33.4348,0.32559,0,-0.0051675,-0.0108694,-0.355818,-0.245905,-0.468851,-0.580149,-0.0051675,-0.0108694,-0.320236,0.00128708
1847,33.4529,0.364191,0,-0.00292106,-0.00895113,-0.384414,-0.2904,-0.548227,-0.540759,-0.00292106,-0.00895113,-0.345972,0.000786027
1848,33.471,0.414876,0,-0.000963134,-0.00628016,-0.410913,-0.341965,-0.635057,-0.479635,-0.000963134,-0.00628016,-0.369822,0.000277035
1849,33.4891,0.47771,0,0.00157305,-0.00247793,-0.43509,-0.400262,-0.724412,-0.390822,0.00157305,-0.00247793,-0.391581,-0.000479091
1850,33.5072,0.551119,0,0.0049229,0.00273827,-0.457531,-0.46375,-0.807225,-0.26911,0.0049229,0.00273827,-0.411778,-0.00157667
1851,33.5253,0.63124,0,0.00877191,0.00915384,-0.478694,-0.529067,-0.869565,-0.112668,0.00877191,0.00915384,-0.430825,-0.00293934
1852,33.5434,0.711911,0,0.0127621,0.0166857,-0.49917,-0.590548,-0.893785,0.0731166,0.0127621,0.0166857,-0.449253,-0.00445933
1853,33.5615,0.784905,0,0.0173672,0.0255238,-0.519067,-0.640339,-0.863086,0.27215,0.0173672,0.0255238,-0.46716,-0.00631033
1854,33.5796,0.840545,0,0.0229672,0.0359061,-0.537745,-0.669653,-0.769439,0.457867,0.0229672,0.0359061,-0.483971,-0.00864535
1855,33.5978,0.870723,0,0.0295143,0.0480653,-0.555443,-0.671287,-0.62099,0.600289,0.0295143,0.0480653,-0.499899,-0.0114755
1856,33.6159,0.872053,0,0.0377233,0.0631472,-0.572194,-0.642439,-0.442387,0.678104,0.0377233,0.0631472,-0.514975,-0.0151095
1857,33.634,0.845883,0,0.0476896,0.0821897,-0.58655,-0.586135,-0.265354,0.687826,0.0476896,0.0821897,-0.527895,-0.0195806
1858,33.6521,0.799205,0,0.0600497,0.106187,-0.598726,-0.51021,-0.115582,0.64297,0.0600497,0.106187,-0.538853,-0.0251673
1859,33.6702,0.740788,0,0.0750718,0.135787,-0.608481,-0.424504,-0.00513765,0.564917,0.0750718,0.135787,-0.547633,-0.0319759
1860,33.6883,0.678687,0,0.0931185,0.171824,-0.615216,-0.338017,0.0665733,0.473311,0.0931185,0.171824,-0.553694,-0.0401016
1861,33.7064,0.618766,0,0.114906,0.215179,-0.617918,-0.257253,0.107253,0.381313,0.114906,0.215179,-0.556127,-0.0497019
1862,33.7245,0.564211,0,0.141522,0.267824,-0.614275,-0.185909,0.126433,0.295561,0.141522,0.267824,-0.552847,-0.0608532
1863,33.7427,0.51702,0,0.173599,0.330293,-0.602388,-0.125359,0.132504,0.218241,0.173599,0.330293,-0.542149,-0.0732016
1864,33.7608,0.478174,0,0.212481,0.403692,-0.578194,-0.0754038,0.131736,0.149208,0.212481,0.403692,-0.520374,-0.0859987
1865,33.7789,0.448956,0,0.258462,0.488252,-0.536342,-0.0349369,0.128382,0.0874329,0.258462,0.488252,-0.482707,-0.0970368
1866,33.797,0.431712,0,0.311678,0.579849,-0.47192,-0.0024351,0.125133,0.0317578,0.311678,0.579849,-0.424728,-0.102961
1867,33.8151,0.42936,0,0.372515,0.673822,-0.37747,0.0237287,0.123601,-0.0187875,0.372515,0.673822,-0.339723,-0.0984294
1868,33.8332,0.443777,0,0.43855,0.759622,-0.24628,0.0451087,0.124705,-0.0649052,0.43855,0.759622,-0.221652,-0.0756042
1869,33.8513,0.476085,0,0.5066,0.823479,-0.0768772,0.063102,0.128951,-0.107044,0.5066,0.823479,-0.0691894,-0.0272622
1870,33.8694,0.520916,0,0.570155,0.84336,0.125249,0.0789211,0.136623,-0.145441,0.570155,0.84336,0.112724,0.0499879
1871,33.8876,0.565655,0,0.6189,0.795061,0.334768,0.0935992,0.147906,-0.180154,0.6189,0.795061,0.301291,0.145032
1872,33.9057,0.603035,0,0.643723,0.678864,0.522266,0.108013,0.162959,-0.211089,0.643723,0.678864,0.470039,0.235336
1873,33.9238,0.626083,0,0.638361,0.508438,0.658474,0.122908,0.181955,-0.237996,0.638361,0.508438,0.592627,0.294241
1874,33.9419,0.629714,0,0.599921,0.314661,0.721934,0.138932,0.205092,-0.260463,0.599921,0.314661,0.649741,0.303173
1875,33.96,0.616246,0,0.533384,0.133047,0.715812,0.15665,0.232574,-0.277891,0.533384,0.133047,0.644231,0.267262
1876,33.9781,0.593765,0,0.44925,-0.0169186,0.661364,0.176558,0.264573,-0.289463,0.44925,-0.0169186,0.595227,0.207982
1877,33.9962,0.563589,0,0.357986,-0.122793,0.570712,0.199087,0.301147,-0.294114,0.357986,-0.122793,0.513641,0.143015
1878,34.0143,0.53653,0,0.267347,-0.185298,0.473427,0.22458,0.342128,-0.290502,0.267347,-0.185298,0.426084,0.0885986
1879,34.0324,0.520197,0,0.184318,-0.222643,0.382867,0.253253,0.386951,-0.277025,0.184318,-0.222643,0.34458,0.0493984
1880,34.0506,0.510924,0,0.112206,-0.236487,0.298637,0.285127,0.43444,-0.251896,0.112206,-0.236487,0.268773,0.0234563
1881,34.0687,0.50993,0,0.0527059,-0.236952,0.223701,0.319928,0.482549,-0.213329,0.0527059,-0.236952,0.20133,0.00825323
1882,34.0868,0.518662,0,0.00459873,-0.234461,0.158403,0.356961,0.528135,-0.159904,0.00459873,-0.234461,0.142563,0.000509918
1883,34.1049,0.534244,0,-0.0351033,-0.229592,0.101117,0.394976,0.56685,-0.0911406,-0.0351033,-0.229592,0.0910054,-0.00248468
1884,34.123,0.555371,0,-0.0670209,-0.226877,0.0505543,0.432058,0.59335,-0.00824514,-0.0670209,-0.226877,0.0454989,-0.00237174
1885,34.1411,0.5786,0,-0.0923046,-0.226462,0.00333049,0.465632,0.602,0.0851363,-0.0923046,-0.226462,0.00299744,-0.000215194
1886,34.1592,0.601194,0,-0.112962,-0.22976,-0.0377922,0.492636,0.588169,0.182541,-0.112962,-0.22976,-0.034013,0.00298837
1887,34.1773,0.620479,0,-0.13126,-0.238037,-0.0756362,0.509948,0.549862,0.275148,-0.13126,-0.238037,-0.0680726,0.00694962
1888,34.1955,0.632518,0,-0.148269,-0.248951,-0.111047,0.515008,0.489057,0.353331,-0.148269,-0.248951,-0.0999425,0.0115254
1889,34.2136,0.634319,0,-0.163933,-0.263834,-0.139649,0.50648,0.411914,0.408981,-0.163933,-0.263834,-0.125684,0.0160252
1890,34.2317,0.624607,0,-0.17941,-0.281641,-0.161013,0.484683,0.327449,0.437642,-0.17941,-0.281641,-0.144912,0.0202212
1891,34.2498,0.605297,0,-0.196116,-0.303627,-0.175816,0.451595,0.245127,0.439401,-0.196116,-0.303627,-0.158234,0.0241362
1892,34.2679,0.578276,0,-0.213847,-0.32766,-0.184617,0.4104,0.172516,0.418167,-0.213847,-0.32766,-0.166155,0.0276359
1893,34.286,0.548192,0,-0.233896,-0.355597,-0.18808,0.364789,0.113993,0.379902,-0.233896,-0.355597,-0.169272,0.0307938
1894,34.3041,0.518554,0,-0.256566,-0.388146,-0.184656,0.31827,0.0707468,0.330781,-0.256566,-0.388146,-0.16619,0.0331635
1895,34.3222,0.491516,0,-0.280535,-0.422915,-0.173224,0.273697,0.0416474,0.275966,-0.280535,-0.422915,-0.155902,0.0340169
1896,34.3404,0.46994,0,-0.305872,-0.458927,-0.153029,0.233073,0.0243375,0.219159,-0.305872,-0.458927,-0.137726,0.032765
1897,34.3585,0.455866,0,-0.332867,-0.494193,-0.123049,0.197568,0.0161291,0.162698,-0.332867,-0.494193,-0.110744,0.0286712
1898,34.3766,0.450928,0,-0.36223,-0.526233,-0.0838401,0.167666,0.0145573,0.107897,-0.36223,-0.526233,-0.0754561,0.0212586
1899,34.3947,0.454586,0,-0.391848,-0.552925,-0.033802,0.143361,0.0176348,0.0554019,-0.391848,-0.552925,-0.0304218,0.00927169
1900,34.4128,0.466838,0,-0.420788,-0.572866,0.028098,0.124337,0.0239082,0.00547948,-0.420788,-0.572866,0.0252882,-0.0082763
1901,34.4309,0.484014,0,-0.446482,-0.579057,0.0964425,0.110119,0.0324119,-0.0417927,-0.446482,-0.579057,0.0867983,-0.0301419
1902,34.449,0.502647,0,-0.466103,-0.568656,0.165919,0.100182,0.0425828,-0.0864131,-0.466103,-0.568656,0.149327,-0.0541347
1903,34.4671,0.520885,0,-0.479168,-0.541615,0.232793,0.0940241,0.0541697,-0.128394,-0.479168,-0.541615,0.209514,-0.0780831
1904,34.4852,0.536728,0,-0.483461,-0.500879,0.291967,0.0912126,0.0671552,-0.167727,-0.483461,-0.500879,0.26277,-0.0988083
1905,34.5034,0.547744,0,-0.47841,-0.448177,0.338418,0.0914067,0.081695,-0.204366,-0.47841,-0.448177,0.304576,-0.113332
1906,34.5215,0.552457,0,-0.464206,-0.388805,0.36724,0.0943682,0.098073,-0.238212,-0.464206,-0.388805,0.330516,-0.119332
1907,34.5396,0.54986,0,-0.442024,-0.329079,0.374795,0.0999632,0.11667,-0.269095,-0.442024,-0.329079,0.337316,-0.115968
1908,34.5577,0.541081,0,-0.413375,-0.273678,0.364214,0.108158,0.137944,-0.296751,-0.413375,-0.273678,0.327793,-0.10539
1909,34.5758,0.527878,0,-0.380531,-0.22702,0.338568,0.119015,0.162407,-0.320801,-0.380531,-0.22702,0.304711,-0.0901848
1910,34.5939,0.512803,0,-0.345713,-0.189872,0.303717,0.132679,0.190607,-0.340703,-0.345713,-0.189872,0.273346,-0.0734993
1911,34.612,0.498094,0,-0.311155,-0.162956,0.263292,0.149372,0.223098,-0.355715,-0.311155,-0.162956,0.236963,-0.0573471
1912,34.6301,0.485719,0,-0.278822,-0.144993,0.22046,0.16937,0.260379,-0.364831,-0.278822,-0.144993,0.198414,-0.0430285
1913,34.6483,0.477231,0,-0.249896,-0.134705,0.17705,0.19298,0.302811,-0.366722,-0.249896,-0.134705,0.159345,-0.0309709
1914,34.6664,0.474473,0,-0.225175,-0.130903,0.13532,0.220493,0.35047,-0.359689,-0.225175,-0.130903,0.121788,-0.0213294
1915,34.6845,0.477917,0,-0.205415,-0.132834,0.0929114,0.25212,0.402931,-0.341637,-0.205415,-0.132834,0.0836202,-0.0133598
1916,34.7026,0.487862,0,-0.189812,-0.137777,0.0500332,0.287884,0.458968,-0.310147,-0.189812,-0.137777,0.0450298,-0.00664783
1917,34.7207,0.504941,0,-0.177113,-0.144807,0.0081965,0.32748,0.516176,-0.262699,-0.177113,-0.144807,0.00737685,-0.00101619
1918,34.7388,0.529843,0,-0.168876,-0.153291,-0.03068,0.370081,0.570598,-0.197152,-0.168876,-0.153291,-0.027612,0.00362677
1919,34.7569,0.561541,0,-0.164012,-0.164265,-0.066402,0.414126,0.616509,-0.11257,-0.164012,-0.164265,-0.0597618,0.00762353
1920,34.775,0.597714,0,-0.162267,-0.177988,-0.100084,0.457151,0.646668,-0.0103666,-0.162267,-0.177988,-0.0900754,0.0113682
1921,34.7932,0.634566,0,-0.163039,-0.194468,-0.130385,0.495756,0.65337,0.10452,-0.163039,-0.194468,-0.117346,0.0148805
1922,34.8113,0.667696,0,-0.167042,-0.213967,-0.156737,0.525874,0.630477,0.223044,-0.167042,-0.213967,-0.141064,0.0183271
1923,34.8294,0.692426,0,-0.174023,-0.236594,-0.180321,0.54341,0.575973,0.332889,-0.174023,-0.236594,-0.162289,0.021966
1924,34.8475,0.70413,0,-0.183777,-0.261107,-0.200164,0.545195,0.493879,0.421122,-0.183777,-0.261107,-0.180147,0.0257498
1925,34.8656,0.701433,0,-0.196762,-0.288721,-0.216145,0.529936,0.394093,0.4779,-0.196762,-0.288721,-0.194531,0.0297704
1926,34.8837,0.684656,0,-0.212935,-0.3203,-0.227013,0.498725,0.28971,0.499409,-0.212935,-0.3203,-0.204312,0.0338374
1927,34.9018,0.655706,0,-0.232305,-0.355547,-0.230474,0.454815,0.193071,0.488368,-0.232305,-0.355547,-0.207427,0.0374782
1928,34.9199,0.618919,0,-0.255266,-0.394454,-0.225496,0.40277,0.112603,0.452047,-0.255266,-0.394454,-0.202947,0.040293
1929,34.938,0.579184,0,-0.281474,-0.43676,-0.210868,0.347396,0.0517902,0.399217,-0.281474,-0.43676,-0.189781,0.0415478
1930,34.9562,0.540895,0,-0.310627,-0.480817,-0.184406,0.292851,0.0100343,0.337688,-0.310627,-0.480817,-0.165965,0.040097
1931,34.9743,0.508047,0,-0.34215,-0.522388,-0.146502,0.242184,-0.015649,0.273147,-0.34215,-0.522388,-0.131852,0.0350879
1932,34.9924,0.484091,0,-0.374995,-0.559373,-0.098058,0.197252,-0.0290711,0.209101,-0.374995,-0.559373,-0.0882522,0.0257399
1933,35.0105,0.470275,0,-0.407873,-0.588598,-0.0384092,0.158891,-0.0338592,0.147383,-0.407873,-0.588598,-0.0345683,0.0109663
1934,35.0286,0.466427,0,-0.438813,-0.606698,0.0325287,0.127185,-0.0329827,0.0887485,-0.438813,-0.606698,0.0292759,-0.00999182
1935,35.0467,0.471478,0,-0.46617,-0.610188,0.111839,0.101737,-0.028639,0.03337,-0.46617,-0.610188,0.100655,-0.0364952
1936,35.0648,0.481912,0,-0.488058,-0.594507,0.19205,0.0818929,-0.022324,-0.0188522,-0.488058,-0.594507,0.172845,-0.0656119
1937,35.0829,0.493736,0,-0.500096,-0.560174,0.267441,0.0668984,-0.014969,-0.0681112,-0.500096,-0.560174,0.240697,-0.0936222
1938,35.1011,0.504512,0,-0.502901,-0.510895,0.329675,0.0560099,-0.00708411,-0.114609,-0.502901,-0.510895,0.296708,-0.116056
1939,35.1192,0.511939,0,-0.496292,-0.450615,0.375634,0.0485557,0.00111962,-0.158521,-0.496292,-0.450615,0.33807,-0.130497
1940,35.1373,0.511499,0,-0.478518,-0.382562,0.398411,0.0439679,0.00963666,-0.19999,-0.478518,-0.382562,0.35857,-0.133453
1941,35.1554,0.503166,0,-0.450835,-0.313429,0.398529,0.0417946,0.0186003,-0.239124,-0.450835,-0.313429,0.358676,-0.12577
1942,35.1735,0.489259,0,-0.416211,-0.251915,0.379711,0.0416992,0.0282388,-0.275999,-0.416211,-0.251915,0.34174,-0.110628
1943,35.1916,0.471486,0,-0.377691,-0.200991,0.346617,0.0434544,0.0388501,-0.310658,-0.377691,-0.200991,0.311956,-0.09164
1944,35.2097,0.451653,0,-0.33777,-0.16137,0.304165,0.0469333,0.050789,-0.343109,-0.33777,-0.16137,0.273749,-0.0719166
1945,35.2278,0.432339,0,-0.299557,-0.13522,0.25693,0.0521018,0.0644646,-0.373318,-0.299557,-0.13522,0.231237,-0.0538756
1946,35.246,0.414684,0,-0.26477,-0.120483,0.207674,0.0590112,0.0803439,-0.401195,-0.26477,-0.120483,0.186907,-0.0384902
1947,35.2641,0.399504,0,-0.234306,-0.114287,0.158294,0.0677941,0.0989587,-0.426575,-0.234306,-0.114287,0.142465,-0.0259625
1948,35.2822,0.388483,0,-0.209193,-0.114629,0.111539,0.0786623,0.120914,-0.44919,-0.209193,-0.114629,0.100385,-0.0163332
1949,35.3003,0.381234,0,-0.189223,-0.118954,0.066448,0.0919062,0.146893,-0.468632,-0.189223,-0.118954,0.0598032,-0.00880143
1950,35.3184,0.377616,0,-0.173385,-0.125769,0.0222568,0.107894,0.177653,-0.484299,-0.173385,-0.125769,0.0200311,-0.0027013
1951,35.3365,0.379006,0,-0.161932,-0.134193,-0.0197471,0.127072,0.214009,-0.495319,-0.161932,-0.134193,-0.0177724,0.00223838
1952,35.3546,0.386747,0,-0.154325,-0.14471,-0.0589365,0.149951,0.256776,-0.500462,-0.154325,-0.14471,-0.0530428,0.00636675
1953,35.3727,0.402226,0,-0.150211,-0.15736,-0.09441,0.177095,0.306675,-0.49802,-0.150211,-0.15736,-0.084969,0.00992698
1954,35.3908,0.425978,0,-0.14925,-0.172061,-0.127261,0.209068,0.364137,-0.48569,-0.14925,-0.172061,-0.114535,0.0132957
1955,35.409,0.458839,0,-0.151209,-0.189035,-0.15785,0.246364,0.428992,-0.46047,-0.151209,-0.189035,-0.142065,0.0167079
1956,35.4271,0.501823,0,-0.15637,-0.208799,-0.185163,0.28926,0.499981,-0.418665,-0.15637,-0.208799,-0.166647,0.0202678
1957,35.4452,0.554336,0,-0.164626,-0.231112,-0.210229,0.337603,0.574085,-0.356131,-0.164626,-0.231112,-0.189206,0.0242265
1958,35.4633,0.615412,0,-0.175691,-0.256614,-0.231759,0.390494,0.645742,-0.268971,-0.175691,-0.256614,-0.208583,0.0285025
1959,35.4814,0.682453,0,-0.189448,-0.286167,-0.247936,0.445898,0.706259,-0.154933,-0.189448,-0.286167,-0.223142,0.0328797
1960,35.4995,0.750377,0,-0.206374,-0.319476,-0.257974,0.500288,0.744037,-0.0155588,-0.206374,-0.319476,-0.232176,0.0372674
1961,35.5176,0.811908,0,-0.226598,-0.356188,-0.259803,0.548533,0.746437,0.141408,-0.226598,-0.356188,-0.233823,0.0412096
1962,35.5357,0.859169,0,-0.250247,-0.396477,-0.253584,0.584345,0.703797,0.300823,-0.250247,-0.396477,-0.228226,0.0444211
1963,35.5539,0.884458,0,-0.277256,-0.439838,-0.238208,0.601512,0.614555,0.442102,-0.277256,-0.439838,-0.214387,0.0462313
1964,35.572,0.88219,0,-0.30751,-0.484655,-0.211146,0.595712,0.488497,0.545124,-0.30751,-0.484655,-0.190032,0.0454507
1965,35.5901,0.851862,0,-0.340327,-0.528897,-0.171636,0.566144,0.34491,0.597637,-0.340327,-0.528897,-0.154472,0.0408886
1966,35.6082,0.798353,0,-0.37503,-0.569027,-0.120201,0.516012,0.205716,0.599466,-0.37503,-0.569027,-0.108181,0.0315552
1967,35.6263,0.729618,0,-0.410058,-0.60177,-0.0549927,0.45154,0.0877973,0.560775,-0.410058,-0.60177,-0.0494934,0.0157852
1968,35.6444,0.655235,0,-0.443632,-0.622263,0.0235485,0.380062,-0.000914465,0.496257,-0.443632,-0.622263,0.0211937,-0.00731281
1969,35.6625,0.584894,0,-0.473277,-0.626966,0.111596,0.308224,-0.060606,0.419487,-0.473277,-0.626966,0.100436,-0.0369711
1970,35.6806,0.525298,0,-0.496759,-0.610726,0.202387,0.240931,-0.0962617,0.340055,-0.496759,-0.610726,0.182148,-0.0703762
1971,35.6988,0.478812,0,-0.510038,-0.572164,0.287054,0.181111,-0.114416,0.263353,-0.510038,-0.572164,0.258349,-0.102486
1972,35.7169,0.445398,0,-0.512404,-0.515362,0.356143,0.129997,-0.12114,0.191687,-0.512404,-0.515362,0.320529,-0.127743
1973,35.735,0.421355,0,-0.503289,-0.444991,0.405973,0.0876135,-0.121224,0.125563,-0.503289,-0.444991,0.365376,-0.143025
1974,35.7531,0.400262,0,-0.482046,-0.366718,0.428351,0.0532415,-0.118086,0.0646493,-0.482046,-0.366718,0.385516,-0.144539
1975,35.7712,0.379188,0,-0.45055,-0.29024,0.424747,0.0257855,-0.113993,0.00834419,-0.45055,-0.29024,0.382272,-0.133959
1976,35.7893,0.357579,0,-0.411292,-0.22388,0.401258,0.004022,-0.110356,-0.043955,-0.411292,-0.22388,0.361132,-0.115524
1977,35.8074,0.336271,0,-0.36865,-0.171135,0.364349,-0.0132483,-0.108005,-0.0927483,-0.36865,-0.171135,0.327914,-0.0940222
1978,35.8255,0.314487,0,-0.32512,-0.130956,0.316937,-0.0271203,-0.107398,-0.138416,-0.32512,-0.130956,0.285243,-0.0721299
1979,35.8436,0.294276,0,-0.283904,-0.105324,0.265517,-0.0385515,-0.108781,-0.181233,-0.283904,-0.105324,0.238966,-0.0527669
1980,35.8618,0.275616,0,-0.246617,-0.0912309,0.212365,-0.0483591,-0.112294,-0.221388,-0.246617,-0.0912309,0.191128,-0.0366609
1981,35.8799,0.258843,0,-0.214339,-0.0853052,0.15962,-0.0572338,-0.118047,-0.259004,-0.214339,-0.0853052,0.143658,-0.0239489
1982,35.898,0.244731,1,-0.187372,-0.0845789,0.109792,-0.0657623,-0.126169,-0.29414,-0.187372,-0.0845789,0.0988131,-0.0144004
1983,35.9161,0.232049,1,-0.165098,-0.0870806,0.0615872,-0.0744525,-0.136839,-0.326804,-0.165098,-0.0870806,0.0554285,-0.00711754
1984,35.9342,0.220197,1,-0.147561,-0.0925901,0.0146282,-0.0837595,-0.150309,-0.356934,-0.147561,-0.0925901,0.0131654,-0.00151099
1985,35.9523,0.209679,1,-0.134879,-0.100071,-0.02976,-0.0941093,-0.166918,-0.384395,-0.134879,-0.100071,-0.026784,0.0028098
1986,35.9704,0.200682,1,-0.125617,-0.108673,-0.0708913,-0.105921,-0.187098,-0.408946,-0.125617,-0.108673,-0.0638022,0.00623362
1987,35.9885,0.19313,1,-0.119896,-0.118858,-0.108753,-0.119625,-0.211376,-0.430216,-0.119896,-0.118858,-0.0978778,0.00912732
1988,36.0067,0.186254,1,-0.117784,-0.131199,-0.144607,-0.135677,-0.240367,-0.447647,-0.117784,-0.131199,-0.130146,0.0119227
1989,36.0248,0.180292,1,-0.118221,-0.146102,-0.178223,-0.154569,-0.27475,-0.460437,-0.118221,-0.146102,-0.1604,0.0147487
1990,36.0429,0.175827,1,-0.121479,-0.161874,-0.210223,-0.176828,-0.315218,-0.467453,-0.121479,-0.161874,-0.189201,0.0178764
1991,36.061,0.173856,1,-0.126953,-0.179389,-0.240403,-0.203008,-0.362379,-0.467138,-0.126953,-0.179389,-0.216363,0.0213639
1992,36.0791,0.175797,1,-0.134665,-0.199713,-0.267975,-0.233648,-0.416586,-0.457401,-0.134665,-0.199713,-0.241178,0.0252609
1993,36.0972,0.183607,1,-0.145083,-0.223023,-0.29102,-0.269212,-0.477662,-0.435537,-0.145083,-0.223023,-0.261918,0.0295554
1994,36.1153,0.197755,1,-0.158311,-0.250393,-0.309691,-0.309965,-0.54447,-0.398236,-0.158311,-0.250393,-0.278722,0.0343191
1995,36.1334,0.218926,1,-0.174324,-0.281908,-0.323146,-0.355783,-0.61434,-0.34179,-0.174324,-0.281908,-0.290831,0.0394325
1996,36.1516,0.246607,1,-0.193741,-0.317932,-0.330557,-0.405884,-0.682395,-0.262682,-0.193741,-0.317932,-0.297501,0.0448298
1997,36.1697,0.278939,0,-0.21687,-0.359304,-0.330007,-0.458493,-0.741027,-0.158758,-0.21687,-0.359304,-0.297007,0.0500982
1998,36.1878,0.313649,0,-0.243423,-0.405286,-0.319753,-0.510523,-0.780021,-0.0310355,-0.243423,-0.405286,-0.287777,0.0544845
1999,36.2059,0.347195,0,-0.273845,-0.455356,-0.298762,-0.55745,-0.788,0.114215,-0.273845,-0.455356,-0.268886,0.0572701
2000,36.224,0.375886,0,-0.308303,-0.5083,-0.266099,-0.593644,-0.755679,0.264235,-0.308303,-0.5083,-0.239489,0.0574274
