step,lt,err,locked,pred_x,pred_y,pred_z,true_x,true_y,true_z,drive_x,drive_y,drive_z,drive_xz
1,0.018112,0.0136255,1,-0.0218459,-0.0577506,-0.426549,-0.0276045,-0.0538241,-0.449096,-0.0218459,-0.0577506,-0.383894,0.00652284
2,0.036224,0.0210432,1,-0.024515,-0.061325,-0.447985,-0.0315903,-0.0581938,-0.483602,-0.024515,-0.061325,-0.403186,0.00768765
3,0.054336,0.0283279,1,-0.029097,-0.0641785,-0.467583,-0.0357683,-0.0638925,-0.516192,-0.029097,-0.0641785,-0.420825,0.00952367
4,0.072448,0.0351462,1,-0.0335987,-0.0707177,-0.486425,-0.0403586,-0.0710814,-0.546923,-0.0335987,-0.0707177,-0.437783,0.0114403
5,0.09056,0.0404719,1,-0.0395137,-0.0785923,-0.506007,-0.0455767,-0.0799864,-0.57583,-0.0395137,-0.0785923,-0.455407,0.013996
6,0.108672,0.046103,1,-0.044496,-0.08968,-0.523397,-0.0516469,-0.0909072,-0.60292,-0.044496,-0.08968,-0.471058,0.0163024
7,0.126784,0.0506642,1,-0.0523641,-0.101442,-0.540688,-0.0588145,-0.104228,-0.628159,-0.0523641,-0.101442,-0.486619,0.0198189
8,0.144896,0.0546455,1,-0.0590971,-0.115792,-0.557287,-0.0673594,-0.120431,-0.65146,-0.0590971,-0.115792,-0.501558,0.0230538
9,0.163008,0.0587334,1,-0.0690168,-0.131675,-0.571644,-0.0776082,-0.140111,-0.672658,-0.0690168,-0.131675,-0.514479,0.0276171
10,0.18112,0.062177,1,-0.0786306,-0.153167,-0.584928,-0.0899479,-0.163991,-0.691478,-0.0786306,-0.153167,-0.526436,0.0321953
11,0.199232,0.0642912,1,-0.0929902,-0.180294,-0.597486,-0.10484,-0.192938,-0.707485,-0.0929902,-0.180294,-0.537738,0.0388922
12,0.217344,0.0651215,1,-0.108698,-0.21405,-0.608983,-0.122833,-0.227973,-0.720018,-0.108698,-0.21405,-0.548085,0.0463368
13,0.235456,0.0651466,1,-0.129152,-0.252813,-0.617677,-0.144576,-0.270258,-0.728086,-0.129152,-0.252813,-0.55591,0.0558419
14,0.253568,0.0655243,1,-0.151893,-0.298755,-0.620575,-0.170821,-0.321062,-0.730231,-0.151893,-0.298755,-0.558518,0.0659826
15,0.27168,0.0671466,1,-0.180003,-0.3515,-0.614284,-0.202416,-0.381654,-0.72435,-0.180003,-0.3515,-0.552856,0.0774011
16,0.289792,0.0689154,1,-0.213283,-0.415676,-0.597371,-0.24027,-0.453084,-0.707463,-0.213283,-0.415676,-0.537634,0.0891865
17,0.307904,0.0709671,1,-0.254836,-0.489969,-0.565558,-0.285266,-0.53578,-0.675486,-0.254836,-0.489969,-0.509002,0.100887
18,0.326016,0.0737025,1,-0.301802,-0.572976,-0.514183,-0.338097,-0.628856,-0.623069,-0.301802,-0.572976,-0.462765,0.108627
19,0.344128,0.0759729,1,-0.356294,-0.662165,-0.438745,-0.398963,-0.729041,-0.543733,-0.356294,-0.662165,-0.39487,0.109425
20,0.36224,0.076974,1,-0.417375,-0.753517,-0.332871,-0.467103,-0.829263,-0.43067,-0.417375,-0.753517,-0.299584,0.0972525
21,0.380352,0.0775742,1,-0.483331,-0.830111,-0.193715,-0.540142,-0.917255,-0.278755,-0.483331,-0.830111,-0.174344,0.06554
22,0.398464,0.0761222,1,-0.547664,-0.879241,-0.0260885,-0.61338,-0.975225,-0.0881554,-0.547664,-0.879241,-0.0234797,0.0100014
23,0.416576,0.0762868,1,-0.606084,-0.878839,0.167944,-0.679396,-0.982381,0.131019,-0.606084,-0.878839,0.15115,-0.0712518
24,0.434688,0.0755538,1,-0.647734,-0.819166,0.363271,-0.728571,-0.921792,0.355633,-0.647734,-0.819166,0.326944,-0.164712
25,0.4528,0.071568,1,-0.665264,-0.702101,0.536876,-0.7511,-0.790183,0.552362,-0.665264,-0.702101,0.483189,-0.250015
26,0.470912,0.0644798,1,-0.654567,-0.538263,0.661209,-0.74022,-0.604455,0.688691,-0.654567,-0.538263,0.595088,-0.302964
27,0.489024,0.0614094,1,-0.611317,-0.346438,0.706352,-0.695129,-0.397756,0.747036,-0.611317,-0.346438,0.635717,-0.302263
28,0.507136,0.055176,1,-0.543592,-0.172737,0.687335,-0.621638,-0.205616,0.731618,-0.543592,-0.172737,0.618602,-0.261541
29,0.525248,0.0472745,1,-0.459938,-0.0355168,0.624012,-0.530015,-0.0520448,0.663008,-0.459938,-0.0355168,0.561611,-0.200905
30,0.54336,0.0391859,1,-0.372929,0.0518556,0.532001,-0.431481,0.0553458,0.56615,-0.372929,0.0518556,0.478801,-0.138879
31,0.561472,0.0346267,1,-0.285513,0.106123,0.431309,-0.335344,0.121353,0.461006,-0.285513,0.106123,0.388178,-0.086201
32,0.579584,0.0299661,1,-0.207605,0.134226,0.335089,-0.247744,0.156304,0.359487,-0.207605,0.134226,0.30158,-0.0486963
33,0.597696,0.0242313,1,-0.141214,0.143307,0.25853,-0.171744,0.1709,0.266778,-0.141214,0.143307,0.232677,-0.0255555
34,0.615808,0.0238282,1,-0.0860165,0.140211,0.193303,-0.108079,0.173823,0.183985,-0.0860165,0.140211,0.173973,-0.0116391
35,0.63392,0.0264718,1,-0.042966,0.136384,0.137079,-0.0560157,0.171255,0.110322,-0.042966,0.136384,0.123371,-0.00412283
36,0.652032,0.0300781,1,-0.0075048,0.131359,0.0816341,-0.0140384,0.167246,0.0444385,-0.0075048,0.131359,0.0734707,-0.000428853
37,0.670144,0.0335158,1,0.0202362,0.130372,0.0321575,0.0196725,0.164288,-0.0149527,0.0202362,0.130372,0.0289418,0.000455523
38,0.688256,0.0378847,1,0.0439604,0.128245,-0.0138037,0.0469547,0.163834,-0.0688511,0.0439604,0.128245,-0.0124233,-0.000424772
39,0.706368,0.0448264,1,0.0633281,0.131895,-0.0488098,0.0695111,0.166697,-0.117939,0.0633281,0.131895,-0.0439288,-0.00216372
40,0.72448,0.0483588,1,0.0809401,0.141649,-0.0854798,0.0888447,0.173317,-0.162619,0.0809401,0.141649,-0.0769318,-0.00484312
41,0.742592,0.0483828,1,0.0973414,0.157666,-0.123987,0.106246,0.183945,-0.203062,0.0973414,0.157666,-0.111589,-0.00844838
42,0.760704,0.0484806,1,0.114219,0.174922,-0.15919,0.122809,0.198757,-0.239247,0.114219,0.174922,-0.143271,-0.0127278
43,0.778816,0.0520112,1,0.129725,0.195033,-0.184388,0.13946,0.217918,-0.270973,0.129725,0.195033,-0.165949,-0.0167438
44,0.796928,0.0589736,1,0.146605,0.212525,-0.200493,0.156987,0.241606,-0.297859,0.146605,0.212525,-0.180443,-0.0205753
45,0.81504,0.0671157,1,0.16321,0.235459,-0.209079,0.17607,0.270012,-0.319325,0.16321,0.235459,-0.188171,-0.0238866
46,0.833152,0.0735916,1,0.182518,0.262473,-0.214728,0.197298,0.303298,-0.33457,0.182518,0.262473,-0.193256,-0.0274342
47,0.851264,0.0780485,1,0.203036,0.297391,-0.216054,0.221175,0.341534,-0.342533,0.203036,0.297391,-0.194448,-0.0307067
48,0.869376,0.0826977,1,0.227992,0.333347,-0.209636,0.248111,0.384582,-0.341874,0.227992,0.333347,-0.188672,-0.0334567
49,0.887488,0.0886906,1,0.253345,0.371656,-0.191916,0.278382,0.431936,-0.330975,0.253345,0.371656,-0.172724,-0.0340347
50,0.9056,0.0933765,1,0.281305,0.409861,-0.16682,0.312073,0.482513,-0.308003,0.281305,0.409861,-0.150138,-0.0328492
51,0.923712,0.0975975,1,0.310152,0.448558,-0.130715,0.348984,0.534396,-0.271071,0.310152,0.448558,-0.117643,-0.028379
52,0.941824,0.10019,1,0.343103,0.484207,-0.0844869,0.388505,0.584581,-0.218568,0.343103,0.484207,-0.0760382,-0.0202914
53,0.959936,0.103203,1,0.374624,0.513155,-0.0249394,0.429476,0.628833,-0.149689,0.374624,0.513155,-0.0224455,-0.00654003
54,0.978048,0.105434,1,0.405937,0.530434,0.0442954,0.470071,0.66179,-0.0651631,0.405937,0.530434,0.0398659,0.0125868
55,0.99616,0.108333,1,0.431432,0.531294,0.121367,0.507758,0.677538,0.0319533,0.431432,0.531294,0.10923,0.036653
56,1.01427,0.11083,1,0.451668,0.512359,0.199428,0.539426,0.670764,0.135741,0.451668,0.512359,0.179485,0.0630527
57,1.03238,0.111624,1,0.462496,0.476079,0.27211,0.561747,0.638368,0.237593,0.462496,0.476079,0.244899,0.0880949
58,1.0505,0.109583,1,0.464039,0.424786,0.331463,0.571768,0.581004,0.327462,0.464039,0.424786,0.298317,0.107668
59,1.06861,0.10462,1,0.454514,0.363894,0.373884,0.567604,0.503735,0.396054,0.454514,0.363894,0.336496,0.118955
60,1.08672,0.0963748,1,0.436168,0.298777,0.397385,0.548985,0.415188,0.437196,0.436168,0.298777,0.357646,0.121328
61,1.10483,0.0871295,1,0.408988,0.234095,0.397459,0.517425,0.325378,0.449263,0.408988,0.234095,0.357713,0.113789
62,1.12294,0.077964,1,0.374596,0.173457,0.37921,0.475903,0.243159,0.43501,0.374596,0.173457,0.341289,0.0994353
63,1.14106,0.0678568,1,0.335558,0.124438,0.347814,0.428206,0.174441,0.400061,0.335558,0.124438,0.313033,0.0816984
64,1.15917,0.0567969,1,0.296498,0.0874629,0.308151,0.378181,0.121719,0.350953,0.296498,0.0874629,0.277336,0.0639563
65,1.17728,0.0458186,1,0.25912,0.0622646,0.263764,0.329157,0.084681,0.293602,0.25912,0.0622646,0.237388,0.0478425
66,1.19539,0.0362399,1,0.225457,0.0445954,0.21587,0.283622,0.0612963,0.232543,0.225457,0.0445954,0.194283,0.0340687
67,1.2135,0.0285992,1,0.195473,0.0364081,0.165884,0.243167,0.0488411,0.170827,0.195473,0.0364081,0.149295,0.0226981
68,1.23162,0.0244788,1,0.169197,0.0310975,0.118199,0.208598,0.0446145,0.11029,0.169197,0.0310975,0.106379,0.0139992
69,1.24973,0.0237374,1,0.146709,0.0326227,0.0715896,0.180115,0.0463219,0.0519228,0.146709,0.0326227,0.0644306,0.00735198
70,1.26784,0.025251,1,0.130293,0.037515,0.0271155,0.157518,0.0522121,-0.00379792,0.130293,0.037515,0.024404,0.00247308
71,1.28595,0.028577,1,0.117812,0.0474017,-0.0147958,0.140378,0.0610698,-0.0566749,0.117812,0.0474017,-0.0133162,-0.00122018
72,1.30406,0.0326384,1,0.110029,0.0567332,-0.055361,0.128167,0.0721431,-0.106638,0.110029,0.0567332,-0.0498249,-0.00426393
73,1.32218,0.0361275,1,0.104831,0.0679728,-0.0954946,0.120351,0.0850503,-0.153659,0.104831,0.0679728,-0.0859451,-0.00700756
74,1.34029,0.0408122,1,0.10221,0.0797239,-0.131402,0.116454,0.099694,-0.197699,0.10221,0.0797239,-0.118262,-0.00940144
75,1.3584,0.0448301,1,0.10241,0.0959014,-0.164991,0.116088,0.116189,-0.238683,0.10241,0.0959014,-0.148492,-0.0118277
76,1.37651,0.0495518,1,0.106073,0.113121,-0.194445,0.118972,0.134808,-0.276478,0.106073,0.113121,-0.175,-0.0144378
77,1.39462,0.0531595,1,0.112447,0.132981,-0.222586,0.124938,0.15594,-0.310873,0.112447,0.132981,-0.200327,-0.0175204
78,1.41274,0.0569262,1,0.121568,0.154134,-0.247229,0.133925,0.180065,-0.341552,0.121568,0.154134,-0.222506,-0.0210387
79,1.43085,0.0600447,1,0.132945,0.180893,-0.268431,0.145978,0.20772,-0.368063,0.132945,0.180893,-0.241588,-0.0249806
80,1.44896,0.0629369,1,0.147873,0.210766,-0.285471,0.161234,0.239476,-0.389779,0.147873,0.210766,-0.256923,-0.0295494
81,1.46707,0.065256,1,0.165668,0.246372,-0.297677,0.17991,0.275895,-0.405846,0.165668,0.246372,-0.267909,-0.0345208
82,1.48518,0.0671806,1,0.187324,0.285072,-0.304366,0.202278,0.317457,-0.415124,0.187324,0.285072,-0.273929,-0.0399106
83,1.5033,0.0700447,1,0.212363,0.330184,-0.300893,0.228632,0.364461,-0.416129,0.212363,0.330184,-0.270804,-0.044729
84,1.52141,0.0739353,1,0.241779,0.377537,-0.286373,0.259239,0.416855,-0.40699,0.241779,0.377537,-0.257736,-0.0484673
85,1.53952,0.077631,1,0.274861,0.430111,-0.259847,0.294255,0.473999,-0.385455,0.274861,0.430111,-0.233862,-0.0499951
86,1.55763,0.0811309,1,0.312397,0.482778,-0.219999,0.333614,0.534335,-0.348989,0.312397,0.482778,-0.197999,-0.0481089
87,1.57574,0.0845304,1,0.351508,0.53398,-0.164419,0.376863,0.595015,-0.295064,0.351508,0.53398,-0.147977,-0.0404562
88,1.59386,0.0890375,1,0.392826,0.576579,-0.0903626,0.422963,0.651542,-0.221722,0.392826,0.576579,-0.0813263,-0.0248477
89,1.61197,0.0937898,1,0.432592,0.606509,0.000662476,0.470084,0.697649,-0.128478,0.432592,0.606509,0.000596229,0.000200607
90,1.63008,0.0991292,1,0.468177,0.614806,0.104762,0.515451,0.725706,-0.0174929,0.468177,0.614806,0.0942858,0.034333
91,1.64819,0.103707,1,0.495882,0.597085,0.213015,0.555371,0.727965,0.105326,0.495882,0.597085,0.191714,0.0739412
92,1.6663,0.107186,1,0.513238,0.550801,0.315708,0.585572,0.698732,0.22997,0.513238,0.550801,0.284137,0.113424
93,1.68442,0.108287,1,0.517446,0.480328,0.402949,0.601916,0.636876,0.343488,0.517446,0.480328,0.362654,0.145953
94,1.70253,0.107251,1,0.505983,0.390424,0.460165,0.601381,0.547464,0.432857,0.505983,0.390424,0.414149,0.162985
95,1.72064,0.103997,1,0.47896,0.294154,0.487842,0.582968,0.441218,0.488664,0.47896,0.294154,0.439058,0.16356
96,1.73875,0.0983738,1,0.440049,0.202444,0.481879,0.548117,0.331611,0.507752,0.440049,0.202444,0.433691,0.148435
97,1.75686,0.0895303,1,0.393485,0.125997,0.45338,0.500393,0.230952,0.493407,0.393485,0.125997,0.408042,0.124879
98,1.77498,0.0793117,1,0.343721,0.0660296,0.407789,0.444595,0.147457,0.453231,0.343721,0.0660296,0.36701,0.0981159
99,1.79309,0.0695363,1,0.291947,0.023715,0.350996,0.385675,0.0844006,0.396141,0.291947,0.023715,0.315896,0.0717304
100,1.8112,0.0601234,1,0.243311,-0.00491187,0.290285,0.327883,0.0410571,0.33002,0.243311,-0.00491187,0.261257,0.0494407
101,1.82931,0.0511777,1,0.199695,-0.019004,0.226367,0.274326,0.014372,0.260629,0.199695,-0.019004,0.203731,0.0316432
102,1.84742,0.0424139,1,0.163322,-0.0241131,0.164184,0.226896,0.000486845,0.19157,0.163322,-0.0241131,0.147765,0.0187704
103,1.86554,0.0341227,1,0.132694,-0.0220528,0.107842,0.186453,-0.00427188,0.124777,0.132694,-0.0220528,0.0970578,0.010017
104,1.88365,0.0269926,1,0.108919,-0.0176667,0.0569554,0.153091,-0.00292087,0.0611038,0.108919,-0.0176667,0.0512599,0.00434248
105,1.90176,0.021972,1,0.0901819,-0.00869755,0.00463659,0.126412,0.00230028,0.000797429,0.0901819,-0.00869755,0.00417293,0.000292696
106,1.91987,0.0201341,1,0.0761935,-0.0022082,-0.0421616,0.105753,0.0098663,-0.0561818,0.0761935,-0.0022082,-0.0379455,-0.00224871
107,1.93798,0.0212746,1,0.065768,0.00585383,-0.0857965,0.0903527,0.0188334,-0.109982,0.065768,0.00585383,-0.0772169,-0.00394986
108,1.9561,0.023401,1,0.0598637,0.013437,-0.128739,0.0794583,0.0286985,-0.16077,0.0598637,0.013437,-0.115865,-0.00539476
109,1.97421,0.0255525,1,0.0557112,0.0245798,-0.170421,0.0723945,0.0392769,-0.208689,0.0557112,0.0245798,-0.153379,-0.00664606
110,1.99232,0.0287999,1,0.0545671,0.0356539,-0.208377,0.0685973,0.0506086,-0.25385,0.0545671,0.0356539,-0.187539,-0.00795938
111,2.01043,0.0324867,1,0.055829,0.0498445,-0.242874,0.0676275,0.062891,-0.296322,0.055829,0.0498445,-0.218586,-0.00949157
112,2.02854,0.0374043,1,0.0598499,0.0617537,-0.273722,0.0691726,0.0764351,-0.336131,0.0598499,0.0617537,-0.24635,-0.0114676
113,2.04666,0.0420579,1,0.0643446,0.0758563,-0.302671,0.0730416,0.0916394,-0.373253,0.0643446,0.0758563,-0.272404,-0.0136327
114,2.06477,0.0460829,1,0.071705,0.0906851,-0.330272,0.0791574,0.108978,-0.407607,0.071705,0.0906851,-0.297245,-0.0165775
115,2.08288,0.0504065,1,0.0803532,0.11022,-0.354073,0.0875497,0.128997,-0.439032,0.0803532,0.11022,-0.318665,-0.0199156
116,2.10099,0.0551939,1,0.0920191,0.132397,-0.373978,0.0983483,0.152313,-0.467265,0.0920191,0.132397,-0.33658,-0.0240892
117,2.1191,0.058996,1,0.10517,0.160304,-0.39178,0.111778,0.179617,-0.491905,0.10517,0.160304,-0.352602,-0.0288424
118,2.13722,0.0628798,1,0.121469,0.190367,-0.405761,0.128156,0.211666,-0.51236,0.121469,0.190367,-0.365185,-0.0345012
119,2.15533,0.0671494,1,0.139681,0.226729,-0.413976,0.147882,0.249265,-0.527783,0.139681,0.226729,-0.372579,-0.0404773
120,2.17344,0.0713252,1,0.16301,0.268302,-0.41628,0.171431,0.293217,-0.536987,0.16301,0.268302,-0.374652,-0.0475005
121,2.19155,0.0756645,1,0.189805,0.318099,-0.41027,0.19933,0.344229,-0.53834,0.189805,0.318099,-0.369243,-0.0545099
122,2.20966,0.080535,1,0.222022,0.372295,-0.393905,0.232118,0.402747,-0.529656,0.222022,0.372295,-0.354514,-0.0612189
123,2.22778,0.0866625,1,0.257203,0.432685,-0.362969,0.270272,0.46867,-0.508108,0.257203,0.432685,-0.326672,-0.0653496
124,2.24589,0.0939772,1,0.299191,0.49543,-0.314647,0.314079,0.54093,-0.470221,0.299191,0.49543,-0.283182,-0.0658977
125,2.264,0.101315,1,0.344429,0.56004,-0.24714,0.363446,0.616898,-0.412064,0.344429,0.56004,-0.222426,-0.0595857
126,2.28211,0.108918,1,0.392928,0.616995,-0.158351,0.417618,0.691686,-0.329817,0.392928,0.616995,-0.142516,-0.0435543
127,2.30022,0.115469,1,0.440688,0.662444,-0.0483349,0.474832,0.75756,-0.220921,0.440688,0.662444,-0.0435014,-0.0149104
128,2.31834,0.122135,1,0.486644,0.680188,0.0795736,0.531967,0.803948,-0.0858951,0.486644,0.680188,0.0716162,0.0271068
129,2.33645,0.128395,1,0.52293,0.662971,0.215819,0.584374,0.818735,0.0694694,0.52293,0.662971,0.194237,0.0790007
130,2.35456,0.133932,1,0.546846,0.607365,0.34946,0.626139,0.791398,0.232591,0.546846,0.607365,0.314514,0.13377
131,2.37267,0.136151,1,0.553566,0.516049,0.459165,0.651019,0.717545,0.384912,0.553566,0.516049,0.413249,0.177925
132,2.39078,0.135336,1,0.539746,0.399624,0.531711,0.653998,0.602706,0.506181,0.539746,0.399624,0.478539,0.200892
133,2.4089,0.130131,1,0.506416,0.27739,0.557695,0.632951,0.462442,0.581078,0.506416,0.27739,0.501925,0.197698
134,2.42701,0.121869,1,0.457446,0.164189,0.544701,0.589547,0.317567,0.60454,0.457446,0.164189,0.490231,0.17442
135,2.44512,0.111369,1,0.398538,0.0692883,0.502525,0.528851,0.186979,0.582378,0.398538,0.0692883,0.452273,0.140193
136,2.46323,0.0977973,1,0.334905,-0.00047131,0.445206,0.457806,0.0823628,0.527224,0.334905,-0.00047131,0.400685,0.104371
137,2.48134,0.0834014,1,0.272594,-0.0458755,0.376976,0.383426,0.00710057,0.452984,0.272594,-0.0458755,0.339279,0.0719329
138,2.49946,0.0696118,1,0.215371,-0.0724793,0.304993,0.31145,-0.0415282,0.370934,0.215371,-0.0724793,0.274494,0.0459806
139,2.51757,0.0565698,1,0.164476,-0.0869627,0.236662,0.245763,-0.0691925,0.288402,0.164476,-0.0869627,0.212996,0.0272476
140,2.53568,0.0441876,1,0.122113,-0.0915145,0.172261,0.188444,-0.0820505,0.209251,0.122113,-0.0915145,0.155035,0.0147247
141,2.55379,0.0330594,1,0.0872395,-0.0899097,0.113562,0.140143,-0.0854288,0.135008,0.0872395,-0.0899097,0.102206,0.00693496
142,2.5719,0.0246169,1,0.058752,-0.0883309,0.0590622,0.100545,-0.0833852,0.0659087,0.058752,-0.0883309,0.053156,0.00242901
143,2.59002,0.0193785,1,0.03594,-0.082905,0.00721974,0.0687722,-0.0787538,0.00161705,0.03594,-0.082905,0.00649777,0.000181634
144,2.60813,0.01878,1,0.0181743,-0.0785203,-0.0388675,0.04369,-0.0733791,-0.0583759,0.0181743,-0.0785203,-0.0349808,-0.000494473
145,2.62624,0.0215091,1,0.00443117,-0.0739504,-0.0834234,0.0241062,-0.0683815,-0.114565,0.00443117,-0.0739504,-0.0750811,-0.000258764
146,2.64435,0.0255755,1,-0.00583026,-0.0716245,-0.126217,0.00889076,-0.0643881,-0.167366,-0.00583026,-0.0716245,-0.113596,0.000515116
147,2.66246,0.0293112,1,-0.0138917,-0.0668274,-0.167796,-0.00296306,-0.0617124,-0.217109,-0.0138917,-0.0668274,-0.151016,0.00163168
148,2.68058,0.0348758,1,-0.020441,-0.0679485,-0.204659,-0.0123178,-0.0604852,-0.264049,-0.020441,-0.0679485,-0.184193,0.0029284
149,2.69869,0.0404901,1,-0.0256419,-0.0691471,-0.238999,-0.0198935,-0.0607446,-0.308387,-0.0256419,-0.0691471,-0.215099,0.00428987
150,2.7168,0.0448737,1,-0.0296694,-0.0727276,-0.273307,-0.0262828,-0.0624979,-0.35028,-0.0296694,-0.0727276,-0.245977,0.0056762
151,2.73491,0.0479753,1,-0.0349421,-0.0756433,-0.307404,-0.0319728,-0.0657606,-0.389857,-0.0349421,-0.0756433,-0.276664,0.00751894
152,2.75302,0.0503842,1,-0.039227,-0.0806293,-0.340549,-0.0373678,-0.0705824,-0.427217,-0.039227,-0.0806293,-0.306494,0.00935112
153,2.77114,0.0531424,1,-0.0437263,-0.0855562,-0.37079,-0.0428124,-0.0770645,-0.462439,-0.0437263,-0.0855562,-0.333711,0.0113493
154,2.78925,0.0553889,1,-0.0472499,-0.0920279,-0.399876,-0.048613,-0.0853714,-0.495572,-0.0472499,-0.0920279,-0.359889,0.0132259
155,2.80736,0.0586352,1,-0.0533717,-0.0991391,-0.425149,-0.055057,-0.0957414,-0.526637,-0.0533717,-0.0991391,-0.382634,0.0158836
156,2.82547,0.0615104,1,-0.0591332,-0.110781,-0.44915,-0.0624305,-0.108497,-0.555614,-0.0591332,-0.110781,-0.404235,0.0185918
157,2.84358,0.0644944,1,-0.0669467,-0.123692,-0.470796,-0.0710348,-0.124054,-0.582429,-0.0669467,-0.123692,-0.423717,0.0220628
158,2.8617,0.0664658,1,-0.0753138,-0.14174,-0.491969,-0.0812022,-0.142937,-0.606934,-0.0753138,-0.14174,-0.442772,0.0259365
159,2.87981,0.0691504,1,-0.087017,-0.162304,-0.509324,-0.0933105,-0.165788,-0.62888,-0.087017,-0.162304,-0.458392,0.0310239
160,2.89792,0.0709561,1,-0.10017,-0.189079,-0.52528,-0.107797,-0.193381,-0.647867,-0.10017,-0.189079,-0.472752,0.0368322
161,2.91603,0.072769,1,-0.116541,-0.21987,-0.537728,-0.125174,-0.226622,-0.66329,-0.116541,-0.21987,-0.483955,0.043867
162,2.93414,0.0738585,1,-0.134348,-0.256784,-0.547231,-0.146037,-0.266547,-0.674247,-0.134348,-0.256784,-0.492507,0.0514636
163,2.95226,0.0750067,1,-0.156978,-0.299455,-0.55113,-0.171068,-0.314276,-0.679426,-0.156978,-0.299455,-0.496017,0.0605608
164,2.97037,0.0762824,1,-0.182967,-0.350432,-0.547677,-0.201033,-0.370925,-0.676947,-0.182967,-0.350432,-0.492909,0.0701449
165,2.98848,0.0788868,1,-0.215016,-0.408056,-0.53251,-0.236746,-0.437419,-0.664173,-0.215016,-0.408056,-0.479259,0.0801489
166,3.00659,0.0811407,1,-0.252336,-0.475452,-0.505071,-0.278998,-0.514151,-0.637521,-0.252336,-0.475452,-0.454564,0.0892134
167,3.0247,0.0835172,1,-0.296669,-0.550689,-0.460244,-0.328415,-0.600401,-0.592328,-0.296669,-0.550689,-0.414219,0.095578
168,3.04282,0.0855739,1,-0.346785,-0.632794,-0.393295,-0.385209,-0.693466,-0.522953,-0.346785,-0.632794,-0.353965,0.0954722
169,3.06093,0.0874326,1,-0.404019,-0.714611,-0.298423,-0.448785,-0.787482,-0.4234,-0.404019,-0.714611,-0.268581,0.0843979
170,3.07904,0.0884795,1,-0.463344,-0.78454,-0.175339,-0.517203,-0.872242,-0.288889,-0.463344,-0.78454,-0.157805,0.0568698
171,3.09715,0.0885008,1,-0.52281,-0.829363,-0.0252033,-0.586568,-0.932747,-0.118712,-0.52281,-0.829363,-0.0226829,0.00922357
172,3.11526,0.0901211,1,-0.576897,-0.83185,0.148928,-0.650633,-0.950878,0.0799287,-0.576897,-0.83185,0.134035,-0.0601413
173,3.13338,0.0898953,1,-0.617209,-0.785106,0.327495,-0.701077,-0.910485,0.288897,-0.617209,-0.785106,0.294746,-0.141493
174,3.15149,0.0871253,1,-0.636571,-0.686174,0.485667,-0.72897,-0.805361,0.480263,-0.636571,-0.686174,0.4371,-0.216413
175,3.1696,0.0814279,1,-0.630378,-0.545582,0.603389,-0.727371,-0.645861,0.624079,-0.630378,-0.545582,0.54305,-0.266254
176,3.18771,0.0786,1,-0.595701,-0.377113,0.652197,-0.694034,-0.458073,0.700258,-0.595701,-0.377113,0.586977,-0.27196
177,3.20582,0.0725357,1,-0.537884,-0.220176,0.644048,-0.632589,-0.273932,0.706701,-0.537884,-0.220176,0.579643,-0.242496
178,3.22394,0.0636425,1,-0.464713,-0.0919879,0.594895,-0.551322,-0.118635,0.657663,-0.464713,-0.0919879,0.535406,-0.193519
179,3.24205,0.0537114,1,-0.385249,-0.00144953,0.519815,-0.460352,-0.00379842,0.574667,-0.385249,-0.00144953,0.467834,-0.140181
180,3.26016,0.046057,1,-0.306621,0.0541633,0.430473,-0.368851,0.0713304,0.477339,-0.306621,0.0541633,0.387426,-0.0923943
181,3.27827,0.0384749,1,-0.233498,0.0885096,0.343283,-0.283453,0.114467,0.378944,-0.233498,0.0885096,0.308955,-0.0561092
182,3.29638,0.0317126,1,-0.170585,0.1012,0.264778,-0.207955,0.135191,0.286346,-0.170585,0.1012,0.2383,-0.0316171
183,3.3145,0.026769,1,-0.117082,0.104434,0.197198,-0.143801,0.142024,0.201972,-0.117082,0.104434,0.177478,-0.0161618
184,3.33261,0.0264581,1,-0.0741983,0.0999167,0.135938,-0.0908161,0.14142,0.125867,-0.0741983,0.0999167,0.122344,-0.00706044
185,3.35072,0.0280847,1,-0.0398494,0.096444,0.0814161,-0.0478801,0.137815,0.0571225,-0.0398494,0.096444,0.0732744,-0.00227107
186,3.36883,0.0306829,1,-0.0116508,0.0932102,0.0285968,-0.0134287,0.134054,-0.00535827,-0.0116508,0.0932102,0.0257371,-0.000233222
187,3.38694,0.0340681,1,0.010333,0.0929978,-0.0182978,0.0142232,0.131863,-0.0625279,0.010333,0.0929978,-0.016468,-0.00013235
188,3.40506,0.0395105,1,0.0292872,0.0926986,-0.0597363,0.0366947,0.132239,-0.115098,0.0292872,0.0926986,-0.0537626,-0.00122465
189,3.42317,0.0433033,1,0.044971,0.10138,-0.0977056,0.0554477,0.135742,-0.163546,0.044971,0.10138,-0.087935,-0.00307574
190,3.44128,0.0438836,1,0.0601262,0.112609,-0.139324,0.0717558,0.142694,-0.208149,0.0601262,0.112609,-0.125392,-0.00586392
191,3.45939,0.0445678,1,0.0746157,0.129141,-0.176713,0.0867084,0.153313,-0.24902,0.0746157,0.129141,-0.159042,-0.00922988
192,3.4775,0.0459543,1,0.0895365,0.143123,-0.21136,0.101235,0.167799,-0.286124,0.0895365,0.143123,-0.190224,-0.0132471
193,3.49562,0.0520411,1,0.102766,0.160689,-0.233928,0.116133,0.186381,-0.319287,0.102766,0.160689,-0.210536,-0.0168279
194,3.51373,0.0581604,1,0.118956,0.180285,-0.252624,0.132105,0.209345,-0.348178,0.118956,0.180285,-0.227362,-0.0210359
195,3.53184,0.0641529,1,0.135906,0.20852,-0.265791,0.149781,0.237027,-0.372288,0.135906,0.20852,-0.239212,-0.0252859
196,3.54995,0.0684212,1,0.155367,0.237962,-0.277641,0.169742,0.269791,-0.390887,0.155367,0.237962,-0.249877,-0.0301953
197,3.56806,0.0727404,1,0.176283,0.273689,-0.282831,0.192527,0.307979,-0.402973,0.176283,0.273689,-0.254548,-0.034901
198,3.58618,0.0769307,1,0.202057,0.310475,-0.281635,0.21863,0.351811,-0.40722,0.202057,0.310475,-0.253471,-0.0398345
199,3.60429,0.0819102,1,0.228388,0.35246,-0.270238,0.248476,0.401246,-0.401935,0.228388,0.35246,-0.243214,-0.0432034
200,3.6224,0.0870725,1,0.258689,0.39721,-0.248089,0.282361,0.455764,-0.385042,0.258689,0.39721,-0.22328,-0.0449247
201,3.64051,0.0918691,1,0.289879,0.446385,-0.213411,0.320369,0.514073,-0.354154,0.289879,0.446385,-0.19207,-0.0433044
202,3.65862,0.0957431,1,0.327475,0.49462,-0.165264,0.362232,0.573751,-0.306793,0.327475,0.49462,-0.148738,-0.0378839
203,3.67674,0.101087,1,0.36452,0.536204,-0.0998763,0.407158,0.630885,-0.240848,0.36452,0.536204,-0.0898887,-0.0254848
204,3.69485,0.105504,1,0.402837,0.566716,-0.0211417,0.45363,0.679864,-0.155347,0.402837,0.566716,-0.0190275,-0.00596164
205,3.71296,0.109954,1,0.436125,0.579297,0.067862,0.499242,0.713587,-0.0515217,0.436125,0.579297,0.0610758,0.0207174
206,3.73107,0.113033,1,0.465847,0.571359,0.162559,0.540664,0.724394,0.0660608,0.465847,0.571359,0.146303,0.0530094
207,3.74918,0.115338,1,0.485243,0.540011,0.256218,0.573866,0.705899,0.188873,0.485243,0.540011,0.230597,0.0870297
208,3.7673,0.11465,1,0.495398,0.487132,0.340578,0.5947,0.655385,0.305026,0.495398,0.487132,0.30652,0.118105
209,3.78541,0.111268,1,0.491313,0.416517,0.404961,0.599785,0.575778,0.401546,0.491313,0.416517,0.364465,0.139274
210,3.80352,0.105657,1,0.473149,0.334852,0.444629,0.58745,0.475878,0.467807,0.473149,0.334852,0.400166,0.147263
211,3.82163,0.0984447,1,0.442831,0.250157,0.456233,0.558319,0.368241,0.498575,0.442831,0.250157,0.41061,0.141424
212,3.83974,0.090572,1,0.403675,0.170431,0.439239,0.515248,0.26555,0.495039,0.403675,0.170431,0.395315,0.124117
213,3.85786,0.0816565,1,0.357716,0.105701,0.401199,0.462614,0.177317,0.463416,0.357716,0.105701,0.361079,0.100461
214,3.87597,0.0704768,1,0.310115,0.0569362,0.355639,0.405295,0.108362,0.412182,0.310115,0.0569362,0.320075,0.0772023
215,3.89408,0.0589608,1,0.263631,0.0251615,0.302637,0.347738,0.0592057,0.349501,0.263631,0.0251615,0.272373,0.0558492
216,3.91219,0.0476914,1,0.221818,0.002718,0.248803,0.293388,0.0275344,0.281746,0.221818,0.002718,0.223922,0.0386322
217,3.9303,0.0375202,1,0.185052,-0.00743843,0.193357,0.24451,0.00977533,0.21315,0.185052,-0.00743843,0.174021,0.0250468
218,3.94842,0.0298946,1,0.153264,-0.0136732,0.141149,0.202282,0.002242,0.146147,0.153264,-0.0136732,0.127034,0.0151431
219,3.96653,0.0253409,1,0.126246,-0.0122697,0.0899843,0.167047,0.0017564,0.0819204,0.126246,-0.0122697,0.0809859,0.00795208
220,3.98464,0.0240753,1,0.10508,-0.00810588,0.0414518,0.138573,0.00587226,0.0209167,0.10508,-0.00810588,0.0373066,0.00304902
221,4.00275,0.0263743,1,0.088464,-0.000699074,-0.0032121,0.116297,0.012868,-0.0367989,0.088464,-0.000699074,-0.00289089,-0.000198909
222,4.02086,0.0302592,1,0.076949,0.00677139,-0.0464121,0.099506,0.0216374,-0.0913237,0.076949,0.00677139,-0.0417709,-0.00249996
223,4.03898,0.0336977,1,0.0684246,0.0159073,-0.0898918,0.0874624,0.0315536,-0.142801,0.0684246,0.0159073,-0.0809026,-0.00430557
224,4.05709,0.0379686,1,0.0627311,0.0233596,-0.130671,0.0794833,0.0423442,-0.191365,0.0627311,0.0233596,-0.117604,-0.00573798
225,4.0752,0.0408845,1,0.0606562,0.0366018,-0.169986,0.0749853,0.0539903,-0.23712,0.0606562,0.0366018,-0.152988,-0.00721751
226,4.09331,0.0458337,1,0.0609907,0.04875,-0.203809,0.0735054,0.0666522,-0.280131,0.0609907,0.04875,-0.183428,-0.0087013
227,4.11142,0.0495836,1,0.0639209,0.0640753,-0.236837,0.0747059,0.0806196,-0.320417,0.0639209,0.0640753,-0.213153,-0.0105972
228,4.12954,0.0525053,1,0.0690126,0.0797289,-0.269015,0.0783726,0.0962801,-0.357946,0.0690126,0.0797289,-0.242113,-0.0129958
229,4.14765,0.0555446,1,0.0752989,0.0981404,-0.298192,0.0844083,0.114103,-0.392626,0.0752989,0.0981404,-0.268372,-0.0157174
230,4.16576,0.0584359,1,0.0847603,0.116561,-0.32502,0.0928251,0.134631,-0.42428,0.0847603,0.116561,-0.292518,-0.0192841
231,4.18387,0.0614708,1,0.0964075,0.141139,-0.347835,0.103738,0.158479,-0.452628,0.0964075,0.141139,-0.313051,-0.0234737
232,4.20198,0.0643312,1,0.110647,0.167305,-0.36766,0.11736,0.186331,-0.477243,0.110647,0.167305,-0.330894,-0.0284763
233,4.2201,0.0674856,1,0.126889,0.199196,-0.382514,0.133995,0.218929,-0.497506,0.126889,0.199196,-0.344263,-0.0339758
234,4.23821,0.0703613,1,0.146851,0.235048,-0.392883,0.154028,0.257052,-0.512535,0.146851,0.235048,-0.353595,-0.0403868
235,4.25632,0.0738611,1,0.169882,0.279297,-0.395363,0.177919,0.301456,-0.521104,0.169882,0.279297,-0.355827,-0.0470154
236,4.27443,0.0776484,1,0.198295,0.328484,-0.3895,0.206167,0.352777,-0.521544,0.198295,0.328484,-0.35055,-0.0540651
237,4.29254,0.0828329,1,0.230406,0.384552,-0.370975,0.239276,0.411349,-0.511641,0.230406,0.384552,-0.333877,-0.0598323
238,4.31066,0.0884452,1,0.267829,0.442919,-0.339522,0.277665,0.476913,-0.48857,0.267829,0.442919,-0.30557,-0.0636538
239,4.32877,0.0936484,1,0.309229,0.507014,-0.292509,0.321545,0.548192,-0.448915,0.309229,0.507014,-0.263258,-0.0633166
240,4.34688,0.099919,1,0.355452,0.568335,-0.225188,0.370717,0.622306,-0.388912,0.355452,0.568335,-0.20267,-0.0560306
241,4.36499,0.105531,1,0.402681,0.624963,-0.137264,0.424292,0.694125,-0.305073,0.402681,0.624963,-0.123537,-0.0386915
242,4.3831,0.111803,1,0.451477,0.664359,-0.0271265,0.480362,0.755788,-0.19537,0.451477,0.664359,-0.0244138,-0.0085729
243,4.40122,0.11774,1,0.494821,0.679325,0.100519,0.53569,0.796878,-0.0610341,0.494821,0.679325,0.0904668,0.0348171
244,4.41933,0.125127,1,0.529259,0.654017,0.235404,0.5856,0.805898,0.0914301,0.529259,0.654017,0.211863,0.0872127
245,4.43744,0.130474,1,0.55005,0.594174,0.364875,0.624318,0.773466,0.249077,0.55005,0.594174,0.328388,0.14049
246,4.45555,0.132899,1,0.553206,0.499365,0.467827,0.645953,0.696582,0.393733,0.553206,0.499365,0.421044,0.181163
247,4.47366,0.132021,1,0.536037,0.383252,0.534014,0.646009,0.581829,0.506413,0.536037,0.383252,0.480613,0.200376
248,4.49178,0.128634,1,0.499365,0.260238,0.55637,0.622892,0.444864,0.573531,0.499365,0.260238,0.500733,0.194482
249,4.50989,0.12041,1,0.448476,0.151412,0.538501,0.578622,0.305537,0.591447,0.448476,0.151412,0.484651,0.169053
250,4.528,0.108743,1,0.391005,0.0624196,0.494719,0.518314,0.181236,0.566485,0.391005,0.0624196,0.445247,0.135406
251,4.54611,0.094973,1,0.328858,-0.000649579,0.434618,0.448688,0.082323,0.510882,0.328858,-0.000649579,0.391156,0.100049
252,4.56422,0.0813836,1,0.268547,-0.042953,0.365039,0.376388,0.0114671,0.437694,0.268547,-0.042953,0.328535,0.068621
253,4.58234,0.0689639,1,0.211796,-0.0674937,0.293054,0.306779,-0.034168,0.357363,0.211796,-0.0674937,0.263748,0.0434474
254,4.60045,0.0567438,1,0.163434,-0.0809304,0.223557,0.243459,-0.0600113,0.276642,0.163434,-0.0809304,0.201201,0.0255758
255,4.61856,0.0455118,1,0.121938,-0.0828754,0.158046,0.188325,-0.0718633,0.199099,0.121938,-0.0828754,0.142241,0.0134902
256,4.63667,0.0342594,1,0.0894452,-0.0816967,0.0994056,0.141947,-0.0747163,0.126163,0.0894452,-0.0816967,0.0894651,0.00622395
257,4.65478,0.0256957,1,0.0617793,-0.07623,0.0445194,0.103994,-0.0723689,0.0580782,0.0617793,-0.07623,0.0400675,0.00192527
258,4.6729,0.0190804,1,0.0408915,-0.0719033,-0.00670634,0.0736172,-0.0674737,-0.00544289,0.0408915,-0.0719033,-0.00603571,-0.000191963
259,4.69101,0.0160705,1,0.0240714,-0.0654102,-0.0547066,0.0497319,-0.0617543,-0.0648537,0.0240714,-0.0654102,-0.0492359,-0.000921806
260,4.70912,0.0169952,1,0.0121891,-0.0620056,-0.0988813,0.0312044,-0.0562516,-0.120603,0.0121891,-0.0620056,-0.0889932,-0.000843688
261,4.72723,0.0192161,1,0.00290596,-0.0568661,-0.143378,0.0169649,-0.0515383,-0.173072,0.00290596,-0.0568661,-0.12904,-0.000291656
262,4.74534,0.0233958,1,-0.0038984,-0.0528182,-0.183602,0.006064,-0.0478861,-0.22257,-0.0038984,-0.0528182,-0.165242,0.000501028
263,4.76346,0.0292252,1,-0.00975247,-0.0507618,-0.21956,-0.00230648,-0.0453874,-0.26934,-0.00975247,-0.0507618,-0.197604,0.00149888
264,4.78157,0.0349689,1,-0.0126452,-0.0510677,-0.253542,-0.00881508,-0.0440401,-0.313579,-0.0126452,-0.0510677,-0.228188,0.00224427
265,4.79968,0.039638,1,-0.0159905,-0.0502892,-0.287128,-0.0140044,-0.0438028,-0.355447,-0.0159905,-0.0502892,-0.258415,0.00321392
266,4.81779,0.042996,1,-0.0186235,-0.0514164,-0.320923,-0.0183105,-0.0446316,-0.395083,-0.0186235,-0.0514164,-0.28883,0.00418368
267,4.8359,0.0463998,1,-0.0216545,-0.0514689,-0.352394,-0.0220841,-0.0465019,-0.432606,-0.0216545,-0.0514689,-0.317154,0.00534164
268,4.85402,0.049704,1,-0.0227631,-0.053566,-0.382175,-0.0256106,-0.0494219,-0.468118,-0.0227631,-0.053566,-0.343957,0.00608964
269,4.87213,0.0532611,1,-0.0248866,-0.0535984,-0.409556,-0.0291291,-0.0534414,-0.50171,-0.0248866,-0.0535984,-0.368601,0.00713472
270,4.89024,0.0565818,1,-0.0266245,-0.0566508,-0.435674,-0.0328486,-0.0586581,-0.533458,-0.0266245,-0.0566508,-0.392107,0.00811973
271,4.90835,0.0595915,1,-0.0302729,-0.0598489,-0.460567,-0.0369632,-0.0652235,-0.563425,-0.0302729,-0.0598489,-0.41451,0.0097599
272,4.92646,0.0622604,1,-0.0324712,-0.0664254,-0.484429,-0.0416645,-0.0733487,-0.591651,-0.0324712,-0.0664254,-0.435986,0.011011
273,4.94458,0.0644821,1,-0.0369755,-0.0738899,-0.507334,-0.0471539,-0.0833136,-0.618156,-0.0369755,-0.0738899,-0.456601,0.0131312
274,4.96269,0.0664579,1,-0.0416356,-0.0845103,-0.528969,-0.0536543,-0.0954764,-0.642922,-0.0416356,-0.0845103,-0.476073,0.0154168
275,4.9808,0.0690494,1,-0.0482118,-0.0952478,-0.54798,-0.0614216,-0.110287,-0.66589,-0.0482118,-0.0952478,-0.493182,0.0184934
276,4.99891,0.0705627,1,-0.0545732,-0.109939,-0.56719,-0.0707563,-0.128301,-0.686932,-0.0545732,-0.109939,-0.510471,0.0216673
277,5.01702,0.0719406,1,-0.0639457,-0.127457,-0.584657,-0.082017,-0.150201,-0.705828,-0.0639457,-0.127457,-0.526191,0.0261704
278,5.03514,0.0721942,1,-0.0740762,-0.150486,-0.601898,-0.0956334,-0.176808,-0.722225,-0.0740762,-0.150486,-0.541708,0.0312104
279,5.05325,0.0724387,1,-0.0874562,-0.176117,-0.617056,-0.112121,-0.2091,-0.735571,-0.0874562,-0.176117,-0.55535,0.0377758
280,5.07136,0.0724303,1,-0.102018,-0.207983,-0.630078,-0.132094,-0.248214,-0.745036,-0.102018,-0.207983,-0.56707,0.0449953
281,5.08947,0.0731882,1,-0.121689,-0.245132,-0.638279,-0.156275,-0.295425,-0.749382,-0.121689,-0.245132,-0.574451,0.0543702
282,5.10758,0.072982,1,-0.144293,-0.291688,-0.643675,-0.185495,-0.352079,-0.746798,-0.144293,-0.291688,-0.579308,0.0650144
283,5.1257,0.0737924,1,-0.173114,-0.346476,-0.641136,-0.220673,-0.419434,-0.734684,-0.173114,-0.346476,-0.577022,0.0776927
284,5.14381,0.075071,1,-0.206719,-0.413511,-0.628337,-0.262758,-0.498343,-0.709393,-0.206719,-0.413511,-0.565504,0.0909223
285,5.16192,0.0772984,1,-0.248613,-0.490782,-0.600866,-0.312603,-0.588694,-0.66601,-0.248613,-0.490782,-0.54078,0.104568
286,5.18003,0.0807327,1,-0.296429,-0.578696,-0.553774,-0.370725,-0.688477,-0.598289,-0.296429,-0.578696,-0.498397,0.114908
287,5.19814,0.0855472,1,-0.352617,-0.672377,-0.478231,-0.436903,-0.792442,-0.499094,-0.352617,-0.672377,-0.430408,0.118043
288,5.21626,0.0891414,1,-0.41601,-0.768021,-0.370836,-0.509573,-0.89051,-0.361829,-0.41601,-0.768021,-0.333753,0.10799
289,5.23437,0.0908452,1,-0.484921,-0.852914,-0.225703,-0.585081,-0.966675,-0.183456,-0.484921,-0.852914,-0.203132,0.0766136
290,5.25248,0.0929337,1,-0.554039,-0.909375,-0.0533293,-0.657027,-1,0.0308767,-0.554039,-0.909375,-0.0479964,0.0206826
291,5.27059,0.0930099,1,-0.617738,-0.917612,0.146943,-0.716278,-0.969713,0.263251,-0.617738,-0.917612,0.132248,-0.0635404
292,5.2887,0.0882571,1,-0.664932,-0.860882,0.35722,-0.752343,-0.86477,0.482568,-0.664932,-0.860882,0.321498,-0.166269
293,5.30682,0.0786957,1,-0.686209,-0.740104,0.545373,-0.756338,-0.693446,0.652536,-0.686209,-0.740104,0.490835,-0.261968
294,5.32493,0.0662406,1,-0.676888,-0.566461,0.681747,-0.724499,-0.484611,0.746532,-0.676888,-0.566461,0.613572,-0.323026
295,5.34304,0.053127,1,-0.633841,-0.361403,0.735366,-0.660096,-0.27658,0.759514,-0.633841,-0.361403,0.661829,-0.326274
296,5.36115,0.0423498,1,-0.562428,-0.172868,0.716369,-0.572316,-0.100723,0.707542,-0.562428,-0.172868,0.644732,-0.282034
297,5.37926,0.0364826,1,-0.473965,-0.0253516,0.649968,-0.472868,0.0282598,0.616539,-0.473965,-0.0253516,0.584972,-0.215644
298,5.39738,0.0349209,1,-0.382202,0.0700772,0.553503,-0.372469,0.111228,0.510257,-0.382202,0.0700772,0.498153,-0.148085
299,5.41549,0.03169,1,-0.289719,0.126163,0.448011,-0.278822,0.157647,0.40439,-0.289719,0.126163,0.40321,-0.090858
300,5.4336,0.02656,1,-0.20729,0.15636,0.345101,-0.196246,0.179049,0.306636,-0.20729,0.15636,0.310591,-0.0500753
301,5.45171,0.0299043,1,-0.136736,0.164283,0.265441,-0.126298,0.185438,0.219329,-0.136736,0.164283,0.238897,-0.0254068
302,5.46982,0.036428,1,-0.0791906,0.15931,0.199097,-0.0686777,0.184191,0.142076,-0.0791906,0.15931,0.179187,-0.0110366
303,5.48794,0.0431336,1,-0.0334429,0.155252,0.142981,-0.0220407,0.180243,0.0735046,-0.0334429,0.155252,0.128683,-0.00334719
304,5.50605,0.0464679,1,0.00376233,0.149204,0.0869069,0.0154265,0.176674,0.0121597,0.00376233,0.149204,0.0782162,0.000228881
305,5.52416,0.0497147,1,0.0318857,0.147163,0.0370627,0.0456407,0.175306,-0.0431457,0.0318857,0.147163,0.0333564,0.00082724
306,5.54227,0.0535331,1,0.056389,0.142947,-0.00821818,0.0704206,0.177159,-0.0932481,0.056389,0.142947,-0.00739636,-0.000324391
307,5.56038,0.0608947,1,0.0766905,0.147094,-0.0405054,0.0913916,0.182781,-0.138662,0.0766905,0.147094,-0.0364548,-0.00217446
308,5.5785,0.0639145,1,0.0945418,0.156035,-0.0762431,0.109958,0.192466,-0.179637,0.0945418,0.156035,-0.0686188,-0.00504571
309,5.59661,0.063657,1,0.110463,0.172,-0.112807,0.127309,0.206389,-0.2162,0.110463,0.172,-0.101526,-0.00872264
310,5.61472,0.0625811,1,0.127705,0.188726,-0.147311,0.144446,0.224688,-0.248185,0.127705,0.188726,-0.13258,-0.0131686
311,5.63283,0.0663911,1,0.14273,0.208327,-0.168894,0.162215,0.247494,-0.27524,0.14273,0.208327,-0.152004,-0.0168743
312,5.65094,0.0723186,1,0.15978,0.225298,-0.183849,0.181329,0.274939,-0.296815,0.15978,0.225298,-0.165464,-0.0205628
313,5.66906,0.079528,1,0.176013,0.248359,-0.190385,0.202396,0.30712,-0.312143,0.176013,0.248359,-0.171346,-0.0234571
314,5.68717,0.0841144,1,0.195721,0.274483,-0.195815,0.225922,0.344032,-0.320219,0.195721,0.274483,-0.176233,-0.0268275
315,5.70528,0.0865557,1,0.215579,0.309153,-0.196074,0.252303,0.385465,-0.319781,0.215579,0.309153,-0.176466,-0.0295886
316,5.72339,0.0895152,1,0.240834,0.344118,-0.187514,0.281796,0.430852,-0.309326,0.240834,0.344118,-0.168763,-0.0316118
317,5.7415,0.0932637,1,0.26553,0.381882,-0.167788,0.314457,0.479077,-0.287176,0.26553,0.381882,-0.151009,-0.0311869
318,5.75962,0.0962878,1,0.292777,0.417444,-0.140946,0.350064,0.528246,-0.251649,0.292777,0.417444,-0.126852,-0.028886
319,5.77773,0.0986176,1,0.320827,0.452395,-0.103819,0.388,0.575477,-0.201363,0.320827,0.452395,-0.0934368,-0.0233155
320,5.79584,0.0988987,1,0.352814,0.484127,-0.0568633,0.427134,0.616789,-0.135733,0.352814,0.484127,-0.051177,-0.0140435
321,5.81395,0.0989961,1,0.382082,0.50893,0.0016262,0.465724,0.647234,-0.0556181,0.382082,0.50893,0.00146358,0.000434941
322,5.83206,0.0983745,1,0.410851,0.520918,0.0689501,0.501397,0.661445,0.0359941,0.410851,0.520918,0.0620551,0.0198297
323,5.85018,0.0984434,1,0.432963,0.515686,0.142953,0.531275,0.654681,0.133555,0.432963,0.515686,0.128658,0.0433254
324,5.86829,0.0965488,1,0.44979,0.492754,0.216263,0.552311,0.624238,0.22916,0.44979,0.492754,0.194636,0.068091
325,5.8864,0.092781,1,0.456509,0.453718,0.281549,0.561821,0.570777,0.313666,0.456509,0.453718,0.253394,0.0899706
326,5.90451,0.0857879,1,0.454996,0.40223,0.332673,0.558091,0.498867,0.378623,0.454996,0.40223,0.299406,0.105956
327,5.92262,0.0762413,1,0.443232,0.343554,0.367145,0.54087,0.416256,0.418327,0.443232,0.343554,0.330431,0.113911
328,5.94074,0.0634111,1,0.424424,0.283632,0.384818,0.511506,0.33199,0.431089,0.424424,0.283632,0.346336,0.114328
329,5.95885,0.0521711,1,0.396614,0.223545,0.381224,0.47269,0.254196,0.41915,0.396614,0.223545,0.343102,0.105839
330,5.97696,0.0417327,1,0.363106,0.169109,0.361833,0.427878,0.18847,0.387418,0.363106,0.169109,0.325649,0.0919685
331,5.99507,0.0329043,1,0.326059,0.12581,0.330096,0.380627,0.137384,0.341775,0.326059,0.12581,0.297086,0.0753415
332,6.01318,0.0261338,1,0.289663,0.0931268,0.291719,0.334067,0.100937,0.287693,0.289663,0.0931268,0.262547,0.0591502
333,6.0313,0.023683,1,0.254758,0.0703211,0.248128,0.290589,0.0774796,0.229486,0.254758,0.0703211,0.223315,0.0442487
334,6.04941,0.0247529,1,0.223656,0.0548712,0.201018,0.251771,0.0646308,0.170157,0.223656,0.0548712,0.180917,0.0314713
335,6.06752,0.0274647,1,0.19574,0.0486974,0.151844,0.218461,0.0599458,0.111593,0.19574,0.0486974,0.13666,0.0208054
336,6.08563,0.0329903,1,0.171536,0.0443407,0.105876,0.190933,0.0612977,0.0548735,0.171536,0.0443407,0.0952888,0.0127131
337,6.10374,0.0376677,1,0.1512,0.0473131,0.0601379,0.169072,0.0670318,0.000569983,0.1512,0.0473131,0.0541241,0.00636499
338,6.12186,0.042768,1,0.136833,0.0528117,0.017553,0.152529,0.0759811,-0.0510337,0.136833,0.0528117,0.0157977,0.00168128
339,6.13997,0.0466739,1,0.126242,0.0639305,-0.0238286,0.140847,0.0874119,-0.0997938,0.126242,0.0639305,-0.0214458,-0.00210573
340,6.15808,0.0507678,1,0.1199,0.0738124,-0.0630968,0.133555,0.100945,-0.145616,0.1199,0.0738124,-0.0567871,-0.00529573
341,6.17619,0.0532281,1,0.116307,0.0867984,-0.102235,0.130225,0.116477,-0.188404,0.116307,0.0867984,-0.0920113,-0.00832346
342,6.1943,0.0575961,1,0.114921,0.100059,-0.135561,0.130508,0.134114,-0.228023,0.114921,0.100059,-0.122005,-0.0109052
343,6.21242,0.0606382,1,0.116438,0.117686,-0.167374,0.134154,0.154118,-0.264275,0.116438,0.117686,-0.150636,-0.0136421
344,6.23053,0.0650593,1,0.121115,0.135826,-0.193832,0.141016,0.176863,-0.296876,0.121115,0.135826,-0.174449,-0.0164331
345,6.24864,0.0677517,1,0.129478,0.158316,-0.218998,0.151048,0.202801,-0.325425,0.129478,0.158316,-0.197098,-0.0198488
346,6.26675,0.0705476,1,0.140426,0.182217,-0.240559,0.164301,0.232429,-0.34937,0.140426,0.182217,-0.216503,-0.0236465
347,6.28486,0.0723617,1,0.154126,0.2132,-0.257612,0.180907,0.266244,-0.367964,0.154126,0.2132,-0.231851,-0.0277934
348,6.30298,0.073728,1,0.171297,0.246554,-0.270486,0.201061,0.304689,-0.380222,0.171297,0.246554,-0.243438,-0.0324335
349,6.32109,0.0744995,1,0.191494,0.285597,-0.277032,0.224988,0.348055,-0.384864,0.191494,0.285597,-0.249329,-0.037135
350,6.3392,0.0760812,1,0.215519,0.326356,-0.27508,0.252904,0.396356,-0.380282,0.215519,0.326356,-0.247572,-0.0414996
351,6.35731,0.0772284,1,0.243471,0.373942,-0.261971,0.284946,0.449127,-0.364536,0.243471,0.373942,-0.235774,-0.0446476
352,6.37542,0.0785712,1,0.276124,0.422745,-0.236906,0.321077,0.505165,-0.335427,0.276124,0.422745,-0.213215,-0.0457908
353,6.39354,0.0792932,1,0.310563,0.4736,-0.198667,0.360954,0.562214,-0.290702,0.310563,0.4736,-0.1788,-0.043189
354,6.41165,0.0802324,1,0.348661,0.519691,-0.145577,0.403766,0.616656,-0.22848,0.348661,0.519691,-0.131019,-0.0355299
355,6.42976,0.0807831,1,0.386804,0.560402,-0.0756257,0.448049,0.663345,-0.147943,0.386804,0.560402,-0.0680632,-0.0204767
356,6.44787,0.0815461,1,0.424979,0.586329,0.0091583,0.491539,0.69581,-0.0502805,0.424979,0.586329,0.00824247,0.00272446
357,6.46598,0.0813253,1,0.45806,0.595514,0.105602,0.531149,0.707093,0.0603283,0.45806,0.595514,0.0950415,0.0338603
358,6.4841,0.0808144,1,0.4849,0.578908,0.204897,0.563161,0.691346,0.176162,0.4849,0.578908,0.184407,0.0695482
359,6.50221,0.0789704,1,0.500869,0.53802,0.300406,0.583743,0.645939,0.28646,0.500869,0.53802,0.270365,0.105325
360,6.52032,0.0751911,1,0.506285,0.473248,0.381839,0.589728,0.57321,0.379365,0.506285,0.473248,0.343655,0.135324
361,6.53843,0.0704495,1,0.495774,0.392318,0.437138,0.579452,0.480789,0.4449,0.495774,0.392318,0.393424,0.151705
362,6.55654,0.0653274,1,0.471954,0.302239,0.465283,0.553312,0.379886,0.477721,0.471954,0.302239,0.418754,0.153714
363,6.57466,0.0588782,1,0.436019,0.217941,0.463032,0.513756,0.282176,0.478219,0.436019,0.217941,0.416728,0.141323
364,6.59277,0.0515295,1,0.393707,0.144284,0.438614,0.464706,0.196806,0.451516,0.393707,0.144284,0.394753,0.12088
365,6.61088,0.0441157,1,0.346819,0.0877241,0.396541,0.410656,0.128827,0.405135,0.346819,0.0877241,0.356887,0.0962693
366,6.62899,0.0381715,1,0.299416,0.0448764,0.34489,0.35582,0.0793247,0.34665,0.299416,0.0448764,0.310401,0.0722858
367,6.6471,0.0345818,1,0.252218,0.0161485,0.287154,0.30356,0.0466004,0.282222,0.252218,0.0161485,0.258439,0.0506978
368,6.66522,0.0311352,1,0.211315,-0.000202732,0.227256,0.256176,0.0275784,0.216125,0.211315,-0.000202732,0.20453,0.0336158
369,6.68333,0.0282617,1,0.175468,-0.00511164,0.167094,0.21495,0.018902,0.150948,0.175468,-0.00511164,0.150385,0.0205238
370,6.70144,0.0273829,1,0.146582,-0.00481892,0.112704,0.180354,0.0175753,0.0880589,0.146582,-0.00481892,0.101434,0.0115643
371,6.71955,0.027931,1,0.122886,0.00199824,0.0613224,0.152286,0.0212318,0.0280642,0.122886,0.00199824,0.0551902,0.00527496
372,6.73766,0.0296866,1,0.105726,0.00908863,0.0120934,0.130297,0.02817,-0.0288461,0.105726,0.00908863,0.010884,0.000895009
373,6.75578,0.0317553,1,0.0919228,0.0179605,-0.0360401,0.113768,0.0372748,-0.0826764,0.0919228,0.0179605,-0.0324361,-0.00231903
374,6.77389,0.0362386,1,0.0824621,0.0255017,-0.0782294,0.102035,0.0479026,-0.1335,0.0824621,0.0255017,-0.0704064,-0.00451567
375,6.792,0.038669,1,0.0768289,0.035755,-0.121411,0.0944728,0.0597669,-0.181394,0.0768289,0.035755,-0.10927,-0.00652952
376,6.81011,0.0417128,1,0.0740769,0.0465562,-0.161162,0.0905444,0.0728434,-0.226413,0.0740769,0.0465562,-0.145046,-0.00835688
377,6.82822,0.0445234,1,0.0733503,0.0608985,-0.198008,0.0898238,0.0872978,-0.268568,0.0733503,0.0608985,-0.178207,-0.0101668
378,6.84634,0.0480544,1,0.0761665,0.076181,-0.230787,0.0920061,0.103436,-0.307819,0.0761665,0.076181,-0.207708,-0.0123048
379,6.86445,0.051428,1,0.0811802,0.0934367,-0.261056,0.0969073,0.121669,-0.344063,0.0811802,0.0934367,-0.234951,-0.0148348
380,6.88256,0.0551502,1,0.0882922,0.110301,-0.288646,0.10446,0.142497,-0.377114,0.0882922,0.110301,-0.259781,-0.0178396
381,6.90067,0.0584472,1,0.0971797,0.131832,-0.313193,0.114707,0.166493,-0.40668,0.0971797,0.131832,-0.281874,-0.0213052
382,6.91878,0.0616801,1,0.109641,0.154703,-0.334773,0.127792,0.194292,-0.432327,0.109641,0.154703,-0.301296,-0.0256933
383,6.9369,0.0648137,1,0.124002,0.185052,-0.35106,0.143953,0.226575,-0.453433,0.124002,0.185052,-0.315954,-0.0304725
384,6.95501,0.0674334,1,0.141703,0.217243,-0.364361,0.163512,0.264038,-0.469129,0.141703,0.217243,-0.327925,-0.0361416
385,6.97312,0.0696401,1,0.161524,0.256294,-0.371908,0.186853,0.307332,-0.478222,0.161524,0.256294,-0.334717,-0.0420505
386,6.99123,0.0724321,1,0.186195,0.298522,-0.371744,0.214399,0.356961,-0.479116,0.186195,0.298522,-0.33457,-0.0484518
387,7.00934,0.0736863,1,0.213883,0.349924,-0.363761,0.246558,0.413103,-0.469731,0.213883,0.349924,-0.327385,-0.0544617
388,7.02746,0.0767134,1,0.247334,0.403985,-0.341434,0.283649,0.475346,-0.44747,0.247334,0.403985,-0.30729,-0.0591137
389,7.04557,0.0794991,1,0.284611,0.463742,-0.303932,0.325771,0.542295,-0.409268,0.284611,0.463742,-0.273539,-0.0605517
390,7.06368,0.0828692,1,0.326743,0.521851,-0.249221,0.372622,0.611077,-0.351865,0.326743,0.521851,-0.224299,-0.0570019
391,7.08179,0.0861491,1,0.370041,0.576548,-0.175548,0.423254,0.676815,-0.272398,0.370041,0.576548,-0.157993,-0.045472
392,7.0999,0.089028,1,0.41521,0.620068,-0.0828131,0.47579,0.732301,-0.169483,0.41521,0.620068,-0.0745318,-0.0240694
393,7.11802,0.0896424,1,0.458589,0.648485,0.0263373,0.527183,0.768278,-0.0447392,0.458589,0.648485,0.0237036,0.00845461
394,7.13613,0.0911784,1,0.495897,0.647662,0.148497,0.573167,0.774823,0.0955828,0.495897,0.647662,0.133647,0.0515475
395,7.15424,0.0909446,1,0.523456,0.615944,0.273552,0.608595,0.744102,0.239798,0.523456,0.615944,0.246197,0.100235
396,7.17235,0.0889567,1,0.538636,0.549392,0.386319,0.628308,0.673864,0.371973,0.538636,0.549392,0.347687,0.14566
397,7.19046,0.0855206,1,0.535289,0.454873,0.470508,0.62841,0.569953,0.475648,0.535289,0.454873,0.423457,0.1763
398,7.20858,0.08043,1,0.514374,0.344307,0.518311,0.607523,0.445822,0.538924,0.514374,0.344307,0.46648,0.186624
399,7.22669,0.0731025,1,0.476614,0.235988,0.526968,0.567374,0.318569,0.558193,0.476614,0.235988,0.474271,0.175812
400,7.2448,0.0660503,1,0.426847,0.136838,0.50188,0.512383,0.203505,0.53831,0.426847,0.136838,0.451692,0.149958
401,7.26291,0.0572291,1,0.369316,0.0600007,0.457233,0.448451,0.11025,0.489453,0.369316,0.0600007,0.41151,0.118204
402,7.28102,0.0476473,1,0.311627,0.00425895,0.400436,0.381532,0.041906,0.42295,0.311627,0.00425895,0.360392,0.0873507
403,7.29914,0.0398154,1,0.254795,-0.0302344,0.333494,0.316567,-0.00336535,0.34826,0.254795,-0.0302344,0.300144,0.0594807
404,7.31725,0.0325888,1,0.204716,-0.0506273,0.266748,0.256996,-0.0299611,0.271831,0.204716,-0.0506273,0.240073,0.0382253
405,7.33536,0.0274531,1,0.160459,-0.0597417,0.201192,0.204755,-0.0428891,0.197334,0.160459,-0.0597417,0.181073,0.0225982
406,7.35347,0.0243352,1,0.124137,-0.0618856,0.1412,0.160562,-0.0466349,0.12646,0.124137,-0.0618856,0.12708,0.0122696
407,7.37158,0.0248087,1,0.0939161,-0.0594001,0.0863595,0.124276,-0.0447173,0.0597305,0.0939161,-0.0594001,0.0777235,0.00567738
408,7.3897,0.0279222,1,0.0702677,-0.0562915,0.0350108,0.0952412,-0.0396545,-0.00291649,0.0702677,-0.0562915,0.0315097,0.00172209
409,7.40781,0.0309808,1,0.0508569,-0.0492172,-0.0154053,0.0725456,-0.0331139,-0.0617702,0.0508569,-0.0492172,-0.0138647,-0.000548424
410,7.42592,0.0367694,1,0.0365341,-0.0446697,-0.0591767,0.0552042,-0.0261121,-0.117168,0.0365341,-0.0446697,-0.053259,-0.00151338
411,7.44403,0.0408342,1,0.0257381,-0.0387127,-0.103479,0.0422727,-0.0192007,-0.16942,0.0257381,-0.0387127,-0.0931309,-0.00186435
412,7.46214,0.0447966,1,0.0183416,-0.0335907,-0.145517,0.0329091,-0.0126173,-0.218785,0.0183416,-0.0335907,-0.130966,-0.00186832
413,7.48026,0.0474432,1,0.0129057,-0.025383,-0.186672,0.0264015,-0.0063966,-0.265476,0.0129057,-0.025383,-0.168005,-0.0016864
414,7.49837,0.0523501,1,0.00980737,-0.0224601,-0.222578,0.0221736,-0.000448862,-0.309666,0.00980737,-0.0224601,-0.200321,-0.00152804
415,7.51648,0.056691,1,0.00830572,-0.0166111,-0.256494,0.019777,0.00538968,-0.351499,0.00830572,-0.0166111,-0.230844,-0.00149126
416,7.53459,0.0603277,1,0.00783534,-0.0141994,-0.290376,0.0188789,0.0113261,-0.391097,0.00783534,-0.0141994,-0.261338,-0.00159263
417,7.5527,0.0636103,1,0.00691986,-0.0096224,-0.322515,0.019247,0.0175947,-0.428563,0.00691986,-0.0096224,-0.290264,-0.00156223
418,7.57082,0.0665275,1,0.00771901,-0.00681075,-0.353842,0.0207357,0.0244515,-0.463983,0.00771901,-0.00681075,-0.318458,-0.00191192
419,7.58893,0.0694281,1,0.00872596,3.02161e-05,-0.382468,0.0232743,0.0321759,-0.497428,0.00872596,3.02161e-05,-0.344221,-0.00233618
420,7.60704,0.071998,1,0.0124012,0.00607575,-0.41013,0.0268581,0.0410769,-0.528946,0.0124012,0.00607575,-0.369117,-0.00356028
421,7.62515,0.0742389,1,0.0149505,0.0159391,-0.436112,0.0315429,0.0515034,-0.558563,0.0149505,0.0159391,-0.392501,-0.00456405
422,7.64326,0.0764537,1,0.0200664,0.0245469,-0.461018,0.0374424,0.0638572,-0.586271,0.0200664,0.0245469,-0.414916,-0.00647569
423,7.66138,0.0789914,1,0.0239783,0.036545,-0.483493,0.0447287,0.0786083,-0.612019,0.0239783,0.036545,-0.435144,-0.00811533
424,7.67949,0.0812037,1,0.0309746,0.0482531,-0.505466,0.0536355,0.096312,-0.635693,0.0309746,0.0482531,-0.454919,-0.0109596
425,7.6976,0.0832802,1,0.0378354,0.0633513,-0.526124,0.0644643,0.117627,-0.657089,0.0378354,0.0633513,-0.473512,-0.0139343
426,7.71571,0.0849161,1,0.0481411,0.0800729,-0.546409,0.0775923,0.143333,-0.675881,0.0481411,0.0800729,-0.491768,-0.0184133
427,7.73382,0.0874468,1,0.058797,0.103568,-0.562221,0.0934824,0.174345,-0.691559,0.058797,0.103568,-0.505999,-0.0231398
428,7.75194,0.0890594,1,0.0750913,0.133772,-0.575664,0.112692,0.211717,-0.703357,0.0750913,0.133772,-0.518098,-0.0302592
429,7.77005,0.0905264,1,0.0925716,0.172678,-0.58499,0.135882,0.256623,-0.710141,0.0925716,0.172678,-0.526491,-0.0379075
430,7.78816,0.0908933,1,0.116097,0.218153,-0.591865,0.16381,0.310297,-0.710262,0.116097,0.218153,-0.532679,-0.0480998
431,7.80627,0.0919823,1,0.141554,0.272978,-0.591424,0.197319,0.373898,-0.701366,0.141554,0.272978,-0.532281,-0.0586027
432,7.82438,0.0936136,1,0.174288,0.33491,-0.582811,0.237281,0.448234,-0.680175,0.174288,0.33491,-0.52453,-0.0711036
433,7.8425,0.097344,1,0.211768,0.406374,-0.55841,0.284487,0.533279,-0.642283,0.211768,0.406374,-0.502569,-0.0827773
434,7.86061,0.102227,1,0.257653,0.484362,-0.517239,0.339444,0.627383,-0.582095,0.257653,0.484362,-0.465515,-0.0932875
435,7.87872,0.105776,1,0.309335,0.572446,-0.456303,0.402025,0.72612,-0.493166,0.309335,0.572446,-0.410673,-0.0988054
436,7.89683,0.108312,1,0.37139,0.661908,-0.367794,0.470957,0.8209,-0.369346,0.37139,0.661908,-0.331014,-0.0956164
437,7.91494,0.109508,1,0.434966,0.746263,-0.242933,0.543158,0.89791,-0.207242,0.434966,0.746263,-0.218639,-0.0739672
438,7.93306,0.106972,1,0.500582,0.809214,-0.0802406,0.61313,0.938616,-0.0101206,0.500582,0.809214,-0.0722166,-0.0281169
439,7.95117,0.0977254,1,0.564625,0.834236,0.113257,0.67284,0.923591,0.207894,0.564625,0.834236,0.101931,0.0447634
440,7.96928,0.0870251,1,0.613686,0.792424,0.31744,0.712696,0.840329,0.420504,0.613686,0.792424,0.285696,0.136366
441,7.98739,0.0724565,1,0.638246,0.684037,0.503376,0.723958,0.692157,0.594685,0.638246,0.684037,0.453038,0.224894
442,8.0055,0.0552816,1,0.635693,0.521118,0.636593,0.701884,0.501458,0.702928,0.635693,0.521118,0.572933,0.283274
443,8.02362,0.0377932,1,0.599782,0.334115,0.704354,0.647922,0.302231,0.735192,0.599782,0.334115,0.633918,0.295721
444,8.04173,0.0249051,1,0.540289,0.157123,0.69532,0.569385,0.125882,0.701497,0.540289,0.157123,0.625788,0.262972
445,8.05984,0.0190417,1,0.459701,0.0145887,0.638423,0.476794,-0.00959533,0.623907,0.459701,0.0145887,0.574581,0.205438
446,8.07795,0.0211137,1,0.371373,-0.0884769,0.558391,0.380583,-0.101158,0.52535,0.371373,-0.0884769,0.502552,0.14516
447,8.09606,0.0275557,1,0.283712,-0.155745,0.47007,0.288836,-0.155548,0.422618,0.283712,-0.155745,0.423063,0.0933552
448,8.11418,0.0306071,1,0.205328,-0.189688,0.377608,0.206536,-0.183055,0.325025,0.205328,-0.189688,0.339847,0.0542736
449,8.13229,0.0336614,1,0.134295,-0.206541,0.293034,0.135903,-0.193463,0.236239,0.134295,-0.206541,0.26373,0.0275471
450,8.1504,0.0402837,1,0.0762024,-0.214737,0.223457,0.0771708,-0.194405,0.156719,0.0762024,-0.214737,0.201112,0.0119196
451,8.16851,0.0466477,1,0.0266508,-0.212591,0.163411,0.0293673,-0.191206,0.0855438,0.0266508,-0.212591,0.14707,0.00304853
452,8.18662,0.0499331,1,-0.0115953,-0.212377,0.104186,-0.0090851,-0.187311,0.0214499,-0.0115953,-0.212377,0.0937678,-0.000845652
453,8.20474,0.0507859,1,-0.0446938,-0.207661,0.0481152,-0.0399686,-0.184821,-0.0367002,-0.0446938,-0.207661,0.0433037,-0.00150532
454,8.22285,0.0541479,1,-0.0700993,-0.206008,0.00148572,-0.0650346,-0.184954,-0.0897671,-0.0700993,-0.206008,0.00133715,-7.29036e-05
455,8.24096,0.0558179,1,-0.0912477,-0.204709,-0.0431861,-0.0858829,-0.18839,-0.138327,-0.0912477,-0.204709,-0.0388675,0.00275844
456,8.25907,0.0610958,1,-0.108734,-0.20948,-0.0779292,-0.103915,-0.195506,-0.182713,-0.108734,-0.20948,-0.0701363,0.00593149
457,8.27718,0.0647555,1,-0.125818,-0.218402,-0.111659,-0.120333,-0.206534,-0.223054,-0.125818,-0.218402,-0.100493,0.00983411
458,8.2953,0.0667956,1,-0.141116,-0.232446,-0.144224,-0.136154,-0.221658,-0.259306,-0.141116,-0.232446,-0.129801,0.0142466
459,8.31341,0.0690946,1,-0.155509,-0.24966,-0.171939,-0.152248,-0.241074,-0.291261,-0.155509,-0.24966,-0.154745,0.0187166
460,8.33152,0.0724505,1,-0.170839,-0.273564,-0.19335,-0.169363,-0.265006,-0.318537,-0.170839,-0.273564,-0.174015,0.0231222
461,8.34963,0.0755872,1,-0.188916,-0.301385,-0.209864,-0.188157,-0.293704,-0.340557,-0.188916,-0.301385,-0.188878,0.0277527
462,8.36774,0.077788,1,-0.208916,-0.332842,-0.221894,-0.209211,-0.327407,-0.356516,-0.208916,-0.332842,-0.199704,0.0324499
463,8.38586,0.0806305,1,-0.231381,-0.36495,-0.2257,-0.233041,-0.36628,-0.36534,-0.231381,-0.36495,-0.20313,0.0365559
464,8.40397,0.0836946,1,-0.255233,-0.400458,-0.221101,-0.260083,-0.410296,-0.365649,-0.255233,-0.400458,-0.198991,0.0395027
465,8.42208,0.0864877,1,-0.282083,-0.439989,-0.207417,-0.290657,-0.459081,-0.355749,-0.282083,-0.439989,-0.186675,0.0409562
466,8.44019,0.0887094,1,-0.310674,-0.480035,-0.18399,-0.32491,-0.511685,-0.333669,-0.310674,-0.480035,-0.165591,0.0400127
467,8.4583,0.0909479,1,-0.342866,-0.520932,-0.147769,-0.362714,-0.566307,-0.297308,-0.342866,-0.520932,-0.132992,0.0354655
468,8.47642,0.091532,1,-0.376413,-0.56167,-0.0998401,-0.403533,-0.619995,-0.244744,-0.376413,-0.56167,-0.0898561,0.0263068
469,8.49453,0.0931294,1,-0.410426,-0.594476,-0.0359794,-0.446269,-0.66843,-0.174779,-0.410426,-0.594476,-0.0323814,0.0103368
470,8.51264,0.0931703,1,-0.443405,-0.614329,0.0370065,-0.48911,-0.705959,-0.0877222,-0.443405,-0.614329,0.0333058,-0.0114862
471,8.53075,0.0935712,1,-0.471068,-0.615984,0.117281,-0.529458,-0.726102,0.0136893,-0.471068,-0.615984,0.105553,-0.0386733
472,8.54886,0.0928117,1,-0.492631,-0.598697,0.19677,-0.564023,-0.722744,0.123575,-0.492631,-0.598697,0.177093,-0.0678547
473,8.56698,0.0923448,1,-0.504615,-0.56216,0.272856,-0.589175,-0.691917,0.232912,-0.504615,-0.56216,0.24557,-0.0963809
474,8.58509,0.0904497,1,-0.507442,-0.508487,0.335029,-0.601572,-0.633645,0.330744,-0.507442,-0.508487,0.301526,-0.119005
475,8.6032,0.0867047,1,-0.499247,-0.443142,0.38284,-0.598945,-0.552913,0.406582,-0.499247,-0.443142,0.344556,-0.133792
476,8.62131,0.0813598,1,-0.480088,-0.373485,0.403955,-0.58076,-0.458935,0.453166,-0.480088,-0.373485,0.363559,-0.135754
477,8.63942,0.0746454,1,-0.451102,-0.305942,0.404992,-0.548467,-0.362775,0.468284,-0.451102,-0.305942,0.364493,-0.127885
478,8.65754,0.0674865,1,-0.415265,-0.244891,0.38615,-0.505197,-0.274397,0.454742,-0.415265,-0.244891,0.347535,-0.112248
479,8.67565,0.058997,1,-0.376232,-0.194535,0.353919,-0.455036,-0.200514,0.418696,-0.376232,-0.194535,0.318527,-0.0932089
480,8.69376,0.051444,1,-0.337629,-0.160278,0.308187,-0.402181,-0.143965,0.367401,-0.337629,-0.160278,0.277369,-0.0728371
481,8.71187,0.0429932,1,-0.298997,-0.134133,0.262332,-0.35027,-0.104396,0.30741,-0.298997,-0.134133,0.236099,-0.0549056
482,8.72998,0.0359642,1,-0.264146,-0.119063,0.213991,-0.302015,-0.0795109,0.243688,-0.264146,-0.119063,0.192592,-0.0395675
483,8.7481,0.0299876,1,-0.234026,-0.110147,0.167662,-0.259131,-0.0662484,0.179513,-0.234026,-0.110147,0.150896,-0.0274662
484,8.76621,0.0290044,1,-0.208375,-0.109773,0.118882,-0.222466,-0.0615978,0.116795,-0.208375,-0.109773,0.106994,-0.0173404
485,8.78432,0.0291959,1,-0.187724,-0.110729,0.0726666,-0.192206,-0.0630203,0.056511,-0.187724,-0.110729,0.0653999,-0.00954889
486,8.80243,0.0309778,1,-0.169837,-0.11523,0.0255525,-0.168103,-0.0685904,-0.000917292,-0.169837,-0.11523,0.0229972,-0.00303782
487,8.82054,0.0350498,1,-0.157556,-0.12245,-0.0159238,-0.149658,-0.0769766,-0.0553603,-0.157556,-0.12245,-0.0143315,0.00175623
488,8.83866,0.0397692,1,-0.148461,-0.134699,-0.058293,-0.136273,-0.0873521,-0.106816,-0.148461,-0.134699,-0.0524637,0.00605796
489,8.85677,0.0465248,1,-0.144873,-0.149381,-0.0946805,-0.127345,-0.0992879,-0.15532,-0.144873,-0.149381,-0.0852125,0.00960168
490,8.87488,0.0525766,1,-0.14406,-0.166167,-0.130489,-0.122332,-0.112655,-0.200897,-0.14406,-0.166167,-0.11744,0.0131588
491,8.89299,0.0592675,1,-0.146071,-0.182593,-0.160662,-0.120792,-0.127545,-0.243539,-0.146071,-0.182593,-0.144596,0.0164277
492,8.9111,0.0651032,1,-0.150104,-0.201293,-0.18997,-0.122391,-0.144212,-0.283185,-0.150104,-0.201293,-0.170973,0.0199607
493,8.92922,0.0719608,1,-0.158,-0.220003,-0.213299,-0.126917,-0.163035,-0.319711,-0.158,-0.220003,-0.191969,0.0235909
494,8.94733,0.0785718,1,-0.167391,-0.243498,-0.234832,-0.134272,-0.184485,-0.352905,-0.167391,-0.243498,-0.211349,0.0275162
495,8.96544,0.086326,1,-0.181074,-0.26987,-0.250824,-0.144471,-0.20911,-0.382448,-0.181074,-0.26987,-0.225741,0.0317923
496,8.98355,0.0938161,1,-0.196911,-0.302858,-0.264374,-0.15763,-0.237516,-0.407873,-0.196911,-0.302858,-0.237937,0.0364407
497,9.00166,0.10203,1,-0.217668,-0.338161,-0.271292,-0.173957,-0.270343,-0.42852,-0.217668,-0.338161,-0.244163,0.0413361
498,9.01978,0.110385,1,-0.239456,-0.380013,-0.272277,-0.193739,-0.308227,-0.443483,-0.239456,-0.380013,-0.245049,0.0456388
499,9.03789,0.120394,1,-0.266044,-0.423215,-0.261798,-0.217321,-0.351728,-0.451534,-0.266044,-0.423215,-0.235618,0.0487548
500,9.056,0.130883,1,-0.294757,-0.470949,-0.241151,-0.245071,-0.401222,-0.451058,-0.294757,-0.470949,-0.217036,0.0497567
501,9.07411,0.143526,1,-0.328391,-0.51734,-0.20437,-0.277329,-0.456713,-0.439989,-0.328391,-0.51734,-0.183933,0.0469792
502,9.09222,0.156687,1,-0.363639,-0.563781,-0.152967,-0.314316,-0.517561,-0.415805,-0.363639,-0.563781,-0.137671,0.0389374
503,9.11034,0.170392,1,-0.400964,-0.603227,-0.0847115,-0.356009,-0.582106,-0.37563,-0.400964,-0.603227,-0.0762404,0.0237764
504,9.12845,0.181177,1,-0.436778,-0.631538,-0.00507012,-0.401958,-0.64721,-0.316547,-0.436778,-0.631538,-0.00456311,0.00155016
505,9.14656,0.18986,1,-0.469755,-0.642081,0.0854133,-0.451052,-0.707829,-0.236251,-0.469755,-0.642081,0.076872,-0.0280863
506,9.16467,0.192973,1,-0.496711,-0.632481,0.176093,-0.501269,-0.756841,-0.134116,-0.496711,-0.632481,0.158484,-0.0612272
507,9.18278,0.19437,1,-0.51538,-0.598302,0.265111,-0.5495,-0.785516,-0.0126051,-0.51538,-0.598302,0.2386,-0.0956432
508,9.2009,0.194186,1,-0.5219,-0.542221,0.343465,-0.591576,-0.785038,0.121408,-0.5219,-0.542221,0.309118,-0.125478
509,9.21901,0.192009,1,-0.515899,-0.470188,0.402481,-0.622681,-0.749148,0.256259,-0.515899,-0.470188,0.362233,-0.145348
510,9.23712,0.186477,1,-0.497844,-0.39207,0.434804,-0.638217,-0.677162,0.377024,-0.497844,-0.39207,0.391323,-0.151525
511,9.25523,0.179517,1,-0.468624,-0.314201,0.444758,-0.634979,-0.575755,0.469145,-0.468624,-0.314201,0.400282,-0.145897
512,9.27334,0.17206,1,-0.431178,-0.242014,0.425771,-0.612184,-0.457948,0.522845,-0.431178,-0.242014,0.383194,-0.128508
513,9.29146,0.163519,1,-0.386404,-0.180859,0.391994,-0.571858,-0.339278,0.535958,-0.386404,-0.180859,0.352795,-0.106028
514,9.30957,0.153233,1,-0.340113,-0.134468,0.343465,-0.518337,-0.233109,0.513604,-0.340113,-0.134468,0.309118,-0.0817717
515,9.32768,0.138771,1,-0.296298,-0.103684,0.292055,-0.457123,-0.147537,0.465215,-0.296298,-0.103684,0.26285,-0.0605748
516,9.34579,0.123843,1,-0.257407,-0.0883566,0.235307,-0.393646,-0.0849436,0.400954,-0.257407,-0.0883566,0.211777,-0.0423988
517,9.3639,0.108436,1,-0.223055,-0.0809311,0.181148,-0.332357,-0.0434841,0.329222,-0.223055,-0.0809311,0.163033,-0.0282842
518,9.38202,0.0945055,1,-0.193971,-0.0800102,0.128064,-0.276334,-0.0191556,0.255763,-0.193971,-0.0800102,0.115258,-0.0173885
519,9.40013,0.0811824,1,-0.16944,-0.080863,0.078851,-0.227305,-0.00746029,0.183901,-0.16944,-0.080863,0.0709659,-0.00935238
520,9.41824,0.0709046,1,-0.149535,-0.0866513,0.0316171,-0.185904,-0.00437437,0.115224,-0.149535,-0.0866513,0.0284553,-0.00330949
521,9.43635,0.0631486,1,-0.136374,-0.0947097,-0.0127994,-0.152,-0.00673362,0.0502822,-0.136374,-0.0947097,-0.0115194,0.00122185
522,9.45446,0.0614759,1,-0.126358,-0.107482,-0.0585551,-0.124995,-0.0122684,-0.0109069,-0.126358,-0.107482,-0.0526996,0.00517921
523,9.47258,0.0605326,1,-0.120696,-0.118175,-0.0997652,-0.104063,-0.0194774,-0.0685459,-0.120696,-0.118175,-0.0897887,0.00842888
524,9.49069,0.0632788,1,-0.11732,-0.132041,-0.13816,-0.0883141,-0.0274551,-0.122896,-0.11732,-0.132041,-0.124344,0.0113463
525,9.5088,0.0675132,1,-0.117833,-0.145211,-0.170732,-0.0768984,-0.0357285,-0.174204,-0.117833,-0.145211,-0.153659,0.0140825
526,9.52691,0.0749474,1,-0.120473,-0.161437,-0.201556,-0.0690639,-0.0441243,-0.222679,-0.120473,-0.161437,-0.181401,0.0169975
527,9.54502,0.0828261,1,-0.126075,-0.175493,-0.227692,-0.0641839,-0.0526696,-0.268491,-0.126075,-0.175493,-0.204923,0.0200944
528,9.56314,0.0937542,1,-0.13279,-0.19571,-0.254163,-0.0617632,-0.0615237,-0.311771,-0.13279,-0.19571,-0.228746,0.0236252
529,9.58125,0.106243,1,-0.143923,-0.216762,-0.276512,-0.061434,-0.0709338,-0.352619,-0.143923,-0.216762,-0.248861,0.0278576
530,9.59936,0.120891,1,-0.156192,-0.244142,-0.298359,-0.0629462,-0.0812103,-0.391106,-0.156192,-0.244142,-0.268523,0.0326209
531,9.61747,0.136996,1,-0.17206,-0.272462,-0.314223,-0.0661562,-0.0927159,-0.427269,-0.17206,-0.272462,-0.2828,0.0378456
532,9.63558,0.156847,1,-0.189773,-0.309563,-0.326179,-0.0710171,-0.105864,-0.461109,-0.189773,-0.309563,-0.293561,0.04333
533,9.6537,0.179181,1,-0.212564,-0.347878,-0.329247,-0.0775704,-0.121125,-0.492579,-0.212564,-0.347878,-0.296323,0.0489902
534,9.67181,0.205175,1,-0.237285,-0.394795,-0.326705,-0.0859416,-0.139036,-0.521569,-0.237285,-0.394795,-0.294034,0.0542654
535,9.68992,0.23515,1,-0.268037,-0.442323,-0.309512,-0.096338,-0.160213,-0.547882,-0.268037,-0.442323,-0.278561,0.0580724
536,9.70803,0.269697,0,-0.301891,-0.497092,-0.281634,-0.109049,-0.185366,-0.5712,-0.301891,-0.497092,-0.253471,0.059516
537,9.72614,0.308311,0,-0.339498,-0.551007,-0.235761,-0.124451,-0.2153,-0.591038,-0.339498,-0.551007,-0.212185,0.0560283
538,9.74426,0.349395,0,-0.378736,-0.60494,-0.176175,-0.143005,-0.250919,-0.606675,-0.378736,-0.60494,-0.158557,0.0467067
539,9.76237,0.393519,0,-0.420803,-0.647411,-0.0938027,-0.165261,-0.293201,-0.617066,-0.420803,-0.647411,-0.0844224,0.0276307
540,9.78048,0.436999,0,-0.46107,-0.674967,0.0040251,-0.191849,-0.343133,-0.620724,-0.46107,-0.674967,0.00362259,-0.0012991
541,9.79859,0.477808,0,-0.497219,-0.680844,0.113787,-0.223456,-0.401586,-0.615575,-0.497219,-0.680844,0.102409,-0.0396041
542,9.8167,0.511546,0,-0.526386,-0.662144,0.224128,-0.260772,-0.469077,-0.598802,-0.526386,-0.662144,0.201715,-0.0825846
543,9.83482,0.536088,0,-0.544354,-0.611659,0.327818,-0.304394,-0.545371,-0.566719,-0.544354,-0.611659,0.295036,-0.124914
544,9.85293,0.548131,0,-0.546363,-0.534953,0.410301,-0.354651,-0.628854,-0.514778,-0.546363,-0.534953,0.369271,-0.156921
545,9.87104,0.550131,0,-0.532484,-0.443868,0.4673,-0.411324,-0.715675,-0.437892,-0.532484,-0.443868,0.42057,-0.174181
546,9.88915,0.541196,0,-0.504778,-0.34796,0.489896,-0.473246,-0.798755,-0.331365,-0.504778,-0.34796,0.440906,-0.173102
547,9.90726,0.526197,0,-0.464104,-0.25517,0.478662,-0.537818,-0.867085,-0.192737,-0.464104,-0.25517,0.430796,-0.155504
548,9.92538,0.510477,0,-0.416653,-0.179527,0.444378,-0.600566,-0.90616,-0.0245984,-0.416653,-0.179527,0.39994,-0.129606
549,9.94349,0.500558,0,-0.362921,-0.118994,0.397616,-0.655059,-0.900668,0.162425,-0.362921,-0.118994,0.357855,-0.101012
550,9.9616,0.493411,0,-0.310848,-0.0758365,0.340033,-0.693592,-0.839903,0.348537,-0.310848,-0.0758365,0.30603,-0.073989
551,9.97971,0.484531,0,-0.262269,-0.0506786,0.281782,-0.70887,-0.724219,0.508059,-0.262269,-0.0506786,0.253604,-0.0517318
552,9.99782,0.470506,0,-0.220272,-0.039866,0.219719,-0.696319,-0.568258,0.617598,-0.220272,-0.039866,0.197747,-0.0338786
553,10.0159,0.4499,0,-0.184043,-0.0359629,0.161121,-0.655949,-0.397194,0.665152,-0.184043,-0.0359629,0.145009,-0.0207572
554,10.034,0.422055,0,-0.153609,-0.0364782,0.104981,-0.592578,-0.237226,0.653979,-0.153609,-0.0364782,0.0944831,-0.0112882
555,10.0522,0.387246,0,-0.129139,-0.0385672,0.0538392,-0.51425,-0.106513,0.598772,-0.129139,-0.0385672,0.0484552,-0.00486691
556,10.0703,0.349854,0,-0.109602,-0.044413,0.0043872,-0.429772,-0.0117858,0.517826,-0.109602,-0.044413,0.00394848,-0.000336592
557,10.0884,0.312358,0,-0.0962485,-0.0534441,-0.0418214,-0.346661,0.0493768,0.426605,-0.0962485,-0.0534441,-0.0376393,0.00281768
558,10.1065,0.280013,0,-0.0855391,-0.0633449,-0.0883957,-0.270128,0.0840731,0.335181,-0.0855391,-0.0633449,-0.0795562,0.0052929
559,10.1246,0.249912,1,-0.0791051,-0.0700434,-0.129439,-0.20302,0.100349,0.248688,-0.0791051,-0.0700434,-0.116495,0.00716751
560,10.1427,0.226033,1,-0.0743674,-0.0800162,-0.168403,-0.14629,0.105182,0.168941,-0.0743674,-0.0800162,-0.151562,0.00876657
561,10.1608,0.206045,1,-0.0736963,-0.0891171,-0.203109,-0.0996138,0.103835,0.0959918,-0.0736963,-0.0891171,-0.182798,0.0104779
562,10.1789,0.192543,1,-0.073732,-0.100305,-0.237257,-0.061926,0.0999346,0.0291701,-0.073732,-0.100305,-0.213531,0.0122454
563,10.1971,0.182615,1,-0.0768195,-0.111288,-0.267138,-0.0318245,0.0958211,-0.0323482,-0.0768195,-0.111288,-0.240424,0.014365
564,10.2152,0.178986,1,-0.0806173,-0.12531,-0.29711,-0.00782795,0.0929192,-0.0892967,-0.0806173,-0.12531,-0.267399,0.0167665
565,10.2333,0.177333,1,-0.086373,-0.136261,-0.322909,0.0114742,0.0920525,-0.142244,-0.086373,-0.136261,-0.290618,0.0195234
566,10.2514,0.182835,1,-0.0928163,-0.152738,-0.350102,0.0273489,0.0936797,-0.191595,-0.0928163,-0.152738,-0.315092,0.0227466
567,10.2695,0.192485,1,-0.103161,-0.170481,-0.372834,0.040896,0.0980623,-0.237618,-0.103161,-0.170481,-0.335551,0.0269234
568,10.2876,0.209584,1,-0.114484,-0.195661,-0.394844,0.0530544,0.10538,-0.28047,-0.114484,-0.195661,-0.355359,0.0316424
569,10.3057,0.230243,1,-0.128605,-0.221256,-0.41014,0.0646235,0.115806,-0.320209,-0.128605,-0.221256,-0.369126,0.0369224
570,10.3238,0.258099,0,-0.144018,-0.253762,-0.422953,0.0762932,0.129556,-0.356805,-0.144018,-0.253762,-0.380658,0.042639
571,10.342,0.291382,0,-0.163668,-0.288465,-0.428511,0.0886736,0.146921,-0.390127,-0.163668,-0.288465,-0.38566,0.0490936
572,10.3601,0.334006,0,-0.186623,-0.332814,-0.429641,0.102325,0.16828,-0.419928,-0.186623,-0.332814,-0.386677,0.0561266
573,10.3782,0.384311,0,-0.215156,-0.381746,-0.420595,0.117784,0.194101,-0.445812,-0.215156,-0.381746,-0.378536,0.0633454
574,10.3963,0.444292,0,-0.24737,-0.43934,-0.401868,0.135582,0.224939,-0.467189,-0.24737,-0.43934,-0.361681,0.0695871
575,10.4144,0.512539,0,-0.28551,-0.499947,-0.367996,0.156262,0.261401,-0.483218,-0.28551,-0.499947,-0.331197,0.0735466
576,10.4325,0.589264,0,-0.327128,-0.564334,-0.319572,0.180376,0.304086,-0.492725,-0.327128,-0.564334,-0.287615,0.0731787
577,10.4506,0.673054,0,-0.373111,-0.626837,-0.249733,0.20848,0.353485,-0.494123,-0.373111,-0.626837,-0.22476,0.0652247
578,10.4687,0.761675,0,-0.420937,-0.683367,-0.157992,0.241092,0.409804,-0.485322,-0.420937,-0.683367,-0.142193,0.0465533
579,10.4868,0.849765,0,-0.469335,-0.72314,-0.0431394,0.278628,0.472687,-0.463676,-0.469335,-0.72314,-0.0388254,0.0141728
580,10.505,0.931593,0,-0.514636,-0.739801,0.0886128,0.32128,0.540821,-0.426025,-0.514636,-0.739801,0.0797516,-0.0319223
581,10.5231,0.997175,0,-0.551455,-0.720728,0.23236,0.368837,0.611407,-0.368932,-0.551455,-0.720728,0.209124,-0.0896954
582,10.5412,1.03429,0,-0.57477,-0.659331,0.363516,0.420435,0.679592,-0.289273,-0.57477,-0.659331,0.327165,-0.146257
583,10.5593,1.03695,0,-0.578188,-0.56166,0.469561,0.474259,0.738064,-0.185315,-0.578188,-0.56166,0.422605,-0.190046
584,10.5774,1.00519,0,-0.560771,-0.4451,0.536007,0.527275,0.777244,-0.0583237,-0.560771,-0.4451,0.482406,-0.210404
585,10.5955,0.94218,0,-0.525998,-0.321072,0.558515,0.575145,0.786633,0.0856679,-0.525998,-0.321072,0.502664,-0.205644
586,10.6136,0.857175,0,-0.474894,-0.207248,0.536087,0.612539,0.757631,0.234847,-0.474894,-0.207248,0.482479,-0.178209
587,10.6317,0.767116,0,-0.415218,-0.119362,0.490239,0.63401,0.687296,0.372671,-0.415218,-0.119362,0.441215,-0.142489
588,10.6499,0.678275,0,-0.35126,-0.0545435,0.430669,0.63534,0.581214,0.481684,-0.35126,-0.0545435,0.387602,-0.105894
589,10.668,0.596382,0,-0.289424,-0.0101291,0.363174,0.614896,0.453225,0.548976,-0.289424,-0.0101291,0.326857,-0.073578
590,10.6861,0.524589,0,-0.233734,0.0124147,0.292517,0.574321,0.321331,0.570364,-0.233734,0.0124147,0.263265,-0.0478597
591,10.7042,0.459727,0,-0.184714,0.0223083,0.222425,0.518148,0.201833,0.550759,-0.184714,0.0223083,0.200182,-0.0287595
592,10.7223,0.400382,0,-0.14342,0.0233048,0.155768,0.45252,0.105035,0.500865,-0.14342,0.0233048,0.140191,-0.0156382
593,10.7404,0.3442,0,-0.110745,0.0211963,0.0998027,0.383674,0.0342663,0.432669,-0.110745,0.0211963,0.0898225,-0.00773686
594,10.7585,0.293285,0,-0.0837051,0.0192054,0.0452688,0.31679,-0.0124303,0.356158,-0.0837051,0.0192054,0.0407419,-0.00265246
595,10.7766,0.247466,1,-0.061545,0.0191428,-0.00433136,0.25546,-0.0397322,0.278087,-0.061545,0.0191428,-0.00389823,0.000186602
596,10.7948,0.208249,1,-0.0440159,0.0133224,-0.0533687,0.201696,-0.0529413,0.202243,-0.0440159,0.0133224,-0.0480318,0.00164435
597,10.8129,0.17412,1,-0.0310215,0.0111135,-0.096134,0.156224,-0.0567817,0.130322,-0.0310215,0.0111135,-0.0865206,0.00208756
598,10.831,0.145612,1,-0.0207232,0.00775626,-0.137678,0.118879,-0.0549397,0.0627952,-0.0207232,0.00775626,-0.12391,0.00199718
599,10.8491,0.122163,1,-0.0130724,0.00734217,-0.176722,0.0889564,-0.0500417,-0.000459026,-0.0130724,0.00734217,-0.159049,0.00161713
600,10.8672,0.104043,1,-0.00649053,0.00550014,-0.217458,0.0654898,-0.0438223,-0.0597846,-0.00649053,0.00550014,-0.195712,0.00098799
601,10.8853,0.0877311,1,-0.00164669,0.00424893,-0.253224,0.0474409,-0.0373403,-0.115562,-0.00164669,0.00424893,-0.227902,0.000291887
602,10.9034,0.073709,1,0.0024835,0.00323147,-0.287016,0.0338149,-0.0311775,-0.168132,0.0024835,0.00323147,-0.258314,-0.000498963
603,10.9215,0.0630951,1,0.00595551,0.0100097,-0.319558,0.0237235,-0.025598,-0.217777,0.00595551,0.0100097,-0.287603,-0.00133219
604,10.9396,0.0550412,1,0.0117314,0.0157166,-0.352724,0.0164119,-0.0206656,-0.264729,0.0117314,0.0157166,-0.317452,-0.00289655
605,10.9578,0.0472377,1,0.0153768,0.0224403,-0.381109,0.0112628,-0.0163261,-0.309176,0.0153768,0.0224403,-0.342998,-0.00410217
606,10.9759,0.0415887,1,0.0210158,0.0277774,-0.409538,0.00778704,-0.0124615,-0.351274,0.0210158,0.0277774,-0.368585,-0.00602476
607,10.994,0.0381451,1,0.0254646,0.037359,-0.433927,0.00560883,-0.00892336,-0.391162,0.0254646,0.037359,-0.390534,-0.00773483
608,11.0121,0.0375322,1,0.0324901,0.0453169,-0.45815,0.00444873,-0.00555146,-0.428959,0.0324901,0.0453169,-0.412335,-0.0104197
609,11.0302,0.0413594,1,0.0383382,0.0592034,-0.478623,0.0041073,-0.00218294,-0.464775,0.0383382,0.0592034,-0.43076,-0.0128447
610,11.0483,0.0484654,1,0.047602,0.0733503,-0.498753,0.00445084,0.00134571,-0.498709,0.047602,0.0733503,-0.448877,-0.0166191
611,11.0664,0.0588548,1,0.0561183,0.092237,-0.515232,0.0053997,0.00520072,-0.530852,0.0561183,0.092237,-0.463709,-0.0202397
612,11.0845,0.0711407,1,0.0681034,0.111775,-0.529806,0.00691946,0.00955595,-0.561285,0.0681034,0.111775,-0.476826,-0.0252571
613,11.1027,0.087571,1,0.0807325,0.138848,-0.540837,0.00901467,0.0145998,-0.590081,0.0807325,0.138848,-0.486753,-0.0305642
614,11.1208,0.10634,1,0.097578,0.169021,-0.550158,0.0117252,0.0205434,-0.617302,0.097578,0.169021,-0.495142,-0.0375783
615,11.1389,0.130589,1,0.116138,0.209075,-0.55336,0.0151249,0.0276308,-0.642997,0.116138,0.209075,-0.498024,-0.0449862
616,11.157,0.158947,1,0.1408,0.255405,-0.553341,0.0193224,0.0361496,-0.667195,0.1408,0.255405,-0.498007,-0.0545373
617,11.1751,0.194364,1,0.169094,0.313416,-0.544508,0.0244638,0.0464448,-0.689904,0.169094,0.313416,-0.490057,-0.064451
618,11.1932,0.235814,1,0.20505,0.378926,-0.526586,0.030738,0.0589336,-0.711099,0.20505,0.378926,-0.473927,-0.0755834
619,11.2113,0.285026,0,0.246054,0.453203,-0.492193,0.0383831,0.0741227,-0.730709,0.246054,0.453203,-0.442973,-0.0847741
620,11.2294,0.340998,0,0.294256,0.531533,-0.439708,0.0476961,0.092629,-0.748596,0.294256,0.531533,-0.395737,-0.0905708
621,11.2476,0.407061,0,0.348575,0.616585,-0.36218,0.0590438,0.1152,-0.764524,0.348575,0.616585,-0.325962,-0.0883728
622,11.2657,0.481147,0,0.409151,0.696194,-0.253603,0.0728763,0.142739,-0.778116,0.409151,0.696194,-0.228243,-0.0726335
623,11.2838,0.56282,0,0.469638,0.759469,-0.106209,0.0897413,0.176317,-0.788785,0.469638,0.759469,-0.0955881,-0.0349159
624,11.3019,0.643913,0,0.528965,0.788709,0.0657302,0.110299,0.217189,-0.795638,0.528965,0.788709,0.0591572,0.0243383
625,11.32,0.719119,0,0.577404,0.769219,0.253144,0.135332,0.266767,-0.797336,0.577404,0.769219,0.227829,0.102316
626,11.3381,0.779759,0,0.608786,0.690755,0.430857,0.165747,0.32655,-0.791904,0.608786,0.690755,0.387771,0.18361
627,11.3562,0.818583,0,0.615447,0.554798,0.5708,0.202554,0.397946,-0.776476,0.615447,0.554798,0.51372,0.245908
628,11.3743,0.83626,0,0.591308,0.385331,0.656559,0.246801,0.481914,-0.746999,0.591308,0.385331,0.590903,0.27176
629,11.3924,0.831062,0,0.539854,0.215328,0.674052,0.299427,0.57831,-0.697966,0.539854,0.215328,0.606647,0.254723
630,11.4106,0.813897,0,0.470947,0.0693921,0.641174,0.360991,0.684792,-0.622344,0.470947,0.0693921,0.577057,0.211371
631,11.4287,0.791386,0,0.3893,-0.0403686,0.573654,0.431199,0.795233,-0.512113,0.3893,-0.0403686,0.516289,0.156326
632,11.4468,0.770817,0,0.307565,-0.113238,0.488445,0.508196,0.897857,-0.360029,0.307565,-0.113238,0.439601,0.10516
633,11.4649,0.758122,0,0.230249,-0.157914,0.398019,0.587694,0.974068,-0.163316,0.230249,-0.157914,0.358217,0.0641505
634,11.483,0.752396,0,0.162157,-0.179006,0.311899,0.662257,1,0.0707675,0.162157,-0.179006,0.280709,0.0354035
635,11.5011,0.74928,0,0.101003,-0.183382,0.233595,0.721462,0.953215,0.319862,0.101003,-0.183382,0.210235,0.0165157
636,11.5192,0.74232,0,0.0536032,-0.185415,0.168872,0.753748,0.82441,0.547244,0.0536032,-0.185415,0.151985,0.00633644
637,11.5373,0.721452,0,0.0138073,-0.180387,0.10772,0.750075,0.627716,0.712996,0.0138073,-0.180387,0.0969476,0.00104112
638,11.5555,0.68488,0,-0.0175955,-0.177589,0.0515403,0.70781,0.399363,0.791874,-0.0175955,-0.177589,0.0463863,-0.000634814
639,11.5736,0.633021,0,-0.0446701,-0.17656,0.000378532,0.63227,0.182137,0.784748,-0.0446701,-0.17656,0.000340678,-1.18363e-05
640,11.5917,0.56954,0,-0.064988,-0.180459,-0.0463005,0.534661,0.00686775,0.714263,-0.064988,-0.180459,-0.0416704,0.00210628
641,11.6098,0.501715,0,-0.0824616,-0.184857,-0.0897565,0.427895,-0.115573,0.610165,-0.0824616,-0.184857,-0.0807809,0.00518103
642,11.6279,0.434562,0,-0.0985455,-0.193119,-0.126875,0.322917,-0.190147,0.496738,-0.0985455,-0.193119,-0.114188,0.00875207
643,11.646,0.373268,0,-0.11387,-0.203173,-0.160399,0.226994,-0.228986,0.388356,-0.11387,-0.203173,-0.144359,0.0127853
644,11.6641,0.319149,0,-0.127472,-0.217547,-0.189868,0.143757,-0.244733,0.291032,-0.127472,-0.217547,-0.170882,0.016942
645,11.6822,0.27254,0,-0.141444,-0.234441,-0.213993,0.0740963,-0.247525,0.205776,-0.141444,-0.234441,-0.192594,0.0211876
646,11.7004,0.234999,1,-0.15643,-0.258236,-0.236503,0.0171939,-0.24444,0.131381,-0.15643,-0.258236,-0.212853,0.0258972
647,11.7185,0.205341,1,-0.174059,-0.283414,-0.255613,-0.0286559,-0.240015,0.0660542,-0.174059,-0.283414,-0.230051,0.0311441
648,11.7366,0.18203,1,-0.193065,-0.313409,-0.269841,-0.0654908,-0.236973,0.00816399,-0.193065,-0.313409,-0.242857,0.0364677
649,11.7547,0.163418,1,-0.215511,-0.347855,-0.274511,-0.0953548,-0.23686,-0.0435151,-0.215511,-0.347855,-0.247059,0.0414121
650,11.7728,0.1525,1,-0.240002,-0.38803,-0.273183,-0.120128,-0.240499,-0.089788,-0.240002,-0.38803,-0.245865,0.0458951
651,11.7909,0.147468,1,-0.267322,-0.430532,-0.258331,-0.141455,-0.248295,-0.131101,-0.267322,-0.430532,-0.232498,0.0483403
652,11.809,0.152687,1,-0.296885,-0.476826,-0.235268,-0.160734,-0.260435,-0.16761,-0.296885,-0.476826,-0.211741,0.0488932
653,11.8271,0.166622,1,-0.330513,-0.522695,-0.201626,-0.179133,-0.276998,-0.199234,-0.330513,-0.522695,-0.181463,0.0466479
654,11.8452,0.188545,1,-0.36646,-0.567649,-0.151946,-0.197617,-0.298014,-0.225682,-0.36646,-0.567649,-0.136751,0.0389774
655,11.8634,0.216894,1,-0.404048,-0.606322,-0.0848183,-0.216976,-0.323473,-0.246465,-0.404048,-0.606322,-0.0763365,0.0239895
656,11.8815,0.24923,1,-0.441864,-0.635161,-0.00538581,-0.237852,-0.353307,-0.260893,-0.441864,-0.635161,-0.00484723,0.00166586
657,11.8996,0.282483,0,-0.476181,-0.647797,0.0856645,-0.260748,-0.387325,-0.268076,-0.476181,-0.647797,0.077098,-0.0285543
658,11.9177,0.311612,0,-0.503002,-0.636142,0.179949,-0.286023,-0.425123,-0.266927,-0.503002,-0.636142,0.161954,-0.0633602
659,11.9358,0.336051,0,-0.51974,-0.601043,0.271203,-0.313867,-0.465955,-0.256204,-0.51974,-0.601043,0.244082,-0.0986684
660,11.9539,0.353389,0,-0.525945,-0.543904,0.348833,-0.344256,-0.508582,-0.234598,-0.525945,-0.543904,0.31395,-0.128427
661,11.972,0.365494,0,-0.519727,-0.470593,0.410539,-0.376888,-0.551104,-0.200912,-0.519727,-0.470593,0.369485,-0.149358
662,11.9901,0.366288,0,-0.500043,-0.388407,0.440308,-0.411099,-0.590843,-0.154342,-0.500043,-0.388407,0.396277,-0.154121
663,12.0083,0.36166,0,-0.468992,-0.30735,0.444911,-0.445784,-0.624327,-0.094885,-0.468992,-0.30735,0.40042,-0.146062
664,12.0264,0.353538,0,-0.429046,-0.233645,0.424688,-0.479349,-0.647495,-0.0238267,-0.429046,-0.233645,0.382219,-0.127547
665,12.0445,0.346098,0,-0.384054,-0.173814,0.388763,-0.509734,-0.656209,0.0558184,-0.384054,-0.173814,0.349887,-0.104514
666,12.0626,0.33853,0,-0.339357,-0.131491,0.338763,-0.53456,-0.647092,0.139119,-0.339357,-0.131491,0.304887,-0.0804732
667,12.0807,0.33675,0,-0.294259,-0.0993199,0.286392,-0.551421,-0.61855,0.219538,-0.294259,-0.0993199,0.257752,-0.0589912
668,12.0988,0.334676,0,-0.253291,-0.0821703,0.231196,-0.558291,-0.571614,0.289878,-0.253291,-0.0821703,0.208077,-0.0409919
669,12.1169,0.332504,0,-0.218226,-0.0724949,0.178205,-0.553972,-0.510178,0.343689,-0.218226,-0.0724949,0.160384,-0.0272222
670,12.135,0.327178,0,-0.188634,-0.0727813,0.124343,-0.538412,-0.440364,0.37668,-0.188634,-0.0727813,0.111908,-0.0164186
671,12.1532,0.318901,0,-0.165674,-0.0753849,0.0740162,-0.512785,-0.369169,0.387543,-0.165674,-0.0753849,0.0666146,-0.00858379
672,12.1713,0.309211,0,-0.146104,-0.0806248,0.0223164,-0.479277,-0.302915,0.377869,-0.146104,-0.0806248,0.0200848,-0.00228236
673,12.1894,0.294916,0,-0.131956,-0.0872759,-0.0234055,-0.440667,-0.246114,0.351285,-0.131956,-0.0872759,-0.0210649,0.00216193
674,12.2075,0.278631,0,-0.120791,-0.0993355,-0.0680886,-0.399842,-0.201072,0.312287,-0.120791,-0.0993355,-0.0612797,0.00575716
675,12.2256,0.25864,0,-0.115744,-0.113223,-0.106665,-0.359392,-0.168138,0.265226,-0.115744,-0.113223,-0.0959988,0.00864212
676,12.2437,0.239086,1,-0.11337,-0.128683,-0.143934,-0.321368,-0.146319,0.213713,-0.11337,-0.128683,-0.129541,0.0114224
677,12.2618,0.219506,1,-0.114027,-0.143485,-0.177908,-0.287192,-0.133939,0.160428,-0.114027,-0.143485,-0.160117,0.0142005
678,12.2799,0.201249,1,-0.11603,-0.159355,-0.209852,-0.257706,-0.129155,0.107195,-0.11603,-0.159355,-0.188867,0.0170444
679,12.298,0.182378,1,-0.122214,-0.174359,-0.237237,-0.233275,-0.130291,0.0551819,-0.122214,-0.174359,-0.213514,0.0202955
680,12.3162,0.166199,1,-0.12983,-0.193587,-0.264107,-0.213924,-0.135993,0.00510895,-0.12983,-0.193587,-0.237697,0.0240024
681,12.3343,0.150657,1,-0.140837,-0.214991,-0.287105,-0.199462,-0.145273,-0.0425754,-0.140837,-0.214991,-0.258395,0.0283045
682,12.3524,0.137673,1,-0.152926,-0.241585,-0.307673,-0.189586,-0.157494,-0.0875679,-0.152926,-0.241585,-0.276905,0.0329358
683,12.3705,0.124717,1,-0.169781,-0.270407,-0.32156,-0.183962,-0.172314,-0.129625,-0.169781,-0.270407,-0.289404,0.0382164
684,12.3886,0.116937,1,-0.188012,-0.307816,-0.332888,-0.182278,-0.189629,-0.168504,-0.188012,-0.307816,-0.299599,0.0438109
685,12.4067,0.111593,1,-0.211201,-0.348511,-0.335513,-0.184276,-0.209518,-0.203925,-0.211201,-0.348511,-0.301962,0.0496024
686,12.4248,0.112838,1,-0.236494,-0.396251,-0.330922,-0.189774,-0.23219,-0.235535,-0.236494,-0.396251,-0.297829,0.0547828
687,12.4429,0.119131,1,-0.267178,-0.446052,-0.312829,-0.198669,-0.257935,-0.26288,-0.267178,-0.446052,-0.281546,0.0585067
688,12.4611,0.133872,1,-0.300646,-0.500894,-0.284287,-0.210931,-0.287082,-0.285369,-0.300646,-0.500894,-0.255858,0.0598288
689,12.4792,0.155039,1,-0.33884,-0.554991,-0.236959,-0.226597,-0.319937,-0.302246,-0.33884,-0.554991,-0.213263,0.0562037
690,12.4973,0.183079,1,-0.379581,-0.608018,-0.172948,-0.245744,-0.356717,-0.312551,-0.379581,-0.608018,-0.155654,0.0459535
691,12.5154,0.21544,1,-0.422204,-0.650231,-0.0877055,-0.26846,-0.39745,-0.3151,-0.422204,-0.650231,-0.078935,0.0259208
692,12.5335,0.248983,1,-0.462203,-0.677462,0.0115811,-0.294792,-0.441851,-0.30848,-0.462203,-0.677462,0.010423,-0.00374698
693,12.5516,0.281539,0,-0.498096,-0.68279,0.121489,-0.324687,-0.489146,-0.291093,-0.498096,-0.68279,0.10934,-0.0423591
694,12.5697,0.307167,0,-0.526695,-0.660467,0.228148,-0.357899,-0.537871,-0.261273,-0.526695,-0.660467,0.205334,-0.0841153
695,12.5878,0.327617,0,-0.543296,-0.607386,0.329462,-0.393878,-0.58566,-0.217531,-0.543296,-0.607386,0.296515,-0.125297
696,12.606,0.34102,0,-0.54459,-0.530322,0.412328,-0.43165,-0.629102,-0.15896,-0.54459,-0.530322,0.371095,-0.157185
697,12.6241,0.346606,0,-0.530185,-0.438773,0.467484,-0.469702,-0.66377,-0.085801,-0.530185,-0.438773,0.420736,-0.173497
698,12.6422,0.343524,0,-0.502291,-0.345501,0.488812,-0.50592,-0.68458,-0.000103706,-0.502291,-0.345501,0.439931,-0.171868
699,12.6603,0.3368,0,-0.462763,-0.254614,0.478535,-0.537653,-0.686613,0.0937359,-0.462763,-0.254614,0.430681,-0.155014
700,12.6784,0.328205,0,-0.415192,-0.180208,0.444398,-0.56195,-0.666354,0.1889,-0.415192,-0.180208,0.399958,-0.129158
701,12.6965,0.324309,0,-0.36068,-0.118347,0.396995,-0.575998,-0.62306,0.276863,-0.36068,-0.118347,0.357296,-0.100232
702,12.7146,0.319424,0,-0.308987,-0.0761194,0.338741,-0.577694,-0.559635,0.348968,-0.308987,-0.0761194,0.304867,-0.0732668
703,12.7327,0.310752,0,-0.261823,-0.0547883,0.2794,-0.566182,-0.482454,0.398429,-0.261823,-0.0547883,0.25146,-0.0512074
704,12.7508,0.301228,0,-0.220295,-0.0440862,0.217029,-0.542137,-0.399962,0.421931,-0.220295,-0.0440862,0.195326,-0.0334673
705,12.769,0.287906,0,-0.185541,-0.0421049,0.160596,-0.507672,-0.320589,0.42011,-0.185541,-0.0421049,0.144536,-0.020858
706,12.7871,0.273489,0,-0.156098,-0.0431217,0.104794,-0.465896,-0.250897,0.396759,-0.156098,-0.0431217,0.0943142,-0.0114506
707,12.8052,0.256795,0,-0.131756,-0.045686,0.0533381,-0.420281,-0.194632,0.35731,-0.131756,-0.045686,0.0480042,-0.00491931
708,12.8233,0.238592,1,-0.113166,-0.0524396,0.00298941,-0.374091,-0.152812,0.307329,-0.113166,-0.0524396,0.00269047,-0.00023681
709,12.8414,0.218762,1,-0.100041,-0.0607097,-0.0428103,-0.329979,-0.124469,0.251526,-0.100041,-0.0607097,-0.0385293,0.00299796
710,12.8595,0.200745,1,-0.0893809,-0.0704911,-0.0883022,-0.289831,-0.107552,0.193375,-0.0893809,-0.0704911,-0.079472,0.00552477
711,12.8776,0.181892,1,-0.0831855,-0.0775455,-0.128104,-0.254777,-0.0996916,0.135182,-0.0831855,-0.0775455,-0.115294,0.00745949
712,12.8957,0.165203,1,-0.0788418,-0.0878442,-0.167226,-0.225325,-0.0986802,0.0783375,-0.0788418,-0.0878442,-0.150504,0.00922909
713,12.9139,0.14841,1,-0.0786271,-0.096962,-0.202075,-0.201524,-0.102713,0.0236226,-0.0786271,-0.096962,-0.181867,0.011122
714,12.932,0.13377,1,-0.0791136,-0.108461,-0.235577,-0.183133,-0.110457,-0.0285516,-0.0791136,-0.108461,-0.212019,0.0130461
715,12.9501,0.119325,1,-0.0826053,-0.119272,-0.265365,-0.169755,-0.121023,-0.0779686,-0.0826053,-0.119272,-0.238828,0.0153444
716,12.9682,0.10661,1,-0.0865,-0.133517,-0.293482,-0.160938,-0.133902,-0.124496,-0.0865,-0.133517,-0.264134,0.0177703
717,12.9863,0.0944967,1,-0.0926785,-0.144965,-0.318791,-0.156253,-0.148887,-0.168021,-0.0926785,-0.144965,-0.286912,0.0206816
718,13.0044,0.0848156,1,-0.0994291,-0.16258,-0.344213,-0.155331,-0.166001,-0.208403,-0.0994291,-0.16258,-0.309792,0.0239573
719,13.0225,0.0747075,1,-0.110158,-0.180634,-0.365625,-0.157892,-0.185444,-0.24545,-0.110158,-0.180634,-0.329062,0.0281936
720,13.0406,0.066924,1,-0.122317,-0.206245,-0.387138,-0.163756,-0.207539,-0.27889,-0.122317,-0.206245,-0.348425,0.0331476
721,13.0588,0.0577308,1,-0.137024,-0.232739,-0.401702,-0.172842,-0.2327,-0.308345,-0.137024,-0.232739,-0.361532,0.0385301
722,13.0769,0.0501065,1,-0.153262,-0.266442,-0.413845,-0.185166,-0.261392,-0.333293,-0.153262,-0.266442,-0.37246,0.0443987
723,13.095,0.0409832,1,-0.174289,-0.303117,-0.418251,-0.200825,-0.294087,-0.353035,-0.174289,-0.303117,-0.376426,0.0510276
724,13.1131,0.0337399,1,-0.198291,-0.349073,-0.417887,-0.219981,-0.331214,-0.366645,-0.198291,-0.349073,-0.376099,0.0580042
725,13.1312,0.0260616,1,-0.227865,-0.399428,-0.406377,-0.242835,-0.373071,-0.372928,-0.227865,-0.399428,-0.365739,0.0648195
726,13.1493,0.0240299,1,-0.261308,-0.458119,-0.384091,-0.269582,-0.419703,-0.370379,-0.261308,-0.458119,-0.345682,0.0702563
727,13.1674,0.0285133,1,-0.300362,-0.518846,-0.346075,-0.300355,-0.470724,-0.357178,-0.300362,-0.518846,-0.311467,0.0727635
728,13.1855,0.0403404,1,-0.342524,-0.582756,-0.292506,-0.335134,-0.525081,-0.331249,-0.342524,-0.582756,-0.263255,0.0701331
729,13.2036,0.0562607,1,-0.388872,-0.643359,-0.217331,-0.373624,-0.58076,-0.290438,-0.388872,-0.643359,-0.195598,0.0591597
730,13.2218,0.07552,1,-0.436514,-0.695358,-0.119096,-0.415108,-0.634491,-0.23288,-0.436514,-0.695358,-0.107186,0.0363909
731,13.2399,0.0965171,1,-0.484334,-0.728182,0.000797213,-0.45827,-0.68157,-0.157616,-0.484334,-0.728182,0.000717491,-0.000270282
732,13.258,0.11716,1,-0.52642,-0.733481,0.135128,-0.501054,-0.715982,-0.0654465,-0.52642,-0.733481,0.121615,-0.0497937
733,13.2761,0.136271,1,-0.558826,-0.702201,0.273675,-0.540611,-0.731086,0.0401295,-0.558826,-0.702201,0.246307,-0.107056
734,13.2942,0.150917,1,-0.57625,-0.629269,0.397056,-0.573449,-0.721002,0.152302,-0.57625,-0.629269,0.357351,-0.160162
735,13.3123,0.161319,1,-0.572483,-0.525213,0.490942,-0.595866,-0.682537,0.261217,-0.572483,-0.525213,0.441848,-0.196739
736,13.3304,0.166285,1,-0.549872,-0.406911,0.544847,-0.60465,-0.616961,0.355558,-0.549872,-0.406911,0.490362,-0.209717
737,13.3485,0.166658,1,-0.510323,-0.2862,0.551384,-0.597881,-0.530617,0.425217,-0.510323,-0.2862,0.496246,-0.196969
738,13.3667,0.164731,1,-0.456535,-0.180558,0.520358,-0.575527,-0.43369,0.464022,-0.456535,-0.180558,0.468322,-0.166293
739,13.3848,0.160315,1,-0.395386,-0.100157,0.472668,-0.53956,-0.337464,0.471162,-0.395386,-0.100157,0.425401,-0.13082
740,13.4029,0.154273,1,-0.332571,-0.0422273,0.408723,-0.493502,-0.25138,0.450642,-0.332571,-0.0422273,0.367851,-0.0951506
741,13.421,0.146607,1,-0.272397,-0.00453275,0.34125,-0.441622,-0.181209,0.409287,-0.272397,-0.00453275,0.307125,-0.0650688
742,13.4391,0.136146,1,-0.219151,0.0129608,0.271028,-0.38809,-0.128839,0.354454,-0.219151,0.0129608,0.243925,-0.0415773
743,13.4572,0.126296,1,-0.172585,0.0198058,0.201577,-0.336368,-0.0932117,0.29243,-0.172585,0.0198058,0.181419,-0.0243525
744,13.4753,0.115394,1,-0.134834,0.0196956,0.139116,-0.288926,-0.0716437,0.227773,-0.134834,0.0196956,0.125205,-0.0131304
745,13.4934,0.104759,1,-0.104083,0.0175256,0.0841871,-0.247241,-0.0609518,0.163372,-0.104083,0.0175256,0.0757684,-0.00613373
746,13.5116,0.097056,1,-0.0783642,0.0156332,0.030366,-0.211956,-0.0581658,0.100841,-0.0783642,0.0156332,0.0273294,-0.00166572
747,13.5297,0.0911247,1,-0.0581683,0.0149827,-0.0186091,-0.183107,-0.0608657,0.0409603,-0.0581683,0.0149827,-0.0167482,0.000757723
748,13.5478,0.0864617,1,-0.0417788,0.0087957,-0.0667923,-0.160346,-0.0672657,-0.0159651,-0.0417788,0.0087957,-0.0601131,0.00195335
749,13.5659,0.0839475,1,-0.0303037,0.00689559,-0.108795,-0.143119,-0.0761647,-0.0698691,-0.0303037,0.00689559,-0.0979155,0.00230782
750,13.584,0.0839977,1,-0.0207444,0.003687,-0.150075,-0.130803,-0.0868441,-0.120781,-0.0207444,0.003687,-0.135067,0.00217924
751,13.6021,0.0871485,1,-0.0139428,0.00348802,-0.189752,-0.122792,-0.0989589,-0.16875,-0.0139428,0.00348802,-0.170777,0.00185198
752,13.6202,0.0919941,1,-0.00782441,0.000994537,-0.229903,-0.118557,-0.112442,-0.213807,-0.00782441,0.000994537,-0.206913,0.0012592
753,13.6383,0.0988206,1,-0.00354927,-0.000118437,-0.263938,-0.117671,-0.127432,-0.255942,-0.00354927,-0.000118437,-0.237544,0.000655751
754,13.6564,0.108626,1,0.000441822,0.000441835,-0.298001,-0.119826,-0.144215,-0.295097,0.000441822,0.000441835,-0.2682,-9.21643e-05
755,13.6746,0.123702,1,0.00404645,0.00796794,-0.330331,-0.124831,-0.163194,-0.33114,0.00404645,0.00796794,-0.297298,-0.000935666
756,13.6927,0.140267,1,0.00951653,0.0121745,-0.362621,-0.132613,-0.184859,-0.363857,0.00951653,0.0121745,-0.326359,-0.00241562
757,13.7108,0.159773,1,0.0128258,0.0187599,-0.390285,-0.143207,-0.209776,-0.392917,0.0128258,0.0187599,-0.351257,-0.003504
758,13.7289,0.181975,1,0.0183559,0.0235065,-0.418279,-0.15675,-0.238566,-0.417843,0.0183559,0.0235065,-0.376451,-0.00537453
759,13.747,0.208963,1,0.022341,0.0324781,-0.442235,-0.173471,-0.271884,-0.437955,0.022341,0.0324781,-0.398012,-0.00691598
760,13.7651,0.239708,1,0.0289739,0.0397847,-0.466169,-0.193676,-0.31038,-0.452319,0.0289739,0.0397847,-0.419552,-0.00945472
761,13.7832,0.277512,0,0.0345813,0.0536078,-0.486578,-0.217727,-0.354627,-0.459669,0.0345813,0.0536078,-0.43792,-0.0117786
762,13.8013,0.320513,0,0.0430898,0.0664919,-0.506316,-0.24601,-0.405001,-0.458335,0.0430898,0.0664919,-0.455685,-0.015272
763,13.8195,0.37086,0,0.0511423,0.0842269,-0.522941,-0.278874,-0.461493,-0.446184,0.0511423,0.0842269,-0.470647,-0.0187211
764,13.8376,0.428109,0,0.0625084,0.103044,-0.537633,-0.316548,-0.523416,-0.420607,0.0625084,0.103044,-0.48387,-0.0235246
765,13.8557,0.493926,0,0.0743533,0.128688,-0.548909,-0.358999,-0.589019,-0.378637,0.0743533,0.128688,-0.494018,-0.0285692
766,13.8738,0.566948,0,0.0903043,0.157402,-0.558583,-0.405745,-0.655002,-0.317282,0.0903043,0.157402,-0.502724,-0.0353097
767,13.8919,0.64717,0,0.107903,0.195458,-0.5629,-0.455616,-0.716079,-0.23422,0.107903,0.195458,-0.50661,-0.0425172
768,13.91,0.73165,0,0.131171,0.239773,-0.564949,-0.506489,-0.764821,-0.128926,0.131171,0.239773,-0.508454,-0.0518736
769,13.9281,0.816522,0,0.158066,0.295747,-0.559038,-0.555115,-0.792188,-0.00415331,0.158066,0.295747,-0.503134,-0.0618554
770,13.9462,0.894738,0,0.192599,0.359304,-0.544701,-0.597166,-0.789189,0.132721,0.192599,0.359304,-0.490231,-0.0734363
771,13.9644,0.957739,0,0.231849,0.432045,-0.515777,-0.627685,-0.749686,0.269403,0.231849,0.432045,-0.4642,-0.0837078
772,13.9825,0.997605,0,0.278634,0.509113,-0.469486,-0.642021,-0.673505,0.390429,0.278634,0.509113,-0.422537,-0.0915702
773,14.0006,1.01101,0,0.331443,0.595432,-0.399018,-0.637049,-0.568126,0.481069,0.331443,0.595432,-0.359116,-0.0925763
774,14.0187,0.995063,0,0.391968,0.679299,-0.300426,-0.612199,-0.447363,0.531879,0.391968,0.679299,-0.270383,-0.0824301
775,14.0368,0.949457,0,0.453502,0.75148,-0.161262,-0.569789,-0.327194,0.541407,0.453502,0.75148,-0.145136,-0.0511928
776,14.0549,0.884958,0,0.515503,0.794568,0.00815381,-0.514425,-0.220943,0.515538,0.515503,0.794568,0.00733843,0.00294232
777,14.073,0.81121,0,0.568863,0.791914,0.198052,-0.451792,-0.136308,0.464237,0.568863,0.791914,0.178247,0.078865
778,14.0911,0.738539,0,0.60703,0.729425,0.386807,-0.387377,-0.0751577,0.397869,0.60703,0.729425,0.348126,0.164362
779,14.1092,0.672774,0,0.622447,0.606407,0.542502,-0.325594,-0.0352238,0.324783,0.622447,0.606407,0.488252,0.236375
780,14.1274,0.613869,0,0.607425,0.438167,0.649011,-0.269429,-0.0122362,0.250553,0.607425,0.438167,0.58411,0.275958
781,14.1455,0.55909,0,0.561738,0.260447,0.685453,-0.220499,-0.00157668,0.178312,0.561738,0.260447,0.616908,0.269532
782,14.1636,0.50834,0,0.495925,0.103415,0.665125,-0.179337,0.000802068,0.109497,0.495925,0.103415,0.598612,0.230896
783,14.1817,0.456944,0,0.41452,-0.0209155,0.603264,-0.145727,-0.00196253,0.0445522,0.41452,-0.0209155,0.542937,0.175045
784,14.1998,0.406857,0,0.329904,-0.105089,0.517823,-0.119012,-0.00764568,-0.0165719,0.329904,-0.105089,0.46604,0.119582
785,14.2179,0.361569,0,0.24989,-0.156292,0.426804,-0.0983234,-0.0147909,-0.0741163,0.24989,-0.156292,0.384124,0.0746578
786,14.236,0.321742,0,0.17807,-0.183278,0.337134,-0.0827454,-0.022529,-0.128364,0.17807,-0.183278,0.30342,0.0420234
787,14.2541,0.288768,0,0.112712,-0.191792,0.256562,-0.0714117,-0.0304122,-0.179576,0.112712,-0.191792,0.230906,0.0202423
788,14.2723,0.265918,0,0.0611312,-0.193257,0.187447,-0.0635608,-0.0382807,-0.22797,0.0611312,-0.193257,0.168703,0.00802122
789,14.2904,0.248908,1,0.0186275,-0.189743,0.125391,-0.0585592,-0.0461647,-0.273724,0.0186275,-0.189743,0.112852,0.00163501
790,14.3085,0.23622,1,-0.0152805,-0.186269,0.0681345,-0.0559061,-0.0542173,-0.316978,-0.0152805,-0.186269,0.0613211,-0.000728791
791,14.3266,0.226687,1,-0.0441489,-0.184692,0.0151812,-0.0552271,-0.0626711,-0.357845,-0.0441489,-0.184692,0.0136631,-0.000469163
792,14.3447,0.221095,1,-0.0663481,-0.187766,-0.031576,-0.0562634,-0.0718143,-0.396408,-0.0663481,-0.187766,-0.0284184,0.0014665
793,14.3628,0.216228,1,-0.0845423,-0.191818,-0.0755977,-0.0588595,-0.0819798,-0.432725,-0.0845423,-0.191818,-0.0680379,0.00447384
794,14.3809,0.213998,1,-0.101052,-0.199425,-0.11366,-0.0629526,-0.0935441,-0.466821,-0.101052,-0.199425,-0.102294,0.00803991
795,14.399,0.213199,1,-0.117112,-0.208772,-0.147071,-0.068564,-0.106934,-0.498687,-0.117112,-0.208772,-0.132364,0.0120566
796,14.4172,0.213394,1,-0.131297,-0.222854,-0.176854,-0.075794,-0.122635,-0.52826,-0.131297,-0.222854,-0.159169,0.0162544
797,14.4353,0.215064,1,-0.145675,-0.239485,-0.201301,-0.0848194,-0.141208,-0.555413,-0.145675,-0.239485,-0.18117,0.0205271
798,14.4534,0.217705,1,-0.160755,-0.263582,-0.222257,-0.0958946,-0.163301,-0.57992,-0.160755,-0.263582,-0.200032,0.0250103
799,14.4715,0.220001,1,-0.17864,-0.289002,-0.240135,-0.109354,-0.189662,-0.601429,-0.17864,-0.289002,-0.216122,0.0300285
800,14.4896,0.222085,1,-0.197759,-0.319172,-0.254494,-0.125619,-0.22115,-0.619396,-0.197759,-0.319172,-0.229044,0.03523
801,14.5077,0.226893,1,-0.220088,-0.352534,-0.25881,-0.145199,-0.258726,-0.633021,-0.220088,-0.352534,-0.232929,0.0398727
802,14.5258,0.231533,1,-0.244103,-0.391111,-0.257152,-0.168691,-0.303427,-0.641141,-0.244103,-0.391111,-0.231437,0.0439401
803,14.5439,0.238728,1,-0.271186,-0.432078,-0.242483,-0.196778,-0.356287,-0.642099,-0.271186,-0.432078,-0.218235,0.0460305
804,14.562,0.244966,1,-0.29998,-0.476843,-0.2192,-0.230191,-0.41819,-0.633584,-0.29998,-0.476843,-0.19728,0.0460289
805,14.5802,0.249897,1,-0.333122,-0.520818,-0.185443,-0.269656,-0.489583,-0.612459,-0.333122,-0.520818,-0.166899,0.0432427
806,14.5983,0.255065,0,-0.368111,-0.563524,-0.136014,-0.315771,-0.570011,-0.57464,-0.368111,-0.563524,-0.122413,0.0350479
807,14.6164,0.259849,0,-0.404393,-0.600321,-0.070123,-0.368806,-0.657386,-0.515141,-0.404393,-0.600321,-0.0631107,0.0198501
808,14.6345,0.261099,0,-0.440804,-0.626561,0.00719986,-0.428372,-0.747009,-0.428525,-0.440804,-0.626561,0.00647987,-0.00222161
809,14.6526,0.259457,0,-0.473269,-0.636446,0.0947653,-0.492971,-0.830501,-0.31009,-0.473269,-0.636446,0.0852887,-0.0313946
810,14.6707,0.255234,0,-0.498291,-0.623103,0.184875,-0.559456,-0.895211,-0.158125,-0.498291,-0.623103,0.166387,-0.0644851
811,14.6888,0.249915,1,-0.513674,-0.588103,0.271695,-0.622613,-0.925133,0.0228678,-0.513674,-0.588103,0.244526,-0.097694
812,14.7069,0.244056,1,-0.518622,-0.532453,0.344439,-0.675218,-0.904566,0.219142,-0.518622,-0.532453,0.309995,-0.125044
813,14.7251,0.238322,1,-0.512043,-0.461895,0.401833,-0.70904,-0.824596,0.407442,-0.512043,-0.461895,0.36165,-0.144029
814,14.7432,0.2317,1,-0.492697,-0.383952,0.428646,-0.716907,-0.689728,0.56012,-0.492697,-0.383952,0.385781,-0.147835
815,14.7613,0.222664,1,-0.462763,-0.307444,0.431993,-0.695212,-0.519564,0.654953,-0.462763,-0.307444,0.388794,-0.139937
816,14.7794,0.211377,1,-0.424022,-0.23725,0.412199,-0.64552,-0.342449,0.684068,-0.424022,-0.23725,0.370979,-0.122347
817,14.7975,0.195578,1,-0.380985,-0.180262,0.377373,-0.574195,-0.184431,0.65559,-0.380985,-0.180262,0.339636,-0.100641
818,14.8156,0.179244,1,-0.338307,-0.140405,0.328633,-0.490251,-0.060924,0.58744,-0.338307,-0.140405,0.29577,-0.0778254
819,14.8337,0.161639,1,-0.295244,-0.110385,0.278287,-0.402705,0.0247028,0.498706,-0.295244,-0.110385,0.250458,-0.0575137
820,14.8518,0.147405,1,-0.2562,-0.0938123,0.225131,-0.318704,0.0773571,0.403957,-0.2562,-0.0938123,0.202618,-0.040375
821,14.87,0.13591,1,-0.222649,-0.0844774,0.17409,-0.242824,0.105357,0.311821,-0.222649,-0.0844774,0.156681,-0.0271327
822,14.8881,0.131441,1,-0.19454,-0.0846126,0.121878,-0.17727,0.117019,0.226168,-0.19454,-0.0846126,0.10969,-0.0165971
823,14.9062,0.129879,1,-0.172506,-0.0870131,0.0729991,-0.12247,0.119097,0.147971,-0.172506,-0.0870131,0.0656992,-0.00881496
824,14.9243,0.131686,1,-0.153506,-0.0918577,0.0231417,-0.0777282,0.116471,0.076814,-0.153506,-0.0918577,0.0208276,-0.00248668
825,14.9424,0.135804,1,-0.140222,-0.0986024,-0.0215052,-0.0417478,0.112396,0.0118177,-0.140222,-0.0986024,-0.0193547,0.00211085
826,14.9605,0.144137,1,-0.129748,-0.111081,-0.0651433,-0.0129962,0.108916,-0.0479097,-0.129748,-0.111081,-0.058629,0.00591656
827,14.9786,0.155524,1,-0.125124,-0.125744,-0.103376,0.0100688,0.107249,-0.103098,-0.125124,-0.125744,-0.0930388,0.00905443
828,14.9967,0.169177,1,-0.123457,-0.141823,-0.140058,0.0288775,0.108087,-0.154281,-0.123457,-0.141823,-0.126053,0.0121038
829,15.0148,0.184552,1,-0.124692,-0.157704,-0.17276,0.0446953,0.111817,-0.201814,-0.124692,-0.157704,-0.155484,0.0150793
830,15.033,0.202059,1,-0.127572,-0.174656,-0.203799,0.0586124,0.11868,-0.245909,-0.127572,-0.174656,-0.183419,0.0181993
831,15.0511,0.222071,1,-0.134284,-0.191117,-0.230193,0.0715589,0.128862,-0.286654,-0.134284,-0.191117,-0.207174,0.0216379
832,15.0692,0.246312,1,-0.142787,-0.211866,-0.254739,0.0843314,0.142572,-0.324024,-0.142787,-0.211866,-0.229265,0.0254614
833,15.0873,0.274997,0,-0.154996,-0.235233,-0.275491,0.097624,0.16007,-0.357883,-0.154996,-0.235233,-0.247942,0.02989
834,15.1054,0.309021,0,-0.168364,-0.26441,-0.293966,0.11206,0.181694,-0.387966,-0.168364,-0.26441,-0.264569,0.0346452
835,15.1235,0.348401,0,-0.18671,-0.295491,-0.30612,0.128218,0.207864,-0.413847,-0.18671,-0.295491,-0.275508,0.0400089
836,15.1416,0.395465,0,-0.206675,-0.335268,-0.314565,0.146653,0.239063,-0.434902,-0.206675,-0.335268,-0.283109,0.0455089
837,15.1597,0.449606,0,-0.231525,-0.378439,-0.312961,0.167914,0.275806,-0.450249,-0.231525,-0.378439,-0.281665,0.0507209
838,15.1779,0.511113,0,-0.258469,-0.42698,-0.302288,0.192539,0.31857,-0.458677,-0.258469,-0.42698,-0.272059,0.0546924
839,15.196,0.579978,0,-0.290893,-0.47751,-0.277738,0.221044,0.367677,-0.45858,-0.290893,-0.47751,-0.249964,0.0565545
840,15.2141,0.65587,0,-0.325989,-0.531364,-0.239959,0.253879,0.423108,-0.447883,-0.325989,-0.531364,-0.215963,0.0547568
841,15.2322,0.73583,0,-0.364803,-0.581454,-0.182943,0.291359,0.484221,-0.424038,-0.364803,-0.581454,-0.164649,0.0467168
842,15.2503,0.81769,0,-0.405329,-0.627356,-0.109794,0.333535,0.54937,-0.384107,-0.405329,-0.627356,-0.0988147,0.0311519
843,15.2684,0.893808,0,-0.444941,-0.658147,-0.0182674,0.380021,0.615423,-0.325079,-0.444941,-0.658147,-0.0164406,0.00568953
844,15.2865,0.95851,0,-0.481004,-0.671866,0.0817718,0.429757,0.67731,-0.244509,-0.481004,-0.671866,0.0735946,-0.0275328
845,15.3046,1.00276,0,-0.511006,-0.660008,0.185479,0.480753,0.727809,-0.141605,-0.511006,-0.660008,0.166931,-0.0663466
846,15.3228,1.01959,0,-0.53157,-0.620721,0.283228,0.529896,0.757984,-0.0186845,-0.53157,-0.620721,0.254905,-0.105389
847,15.3409,1.00469,0,-0.538601,-0.555843,0.371552,0.572969,0.758703,0.117426,-0.538601,-0.555843,0.334397,-0.140083
848,15.359,0.958391,0,-0.531144,-0.473537,0.434084,0.605048,0.723337,0.254921,-0.531144,-0.473537,0.390675,-0.161393
849,15.3771,0.887169,0,-0.509592,-0.3854,0.46861,0.621391,0.650924,0.378514,-0.509592,-0.3854,0.421749,-0.16716
850,15.3952,0.79889,0,-0.476479,-0.297698,0.470502,0.618641,0.548103,0.473146,-0.476479,-0.297698,0.423452,-0.156929
851,15.4133,0.704053,0,-0.434092,-0.219702,0.448457,0.595917,0.428166,0.528593,-0.434092,-0.219702,0.403612,-0.13627
852,15.4314,0.609681,0,-0.384413,-0.15558,0.407902,0.555232,0.307116,0.542489,-0.384413,-0.15558,0.367112,-0.109762
853,15.4495,0.521232,0,-0.333008,-0.105704,0.356422,0.500999,0.198778,0.520045,-0.333008,-0.105704,0.32078,-0.0830838
854,15.4676,0.44378,0,-0.28612,-0.076534,0.298159,0.438853,0.11153,0.47098,-0.28612,-0.076534,0.268343,-0.0597165
855,15.4858,0.374735,0,-0.243718,-0.0614068,0.240476,0.374363,0.0478237,0.405774,-0.243718,-0.0614068,0.216428,-0.0410257
856,15.5039,0.314583,0,-0.207436,-0.0563287,0.180981,0.312088,0.00573201,0.333068,-0.207436,-0.0563287,0.162883,-0.0262794
857,15.522,0.261637,0,-0.176974,-0.0557707,0.127413,0.255178,-0.0188938,0.258742,-0.176974,-0.0557707,0.114672,-0.0157842
858,15.5401,0.216306,1,-0.150819,-0.0584728,0.0734291,0.205388,-0.0306961,0.186164,-0.150819,-0.0584728,0.0660862,-0.00775218
859,15.5582,0.17875,1,-0.130799,-0.0624589,0.0246791,0.163354,-0.0338136,0.116919,-0.130799,-0.0624589,0.0222112,-0.0022596
860,15.5763,0.14971,1,-0.116042,-0.0724279,-0.0229952,0.128926,-0.0314905,0.051531,-0.116042,-0.0724279,-0.0206957,0.00186788
861,15.5944,0.128199,1,-0.105688,-0.0819507,-0.0671192,0.101481,-0.0260475,-0.0100143,-0.105688,-0.0819507,-0.0604073,0.0049656
862,15.6125,0.113953,1,-0.0980857,-0.0924715,-0.110225,0.0801642,-0.0190179,-0.0679475,-0.0980857,-0.0924715,-0.0992023,0.00756803
863,15.6307,0.106593,1,-0.0945625,-0.102442,-0.147523,0.0640579,-0.011327,-0.122552,-0.0945625,-0.102442,-0.132771,0.0097651
864,15.6488,0.105908,1,-0.0931163,-0.114881,-0.183751,0.0522864,-0.00346245,-0.174093,-0.0931163,-0.114881,-0.165376,0.0119771
865,15.6669,0.109921,1,-0.0950949,-0.125314,-0.215261,0.0440741,0.00438945,-0.222795,-0.0950949,-0.125314,-0.193735,0.0143292
866,15.685,0.118724,1,-0.0978471,-0.139711,-0.245781,0.0387724,0.0122414,-0.268838,-0.0978471,-0.139711,-0.221203,0.0168343
867,15.7031,0.131144,1,-0.104066,-0.15414,-0.272259,0.0358653,0.0202348,-0.31237,-0.104066,-0.15414,-0.245033,0.019833
868,15.7212,0.147036,1,-0.11095,-0.172695,-0.298272,0.0349645,0.0285942,-0.353503,-0.11095,-0.172695,-0.268445,0.0231653
869,15.7393,0.164938,1,-0.120773,-0.190499,-0.321129,0.0357982,0.0376013,-0.392327,-0.120773,-0.190499,-0.289016,0.0271485
870,15.7574,0.18719,1,-0.131943,-0.214893,-0.343591,0.0381995,0.0475831,-0.428901,-0.131943,-0.214893,-0.309232,0.0317341
871,15.7756,0.2133,1,-0.146987,-0.241273,-0.360158,0.0420948,0.0589096,-0.463258,-0.146987,-0.241273,-0.324143,0.037057
872,15.7937,0.244957,1,-0.163378,-0.275911,-0.374966,0.0474955,0.0719995,-0.495392,-0.163378,-0.275911,-0.337469,0.0428828
873,15.8118,0.281385,0,-0.18457,-0.312412,-0.381761,0.0544921,0.0873296,-0.52525,-0.18457,-0.312412,-0.343585,0.0493231
874,15.8299,0.325134,0,-0.208166,-0.35781,-0.382832,0.0632515,0.105449,-0.552714,-0.208166,-0.35781,-0.344549,0.0557848
875,15.848,0.376289,0,-0.237808,-0.407131,-0.37201,0.0740179,0.126992,-0.577577,-0.237808,-0.407131,-0.334809,0.0619269
876,15.8661,0.436014,0,-0.270755,-0.463682,-0.349833,0.0871152,0.152693,-0.599505,-0.270755,-0.463682,-0.31485,0.0663033
877,15.8842,0.50345,0,-0.308741,-0.521683,-0.311784,0.102952,0.183395,-0.617987,-0.308741,-0.521683,-0.280606,0.0673824
878,15.9023,0.579064,0,-0.349266,-0.582477,-0.258391,0.122026,0.220048,-0.632265,-0.349266,-0.582477,-0.232552,0.0631731
879,15.9204,0.66164,0,-0.393688,-0.638939,-0.184642,0.144924,0.263682,-0.641235,-0.393688,-0.638939,-0.166178,0.050884
880,15.9386,0.748501,0,-0.439006,-0.685449,-0.0906293,0.172317,0.315341,-0.643319,-0.439006,-0.685449,-0.0815663,0.0278508
881,15.9567,0.835036,0,-0.483535,-0.710657,0.0248689,0.204935,0.375948,-0.636307,-0.483535,-0.710657,0.022382,-0.0084175
882,15.9748,0.915867,0,-0.522203,-0.712122,0.150132,0.243511,0.446038,-0.617188,-0.522203,-0.712122,0.135119,-0.0548797
883,15.9929,0.982041,0,-0.55132,-0.67906,0.276521,0.288675,0.525327,-0.58201,-0.55132,-0.67906,0.248868,-0.106716
884,16.011,1.02497,0,-0.566202,-0.609773,0.388629,0.340761,0.612017,-0.525891,-0.566202,-0.609773,0.349766,-0.15403
885,16.0291,1.03857,0,-0.560997,-0.512382,0.472546,0.399503,0.701847,-0.443397,-0.560997,-0.512382,0.425291,-0.185568
886,16.0472,1.02419,0,-0.539228,-0.404003,0.520545,0.463592,0.787011,-0.329594,-0.539228,-0.404003,0.46849,-0.196485
887,16.0653,0.980293,0,-0.50116,-0.29242,0.526191,0.530147,0.85544,-0.18215,-0.50116,-0.29242,0.473571,-0.184594
888,16.0835,0.917469,0,-0.451171,-0.195206,0.497098,0.594254,0.891426,-0.00446516,-0.451171,-0.195206,0.447388,-0.156993
889,16.1016,0.847436,0,-0.394385,-0.119891,0.4528,0.648931,0.878839,0.191129,-0.394385,-0.119891,0.40752,-0.125004
890,16.1197,0.775435,0,-0.335393,-0.0648131,0.393079,0.685968,0.807316,0.382518,-0.335393,-0.0648131,0.353771,-0.0922852
891,16.1378,0.706666,0,-0.278507,-0.027701,0.329625,0.697871,0.679178,0.542084,-0.278507,-0.027701,0.296663,-0.064262
892,16.1559,0.644623,0,-0.22856,-0.0107853,0.262717,0.680381,0.512127,0.646132,-0.22856,-0.0107853,0.236445,-0.0420326
893,16.174,0.584274,0,-0.185424,-0.00421223,0.196766,0.634303,0.333974,0.684419,-0.185424,-0.00421223,0.177089,-0.0255396
894,16.1921,0.522537,0,-0.149336,-0.00384382,0.13639,0.565434,0.171799,0.663067,-0.149336,-0.00384382,0.122751,-0.0142576
895,16.2102,0.459108,0,-0.119885,-0.0056094,0.0824625,0.482595,0.0428021,0.599198,-0.119885,-0.0056094,0.0742163,-0.00692019
896,16.2284,0.398239,0,-0.095707,-0.00844325,0.0290549,0.39496,-0.0480969,0.512228,-0.095707,-0.00844325,0.0261494,-0.00194653
897,16.2465,0.341292,0,-0.0774129,-0.0118583,-0.019082,0.310022,-0.104966,0.41757,-0.0774129,-0.0118583,-0.0171738,0.00103404
898,16.2646,0.291249,0,-0.0624093,-0.0201742,-0.0677303,0.232731,-0.135918,0.324665,-0.0624093,-0.0201742,-0.0609573,0.0029589
899,16.2827,0.247926,1,-0.0521841,-0.0240536,-0.11028,0.165593,-0.14942,0.237942,-0.0521841,-0.0240536,-0.0992523,0.00402842
900,16.3008,0.212155,1,-0.0441514,-0.0298506,-0.1519,0.109245,-0.1525,0.158673,-0.0441514,-0.0298506,-0.13671,0.00469461
901,16.3189,0.183296,1,-0.0394497,-0.0341078,-0.190515,0.0631127,-0.1503,0.0865629,-0.0394497,-0.0341078,-0.171463,0.00526103
902,16.337,0.160841,1,-0.0358108,-0.0410436,-0.229682,0.0259532,-0.146284,0.0207569,-0.0358108,-0.0410436,-0.206714,0.00575757
903,16.3551,0.141922,1,-0.0347677,-0.0473375,-0.264109,-0.00375195,-0.142644,-0.0396537,-0.0347677,-0.0473375,-0.237698,0.00642771
904,16.3732,0.126778,1,-0.0340961,-0.0535657,-0.296882,-0.0275559,-0.140693,-0.0954273,-0.0340961,-0.0535657,-0.267194,0.00708575
905,16.3914,0.115886,1,-0.034225,-0.0539068,-0.327433,-0.0469114,-0.141182,-0.147126,-0.034225,-0.0539068,-0.29469,0.00784448
906,16.4095,0.108025,1,-0.0338218,-0.0577906,-0.358304,-0.0631104,-0.144533,-0.195128,-0.0338218,-0.0577906,-0.322474,0.00848294
907,16.4276,0.102427,1,-0.0358058,-0.0602272,-0.386344,-0.0772691,-0.150998,-0.239663,-0.0358058,-0.0602272,-0.347709,0.00968333
908,16.4457,0.0991252,1,-0.0368492,-0.0669389,-0.414296,-0.0903401,-0.160769,-0.280834,-0.0368492,-0.0669389,-0.372866,0.0106865
909,16.4638,0.0980699,1,-0.0403748,-0.0715774,-0.438688,-0.103138,-0.174048,-0.318631,-0.0403748,-0.0715774,-0.394819,0.0123984
910,16.4819,0.100057,1,-0.0433097,-0.0794934,-0.46358,-0.116371,-0.191087,-0.35293,-0.0433097,-0.0794934,-0.417222,0.0140543
911,16.5,0.105606,1,-0.0478784,-0.0846797,-0.485161,-0.130671,-0.212213,-0.383482,-0.0478784,-0.0846797,-0.436645,0.0162601
912,16.5181,0.11404,1,-0.0510295,-0.0938488,-0.505512,-0.146623,-0.237834,-0.409882,-0.0510295,-0.0938488,-0.454961,0.0180572
913,16.5363,0.126337,1,-0.0560156,-0.101588,-0.522179,-0.164786,-0.268426,-0.43153,-0.0560156,-0.101588,-0.469961,0.0204751
914,16.5544,0.141791,1,-0.0608308,-0.113724,-0.538814,-0.185707,-0.304498,-0.447575,-0.0608308,-0.113724,-0.484932,0.0229435
915,16.5725,0.16086,1,-0.0681698,-0.126708,-0.552817,-0.209927,-0.346533,-0.456849,-0.0681698,-0.126708,-0.497536,0.0263798
916,16.5906,0.182735,1,-0.0761694,-0.145666,-0.566858,-0.237963,-0.394872,-0.457796,-0.0761694,-0.145666,-0.510172,0.0302241
917,16.6087,0.207488,1,-0.0878932,-0.168119,-0.577594,-0.270275,-0.449541,-0.448399,-0.0878932,-0.168119,-0.519835,0.0355366
918,16.6268,0.234843,1,-0.101462,-0.197829,-0.586443,-0.307195,-0.509979,-0.426166,-0.101462,-0.197829,-0.527799,0.0416512
919,16.6449,0.265489,0,-0.119511,-0.232431,-0.592528,-0.348809,-0.574669,-0.388204,-0.119511,-0.232431,-0.533275,0.0495696
920,16.663,0.298118,0,-0.141129,-0.276868,-0.595943,-0.394786,-0.640669,-0.331501,-0.141129,-0.276868,-0.536349,0.0588735
921,16.6812,0.332388,0,-0.168687,-0.329684,-0.594239,-0.444152,-0.703148,-0.253522,-0.168687,-0.329684,-0.534815,0.0701682
922,16.6993,0.36634,0,-0.200567,-0.393056,-0.583131,-0.495033,-0.755136,-0.153244,-0.200567,-0.393056,-0.524818,0.0818698
923,16.7174,0.396889,0,-0.239543,-0.464804,-0.557193,-0.544451,-0.787868,-0.0325741,-0.239543,-0.464804,-0.501474,0.0934304
924,16.7355,0.420616,0,-0.284096,-0.544398,-0.511641,-0.58831,-0.792164,0.102215,-0.284096,-0.544398,-0.460477,0.101749
925,16.7536,0.434149,0,-0.335824,-0.627917,-0.44276,-0.621749,-0.761003,0.239876,-0.335824,-0.627917,-0.398484,0.104083
926,16.7717,0.43628,0,-0.392272,-0.71145,-0.348244,-0.63997,-0.692683,0.365419,-0.392272,-0.71145,-0.313419,0.0956243
927,16.7898,0.425381,0,-0.454479,-0.786228,-0.222908,-0.63942,-0.592969,0.463602,-0.454479,-0.786228,-0.200617,0.0709149
928,16.8079,0.406753,0,-0.517228,-0.842388,-0.0686586,-0.618913,-0.474509,0.523515,-0.517228,-0.842388,-0.0617928,0.0248585
929,16.826,0.383273,0,-0.57515,-0.860818,0.114124,-0.580146,-0.35318,0.541879,-0.57515,-0.860818,0.102712,-0.0459471
930,16.8442,0.360876,0,-0.622437,-0.823681,0.311774,-0.527294,-0.243195,0.523148,-0.622437,-0.823681,0.280597,-0.135842
931,16.8623,0.346089,0,-0.648449,-0.724423,0.489015,-0.465904,-0.153582,0.476681,-0.648449,-0.724423,0.440114,-0.221971
932,16.8804,0.335712,0,-0.645274,-0.573195,0.619688,-0.401586,-0.0874018,0.41298,-0.645274,-0.573195,0.557719,-0.279908
933,16.8985,0.32419,0,-0.613285,-0.394071,0.682872,-0.339027,-0.0431308,0.340935,-0.613285,-0.394071,0.614585,-0.293157
934,16.9166,0.306307,0,-0.552885,-0.218705,0.675464,-0.281531,-0.0167958,0.26672,-0.552885,-0.218705,0.607917,-0.261418
935,16.9347,0.286561,0,-0.476409,-0.0827778,0.618076,-0.230999,-0.00376999,0.19395,-0.476409,-0.0827778,0.556269,-0.20612
936,16.9528,0.267919,0,-0.393235,0.0139307,0.54043,-0.188176,0.000153336,0.124374,-0.393235,0.0139307,0.486387,-0.148761
937,16.9709,0.248923,1,-0.310066,0.0750303,0.452727,-0.152987,-0.00168641,0.0586094,-0.310066,0.0750303,0.407455,-0.0982627
938,16.9891,0.229495,1,-0.233717,0.110268,0.360599,-0.124854,-0.00687629,-0.00330985,-0.233717,0.110268,0.32454,-0.0589948
939,17.0072,0.216417,1,-0.166034,0.129173,0.279117,-0.102944,-0.0138074,-0.0615961,-0.166034,0.129173,0.251205,-0.0324401
940,17.0253,0.207947,1,-0.108741,0.130387,0.209287,-0.0863434,-0.021497,-0.116528,-0.108741,0.130387,0.188358,-0.0159306
941,17.0434,0.205014,1,-0.0604611,0.132038,0.147597,-0.0741731,-0.0294175,-0.168372,-0.0604611,0.132038,0.132837,-0.0062467
942,17.0615,0.201838,1,-0.0235485,0.127301,0.088147,-0.0656477,-0.037356,-0.217354,-0.0235485,0.127301,0.0793323,-0.00145301
943,17.0796,0.203684,1,0.00648633,0.127483,0.0366227,-0.0601069,-0.0453087,-0.26366,0.00648633,0.127483,0.0329604,0.000166283
944,17.0977,0.207495,1,0.0323338,0.125427,-0.00877792,-0.0570228,-0.0534077,-0.307435,0.0323338,0.125427,-0.00790013,-0.000198676
945,17.1158,0.217997,1,0.0528028,0.13196,-0.0435757,-0.0559963,-0.0618732,-0.348797,0.0528028,0.13196,-0.0392181,-0.00161064
946,17.134,0.228777,1,0.0720349,0.14014,-0.0782222,-0.0567464,-0.0709858,-0.387833,0.0720349,0.14014,-0.0704,-0.00394431
947,17.1521,0.239926,1,0.0878774,0.150317,-0.112273,-0.0590982,-0.0810729,-0.424603,0.0878774,0.150317,-0.101046,-0.0069064
948,17.1702,0.249534,1,0.102835,0.157921,-0.148342,-0.0629723,-0.0925065,-0.45914,0.102835,0.157921,-0.133508,-0.0106783
949,17.1883,0.265389,0,0.116577,0.173044,-0.176181,-0.0683753,-0.105707,-0.491435,0.116577,0.173044,-0.158563,-0.0143771
950,17.2064,0.284706,0,0.132895,0.189014,-0.199592,-0.0753944,-0.121155,-0.521435,0.132895,0.189014,-0.179633,-0.0185674
951,17.2245,0.310966,0,0.148113,0.21398,-0.21547,-0.0841944,-0.139399,-0.549019,0.148113,0.21398,-0.193923,-0.0223397
952,17.2426,0.340694,0,0.166753,0.241342,-0.230827,-0.0950176,-0.161078,-0.573974,0.166753,0.241342,-0.207744,-0.0269438
953,17.2607,0.378171,0,0.186364,0.27705,-0.239587,-0.108187,-0.186927,-0.595964,0.186364,0.27705,-0.215628,-0.0312553
954,17.2788,0.421091,0,0.210668,0.31196,-0.241314,-0.124111,-0.217787,-0.61447,0.210668,0.31196,-0.217183,-0.035586
955,17.297,0.472186,0,0.235506,0.352191,-0.23225,-0.143285,-0.254606,-0.628724,0.235506,0.352191,-0.209025,-0.0382873
956,17.3151,0.528657,0,0.26385,0.391464,-0.216324,-0.166296,-0.298409,-0.637611,0.26385,0.391464,-0.194691,-0.039954
957,17.3332,0.593399,0,0.291999,0.434006,-0.186405,-0.193812,-0.350228,-0.63954,0.291999,0.434006,-0.167764,-0.038101
958,17.3513,0.665697,0,0.325687,0.47655,-0.145661,-0.226556,-0.410963,-0.632287,0.325687,0.47655,-0.131095,-0.033208
959,17.3694,0.743676,0,0.360126,0.516293,-0.0901155,-0.265254,-0.48112,-0.612827,0.360126,0.516293,-0.0811039,-0.0227171
960,17.3875,0.823264,0,0.396023,0.546412,-0.0211981,-0.310521,-0.560362,-0.5772,0.396023,0.546412,-0.0190783,-0.00587645
961,17.4056,0.898318,0,0.426778,0.561559,0.0604257,-0.362666,-0.646821,-0.520541,0.426778,0.561559,0.0543831,0.0180518
962,17.4237,0.963229,0,0.454643,0.556912,0.149043,-0.42139,-0.736149,-0.437463,0.454643,0.556912,0.134138,0.0474329
963,17.4419,1.0098,0,0.473659,0.530692,0.237057,-0.485341,-0.820455,-0.323144,0.473659,0.530692,0.213351,0.0785989
964,17.46,1.03247,0,0.484163,0.484127,0.31803,-0.55159,-0.887625,-0.175436,0.484163,0.484127,0.286227,0.107785
965,17.4781,1.02411,0,0.481195,0.420018,0.38051,-0.615186,-0.922023,0.00201128,0.481195,0.420018,0.342459,0.12817
966,17.4962,0.985836,0,0.466812,0.347168,0.421062,-0.669143,-0.907767,0.19664,0.466812,0.347168,0.378956,0.13759
967,17.5143,0.920507,0,0.441524,0.271519,0.436968,-0.705313,-0.834915,0.386278,0.441524,0.271519,0.393271,0.135052
968,17.5324,0.835979,0,0.407921,0.198769,0.426903,-0.716333,-0.706232,0.543549,0.407921,0.198769,0.384213,0.1219
969,17.5505,0.742845,0,0.367238,0.138111,0.397998,-0.698115,-0.539633,0.645269,0.367238,0.138111,0.358199,0.102312
970,17.5686,0.649445,0,0.324805,0.0923737,0.357999,-0.651606,-0.362768,0.681731,0.324805,0.0923737,0.322199,0.081396
971,17.5868,0.559756,0,0.282248,0.0612176,0.309361,-0.582661,-0.202273,0.659337,0.282248,0.0612176,0.278425,0.0611215
972,17.6049,0.475841,0,0.24344,0.0382637,0.258018,-0.500065,-0.0748932,0.595166,0.24344,0.0382637,0.232216,0.0439683
973,17.623,0.399697,0,0.208576,0.0274068,0.203609,-0.412892,0.014729,0.508386,0.208576,0.0274068,0.183248,0.0297275
974,17.6411,0.331359,0,0.17923,0.0218505,0.151101,-0.328526,0.0707306,0.414141,0.17923,0.0218505,0.135991,0.0189573
975,17.6592,0.270681,0,0.15365,0.0228232,0.0997447,-0.251826,0.101165,0.321684,0.15365,0.0228232,0.0897702,0.010728
976,17.6773,0.218496,1,0.133965,0.0267547,0.0519093,-0.185241,0.114395,0.235346,0.133965,0.0267547,0.0467184,0.00486782
977,17.6954,0.174189,1,0.119247,0.036426,0.00583192,-0.12938,0.117352,0.156367,0.119247,0.036426,0.00524873,0.000486806
978,17.7135,0.137541,1,0.109253,0.0452643,-0.0366182,-0.0836604,0.115104,0.0844583,0.109253,0.0452643,-0.0329564,-0.00280047
979,17.7316,0.107844,1,0.102005,0.0565695,-0.0800375,-0.0468447,0.111066,0.0187787,0.102005,0.0565695,-0.0720338,-0.00571494
980,17.7498,0.0839333,1,0.0977276,0.0659551,-0.120028,-0.0174252,0.107398,-0.0415634,0.0977276,0.0659551,-0.108025,-0.00821104
981,17.7679,0.0647476,1,0.0965213,0.081128,-0.159109,0.00613777,0.105395,-0.0973141,0.0965213,0.081128,-0.143198,-0.0107502
982,17.786,0.0491494,1,0.098597,0.0977777,-0.191545,0.0252835,0.105797,-0.149026,0.098597,0.0977777,-0.17239,-0.01322
983,17.8041,0.0390928,1,0.103596,0.117356,-0.222241,0.041291,0.109019,-0.197077,0.103596,0.117356,-0.200017,-0.0161164
984,17.8222,0.0347299,1,0.111142,0.136051,-0.24982,0.0552652,0.115308,-0.241693,0.111142,0.136051,-0.224838,-0.0194359
985,17.8403,0.037184,1,0.120881,0.160734,-0.274038,0.0681488,0.124856,-0.282982,0.120881,0.160734,-0.246635,-0.0231882
986,17.8584,0.0443156,1,0.133836,0.186828,-0.294954,0.0807481,0.137859,-0.320941,0.133836,0.186828,-0.265459,-0.0276328
987,17.8765,0.0557049,1,0.149431,0.219698,-0.311086,0.0937636,0.15457,-0.355455,0.149431,0.219698,-0.279977,-0.0325401
988,17.8947,0.0688224,1,0.169074,0.255356,-0.322638,0.107822,0.175317,-0.38629,0.169074,0.255356,-0.290374,-0.0381849
989,17.9128,0.0850113,1,0.191658,0.298472,-0.32681,0.123502,0.200509,-0.413057,0.191658,0.298472,-0.294129,-0.0438449
990,17.9309,0.103458,1,0.219135,0.344307,-0.320557,0.141359,0.230627,-0.435181,0.219135,0.344307,-0.288501,-0.0491718
991,17.949,0.125017,1,0.24967,0.395688,-0.302093,0.161942,0.266197,-0.451839,0.24967,0.395688,-0.271884,-0.0527964
992,17.9671,0.149248,1,0.286007,0.450013,-0.270754,0.185793,0.307726,-0.461898,0.286007,0.450013,-0.243678,-0.0542061
993,17.9852,0.175329,1,0.324367,0.506016,-0.224484,0.213438,0.355599,-0.463837,0.324367,0.506016,-0.202035,-0.0509707
994,18.0033,0.201711,1,0.365794,0.55609,-0.162099,0.245355,0.409913,-0.455677,0.365794,0.55609,-0.145889,-0.0415063
995,18.0214,0.230196,1,0.408126,0.600311,-0.0798243,0.281905,0.470211,-0.434948,0.408126,0.600311,-0.0718419,-0.0228049
996,18.0396,0.257684,0,0.449555,0.625658,0.0196402,0.323222,0.535124,-0.398746,0.449555,0.625658,0.0176762,0.00618055
997,18.0577,0.282774,0,0.484141,0.630433,0.131222,0.369045,0.601895,-0.343986,0.484141,0.630433,0.1181,0.0444709
998,18.0758,0.303461,0,0.511824,0.602855,0.245447,0.418492,0.665896,-0.267955,0.511824,0.602855,0.220902,0.087938
999,18.0939,0.318657,0,0.526247,0.54777,0.351907,0.469798,0.720315,-0.169311,0.526247,0.54777,0.316716,0.129633
1000,18.112,0.326706,0,0.526894,0.465566,0.435862,0.520094,0.756403,-0.0495021,0.526894,0.465566,0.392276,0.160757
1001,18.1301,0.327637,0,0.509642,0.367416,0.487074,0.565349,0.764723,0.0857238,0.509642,0.367416,0.438367,0.173763
1002,18.1482,0.325295,0,0.477334,0.264501,0.505446,0.600678,0.737656,0.225516,0.477334,0.264501,0.454902,0.168887
1003,18.1663,0.318013,0,0.433034,0.172792,0.48968,0.621128,0.672644,0.354905,0.433034,0.172792,0.440712,0.148433
1004,18.1844,0.308652,0,0.38322,0.0967844,0.453551,0.622864,0.574642,0.458133,0.38322,0.0967844,0.408196,0.121667
1005,18.2026,0.295783,0,0.329366,0.0411672,0.401529,0.604353,0.4559,0.523358,0.329366,0.0411672,0.361376,0.092575
1006,18.2207,0.280341,0,0.276823,0.00224792,0.340166,0.566994,0.332512,0.546319,0.276823,0.00224792,0.30615,0.0659161
1007,18.2388,0.262167,0,0.226801,-0.021414,0.275373,0.514809,0.219378,0.530842,0.226801,-0.021414,0.247836,0.0437183
1008,18.2569,0.241002,1,0.184417,-0.0338392,0.210011,0.453357,0.126336,0.486164,0.184417,-0.0338392,0.18901,0.0271107
1009,18.275,0.218003,1,0.147469,-0.0351143,0.147304,0.388389,0.0570615,0.423052,0.147469,-0.0351143,0.132574,0.0152059
1010,18.2931,0.192508,1,0.118908,-0.0332639,0.0921851,0.324797,0.010338,0.350809,0.118908,-0.0332639,0.0829666,0.00767309
1011,18.3112,0.168869,1,0.095153,-0.0258313,0.0387725,0.266075,-0.0177596,0.275986,0.095153,-0.0258313,0.0348953,0.00258253
1012,18.3293,0.14702,1,0.0775503,-0.0191391,-0.0119844,0.214277,-0.0319586,0.20246,0.0775503,-0.0191391,-0.010786,-0.000650578
1013,18.3475,0.127204,1,0.063905,-0.0110201,-0.0591281,0.170247,-0.0366192,0.132128,0.063905,-0.0110201,-0.0532153,-0.002645
1014,18.3656,0.108724,1,0.0546317,-0.00517518,-0.102453,0.133966,-0.0352318,0.0656704,0.0546317,-0.00517518,-0.0922076,-0.00391803
1015,18.3837,0.0945884,1,0.0483948,0.00378315,-0.146819,0.104873,-0.030334,0.00313772,0.0483948,0.00378315,-0.132137,-0.00497371
1016,18.4018,0.0819008,1,0.044416,0.0124846,-0.187585,0.0821319,-0.0236285,-0.055689,0.044416,0.0124846,-0.168826,-0.00583225
1017,18.4199,0.0711845,1,0.0432187,0.0247256,-0.225398,0.0648111,-0.0161656,-0.111103,0.0432187,0.0247256,-0.202859,-0.00681899
1018,18.438,0.0605986,1,0.0449638,0.0348684,-0.258699,0.0520058,-0.00852027,-0.163387,0.0449638,0.0348684,-0.232829,-0.00814246
1019,18.4561,0.0521114,1,0.0475582,0.0462099,-0.289606,0.0429033,-0.000939674,-0.212781,0.0475582,0.0462099,-0.260645,-0.0096412
1020,18.4742,0.0459949,1,0.0517857,0.0561148,-0.320026,0.0368153,0.00654628,-0.259483,0.0517857,0.0561148,-0.288023,-0.0116009
1021,18.4924,0.0435566,1,0.0572053,0.0705602,-0.34748,0.0331866,0.0140471,-0.303652,0.0572053,0.0705602,-0.312732,-0.0139144
1022,18.5105,0.0444865,1,0.0653742,0.0855267,-0.372428,0.0315918,0.0217606,-0.345414,0.0653742,0.0855267,-0.335185,-0.0170431
1023,18.5286,0.0507121,1,0.0740772,0.106349,-0.394005,0.0317238,0.0299428,-0.384872,0.0740772,0.106349,-0.354604,-0.0204307
1024,18.5467,0.0603141,1,0.0861255,0.128687,-0.413827,0.0333821,0.0388925,-0.422103,0.0861255,0.128687,-0.372444,-0.0249487
1025,18.5648,0.0732081,1,0.0986401,0.156045,-0.429918,0.0364602,0.0489471,-0.457159,0.0986401,0.156045,-0.386926,-0.029685
1026,18.5829,0.0891265,1,0.115545,0.186643,-0.441602,0.0409357,0.0604856,-0.49006,0.115545,0.186643,-0.397441,-0.0357174
1027,18.601,0.109249,1,0.134543,0.225381,-0.448797,0.0468637,0.073938,-0.520792,0.134543,0.225381,-0.403917,-0.0422678
1028,18.6191,0.132758,1,0.159249,0.268644,-0.449844,0.0543731,0.089797,-0.549288,0.159249,0.268644,-0.404859,-0.0501459
1029,18.6372,0.160488,1,0.18626,0.320005,-0.442888,0.0636655,0.108633,-0.57541,0.18626,0.320005,-0.398599,-0.0577447
1030,18.6554,0.192266,1,0.218988,0.376094,-0.425273,0.0750181,0.131111,-0.598925,0.218988,0.376094,-0.382746,-0.0651908
1031,18.6735,0.229981,1,0.255362,0.440481,-0.393336,0.0887881,0.158002,-0.61946,0.255362,0.440481,-0.354002,-0.0703101
1032,18.6916,0.272936,0,0.299104,0.506433,-0.343263,0.105418,0.190191,-0.636451,0.299104,0.506433,-0.308937,-0.07187
1033,18.7097,0.322796,0,0.346649,0.576585,-0.271412,0.125443,0.228674,-0.64906,0.346649,0.576585,-0.244271,-0.0658594
1034,18.7278,0.37691,0,0.399053,0.639136,-0.175488,0.149486,0.274524,-0.656069,0.399053,0.639136,-0.157939,-0.0490203
1035,18.7459,0.433525,0,0.450512,0.690124,-0.0564355,0.178258,0.328812,-0.655738,0.450512,0.690124,-0.0507919,-0.0177974
1036,18.764,0.488517,0,0.49943,0.708761,0.0848181,0.212518,0.39244,-0.645639,0.49943,0.708761,0.0763363,0.0296525
1037,18.7821,0.536235,0,0.538862,0.688213,0.232799,0.253016,0.465842,-0.62247,0.538862,0.688213,0.209519,0.0878127
1038,18.8003,0.57514,0,0.563313,0.622227,0.376072,0.300363,0.548473,-0.581935,0.563313,0.622227,0.338465,0.148292
1039,18.8184,0.599977,0,0.568895,0.51934,0.491147,0.354808,0.638033,-0.518801,0.568895,0.51934,0.442032,0.195588
1040,18.8365,0.610106,0,0.551563,0.390812,0.564367,0.415892,0.729407,-0.427415,0.551563,0.390812,0.507931,0.217899
1041,18.8546,0.605046,0,0.513659,0.259472,0.585924,0.48196,0.81356,-0.303021,0.513659,0.259472,0.527332,0.210676
1042,18.8727,0.593887,0,0.459268,0.138964,0.566608,0.549599,0.876975,-0.144227,0.459268,0.138964,0.509947,0.182158
1043,18.8908,0.581507,0,0.395327,0.0411832,0.517385,0.613215,0.90283,0.0435302,0.395327,0.0411832,0.465647,0.143175
1044,18.9089,0.570879,0,0.326776,-0.030185,0.453606,0.665171,0.875159,0.244924,0.326776,-0.030185,0.408245,0.103759
1045,18.927,0.557661,0,0.260556,-0.0740656,0.380409,0.696948,0.785904,0.434931,0.260556,-0.0740656,0.342368,0.0693825
1046,18.9452,0.540775,0,0.200953,-0.0988206,0.304557,0.701408,0.641632,0.584891,0.200953,-0.0988206,0.274101,0.042841
1047,18.9633,0.517286,0,0.147846,-0.111973,0.234711,0.675405,0.464395,0.67316,0.147846,-0.111973,0.21124,0.0242908
1048,18.9814,0.483828,0,0.104208,-0.116988,0.170341,0.621254,0.284057,0.693882,0.104208,-0.116988,0.153307,0.0124256
1049,18.9995,0.441609,0,0.0680464,-0.114339,0.111131,0.546059,0.126564,0.657505,0.0680464,-0.114339,0.100018,0.00529345
1050,19.0176,0.395595,0,0.0388531,-0.113227,0.0557161,0.459292,0.00602374,0.583444,0.0388531,-0.113227,0.0501445,0.00151532
1051,19.0357,0.348608,0,0.0151398,-0.107664,0.00370789,0.370077,-0.0757459,0.491133,0.0151398,-0.107664,0.0033371,3.92956e-05
1052,19.0538,0.302767,0,-0.00335327,-0.104965,-0.0425705,0.285399,-0.124776,0.394732,-0.00335327,-0.104965,-0.0383134,9.99252e-05
1053,19.0719,0.262012,0,-0.0183679,-0.101372,-0.0871904,0.209555,-0.149933,0.302225,-0.0183679,-0.101372,-0.0784714,0.00112105
1054,19.09,0.226556,1,-0.0295387,-0.100832,-0.129841,0.144459,-0.15966,0.216925,-0.0295387,-0.100832,-0.116857,0.00268473
1055,19.1082,0.19693,1,-0.0398061,-0.100274,-0.170038,0.0903066,-0.160624,0.139435,-0.0398061,-0.100274,-0.153034,0.00473798
1056,19.1263,0.170764,1,-0.0481044,-0.106381,-0.206483,0.0462323,-0.157547,0.0691323,-0.0481044,-0.106381,-0.185835,0.00695293
1057,19.1444,0.149124,1,-0.0556737,-0.11265,-0.241167,0.0108299,-0.153532,0.00504314,-0.0556737,-0.11265,-0.217051,0.00939867
1058,19.1625,0.131524,1,-0.0628242,-0.122576,-0.275255,-0.0174971,-0.150501,-0.0537561,-0.0628242,-0.122576,-0.247729,0.0121049
1059,19.1806,0.117275,1,-0.0719058,-0.132966,-0.307961,-0.0403251,-0.149584,-0.107994,-0.0719058,-0.132966,-0.277165,0.0155009
1060,19.1987,0.104692,1,-0.0801221,-0.145963,-0.338212,-0.0590999,-0.151422,-0.158185,-0.0801221,-0.145963,-0.304391,0.0189688
1061,19.2168,0.0924749,1,-0.0900353,-0.15927,-0.364106,-0.0750924,-0.156377,-0.20466,-0.0900353,-0.15927,-0.327696,0.0229477
1062,19.2349,0.0816812,1,-0.100969,-0.178895,-0.387877,-0.0893949,-0.164681,-0.247594,-0.100969,-0.178895,-0.349089,0.0274146
1063,19.2531,0.0711486,1,-0.114808,-0.201575,-0.407107,-0.102939,-0.176529,-0.287031,-0.114808,-0.201575,-0.366396,0.0327174
1064,19.2712,0.0619678,1,-0.129137,-0.23195,-0.421768,-0.116524,-0.192141,-0.322894,-0.129137,-0.23195,-0.379591,0.0381262
1065,19.2893,0.0545757,1,-0.148223,-0.264889,-0.431229,-0.130851,-0.211794,-0.354975,-0.148223,-0.264889,-0.388106,0.0447425
1066,19.3074,0.0521738,1,-0.169476,-0.304187,-0.437407,-0.146549,-0.235838,-0.382918,-0.169476,-0.304187,-0.393666,0.0518911
1067,19.3255,0.0543502,1,-0.195022,-0.348313,-0.436495,-0.164203,-0.264688,-0.406184,-0.195022,-0.348313,-0.392846,0.0595882
1068,19.3436,0.0634729,1,-0.223312,-0.401548,-0.427498,-0.184372,-0.298796,-0.424002,-0.223312,-0.401548,-0.384748,0.066826
1069,19.3617,0.076955,1,-0.257301,-0.458406,-0.404623,-0.207595,-0.338598,-0.435311,-0.257301,-0.458406,-0.364161,0.0728771
1070,19.3798,0.0957577,1,-0.295303,-0.521101,-0.367182,-0.234384,-0.384415,-0.438697,-0.295303,-0.521101,-0.330464,0.0759011
1071,19.398,0.119361,1,-0.34027,-0.58672,-0.312007,-0.265192,-0.436296,-0.432326,-0.34027,-0.58672,-0.280806,0.0743167
1072,19.4161,0.14604,1,-0.388108,-0.65159,-0.236781,-0.300357,-0.493787,-0.413929,-0.388108,-0.65159,-0.213103,0.0643277
1073,19.4342,0.17537,1,-0.438134,-0.710247,-0.138532,-0.340002,-0.555598,-0.380851,-0.438134,-0.710247,-0.124679,0.042487
1074,19.4523,0.204222,1,-0.487638,-0.749175,-0.0180962,-0.383882,-0.619194,-0.330282,-0.487638,-0.749175,-0.0162866,0.00617708
1075,19.4704,0.23331,1,-0.533588,-0.756894,0.123595,-0.431187,-0.68036,-0.259755,-0.533588,-0.756894,0.111236,-0.0461642
1076,19.4885,0.256516,0,-0.5687,-0.724353,0.267318,-0.480306,-0.732927,-0.168015,-0.5687,-0.724353,0.240586,-0.106417
1077,19.5066,0.273122,0,-0.586693,-0.650716,0.398085,-0.528631,-0.768971,-0.0562626,-0.586693,-0.650716,0.358276,-0.163488
1078,19.5247,0.283052,0,-0.587424,-0.54463,0.50039,-0.5725,-0.779864,0.0705096,-0.587424,-0.54463,0.450351,-0.205759
1079,19.5428,0.284934,0,-0.566169,-0.419308,0.558931,-0.607445,-0.75841,0.202744,-0.566169,-0.419308,0.503038,-0.221515
1080,19.561,0.280636,0,-0.524112,-0.292312,0.567263,-0.628861,-0.701684,0.327029,-0.524112,-0.292312,0.510536,-0.208117
1081,19.5791,0.275586,0,-0.467444,-0.180179,0.541962,-0.633042,-0.61333,0.428824,-0.467444,-0.180179,0.487766,-0.177336
1082,19.5972,0.267688,0,-0.40285,-0.0931887,0.490167,-0.618262,-0.503711,0.496555,-0.40285,-0.0931887,0.44115,-0.138225
1083,19.6153,0.256283,0,-0.337747,-0.0331572,0.423421,-0.585423,-0.387222,0.525092,-0.337747,-0.0331572,0.381079,-0.100106
1084,19.6334,0.241933,1,-0.276259,0.00345169,0.349469,-0.537908,-0.277928,0.516684,-0.276259,0.00345169,0.314522,-0.0675807
1085,19.6515,0.225795,1,-0.219748,0.0262643,0.279331,-0.480695,-0.185838,0.479004,-0.219748,0.0262643,0.251398,-0.0429676
1086,19.6696,0.20786,1,-0.170449,0.0334361,0.208284,-0.419164,-0.115461,0.421797,-0.170449,0.0334361,0.187456,-0.0248514
1087,19.6877,0.188028,1,-0.129643,0.0354626,0.145485,-0.358072,-0.0665737,0.353985,-0.129643,0.0354626,0.130937,-0.0132028
1088,19.7059,0.168173,1,-0.0969198,0.0314345,0.0855983,-0.300972,-0.0360631,0.282204,-0.0969198,0.0314345,0.0770385,-0.00580732
1089,19.724,0.14762,1,-0.0713063,0.0281549,0.0342101,-0.250083,-0.0197198,0.210625,-0.0713063,0.0281549,0.0307891,-0.00170758
1090,19.7421,0.130401,1,-0.049674,0.0237872,-0.0167878,-0.206457,-0.013441,0.141473,-0.049674,0.0237872,-0.015109,0.000583742
1091,19.7602,0.11358,1,-0.0331022,0.0219557,-0.0607054,-0.170269,-0.0138196,0.0757005,-0.0331022,0.0219557,-0.0546348,0.00140664
1092,19.7783,0.101245,1,-0.0198882,0.0188275,-0.107581,-0.141126,-0.0183076,0.0135546,-0.0198882,0.0188275,-0.0968228,0.00149771
1093,19.7964,0.0892587,1,-0.0112757,0.0192607,-0.147375,-0.118322,-0.0251538,-0.045053,-0.0112757,0.0192607,-0.132637,0.00116323
1094,19.8145,0.0825524,1,-0.00232403,0.0190253,-0.189606,-0.101023,-0.0332549,-0.100331,-0.00232403,0.0190253,-0.170646,0.000308456
1095,19.8326,0.0794371,1,0.00551656,0.0249996,-0.227495,-0.0883941,-0.041995,-0.152507,0.00551656,0.0249996,-0.204746,-0.000878494
1096,19.8508,0.0790759,1,0.0133978,0.0275211,-0.264342,-0.0796755,-0.051106,-0.201779,0.0133978,0.0275211,-0.237908,-0.00247912
1097,19.8689,0.0810331,1,0.0180416,0.034241,-0.295214,-0.0742199,-0.0605592,-0.248312,0.0180416,0.034241,-0.265693,-0.0037283
1098,19.887,0.0878067,1,0.0256436,0.0416725,-0.325569,-0.0715083,-0.0704882,-0.292229,0.0256436,0.0416725,-0.293012,-0.00584414
1099,19.9051,0.098605,1,0.0320819,0.0535698,-0.352747,-0.0711511,-0.0811371,-0.33362,0.0320819,0.0535698,-0.317472,-0.00792175
1100,19.9232,0.111468,1,0.0405948,0.0631489,-0.380841,-0.0728812,-0.0928299,-0.372537,0.0405948,0.0631489,-0.342757,-0.0108221
1101,19.9413,0.127525,1,0.0471679,0.0769777,-0.404722,-0.076545,-0.105955,-0.408993,0.0471679,0.0769777,-0.36425,-0.0133629
1102,19.9594,0.147635,1,0.0585129,0.0920751,-0.427681,-0.0820928,-0.120963,-0.442956,0.0585129,0.0920751,-0.384913,-0.0175174
1103,19.9775,0.172484,1,0.0686885,0.113478,-0.446388,-0.0895713,-0.138364,-0.474333,0.0686885,0.113478,-0.401749,-0.0214632
1104,19.9956,0.201362,1,0.0829142,0.136262,-0.464553,-0.0991181,-0.158745,-0.502951,0.0829142,0.136262,-0.418098,-0.0269626
1105,20.0138,0.236375,1,0.0971432,0.166161,-0.477923,-0.110959,-0.18277,-0.528527,0.0971432,0.166161,-0.430131,-0.0324989
1106,20.0319,0.277935,0,0.117139,0.199886,-0.487929,-0.125409,-0.21119,-0.550625,0.117139,0.199886,-0.439136,-0.0400087
1107,20.05,0.32868,0,0.13888,0.243761,-0.491288,-0.142867,-0.244842,-0.5686,0.13888,0.243761,-0.442159,-0.0477611
1108,20.0681,0.388306,0,0.16747,0.293102,-0.487592,-0.163821,-0.284626,-0.581522,0.16747,0.293102,-0.438833,-0.0571599
1109,20.0862,0.458724,0,0.198143,0.352848,-0.472921,-0.188835,-0.331457,-0.588066,0.198143,0.352848,-0.425629,-0.0655941
1110,20.1043,0.539617,0,0.237017,0.417699,-0.445495,-0.21853,-0.386156,-0.586397,0.237017,0.417699,-0.400946,-0.073913
1111,20.1224,0.631123,0,0.278701,0.489773,-0.40112,-0.25354,-0.449254,-0.574027,0.278701,0.489773,-0.361008,-0.0782548
1112,20.1405,0.731285,0,0.328392,0.562041,-0.337472,-0.294427,-0.520657,-0.547701,0.328392,0.562041,-0.303725,-0.0775762
1113,20.1587,0.837625,0,0.379147,0.633784,-0.247681,-0.341539,-0.59913,-0.50338,0.379147,0.633784,-0.222912,-0.0657352
1114,20.1768,0.943398,0,0.435489,0.691867,-0.129316,-0.394772,-0.681565,-0.436478,0.435489,0.691867,-0.116384,-0.0394209
1115,20.1949,1.03778,0,0.48886,0.7269,0.0127343,-0.453235,-0.762119,-0.342562,0.48886,0.7269,0.0114609,0.00435771
1116,20.213,1.10707,0,0.536154,0.724424,0.170195,-0.514824,-0.831506,-0.218817,0.536154,0.724424,0.153176,0.0638755
1117,20.2311,1.13849,0,0.569684,0.678796,0.328011,-0.575807,-0.877098,-0.066362,0.569684,0.678796,0.29521,0.130804
1118,20.2492,1.12016,0,0.585217,0.584339,0.464327,-0.630652,-0.884768,0.10705,0.585217,0.584339,0.417895,0.190213
1119,20.2673,1.05132,0,0.576573,0.452593,0.562778,-0.672447,-0.843106,0.285431,0.576573,0.452593,0.5065,0.227138
1120,20.2854,0.943126,0,0.542894,0.305079,0.609954,-0.694169,-0.749123,0.44627,0.542894,0.305079,0.548959,0.231798
1121,20.3036,0.817489,0,0.490168,0.167923,0.608459,-0.690667,-0.6123,0.566679,0.490168,0.167923,0.547613,0.208773
1122,20.3217,0.691617,0,0.4244,0.0503731,0.566641,-0.660557,-0.453251,0.631696,0.4244,0.0503731,0.509977,0.168338
1123,20.3398,0.577931,0,0.349353,-0.0368651,0.497883,-0.606943,-0.296529,0.63961,0.349353,-0.0368651,0.448094,0.121756
1124,20.3579,0.482363,0,0.276824,-0.0946719,0.421726,-0.536477,-0.161882,0.600738,0.276824,-0.0946719,0.379553,0.0817207
1125,20.376,0.40189,0,0.209105,-0.128382,0.342372,-0.457305,-0.0592896,0.531238,0.209105,-0.128382,0.308134,0.0501141
1126,20.3941,0.333204,0,0.149532,-0.145131,0.268847,-0.376992,0.0106088,0.446592,0.149532,-0.145131,0.241963,0.0281409
1127,20.4122,0.274284,0,0.0986262,-0.149383,0.200389,-0.301245,0.0529687,0.358034,0.0986262,-0.149383,0.18035,0.0138345
1128,20.4303,0.22585,1,0.0576129,-0.149651,0.138751,-0.233564,0.0750152,0.272042,0.0576129,-0.149651,0.124876,0.0055957
1129,20.4484,0.186376,1,0.0239727,-0.144513,0.0802982,-0.175507,0.0836346,0.191495,0.0239727,-0.144513,0.0722684,0.00134748
1130,20.4666,0.158121,1,-0.00338256,-0.142825,0.0273062,-0.127224,0.0843381,0.11712,-0.00338256,-0.142825,0.0245756,-6.46555e-05
1131,20.4847,0.139607,1,-0.0259735,-0.141678,-0.022075,-0.0879856,0.0810949,0.0486134,-0.0259735,-0.141678,-0.0198675,0.000401355
1132,20.5028,0.132066,1,-0.0438373,-0.145366,-0.0686451,-0.0566007,0.0765565,-0.0146808,-0.0438373,-0.145366,-0.0617805,0.00210645
1133,20.5209,0.130673,1,-0.0591676,-0.148862,-0.112452,-0.0317124,0.0723865,-0.0734417,-0.0591676,-0.148862,-0.101207,0.00465746
1134,20.539,0.135833,1,-0.0733778,-0.156372,-0.151323,-0.011976,0.069568,-0.128241,-0.0733778,-0.156372,-0.13619,0.0077726
1135,20.5571,0.144683,1,-0.0868044,-0.164891,-0.185988,0.00384392,0.0686487,-0.179517,-0.0868044,-0.164891,-0.16739,0.0113012
1136,20.5752,0.158033,1,-0.0983649,-0.178166,-0.217284,0.0168317,0.0699212,-0.227587,-0.0983649,-0.178166,-0.195556,0.0149612
1137,20.5933,0.173458,1,-0.110268,-0.191971,-0.246855,0.0279146,0.07355,-0.272673,-0.110268,-0.191971,-0.222169,0.0190542
1138,20.6115,0.193256,1,-0.123247,-0.211038,-0.275191,0.0378768,0.0796579,-0.314917,-0.123247,-0.211038,-0.247672,0.0237415
1139,20.6296,0.216678,1,-0.138725,-0.232694,-0.29853,0.0473831,0.0883835,-0.354396,-0.138725,-0.232694,-0.268677,0.0289895
1140,20.6477,0.244839,1,-0.154976,-0.260277,-0.319283,0.0570077,0.099919,-0.391124,-0.154976,-0.260277,-0.287355,0.0346369
1141,20.6658,0.278253,0,-0.174182,-0.29198,-0.33164,0.0672624,0.114535,-0.425043,-0.174182,-0.29198,-0.298476,0.0404361
1142,20.6839,0.318176,0,-0.195875,-0.33051,-0.338152,0.0786242,0.132596,-0.456012,-0.195875,-0.33051,-0.304337,0.0463649
1143,20.702,0.365237,0,-0.221927,-0.374178,-0.334307,0.0915591,0.154572,-0.483781,-0.221927,-0.374178,-0.300877,0.0519344
1144,20.7201,0.418717,0,-0.249718,-0.422434,-0.321219,0.106544,0.181038,-0.507956,-0.249718,-0.422434,-0.289097,0.05615
1145,20.7382,0.478693,0,-0.282638,-0.471768,-0.296499,0.124083,0.212669,-0.527943,-0.282638,-0.471768,-0.266849,0.0586614
1146,20.7564,0.545773,0,-0.318153,-0.524458,-0.261402,0.144719,0.250217,-0.542888,-0.318153,-0.524458,-0.235262,0.058216
1147,20.7745,0.620429,0,-0.358003,-0.577397,-0.20968,0.169035,0.294458,-0.551579,-0.358003,-0.577397,-0.188712,0.0525462
1148,20.7926,0.700459,0,-0.399284,-0.627362,-0.142472,0.197647,0.34609,-0.552342,-0.399284,-0.627362,-0.128225,0.0398207
1149,20.8107,0.783586,0,-0.441651,-0.666638,-0.0532923,0.231161,0.405558,-0.542927,-0.441651,-0.666638,-0.047963,0.0164756
1150,20.8288,0.864485,0,-0.482169,-0.689269,0.050354,0.270113,0.472761,-0.520404,-0.482169,-0.689269,0.0453186,-0.0169954
1151,20.8469,0.935058,0,-0.516542,-0.684515,0.163964,0.314834,0.546597,-0.481156,-0.516542,-0.684515,0.147568,-0.059286
1152,20.865,0.98659,0,-0.540071,-0.647972,0.272959,0.365256,0.624341,-0.421075,-0.540071,-0.647972,0.245663,-0.103192
1153,20.8831,1.01494,0,-0.550342,-0.582712,0.37089,0.420618,0.700897,-0.336154,-0.550342,-0.582712,0.333801,-0.142882
1154,20.9012,1.0158,0,-0.545578,-0.495941,0.445334,0.479098,0.768171,-0.223702,-0.545578,-0.495941,0.400801,-0.170075
1155,20.9194,0.987546,0,-0.524954,-0.397465,0.487376,0.537448,0.815072,-0.084285,-0.524954,-0.397465,0.438638,-0.179095
1156,20.9375,0.933661,0,-0.48927,-0.300658,0.491468,0.590815,0.82891,0.0759401,-0.48927,-0.300658,0.442322,-0.168322
1157,20.9556,0.863354,0,-0.443704,-0.213977,0.46976,0.633023,0.798774,0.24363,-0.443704,-0.213977,0.422784,-0.145904
1158,20.9737,0.785571,0,-0.391248,-0.145967,0.426549,0.657589,0.720382,0.399214,-0.391248,-0.145967,0.383894,-0.116821
1159,20.9918,0.706899,0,-0.33871,-0.0934368,0.373194,0.659382,0.600042,0.521586,-0.33871,-0.0934368,0.335875,-0.0884831
1160,21.0099,0.631918,0,-0.287757,-0.0595843,0.313014,0.636371,0.454531,0.595208,-0.287757,-0.0595843,0.281713,-0.0630504
1161,21.028,0.559231,0,-0.239965,-0.0369746,0.253588,0.590523,0.305762,0.615583,-0.239965,-0.0369746,0.228229,-0.0425965
1162,21.0461,0.492615,0,-0.199117,-0.029206,0.190299,0.527291,0.173125,0.589554,-0.199117,-0.029206,0.171269,-0.0265242
1163,21.0643,0.428532,0,-0.165262,-0.0274453,0.132788,0.45396,0.0681246,0.53072,-0.165262,-0.0274453,0.119509,-0.0153614
1164,21.0824,0.369318,0,-0.13743,-0.0311924,0.0751862,0.377751,-0.00642719,0.453554,-0.13743,-0.0311924,0.0676676,-0.00723301
1165,21.1005,0.314643,0,-0.116427,-0.0347557,0.0238035,0.30446,-0.0538595,0.369477,-0.116427,-0.0347557,0.0214232,-0.00193996
1166,21.1186,0.266653,0,-0.0980462,-0.0421949,-0.0289174,0.237922,-0.0802923,0.285703,-0.0980462,-0.0421949,-0.0260257,0.00198467
1167,21.1367,0.223555,1,-0.085839,-0.0503334,-0.0724146,0.180111,-0.0921399,0.205889,-0.085839,-0.0503334,-0.0651731,0.0043512
1168,21.1548,0.1877,1,-0.0770745,-0.0611481,-0.115679,0.131561,-0.0948361,0.131365,-0.0770745,-0.0611481,-0.104111,0.00624113
1169,21.1729,0.157254,1,-0.0719643,-0.0706198,-0.154282,0.0918497,-0.0924586,0.0622237,-0.0719643,-0.0706198,-0.138854,0.00777197
1170,21.191,0.13316,1,-0.0689864,-0.0811292,-0.19304,0.0600139,-0.0878219,-0.00196731,-0.0689864,-0.0811292,-0.173736,0.00932198
1171,21.2092,0.112862,1,-0.0691259,-0.089759,-0.227159,0.0348524,-0.0827401,-0.0617728,-0.0691259,-0.089759,-0.204443,0.0109918
1172,21.2273,0.0970306,1,-0.069804,-0.100366,-0.261054,0.0151248,-0.0783074,-0.117718,-0.069804,-0.100366,-0.234949,0.0127558
1173,21.2454,0.0846666,1,-0.0735631,-0.108308,-0.29288,-0.000334936,-0.0751356,-0.170232,-0.0735631,-0.108308,-0.263592,0.0150816
1174,21.2635,0.0758157,1,-0.0768756,-0.120671,-0.323985,-0.0125615,-0.0735363,-0.219649,-0.0768756,-0.120671,-0.291586,0.0174346
1175,21.2816,0.0690244,1,-0.0833463,-0.133078,-0.350197,-0.0224412,-0.0736518,-0.26622,-0.0833463,-0.133078,-0.315178,0.0204314
1176,21.2997,0.0672227,1,-0.0900092,-0.152497,-0.374322,-0.0307169,-0.075546,-0.310137,-0.0900092,-0.152497,-0.33689,0.0235847
1177,21.3178,0.0691646,1,-0.101338,-0.171382,-0.394612,-0.0380061,-0.0792653,-0.351544,-0.101338,-0.171382,-0.355151,0.0279923
1178,21.3359,0.0768296,1,-0.112519,-0.196917,-0.414491,-0.0448242,-0.0848787,-0.390546,-0.112519,-0.196917,-0.373042,0.0326466
1179,21.354,0.0874685,1,-0.127855,-0.223414,-0.428406,-0.0516103,-0.0925042,-0.427215,-0.127855,-0.223414,-0.385565,0.0383417
1180,21.3722,0.102495,1,-0.143682,-0.256761,-0.440301,-0.058751,-0.102327,-0.461583,-0.143682,-0.256761,-0.396271,0.0442844
1181,21.3903,0.120803,1,-0.164276,-0.293401,-0.445939,-0.066604,-0.114615,-0.493641,-0.164276,-0.293401,-0.401345,0.0512799
1182,21.4084,0.143886,1,-0.187466,-0.339449,-0.448531,-0.0755192,-0.129726,-0.523324,-0.187466,-0.339449,-0.403678,0.0588589
1183,21.4265,0.171756,1,-0.217057,-0.390988,-0.439567,-0.0858576,-0.148125,-0.550493,-0.217057,-0.390988,-0.39561,0.0667877
1184,21.4446,0.204824,1,-0.250218,-0.451303,-0.420708,-0.0980093,-0.170387,-0.574908,-0.250218,-0.451303,-0.378638,0.0736883
1185,21.4627,0.242984,1,-0.290018,-0.515588,-0.385909,-0.11241,-0.197212,-0.596185,-0.290018,-0.515588,-0.347318,0.0783446
1186,21.4808,0.286389,0,-0.333965,-0.585532,-0.335435,-0.129553,-0.229419,-0.613744,-0.333965,-0.585532,-0.301891,0.0784164
1187,21.4989,0.33463,0,-0.382522,-0.651701,-0.25986,-0.150003,-0.267938,-0.626729,-0.382522,-0.651701,-0.233874,0.0695817
1188,21.5171,0.386714,0,-0.432633,-0.710908,-0.160365,-0.174398,-0.313769,-0.633903,-0.432633,-0.710908,-0.144329,0.0485655
1189,21.5352,0.440905,0,-0.483938,-0.750853,-0.0353026,-0.203442,-0.367891,-0.633512,-0.483938,-0.750853,-0.0317723,0.011959
1190,21.5533,0.493093,0,-0.530941,-0.764144,0.106675,-0.237872,-0.431089,-0.623125,-0.530941,-0.764144,0.0960074,-0.0396466
1191,21.5714,0.538322,0,-0.567815,-0.73792,0.255352,-0.278395,-0.503645,-0.599472,-0.567815,-0.73792,0.229817,-0.101495
1192,21.5895,0.569647,0,-0.589723,-0.666722,0.388752,-0.325555,-0.584829,-0.558351,-0.589723,-0.666722,0.349876,-0.160479
1193,21.6076,0.589356,0,-0.59071,-0.558465,0.497483,-0.379512,-0.672134,-0.494734,-0.59071,-0.558465,0.447735,-0.205708
1194,21.6257,0.593684,0,-0.569166,-0.431685,0.562407,-0.439699,-0.760284,-0.403326,-0.569166,-0.431685,0.506167,-0.224072
1195,21.6438,0.586092,0,-0.529632,-0.301232,0.579935,-0.504356,-0.840238,-0.279916,-0.529632,-0.301232,0.521941,-0.215007
1196,21.662,0.570228,0,-0.474841,-0.185909,0.553117,-0.570008,-0.898809,-0.123785,-0.474841,-0.185909,0.497805,-0.18385
1197,21.6801,0.555611,0,-0.410778,-0.0954278,0.503605,-0.631121,-0.920016,0.0590651,-0.410778,-0.0954278,0.453245,-0.144809
1198,21.6982,0.543836,0,-0.342627,-0.0296975,0.438928,-0.680307,-0.889218,0.253269,-0.342627,-0.0296975,0.395035,-0.105272
1199,21.7163,0.533112,0,-0.277409,0.0135535,0.367777,-0.709502,-0.799738,0.434697,-0.277409,0.0135535,0.330999,-0.0714173
1200,21.7344,0.517145,0,-0.219729,0.0339098,0.293604,-0.712141,-0.658789,0.576473,-0.219729,0.0339098,0.264243,-0.0451592
1201,21.7525,0.495509,0,-0.169573,0.0404896,0.22143,-0.685538,-0.487741,0.658856,-0.169573,0.0404896,0.199287,-0.0262841
1202,21.7706,0.465878,0,-0.128614,0.0393397,0.155246,-0.632151,-0.314717,0.676993,-0.128614,0.0393397,0.139721,-0.0139768
1203,21.7887,0.427916,0,-0.0956396,0.0362639,0.0981281,-0.558863,-0.163824,0.641013,-0.0956396,0.0362639,0.0883152,-0.00656945
1204,21.8068,0.387702,0,-0.0680945,0.0333332,0.0409711,-0.474696,-0.0481,0.56916,-0.0680945,0.0333332,0.036874,-0.00195293
1205,21.825,0.343992,0,-0.0459755,0.0330945,-0.00801711,-0.3883,0.0307817,0.479631,-0.0459755,0.0330945,-0.0072154,0.000258013
1206,21.8431,0.303208,0,-0.0281815,0.0276358,-0.0568103,-0.306304,0.0784301,0.385765,-0.0281815,0.0276358,-0.0511293,0.0011207
1207,21.8612,0.2637,0,-0.0157317,0.0273032,-0.0994501,-0.232809,0.103139,0.295188,-0.0157317,0.0273032,-0.0895051,0.00109516
1208,21.8793,0.229503,1,-0.00456994,0.0267068,-0.140017,-0.169671,0.112869,0.21117,-0.00456994,0.0267068,-0.126016,0.00044791
1209,21.8974,0.200646,1,0.00416778,0.0315919,-0.180686,-0.117104,0.113959,0.134409,0.00416778,0.0315919,-0.162618,-0.000527142
1210,21.9155,0.179081,1,0.01283,0.032126,-0.222648,-0.0743106,0.110937,0.0644168,0.01283,0.032126,-0.200383,-0.0019996
1211,21.9336,0.1575,1,0.0195386,0.0379627,-0.25685,-0.0399623,0.106798,0.000327422,0.0195386,0.0379627,-0.231165,-0.00351294
1212,21.9517,0.140124,1,0.0269214,0.0432509,-0.290494,-0.0125418,0.103412,-0.0587034,0.0269214,0.0432509,-0.261445,-0.00547436
1213,21.9699,0.123833,1,0.0335749,0.0560474,-0.321495,0.0094561,0.101885,-0.113358,0.0335749,0.0560474,-0.289346,-0.00755593
1214,21.988,0.111173,1,0.042501,0.0672672,-0.352773,0.0274153,0.102841,-0.164133,0.042501,0.0672672,-0.317496,-0.0104953
1215,22.0061,0.098002,1,0.0499098,0.0815492,-0.379081,0.0425541,0.106633,-0.211361,0.0499098,0.0815492,-0.341172,-0.0132439
1216,22.0242,0.0862194,1,0.0610905,0.0961549,-0.403475,0.0559195,0.113481,-0.255238,0.0610905,0.0961549,-0.363128,-0.017254
1217,22.0423,0.0733559,1,0.0709599,0.116163,-0.422661,0.0684039,0.123566,-0.295847,0.0709599,0.116163,-0.380395,-0.0209944
1218,22.0604,0.0627862,1,0.0849202,0.136403,-0.441834,0.0807724,0.137095,-0.333167,0.0849202,0.136403,-0.397651,-0.0262645
1219,22.0785,0.0516958,1,0.0989309,0.165964,-0.455697,0.0936944,0.154335,-0.36707,0.0989309,0.165964,-0.410127,-0.0315577
1220,22.0966,0.0425407,1,0.118533,0.197903,-0.466712,0.107773,0.175634,-0.397304,0.118533,0.197903,-0.420041,-0.0387246
1221,22.1148,0.0361147,1,0.139102,0.240307,-0.469939,0.123575,0.201425,-0.423464,0.139102,0.240307,-0.422945,-0.0457585
1222,22.1329,0.0365041,1,0.166316,0.286544,-0.46586,0.141647,0.232213,-0.444951,0.166316,0.286544,-0.419274,-0.054236
1223,22.151,0.0474687,1,0.195545,0.343375,-0.452506,0.162535,0.268545,-0.460909,0.195545,0.343375,-0.407255,-0.0619396
1224,22.1691,0.0650819,1,0.232751,0.40523,-0.428876,0.186784,0.310947,-0.470164,0.232751,0.40523,-0.385988,-0.0698749
1225,22.1872,0.0880667,1,0.273277,0.475019,-0.389958,0.214925,0.359813,-0.471137,0.273277,0.475019,-0.350963,-0.0745966
1226,22.2053,0.114629,1,0.32171,0.546293,-0.332451,0.247438,0.415228,-0.461774,0.32171,0.546293,-0.299206,-0.074867
1227,22.2234,0.145516,1,0.370879,0.616916,-0.248642,0.284683,0.476692,-0.439516,0.370879,0.616916,-0.223778,-0.0645514
1228,22.2415,0.17971,1,0.425281,0.675408,-0.137574,0.326779,0.542742,-0.401362,0.425281,0.675408,-0.123816,-0.0409552
1229,22.2596,0.215001,1,0.477418,0.713464,-0.00172066,0.373431,0.610455,-0.344142,0.477418,0.713464,-0.00154859,-0.000575031
1230,22.2778,0.247868,1,0.524968,0.717419,0.149918,0.42369,0.674947,-0.265118,0.524968,0.717419,0.134926,0.0550914
1231,22.2959,0.276858,0,0.560136,0.680474,0.306482,0.475682,0.729076,-0.163046,0.560136,0.680474,0.275834,0.12017
1232,22.314,0.297316,0,0.578211,0.59433,0.443859,0.526385,0.763746,-0.0396738,0.578211,0.59433,0.399473,0.179651
1233,22.3321,0.309921,0,0.573617,0.470359,0.544565,0.571592,0.7693,0.0987132,0.573617,0.470359,0.490108,0.21866
1234,22.3502,0.316456,0,0.543892,0.327529,0.598163,0.606259,0.738213,0.240558,0.543892,0.327529,0.538347,0.227735
1235,22.3683,0.315669,0,0.494378,0.192024,0.604316,0.62536,0.668468,0.370252,0.494378,0.192024,0.543885,0.209133
1236,22.3864,0.309288,0,0.433009,0.075522,0.569626,0.625135,0.565921,0.471785,0.433009,0.075522,0.512663,0.172657
1237,22.4045,0.299322,0,0.361163,-0.0132982,0.505995,0.604289,0.443764,0.533648,0.361163,-0.0132982,0.455396,0.127923
1238,22.4227,0.284217,0,0.290893,-0.0721341,0.431022,0.564555,0.318656,0.552393,0.290893,-0.0721341,0.38792,0.087767
1239,22.4408,0.265253,0,0.225812,-0.10588,0.350535,0.510275,0.205491,0.532764,0.225812,-0.10588,0.315481,0.0554086
1240,22.4589,0.243974,1,0.167075,-0.124389,0.276267,0.447225,0.113646,0.484655,0.167075,-0.124389,0.24864,0.0323102
1241,22.477,0.220645,1,0.117134,-0.129178,0.205662,0.381234,0.0461824,0.419095,0.117134,-0.129178,0.185096,0.016863
1242,22.4951,0.197287,1,0.0762352,-0.129825,0.141559,0.317145,0.00135896,0.345323,0.0762352,-0.129825,0.127403,0.00755425
1243,22.5132,0.174813,1,0.0424611,-0.124891,0.0823008,0.258344,-0.0250746,0.269679,0.0424611,-0.124891,0.0740707,0.00244621
1244,22.5313,0.154733,1,0.0154064,-0.122684,0.0283438,0.206747,-0.037989,0.195801,0.0154064,-0.122684,0.0255094,0.000305672
1245,22.5494,0.137924,1,-0.00724411,-0.120363,-0.0225294,0.163078,-0.0417664,0.125397,-0.00724411,-0.120363,-0.0202764,0.000114244
1246,22.5676,0.12472,1,-0.0245262,-0.122872,-0.0703939,0.127217,-0.0398572,0.0590181,-0.0245262,-0.122872,-0.0633546,0.00120855
1247,22.5857,0.11471,1,-0.0389297,-0.124045,-0.115628,0.0985344,-0.0347382,-0.00336391,-0.0389297,-0.124045,-0.104065,0.00315094
1248,22.6038,0.108556,1,-0.0516293,-0.129522,-0.155452,0.0761451,-0.0280529,-0.0620119,-0.0516293,-0.129522,-0.139906,0.00561809
1249,22.6219,0.105748,1,-0.0633808,-0.135173,-0.191191,0.0590902,-0.0208033,-0.117243,-0.0633808,-0.135173,-0.172072,0.00848248
1250,22.64,0.107413,1,-0.0733825,-0.14515,-0.223474,0.0464486,-0.0135309,-0.16935,-0.0733825,-0.14515,-0.201126,0.0114793
1251,22.6581,0.112772,1,-0.0835917,-0.155229,-0.255763,0.0373992,-0.00646316,-0.218583,-0.0835917,-0.155229,-0.230186,0.0149657
1252,22.6762,0.122096,1,-0.0937375,-0.168751,-0.287418,0.0312491,0.000377015,-0.265144,-0.0937375,-0.168751,-0.258676,0.0188593
1253,22.6943,0.134751,1,-0.106045,-0.184289,-0.314471,0.02744,0.00709532,-0.309199,-0.106045,-0.184289,-0.283024,0.0233437
1254,22.7124,0.152081,1,-0.119008,-0.206031,-0.339396,0.0255418,0.0138763,-0.350882,-0.119008,-0.206031,-0.305456,0.0282735
1255,22.7306,0.173073,1,-0.134585,-0.230625,-0.358271,0.0252407,0.0209542,-0.390304,-0.134585,-0.230625,-0.322444,0.0337526
1256,22.7487,0.199612,1,-0.151447,-0.262727,-0.37222,0.0263259,0.0285975,-0.427557,-0.151447,-0.262727,-0.334998,0.03946
1257,22.7668,0.231418,1,-0.172637,-0.298856,-0.377472,0.0286759,0.0371053,-0.46271,-0.172637,-0.298856,-0.339724,0.0456159
1258,22.7849,0.268687,0,-0.195759,-0.341743,-0.379116,0.0322489,0.0468097,-0.49581,-0.195759,-0.341743,-0.341205,0.0519509
1259,22.803,0.311458,0,-0.2228,-0.387788,-0.369773,0.0370743,0.058084,-0.526875,-0.2228,-0.387788,-0.332796,0.0576698
1260,22.8211,0.360513,0,-0.25411,-0.43902,-0.353395,0.0432487,0.0713547,-0.555888,-0.25411,-0.43902,-0.318056,0.0628609
1261,22.8392,0.41697,0,-0.290082,-0.494551,-0.324008,0.0509346,0.0871159,-0.58278,-0.290082,-0.494551,-0.291607,0.0657922
1262,22.8573,0.480168,0,-0.328623,-0.552754,-0.281085,0.0603621,0.105946,-0.607413,-0.328623,-0.552754,-0.252977,0.0646597
1263,22.8755,0.551076,0,-0.371975,-0.610031,-0.21891,0.0718339,0.128523,-0.629549,-0.371975,-0.610031,-0.197019,0.0570003
1264,22.8936,0.628147,0,-0.416665,-0.663106,-0.13798,0.0857314,0.155644,-0.648813,-0.416665,-0.663106,-0.124182,0.0402439
1265,22.9117,0.710049,0,-0.46239,-0.703064,-0.0329808,0.102523,0.188229,-0.66463,-0.46239,-0.703064,-0.0296827,0.010675
1266,22.9298,0.790045,0,-0.504933,-0.71829,0.0882669,0.122769,0.227321,-0.676143,-0.504933,-0.71829,0.0794402,-0.0311982
1267,22.9479,0.861581,0,-0.538424,-0.700071,0.21682,0.147131,0.274054,-0.682102,-0.538424,-0.700071,0.195138,-0.0817189
1268,22.966,0.916866,0,-0.559435,-0.645716,0.333865,0.176353,0.329572,-0.680709,-0.559435,-0.645716,0.300478,-0.130743
1269,22.9841,0.954079,0,-0.564537,-0.559979,0.433852,0.211245,0.394862,-0.669435,-0.564537,-0.559979,0.390467,-0.171448
1270,23.0022,0.968423,0,-0.551906,-0.455494,0.499271,0.252608,0.470431,-0.644823,-0.551906,-0.455494,0.449344,-0.192885
1271,23.0204,0.958743,0,-0.521356,-0.345508,0.524082,0.301106,0.555771,-0.602336,-0.521356,-0.345508,0.471674,-0.191263
1272,23.0385,0.929132,0,-0.476805,-0.244217,0.511256,0.357031,0.648517,-0.536409,-0.476805,-0.244217,0.46013,-0.170639
1273,23.0566,0.886158,0,-0.421771,-0.157921,0.472891,0.419932,0.7433,-0.440981,-0.421771,-0.157921,0.425602,-0.139616
1274,23.0747,0.839747,0,-0.364623,-0.0950121,0.418337,0.488085,0.830516,-0.310916,-0.364623,-0.0950121,0.376503,-0.106775
1275,23.0928,0.794791,0,-0.308311,-0.0489453,0.357737,0.557881,0.895697,-0.144699,-0.308311,-0.0489453,0.321963,-0.0772059
1276,23.1109,0.757623,0,-0.255179,-0.0235239,0.293405,0.623366,0.920799,0.0517599,-0.255179,-0.0235239,0.264065,-0.0524096
1277,23.129,0.727304,0,-0.207946,-0.00770634,0.229147,0.676394,0.888839,0.26177,-0.207946,-0.00770634,0.206233,-0.0333553
1278,23.1471,0.704424,0,-0.167837,-0.00495756,0.163257,0.707924,0.791708,0.458223,-0.167837,-0.00495756,0.146931,-0.0191804
1279,23.1652,0.679252,0,-0.13565,-0.00558322,0.105892,0.710524,0.637429,0.610545,-0.13565,-0.00558322,0.0953024,-0.0100549
1280,23.1834,0.646581,0,-0.109157,-0.00901327,0.0497531,0.681182,0.450596,0.696534,-0.109157,-0.00901327,0.0447778,-0.00380162
1281,23.2015,0.602781,0,-0.0887718,-0.0132486,-0.000610744,0.622787,0.263385,0.711565,-0.0887718,-0.0132486,-0.000549669,3.79518e-05
1282,23.2196,0.550908,0,-0.0715385,-0.0207025,-0.0509827,0.54321,0.102647,0.668301,-0.0715385,-0.0207025,-0.0458845,0.00255306
1283,23.2377,0.492484,0,-0.0604336,-0.0271532,-0.0933568,0.45257,-0.0180748,0.588089,-0.0604336,-0.0271532,-0.0840211,0.00394932
1284,23.2558,0.435323,0,-0.0514711,-0.0356141,-0.137176,0.360339,-0.0982282,0.491322,-0.0514711,-0.0356141,-0.123458,0.00494242
1285,23.2739,0.380836,0,-0.0470613,-0.0407814,-0.174716,0.273558,-0.145032,0.392243,-0.0470613,-0.0407814,-0.157244,0.00575564
1286,23.292,0.333508,0,-0.0430512,-0.0485004,-0.213426,0.196388,-0.168119,0.298476,-0.0430512,-0.0485004,-0.192083,0.00643176
1287,23.3101,0.293214,0,-0.0415122,-0.0523779,-0.248601,0.130537,-0.176293,0.212884,-0.0415122,-0.0523779,-0.223741,0.00722398
1288,23.3283,0.260352,0,-0.0397357,-0.0585062,-0.283911,0.0759897,-0.176323,0.135705,-0.0397357,-0.0585062,-0.25552,0.00789697
1289,23.3464,0.233697,1,-0.0412732,-0.0611987,-0.316074,0.0317056,-0.172901,0.066077,-0.0412732,-0.0611987,-0.284467,0.00913177
1290,23.3645,0.211516,1,-0.04094,-0.0689958,-0.347582,-0.00385556,-0.169058,0.0028877,-0.04094,-0.0689958,-0.312823,0.00996098
1291,23.3826,0.192625,1,-0.0431643,-0.0737878,-0.375126,-0.0323864,-0.166643,-0.0548524,-0.0431643,-0.0737878,-0.337613,0.0113344
1292,23.4007,0.176857,1,-0.0459603,-0.0840719,-0.402699,-0.05553,-0.16673,-0.107892,-0.0459603,-0.0840719,-0.362429,0.0129557
1293,23.4188,0.163126,1,-0.0518111,-0.0928979,-0.427608,-0.0747781,-0.169921,-0.156738,-0.0518111,-0.0928979,-0.384847,0.0155084
1294,23.4369,0.151229,1,-0.0562687,-0.105629,-0.451375,-0.0914346,-0.176559,-0.201689,-0.0562687,-0.105629,-0.406238,0.0177788
1295,23.455,0.14059,1,-0.0631934,-0.11536,-0.471561,-0.106616,-0.186871,-0.242875,-0.0631934,-0.11536,-0.424404,0.0208597
1296,23.4732,0.132299,1,-0.0692922,-0.12983,-0.491778,-0.121275,-0.201055,-0.280273,-0.0692922,-0.12983,-0.4426,0.0238534
1297,23.4913,0.124764,1,-0.0788042,-0.144963,-0.508321,-0.136227,-0.219333,-0.313718,-0.0788042,-0.144963,-0.457489,0.0280405
1298,23.5094,0.11979,1,-0.0881511,-0.165315,-0.524745,-0.152187,-0.241981,-0.342892,-0.0881511,-0.165315,-0.472271,0.0323798
1299,23.5275,0.116322,1,-0.100822,-0.187447,-0.537975,-0.169794,-0.269323,-0.367295,-0.100822,-0.187447,-0.484178,0.0379679
1300,23.5456,0.114781,1,-0.115033,-0.21693,-0.54983,-0.189633,-0.301714,-0.386212,-0.115033,-0.21693,-0.494847,0.0442738
1301,23.5637,0.114495,1,-0.133519,-0.251337,-0.557906,-0.212247,-0.339485,-0.39866,-0.133519,-0.251337,-0.502116,0.0521436
1302,23.5818,0.11604,1,-0.154869,-0.295429,-0.564028,-0.23813,-0.382851,-0.403339,-0.154869,-0.295429,-0.507625,0.0611453
1303,23.5999,0.11785,1,-0.182491,-0.347444,-0.563789,-0.267707,-0.431773,-0.398585,-0.182491,-0.347444,-0.50741,0.0720204
1304,23.618,0.119162,1,-0.215004,-0.410938,-0.55429,-0.301276,-0.485748,-0.38236,-0.215004,-0.410938,-0.498861,0.0834223
1305,23.6362,0.118934,1,-0.253765,-0.480649,-0.529043,-0.338925,-0.543518,-0.352319,-0.253765,-0.480649,-0.476139,0.0939769
1306,23.6543,0.116709,1,-0.298261,-0.559466,-0.485589,-0.380403,-0.602725,-0.306021,-0.298261,-0.559466,-0.43703,0.101382
1307,23.6724,0.110851,1,-0.349564,-0.642175,-0.417097,-0.424941,-0.659555,-0.241371,-0.349564,-0.642175,-0.375387,0.102062
1308,23.6905,0.102724,1,-0.406004,-0.724235,-0.32222,-0.471067,-0.708527,-0.157366,-0.406004,-0.724235,-0.289998,0.0915757
1309,23.7086,0.0910675,1,-0.467358,-0.79599,-0.195247,-0.516433,-0.742682,-0.0551406,-0.467358,-0.79599,-0.175722,0.0638752
1310,23.7267,0.0806439,1,-0.527937,-0.84656,-0.0397582,-0.557782,-0.754469,0.0609334,-0.527937,-0.84656,-0.0357824,0.0146929
1311,23.7448,0.0737412,1,-0.584451,-0.858199,0.141347,-0.591156,-0.737506,0.182597,-0.584451,-0.858199,0.127213,-0.0578274
1312,23.7629,0.0738938,1,-0.627713,-0.811388,0.33216,-0.612448,-0.688926,0.298237,-0.627713,-0.811388,0.298944,-0.145951
1313,23.7811,0.082384,1,-0.648459,-0.70463,0.498718,-0.618274,-0.611341,0.395048,-0.648459,-0.70463,0.448846,-0.226378
1314,23.7992,0.0955722,1,-0.641719,-0.553738,0.619035,-0.60689,-0.513175,0.462371,-0.641719,-0.553738,0.557132,-0.278073
1315,23.8173,0.107339,1,-0.606482,-0.376692,0.676114,-0.5788,-0.406685,0.494733,-0.606482,-0.376692,0.608502,-0.287035
1316,23.8354,0.113407,1,-0.545416,-0.210214,0.665106,-0.536723,-0.304445,0.492976,-0.545416,-0.210214,0.598595,-0.253931
1317,23.8535,0.115627,1,-0.468264,-0.0797668,0.608795,-0.484927,-0.216057,0.463001,-0.468264,-0.0797668,0.547915,-0.199554
1318,23.8716,0.118508,1,-0.386263,0.013781,0.534198,-0.428224,-0.146548,0.413095,-0.386263,0.013781,0.480779,-0.144439
1319,23.8897,0.119315,1,-0.303931,0.0736142,0.447331,-0.371052,-0.0966626,0.35137,-0.303931,0.0736142,0.402598,-0.0951705
1320,23.9078,0.117713,1,-0.229639,0.105257,0.356498,-0.316883,-0.0642605,0.28424,-0.229639,0.105257,0.320849,-0.0573061
1321,23.926,0.118518,1,-0.163169,0.120517,0.274832,-0.268028,-0.0458717,0.216019,-0.163169,0.120517,0.247348,-0.0313908
1322,23.9441,0.117576,1,-0.108073,0.119614,0.202473,-0.225719,-0.0378536,0.149219,-0.108073,0.119614,0.182225,-0.0153172
1323,23.9622,0.120268,1,-0.0626827,0.118232,0.139757,-0.190343,-0.0370337,0.0850906,-0.0626827,0.118232,0.125782,-0.00613226
1324,23.9803,0.12113,1,-0.0283552,0.111158,0.0797781,-0.161707,-0.0409519,0.0241247,-0.0283552,0.111158,0.0718003,-0.00158349
1325,23.9984,0.12712,1,0.000742133,0.110565,0.0278456,-0.139274,-0.0478655,-0.0335844,0.000742133,0.110565,0.025061,1.44656e-05
1326,24.0165,0.132964,1,0.0238961,0.106838,-0.0179513,-0.122348,-0.0566475,-0.0881158,0.0238961,0.106838,-0.0161561,-0.000300275
1327,24.0346,0.144766,1,0.0426085,0.112458,-0.0533547,-0.110204,-0.0666539,-0.139601,0.0426085,0.112458,-0.0480192,-0.00159135
1328,24.0527,0.157705,1,0.0602233,0.11942,-0.0910799,-0.102165,-0.0775997,-0.188167,0.0602233,0.11942,-0.0819719,-0.00383959
1329,24.0708,0.173182,1,0.074776,0.131865,-0.127795,-0.0976517,-0.089458,-0.233911,0.074776,0.131865,-0.115015,-0.00668919
1330,24.089,0.187715,1,0.0893972,0.140587,-0.166311,-0.0962027,-0.102386,-0.27689,0.0893972,0.140587,-0.14968,-0.0104074
1331,24.1071,0.206373,1,0.101786,0.154296,-0.196129,-0.0974817,-0.116672,-0.317118,0.101786,0.154296,-0.176516,-0.0139743
1332,24.1252,0.228591,1,0.116954,0.169027,-0.220037,-0.101276,-0.132706,-0.354553,0.116954,0.169027,-0.198033,-0.018014
1333,24.1433,0.257041,0,0.131349,0.193505,-0.239058,-0.107489,-0.150962,-0.389088,0.131349,0.193505,-0.215152,-0.0219799
1334,24.1614,0.28886,0,0.148967,0.219643,-0.257233,-0.116135,-0.171988,-0.420535,0.148967,0.219643,-0.23151,-0.0268234
1335,24.1795,0.32768,0,0.167212,0.25349,-0.267031,-0.127333,-0.196401,-0.448591,0.167212,0.25349,-0.240328,-0.0312556
1336,24.1976,0.370773,0,0.190866,0.287336,-0.273525,-0.141297,-0.224888,-0.472804,0.190866,0.287336,-0.246173,-0.0365447
1337,24.2157,0.421154,0,0.214451,0.327579,-0.268864,-0.158332,-0.258188,-0.492521,0.214451,0.327579,-0.241978,-0.0403607
1338,24.2339,0.476782,0,0.242829,0.367993,-0.25809,-0.178827,-0.297066,-0.506818,0.242829,0.367993,-0.232281,-0.0438701
1339,24.252,0.540367,0,0.270937,0.414169,-0.233382,-0.203235,-0.342251,-0.514416,0.270937,0.414169,-0.210044,-0.0442623
1340,24.2701,0.61095,0,0.305504,0.460557,-0.197364,-0.232047,-0.394324,-0.513586,0.305504,0.460557,-0.177628,-0.0422068
1341,24.2882,0.687418,0,0.340745,0.507358,-0.146377,-0.265744,-0.453526,-0.502052,0.340745,0.507358,-0.131739,-0.034914
1342,24.3063,0.76608,0,0.3793,0.545764,-0.0793489,-0.304707,-0.519456,-0.476938,0.3793,0.545764,-0.071414,-0.0210679
1343,24.3244,0.841902,0,0.414168,0.572791,0.00143917,-0.349082,-0.59062,-0.434819,0.414168,0.572791,0.00129525,0.00041724
1344,24.3425,0.908975,0,0.447652,0.579815,0.0926436,-0.39857,-0.663854,-0.37201,0.447652,0.579815,0.0833792,0.0290305
1345,24.3606,0.961432,0,0.473078,0.566994,0.189304,-0.452148,-0.733699,-0.285259,0.473078,0.566994,0.170374,0.0626889
1346,24.3788,0.992079,0,0.49168,0.52965,0.282016,-0.507737,-0.792012,-0.172999,0.49168,0.52965,0.253814,0.0970631
1347,24.3969,0.994768,0,0.49649,0.471111,0.362817,-0.561926,-0.828296,-0.0371706,0.49649,0.471111,0.326535,0.126094
1348,24.415,0.96681,0,0.489071,0.394533,0.420579,-0.609919,-0.831409,0.114878,0.489071,0.394533,0.378521,0.143985
1349,24.4331,0.911847,0,0.467026,0.312484,0.45338,-0.645963,-0.79289,0.269535,0.467026,0.312484,0.408042,0.148218
1350,24.4512,0.835643,0,0.434976,0.22903,0.457889,-0.664394,-0.711102,0.408571,0.434976,0.22903,0.4121,0.13942
1351,24.4693,0.748056,0,0.393578,0.154451,0.434823,-0.661154,-0.593922,0.513835,0.393578,0.154451,0.391341,0.119796
1352,24.4874,0.659607,0,0.348296,0.095867,0.395215,-0.635184,-0.457588,0.573254,0.348296,0.095867,0.355693,0.0963562
1353,24.5055,0.574857,0,0.301327,0.0545006,0.345133,-0.588952,-0.321516,0.584708,0.301327,0.0545006,0.31062,0.0727985
1354,24.5236,0.495987,0,0.257347,0.027133,0.292534,-0.527785,-0.201937,0.555408,0.257347,0.027133,0.263281,0.052698
1355,24.5418,0.424011,0,0.21746,0.0120102,0.236405,-0.458347,-0.107959,0.497646,0.21746,0.0120102,0.212764,0.035986
1356,24.5599,0.358834,0,0.183497,0.00260852,0.181415,-0.387044,-0.0413796,0.42397,0.183497,0.00260852,0.163273,0.0233024
1357,24.578,0.300109,0,0.153681,0.00129369,0.12775,-0.318933,0.00100645,0.344156,0.153681,0.00129369,0.114975,0.0137429
1358,24.5961,0.248544,1,0.129765,0.00236889,0.0773664,-0.25733,0.0246199,0.264408,0.129765,0.00236889,0.0696298,0.00702763
1359,24.6142,0.204568,1,0.110952,0.010209,0.0273884,-0.203926,0.0350665,0.187943,0.110952,0.010209,0.0246495,0.00212716
1360,24.6323,0.167001,1,0.0972979,0.0172595,-0.0162889,-0.15916,0.037097,0.116013,0.0972979,0.0172595,-0.01466,-0.00110941
1361,24.6504,0.13666,1,0.0869988,0.0279244,-0.0609237,-0.122639,0.0342931,0.0487995,0.0869988,0.0279244,-0.0548313,-0.0037102
1362,24.6685,0.112889,1,0.0805047,0.0352806,-0.102966,-0.0934974,0.0291382,-0.0139885,0.0805047,0.0352806,-0.0926698,-0.0058025
1363,24.6867,0.0957784,1,0.0767283,0.0472878,-0.145023,-0.0706615,0.0232345,-0.0727856,0.0767283,0.0472878,-0.130521,-0.00778915
1364,24.7048,0.0845566,1,0.0764134,0.0603612,-0.181505,-0.0530263,0.0175392,-0.128016,0.0764134,0.0603612,-0.163355,-0.00970859
1365,24.7229,0.0808314,1,0.0786784,0.0781758,-0.216332,-0.0395577,0.0125683,-0.180041,0.0786784,0.0781758,-0.194699,-0.0119144
1366,24.741,0.0823939,1,0.0837463,0.0936041,-0.247684,-0.0293439,0.00855462,-0.229152,0.0837463,0.0936041,-0.222916,-0.0145199
1367,24.7591,0.0898038,1,0.0900924,0.113799,-0.276415,-0.0216135,0.00556157,-0.275582,0.0900924,0.113799,-0.248774,-0.017432
1368,24.7772,0.100678,1,0.0995142,0.133333,-0.302616,-0.015733,0.0035622,-0.319521,0.0995142,0.133333,-0.272354,-0.0210802
1369,24.7953,0.11677,1,0.111249,0.159495,-0.325582,-0.0111927,0.00249089,-0.361129,0.111249,0.159495,-0.293024,-0.0253544
1370,24.8134,0.135623,1,0.126377,0.18714,-0.345231,-0.00758841,0.002276,-0.40054,0.126377,0.18714,-0.310708,-0.0305405
1371,24.8316,0.158976,1,0.143293,0.221576,-0.359706,-0.00460083,0.00285948,-0.437878,0.143293,0.221576,-0.323736,-0.0360804
1372,24.8497,0.185874,1,0.164774,0.258936,-0.368582,-0.00197705,0.00420815,-0.47325,0.164774,0.258936,-0.331723,-0.0425129
1373,24.8678,0.219192,1,0.189278,0.305463,-0.368889,0.000486884,0.00632,-0.506755,0.189278,0.305463,-0.332,-0.048876
1374,24.8859,0.257542,0,0.219151,0.355313,-0.358285,0.00296082,0.00922806,-0.538484,0.219151,0.355313,-0.322456,-0.0549629
1375,24.904,0.302873,0,0.252488,0.412165,-0.334189,0.00559332,0.0130034,-0.568517,0.252488,0.412165,-0.30077,-0.0590651
1376,24.9221,0.353493,0,0.291683,0.470086,-0.296772,0.00852272,0.0177585,-0.596924,0.291683,0.470086,-0.267095,-0.0605943
1377,24.9402,0.410609,0,0.332642,0.530953,-0.242239,0.0118869,0.0236515,-0.623764,0.332642,0.530953,-0.218015,-0.0564053
1378,24.9583,0.471532,0,0.377927,0.584532,-0.170127,0.0158321,0.0308927,-0.649081,0.377927,0.584532,-0.153114,-0.0450069
1379,24.9764,0.53807,0,0.423676,0.632132,-0.0769881,0.0205218,0.0397524,-0.6729,0.423676,0.632132,-0.0692893,-0.0228326
1380,24.9946,0.604626,0,0.467859,0.656355,0.0359677,0.0261451,0.0505719,-0.695219,0.467859,0.656355,0.032371,0.0117795
1381,25.0127,0.667669,0,0.504408,0.653738,0.159782,0.0329267,0.063777,-0.716001,0.504408,0.653738,0.143804,0.0564167
1382,25.0308,0.722895,0,0.531824,0.614532,0.285198,0.0411365,0.0798941,-0.735156,0.531824,0.614532,0.256678,0.106173
1383,25.0489,0.767645,0,0.54411,0.545878,0.398824,0.0511021,0.09957,-0.752518,0.54411,0.545878,0.358942,0.151903
1384,25.067,0.794169,0,0.538813,0.446519,0.481844,0.0632219,0.123592,-0.767814,0.538813,0.446519,0.43366,0.181737
1385,25.0851,0.80281,0,0.514513,0.334288,0.527083,0.0779795,0.15291,-0.780607,0.514513,0.334288,0.474375,0.189834
1386,25.1032,0.794759,0,0.473941,0.222546,0.532994,0.0959595,0.18865,-0.790225,0.473941,0.222546,0.479695,0.176825
1387,25.1213,0.773992,0,0.422775,0.127079,0.505573,0.117861,0.232115,-0.795651,0.422775,0.127079,0.455016,0.149621
1388,25.1395,0.747403,0,0.366814,0.0515529,0.458439,0.144508,0.284753,-0.795367,0.366814,0.0515529,0.412596,0.117713
1389,25.1576,0.717007,0,0.307751,-0.000203671,0.397707,0.176844,0.348055,-0.787146,0.307751,-0.000203671,0.357936,0.0856763
1390,25.1757,0.686976,0,0.251852,-0.0351993,0.329611,0.215897,0.423331,-0.76778,0.251852,-0.0351993,0.29665,0.0581093
1391,25.1938,0.660844,0,0.200148,-0.053589,0.260779,0.2627,0.511272,-0.732783,0.200148,-0.053589,0.234701,0.0365361
1392,25.2119,0.641503,0,0.157444,-0.0627183,0.19254,0.318107,0.61117,-0.676159,0.157444,-0.0627183,0.173286,0.02122
1393,25.23,0.631874,0,0.120488,-0.0613521,0.130054,0.382464,0.71967,-0.590478,0.120488,-0.0613521,0.117049,0.010969
1394,25.2481,0.636777,0,0.0921416,-0.0595915,0.075474,0.455064,0.829051,-0.467716,0.0921416,-0.0595915,0.0679266,0.00486801
1395,25.2662,0.651859,0,0.0683416,-0.0515368,0.0209658,0.533376,0.925436,-0.301571,0.0683416,-0.0515368,0.0188692,0.00100298
1396,25.2844,0.680772,0,0.0506913,-0.0467086,-0.028467,0.612168,0.988222,-0.0918215,0.0506913,-0.0467086,-0.0256203,-0.00101012
1397,25.3025,0.715275,0,0.0368488,-0.0398015,-0.0750324,0.682987,0.993047,0.149881,0.0368488,-0.0398015,-0.0675292,-0.0019354
1398,25.3206,0.748243,0,0.0274486,-0.0357024,-0.118963,0.734773,0.920315,0.396135,0.0274486,-0.0357024,-0.107066,-0.00228575
1399,25.3387,0.767567,0,0.0202595,-0.0275261,-0.162935,0.756338,0.767437,0.607584,0.0202595,-0.0275261,-0.146641,-0.00231069
1400,25.3568,0.766143,0,0.0158164,-0.0222886,-0.202122,0.740335,0.556416,0.747139,0.0158164,-0.0222886,-0.18191,-0.0022378
1401,25.3749,0.739959,0,0.0128303,-0.015335,-0.237534,0.686664,0.327605,0.797336,0.0128303,-0.015335,-0.213781,-0.00213335
1402,25.393,0.693566,0,0.0128331,-0.0113954,-0.270804,0.602867,0.121582,0.767118,0.0128331,-0.0113954,-0.243723,-0.00243267
1403,25.4111,0.635865,0,0.0120899,-0.00541261,-0.303296,0.501139,-0.0370042,0.683012,0.0120899,-0.00541261,-0.272967,-0.00256678
1404,25.4292,0.574992,0,0.0129636,-0.00220047,-0.335301,0.39406,-0.143136,0.573956,0.0129636,-0.00220047,-0.301771,-0.0030427
1405,25.4474,0.517222,0,0.0134263,0.00404057,-0.364414,0.291478,-0.204934,0.461161,0.0134263,0.00404057,-0.327973,-0.0034249
1406,25.4655,0.46645,0,0.0166321,0.00877297,-0.392177,0.199437,-0.235195,0.356014,0.0166321,0.00877297,-0.352959,-0.00456591
1407,25.4836,0.425688,0,0.0189397,0.0186241,-0.418087,0.120586,-0.245918,0.262586,0.0189397,0.0186241,-0.376278,-0.00554291
1408,25.5017,0.393367,0,0.0241061,0.0272281,-0.442316,0.0551734,-0.246243,0.180951,0.0241061,0.0272281,-0.398084,-0.00746377
1409,25.5198,0.36982,0,0.0276984,0.0391738,-0.465188,0.00202801,-0.24236,0.109599,0.0276984,0.0391738,-0.418669,-0.00901946
1410,25.5379,0.352946,0,0.0348088,0.05128,-0.486396,-0.0407042,-0.238151,0.0467465,0.0348088,0.05128,-0.437756,-0.0118516
1411,25.556,0.34232,0,0.0408614,0.0665775,-0.505712,-0.0750858,-0.235909,-0.0091165,0.0408614,0.0665775,-0.455141,-0.0144649
1412,25.5741,0.338248,0,0.0512732,0.0825373,-0.525287,-0.103119,-0.236909,-0.0590758,0.0512732,0.0825373,-0.472758,-0.0188532
1413,25.5923,0.339911,0,0.0612554,0.104394,-0.54138,-0.12661,-0.241816,-0.103814,0.0612554,0.104394,-0.487242,-0.0232137
1414,25.6104,0.349103,0,0.0767904,0.131598,-0.554939,-0.147126,-0.250952,-0.143678,0.0767904,0.131598,-0.499445,-0.0298298
1415,25.6285,0.366726,0,0.0931903,0.16904,-0.56393,-0.165987,-0.264462,-0.178745,0.0931903,0.16904,-0.507537,-0.036787
1416,25.6466,0.394409,0,0.116596,0.21315,-0.570205,-0.184293,-0.282407,-0.208868,0.116596,0.21315,-0.513184,-0.0465383
1417,25.6647,0.430868,0,0.140778,0.266167,-0.569515,-0.202952,-0.30481,-0.233692,0.140778,0.266167,-0.512563,-0.0561225
1418,25.6828,0.477087,0,0.172544,0.325079,-0.561408,-0.222705,-0.331651,-0.252668,0.172544,0.325079,-0.505267,-0.0678072
1419,25.7009,0.532524,0,0.207823,0.393276,-0.538467,-0.244153,-0.362835,-0.265043,0.207823,0.393276,-0.48462,-0.078334
1420,25.719,0.597969,0,0.252191,0.467584,-0.499879,-0.267755,-0.398123,-0.269862,0.252191,0.467584,-0.449891,-0.0882454
1421,25.7372,0.674052,0,0.301296,0.551849,-0.442023,-0.293824,-0.437028,-0.265982,0.301296,0.551849,-0.397821,-0.093226
1422,25.7553,0.758081,0,0.360492,0.637705,-0.35834,-0.322493,-0.478676,-0.252119,0.360492,0.637705,-0.322506,-0.0904251
1423,25.7734,0.845454,0,0.421711,0.720508,-0.241783,-0.353666,-0.521646,-0.226967,0.421711,0.720508,-0.217605,-0.0713739
1424,25.7915,0.928202,0,0.485054,0.783012,-0.0875653,-0.38694,-0.563811,-0.189399,0.485054,0.783012,-0.0788088,-0.0297317
1425,25.8096,0.998326,0,0.546798,0.811096,0.0952817,-0.421526,-0.602242,-0.138792,0.546798,0.811096,0.0857535,0.0364699
1426,25.8277,1.03763,0,0.595775,0.777334,0.290197,-0.456173,-0.633238,-0.0754667,0.595775,0.777334,0.261178,0.121025
1427,25.8458,1.03822,0,0.621873,0.680247,0.470831,-0.489134,-0.652624,-0.00118478,0.621873,0.680247,0.423747,0.204958
1428,25.8639,0.997163,0,0.622907,0.529562,0.604296,-0.518225,-0.656361,0.0804586,0.622907,0.529562,0.543867,0.263494
1429,25.882,0.919922,0,0.591942,0.353873,0.678241,-0.541007,-0.641475,0.163967,0.591942,0.353873,0.610417,0.281036
1430,25.9002,0.818261,0,0.537447,0.182988,0.679181,-0.555127,-0.607072,0.242445,0.537447,0.182988,0.611263,0.255517
1431,25.9183,0.707985,0,0.462692,0.0421051,0.630861,-0.558751,-0.555059,0.308713,0.462692,0.0421051,0.567775,0.204326
1432,25.9364,0.602104,0,0.378782,-0.062372,0.557127,-0.550992,-0.49013,0.3568,0.378782,-0.062372,0.501415,0.147721
1433,25.9545,0.507568,0,0.29396,-0.131831,0.472622,-0.532171,-0.418873,0.383243,0.29396,-0.131831,0.42536,0.0972525
1434,25.9726,0.428889,0,0.217304,-0.169922,0.382896,-0.503808,-0.34828,0.387656,0.217304,-0.169922,0.344607,0.0582435
1435,25.9907,0.362666,0,0.14804,-0.187709,0.299243,-0.468329,-0.284251,0.372377,0.14804,-0.187709,0.269318,0.0310099
1436,26.0088,0.30728,0,0.0902961,-0.197495,0.227874,-0.428611,-0.230662,0.341446,0.0902961,-0.197495,0.205086,0.0144033
1437,26.0269,0.25901,0,0.0410752,-0.19682,0.167064,-0.387502,-0.189179,0.299433,0.0410752,-0.19682,0.150358,0.00480353
1438,26.0451,0.219253,1,0.00272519,-0.19763,0.108597,-0.347459,-0.159668,0.250533,0.00272519,-0.19763,0.0977375,0.000207163
1439,26.0632,0.185133,1,-0.0303398,-0.19302,0.0508007,-0.310351,-0.140851,0.198094,-0.0303398,-0.19302,0.0457206,-0.0010789
1440,26.0813,0.155862,1,-0.0556129,-0.191533,0.00307284,-0.27742,-0.130939,0.144527,-0.0556129,-0.191533,0.00276556,-0.000119623
1441,26.0994,0.131177,1,-0.0768474,-0.18936,-0.0431432,-0.249352,-0.128104,0.0914371,-0.0768474,-0.18936,-0.0388289,0.00232081
1442,26.1175,0.109434,1,-0.0940339,-0.192988,-0.0807248,-0.226392,-0.130744,0.039835,-0.0940339,-0.192988,-0.0726523,0.00531361
1443,26.1356,0.0911023,1,-0.110783,-0.200777,-0.11626,-0.208484,-0.137611,-0.00966063,-0.110783,-0.200777,-0.104634,0.00901573
1444,26.1537,0.0774592,1,-0.125938,-0.214197,-0.15031,-0.195391,-0.147823,-0.0566598,-0.125938,-0.214197,-0.135279,0.0132508
1445,26.1718,0.0667677,1,-0.140009,-0.229635,-0.18121,-0.186791,-0.160834,-0.100888,-0.140009,-0.229635,-0.163089,0.0177598
1446,26.19,0.0594701,1,-0.153777,-0.252131,-0.205795,-0.182348,-0.176381,-0.142111,-0.153777,-0.252131,-0.185216,0.0221525
1447,26.2081,0.055516,1,-0.170774,-0.277883,-0.226552,-0.181761,-0.194421,-0.180081,-0.170774,-0.277883,-0.203897,0.0270824
1448,26.2262,0.0563474,1,-0.189392,-0.308408,-0.242677,-0.184793,-0.21508,-0.214503,-0.189392,-0.308408,-0.21841,0.0321728
1449,26.2443,0.0589958,1,-0.210958,-0.338693,-0.250915,-0.191283,-0.238596,-0.245001,-0.210958,-0.338693,-0.225823,0.0370526
1450,26.2624,0.0661391,1,-0.233492,-0.373474,-0.25181,-0.201152,-0.265281,-0.271086,-0.233492,-0.373474,-0.226629,0.041157
1451,26.2805,0.0777446,1,-0.259818,-0.412423,-0.243234,-0.214391,-0.295466,-0.292124,-0.259818,-0.412423,-0.218911,0.0442376
1452,26.2986,0.0919665,1,-0.287601,-0.455337,-0.22776,-0.231054,-0.329446,-0.307305,-0.287601,-0.455337,-0.204984,0.0458528
1453,26.3167,0.108405,1,-0.319425,-0.498928,-0.200261,-0.251227,-0.367401,-0.315607,-0.319425,-0.498928,-0.180235,0.0447777
1454,26.3348,0.127045,1,-0.352946,-0.544508,-0.160657,-0.274994,-0.409292,-0.315775,-0.352946,-0.544508,-0.144592,0.0396924
1455,26.353,0.147839,1,-0.38883,-0.585655,-0.103964,-0.302388,-0.454721,-0.306333,-0.38883,-0.585655,-0.0935678,0.0282971
1456,26.3711,0.169239,1,-0.425737,-0.619524,-0.0331566,-0.333314,-0.502746,-0.285637,-0.425737,-0.619524,-0.0298409,0.00988119
1457,26.3892,0.189502,1,-0.459951,-0.637967,0.0508451,-0.367456,-0.551675,-0.252026,-0.459951,-0.637967,0.0457606,-0.0163704
1458,26.4073,0.204491,1,-0.489143,-0.635323,0.137795,-0.404162,-0.598854,-0.204108,-0.489143,-0.635323,0.124016,-0.0471811
1459,26.4254,0.216346,1,-0.509169,-0.610547,0.226273,-0.442319,-0.640562,-0.141215,-0.509169,-0.610547,0.203646,-0.0806477
1460,26.4435,0.22298,1,-0.520484,-0.565369,0.30497,-0.480244,-0.672109,-0.0640109,-0.520484,-0.565369,0.274473,-0.111112
1461,26.4616,0.22707,1,-0.519688,-0.501125,0.370713,-0.515653,-0.688319,0.0248455,-0.519688,-0.501125,0.333641,-0.134859
1462,26.4797,0.226157,1,-0.507043,-0.427019,0.412913,-0.545766,-0.684483,0.120248,-0.507043,-0.427019,0.371622,-0.146555
1463,26.4979,0.222628,1,-0.482544,-0.350351,0.431539,-0.567598,-0.657694,0.214753,-0.482544,-0.350351,0.388385,-0.145766
1464,26.516,0.217199,1,-0.44827,-0.277754,0.4237,-0.578455,-0.608156,0.299552,-0.44827,-0.277754,0.38133,-0.132952
1465,26.5341,0.213734,1,-0.407229,-0.212258,0.399186,-0.576518,-0.53983,0.366246,-0.407229,-0.212258,0.359267,-0.113792
1466,26.5522,0.206475,1,-0.365184,-0.165526,0.356271,-0.561335,-0.4599,0.408846,-0.365184,-0.165526,0.320644,-0.0910732
1467,26.5703,0.200536,1,-0.321692,-0.128649,0.307483,-0.534015,-0.377087,0.425134,-0.321692,-0.128649,0.276735,-0.0692403
1468,26.5884,0.191379,1,-0.281032,-0.106592,0.255496,-0.497018,-0.299515,0.416767,-0.281032,-0.106592,0.229946,-0.0502617
1469,26.6065,0.179851,1,-0.244578,-0.091639,0.205614,-0.453638,-0.233042,0.3882,-0.244578,-0.091639,0.185052,-0.035202
1470,26.6246,0.166824,1,-0.213391,-0.0884439,0.151772,-0.407365,-0.18062,0.345081,-0.213391,-0.0884439,0.136595,-0.0226708
1471,26.6428,0.151645,1,-0.188024,-0.0878364,0.103239,-0.361337,-0.142612,0.292845,-0.188024,-0.0878364,0.0929147,-0.0135879
1472,26.6609,0.138903,1,-0.166566,-0.0923369,0.0506752,-0.318013,-0.117639,0.235893,-0.166566,-0.0923369,0.0456077,-0.00590854
1473,26.679,0.123897,1,-0.15081,-0.0967324,0.00544396,-0.279063,-0.103473,0.177367,-0.15081,-0.0967324,0.00489956,-0.000574704
1474,26.6971,0.111257,1,-0.137617,-0.106714,-0.0401817,-0.24543,-0.0977351,0.119288,-0.137617,-0.106714,-0.0361636,0.00387078
1475,26.7152,0.0974757,1,-0.130772,-0.119356,-0.0804875,-0.217472,-0.0982999,0.062845,-0.130772,-0.119356,-0.0724387,0.00736784
1476,26.7333,0.085232,1,-0.126887,-0.13437,-0.118515,-0.195139,-0.103483,0.00869005,-0.126887,-0.13437,-0.106664,0.0105266
1477,26.7514,0.0728732,1,-0.126583,-0.149133,-0.151933,-0.178129,-0.112075,-0.0428398,-0.126583,-0.149133,-0.13674,0.0134625
1478,26.7695,0.0637939,1,-0.127584,-0.166436,-0.185753,-0.166014,-0.123298,-0.0915654,-0.127584,-0.166436,-0.167178,0.0165894
1479,26.7876,0.0529454,1,-0.132777,-0.181852,-0.213003,-0.158341,-0.136733,-0.13737,-0.132777,-0.181852,-0.191702,0.0197974
1480,26.8058,0.0454639,1,-0.13959,-0.200809,-0.240257,-0.154689,-0.152243,-0.180139,-0.13959,-0.200809,-0.216231,0.0234762
1481,26.8239,0.0384768,1,-0.150097,-0.221072,-0.262179,-0.154709,-0.169906,-0.219727,-0.150097,-0.221072,-0.235961,0.0275466
1482,26.842,0.0376944,1,-0.1619,-0.249283,-0.282934,-0.158147,-0.189962,-0.255925,-0.1619,-0.249283,-0.254641,0.0320651
1483,26.8601,0.03831,1,-0.178821,-0.277007,-0.297415,-0.164848,-0.212764,-0.288442,-0.178821,-0.277007,-0.267674,0.0372288
1484,26.8782,0.0454653,1,-0.196223,-0.314103,-0.308991,-0.174759,-0.238747,-0.316866,-0.196223,-0.314103,-0.278092,0.0424417
1485,26.8963,0.0547864,1,-0.219426,-0.353004,-0.311458,-0.187918,-0.268385,-0.340639,-0.219426,-0.353004,-0.280312,0.0478394
1486,26.9144,0.0681675,1,-0.243893,-0.400443,-0.306823,-0.204444,-0.302154,-0.359011,-0.243893,-0.400443,-0.276141,0.0523825
1487,26.9325,0.0833094,1,-0.273995,-0.447963,-0.288427,-0.224516,-0.340464,-0.370994,-0.273995,-0.447963,-0.259584,0.0553192
1488,26.9507,0.100893,1,-0.306626,-0.501176,-0.259943,-0.248341,-0.383573,-0.375316,-0.306626,-0.501176,-0.233949,0.0557936
1489,26.9688,0.121146,1,-0.343584,-0.551553,-0.212114,-0.276111,-0.431447,-0.370388,-0.343584,-0.551553,-0.190902,0.0510153
1490,26.9869,0.14275,1,-0.38238,-0.601569,-0.150183,-0.307937,-0.483572,-0.35431,-0.38238,-0.601569,-0.135165,0.040199
1491,27.005,0.166073,1,-0.423014,-0.638805,-0.0671972,-0.343749,-0.538696,-0.324948,-0.423014,-0.638805,-0.0604774,0.0198978
1492,27.0231,0.18671,1,-0.460276,-0.662925,0.0263726,-0.383171,-0.594526,-0.280154,-0.460276,-0.662925,0.0237354,-0.00849708
1493,27.0412,0.204951,1,-0.493845,-0.665163,0.129678,-0.425361,-0.647446,-0.218188,-0.493845,-0.665163,0.116711,-0.0448287
1494,27.0593,0.216271,1,-0.519962,-0.642459,0.229313,-0.468835,-0.692381,-0.1384,-0.519962,-0.642459,0.206382,-0.0834637
1495,27.0774,0.224935,1,-0.534413,-0.591142,0.323724,-0.511337,-0.723032,-0.0421433,-0.534413,-0.591142,0.291352,-0.121102
1496,27.0956,0.229421,1,-0.534855,-0.518061,0.400376,-0.549824,-0.732726,0.0663163,-0.534855,-0.518061,0.360339,-0.1499
1497,27.1137,0.229248,1,-0.520951,-0.433149,0.451544,-0.580678,-0.71598,0.179326,-0.520951,-0.433149,0.40639,-0.164663
1498,27.1318,0.224282,1,-0.494275,-0.345633,0.471204,-0.600214,-0.670494,0.286406,-0.494275,-0.345633,0.424083,-0.163033
1499,27.1499,0.219165,1,-0.456509,-0.260588,0.463088,-0.605428,-0.59877,0.376162,-0.456509,-0.260588,0.416779,-0.147983
1500,27.168,0.212197,1,-0.411435,-0.189919,0.430073,-0.594799,-0.50832,0.439126,-0.411435,-0.189919,0.387065,-0.123863
1501,27.1861,0.207198,1,-0.359739,-0.130866,0.385515,-0.568788,-0.409973,0.470314,-0.359739,-0.130866,0.346964,-0.0970793
1502,27.2042,0.198437,1,-0.310865,-0.0906417,0.329169,-0.529817,-0.314914,0.470212,-0.310865,-0.0906417,0.296252,-0.0716289
1503,27.2223,0.184425,1,-0.265875,-0.0695421,0.273176,-0.481702,-0.231874,0.443779,-0.265875,-0.0695421,0.245859,-0.0508415
1504,27.2404,0.170223,1,-0.226242,-0.0590363,0.212414,-0.42879,-0.165676,0.398236,-0.226242,-0.0590363,0.191172,-0.0336398
1505,27.2586,0.153208,1,-0.192945,-0.0563453,0.157839,-0.375153,-0.11737,0.340854,-0.192945,-0.0563453,0.142055,-0.0213179
1506,27.2767,0.137432,1,-0.164451,-0.0572263,0.103206,-0.324044,-0.0853516,0.277567,-0.164451,-0.0572263,0.0928853,-0.0118806
1507,27.2948,0.121134,1,-0.141131,-0.0595645,0.0534042,-0.277695,-0.0666924,0.212525,-0.141131,-0.0595645,0.0480638,-0.00527588
1508,27.3129,0.106093,1,-0.12346,-0.0672156,0.00435385,-0.237363,-0.0581796,0.148269,-0.12346,-0.0672156,0.00391847,-0.000376268
1509,27.331,0.0912333,1,-0.111371,-0.0755336,-0.0408504,-0.203518,-0.0569342,0.0861674,-0.111371,-0.0755336,-0.0367654,0.00318469
1510,27.3491,0.0799483,1,-0.101503,-0.0867899,-0.0868674,-0.176079,-0.0606738,0.0268491,-0.101503,-0.0867899,-0.0781806,0.00617208
1511,27.3672,0.0670977,1,-0.0962037,-0.0951191,-0.126131,-0.154626,-0.0677526,-0.029465,-0.0962037,-0.0951191,-0.113518,0.00849396
1512,27.3853,0.0567971,1,-0.0928981,-0.107277,-0.164485,-0.138568,-0.0770912,-0.0827491,-0.0928981,-0.107277,-0.148037,0.0106962
1513,27.4035,0.0453001,1,-0.0935398,-0.117563,-0.197456,-0.127274,-0.0880687,-0.133049,-0.0935398,-0.117563,-0.177711,0.012929
1514,27.4216,0.0362765,1,-0.0950407,-0.130688,-0.229417,-0.120147,-0.100414,-0.180417,-0.0950407,-0.130688,-0.206475,0.0152628
1515,27.4397,0.0268087,1,-0.0999381,-0.143121,-0.257045,-0.116675,-0.114113,-0.224881,-0.0999381,-0.143121,-0.231341,0.017982
1516,27.4578,0.0220414,1,-0.105505,-0.160879,-0.284951,-0.116456,-0.129345,-0.266428,-0.105505,-0.160879,-0.256456,0.0210446
1517,27.4759,0.0175818,1,-0.114268,-0.176336,-0.307867,-0.119204,-0.146424,-0.304987,-0.114268,-0.176336,-0.27708,0.0246254
1518,27.494,0.019548,1,-0.123358,-0.19868,-0.332564,-0.124756,-0.165775,-0.340419,-0.123358,-0.19868,-0.299307,0.0287172
1519,27.5121,0.0230525,1,-0.136755,-0.221209,-0.350777,-0.133061,-0.187907,-0.372493,-0.136755,-0.221209,-0.315699,0.0335794
1520,27.5302,0.029758,1,-0.151269,-0.253194,-0.368878,-0.144178,-0.213399,-0.400858,-0.151269,-0.253194,-0.33199,0.0390598
1521,27.5484,0.0366767,1,-0.170051,-0.285173,-0.379091,-0.158265,-0.242886,-0.425009,-0.170051,-0.285173,-0.341182,0.0451254
1522,27.5665,0.0456059,1,-0.190962,-0.327406,-0.385363,-0.17557,-0.277032,-0.44423,-0.190962,-0.327406,-0.346827,0.0515128
1523,27.5846,0.0558156,1,-0.217541,-0.371729,-0.381063,-0.196416,-0.316488,-0.457536,-0.217541,-0.371729,-0.342956,0.0580276
1524,27.6027,0.068357,1,-0.247405,-0.426287,-0.36782,-0.221177,-0.361814,-0.463598,-0.247405,-0.426287,-0.331038,0.0637004
1525,27.6208,0.0825944,1,-0.283172,-0.481995,-0.339548,-0.250245,-0.413353,-0.460667,-0.283172,-0.481995,-0.305594,0.0673054
1526,27.6389,0.0975998,1,-0.321094,-0.542562,-0.29792,-0.283967,-0.47102,-0.446516,-0.321094,-0.542562,-0.268128,0.0669623
1527,27.657,0.114809,1,-0.364067,-0.601567,-0.236087,-0.322546,-0.534001,-0.418445,-0.364067,-0.601567,-0.212478,0.060166
1528,27.6751,0.131191,1,-0.408194,-0.65717,-0.157515,-0.365904,-0.600333,-0.373419,-0.408194,-0.65717,-0.141763,0.0450076
1529,27.6932,0.150175,1,-0.454661,-0.696373,-0.0533747,-0.413472,-0.666417,-0.30845,-0.454661,-0.696373,-0.0480372,0.0169872
1530,27.7114,0.166857,1,-0.497211,-0.715038,0.0654875,-0.463944,-0.726587,-0.221364,-0.497211,-0.715038,0.0589388,-0.0227928
1531,27.7295,0.181675,1,-0.533219,-0.705409,0.194766,-0.51502,-0.773026,-0.112014,-0.533219,-0.705409,0.17529,-0.0726972
1532,27.7476,0.191188,1,-0.558317,-0.659845,0.317814,-0.563243,-0.796452,0.0161958,-0.558317,-0.659845,0.286032,-0.124209
1533,27.7657,0.197589,1,-0.566797,-0.577504,0.422287,-0.604101,-0.787991,0.155026,-0.566797,-0.577504,0.380058,-0.167546
1534,27.7838,0.198122,1,-0.555339,-0.476003,0.493735,-0.632558,-0.74216,0.291364,-0.555339,-0.476003,0.444362,-0.191933
1535,27.8019,0.195829,1,-0.528193,-0.364683,0.529532,-0.644068,-0.659947,0.409369,-0.528193,-0.364683,0.476579,-0.195787
1536,27.82,0.19177,1,-0.485036,-0.255178,0.519196,-0.635818,-0.550121,0.494687,-0.485036,-0.255178,0.467277,-0.17628
1537,27.8381,0.184692,1,-0.432045,-0.165709,0.484067,-0.607702,-0.427366,0.538963,-0.432045,-0.165709,0.43566,-0.146397
1538,27.8563,0.174833,1,-0.373564,-0.0978164,0.432837,-0.562498,-0.307739,0.542087,-0.373564,-0.0978164,0.389553,-0.113185
1539,27.8744,0.163368,1,-0.314237,-0.0475349,0.372533,-0.505136,-0.203919,0.510986,-0.314237,-0.0475349,0.33528,-0.0819446
1540,27.8925,0.148391,1,-0.260032,-0.0195977,0.305927,-0.441408,-0.122649,0.456069,-0.260032,-0.0195977,0.275334,-0.0556854
1541,27.9106,0.131845,1,-0.211954,-0.00577867,0.24099,-0.376726,-0.0649511,0.387613,-0.211954,-0.00577867,0.216891,-0.0357551
1542,27.9287,0.116603,1,-0.171045,-0.00287355,0.17452,-0.315314,-0.0280193,0.313599,-0.171045,-0.00287355,0.157068,-0.0208955
1543,27.9468,0.0994063,1,-0.137631,-0.00287735,0.118083,-0.259935,-0.0073615,0.239187,-0.137631,-0.00287735,0.106275,-0.0113763
1544,27.9649,0.0841688,1,-0.109784,-0.00557603,0.0634886,-0.212007,0.0016493,0.167178,-0.109784,-0.00557603,0.0571398,-0.00487904
1545,27.983,0.0695289,1,-0.0880163,-0.00706709,0.0129695,-0.171907,0.00296232,0.0987862,-0.0880163,-0.00706709,0.0116725,-0.000799067
1546,28.0012,0.057688,1,-0.0705427,-0.0142093,-0.0368301,-0.139316,-0.000416099,0.0343294,-0.0705427,-0.0142093,-0.0331471,0.00181867
1547,28.0193,0.0461263,1,-0.0573506,-0.0189117,-0.0817269,-0.113513,-0.00638538,-0.0263036,-0.0573506,-0.0189117,-0.0735542,0.00328096
1548,28.0374,0.0367088,1,-0.0474021,-0.0244963,-0.125681,-0.0936015,-0.0135904,-0.0833806,-0.0474021,-0.0244963,-0.113113,0.00417027
1549,28.0555,0.02692,1,-0.0411991,-0.0286881,-0.163943,-0.0786551,-0.0212372,-0.137193,-0.0411991,-0.0286881,-0.147549,0.00472801
1550,28.0736,0.0210901,1,-0.0359634,-0.0348889,-0.204869,-0.0678121,-0.0289299,-0.188001,-0.0359634,-0.0348889,-0.184382,0.00515745
1551,28.0917,0.015506,1,-0.0341056,-0.039763,-0.240885,-0.0603217,-0.0365413,-0.236023,-0.0341056,-0.039763,-0.216796,0.00575087
1552,28.1098,0.0141628,1,-0.0319091,-0.0477908,-0.276074,-0.055564,-0.0441202,-0.281434,-0.0319091,-0.0477908,-0.248467,0.00616649
1553,28.1279,0.0158234,1,-0.0324047,-0.0493336,-0.306525,-0.0530514,-0.0518271,-0.324375,-0.0324047,-0.0493336,-0.275872,0.00695299
1554,28.146,0.0199692,1,-0.0309947,-0.0520171,-0.338975,-0.0524211,-0.0598949,-0.364959,-0.0309947,-0.0520171,-0.305077,0.00735449
1555,28.1642,0.025554,1,-0.0323151,-0.0530121,-0.367631,-0.0534231,-0.068606,-0.403272,-0.0323151,-0.0530121,-0.330868,0.00831601
1556,28.1823,0.0302008,1,-0.0323987,-0.0587121,-0.396945,-0.0559077,-0.078284,-0.439377,-0.0323987,-0.0587121,-0.35725,0.00900234
1557,28.2004,0.0362767,1,-0.0350983,-0.0613421,-0.422753,-0.0598151,-0.0892927,-0.473308,-0.0350983,-0.0613421,-0.380478,0.0103865
1558,28.2185,0.041176,1,-0.0367009,-0.068666,-0.448831,-0.0651661,-0.102043,-0.505064,-0.0367009,-0.068666,-0.403948,0.0115308
1559,28.2366,0.0483481,1,-0.0407822,-0.0722684,-0.47109,-0.0720579,-0.117004,-0.534597,-0.0407822,-0.0722684,-0.423981,0.0134485
1560,28.2547,0.0548994,1,-0.0431099,-0.07949,-0.49411,-0.0806612,-0.134716,-0.561799,-0.0431099,-0.07949,-0.444699,0.0149107
1561,28.2728,0.0645663,1,-0.0472824,-0.0847819,-0.512103,-0.0912218,-0.155807,-0.586474,-0.0472824,-0.0847819,-0.460892,0.0169494
1562,28.2909,0.0743278,1,-0.0500654,-0.0938225,-0.530479,-0.104064,-0.181006,-0.608307,-0.0500654,-0.0938225,-0.477432,0.0185911
1563,28.3091,0.0867019,1,-0.0554967,-0.102146,-0.545811,-0.119596,-0.211152,-0.626809,-0.0554967,-0.102146,-0.49123,0.0212035
1564,28.3272,0.099371,1,-0.0605442,-0.115914,-0.561628,-0.138314,-0.247199,-0.641252,-0.0605442,-0.115914,-0.505465,0.0238023
1565,28.3453,0.114749,1,-0.0689999,-0.131182,-0.574477,-0.160808,-0.29019,-0.650571,-0.0689999,-0.131182,-0.51703,0.0277472
1566,28.3634,0.131392,1,-0.0781691,-0.15328,-0.586388,-0.187752,-0.3412,-0.65324,-0.0781691,-0.15328,-0.527749,0.0320862
1567,28.3815,0.151693,1,-0.0915276,-0.177893,-0.595273,-0.219888,-0.401207,-0.647106,-0.0915276,-0.177893,-0.535745,0.0381387
1568,28.3996,0.174344,1,-0.106642,-0.210885,-0.602639,-0.257974,-0.470847,-0.629216,-0.106642,-0.210885,-0.542375,0.0449867
1569,28.4177,0.201046,1,-0.127153,-0.249463,-0.607143,-0.30268,-0.54999,-0.595665,-0.127153,-0.249463,-0.546429,0.0540401
1570,28.4358,0.231214,1,-0.15072,-0.298796,-0.608348,-0.354411,-0.637071,-0.541567,-0.15072,-0.298796,-0.547513,0.064183
1571,28.454,0.265749,0,-0.180969,-0.35632,-0.602015,-0.413006,-0.728135,-0.461371,-0.180969,-0.35632,-0.541813,0.0762623
1572,28.4721,0.303562,0,-0.215432,-0.424115,-0.583333,-0.477305,-0.815716,-0.349838,-0.215432,-0.424115,-0.524999,0.0879678
1573,28.4902,0.341708,0,-0.25775,-0.499946,-0.546737,-0.544602,-0.887991,-0.204056,-0.25775,-0.499946,-0.492064,0.0986452
1574,28.5083,0.377913,0,-0.305676,-0.583043,-0.491282,-0.610146,-0.929171,-0.0265802,-0.305676,-0.583043,-0.442154,0.105121
1575,28.5264,0.406621,0,-0.360364,-0.667702,-0.409447,-0.667019,-0.922458,0.171143,-0.360364,-0.667702,-0.368502,0.103285
1576,28.5445,0.424317,0,-0.419685,-0.749574,-0.300614,-0.706881,-0.856153,0.367438,-0.419685,-0.749574,-0.270552,0.0883141
1577,28.5626,0.427015,0,-0.483853,-0.819513,-0.160495,-0.721854,-0.730982,0.534158,-0.483853,-0.819513,-0.144445,0.0543592
1578,28.5807,0.416355,0,-0.545699,-0.8614,0.00939107,-0.707116,-0.563631,0.646049,-0.545699,-0.8614,0.00845196,-0.00358729
1579,28.5988,0.393188,0,-0.600461,-0.857074,0.206935,-0.662938,-0.382131,0.690998,-0.600461,-0.857074,0.186241,-0.0869793
1580,28.617,0.36856,0,-0.640742,-0.789655,0.400024,-0.594831,-0.214862,0.673914,-0.640742,-0.789655,0.360022,-0.179419
1581,28.6351,0.347351,0,-0.65355,-0.663253,0.563677,-0.511654,-0.0805801,0.611813,-0.65355,-0.663253,0.507309,-0.257874
1582,28.6532,0.328056,0,-0.636992,-0.492161,0.66646,-0.422856,0.0147273,0.524784,-0.636992,-0.492161,0.599814,-0.297171
1583,28.6713,0.30405,0,-0.589752,-0.304636,0.692102,-0.336283,0.0747412,0.429109,-0.589752,-0.304636,0.622892,-0.285718
1584,28.6894,0.281023,0,-0.519145,-0.14424,0.658702,-0.257196,0.107669,0.334902,-0.519145,-0.14424,0.592832,-0.239373
1585,28.7075,0.257828,0,-0.437397,-0.0260433,0.586656,-0.188316,0.122273,0.24697,-0.437397,-0.0260433,0.52799,-0.179621
1586,28.7256,0.23609,1,-0.352347,0.0527966,0.502308,-0.1304,0.125888,0.16673,-0.352347,0.0527966,0.452077,-0.123891
1587,28.7437,0.213145,1,-0.270558,0.0992839,0.410892,-0.0829197,0.123903,0.0939095,-0.270558,0.0992839,0.369802,-0.0778191
1588,28.7619,0.191291,1,-0.197577,0.12773,0.321428,-0.0446335,0.119954,0.0276182,-0.197577,0.12773,0.289285,-0.0444548
1589,28.78,0.176456,1,-0.13432,0.138543,0.246973,-0.0139984,0.116346,-0.0330986,-0.13432,0.138543,0.222276,-0.0232214
1590,28.7981,0.16488,1,-0.0803342,0.138512,0.180614,0.010575,0.11446,-0.0890394,-0.0803342,0.138512,0.162553,-0.0101567
1591,28.8162,0.157284,1,-0.0370695,0.138516,0.122055,0.0305789,0.115089,-0.140793,-0.0370695,0.138516,0.10985,-0.00316717
1592,28.8343,0.149154,1,-0.00315909,0.134019,0.0641396,0.047343,0.118678,-0.188754,-0.00315909,0.134019,0.0577257,-0.000141836
1593,28.8524,0.14595,1,0.0247172,0.134152,0.0167211,0.0620175,0.125491,-0.233154,0.0247172,0.134152,0.015049,0.00028931
1594,28.8705,0.145205,1,0.0484852,0.13482,-0.0240558,0.075585,0.135728,-0.274092,0.0484852,0.13482,-0.0216503,-0.000816447
1595,28.8886,0.149171,1,0.0684945,0.143569,-0.0540468,0.0888851,0.149592,-0.311543,0.0684945,0.143569,-0.0486421,-0.00259133
1596,28.9068,0.148189,1,0.0868793,0.152351,-0.0896141,0.102647,0.167338,-0.345361,0.0868793,0.152351,-0.0806527,-0.00544993
1597,28.9249,0.146562,1,0.101359,0.162536,-0.123344,0.117519,0.189286,-0.375266,0.101359,0.162536,-0.111009,-0.00875141
1598,28.943,0.143992,1,0.11657,0.171915,-0.155933,0.134098,0.215833,-0.40081,0.11657,0.171915,-0.14034,-0.012724
1599,28.9611,0.143907,1,0.131227,0.190308,-0.179697,0.15295,0.247432,-0.421342,0.131227,0.190308,-0.161727,-0.0165068
1600,28.9792,0.144254,1,0.148078,0.208059,-0.199575,0.174623,0.28455,-0.435948,0.148078,0.208059,-0.179617,-0.0206869
1601,28.9973,0.144713,1,0.164124,0.237175,-0.212329,0.199645,0.327598,-0.443386,0.164124,0.237175,-0.191096,-0.0243938
1602,29.0154,0.142764,1,0.184649,0.266728,-0.224988,0.228511,0.376802,-0.442023,0.184649,0.266728,-0.20249,-0.0290808
1603,29.0335,0.141602,1,0.205834,0.304315,-0.227955,0.261632,0.432012,-0.429781,0.205834,0.304315,-0.20516,-0.0328447
1604,29.0516,0.142035,1,0.231982,0.339898,-0.223216,0.299262,0.492411,-0.404144,0.231982,0.339898,-0.200895,-0.0362475
1605,29.0698,0.143243,1,0.257312,0.381007,-0.207958,0.34137,0.556141,-0.362288,0.257312,0.381007,-0.187162,-0.037457
1606,29.0879,0.146155,1,0.286427,0.419417,-0.184366,0.387459,0.619847,-0.301428,0.286427,0.419417,-0.16593,-0.0369652
1607,29.106,0.149301,1,0.315603,0.461706,-0.146122,0.436343,0.67829,-0.219506,0.315603,0.461706,-0.13151,-0.0322815
1608,29.1241,0.151254,1,0.351062,0.500391,-0.0978301,0.485912,0.72424,-0.116283,0.351062,0.500391,-0.0880471,-0.0240411
1609,29.1422,0.153142,1,0.384197,0.53296,-0.0336992,0.53298,0.749065,0.00528217,0.384197,0.53296,-0.0303293,-0.00906299
1610,29.1603,0.15385,1,0.417263,0.551258,0.0411093,0.573362,0.744358,0.137832,0.417263,0.551258,0.0369984,0.0120074
1611,29.1784,0.15167,1,0.443383,0.552184,0.126207,0.602332,0.704586,0.269455,0.443383,0.552184,0.113586,0.0391706
1612,29.1965,0.14413,1,0.465662,0.53154,0.211716,0.61552,0.629944,0.385439,0.465662,0.53154,0.190545,0.0690117
1613,29.2147,0.130938,1,0.476836,0.492133,0.291912,0.610049,0.527785,0.471961,0.476836,0.492133,0.262721,0.097436
1614,29.2328,0.113211,1,0.478473,0.434207,0.357565,0.585484,0.411278,0.52027,0.478473,0.434207,0.321808,0.11976
1615,29.2509,0.0949151,1,0.466613,0.366036,0.402428,0.544105,0.295501,0.529102,0.466613,0.366036,0.362186,0.131445
1616,29.269,0.0782403,1,0.446055,0.294568,0.42599,0.49033,0.193001,0.504019,0.446055,0.294568,0.383391,0.133011
1617,29.2871,0.067533,1,0.415236,0.222693,0.422483,0.429584,0.111078,0.454394,0.415236,0.222693,0.380234,0.122801
1618,29.3052,0.0632438,1,0.378067,0.160062,0.400591,0.367104,0.0515856,0.390011,0.378067,0.160062,0.360532,0.106015
1619,29.3233,0.0655742,1,0.336782,0.112439,0.363857,0.307125,0.0124769,0.318824,0.336782,0.112439,0.327471,0.0857783
1620,29.3414,0.0707052,1,0.296152,0.0766864,0.320658,0.252531,-0.0102212,0.246214,0.296152,0.0766864,0.288592,0.0664744
1621,29.3596,0.0756513,1,0.256706,0.0532898,0.270077,0.204912,-0.0208596,0.175269,0.256706,0.0532898,0.243069,0.0485313
1622,29.3777,0.0801859,1,0.222178,0.0373474,0.218469,0.164817,-0.0232871,0.107462,0.222178,0.0373474,0.196622,0.0339772
1623,29.3958,0.0839345,1,0.191552,0.0321694,0.165046,0.132077,-0.0205096,0.043298,0.191552,0.0321694,0.148542,0.0221304
1624,29.4139,0.0876011,1,0.166008,0.0292244,0.115098,0.106087,-0.0146722,-0.0172066,0.166008,0.0292244,0.103588,0.013375
1625,29.432,0.0907261,1,0.144193,0.034271,0.0657364,0.0860389,-0.0071841,-0.0742396,0.144193,0.034271,0.0591628,0.00663511
1626,29.4501,0.0947825,1,0.129432,0.0411178,0.0200951,0.0710669,0.00111427,-0.128042,0.129432,0.0411178,0.0180856,0.00182066
1627,29.4682,0.098547,1,0.118011,0.0519678,-0.0238181,0.060353,0.00979642,-0.17884,0.118011,0.0519678,-0.0214363,-0.00196756
1628,29.4863,0.102076,1,0.11082,0.0611358,-0.0651563,0.0531784,0.0187235,-0.226826,0.11082,0.0611358,-0.0586407,-0.00505445
1629,29.5044,0.104017,1,0.106085,0.073732,-0.107536,0.0489486,0.0279511,-0.272151,0.106085,0.073732,-0.0967826,-0.00798558
1630,29.5226,0.107266,1,0.104396,0.0852093,-0.144679,0.0472001,0.0376647,-0.314931,0.104396,0.0852093,-0.130211,-0.0105727
1631,29.5407,0.111542,1,0.105466,0.104095,-0.17962,0.0475958,0.0481393,-0.355248,0.105466,0.104095,-0.161658,-0.0132606
1632,29.5588,0.117806,1,0.110062,0.121114,-0.208088,0.0499161,0.0597169,-0.393149,0.110062,0.121114,-0.187279,-0.0160317
1633,29.5769,0.124104,1,0.117594,0.143068,-0.235694,0.0540487,0.072797,-0.428643,0.117594,0.143068,-0.212125,-0.0194013
1634,29.595,0.13062,1,0.127366,0.164807,-0.259904,0.0599792,0.0878367,-0.461694,0.127366,0.164807,-0.233914,-0.0231721
1635,29.6131,0.139124,1,0.139865,0.194241,-0.280141,0.0677849,0.105357,-0.492203,0.139865,0.194241,-0.252127,-0.0274274
1636,29.6312,0.148413,1,0.156113,0.224983,-0.296132,0.0776299,0.125954,-0.519991,0.156113,0.224983,-0.266519,-0.0323612
1637,29.6493,0.15993,1,0.175003,0.263425,-0.306709,0.0897645,0.150305,-0.544765,0.175003,0.263425,-0.276038,-0.0375724
1638,29.6675,0.172938,1,0.198479,0.304007,-0.31051,0.104525,0.179181,-0.566075,0.198479,0.304007,-0.279459,-0.0431409
1639,29.6856,0.19011,1,0.225146,0.352077,-0.302832,0.122335,0.213441,-0.583253,0.225146,0.352077,-0.272549,-0.0477269
1640,29.7037,0.209418,1,0.256721,0.400618,-0.2834,0.143704,0.254016,-0.595334,0.256721,0.400618,-0.25506,-0.0509282
1641,29.7218,0.231893,1,0.291398,0.455677,-0.250613,0.16922,0.301847,-0.600945,0.291398,0.455677,-0.225552,-0.0511197
1642,29.7399,0.254973,0,0.330405,0.507172,-0.203729,0.199528,0.35778,-0.598173,0.330405,0.507172,-0.183356,-0.0471191
1643,29.758,0.279221,0,0.370322,0.557532,-0.140145,0.235287,0.422355,-0.584427,0.370322,0.557532,-0.126131,-0.0363292
1644,29.7761,0.303591,0,0.412209,0.594944,-0.0579674,0.277076,0.495448,-0.556307,0.412209,0.594944,-0.0521706,-0.0167263
1645,29.7942,0.326375,0,0.450496,0.618197,0.0400088,0.325246,0.575726,-0.5096,0.450496,0.618197,0.0360079,0.0126167
1646,29.8124,0.345336,0,0.483906,0.616229,0.147836,0.379667,0.659867,-0.439532,0.483906,0.616229,0.133052,0.050077
1647,29.8305,0.358919,0,0.507967,0.58761,0.256824,0.439375,0.74165,-0.341536,0.507967,0.58761,0.231141,0.0913206
1648,29.8486,0.36668,0,0.520912,0.529667,0.356131,0.502119,0.811235,-0.21284,0.520912,0.529667,0.320518,0.129859
1649,29.8667,0.366968,0,0.518961,0.449784,0.432398,0.563934,0.855338,-0.0549399,0.518961,0.449784,0.389159,0.157078
1650,29.8848,0.363185,0,0.500916,0.354007,0.479117,0.61899,0.859325,0.123559,0.500916,0.354007,0.431205,0.167998
1651,29.9029,0.355344,0,0.467903,0.257767,0.492271,0.660081,0.811813,0.30543,0.467903,0.257767,0.443044,0.161234
1652,29.921,0.345595,0,0.425108,0.169167,0.475023,0.680026,0.710702,0.466983,0.425108,0.169167,0.427521,0.141355
1653,29.9391,0.330799,0,0.375957,0.100034,0.438419,0.673782,0.56708,0.584883,0.375957,0.100034,0.394577,0.115379
1654,29.9572,0.312585,0,0.32514,0.0460875,0.387473,0.640358,0.403187,0.644856,0.32514,0.0460875,0.348726,0.0881882
1655,29.9754,0.290385,0,0.273107,0.0107855,0.327157,0.583408,0.244399,0.6467,0.273107,0.0107855,0.294441,0.0625441
1656,29.9935,0.263923,0,0.226705,-0.012941,0.265361,0.510084,0.110208,0.602254,0.226705,-0.012941,0.238825,0.0421112
1657,30.0116,0.236623,1,0.185004,-0.0223042,0.200692,0.428818,0.00965646,0.528571,0.185004,-0.0223042,0.180623,0.0259902
1658,30.0297,0.208135,1,0.151047,-0.0249607,0.140631,0.347227,-0.0576364,0.441308,0.151047,-0.0249607,0.126568,0.0148693
1659,30.0478,0.181205,1,0.122729,-0.0202504,0.085756,0.2709,-0.097546,0.351418,0.122729,-0.0202504,0.0771804,0.00736732
1660,30.0659,0.156674,1,0.101292,-0.0150113,0.0353387,0.203143,-0.117657,0.264971,0.101292,-0.0150113,0.0318048,0.00250566
1661,30.084,0.139744,1,0.0842674,-0.00550863,-0.0169853,0.145317,-0.124952,0.184488,0.0842674,-0.00550863,-0.0152867,-0.00100191
1662,30.1021,0.12354,1,0.0721235,0.00069153,-0.0609341,0.09741,-0.124902,0.110453,0.0721235,0.00069153,-0.0548407,-0.00307635
1663,30.1203,0.114213,1,0.0632973,0.00959738,-0.105752,0.0585685,-0.121384,0.0424208,0.0632973,0.00959738,-0.0951767,-0.00468567
1664,30.1384,0.108404,1,0.0585115,0.0173507,-0.147834,0.0275212,-0.116958,-0.0203378,0.0585115,0.0173507,-0.13305,-0.00605498
1665,30.1565,0.108397,1,0.0550446,0.0293835,-0.188954,0.002859,-0.11321,-0.0785309,0.0550446,0.0293835,-0.170059,-0.00728062
1666,30.1746,0.111064,1,0.0553708,0.0412319,-0.225481,-0.0167937,-0.111072,-0.132737,0.0553708,0.0412319,-0.202933,-0.00873954
1667,30.1927,0.117654,1,0.0575273,0.0555209,-0.258473,-0.0326903,-0.111064,-0.183386,0.0575273,0.0555209,-0.232626,-0.0104085
1668,30.2108,0.125713,1,0.0618553,0.0665513,-0.288989,-0.0459265,-0.113466,-0.230785,0.0618553,0.0665513,-0.26009,-0.0125128
1669,30.2289,0.138683,1,0.0670967,0.0826304,-0.317037,-0.0574387,-0.118452,-0.275132,0.0670967,0.0826304,-0.285333,-0.0148905
1670,30.247,0.154444,1,0.0757023,0.0977923,-0.343867,-0.0680209,-0.126163,-0.316544,0.0757023,0.0977923,-0.30948,-0.0182221
1671,30.2652,0.175717,1,0.0848615,0.119902,-0.365564,-0.0783511,-0.13677,-0.355062,0.0848615,0.119902,-0.329008,-0.0217156
1672,30.2833,0.200898,1,0.0977599,0.143026,-0.384895,-0.0890203,-0.150505,-0.390652,0.0977599,0.143026,-0.346405,-0.0263391
1673,30.3014,0.232004,1,0.111216,0.173112,-0.401176,-0.100562,-0.167684,-0.423191,0.111216,0.173112,-0.361059,-0.0312322
1674,30.3195,0.267856,0,0.129393,0.204568,-0.412755,-0.113481,-0.188723,-0.452451,0.129393,0.204568,-0.371479,-0.0373852
1675,30.3376,0.311025,0,0.148515,0.24423,-0.418928,-0.128272,-0.214137,-0.478064,0.148515,0.24423,-0.377035,-0.0435521
1676,30.3557,0.361668,0,0.174169,0.288005,-0.417894,-0.145447,-0.244538,-0.499477,0.174169,0.288005,-0.376105,-0.0509489
1677,30.3738,0.422048,0,0.202626,0.3416,-0.407798,-0.165539,-0.28061,-0.515889,0.202626,0.3416,-0.367018,-0.0578412
1678,30.3919,0.489984,0,0.236905,0.397387,-0.385763,-0.189115,-0.323063,-0.526169,0.236905,0.397387,-0.347187,-0.0639723
1679,30.41,0.567959,0,0.274079,0.460472,-0.347356,-0.216762,-0.372535,-0.528764,0.274079,0.460472,-0.31262,-0.0666421
1680,30.4282,0.653859,0,0.318599,0.523093,-0.291261,-0.249057,-0.429436,-0.521587,0.318599,0.523093,-0.262135,-0.0649568
1681,30.4463,0.747383,0,0.364788,0.587623,-0.214987,-0.286508,-0.493682,-0.501935,0.364788,0.587623,-0.193488,-0.0548972
1682,30.4644,0.84134,0,0.414038,0.639126,-0.116334,-0.329436,-0.564288,-0.466479,0.414038,0.639126,-0.104701,-0.0337167
1683,30.4825,0.932286,0,0.461644,0.677082,0.00236507,-0.377799,-0.638814,-0.411428,0.461644,0.677082,0.00212856,0.000764274
1684,30.5006,1.00555,0,0.504586,0.679391,0.136345,-0.430933,-0.712693,-0.333044,0.504586,0.679391,0.12271,0.0481584
1685,30.5187,1.05378,0,0.535988,0.646632,0.274281,-0.487216,-0.778653,-0.228695,0.535988,0.646632,0.246853,0.102908
1686,30.5368,1.06705,0,0.553806,0.573773,0.401426,-0.54374,-0.826646,-0.0985511,0.553806,0.573773,0.361284,0.155619
1687,30.5549,1.03988,0,0.55165,0.470228,0.496139,-0.596114,-0.844958,0.0523178,0.55165,0.470228,0.446525,0.191586
1688,30.5731,0.974472,0,0.529074,0.347915,0.550008,-0.638674,-0.823046,0.212368,0.529074,0.347915,0.495007,0.203697
1689,30.5912,0.882602,0,0.488319,0.228286,0.558096,-0.665315,-0.755807,0.364066,0.488319,0.228286,0.502286,0.19077
1690,30.6093,0.777421,0,0.434751,0.119837,0.531024,-0.670945,-0.647433,0.487644,0.434751,0.119837,0.477922,0.161604
1691,30.6274,0.672795,0,0.371823,0.0356464,0.480412,-0.653106,-0.512008,0.567335,0.371823,0.0356464,0.432371,0.12504
1692,30.6455,0.577195,0,0.308308,-0.0247743,0.418204,-0.612976,-0.369438,0.596829,0.308308,-0.0247743,0.376383,0.0902548
1693,30.6636,0.493424,0,0.247038,-0.0599672,0.345993,-0.555135,-0.238644,0.580503,0.247038,-0.0599672,0.311394,0.0598313
1694,30.6817,0.419855,0,0.192998,-0.0809295,0.275253,-0.486213,-0.132063,0.529993,0.192998,-0.0809295,0.247728,0.0371864
1695,30.6998,0.353903,0,0.145074,-0.0901415,0.208167,-0.413127,-0.054052,0.45887,0.145074,-0.0901415,0.18735,0.0211397
1696,30.718,0.295678,0,0.106112,-0.0930067,0.147103,-0.341703,-0.00267215,0.378575,0.106112,-0.0930067,0.132393,0.0109266
1697,30.7361,0.244092,1,0.0736237,-0.0901561,0.0901557,-0.276006,0.0272977,0.296812,0.0736237,-0.0901561,0.0811401,0.00464632
1698,30.7542,0.200481,1,0.0479754,-0.0881639,0.0368134,-0.218317,0.0418529,0.217817,0.0479754,-0.0881639,0.0331321,0.0012363
1699,30.7723,0.162905,1,0.0270664,-0.0816675,-0.0134735,-0.169462,0.0463298,0.143394,0.0270664,-0.0816675,-0.0121261,-0.000255275
1700,30.7904,0.13198,1,0.0108835,-0.0789767,-0.0574896,-0.129261,0.0448715,0.0739544,0.0108835,-0.0789767,-0.0517406,-0.000437981
1701,30.8085,0.107346,1,-0.00145246,-0.0739489,-0.101984,-0.0969293,0.040414,0.00925796,-0.00145246,-0.0739489,-0.0917858,0.00010369
1702,30.8266,0.0888365,1,-0.0106077,-0.0717632,-0.143927,-0.0713888,0.0348921,-0.0511581,-0.0106077,-0.0717632,-0.129534,0.00106871
1703,30.8447,0.0739821,1,-0.0184134,-0.0679811,-0.184094,-0.0514809,0.0294939,-0.10777,-0.0184134,-0.0679811,-0.165684,0.00237286
1704,30.8628,0.0653976,1,-0.0243518,-0.071594,-0.219158,-0.036093,0.0248906,-0.160991,-0.0243518,-0.071594,-0.197242,0.00373582
1705,30.881,0.0594356,1,-0.0292017,-0.0723044,-0.253447,-0.0242261,0.0214187,-0.21115,-0.0292017,-0.0723044,-0.228102,0.00518074
1706,30.8991,0.0593218,1,-0.0334573,-0.0773556,-0.288373,-0.015022,0.0192134,-0.258509,-0.0334573,-0.0773556,-0.259535,0.00675371
1707,30.9172,0.060707,1,-0.0393327,-0.0802939,-0.321669,-0.00776471,0.0183022,-0.303276,-0.0393327,-0.0802939,-0.289502,0.00885646
1708,30.9353,0.0659396,1,-0.0430863,-0.0875134,-0.354024,-0.00186809,0.0186679,-0.345616,-0.0430863,-0.0875134,-0.318622,0.0106775
1709,30.9534,0.0713286,1,-0.0483632,-0.091976,-0.383053,0.00314385,0.0202894,-0.385669,-0.0483632,-0.091976,-0.344748,0.012968
1710,30.9715,0.0799649,1,-0.0525156,-0.100925,-0.410774,0.00765871,0.0231677,-0.423552,-0.0525156,-0.100925,-0.369697,0.0151004
1711,30.9896,0.0902855,1,-0.0600524,-0.109194,-0.434443,0.0119974,0.0273424,-0.459362,-0.0600524,-0.109194,-0.390999,0.0182626
1712,31.0077,0.104334,1,-0.0659797,-0.123918,-0.457517,0.0164344,0.0329024,-0.493179,-0.0659797,-0.123918,-0.411766,0.0211308
1713,31.0259,0.120599,1,-0.0757007,-0.138936,-0.477918,0.0212159,0.0399946,-0.525065,-0.0757007,-0.138936,-0.430126,0.0253251
1714,31.044,0.141185,1,-0.0854056,-0.160798,-0.497476,0.0265758,0.0488315,-0.555058,-0.0854056,-0.160798,-0.447728,0.0297411
1715,31.0621,0.165343,1,-0.0994896,-0.18438,-0.512797,0.0327514,0.0597,-0.583166,-0.0994896,-0.18438,-0.461518,0.0357126
1716,31.0802,0.194894,1,-0.11408,-0.215948,-0.527276,0.0399964,0.0729718,-0.609357,-0.11408,-0.215948,-0.474549,0.0421061
1717,31.0983,0.22935,1,-0.133175,-0.250461,-0.536324,0.0485949,0.0891154,-0.633546,-0.133175,-0.250461,-0.482692,0.0499975
1718,31.1164,0.270164,0,-0.153289,-0.292701,-0.542341,0.0588748,0.108711,-0.65557,-0.153289,-0.292701,-0.488107,0.0581946
1719,31.1345,0.318818,0,-0.179709,-0.34048,-0.539908,0.0712209,0.132464,-0.675156,-0.179709,-0.34048,-0.485917,0.0679184
1720,31.1526,0.376929,0,-0.20911,-0.397603,-0.528174,0.0860897,0.161223,-0.691874,-0.20911,-0.397603,-0.475357,0.0773126
1721,31.1708,0.445645,0,-0.246486,-0.461243,-0.50258,0.104022,0.19598,-0.705068,-0.246486,-0.461243,-0.452322,0.0867153
1722,31.1889,0.52694,0,-0.288211,-0.535674,-0.462074,0.125654,0.237868,-0.71376,-0.288211,-0.535674,-0.415867,0.0932223
1723,31.207,0.620455,0,-0.337717,-0.614639,-0.399692,0.151721,0.288116,-0.716516,-0.337717,-0.614639,-0.359723,0.094488
1724,31.2251,0.726157,0,-0.392358,-0.696703,-0.31187,0.183052,0.347947,-0.711272,-0.392358,-0.696703,-0.280683,0.0856552
1725,31.2432,0.838846,0,-0.451517,-0.768568,-0.194588,0.220529,0.418367,-0.695114,-0.451517,-0.768568,-0.175129,0.0615019
1726,31.2613,0.950946,0,-0.510231,-0.818615,-0.0526932,0.265008,0.499767,-0.66406,-0.510231,-0.818615,-0.0474239,0.01882
1727,31.2794,1.05335,0,-0.565007,-0.828381,0.118552,0.317152,0.591254,-0.612917,-0.565007,-0.828381,0.106697,-0.0468879
1728,31.2975,1.13294,0,-0.60803,-0.791349,0.293336,0.377145,0.689629,-0.535412,-0.60803,-0.791349,0.264002,-0.12485
1729,31.3156,1.1766,0,-0.630765,-0.702858,0.455234,0.444236,0.788029,-0.424975,-0.630765,-0.702858,0.409711,-0.201002
1730,31.3338,1.17429,0,-0.629798,-0.571104,0.579879,0.516116,0.874605,-0.276662,-0.629798,-0.571104,0.521891,-0.255644
1731,31.3519,1.11812,0,-0.600771,-0.408875,0.643122,0.588236,0.932204,-0.0905949,-0.600771,-0.408875,0.57881,-0.270458
1732,31.37,1.02189,0,-0.54817,-0.250735,0.642575,0.653424,0.940749,0.123612,-0.54817,-0.250735,0.578318,-0.246568
1733,31.3881,0.904897,0,-0.476856,-0.116109,0.601319,0.702375,0.883713,0.343863,-0.476856,-0.116109,0.541188,-0.20072
1734,31.4062,0.790267,0,-0.400184,-0.02118,0.530903,0.725545,0.75744,0.538123,-0.400184,-0.02118,0.477812,-0.148721
1735,31.4243,0.686868,0,-0.321156,0.0414628,0.44708,0.716227,0.577547,0.674702,-0.321156,0.0414628,0.402372,-0.100508
1736,31.4424,0.600707,0,-0.248247,0.0773864,0.356025,0.673392,0.375588,0.735767,-0.248247,0.0773864,0.320423,-0.0618676
1737,31.4605,0.523988,0,-0.183568,0.0970701,0.27938,0.602418,0.186099,0.724341,-0.183568,0.0970701,0.251442,-0.0358996
1738,31.4787,0.455204,0,-0.128773,0.0983412,0.206503,0.513135,0.0331001,0.659634,-0.128773,0.0983412,0.185853,-0.0186144
1739,31.4968,0.39015,0,-0.0844407,0.0980277,0.146508,0.416479,-0.0750974,0.565742,-0.0844407,0.0980277,0.131857,-0.00865985
1740,31.5149,0.332227,0,-0.0484062,0.0912012,0.088837,0.32167,-0.142483,0.462414,-0.0484062,0.0912012,0.0799533,-0.00301018
1741,31.533,0.28419,0,-0.0206137,0.0896906,0.0378393,0.2349,-0.17881,0.36174,-0.0206137,0.0896906,0.0340554,-0.000546006
1742,31.5511,0.247203,1,0.00321832,0.0866763,-0.0134508,0.159355,-0.194492,0.269204,0.00321832,0.0866763,-0.0121057,-3.03023e-05
1743,31.5692,0.219536,1,0.021688,0.0884336,-0.0525028,0.0959006,-0.198127,0.186168,0.021688,0.0884336,-0.0472526,-0.000797078
1744,31.5873,0.204764,1,0.0383345,0.0925353,-0.0942559,0.0439144,-0.195915,0.11202,0.0383345,0.0925353,-0.0848303,-0.00252927
1745,31.6054,0.202039,1,0.0518996,0.105249,-0.132349,0.00196532,-0.191957,0.0455113,0.0518996,0.105249,-0.119114,-0.00480821
1746,31.6236,0.207244,1,0.0677422,0.117317,-0.173502,-0.0317078,-0.188802,-0.014597,0.0677422,0.117317,-0.156151,-0.00822737
1747,31.6417,0.218215,1,0.0805936,0.134924,-0.207651,-0.0589041,-0.187952,-0.0692879,0.0805936,0.134924,-0.186886,-0.0117148
1748,31.6598,0.230225,1,0.0953861,0.147802,-0.235485,-0.0813022,-0.190252,-0.119246,0.0953861,0.147802,-0.211937,-0.0157234
1749,31.6779,0.248315,1,0.108512,0.169156,-0.253661,-0.100391,-0.196167,-0.164889,0.108512,0.169156,-0.228295,-0.0192676
1750,31.696,0.272518,0,0.126715,0.192748,-0.271293,-0.117452,-0.205965,-0.206412,0.126715,0.192748,-0.244163,-0.0240638
1751,31.7141,0.303106,0,0.14374,0.224236,-0.282754,-0.133575,-0.219836,-0.243827,0.14374,0.224236,-0.254479,-0.0284502
1752,31.7322,0.338177,0,0.165376,0.255585,-0.292401,-0.149686,-0.237963,-0.276972,0.165376,0.255585,-0.263161,-0.0338494
1753,31.7503,0.379781,0,0.18755,0.293645,-0.292679,-0.166577,-0.260548,-0.305516,0.18755,0.293645,-0.263411,-0.0384244
1754,31.7684,0.427467,0,0.216183,0.33314,-0.287764,-0.184935,-0.287821,-0.32894,0.216183,0.33314,-0.258988,-0.0435469
1755,31.7866,0.481824,0,0.243012,0.379497,-0.268329,-0.205367,-0.320009,-0.346505,0.243012,0.379497,-0.241496,-0.045645
1756,31.8047,0.542645,0,0.276324,0.426728,-0.239028,-0.228404,-0.357282,-0.357218,0.276324,0.426728,-0.215126,-0.0462344
1757,31.8228,0.610684,0,0.310291,0.479412,-0.195287,-0.254501,-0.39965,-0.359796,0.310291,0.479412,-0.175759,-0.0424172
1758,31.8409,0.681793,0,0.350594,0.525233,-0.136025,-0.284004,-0.446819,-0.352647,0.350594,0.525233,-0.122423,-0.0333827
1759,31.859,0.751861,0,0.387807,0.562269,-0.0603142,-0.317102,-0.497987,-0.333902,0.387807,0.562269,-0.0542828,-0.0163732
1760,31.8771,0.81761,0,0.426058,0.583903,0.0271989,-0.353733,-0.551581,-0.301526,0.426058,0.583903,0.024479,0.00811181
1761,31.8952,0.87254,0,0.457435,0.585599,0.123869,-0.39347,-0.604976,-0.253583,0.457435,0.585599,0.111482,0.0396635
1762,31.9133,0.911974,0,0.483496,0.563356,0.221423,-0.435366,-0.654253,-0.188711,0.483496,0.563356,0.199281,0.0749401
1763,31.9315,0.929988,0,0.496729,0.517362,0.31402,-0.47781,-0.694162,-0.106833,0.496729,0.517362,0.282618,0.109188
1764,31.9496,0.924421,0,0.499778,0.450655,0.389942,-0.518434,-0.718504,-0.0100281,0.499778,0.450655,0.350948,0.136419
1765,31.9677,0.892579,0,0.486371,0.369362,0.440579,-0.554155,-0.721114,0.096694,0.486371,0.369362,0.396521,0.149999
1766,31.9858,0.838749,0,0.459724,0.281878,0.464571,-0.581463,-0.697486,0.205194,0.459724,0.281878,0.418114,0.149502
1767,32.0039,0.768821,0,0.42232,0.19687,0.456349,-0.596965,-0.646594,0.305075,0.42232,0.19687,0.410714,0.134908
1768,32.022,0.692045,0,0.377535,0.123076,0.425276,-0.598132,-0.572117,0.385767,0.377535,0.123076,0.382749,0.11239
1769,32.0401,0.616047,0,0.328321,0.0678996,0.378681,-0.583991,-0.482159,0.439204,0.328321,0.0678996,0.340813,0.0870301
1770,32.0582,0.544251,0,0.280252,0.0276307,0.327706,-0.555484,-0.387293,0.46191,0.280252,0.0276307,0.294935,0.0642883
1771,32.0764,0.478824,0,0.235016,0.00430042,0.272115,-0.515308,-0.297729,0.455445,0.235016,0.00430042,0.244904,0.044766
1772,32.0945,0.418676,0,0.195593,-0.0131061,0.21715,-0.467291,-0.220947,0.425135,0.195593,-0.0131061,0.195435,0.0297311
1773,32.1126,0.365046,0,0.160892,-0.0178123,0.161051,-0.415578,-0.160701,0.377937,0.160892,-0.0178123,0.144946,0.0181383
1774,32.1307,0.315748,0,0.131999,-0.0218608,0.110703,-0.363919,-0.117398,0.320531,0.131999,-0.0218608,0.0996324,0.0102289
1775,32.1488,0.273249,0,0.107587,-0.0158201,0.058631,-0.315229,-0.089215,0.258219,0.107587,-0.0158201,0.0527679,0.00441556
1776,32.1669,0.235677,1,0.0893388,-0.0116977,0.0139072,-0.27145,-0.0733024,0.194647,0.0893388,-0.0116977,0.0125165,0.000869715
1777,32.185,0.205077,1,0.0752054,-0.00203215,-0.0310905,-0.233635,-0.0666719,0.132032,0.0752054,-0.00203215,-0.0279814,-0.00163672
1778,32.2031,0.180535,1,0.0654584,0.00413679,-0.0738797,-0.202133,-0.0667059,0.0715669,0.0654584,0.00413679,-0.0664918,-0.00338523
1779,32.2212,0.163176,1,0.0586693,0.014037,-0.117099,-0.176806,-0.071361,0.0138117,0.0586693,0.014037,-0.105389,-0.00480909
1780,32.2394,0.15144,1,0.0551353,0.0226104,-0.156527,-0.157229,-0.079185,-0.0410239,0.0551353,0.0226104,-0.140874,-0.0060411
1781,32.2575,0.147014,1,0.054112,0.0371919,-0.19321,-0.142839,-0.0892456,-0.0928942,0.054112,0.0371919,-0.173889,-0.0073185
1782,32.2756,0.147025,1,0.0557538,0.0473317,-0.226616,-0.133048,-0.101029,-0.141812,0.0557538,0.0473317,-0.203955,-0.0088443
1783,32.2937,0.154789,1,0.0592427,0.0644012,-0.259398,-0.127311,-0.114342,-0.187789,0.0592427,0.0644012,-0.233458,-0.0107572
1784,32.3118,0.166208,1,0.0649117,0.0784579,-0.290888,-0.125173,-0.129229,-0.230812,0.0649117,0.0784579,-0.261799,-0.0132174
1785,32.3299,0.183061,1,0.0716342,0.0970461,-0.319119,-0.126285,-0.145912,-0.270815,0.0716342,0.0970461,-0.287207,-0.0160019
1786,32.348,0.204066,1,0.0821873,0.115149,-0.344968,-0.130414,-0.164741,-0.307671,0.0821873,0.115149,-0.310471,-0.0198464
1787,32.3661,0.231554,1,0.0936771,0.140643,-0.366259,-0.137443,-0.186169,-0.341167,0.0936771,0.140643,-0.329633,-0.024017
1788,32.3843,0.263203,0,0.108669,0.166201,-0.385067,-0.147367,-0.210727,-0.370982,0.108669,0.166201,-0.34656,-0.0292914
1789,32.4024,0.302147,0,0.124892,0.199803,-0.398482,-0.160283,-0.239003,-0.39665,0.124892,0.199803,-0.358633,-0.0348369
1790,32.4205,0.347142,0,0.145583,0.236085,-0.407509,-0.17638,-0.271618,-0.417518,0.145583,0.236085,-0.366758,-0.0415284
1791,32.4386,0.401162,0,0.168826,0.281734,-0.408918,-0.195926,-0.309184,-0.432687,0.168826,0.281734,-0.368026,-0.0483251
1792,32.4567,0.462635,0,0.198205,0.330626,-0.401905,-0.219245,-0.352238,-0.44095,0.198205,0.330626,-0.361714,-0.0557618
1793,32.4748,0.533949,0,0.23043,0.389011,-0.382836,-0.246685,-0.401126,-0.440721,0.23043,0.389011,-0.344553,-0.0617518
1794,32.4929,0.611598,0,0.268983,0.447521,-0.350497,-0.278561,-0.455824,-0.429984,0.268983,0.447521,-0.315447,-0.0659944
1795,32.511,0.698436,0,0.310742,0.514243,-0.301122,-0.315074,-0.515676,-0.406288,0.310742,0.514243,-0.27101,-0.0654999
1796,32.5292,0.78826,0,0.358449,0.57632,-0.230704,-0.356179,-0.579028,-0.366854,0.358449,0.57632,-0.207634,-0.057887
1797,32.5473,0.878537,0,0.406298,0.635539,-0.138746,-0.401415,-0.642793,-0.308889,0.406298,0.635539,-0.124872,-0.0394606
1798,32.5654,0.959089,0,0.456674,0.674779,-0.0242569,-0.449678,-0.702051,-0.230214,0.456674,0.674779,-0.0218312,-0.00775426
1799,32.5835,1.02117,0,0.500864,0.689488,0.108083,-0.498982,-0.749899,-0.13029,0.500864,0.689488,0.0972746,0.0378944
1800,32.6016,1.04989,0,0.535656,0.660425,0.248014,-0.546298,-0.777918,-0.0115635,0.535656,0.660425,0.223213,0.0929952
1801,32.6197,1.04272,0,0.556151,0.595554,0.380114,-0.58758,-0.777635,0.119291,0.556151,0.595554,0.342103,0.147981
1802,32.6378,0.994807,0,0.557763,0.494716,0.483573,-0.618171,-0.743034,0.251028,0.557763,0.494716,0.435216,0.188803
1803,32.6559,0.913612,0,0.538644,0.374314,0.548469,-0.633624,-0.673416,0.369281,0.538644,0.374314,0.493622,0.206801
1804,32.674,0.809331,0,0.499418,0.247204,0.566878,-0.630822,-0.575101,0.459996,0.499418,0.247204,0.51019,0.198176
1805,32.6922,0.700411,0,0.446211,0.137271,0.545074,-0.608966,-0.460508,0.513607,0.446211,0.137271,0.490567,0.170253
1806,32.7103,0.596982,0,0.38652,0.0470876,0.49735,-0.569954,-0.344568,0.527782,0.38652,0.0470876,0.447615,0.134565
1807,32.7284,0.503886,0,0.321969,-0.0146202,0.43399,-0.517926,-0.240275,0.507197,0.321969,-0.0146202,0.390591,0.0978119
1808,32.7465,0.423116,0,0.261035,-0.0556165,0.36187,-0.45819,-0.155675,0.460795,0.261035,-0.0556165,0.325683,0.0661226
1809,32.7646,0.351749,0,0.203064,-0.0783071,0.288611,-0.396026,-0.0933278,0.398367,0.203064,-0.0783071,0.25975,0.0410246
1810,32.7827,0.291032,0,0.154744,-0.091635,0.219247,-0.335811,-0.0516639,0.328133,0.154744,-0.091635,0.197323,0.023749
1811,32.8008,0.237754,1,0.112927,-0.0920893,0.153499,-0.280608,-0.0269312,0.255804,0.112927,-0.0920893,0.138149,0.0121339
1812,32.8189,0.192812,1,0.0804058,-0.0917991,0.0958897,-0.232174,-0.0148139,0.184753,0.0804058,-0.0917991,0.0863007,0.00539706
1813,32.8371,0.153439,1,0.0523765,-0.0851824,0.0400832,-0.191191,-0.0113981,0.116644,0.0523765,-0.0851824,0.0360749,0.00146959
1814,32.8552,0.121717,1,0.0318456,-0.0821864,-0.00998454,-0.157582,-0.0135752,0.0521027,0.0318456,-0.0821864,-0.00898609,-0.000222575
1815,32.8733,0.0944289,1,0.0145566,-0.0754509,-0.0582509,-0.130801,-0.0190976,-0.008796,0.0145566,-0.0754509,-0.0524258,-0.000593556
1816,32.8914,0.0734027,1,0.00267035,-0.0732365,-0.101805,-0.110067,-0.0264693,-0.0662112,0.00267035,-0.0732365,-0.0916242,-0.000190298
1817,32.9095,0.0560363,1,-0.00708085,-0.0680023,-0.146257,-0.0945263,-0.0347835,-0.120373,-0.00708085,-0.0680023,-0.131632,0.000724938
1818,32.9276,0.0427183,1,-0.0144744,-0.0667414,-0.185382,-0.083358,-0.0435664,-0.171507,-0.0144744,-0.0667414,-0.166844,0.0018783
1819,32.9457,0.0324995,1,-0.0211554,-0.0659335,-0.221321,-0.0758349,-0.052648,-0.219803,-0.0211554,-0.0659335,-0.199189,0.00327749
1820,32.9638,0.0278701,1,-0.0247373,-0.0695208,-0.255327,-0.0713513,-0.0620647,-0.265415,-0.0247373,-0.0695208,-0.229794,0.00442128
1821,32.982,0.0255114,1,-0.029822,-0.0702495,-0.28895,-0.0694317,-0.0719918,-0.308457,-0.029822,-0.0702495,-0.260055,0.00603195
1822,33.0001,0.0261969,1,-0.0333332,-0.074617,-0.323147,-0.0697279,-0.0827006,-0.34901,-0.0333332,-0.074617,-0.290832,0.00754006
1823,33.0182,0.0289232,1,-0.0384301,-0.0768329,-0.354429,-0.0720112,-0.0945332,-0.387119,-0.0384301,-0.0768329,-0.318986,0.0095345
1824,33.0363,0.0332053,1,-0.0408441,-0.0837664,-0.38434,-0.0761618,-0.107892,-0.42279,-0.0408441,-0.0837664,-0.345906,0.0109886
1825,33.0544,0.0392827,1,-0.0461715,-0.0878268,-0.41037,-0.0821603,-0.12324,-0.455978,-0.0461715,-0.0878268,-0.369333,0.0132632
1826,33.0725,0.0448445,1,-0.0505965,-0.0980064,-0.435425,-0.0900805,-0.141102,-0.48658,-0.0505965,-0.0980064,-0.391883,0.0154217
1827,33.0906,0.051569,1,-0.0581446,-0.107472,-0.457511,-0.100085,-0.162081,-0.514405,-0.0581446,-0.107472,-0.41176,0.0186213
1828,33.1087,0.0577332,1,-0.0640674,-0.122836,-0.479462,-0.112424,-0.18686,-0.539145,-0.0640674,-0.122836,-0.431516,0.0215025
1829,33.1268,0.0648271,1,-0.0743578,-0.139109,-0.498315,-0.127433,-0.216211,-0.560331,-0.0743578,-0.139109,-0.448483,0.0259375
1830,33.145,0.0716737,1,-0.0846673,-0.16203,-0.515694,-0.145537,-0.250993,-0.577271,-0.0846673,-0.16203,-0.464124,0.0305637
1831,33.1631,0.0799258,1,-0.0992177,-0.186936,-0.530044,-0.167246,-0.292126,-0.588966,-0.0992177,-0.186936,-0.47704,0.0368128
1832,33.1812,0.0886873,1,-0.113857,-0.21896,-0.543698,-0.193142,-0.340531,-0.594002,-0.113857,-0.21896,-0.489328,0.0433325
1833,33.1993,0.0999828,1,-0.133666,-0.254314,-0.551806,-0.223865,-0.397011,-0.590421,-0.133666,-0.254314,-0.496626,0.0516303
1834,33.2174,0.11297,1,-0.154426,-0.29839,-0.556849,-0.260054,-0.462032,-0.575577,-0.154426,-0.29839,-0.501164,0.0601944
1835,33.2355,0.128846,1,-0.181938,-0.347495,-0.552063,-0.302258,-0.535352,-0.546033,-0.181938,-0.347495,-0.496857,0.0703089
1836,33.2536,0.146149,1,-0.212688,-0.407111,-0.537587,-0.350775,-0.61546,-0.497566,-0.212688,-0.407111,-0.483828,0.080037
1837,33.2717,0.164894,1,-0.251395,-0.473227,-0.508981,-0.405394,-0.698795,-0.425472,-0.251395,-0.473227,-0.458083,0.0895687
1838,33.2899,0.183151,1,-0.294891,-0.550119,-0.464534,-0.465036,-0.778862,-0.325394,-0.294891,-0.550119,-0.418081,0.0958911
1839,33.308,0.19957,1,-0.346035,-0.63112,-0.396528,-0.52731,-0.845589,-0.194968,-0.346035,-0.63112,-0.356875,0.0960486
1840,33.3261,0.211835,1,-0.402313,-0.713827,-0.301975,-0.588112,-0.88567,-0.0363231,-0.402313,-0.713827,-0.271778,0.085042
1841,33.3442,0.21888,1,-0.4628,-0.784061,-0.17757,-0.641527,-0.884855,0.141213,-0.4628,-0.784061,-0.159813,0.0575255
1842,33.3623,0.221024,1,-0.521926,-0.830186,-0.0285585,-0.680398,-0.832674,0.319918,-0.521926,-0.830186,-0.0257027,0.0104338
1843,33.3804,0.210316,1,-0.576372,-0.832282,0.148928,-0.697789,-0.728262,0.476244,-0.576372,-0.832282,0.134035,-0.0600865
1844,33.3985,0.19538,1,-0.617038,-0.78563,0.325977,-0.689069,-0.583723,0.587827,-0.617038,-0.78563,0.293379,-0.140798
1845,33.4166,0.177429,1,-0.636167,-0.686344,0.48693,-0.653699,-0.421503,0.641832,-0.636167,-0.686344,0.438237,-0.216838
1846,33.4348,0.163775,1,-0.630392,-0.545545,0.603821,-0.595649,-0.266252,0.639254,-0.630392,-0.545545,0.543439,-0.266451
1847,33.4529,0.149439,1,-0.595328,-0.37667,0.654483,-0.522147,-0.136288,0.592375,-0.595328,-0.37667,0.589034,-0.272742
1848,33.471,0.138498,1,-0.537871,-0.219443,0.644161,-0.441484,-0.0396388,0.517966,-0.537871,-0.219443,0.579745,-0.242533
1849,33.4891,0.13019,1,-0.463671,-0.0895216,0.596248,-0.361017,0.0246103,0.431069,-0.463671,-0.0895216,0.536623,-0.193524
1850,33.5072,0.122793,1,-0.385408,-0.0016001,0.518871,-0.286073,0.0624306,0.342047,-0.385408,-0.0016001,0.466984,-0.139984
1851,33.5253,0.113563,1,-0.30533,0.0567564,0.431977,-0.219748,0.081254,0.256576,-0.30533,0.0567564,0.388779,-0.092327
1852,33.5434,0.103199,1,-0.233035,0.0880484,0.341545,-0.163272,0.0878346,0.176975,-0.233035,0.0880484,0.307391,-0.0557143
1853,33.5615,0.099371,1,-0.169692,0.103849,0.266543,-0.116562,0.0874296,0.103658,-0.169692,0.103849,0.239889,-0.0316611
1854,33.5796,0.0953253,1,-0.116228,0.103217,0.195793,-0.0787444,0.0837532,0.0361781,-0.116228,0.103217,0.176214,-0.0159297
1855,33.5978,0.0967465,1,-0.073734,0.102603,0.137844,-0.0485554,0.0792487,-0.0261691,-0.073734,0.102603,0.12406,-0.00711464
1856,33.6159,0.0960608,1,-0.0386409,0.0955966,0.0804956,-0.0246086,0.0754289,-0.0840626,-0.0386409,0.0955966,0.072446,-0.0021773
1857,33.634,0.0983239,1,-0.011914,0.0949715,0.0307251,-0.00555805,0.0731766,-0.138057,-0.011914,0.0949715,0.0276526,-0.000256242
1858,33.6521,0.0982169,1,0.0116315,0.0922937,-0.0195607,0.00981821,0.07298,-0.188568,0.0116315,0.0922937,-0.0176046,-0.000159264
1859,33.6702,0.103746,1,0.0296683,0.0946924,-0.0574096,0.0225859,0.0751025,-0.235891,0.0296683,0.0946924,-0.0516687,-0.00119227
1860,33.6883,0.105785,1,0.0462549,0.100789,-0.0986554,0.0336541,0.0797017,-0.280226,0.0462549,0.100789,-0.0887899,-0.00319431
1861,33.7064,0.108294,1,0.0602427,0.11553,-0.137053,0.0437919,0.0869094,-0.321695,0.0602427,0.11553,-0.123347,-0.00577949
1862,33.7245,0.108307,1,0.0764872,0.128148,-0.176792,0.053655,0.0968848,-0.360348,0.0764872,0.128148,-0.159113,-0.00946563
1863,33.7427,0.111209,1,0.0893772,0.146177,-0.208739,0.0638146,0.109849,-0.396167,0.0893772,0.146177,-0.187865,-0.0130596
1864,33.7608,0.115821,1,0.104892,0.159681,-0.233583,0.0747858,0.126107,-0.429056,0.104892,0.159681,-0.210225,-0.0171507
1865,33.7789,0.124002,1,0.118876,0.182961,-0.249643,0.0870548,0.146064,-0.458821,0.118876,0.182961,-0.224679,-0.0207736
1866,33.797,0.130542,1,0.137749,0.207507,-0.265162,0.101103,0.170225,-0.48514,0.137749,0.207507,-0.238646,-0.025568
1867,33.8151,0.138508,1,0.155295,0.240681,-0.274287,0.117425,0.1992,-0.507522,0.155295,0.240681,-0.246858,-0.0298168
1868,33.8332,0.144661,1,0.178523,0.273306,-0.281426,0.136546,0.233687,-0.525247,0.178523,0.273306,-0.253283,-0.0351687
1869,33.8513,0.153494,1,0.20129,0.31232,-0.277559,0.159026,0.274428,-0.537288,0.20129,0.31232,-0.249803,-0.0391089
1870,33.8694,0.161491,1,0.230903,0.352082,-0.267852,0.18546,0.322141,-0.542218,0.230903,0.352082,-0.241066,-0.0432934
1871,33.8876,0.172132,1,0.257902,0.398396,-0.243597,0.21645,0.37738,-0.538094,0.257902,0.398396,-0.219237,-0.0439769
1872,33.9057,0.181549,1,0.291842,0.444891,-0.210402,0.252557,0.440299,-0.522356,0.291842,0.444891,-0.189362,-0.0429829
1873,33.9238,0.191774,1,0.326521,0.494453,-0.161569,0.294204,0.510295,-0.491775,0.326521,0.494453,-0.145412,-0.036929
1874,33.9419,0.202081,1,0.365844,0.534026,-0.0971779,0.341517,0.58547,-0.442536,0.365844,0.534026,-0.0874601,-0.0248864
1875,33.96,0.210968,1,0.401383,0.564922,-0.0184101,0.39408,0.661958,-0.370622,0.401383,0.564922,-0.016569,-0.00517263
1876,33.9781,0.217506,1,0.436599,0.576351,0.0695259,0.450613,0.733232,-0.272699,0.436599,0.576351,0.0625734,0.0212484
1877,33.9962,0.221985,1,0.463833,0.568752,0.163739,0.508603,0.789771,-0.147675,0.463833,0.568752,0.147365,0.0531631
1878,34.0143,0.224694,1,0.484768,0.536731,0.256311,0.564024,0.819711,0.0011583,0.484768,0.536731,0.23068,0.0869758
1879,34.0324,0.22477,1,0.492883,0.48461,0.339766,0.611384,0.811205,0.164103,0.492883,0.48461,0.30579,0.117226
1880,34.0506,0.221479,1,0.489976,0.414331,0.403344,0.644356,0.756577,0.32465,0.489976,0.414331,0.363009,0.13834
1881,34.0687,0.215854,1,0.470977,0.333267,0.442078,0.65713,0.656868,0.462297,0.470977,0.333267,0.397871,0.145746
1882,34.0868,0.206751,1,0.441331,0.249262,0.454275,0.646147,0.523859,0.558609,0.441331,0.249262,0.408847,0.14034
1883,34.1049,0.195579,1,0.401864,0.170777,0.435761,0.611446,0.377223,0.603717,0.401864,0.170777,0.392185,0.122582
1884,34.123,0.179975,1,0.356911,0.105764,0.399747,0.556844,0.237749,0.599196,0.356911,0.105764,0.359773,0.0998719
1885,34.1411,0.160667,1,0.308747,0.0587337,0.352709,0.488787,0.120676,0.555661,0.308747,0.0587337,0.317438,0.0762283
1886,34.1592,0.138127,1,0.263698,0.0253156,0.301731,0.414536,0.0327636,0.487283,0.263698,0.0253156,0.271558,0.0556961
1887,34.1773,0.116557,1,0.221573,0.00618738,0.247088,0.34053,-0.0265966,0.406872,0.221573,0.00618738,0.222379,0.0383236
1888,34.1955,0.0954995,1,0.185655,-0.007345,0.193203,0.271485,-0.0622916,0.323489,0.185655,-0.007345,0.173883,0.0251083
1889,34.2136,0.0791134,1,0.153499,-0.0101977,0.139345,0.210209,-0.0805814,0.242335,0.153499,-0.0101977,0.125411,0.0149726
1890,34.2317,0.0638965,1,0.127363,-0.0122423,0.0903665,0.15789,-0.0872937,0.165757,0.127363,-0.0122423,0.0813298,0.00805655
1891,34.2498,0.0570827,1,0.105786,-0.00493529,0.0400582,0.114548,-0.0870664,0.0943997,0.105786,-0.00493529,0.0360524,0.00296631
1892,34.2679,0.0516722,1,0.0899461,7.9615e-05,-0.00287153,0.0794819,-0.0832418,0.0280814,0.0899461,7.9615e-05,-0.00258438,-0.000180798
1893,34.286,0.0537933,1,0.0779404,0.0102579,-0.0474388,0.0516202,-0.0780552,-0.0336837,0.0779404,0.0102579,-0.0426949,-0.00258818
1894,34.3041,0.0565524,1,0.0699286,0.0164053,-0.0891491,0.0297621,-0.0729032,-0.0914203,0.0699286,0.0164053,-0.0802341,-0.00436385
1895,34.3222,0.063391,1,0.0642925,0.0272895,-0.131365,0.0127297,-0.0685973,-0.145587,0.0642925,0.0272895,-0.118228,-0.00591204
1896,34.3404,0.0715985,1,0.0625298,0.0375168,-0.168735,-0.000549707,-0.0655665,-0.196553,0.0625298,0.0375168,-0.151861,-0.00738566
1897,34.3585,0.0834185,1,0.062846,0.0533304,-0.203949,-0.0110089,-0.0640091,-0.244604,0.062846,0.0533304,-0.183554,-0.00897215
1898,34.3766,0.0946204,1,0.0661118,0.0653222,-0.236887,-0.0194343,-0.0639997,-0.28996,0.0661118,0.0653222,-0.213198,-0.0109627
1899,34.3947,0.109801,1,0.0709681,0.0845181,-0.268379,-0.0264777,-0.0655613,-0.332795,0.0709681,0.0845181,-0.241541,-0.0133324
1900,34.4128,0.124358,1,0.0781151,0.0999412,-0.297907,-0.032676,-0.0687139,-0.373243,0.0781151,0.0999412,-0.268116,-0.0162897
1901,34.4309,0.143403,1,0.0869606,0.122174,-0.32384,-0.0384749,-0.073506,-0.411413,0.0869606,0.122174,-0.291456,-0.0197129
1902,34.449,0.164531,1,0.0999108,0.144418,-0.347132,-0.044252,-0.0800344,-0.447382,0.0999108,0.144418,-0.312419,-0.0242776
1903,34.4671,0.190655,1,0.113441,0.174049,-0.365818,-0.05034,-0.0884593,-0.481201,0.113441,0.174049,-0.329236,-0.029049
1904,34.4852,0.219556,1,0.131155,0.203824,-0.380667,-0.057047,-0.0990153,-0.51289,0.131155,0.203824,-0.3426,-0.0349485
1905,34.5034,0.255504,0,0.150617,0.243158,-0.389639,-0.0646758,-0.112022,-0.542424,0.150617,0.243158,-0.350675,-0.0410803
1906,34.5215,0.297045,0,0.175271,0.285774,-0.39174,-0.0735409,-0.127896,-0.569723,0.175271,0.285774,-0.352566,-0.0480624
1907,34.5396,0.348031,0,0.203377,0.339017,-0.383839,-0.0839851,-0.147159,-0.59463,0.203377,0.339017,-0.345455,-0.0546449
1908,34.5577,0.404811,0,0.237155,0.39194,-0.363752,-0.0963949,-0.170454,-0.616878,0.237155,0.39194,-0.327377,-0.0603859
1909,34.5758,0.47206,0,0.274076,0.454294,-0.329677,-0.111215,-0.198552,-0.636051,0.274076,0.454294,-0.29671,-0.0632496
1910,34.5939,0.546431,0,0.317624,0.515108,-0.28054,-0.128962,-0.232355,-0.651514,0.317624,0.515108,-0.252486,-0.0623743
1911,34.612,0.630155,0,0.362096,0.578142,-0.210043,-0.150232,-0.272882,-0.662331,0.362096,0.578142,-0.189039,-0.0532392
1912,34.6301,0.718087,0,0.410916,0.628886,-0.119326,-0.175709,-0.321226,-0.667145,0.410916,0.628886,-0.107393,-0.0343229
1913,34.6483,0.809871,0,0.457724,0.667843,-0.00659025,-0.206148,-0.378453,-0.66402,0.457724,0.667843,-0.00593122,-0.00211156
1914,34.6664,0.894604,0,0.500611,0.673931,0.121789,-0.242344,-0.4454,-0.650263,0.500611,0.673931,0.10961,0.0426784
1915,34.6845,0.966477,0,0.531915,0.645281,0.256114,-0.285051,-0.522319,-0.622241,0.531915,0.645281,0.230503,0.0953617
1916,34.7026,1.01787,0,0.550557,0.578844,0.381266,-0.334834,-0.608283,-0.575279,0.550557,0.578844,0.343139,0.146936
1917,34.7207,1.04101,0,0.550522,0.482296,0.478342,-0.391808,-0.700294,-0.503811,0.550522,0.482296,0.430507,0.184336
1918,34.7388,1.03119,0,0.530223,0.363443,0.537882,-0.455243,-0.792149,-0.402087,0.530223,0.363443,0.484093,0.199638
1919,34.7569,0.991384,0,0.491252,0.244317,0.553085,-0.523024,-0.873337,-0.265831,0.491252,0.244317,0.497776,0.190193
1920,34.775,0.928802,0,0.439477,0.136444,0.530333,-0.591081,-0.928807,-0.0951372,0.439477,0.136444,0.477299,0.163148
1921,34.7932,0.857406,0,0.380909,0.0541867,0.484073,-0.653058,-0.940922,0.101833,0.380909,0.0541867,0.435666,0.129071
1922,34.8113,0.784127,0,0.320441,-0.00697768,0.423286,-0.7007,-0.89475,0.306259,0.320441,-0.00697768,0.380958,0.0949467
1923,34.8294,0.716128,0,0.259482,-0.0445186,0.35252,-0.725409,-0.785796,0.490412,0.259482,-0.0445186,0.317268,0.0640308
1924,34.8475,0.654666,0,0.205365,-0.0687888,0.282686,-0.720808,-0.625815,0.625743,0.205365,-0.0687888,0.254418,0.0406377
1925,34.8656,0.598234,0,0.157357,-0.0783462,0.212519,-0.685268,-0.441085,0.694241,0.157357,-0.0783462,0.191267,0.0234089
1926,34.8837,0.541854,0,0.118518,-0.0815133,0.149063,-0.622817,-0.262358,0.695446,0.118518,-0.0815133,0.134156,0.0123667
1927,34.9018,0.483671,0,0.0859397,-0.0772767,0.090437,-0.541788,-0.113055,0.644054,0.0859397,-0.0772767,0.0813933,0.00544049
1928,34.9199,0.425099,0,0.0606145,-0.0743473,0.0372457,-0.452038,-0.00339264,0.560963,0.0606145,-0.0743473,0.0335211,0.00158034
1929,34.938,0.369823,0,0.0396955,-0.0671697,-0.0152176,-0.362344,0.0679843,0.464788,0.0396955,-0.0671697,-0.0136958,-0.000422848
1930,34.9562,0.319141,0,0.0243995,-0.0635284,-0.0608197,-0.278972,0.108757,0.367941,0.0243995,-0.0635284,-0.0547378,-0.00103878
1931,34.9743,0.27612,0,0.0123521,-0.0575042,-0.10637,-0.205457,0.128176,0.276787,0.0123521,-0.0575042,-0.095733,-0.000919724
1932,34.9924,0.241268,1,0.00418498,-0.0542732,-0.149011,-0.143093,0.13439,0.193546,0.00418498,-0.0542732,-0.13411,-0.000436526
1933,35.0105,0.212701,1,-0.00255197,-0.0476181,-0.189926,-0.0916462,0.13355,0.118238,-0.00255197,-0.0476181,-0.170933,0.00033928
1934,35.0286,0.190729,1,-0.00717026,-0.0482743,-0.224883,-0.0499934,0.129884,0.0499957,-0.00717026,-0.0482743,-0.202395,0.00112873
1935,35.0467,0.17363,1,-0.0107041,-0.0453123,-0.259247,-0.0165986,0.126101,-0.012215,-0.0107041,-0.0453123,-0.233322,0.00194251
1936,35.0648,0.163083,1,-0.0126059,-0.0466567,-0.293342,0.0101814,0.123847,-0.0692936,-0.0126059,-0.0466567,-0.264008,0.00258849
1937,35.0829,0.155366,1,-0.016202,-0.0447686,-0.325857,0.0319202,0.124074,-0.121915,-0.016202,-0.0447686,-0.293271,0.00369567
1938,35.1011,0.152731,1,-0.0171021,-0.047109,-0.357749,0.050036,0.127317,-0.170536,-0.0171021,-0.047109,-0.321974,0.00428277
1939,35.1192,0.151036,1,-0.019482,-0.0447557,-0.386474,0.0657637,0.133884,-0.215428,-0.019482,-0.0447557,-0.347827,0.00527049
1940,35.1373,0.153709,1,-0.018846,-0.0466972,-0.413919,0.0801596,0.143991,-0.256709,-0.018846,-0.0466972,-0.372527,0.0054605
1941,35.1554,0.159317,1,-0.0224845,-0.0460436,-0.439207,0.0941251,0.157838,-0.294362,-0.0224845,-0.0460436,-0.395286,0.00691274
1942,35.1735,0.170238,1,-0.0228417,-0.0502687,-0.464855,0.108438,0.175661,-0.328238,-0.0228417,-0.0502687,-0.418369,0.00743267
1943,35.1916,0.184734,1,-0.0265075,-0.0530866,-0.487928,0.123782,0.197759,-0.358045,-0.0265075,-0.0530866,-0.439136,0.00905363
1944,35.2097,0.204903,1,-0.0277019,-0.0603841,-0.511445,0.140779,0.224491,-0.383319,-0.0277019,-0.0603841,-0.4603,0.00991759
1945,35.2278,0.229144,1,-0.0327294,-0.0656639,-0.532756,0.160006,0.256264,-0.403386,-0.0327294,-0.0656639,-0.47948,0.0122057
1946,35.246,0.258674,0,-0.0349774,-0.0740738,-0.553524,0.182012,0.293484,-0.417311,-0.0349774,-0.0740738,-0.498172,0.0135526
1947,35.2641,0.294345,0,-0.0414164,-0.0830402,-0.572353,0.207312,0.336477,-0.423837,-0.0414164,-0.0830402,-0.515117,0.0165933
1948,35.2822,0.336804,0,-0.0453563,-0.0960974,-0.592037,0.236372,0.385357,-0.421328,-0.0453563,-0.0960974,-0.532833,0.0187968
1949,35.3003,0.38683,0,-0.0545228,-0.11057,-0.610089,0.269557,0.439828,-0.407735,-0.0545228,-0.11057,-0.54908,0.0232846
1950,35.3184,0.444294,0,-0.0613854,-0.1297,-0.628223,0.307054,0.498902,-0.380629,-0.0613854,-0.1297,-0.565401,0.0269946
1951,35.3365,0.508797,0,-0.0734798,-0.149606,-0.644059,0.348742,0.560525,-0.337358,-0.0734798,-0.149606,-0.579653,0.0331277
1952,35.3546,0.581116,0,-0.0844331,-0.176949,-0.65905,0.394019,0.62118,-0.275434,-0.0844331,-0.176949,-0.593145,0.038952
1953,35.3727,0.659565,0,-0.102496,-0.208172,-0.670799,0.44159,0.675562,-0.193242,-0.102496,-0.208172,-0.603719,0.0481278
1954,35.3908,0.74312,0,-0.121303,-0.250351,-0.681775,0.489263,0.716598,-0.0910975,-0.121303,-0.250351,-0.613597,0.0578909
1955,35.409,0.82498,0,-0.147289,-0.298022,-0.685475,0.533844,0.736155,0.0274866,-0.147289,-0.298022,-0.616928,0.0706739
1956,35.4271,0.901188,0,-0.175316,-0.358874,-0.682149,0.571269,0.726704,0.154841,-0.175316,-0.358874,-0.613935,0.0837143
1957,35.4452,0.964396,0,-0.2123,-0.42982,-0.666693,0.597096,0.683832,0.279265,-0.2123,-0.42982,-0.600024,0.0990774
1958,35.4633,1.00907,0,-0.255132,-0.514283,-0.637572,0.607381,0.608704,0.386938,-0.255132,-0.514283,-0.573815,0.113866
1959,35.4814,1.02738,0,-0.307411,-0.60691,-0.582563,0.599725,0.509026,0.465432,-0.307411,-0.60691,-0.524307,0.12536
1960,35.4995,1.01953,0,-0.366163,-0.707145,-0.499684,0.574064,0.397455,0.507377,-0.366163,-0.707145,-0.449716,0.128076
1961,35.5176,0.988617,0,-0.434745,-0.808468,-0.378674,0.532823,0.2879,0.512324,-0.434745,-0.808468,-0.340807,0.115239
1962,35.5357,0.941674,0,-0.507172,-0.896958,-0.22135,0.480306,0.191613,0.485859,-0.507172,-0.896958,-0.199215,0.0785839
1963,35.5539,0.88691,0,-0.580679,-0.950747,-0.0317162,0.421636,0.11495,0.436775,-0.580679,-0.950747,-0.0285446,0.0128918
1964,35.572,0.831037,0,-0.645564,-0.950847,0.182259,0.361686,0.059363,0.374067,-0.645564,-0.950847,0.164033,-0.0823619
1965,35.5901,0.777539,0,-0.691424,-0.878118,0.406864,0.304359,0.0228488,0.305005,-0.691424,-0.878118,0.366177,-0.196921
1966,35.6082,0.731065,0,-0.709742,-0.736596,0.598844,0.252306,0.00171611,0.234525,-0.709742,-0.736596,0.538959,-0.297517
1967,35.6263,0.686403,0,-0.692675,-0.539683,0.732436,0.206982,-0.00804084,0.165497,-0.692675,-0.539683,0.659193,-0.355138
1968,35.6444,0.632732,0,-0.640051,-0.31707,0.771901,0.168887,-0.00996159,0.0993296,-0.640051,-0.31707,0.694711,-0.345839
1969,35.6625,0.575165,0,-0.55734,-0.120074,0.741042,0.137859,-0.00681408,0.0365472,-0.55734,-0.120074,0.666938,-0.289109
1970,35.6806,0.51524,0,-0.461459,0.0242955,0.659422,0.113341,-0.000574354,-0.0227817,-0.461459,0.0242955,0.59348,-0.213007
1971,35.6988,0.454877,0,-0.36192,0.115942,0.554126,0.0945814,0.00746262,-0.0787861,-0.36192,0.115942,0.498713,-0.140384
1972,35.7169,0.394283,0,-0.267754,0.162938,0.437087,0.0807845,0.0165343,-0.131652,-0.267754,0.162938,0.393379,-0.0819224
1973,35.735,0.345674,0,-0.182308,0.188326,0.336073,0.0711983,0.0262701,-0.181561,-0.182308,0.188326,0.302466,-0.0428881
1974,35.7531,0.309886,0,-0.111062,0.188373,0.255064,0.0651679,0.0365769,-0.22866,-0.111062,0.188373,0.229558,-0.0198297
1975,35.7712,0.289692,0,-0.0539952,0.184951,0.195335,0.0621589,0.0475539,-0.273061,-0.0539952,0.184951,0.175802,-0.00738301
1976,35.7893,0.272256,0,-0.00786187,0.176695,0.136575,0.0617653,0.0594345,-0.314836,-0.00786187,0.176695,0.122918,-0.000751616
1977,35.8074,0.261019,0,0.0277176,0.174365,0.0849959,0.0637066,0.0725493,-0.354016,0.0277176,0.174365,0.0764963,0.00164912
1978,35.8255,0.248225,1,0.0559467,0.165657,0.0319896,0.0678204,0.0873067,-0.390583,0.0559467,0.165657,0.0287907,0.0012528
1979,35.8436,0.245423,1,0.0793823,0.166104,-0.00394807,0.0740542,0.104184,-0.424466,0.0793823,0.166104,-0.00355326,-0.000219385
1980,35.8618,0.242333,1,0.100231,0.166326,-0.0383284,0.0824584,0.123729,-0.455515,0.100231,0.166326,-0.0344955,-0.00268918
1981,35.8799,0.23935,1,0.115662,0.180178,-0.0708974,0.0931799,0.146561,-0.483486,0.115662,0.180178,-0.0638077,-0.0057401
1982,35.898,0.232029,1,0.13396,0.192832,-0.107525,0.106459,0.173378,-0.507996,0.13396,0.192832,-0.0967725,-0.0100828
1983,35.9161,0.227334,1,0.148828,0.214554,-0.135716,0.122625,0.204949,-0.52848,0.148828,0.214554,-0.122144,-0.0141388
1984,35.9342,0.226125,1,0.165356,0.227578,-0.153421,0.142093,0.242105,-0.54412,0.165356,0.227578,-0.138079,-0.0177583
1985,35.9523,0.227818,1,0.180494,0.250575,-0.161026,0.165357,0.28569,-0.553761,0.180494,0.250575,-0.144923,-0.020345
1986,35.9704,0.22806,1,0.200208,0.271173,-0.166295,0.19297,0.336482,-0.555803,0.200208,0.271173,-0.149665,-0.0233055
1987,35.9885,0.227257,1,0.21723,0.302308,-0.165627,0.225504,0.395026,-0.548083,0.21723,0.302308,-0.149065,-0.0251855
1988,36.0067,0.224063,1,0.24071,0.332638,-0.162359,0.263489,0.461367,-0.527766,0.24071,0.332638,-0.146123,-0.027357
1989,36.0248,0.223047,1,0.263378,0.370099,-0.144544,0.307285,0.534628,-0.491319,0.263378,0.370099,-0.130089,-0.0266488
1990,36.0429,0.221289,1,0.289465,0.400034,-0.122789,0.356896,0.612405,-0.434651,0.289465,0.400034,-0.11051,-0.0248803
1991,36.061,0.219805,1,0.313555,0.432774,-0.0907043,0.41169,0.690027,-0.353636,0.313555,0.432774,-0.0816339,-0.0199086
1992,36.0791,0.218287,1,0.343987,0.460811,-0.0512538,0.470033,0.759874,-0.245216,0.343987,0.460811,-0.0461284,-0.0123414
1993,36.0972,0.217935,1,0.369727,0.486219,-0.00189834,0.52891,0.811217,-0.109248,0.369727,0.486219,-0.00170851,-0.000491308
1994,36.1153,0.219893,1,0.39794,0.498954,0.0574574,0.58369,0.831349,0.04914,0.39794,0.498954,0.0517117,0.0160052
1995,36.1334,0.222425,1,0.418462,0.499549,0.123752,0.628322,0.808661,0.217704,0.418462,0.499549,0.111377,0.0362499
1996,36.1516,0.222716,1,0.4362,0.481564,0.190594,0.65622,0.737424,0.3775,0.4362,0.481564,0.171534,0.0581959
1997,36.1697,0.218333,1,0.442531,0.450103,0.251514,0.66187,0.622167,0.507039,0.442531,0.450103,0.226363,0.0779121
1998,36.1878,0.206592,1,0.443852,0.406216,0.300653,0.642635,0.478383,0.589302,0.443852,0.406216,0.270588,0.0934118
1999,36.2059,0.189517,1,0.434575,0.355647,0.335608,0.599858,0.327874,0.617849,0.434575,0.355647,0.302047,0.102093
2000,36.224,0.168027,1,0.420635,0.302163,0.356284,0.538575,0.191054,0.598037,0.420635,0.302163,0.320656,0.104906
