step,lt,err,locked,pred_x,pred_y,pred_z,true_x,true_y,true_z,drive_x,drive_y,drive_z,drive_xz
1,0.018112,0.0161446,1,-0.38723,-0.335877,0.218745,-0.380551,-0.340876,0.192055,-0.38723,-0.335877,0.19687,-0.0592932
2,0.036224,0.0252496,1,-0.372279,-0.316083,0.212481,-0.365144,-0.329011,0.171316,-0.372279,-0.316083,0.191233,-0.0553715
3,0.054336,0.0334508,1,-0.356915,-0.300392,0.202077,-0.35075,-0.321092,0.148314,-0.356915,-0.300392,0.181869,-0.0504869
4,0.072448,0.0395909,1,-0.341471,-0.286894,0.185541,-0.337889,-0.31698,0.124024,-0.341471,-0.286894,0.166987,-0.0443497
5,0.09056,0.0462021,1,-0.327445,-0.275926,0.16832,-0.326952,-0.316429,0.0993035,-0.327445,-0.275926,0.151488,-0.0385808
6,0.108672,0.0511042,1,-0.31363,-0.268831,0.147581,-0.318207,-0.31914,0.0748972,-0.31363,-0.268831,0.132823,-0.0324001
7,0.126784,0.0555075,1,-0.302055,-0.264345,0.125556,-0.311821,-0.324812,0.0514507,-0.302055,-0.264345,0.113001,-0.0265474
8,0.144896,0.0586267,1,-0.29134,-0.26331,0.101354,-0.307875,-0.333164,0.0295327,-0.29134,-0.26331,0.0912189,-0.02067
9,0.163008,0.0617175,1,-0.283018,-0.264973,0.0778109,-0.30639,-0.343942,0.0096576,-0.283018,-0.264973,0.0700298,-0.0154153
10,0.18112,0.0643425,1,-0.276211,-0.270307,0.0551551,-0.307336,-0.356916,-0.00769424,-0.276211,-0.270307,0.0496396,-0.0106641
11,0.199232,0.0673895,1,-0.272852,-0.277657,0.0355606,-0.310651,-0.371864,-0.0220614,-0.272852,-0.277657,0.0320046,-0.00679195
12,0.217344,0.0703752,1,-0.270976,-0.287976,0.0189153,-0.316241,-0.388547,-0.0329924,-0.270976,-0.287976,0.0170238,-0.00358792
13,0.235456,0.0736842,1,-0.272012,-0.299501,0.00576452,-0.323983,-0.406685,-0.0400451,-0.272012,-0.299501,0.00518807,-0.00109761
14,0.253568,0.0767592,1,-0.274462,-0.313119,-0.00484736,-0.333719,-0.425922,-0.0427955,-0.274462,-0.313119,-0.00436262,0.000931291
15,0.27168,0.0797417,1,-0.279984,-0.327906,-0.0105272,-0.345244,-0.445793,-0.0408582,-0.279984,-0.327906,-0.00947449,0.00206322
16,0.289792,0.0819166,1,-0.287001,-0.344689,-0.0138366,-0.358295,-0.465704,-0.0339222,-0.287001,-0.344689,-0.012453,0.00277978
17,0.307904,0.0832448,1,-0.296872,-0.36254,-0.0122542,-0.372536,-0.484904,-0.0218006,-0.296872,-0.36254,-0.0110288,0.00254655
18,0.326016,0.0841129,1,-0.307519,-0.380777,-0.00715916,-0.38754,-0.502492,-0.00449565,-0.307519,-0.380777,-0.00644324,0.0015411
19,0.344128,0.0841022,1,-0.320126,-0.398394,0.00306165,-0.402781,-0.517442,0.0177282,-0.320126,-0.398394,0.00275548,-0.000686079
20,0.36224,0.0833518,1,-0.332835,-0.415087,0.0168701,-0.417637,-0.528667,0.0442726,-0.332835,-0.415087,0.0151831,-0.00393048
21,0.380352,0.0813849,1,-0.346456,-0.429158,0.036388,-0.431403,-0.535121,0.0741549,-0.346456,-0.429158,0.0327492,-0.00882479
22,0.398464,0.0784876,1,-0.359291,-0.439701,0.0595599,-0.443326,-0.535942,0.105999,-0.359291,-0.439701,0.0536039,-0.0149795
23,0.416576,0.0741475,1,-0.371803,-0.445117,0.0866444,-0.452665,-0.530603,0.138093,-0.371803,-0.445117,0.07798,-0.0225503
24,0.434688,0.0688233,1,-0.381861,-0.445086,0.115361,-0.458758,-0.519053,0.168517,-0.381861,-0.445086,0.103825,-0.0308363
25,0.4528,0.0621443,1,-0.390098,-0.438583,0.144867,-0.461107,-0.501795,0.195342,-0.390098,-0.438583,0.13038,-0.0395586
26,0.470912,0.0544859,1,-0.394928,-0.427181,0.172514,-0.459446,-0.47988,0.216858,-0.394928,-0.427181,0.155263,-0.0476916
27,0.489024,0.0464346,1,-0.396892,-0.410324,0.196379,-0.453791,-0.45479,0.231787,-0.396892,-0.410324,0.176741,-0.0545587
28,0.507136,0.0395823,1,-0.394223,-0.389753,0.213046,-0.444451,-0.428247,0.23942,-0.394223,-0.389753,0.191741,-0.0587914
29,0.525248,0.0337002,1,-0.388507,-0.366307,0.224064,-0.431994,-0.401981,0.239665,-0.388507,-0.366307,0.201658,-0.0609354
30,0.54336,0.03017,1,-0.378865,-0.342469,0.227153,-0.417181,-0.377522,0.232975,-0.378865,-0.342469,0.204438,-0.0602423
31,0.561472,0.0289268,1,-0.367246,-0.319167,0.224462,-0.400886,-0.356054,0.220215,-0.367246,-0.319167,0.202016,-0.0577031
32,0.579584,0.0300904,1,-0.353013,-0.298294,0.214789,-0.383997,-0.338359,0.202498,-0.353013,-0.298294,0.19331,-0.0530762
33,0.597696,0.033022,1,-0.33847,-0.279967,0.201626,-0.367349,-0.324829,0.181019,-0.33847,-0.279967,0.181464,-0.0477711
34,0.615808,0.0363779,1,-0.323313,-0.266003,0.183631,-0.351665,-0.315543,0.156948,-0.323313,-0.266003,0.165268,-0.0415593
35,0.63392,0.040267,1,-0.30944,-0.255865,0.164612,-0.337527,-0.310353,0.131347,-0.30944,-0.255865,0.14815,-0.0356561
36,0.652032,0.0438486,1,-0.296255,-0.250052,0.143198,-0.325373,-0.30898,0.105149,-0.296255,-0.250052,0.128878,-0.0296962
37,0.670144,0.0475908,1,-0.285395,-0.247049,0.12142,-0.315505,-0.31109,0.0791492,-0.285395,-0.247049,0.109278,-0.0242569
38,0.688256,0.0511609,1,-0.275454,-0.246963,0.0984393,-0.308108,-0.316345,0.0540298,-0.275454,-0.246963,0.0885954,-0.0189808
39,0.706368,0.0545938,1,-0.268014,-0.249207,0.075536,-0.303274,-0.324435,0.0303825,-0.268014,-0.249207,0.0679824,-0.0141713
40,0.72448,0.0573875,1,-0.261902,-0.254873,0.052487,-0.301027,-0.335092,0.00873686,-0.261902,-0.254873,0.0472383,-0.00962252
41,0.742592,0.0598665,1,-0.258818,-0.263158,0.0312004,-0.301341,-0.348081,-0.0104156,-0.258818,-0.263158,0.0280804,-0.00565267
42,0.760704,0.0617185,1,-0.257582,-0.274926,0.011717,-0.304154,-0.363189,-0.0266018,-0.257582,-0.274926,0.0105453,-0.00211266
43,0.778816,0.0635752,1,-0.259445,-0.288571,-0.0041894,-0.309377,-0.380199,-0.0393543,-0.259445,-0.288571,-0.00377046,0.000760845
44,0.796928,0.0653568,1,-0.262831,-0.304477,-0.0168453,-0.316896,-0.398859,-0.0482066,-0.262831,-0.304477,-0.0151608,0.00309923
45,0.81504,0.0667703,1,-0.269416,-0.322206,-0.0249743,-0.326564,-0.418852,-0.0526975,-0.269416,-0.322206,-0.0224769,0.00470995
46,0.833152,0.0676027,1,-0.277844,-0.342053,-0.0295302,-0.338197,-0.439754,-0.052388,-0.277844,-0.342053,-0.0265772,0.00574334
47,0.851264,0.0679425,1,-0.289309,-0.362844,-0.028476,-0.351552,-0.461003,-0.0468933,-0.289309,-0.362844,-0.0256284,0.00576684
48,0.869376,0.0679675,1,-0.301884,-0.384168,-0.0232091,-0.366314,-0.48187,-0.0359314,-0.301884,-0.384168,-0.0208882,0.00490453
49,0.887488,0.0676975,1,-0.31643,-0.404582,-0.0118958,-0.382077,-0.501448,-0.0193906,-0.31643,-0.404582,-0.0107062,0.00263492
50,0.9056,0.0669003,1,-0.33138,-0.424117,0.0049079,-0.398328,-0.518666,0.00258993,-0.33138,-0.424117,0.00441711,-0.00113847
51,0.923712,0.0657084,1,-0.347309,-0.440456,0.0278293,-0.414441,-0.532343,0.0295332,-0.347309,-0.440456,0.0250464,-0.00676576
52,0.941824,0.0641913,1,-0.362468,-0.452882,0.055173,-0.429686,-0.541282,0.0605513,-0.362468,-0.452882,0.0496557,-0.0139989
53,0.959936,0.0625685,1,-0.376877,-0.45908,0.0868853,-0.443259,-0.544419,0.0943089,-0.376877,-0.45908,0.0781968,-0.0229215
54,0.978048,0.0612277,1,-0.388346,-0.458472,0.12004,-0.454334,-0.541,0.129053,-0.388346,-0.458472,0.108036,-0.032632
55,0.99616,0.0596836,1,-0.39763,-0.450454,0.153935,-0.462142,-0.530749,0.16273,-0.39763,-0.450454,0.138541,-0.0428464
56,1.01427,0.0577513,1,-0.40319,-0.436531,0.185974,-0.466057,-0.514,0.19318,-0.40319,-0.436531,0.167377,-0.0524881
57,1.03238,0.0562916,1,-0.404798,-0.415779,0.212807,-0.46569,-0.49172,0.218403,-0.404798,-0.415779,0.191526,-0.0603006
58,1.0505,0.0552409,1,-0.401147,-0.390952,0.231185,-0.460949,-0.465428,0.236813,-0.401147,-0.390952,0.208066,-0.0649175
59,1.06861,0.0543505,1,-0.39392,-0.363112,0.242633,-0.452071,-0.436985,0.247431,-0.39392,-0.363112,0.21837,-0.0669045
60,1.08672,0.0537631,1,-0.382351,-0.335059,0.245081,-0.439599,-0.408341,0.249973,-0.382351,-0.335059,0.220573,-0.0655949
61,1.10483,0.0532536,1,-0.368397,-0.308031,0.240736,-0.424318,-0.381271,0.244806,-0.368397,-0.308031,0.216662,-0.0620805
62,1.12294,0.0529028,1,-0.35174,-0.284375,0.228032,-0.407162,-0.357189,0.232801,-0.35174,-0.284375,0.205229,-0.0561456
63,1.14106,0.0525988,1,-0.334698,-0.264089,0.21121,-0.389109,-0.337053,0.215145,-0.334698,-0.264089,0.190089,-0.049484
64,1.15917,0.0520422,1,-0.317352,-0.249091,0.189573,-0.371092,-0.321371,0.193153,-0.317352,-0.249091,0.170616,-0.042113
65,1.17728,0.0511893,1,-0.301418,-0.238838,0.166963,-0.353927,-0.310271,0.168119,-0.301418,-0.238838,0.150267,-0.035228
66,1.19539,0.0503029,1,-0.286667,-0.23342,0.142268,-0.33828,-0.303606,0.14122,-0.286667,-0.23342,0.128041,-0.0285485
67,1.2135,0.0497565,1,-0.2746,-0.231024,0.117409,-0.324654,-0.301069,0.113482,-0.2746,-0.231024,0.105668,-0.0225684
68,1.23162,0.0499195,1,-0.263734,-0.231713,0.0912279,-0.313394,-0.302282,0.085771,-0.263734,-0.231713,0.0821051,-0.0168419
69,1.24973,0.0504466,1,-0.255618,-0.234893,0.0654985,-0.304717,-0.30686,0.058816,-0.255618,-0.234893,0.0589487,-0.0117198
70,1.26784,0.050973,1,-0.249223,-0.241644,0.0397314,-0.29873,-0.314457,0.0332381,-0.249223,-0.241644,0.0357583,-0.00693138
71,1.28595,0.0512195,1,-0.246124,-0.251338,0.016125,-0.295464,-0.324776,0.00958431,-0.246124,-0.251338,0.0145125,-0.00277812
72,1.30406,0.051111,1,-0.245201,-0.264606,-0.00505614,-0.294896,-0.337572,-0.0116436,-0.245201,-0.264606,-0.00455052,0.00086784
73,1.32218,0.0512238,1,-0.247391,-0.279482,-0.0220778,-0.296966,-0.352638,-0.0299645,-0.247391,-0.279482,-0.0198701,0.0038233
74,1.34029,0.051333,1,-0.251368,-0.296944,-0.036045,-0.301589,-0.369777,-0.0449002,-0.251368,-0.296944,-0.0324405,0.0063424
75,1.3584,0.0511307,1,-0.2589,-0.316355,-0.0448924,-0.308658,-0.388774,-0.0559659,-0.2589,-0.316355,-0.0404032,0.00813584
76,1.37651,0.0507415,1,-0.268464,-0.337962,-0.049685,-0.318043,-0.409358,-0.0626691,-0.268464,-0.337962,-0.0447165,0.00933704
77,1.39462,0.0502667,1,-0.281021,-0.360587,-0.0489777,-0.329578,-0.431162,-0.0645208,-0.281021,-0.360587,-0.0440799,0.00963464
78,1.41274,0.0498079,1,-0.294825,-0.384213,-0.0439994,-0.343051,-0.45368,-0.0610621,-0.294825,-0.384213,-0.0395995,0.00908049
79,1.43085,0.0495539,1,-0.310953,-0.407311,-0.0322507,-0.358178,-0.476232,-0.0519079,-0.310953,-0.407311,-0.0290256,0.00701991
80,1.44896,0.0495899,1,-0.327607,-0.429523,-0.0146863,-0.374587,-0.497939,-0.0368129,-0.327607,-0.429523,-0.0132177,0.00336794
81,1.46707,0.0501828,1,-0.345447,-0.448761,0.00978341,-0.391793,-0.517715,-0.015757,-0.345447,-0.448761,0.00880507,-0.00236575
82,1.48518,0.0510646,1,-0.362911,-0.464561,0.0395298,-0.409187,-0.534309,0.010955,-0.362911,-0.464561,0.0355768,-0.010042
83,1.5033,0.0530878,1,-0.379668,-0.473671,0.0745113,-0.426032,-0.546381,0.0425962,-0.379668,-0.473671,0.0670602,-0.0198027
84,1.52141,0.0560836,1,-0.393595,-0.475518,0.11249,-0.441487,-0.55265,0.0779466,-0.393595,-0.475518,0.101241,-0.030993
85,1.53952,0.060095,1,-0.40484,-0.468115,0.151395,-0.454648,-0.552076,0.115284,-0.40484,-0.468115,0.136256,-0.0429037
86,1.55763,0.0639787,1,-0.41202,-0.45352,0.188677,-0.464629,-0.544079,0.152465,-0.41202,-0.45352,0.16981,-0.0544172
87,1.57574,0.0677171,1,-0.415138,-0.431144,0.221102,-0.470654,-0.528712,0.187114,-0.415138,-0.431144,0.198991,-0.0642514
88,1.59386,0.07068,1,-0.412205,-0.403561,0.244123,-0.472168,-0.50676,0.216898,-0.412205,-0.403561,0.21971,-0.07044
89,1.61197,0.0731443,1,-0.40487,-0.372076,0.258984,-0.468923,-0.47969,0.239837,-0.40487,-0.372076,0.233086,-0.0733984
90,1.63008,0.0748477,1,-0.392526,-0.33978,0.263619,-0.461031,-0.449469,0.254571,-0.392526,-0.33978,0.237257,-0.072434
91,1.64819,0.075754,1,-0.37717,-0.308454,0.260103,-0.448969,-0.418275,0.260512,-0.37717,-0.308454,0.234093,-0.0686722
92,1.6663,0.0759268,1,-0.358553,-0.280698,0.246798,-0.433512,-0.388187,0.257841,-0.358553,-0.280698,0.222118,-0.0619431
93,1.68442,0.075336,1,-0.339162,-0.256909,0.228479,-0.415646,-0.360926,0.24738,-0.339162,-0.256909,0.205631,-0.0542438
94,1.70253,0.07367,1,-0.319395,-0.23928,0.204734,-0.396441,-0.33771,0.23037,-0.319395,-0.23928,0.184261,-0.0457738
95,1.72064,0.0708649,1,-0.301081,-0.227163,0.179374,-0.376946,-0.31923,0.208251,-0.301081,-0.227163,0.161437,-0.0378044
96,1.73875,0.067514,1,-0.28407,-0.220577,0.1517,-0.358099,-0.305709,0.182469,-0.28407,-0.220577,0.13653,-0.0301653
97,1.75686,0.0638128,1,-0.270101,-0.217506,0.124165,-0.340675,-0.297031,0.154352,-0.270101,-0.217506,0.111749,-0.023476
98,1.77498,0.060775,1,-0.257654,-0.21788,0.0952678,-0.325264,-0.292865,0.125049,-0.257654,-0.21788,0.085741,-0.0171823
99,1.79309,0.0580353,1,-0.248079,-0.220998,0.0667255,-0.312281,-0.292782,0.0955237,-0.248079,-0.220998,0.0600529,-0.0115872
100,1.8112,0.0556013,1,-0.240565,-0.227791,0.038232,-0.301984,-0.296341,0.0665694,-0.240565,-0.227791,0.0344088,-0.00643808
101,1.82931,0.0529584,1,-0.236439,-0.237314,0.0122273,-0.294508,-0.30314,0.0388491,-0.236439,-0.237314,0.0110046,-0.00202371
102,1.84742,0.0501915,1,-0.234615,-0.250415,-0.0116515,-0.289896,-0.312843,0.0129325,-0.234615,-0.250415,-0.0104863,0.00191352
103,1.86554,0.0474322,1,-0.235907,-0.265262,-0.0314576,-0.288128,-0.32518,-0.010668,-0.235907,-0.265262,-0.0283119,0.00519476
104,1.88365,0.0447766,1,-0.239321,-0.282867,-0.0480377,-0.289148,-0.339941,-0.031467,-0.239321,-0.282867,-0.0432339,0.00804749
105,1.90176,0.0418164,1,-0.246457,-0.302336,-0.059442,-0.292871,-0.356945,-0.0489822,-0.246457,-0.302336,-0.0534978,0.0102549
106,1.91987,0.0389513,1,-0.255826,-0.324512,-0.0669681,-0.299198,-0.376014,-0.0627197,-0.255826,-0.324512,-0.0602713,0.0119925
107,1.93798,0.0363944,1,-0.268263,-0.348101,-0.069133,-0.308011,-0.396933,-0.0721661,-0.268263,-0.348101,-0.0622197,0.0129821
108,1.9561,0.0346827,1,-0.28219,-0.373095,-0.0669653,-0.31917,-0.419404,-0.0767927,-0.28219,-0.373095,-0.0602688,0.0132279
109,1.97421,0.0337372,1,-0.298926,-0.39854,-0.0584441,-0.332492,-0.443005,-0.0760735,-0.298926,-0.39854,-0.0525997,0.0122293
110,1.99232,0.0343093,1,-0.31637,-0.4241,-0.0431549,-0.347738,-0.467138,-0.069521,-0.31637,-0.4241,-0.0388394,0.00955704
111,2.01043,0.0368579,1,-0.33557,-0.44749,-0.020122,-0.364583,-0.490992,-0.0567457,-0.33557,-0.44749,-0.0181098,0.00472663
112,2.02854,0.0409395,1,-0.354876,-0.467804,0.00904486,-0.382592,-0.513519,-0.0375396,-0.354876,-0.467804,0.00814038,-0.00224687
113,2.04666,0.0463449,1,-0.37453,-0.483132,0.0445965,-0.401196,-0.533442,-0.0119837,-0.37453,-0.483132,0.0401368,-0.0116919
114,2.06477,0.0530838,1,-0.391891,-0.491329,0.0851514,-0.419683,-0.549315,0.0194333,-0.391891,-0.491329,0.0766362,-0.023359
115,2.08288,0.0609493,1,-0.406892,-0.489659,0.128704,-0.437199,-0.559641,0.055707,-0.406892,-0.489659,0.115833,-0.0366579
116,2.10099,0.0690942,1,-0.417328,-0.478346,0.171988,-0.452783,-0.563065,0.0952557,-0.417328,-0.478346,0.154789,-0.0502427
117,2.1191,0.0767972,1,-0.424168,-0.45801,0.212563,-0.465435,-0.55861,0.135947,-0.424168,-0.45801,0.191307,-0.0631138
118,2.13722,0.0828072,1,-0.424715,-0.430533,0.24457,-0.474215,-0.545922,0.175242,-0.424715,-0.430533,0.220113,-0.072711
119,2.15533,0.0876958,1,-0.419891,-0.397322,0.267386,-0.478361,-0.525438,0.210473,-0.419891,-0.397322,0.240648,-0.0785911
120,2.17344,0.0913377,1,-0.409052,-0.361409,0.278937,-0.477406,-0.498432,0.239187,-0.409052,-0.361409,0.251043,-0.0798699
121,2.19155,0.0940786,1,-0.394094,-0.324993,0.281062,-0.47127,-0.466878,0.259503,-0.394094,-0.324993,0.252956,-0.0775352
122,2.20966,0.0954858,1,-0.374924,-0.291507,0.271607,-0.460285,-0.433156,0.27036,-0.374924,-0.291507,0.244446,-0.0712823
123,2.22778,0.0958454,1,-0.353895,-0.262066,0.254671,-0.445169,-0.399693,0.271605,-0.353895,-0.262066,0.229204,-0.0630889
124,2.24589,0.0948539,1,-0.331646,-0.238871,0.231016,-0.426922,-0.368615,0.263893,-0.331646,-0.238871,0.207915,-0.0536309
125,2.264,0.092137,1,-0.310532,-0.222057,0.204328,-0.406702,-0.341517,0.248466,-0.310532,-0.222057,0.183895,-0.0444152
126,2.28211,0.0883489,1,-0.290282,-0.211842,0.174445,-0.385689,-0.31938,0.22688,-0.290282,-0.211842,0.157,-0.0354467
127,2.30022,0.0834047,1,-0.273179,-0.206117,0.144799,-0.364973,-0.30261,0.200761,-0.273179,-0.206117,0.130319,-0.0276892
128,2.31834,0.0785027,1,-0.258146,-0.204656,0.113515,-0.345475,-0.291168,0.171631,-0.258146,-0.204656,0.102164,-0.0205125
129,2.33645,0.0735715,1,-0.24613,-0.20639,0.0823815,-0.327911,-0.284722,0.140814,-0.24613,-0.20639,0.0741433,-0.0141936
130,2.35456,0.0691095,1,-0.23618,-0.211792,0.0509457,-0.312793,-0.282792,0.109407,-0.23618,-0.211792,0.0458511,-0.00842266
131,2.37267,0.0642424,1,-0.229819,-0.219935,0.0219406,-0.300448,-0.284866,0.0783034,-0.229819,-0.219935,0.0197465,-0.00352965
132,2.39078,0.0593567,1,-0.225965,-0.231722,-0.00545925,-0.291054,-0.290465,0.0482271,-0.225965,-0.231722,-0.00491332,0.000863518
133,2.4089,0.0542728,1,-0.225309,-0.245374,-0.0293704,-0.284676,-0.299191,0.0197821,-0.225309,-0.245374,-0.0264334,0.00463219
134,2.42701,0.0492982,1,-0.226799,-0.261674,-0.0502516,-0.281303,-0.31073,-0.00650443,-0.226799,-0.261674,-0.0452264,0.0079779
135,2.44512,0.043605,1,-0.231913,-0.280057,-0.0662027,-0.280878,-0.32485,-0.0301449,-0.231913,-0.280057,-0.0595824,0.0107473
136,2.46323,0.0379379,1,-0.239518,-0.301077,-0.0785056,-0.283317,-0.341377,-0.0506608,-0.239518,-0.301077,-0.070655,0.0131624
137,2.48134,0.0318313,1,-0.250599,-0.324389,-0.0854941,-0.288524,-0.360163,-0.0675605,-0.250599,-0.324389,-0.0769447,0.0149973
138,2.49946,0.0265733,1,-0.263501,-0.349883,-0.0884074,-0.296392,-0.381049,-0.0803251,-0.263501,-0.349883,-0.0795666,0.0163068
139,2.51757,0.0223866,1,-0.279466,-0.376513,-0.0851422,-0.3068,-0.40382,-0.0884036,-0.279466,-0.376513,-0.076628,0.016656
140,2.53568,0.0208748,1,-0.296926,-0.404125,-0.0765395,-0.319601,-0.428158,-0.0912206,-0.296926,-0.404125,-0.0688856,0.0159086
141,2.55379,0.0236561,1,-0.316232,-0.430936,-0.0594195,-0.334604,-0.453584,-0.0882004,-0.316232,-0.430936,-0.0534776,0.0131532
142,2.5719,0.0298868,1,-0.336181,-0.456732,-0.0348886,-0.351546,-0.479406,-0.078814,-0.336181,-0.456732,-0.0313997,0.00821021
143,2.59002,0.0384405,1,-0.35759,-0.478705,-0.00262872,-0.370063,-0.504677,-0.0626531,-0.35759,-0.478705,-0.00236585,0.000658003
144,2.60813,0.0476596,1,-0.378422,-0.496086,0.0356884,-0.389658,-0.528172,-0.0395347,-0.378422,-0.496086,0.0321196,-0.00945369
145,2.62624,0.0580434,1,-0.398001,-0.505107,0.0803435,-0.409679,-0.548409,-0.00963259,-0.398001,-0.505107,0.0723091,-0.0223837
146,2.64435,0.0684586,1,-0.413991,-0.504438,0.127919,-0.429304,-0.563731,0.0263823,-0.413991,-0.504438,0.115127,-0.03707
147,2.66246,0.0791387,1,-0.426238,-0.491993,0.176113,-0.447557,-0.572473,0.0672215,-0.426238,-0.491993,0.158502,-0.0525462
148,2.68058,0.088673,1,-0.433143,-0.470234,0.220809,-0.463353,-0.573201,0.110928,-0.433143,-0.470234,0.198728,-0.0669494
149,2.69869,0.0962945,1,-0.434515,-0.439487,0.256804,-0.475592,-0.565009,0.154947,-0.434515,-0.439487,0.231124,-0.0781097
150,2.7168,0.10173,1,-0.428774,-0.403333,0.281256,-0.483275,-0.547782,0.19634,-0.428774,-0.403333,0.253131,-0.0844169
151,2.73491,0.106307,1,-0.417501,-0.363296,0.295046,-0.485656,-0.522365,0.232153,-0.417501,-0.363296,0.265542,-0.0862275
152,2.75302,0.109497,1,-0.400536,-0.323416,0.296506,-0.482364,-0.490534,0.259844,-0.400536,-0.323416,0.266855,-0.0831329
153,2.77114,0.111382,1,-0.380072,-0.28622,0.28695,-0.473489,-0.454758,0.277662,-0.380072,-0.28622,0.258255,-0.0763431
154,2.78925,0.112006,1,-0.356366,-0.254496,0.267189,-0.459586,-0.417803,0.284874,-0.356366,-0.254496,0.24047,-0.066652
155,2.80736,0.11093,1,-0.332579,-0.229151,0.242057,-0.441604,-0.382295,0.281763,-0.332579,-0.229151,0.217851,-0.0563521
156,2.82547,0.108114,1,-0.308852,-0.211545,0.212223,-0.420752,-0.350364,0.269438,-0.308852,-0.211545,0.191,-0.0458818
157,2.84358,0.103642,1,-0.28728,-0.200352,0.180697,-0.398345,-0.323449,0.249519,-0.28728,-0.200352,0.162627,-0.0363374
158,2.8617,0.0983426,1,-0.268019,-0.194504,0.147594,-0.375654,-0.302285,0.223829,-0.268019,-0.194504,0.132835,-0.0276907
159,2.87981,0.0922524,1,-0.252296,-0.192727,0.114507,-0.353792,-0.28701,0.194135,-0.252296,-0.192727,0.103056,-0.0202227
160,2.89792,0.0863879,1,-0.238815,-0.195255,0.0804257,-0.333656,-0.277345,0.162004,-0.238815,-0.195255,0.0723832,-0.0134448
161,2.91603,0.0804862,1,-0.228608,-0.20072,0.0473631,-0.315904,-0.272775,0.128737,-0.228608,-0.20072,0.0426268,-0.00757931
162,2.93414,0.07432,1,-0.221209,-0.209808,0.0163004,-0.300972,-0.272701,0.0953744,-0.221209,-0.209808,0.0146703,-0.00252405
163,2.95226,0.0677884,1,-0.217576,-0.22129,-0.0121941,-0.289108,-0.276548,0.0627427,-0.217576,-0.22129,-0.0109747,0.0018572
164,2.97037,0.0616171,1,-0.215998,-0.235647,-0.038635,-0.28042,-0.283818,0.0315034,-0.215998,-0.235647,-0.0347715,0.00584155
165,2.98848,0.054809,1,-0.21784,-0.251541,-0.0605702,-0.274914,-0.294124,0.00220985,-0.21784,-0.251541,-0.0545132,0.00923621
166,3.00659,0.047843,1,-0.222192,-0.270359,-0.0792016,-0.272535,-0.307184,-0.0246459,-0.222192,-0.270359,-0.0712815,0.0123186
167,3.0247,0.0397811,1,-0.230299,-0.291428,-0.0924454,-0.273197,-0.322804,-0.0485945,-0.230299,-0.291428,-0.0832008,0.014903
168,3.04282,0.0318832,1,-0.24058,-0.315332,-0.102121,-0.2768,-0.340852,-0.0691597,-0.24058,-0.315332,-0.0919087,0.0171977
169,3.06093,0.0233594,1,-0.254271,-0.341372,-0.105936,-0.28324,-0.361217,-0.0858358,-0.254271,-0.341372,-0.095342,0.0188554
170,3.07904,0.0159109,1,-0.269983,-0.369472,-0.105292,-0.292411,-0.383767,-0.0980741,-0.269983,-0.369472,-0.0947627,0.0198989
171,3.09715,0.0116905,1,-0.288465,-0.398033,-0.0977221,-0.304196,-0.4083,-0.105279,-0.288465,-0.398033,-0.0879499,0.0197326
172,3.11526,0.0153677,1,-0.307859,-0.427021,-0.0835687,-0.318454,-0.434486,-0.106818,-0.307859,-0.427021,-0.0752118,0.0180092
173,3.13338,0.0249425,1,-0.329159,-0.454828,-0.0598159,-0.334989,-0.461804,-0.10205,-0.329159,-0.454828,-0.0538343,0.0137822
174,3.15149,0.036053,1,-0.351075,-0.480857,-0.0285842,-0.353527,-0.489484,-0.0903825,-0.351075,-0.480857,-0.0257257,0.00702464
175,3.1696,0.0481094,1,-0.374174,-0.501598,0.0106332,-0.373673,-0.516451,-0.0713589,-0.374174,-0.501598,0.00956984,-0.00278505
176,3.18771,0.0600306,1,-0.39569,-0.515801,0.05601,-0.394882,-0.541308,-0.0447856,-0.39569,-0.515801,0.050409,-0.0155138
177,3.20582,0.072327,1,-0.414991,-0.519449,0.106799,-0.416423,-0.562355,-0.0108897,-0.414991,-0.519449,0.0961188,-0.0310243
178,3.22394,0.0840819,1,-0.42967,-0.511673,0.159087,-0.43737,-0.577706,0.0295126,-0.42967,-0.511673,0.143178,-0.0478484
179,3.24205,0.0954695,1,-0.439802,-0.491635,0.209978,-0.45662,-0.585488,0.0748775,-0.439802,-0.491635,0.18898,-0.064644
180,3.26016,0.10455,1,-0.443624,-0.462232,0.253535,-0.472956,-0.584145,0.122887,-0.443624,-0.462232,0.228182,-0.0787321
181,3.27827,0.111315,1,-0.440819,-0.424583,0.285627,-0.485157,-0.572789,0.170554,-0.440819,-0.424583,0.257065,-0.0881371
182,3.29638,0.116267,1,-0.430536,-0.382412,0.304876,-0.492148,-0.55151,0.214523,-0.430536,-0.382412,0.274389,-0.0918822
183,3.3145,0.120341,1,-0.414736,-0.338276,0.312447,-0.493173,-0.521529,0.251521,-0.414736,-0.338276,0.281203,-0.0907083
184,3.33261,0.122735,1,-0.393587,-0.296539,0.305936,-0.487934,-0.485108,0.278876,-0.393587,-0.296539,0.275342,-0.0842888
185,3.35072,0.123955,1,-0.369362,-0.259359,0.288524,-0.476669,-0.445206,0.294931,-0.369362,-0.259359,0.259671,-0.0745989
186,3.36883,0.123561,1,-0.342998,-0.229636,0.262679,-0.460137,-0.404976,0.299244,-0.342998,-0.229636,0.236411,-0.0630688
187,3.38694,0.121153,1,-0.317399,-0.207484,0.232506,-0.439505,-0.367249,0.292502,-0.317399,-0.207484,0.209255,-0.0516579
188,3.40506,0.117013,1,-0.29261,-0.193447,0.198755,-0.416183,-0.334172,0.27623,-0.29261,-0.193447,0.17888,-0.0407105
189,3.42317,0.111376,1,-0.271038,-0.184999,0.164235,-0.391638,-0.30705,0.252399,-0.271038,-0.184999,0.147811,-0.0311596
190,3.44128,0.104765,1,-0.252577,-0.182059,0.128752,-0.367228,-0.286396,0.223071,-0.252577,-0.182059,0.115877,-0.0227639
191,3.45939,0.0978787,1,-0.237498,-0.18293,0.0930713,-0.344101,-0.27211,0.190145,-0.237498,-0.18293,0.0837642,-0.015473
192,3.4775,0.0913425,1,-0.224819,-0.187926,0.0571346,-0.323136,-0.2637,0.155228,-0.224819,-0.187926,0.0514211,-0.00899145
193,3.49562,0.0841654,1,-0.216067,-0.195656,0.0239532,-0.304944,-0.26049,0.119603,-0.216067,-0.195656,0.0215579,-0.00362285
194,3.51373,0.0770318,1,-0.210281,-0.206839,-0.00762885,-0.2899,-0.261775,0.0842658,-0.210281,-0.206839,-0.00686597,0.00112294
195,3.53184,0.0696384,1,-0.207979,-0.219979,-0.0361311,-0.278186,-0.266923,0.0499841,-0.207979,-0.219979,-0.032518,0.00526014
196,3.54995,0.0625558,1,-0.207877,-0.235419,-0.0620007,-0.269848,-0.27542,0.0173665,-0.207877,-0.235419,-0.0558007,0.00902197
197,3.56806,0.0546603,1,-0.211338,-0.252951,-0.0834216,-0.264846,-0.28689,-0.0130774,-0.211338,-0.252951,-0.0750794,0.0123411
198,3.58618,0.0464102,1,-0.217437,-0.273482,-0.101021,-0.263087,-0.30108,-0.0408871,-0.217437,-0.273482,-0.0909193,0.0153761
199,3.60429,0.0372689,1,-0.227055,-0.296258,-0.11359,-0.264461,-0.317837,-0.0656109,-0.227055,-0.296258,-0.102231,0.0180537
200,3.6224,0.0279862,1,-0.23898,-0.322108,-0.121891,-0.268857,-0.337073,-0.086776,-0.23898,-0.322108,-0.109702,0.0203906
201,3.64051,0.017975,1,-0.254552,-0.350308,-0.124629,-0.27617,-0.358723,-0.103865,-0.254552,-0.350308,-0.112166,0.0222072
202,3.65862,0.00907801,1,-0.27198,-0.380339,-0.122347,-0.286302,-0.382696,-0.1163,-0.27198,-0.380339,-0.110113,0.0232932
203,3.67674,0.0077333,1,-0.291808,-0.410214,-0.112322,-0.299147,-0.408824,-0.123441,-0.291808,-0.410214,-0.10109,0.0229436
204,3.69485,0.0173606,1,-0.31267,-0.44067,-0.0948316,-0.314579,-0.436794,-0.124589,-0.31267,-0.44067,-0.0853485,0.0207557
205,3.71296,0.0298788,1,-0.335439,-0.469755,-0.0674893,-0.332417,-0.46608,-0.119022,-0.335439,-0.469755,-0.0607403,0.015847
206,3.73107,0.042891,1,-0.359037,-0.496625,-0.0320628,-0.352392,-0.495869,-0.106051,-0.359037,-0.496625,-0.0288565,0.00805821
207,3.74918,0.0563439,1,-0.383724,-0.518054,0.0117449,-0.374104,-0.524998,-0.0851218,-0.383724,-0.518054,0.0105704,-0.00315475
208,3.7673,0.0693134,1,-0.406401,-0.531751,0.062011,-0.396981,-0.551918,-0.0559617,-0.406401,-0.531751,0.0558099,-0.017641
209,3.78541,0.0821835,1,-0.426278,-0.533222,0.117265,-0.420235,-0.574721,-0.0187637,-0.426278,-0.533222,0.105538,-0.0349911
210,3.80352,0.0944119,1,-0.441085,-0.522271,0.173858,-0.442854,-0.591259,0.0256068,-0.441085,-0.522271,0.156472,-0.0536803
211,3.82163,0.106093,1,-0.450598,-0.497901,0.228082,-0.463614,-0.599381,0.07544,-0.450598,-0.497901,0.205274,-0.0719414
212,3.83974,0.114947,1,-0.453036,-0.463477,0.272821,-0.481149,-0.597299,0.128117,-0.453036,-0.463477,0.245539,-0.0865182
213,3.85786,0.121289,1,-0.448189,-0.42105,0.304617,-0.494085,-0.584008,0.180233,-0.448189,-0.42105,0.274155,-0.0955681
214,3.87597,0.125927,1,-0.435499,-0.37439,0.322446,-0.50122,-0.559662,0.227959,-0.435499,-0.37439,0.290201,-0.0982975
215,3.89408,0.129532,1,-0.417047,-0.326686,0.327086,-0.50172,-0.525752,0.267599,-0.417047,-0.326686,0.294378,-0.0954872
216,3.91219,0.13144,1,-0.393176,-0.282543,0.316789,-0.495292,-0.484974,0.296206,-0.393176,-0.282543,0.28511,-0.0871877
217,3.9303,0.13216,1,-0.36631,-0.244129,0.295407,-0.482263,-0.44079,0.312074,-0.36631,-0.244129,0.265866,-0.0757474
218,3.94842,0.13112,1,-0.33758,-0.2143,0.265907,-0.463553,-0.396797,0.314926,-0.33758,-0.2143,0.239316,-0.0628354
219,3.96653,0.127914,1,-0.310174,-0.192796,0.232176,-0.44053,-0.356128,0.305772,-0.310174,-0.192796,0.208958,-0.0504105
220,3.98464,0.122851,1,-0.283993,-0.179916,0.19569,-0.414805,-0.321042,0.286515,-0.283993,-0.179916,0.176121,-0.0389023
221,4.00275,0.116351,1,-0.261711,-0.172432,0.158608,-0.388012,-0.292796,0.259471,-0.261711,-0.172432,0.142747,-0.0290567
222,4.02086,0.108949,1,-0.242857,-0.170692,0.120708,-0.361629,-0.271749,0.226964,-0.242857,-0.170692,0.108637,-0.0205204
223,4.03898,0.101333,1,-0.2274,-0.172897,0.0831311,-0.336868,-0.257599,0.191054,-0.2274,-0.172897,0.074818,-0.0132328
224,4.05709,0.0941496,1,-0.214845,-0.179178,0.0454021,-0.314624,-0.249664,0.153421,-0.214845,-0.179178,0.0408619,-0.00682807
225,4.0752,0.0859466,1,-0.206455,-0.18817,0.0116354,-0.295491,-0.247108,0.115364,-0.206455,-0.18817,0.0104719,-0.00168154
226,4.09331,0.0784175,1,-0.201068,-0.199917,-0.0212875,-0.279801,-0.249113,0.0778529,-0.201068,-0.199917,-0.0191588,0.00299618
227,4.11142,0.0706799,1,-0.199065,-0.213282,-0.0507892,-0.26769,-0.254978,0.0416179,-0.199065,-0.213282,-0.0457102,0.00707725
228,4.12954,0.0631915,1,-0.199364,-0.22927,-0.0775551,-0.259154,-0.264157,0.00722364,-0.199364,-0.22927,-0.0697996,0.0108232
229,4.14765,0.0549331,1,-0.20337,-0.247385,-0.0999865,-0.25411,-0.276273,-0.0248608,-0.20337,-0.247385,-0.0899879,0.014234
230,4.16576,0.0462773,1,-0.209957,-0.268725,-0.118399,-0.252431,-0.291089,-0.0542079,-0.209957,-0.268725,-0.106559,0.0174012
231,4.18387,0.0368444,1,-0.219987,-0.292245,-0.131895,-0.253986,-0.30849,-0.0803903,-0.219987,-0.292245,-0.118706,0.0203107
232,4.20198,0.0272994,1,-0.232548,-0.319278,-0.141297,-0.258651,-0.328433,-0.102949,-0.232548,-0.319278,-0.127167,0.0230007
233,4.2201,0.0169368,1,-0.248858,-0.348749,-0.144837,-0.266323,-0.350908,-0.121366,-0.248858,-0.348749,-0.130353,0.0252308
234,4.23821,0.00774072,1,-0.267098,-0.380227,-0.143087,-0.276914,-0.37589,-0.13505,-0.267098,-0.380227,-0.128778,0.0267527
235,4.25632,0.00776108,1,-0.287728,-0.411613,-0.133108,-0.290341,-0.403275,-0.143323,-0.287728,-0.411613,-0.119797,0.0268092
236,4.27443,0.0183837,1,-0.309531,-0.443656,-0.115638,-0.306505,-0.432817,-0.145425,-0.309531,-0.443656,-0.104074,0.0250555
237,4.29254,0.0312668,1,-0.333345,-0.474394,-0.0880004,-0.325262,-0.464045,-0.14054,-0.333345,-0.474394,-0.0792004,0.0205341
238,4.31066,0.0447056,1,-0.358295,-0.50423,-0.0517651,-0.346378,-0.496179,-0.12785,-0.358295,-0.50423,-0.0465886,0.012983
239,4.32877,0.0589849,1,-0.384696,-0.528911,-0.00561643,-0.369488,-0.528046,-0.106639,-0.384696,-0.528911,-0.00505479,0.00151243
240,4.34688,0.0725445,1,-0.409689,-0.545937,0.0476376,-0.394036,-0.558023,-0.0764471,-0.409689,-0.545937,0.0428739,-0.0136616
241,4.36499,0.0858277,1,-0.431788,-0.550126,0.10691,-0.419231,-0.584034,-0.0372834,-0.431788,-0.550126,0.0962192,-0.0323138
242,4.3831,0.0980737,1,-0.448755,-0.540841,0.16788,-0.444013,-0.603657,0.0101231,-0.448755,-0.540841,0.151092,-0.0527358
243,4.40122,0.110162,1,-0.459945,-0.516447,0.227699,-0.467063,-0.614372,0.0640921,-0.459945,-0.516447,0.204929,-0.0733103
244,4.41933,0.119768,1,-0.463764,-0.48009,0.278634,-0.486865,-0.613967,0.121865,-0.463764,-0.48009,0.250771,-0.0904544
245,4.43744,0.126473,1,-0.459659,-0.434446,0.315522,-0.501843,-0.601053,0.179694,-0.459659,-0.434446,0.28397,-0.101523
246,4.45555,0.130958,1,-0.447034,-0.384117,0.336984,-0.510576,-0.575546,0.233221,-0.447034,-0.384117,0.303286,-0.10545
247,4.47366,0.134469,1,-0.427857,-0.331961,0.343816,-0.51203,-0.538952,0.278126,-0.427857,-0.331961,0.309435,-0.102973
248,4.49178,0.136207,1,-0.402676,-0.283378,0.334513,-0.505774,-0.494257,0.310891,-0.402676,-0.283378,0.301061,-0.0942902
249,4.50989,0.136802,1,-0.373787,-0.240809,0.312793,-0.4921,-0.44543,0.329429,-0.373787,-0.240809,0.281513,-0.0818424
250,4.528,0.135652,1,-0.342606,-0.20748,0.281649,-0.471998,-0.396657,0.333357,-0.342606,-0.20748,0.253484,-0.0675463
251,4.54611,0.132227,1,-0.312661,-0.183433,0.245551,-0.446998,-0.351592,0.323835,-0.312661,-0.183433,0.220996,-0.053742
252,4.56422,0.126807,1,-0.284108,-0.16892,0.206383,-0.418923,-0.312842,0.303085,-0.284108,-0.16892,0.185745,-0.0410446
253,4.58234,0.119795,1,-0.259506,-0.160551,0.166942,-0.389622,-0.281808,0.273804,-0.259506,-0.160551,0.150248,-0.0303257
254,4.60045,0.111691,1,-0.238892,-0.158269,0.127025,-0.360762,-0.258822,0.238655,-0.238892,-0.158269,0.114323,-0.0212418
255,4.61856,0.103552,1,-0.221834,-0.160147,0.0871835,-0.333691,-0.243449,0.199957,-0.221834,-0.160147,0.0784651,-0.0135382
256,4.63667,0.0959239,1,-0.207982,-0.166161,0.0472717,-0.309387,-0.234825,0.159551,-0.207982,-0.166161,0.0425445,-0.00688217
257,4.65478,0.0874101,1,-0.1984,-0.17526,0.0111346,-0.288477,-0.231937,0.118817,-0.1984,-0.17526,0.0100211,-0.00154638
258,4.6729,0.0794123,1,-0.192031,-0.186843,-0.0233736,-0.271295,-0.233817,0.0787517,-0.192031,-0.186843,-0.0210362,0.00314192
259,4.69101,0.0715001,1,-0.18936,-0.19964,-0.0549596,-0.25795,-0.239653,0.0400726,-0.18936,-0.19964,-0.0494637,0.007285
260,4.70912,0.0641321,1,-0.188965,-0.215023,-0.0842253,-0.248402,-0.24883,0.0033145,-0.188965,-0.215023,-0.0758028,0.011141
261,4.72723,0.0563637,1,-0.192156,-0.23263,-0.109784,-0.242527,-0.260929,-0.0310916,-0.192156,-0.23263,-0.0988058,0.014767
262,4.74534,0.0481101,1,-0.197963,-0.253505,-0.131094,-0.240163,-0.275711,-0.0627587,-0.197963,-0.253505,-0.117985,0.0181662
263,4.76346,0.0392109,1,-0.207142,-0.276759,-0.147775,-0.241151,-0.293076,-0.0912984,-0.207142,-0.276759,-0.132998,0.0214273
264,4.78157,0.0301869,1,-0.219084,-0.303607,-0.160505,-0.245348,-0.313022,-0.116286,-0.219084,-0.303607,-0.144454,0.0246147
265,4.79968,0.0202372,1,-0.23485,-0.333334,-0.167345,-0.252645,-0.335603,-0.137231,-0.23485,-0.333334,-0.15061,0.0275107
266,4.81779,0.0109715,1,-0.252829,-0.36577,-0.168868,-0.262965,-0.360875,-0.153557,-0.252829,-0.36577,-0.151981,0.0298863
267,4.8359,0.00611598,1,-0.273662,-0.398893,-0.162458,-0.276248,-0.388842,-0.16458,-0.273662,-0.398893,-0.146213,0.031121
268,4.85402,0.0144437,1,-0.295824,-0.432877,-0.148713,-0.292437,-0.419386,-0.169507,-0.295824,-0.432877,-0.133842,0.0307951
269,4.87213,0.026186,1,-0.320326,-0.466296,-0.125264,-0.311446,-0.452182,-0.167443,-0.320326,-0.466296,-0.112738,0.0280878
270,4.89024,0.0391119,1,-0.346238,-0.499894,-0.0923107,-0.333119,-0.486602,-0.157429,-0.346238,-0.499894,-0.0830796,0.0223731
271,4.90835,0.053607,1,-0.374057,-0.530162,-0.0476308,-0.357176,-0.521611,-0.138532,-0.374057,-0.530162,-0.0428677,0.0124716
272,4.92646,0.0680698,1,-0.402111,-0.554865,0.006379,-0.383157,-0.555666,-0.109985,-0.402111,-0.554865,0.0057411,-0.00179555
273,4.94458,0.0820276,1,-0.428508,-0.568498,0.0683251,-0.410352,-0.586668,-0.0714097,-0.428508,-0.568498,0.0614926,-0.0204945
274,4.96269,0.0945875,1,-0.450142,-0.567194,0.133993,-0.437748,-0.612002,-0.0231028,-0.450142,-0.567194,0.120593,-0.042221
275,4.9808,0.106673,1,-0.466462,-0.549809,0.20069,-0.464009,-0.628734,0.0336494,-0.466462,-0.549809,0.180621,-0.06553
276,4.99891,0.11771,1,-0.47503,-0.517096,0.26288,-0.48751,-0.634011,0.0963214,-0.47503,-0.517096,0.236592,-0.0874132
277,5.01702,0.126205,1,-0.475532,-0.471102,0.31257,-0.506455,-0.625643,0.161098,-0.475532,-0.471102,0.281313,-0.104046
278,5.03514,0.131277,1,-0.466438,-0.418137,0.344989,-0.519089,-0.602762,0.223158,-0.466438,-0.418137,0.31049,-0.112641
279,5.05325,0.135138,1,-0.449358,-0.361077,0.361577,-0.523986,-0.566313,0.277343,-0.449358,-0.361077,0.325419,-0.113734
280,5.07136,0.13719,1,-0.424952,-0.305356,0.359744,-0.52033,-0.519161,0.319078,-0.424952,-0.305356,0.32377,-0.107012
281,5.08947,0.137913,1,-0.395587,-0.254951,0.343205,-0.508121,-0.465644,0.345272,-0.395587,-0.254951,0.308885,-0.0950374
282,5.10758,0.137267,1,-0.362131,-0.213375,0.313758,-0.488217,-0.41071,0.354841,-0.362131,-0.213375,0.282383,-0.0795351
283,5.1257,0.13437,1,-0.328717,-0.182113,0.277355,-0.462197,-0.358922,0.348681,-0.328717,-0.182113,0.249619,-0.0638199
284,5.14381,0.129398,1,-0.296424,-0.161701,0.235761,-0.432081,-0.313705,0.329162,-0.296424,-0.161701,0.212185,-0.0489197
285,5.16192,0.122372,1,-0.267596,-0.149906,0.193397,-0.400007,-0.277017,0.299392,-0.267596,-0.149906,0.174057,-0.0362266
286,5.18003,0.114178,1,-0.242873,-0.144561,0.150894,-0.367951,-0.24945,0.262536,-0.242873,-0.144561,0.135805,-0.0256537
287,5.19814,0.105434,1,-0.222601,-0.144069,0.108875,-0.337535,-0.23058,0.221371,-0.222601,-0.144069,0.0979877,-0.016965
288,5.21626,0.0975232,1,-0.205448,-0.14831,0.0660236,-0.309949,-0.219396,0.178089,-0.205448,-0.14831,0.0594212,-0.00949508
289,5.23437,0.0891382,1,-0.192843,-0.155804,0.0261244,-0.28596,-0.21467,0.134296,-0.192843,-0.155804,0.0235119,-0.00352654
290,5.25248,0.0807415,1,-0.183866,-0.166388,-0.0110295,-0.265972,-0.215208,0.0911114,-0.183866,-0.166388,-0.00992653,0.00141956
291,5.27059,0.0727133,1,-0.178973,-0.178329,-0.0459021,-0.250117,-0.220001,0.0493007,-0.178973,-0.178329,-0.0413119,0.00575067
292,5.2887,0.0657839,1,-0.176711,-0.192171,-0.0793759,-0.238341,-0.228277,0.00939726,-0.176711,-0.192171,-0.0714383,0.00981865
293,5.30682,0.0586604,1,-0.177821,-0.207982,-0.109166,-0.230484,-0.239514,-0.0281995,-0.177821,-0.207982,-0.0982493,0.0135884
294,5.32493,0.0515729,1,-0.181317,-0.226828,-0.13558,-0.226339,-0.253406,-0.0631514,-0.181317,-0.226828,-0.122022,0.0172081
295,5.34304,0.0438094,1,-0.188389,-0.248463,-0.157652,-0.225701,-0.269829,-0.0951295,-0.188389,-0.248463,-0.141887,0.02079
296,5.36115,0.036033,1,-0.197849,-0.273173,-0.17591,-0.228393,-0.288793,-0.123774,-0.197849,-0.273173,-0.158319,0.0243625
297,5.37926,0.0271389,1,-0.211492,-0.301314,-0.18876,-0.234281,-0.310401,-0.148664,-0.211492,-0.301314,-0.169884,0.0279449
298,5.39738,0.0181457,1,-0.227734,-0.332879,-0.196539,-0.243277,-0.334798,-0.169289,-0.227734,-0.332879,-0.176885,0.0313311
299,5.41549,0.00868961,1,-0.247551,-0.366854,-0.197002,-0.255336,-0.362119,-0.185023,-0.247551,-0.366854,-0.177301,0.0341376
300,5.4336,0.00632125,1,-0.269098,-0.402424,-0.190845,-0.270442,-0.392429,-0.195107,-0.269098,-0.402424,-0.171761,0.0359492
301,5.45171,0.0153131,1,-0.29314,-0.43817,-0.175706,-0.288579,-0.425646,-0.198637,-0.29314,-0.43817,-0.158135,0.0360545
302,5.46982,0.0266913,1,-0.319071,-0.475306,-0.151478,-0.309699,-0.461443,-0.194574,-0.319071,-0.475306,-0.13633,0.0338326
303,5.48794,0.0395761,1,-0.347643,-0.512002,-0.115926,-0.333669,-0.499127,-0.181788,-0.347643,-0.512002,-0.104333,0.0282106
304,5.50605,0.0534569,1,-0.377299,-0.545726,-0.0685274,-0.360214,-0.537515,-0.159156,-0.377299,-0.545726,-0.0616746,0.0180987
305,5.52416,0.0682572,1,-0.408093,-0.573042,-0.00911187,-0.388835,-0.574801,-0.125744,-0.408093,-0.573042,-0.00820068,0.00260294
306,5.54227,0.0819454,1,-0.436634,-0.589889,0.0584869,-0.418732,-0.608491,-0.0810789,-0.436634,-0.589889,0.0526382,-0.0178762
307,5.56038,0.0946128,1,-0.461103,-0.589343,0.131248,-0.448738,-0.635457,-0.0255167,-0.461103,-0.589343,0.118123,-0.0423633
308,5.5785,0.106442,1,-0.47896,-0.571466,0.205096,-0.477288,-0.652191,0.0393544,-0.47896,-0.571466,0.184586,-0.0687628
309,5.59661,0.117567,1,-0.489427,-0.535373,0.274432,-0.502469,-0.655334,0.110405,-0.489427,-0.535373,0.246989,-0.09402
310,5.61472,0.125821,1,-0.489468,-0.484371,0.329339,-0.522179,-0.642445,0.182931,-0.489468,-0.484371,0.296405,-0.11284
311,5.63283,0.131031,1,-0.479949,-0.424859,0.366018,-0.534407,-0.612827,0.251085,-0.479949,-0.424859,0.329416,-0.122969
312,5.65094,0.134018,1,-0.460776,-0.362135,0.383349,-0.537593,-0.568108,0.308803,-0.460776,-0.362135,0.345014,-0.123646
313,5.66906,0.135491,1,-0.434458,-0.300503,0.381541,-0.530976,-0.512224,0.351017,-0.434458,-0.300503,0.343387,-0.116034
314,5.68717,0.135515,1,-0.40145,-0.245527,0.362645,-0.514811,-0.450701,0.37472,-0.40145,-0.245527,0.32638,-0.101909
315,5.70528,0.134094,1,-0.365171,-0.199931,0.330907,-0.490363,-0.389438,0.37946,-0.365171,-0.199931,0.297816,-0.0845862
316,5.72339,0.130483,1,-0.328009,-0.166529,0.290483,-0.459675,-0.33349,0.36707,-0.328009,-0.166529,0.261435,-0.0666968
317,5.7415,0.124666,1,-0.29326,-0.144458,0.24543,-0.425188,-0.28627,0.340871,-0.29326,-0.144458,0.220887,-0.0503824
318,5.75962,0.117203,1,-0.261252,-0.132356,0.199284,-0.389346,-0.249353,0.304703,-0.261252,-0.132356,0.179356,-0.0364444
319,5.77773,0.108048,1,-0.234998,-0.126936,0.15443,-0.354287,-0.222782,0.262164,-0.234998,-0.126936,0.138987,-0.0254034
320,5.79584,0.0994757,1,-0.212377,-0.126548,0.108973,-0.321663,-0.205586,0.216192,-0.212377,-0.126548,0.0980761,-0.0162004
321,5.81395,0.091632,1,-0.194036,-0.130673,0.063287,-0.292602,-0.196315,0.168952,-0.194036,-0.130673,0.0569583,-0.00859597
322,5.83206,0.0835314,1,-0.179844,-0.138392,0.0210553,-0.267749,-0.19344,0.121926,-0.179844,-0.138392,0.0189498,-0.00265068
323,5.85018,0.0751131,1,-0.170597,-0.149065,-0.018087,-0.24737,-0.195593,0.0760777,-0.170597,-0.149065,-0.0162783,0.00215992
324,5.86829,0.0679816,1,-0.164435,-0.160913,-0.0557837,-0.231459,-0.201689,0.0320209,-0.164435,-0.160913,-0.0502054,0.00642096
325,5.8864,0.0616602,1,-0.161929,-0.173985,-0.0916051,-0.219842,-0.210952,-0.0098403,-0.161929,-0.173985,-0.0824446,0.0103835
326,5.90451,0.0560727,1,-0.161972,-0.189162,-0.125142,-0.212267,-0.222889,-0.0492116,-0.161972,-0.189162,-0.112627,0.0141886
327,5.92262,0.0497408,1,-0.165202,-0.206967,-0.153912,-0.208458,-0.237255,-0.0858392,-0.165202,-0.206967,-0.138521,0.0177986
328,5.94074,0.0433863,1,-0.170664,-0.228349,-0.17932,-0.208166,-0.253995,-0.119461,-0.170664,-0.228349,-0.161388,0.0214224
329,5.95885,0.0364529,1,-0.180006,-0.252132,-0.20047,-0.21119,-0.2732,-0.149773,-0.180006,-0.252132,-0.180423,0.02526
330,5.97696,0.0292058,1,-0.192171,-0.27934,-0.217331,-0.217392,-0.29506,-0.176395,-0.192171,-0.27934,-0.195598,0.0292353
331,5.99507,0.0207445,1,-0.208101,-0.309773,-0.227903,-0.226699,-0.319816,-0.198847,-0.208101,-0.309773,-0.205113,0.0331989
332,6.01318,0.0121173,1,-0.226723,-0.344364,-0.233134,-0.239098,-0.34772,-0.216519,-0.226723,-0.344364,-0.20982,0.0369997
333,6.0313,0.0041294,1,-0.248274,-0.380934,-0.231292,-0.254619,-0.378968,-0.22864,-0.248274,-0.380934,-0.208163,0.0401967
334,6.04941,0.00774441,1,-0.272382,-0.419819,-0.222397,-0.273311,-0.413629,-0.234261,-0.272382,-0.419819,-0.200158,0.042404
335,6.06752,0.0182233,1,-0.299467,-0.46022,-0.202196,-0.295206,-0.451543,-0.232243,-0.299467,-0.46022,-0.181977,0.0423858
336,6.08563,0.0295501,1,-0.328793,-0.501943,-0.171764,-0.320273,-0.492194,-0.221281,-0.328793,-0.501943,-0.154587,0.0395323
337,6.10374,0.041927,1,-0.360732,-0.542237,-0.128839,-0.348345,-0.534543,-0.19998,-0.360732,-0.542237,-0.115956,0.0325336
338,6.12186,0.0556263,1,-0.393697,-0.57772,-0.0717986,-0.379033,-0.576864,-0.16702,-0.393697,-0.57772,-0.0646187,0.0197868
339,6.13997,0.0704597,1,-0.427253,-0.604975,-0.000962118,-0.411633,-0.616591,-0.121439,-0.427253,-0.604975,-0.000865906,0.000287748
340,6.15808,0.0841534,1,-0.457739,-0.618899,0.0787119,-0.445018,-0.65029,-0.0630563,-0.457739,-0.618899,0.0708407,-0.0252206
341,6.17619,0.096752,1,-0.482959,-0.611571,0.162498,-0.477575,-0.673841,0.00701103,-0.482959,-0.611571,0.146249,-0.054936
342,6.1943,0.108223,1,-0.500075,-0.583442,0.244532,-0.507209,-0.682961,0.085845,-0.500075,-0.583442,0.220079,-0.0855989
343,6.21242,0.118765,1,-0.508017,-0.535327,0.318519,-0.531482,-0.674095,0.16849,-0.508017,-0.535327,0.286667,-0.113269
344,6.23053,0.125755,1,-0.503326,-0.471966,0.372077,-0.54791,-0.645525,0.248252,-0.503326,-0.471966,0.33487,-0.131093
345,6.24864,0.129356,1,-0.488179,-0.402205,0.403473,-0.554395,-0.598313,0.317704,-0.488179,-0.402205,0.363125,-0.137877
346,6.26675,0.130823,1,-0.462829,-0.331574,0.412336,-0.549704,-0.53657,0.370224,-0.462829,-0.331574,0.371103,-0.133589
347,6.28486,0.130849,1,-0.429966,-0.265298,0.401282,-0.533807,-0.466746,0.401528,-0.429966,-0.265298,0.361154,-0.120776
348,6.30298,0.129501,1,-0.390768,-0.208616,0.372847,-0.507953,-0.396123,0.410533,-0.390768,-0.208616,0.335562,-0.101988
349,6.32109,0.126188,1,-0.349698,-0.164359,0.332863,-0.474428,-0.331133,0.39919,-0.349698,-0.164359,0.299577,-0.081481
350,6.3392,0.12084,1,-0.309326,-0.133958,0.284829,-0.436091,-0.276185,0.371482,-0.309326,-0.133958,0.256346,-0.0616735
351,6.35731,0.113265,1,-0.272393,-0.115837,0.234973,-0.39586,-0.233322,0.33213,-0.272393,-0.115837,0.211475,-0.0448034
352,6.37542,0.104695,1,-0.239705,-0.106536,0.185225,-0.356299,-0.202581,0.285547,-0.239705,-0.106536,0.166702,-0.0310795
353,6.39354,0.0953234,1,-0.21276,-0.103363,0.137296,-0.319378,-0.182699,0.235265,-0.21276,-0.103363,0.123566,-0.0204478
354,6.41165,0.0877138,1,-0.189555,-0.105003,0.0877024,-0.286418,-0.171812,0.183802,-0.189555,-0.105003,0.0789321,-0.0116371
355,6.42976,0.0797407,1,-0.171609,-0.110581,0.0417361,-0.258148,-0.167982,0.132796,-0.171609,-0.110581,0.0375625,-0.00501361
356,6.44787,0.0721122,1,-0.158151,-0.119995,-0.00202462,-0.234832,-0.169501,0.0832378,-0.158151,-0.119995,-0.00182216,0.000224138
357,6.46598,0.0647729,1,-0.149294,-0.130755,-0.042544,-0.216411,-0.175032,0.0356955,-0.149294,-0.130755,-0.0382896,0.00444611
358,6.4841,0.0593075,1,-0.143267,-0.142155,-0.0823667,-0.20263,-0.183622,-0.00950679,-0.143267,-0.142155,-0.07413,0.00826028
359,6.50221,0.0546416,1,-0.140757,-0.154179,-0.119795,-0.193142,-0.194672,-0.0521688,-0.140757,-0.154179,-0.107815,0.0118034
360,6.52032,0.0505258,1,-0.140971,-0.168845,-0.155086,-0.18758,-0.207876,-0.0921361,-0.140971,-0.168845,-0.139577,0.0153038
361,6.53843,0.0458596,1,-0.144241,-0.186681,-0.186405,-0.185615,-0.223161,-0.12925,-0.144241,-0.186681,-0.167765,0.0188211
362,6.55654,0.0410378,1,-0.149822,-0.2074,-0.213987,-0.186979,-0.240626,-0.163315,-0.149822,-0.2074,-0.192589,0.022442
363,6.57466,0.0353882,1,-0.159345,-0.230486,-0.236769,-0.191482,-0.260503,-0.194071,-0.159345,-0.230486,-0.213092,0.0264095
364,6.59277,0.0299079,1,-0.171188,-0.256808,-0.25605,-0.199023,-0.28311,-0.221166,-0.171188,-0.256808,-0.230445,0.0306829
365,6.61088,0.0236315,1,-0.186206,-0.286868,-0.269573,-0.209579,-0.308814,-0.244128,-0.186206,-0.286868,-0.242616,0.0351373
366,6.62899,0.0173911,1,-0.203918,-0.321188,-0.27824,-0.223201,-0.337995,-0.262333,-0.203918,-0.321188,-0.250416,0.0397167
367,6.6471,0.0116584,1,-0.225283,-0.358169,-0.280168,-0.239995,-0.370984,-0.274966,-0.225283,-0.358169,-0.252151,0.0441819
368,6.66522,0.00859341,1,-0.249828,-0.399422,-0.274466,-0.2601,-0.407995,-0.280987,-0.249828,-0.399422,-0.247019,0.0479985
369,6.68333,0.0124031,1,-0.278351,-0.444244,-0.258836,-0.283647,-0.449012,-0.279102,-0.278351,-0.444244,-0.232953,0.0504331
370,6.70144,0.0207691,1,-0.309138,-0.490996,-0.231932,-0.31071,-0.493642,-0.267773,-0.309138,-0.490996,-0.208739,0.0501893
371,6.71955,0.0307338,1,-0.343009,-0.537845,-0.192156,-0.341224,-0.540914,-0.24527,-0.343009,-0.537845,-0.17294,0.0461379
372,6.73766,0.042163,1,-0.378271,-0.582049,-0.137222,-0.37489,-0.589047,-0.209836,-0.378271,-0.582049,-0.1235,0.0363351
373,6.75578,0.0557192,1,-0.415711,-0.618859,-0.0650067,-0.411047,-0.635223,-0.160003,-0.415711,-0.618859,-0.058506,0.0189168
374,6.77389,0.0703166,1,-0.452568,-0.644113,0.0225188,-0.448533,-0.675461,-0.0951003,-0.452568,-0.644113,0.0202669,-0.00713391
375,6.792,0.0832013,1,-0.485272,-0.649978,0.11735,-0.485573,-0.704755,-0.0159421,-0.485272,-0.649978,0.105615,-0.0398626
376,6.81011,0.0945519,1,-0.50985,-0.631416,0.213317,-0.519753,-0.717641,0.0744382,-0.50985,-0.631416,0.191985,-0.0761319
377,6.82822,0.105683,1,-0.524593,-0.586542,0.304027,-0.548147,-0.709329,0.170329,-0.524593,-0.586542,0.273624,-0.111643
378,6.84634,0.114309,1,-0.526698,-0.520869,0.377926,-0.567674,-0.677223,0.263584,-0.526698,-0.520869,0.340134,-0.139337
379,6.86445,0.119912,1,-0.514886,-0.441426,0.426875,-0.575659,-0.622308,0.344872,-0.514886,-0.441426,0.384188,-0.153854
380,6.88256,0.121561,1,-0.490887,-0.359022,0.44647,-0.570478,-0.549656,0.405784,-0.490887,-0.359022,0.401823,-0.153416
381,6.90067,0.120971,1,-0.45692,-0.280802,0.441809,-0.552038,-0.467494,0.440989,-0.45692,-0.280802,0.397628,-0.14131
382,6.91878,0.119315,1,-0.414663,-0.211603,0.416106,-0.52189,-0.385096,0.449436,-0.414663,-0.211603,0.374495,-0.120781
383,6.9369,0.115778,1,-0.368747,-0.156411,0.375223,-0.482895,-0.310437,0.434042,-0.368747,-0.156411,0.3377,-0.0968536
384,6.95501,0.110092,1,-0.322622,-0.117504,0.324617,-0.438588,-0.248653,0.400197,-0.322622,-0.117504,0.292155,-0.0733099
385,6.97312,0.102997,1,-0.279477,-0.0926208,0.269406,-0.392495,-0.201724,0.353955,-0.279477,-0.0926208,0.242466,-0.0527051
386,6.99123,0.0948422,1,-0.240652,-0.0795142,0.213991,-0.347614,-0.169126,0.300674,-0.240652,-0.0795142,0.192592,-0.0360481
387,7.00934,0.0859018,1,-0.208405,-0.0738998,0.160931,-0.30615,-0.148856,0.244387,-0.208405,-0.0738998,0.144838,-0.0234771
388,7.02746,0.0785016,1,-0.180348,-0.0731824,0.108425,-0.269482,-0.138359,0.187764,-0.180348,-0.0731824,0.0975829,-0.013688
389,7.04557,0.0712351,1,-0.158124,-0.0772897,0.0585641,-0.238277,-0.135161,0.132387,-0.158124,-0.0772897,0.0527077,-0.00648229
390,7.06368,0.064309,1,-0.140778,-0.0855082,0.011504,-0.212666,-0.137192,0.0790908,-0.140778,-0.0855082,0.0103536,-0.00113366
391,7.08179,0.0578349,1,-0.128709,-0.0953001,-0.0326431,-0.192428,-0.142888,0.0282659,-0.128709,-0.0953001,-0.0293788,0.00294103
392,7.0999,0.0532539,1,-0.119604,-0.104887,-0.0751964,-0.177147,-0.151178,-0.0199344,-0.119604,-0.104887,-0.0676767,0.00629565
393,7.11802,0.049842,1,-0.113761,-0.114522,-0.115372,-0.166328,-0.161409,-0.065462,-0.113761,-0.114522,-0.103834,0.00918734
394,7.13613,0.047337,1,-0.111466,-0.125428,-0.154442,-0.159479,-0.17326,-0.108299,-0.111466,-0.125428,-0.138998,0.0120505
395,7.15424,0.0442665,1,-0.112554,-0.139537,-0.190316,-0.156165,-0.186665,-0.148416,-0.112554,-0.139537,-0.171285,0.0149947
396,7.17235,0.0417234,1,-0.115226,-0.15573,-0.223693,-0.156035,-0.201744,-0.185748,-0.115226,-0.15573,-0.201324,0.0180427
397,7.19046,0.0387437,1,-0.121079,-0.173581,-0.252369,-0.158839,-0.218758,-0.220175,-0.121079,-0.173581,-0.227132,0.0213895
398,7.20858,0.0359963,1,-0.128793,-0.194063,-0.27759,-0.164427,-0.238075,-0.251505,-0.128793,-0.194063,-0.249831,0.0250262
399,7.22669,0.0333831,1,-0.1392,-0.217238,-0.298868,-0.172754,-0.260137,-0.279452,-0.1392,-0.217238,-0.268981,0.0291217
400,7.2448,0.0310262,1,-0.151963,-0.244555,-0.317667,-0.183868,-0.285447,-0.303603,-0.151963,-0.244555,-0.2859,0.0337916
401,7.26291,0.0286436,1,-0.168384,-0.275623,-0.332107,-0.1979,-0.314534,-0.323383,-0.168384,-0.275623,-0.298896,0.039145
402,7.28102,0.0265614,1,-0.187342,-0.311284,-0.340526,-0.215056,-0.347919,-0.338009,-0.187342,-0.311284,-0.306474,0.0446564
403,7.29914,0.0247241,1,-0.21066,-0.351523,-0.341979,-0.235593,-0.386054,-0.346433,-0.21066,-0.351523,-0.307781,0.0504288
404,7.31725,0.0237357,1,-0.237032,-0.396961,-0.33582,-0.259788,-0.429222,-0.347289,-0.237032,-0.396961,-0.302238,0.05572
405,7.33536,0.0244135,1,-0.267426,-0.446625,-0.318293,-0.287895,-0.477389,-0.338851,-0.267426,-0.446625,-0.286464,0.0595839
406,7.35347,0.0269189,1,-0.30096,-0.499897,-0.288965,-0.320067,-0.529978,-0.319032,-0.30096,-0.499897,-0.260069,0.0608769
407,7.37158,0.0311637,1,-0.338299,-0.554381,-0.245247,-0.35625,-0.585568,-0.28548,-0.338299,-0.554381,-0.220722,0.0580767
408,7.3897,0.0375783,1,-0.378288,-0.606869,-0.183693,-0.396038,-0.64154,-0.235839,-0.378288,-0.606869,-0.165324,0.0486423
409,7.40781,0.0469012,1,-0.420812,-0.651033,-0.101468,-0.438481,-0.693747,-0.168269,-0.420812,-0.651033,-0.091321,0.0298892
410,7.42592,0.0576294,1,-0.462997,-0.682821,-0.000206257,-0.481898,-0.736387,-0.0822847,-0.462997,-0.682821,-0.000185631,6.68473e-05
411,7.44403,0.0685625,1,-0.501556,-0.691109,0.112518,-0.523725,-0.762371,0.0201461,-0.501556,-0.691109,0.101267,-0.039504
412,7.46214,0.0777491,1,-0.530799,-0.670364,0.225164,-0.560545,-0.764493,0.133568,-0.530799,-0.670364,0.202648,-0.0836618
413,7.48026,0.0870472,1,-0.54805,-0.617914,0.331271,-0.588396,-0.737438,0.248699,-0.54805,-0.617914,0.298143,-0.127087
414,7.49837,0.0947044,1,-0.550937,-0.539028,0.418583,-0.603437,-0.680149,0.353502,-0.550937,-0.539028,0.376725,-0.161429
415,7.51648,0.10047,1,-0.536353,-0.441394,0.475073,-0.602863,-0.597352,0.435877,-0.536353,-0.441394,0.427566,-0.178365
416,7.53459,0.101214,1,-0.507125,-0.342542,0.494591,-0.585754,-0.499049,0.487105,-0.507125,-0.342542,0.445132,-0.175574
417,7.5527,0.0991703,1,-0.465777,-0.251719,0.482361,-0.553461,-0.397779,0.50432,-0.465777,-0.251719,0.434125,-0.157271
418,7.57082,0.0960565,1,-0.415847,-0.174023,0.448221,-0.50931,-0.30496,0.490659,-0.415847,-0.174023,0.403399,-0.130474
419,7.58893,0.0911861,1,-0.362728,-0.114721,0.398044,-0.457757,-0.228155,0.453244,-0.362728,-0.114721,0.35824,-0.101067
420,7.60704,0.0852825,1,-0.309802,-0.0739226,0.338991,-0.40339,-0.170319,0.400377,-0.309802,-0.0739226,0.305092,-0.0735139
421,7.62515,0.0785677,1,-0.260975,-0.0494962,0.276298,-0.350131,-0.130701,0.33935,-0.260975,-0.0494962,0.248668,-0.0504747
422,7.64326,0.0716546,1,-0.217939,-0.0367511,0.214806,-0.300832,-0.106416,0.275458,-0.217939,-0.0367511,0.193326,-0.0327702
423,7.66138,0.0647344,1,-0.181907,-0.0315468,0.157068,-0.25722,-0.0938616,0.21199,-0.181907,-0.0315468,0.141361,-0.0200002
424,7.67949,0.0595188,1,-0.150742,-0.0311651,0.101663,-0.220066,-0.0896312,0.150688,-0.150742,-0.0311651,0.0914971,-0.0107275
425,7.6976,0.0545154,1,-0.125906,-0.0352932,0.0500756,-0.189434,-0.0909392,0.0923069,-0.125906,-0.0352932,0.045068,-0.00441338
426,7.71571,0.0499434,1,-0.107124,-0.0431925,-0.000101978,-0.164944,-0.0957249,0.0370494,-0.107124,-0.0431925,-9.17801e-05,7.64701e-06
427,7.73382,0.0462696,1,-0.093027,-0.0516039,-0.0470753,-0.145972,-0.102589,-0.0151389,-0.093027,-0.0516039,-0.0423678,0.00306549
428,7.75194,0.0442678,1,-0.0820498,-0.0590921,-0.0916674,-0.131807,-0.110667,-0.0644073,-0.0820498,-0.0590921,-0.0825007,0.0052649
429,7.77005,0.0431792,1,-0.0748354,-0.0657174,-0.133277,-0.121749,-0.119499,-0.110918,-0.0748354,-0.0657174,-0.119949,0.00698168
430,7.78816,0.0423046,1,-0.0710413,-0.0736079,-0.173855,-0.115171,-0.128916,-0.154813,-0.0710413,-0.0736079,-0.15647,0.00864563
431,7.80627,0.040886,1,-0.0700419,-0.0836335,-0.21144,-0.111548,-0.13895,-0.196199,-0.0700419,-0.0836335,-0.190296,0.0103667
432,7.82438,0.0399398,1,-0.0705372,-0.0944534,-0.24655,-0.110472,-0.149778,-0.23515,-0.0705372,-0.0944534,-0.221895,0.0121737
433,7.8425,0.0390969,1,-0.0729954,-0.106418,-0.277872,-0.111649,-0.161677,-0.271699,-0.0729954,-0.106418,-0.250084,0.0141983
434,7.86061,0.0388413,1,-0.0767588,-0.11961,-0.307634,-0.114897,-0.175001,-0.305839,-0.0767588,-0.11961,-0.276871,0.0165295
435,7.87872,0.0386333,1,-0.0827435,-0.134735,-0.335079,-0.120137,-0.190173,-0.337511,-0.0827435,-0.134735,-0.301571,0.019408
436,7.89683,0.0386799,1,-0.090599,-0.151887,-0.361889,-0.127389,-0.207679,-0.366591,-0.090599,-0.151887,-0.3257,0.0229507
437,7.91494,0.0390145,1,-0.100612,-0.171464,-0.385428,-0.136761,-0.228071,-0.392868,-0.100612,-0.171464,-0.346885,0.0271451
438,7.93306,0.0397095,1,-0.112471,-0.194142,-0.406414,-0.148448,-0.251969,-0.416015,-0.112471,-0.194142,-0.365773,0.031997
439,7.95117,0.0403167,1,-0.127063,-0.221081,-0.424337,-0.162731,-0.28006,-0.435543,-0.127063,-0.221081,-0.381903,0.0377423
440,7.96928,0.0415272,1,-0.143302,-0.252483,-0.438221,-0.179967,-0.313082,-0.450747,-0.143302,-0.252483,-0.394399,0.0439585
441,7.98739,0.0435702,1,-0.163083,-0.288143,-0.445238,-0.200587,-0.351796,-0.460628,-0.163083,-0.288143,-0.400715,0.0508275
442,8.0055,0.0460391,1,-0.185708,-0.329949,-0.445763,-0.225076,-0.396907,-0.463804,-0.185708,-0.329949,-0.401187,0.0579472
443,8.02362,0.047956,1,-0.213285,-0.379386,-0.438178,-0.253945,-0.448935,-0.458401,-0.213285,-0.379386,-0.39436,0.0654197
444,8.04173,0.0490522,1,-0.245365,-0.437281,-0.421246,-0.287673,-0.507986,-0.441961,-0.245365,-0.437281,-0.379121,0.0723513
445,8.05984,0.0490048,1,-0.283638,-0.502955,-0.391492,-0.326606,-0.573396,-0.411399,-0.283638,-0.502955,-0.352343,0.0777295
446,8.07795,0.0493822,1,-0.326036,-0.572982,-0.343623,-0.370793,-0.643216,-0.363113,-0.326036,-0.572982,-0.309261,0.0784234
447,8.09606,0.0505942,1,-0.374154,-0.641582,-0.272931,-0.419753,-0.713565,-0.293387,-0.374154,-0.641582,-0.245638,0.0714827
448,8.11418,0.0532346,1,-0.424852,-0.701982,-0.177288,-0.472155,-0.778006,-0.199301,-0.424852,-0.701982,-0.15956,0.0527249
449,8.13229,0.0553973,1,-0.476941,-0.747774,-0.0573919,-0.52548,-0.827317,-0.080274,-0.476941,-0.747774,-0.0516527,0.0191608
450,8.1504,0.058461,1,-0.524609,-0.766175,0.0835277,-0.575783,-0.850289,0.0598831,-0.524609,-0.766175,0.0751749,-0.0306736
451,8.16851,0.0608783,1,-0.564918,-0.747228,0.231341,-0.617799,-0.836199,0.211189,-0.564918,-0.747228,0.208207,-0.0914822
452,8.18662,0.0649483,1,-0.588267,-0.682809,0.369049,-0.645631,-0.778883,0.357479,-0.588267,-0.682809,0.332144,-0.151969
453,8.20474,0.0665606,1,-0.594608,-0.582225,0.4849,-0.654098,-0.680832,0.479563,-0.594608,-0.582225,0.43641,-0.201828
454,8.22285,0.068966,1,-0.576915,-0.453348,0.557036,-0.640357,-0.554475,0.561201,-0.576915,-0.453348,0.501332,-0.224954
455,8.24096,0.068337,1,-0.539542,-0.321299,0.580022,-0.605027,-0.418768,0.594898,-0.539542,-0.321299,0.52202,-0.219062
456,8.25907,0.0649743,1,-0.485835,-0.205687,0.556964,-0.552143,-0.292567,0.583799,-0.485835,-0.205687,0.501268,-0.189415
457,8.27718,0.0612687,1,-0.422671,-0.111388,0.506957,-0.487936,-0.188795,0.538743,-0.422671,-0.111388,0.456262,-0.149993
458,8.2953,0.0568864,1,-0.355676,-0.0439542,0.44133,-0.419099,-0.112393,0.472982,-0.355676,-0.0439542,0.397197,-0.109879
459,8.31341,0.0525971,1,-0.291575,0.000740145,0.369544,-0.351369,-0.0618629,0.397915,-0.291575,0.000740145,0.332589,-0.0754249
460,8.33152,0.0482448,1,-0.232499,0.0239077,0.295598,-0.288801,-0.0322438,0.321284,-0.232499,0.0239077,0.266038,-0.0481084
461,8.34963,0.0446202,1,-0.181998,0.0358572,0.226543,-0.233703,-0.0176848,0.247346,-0.181998,0.0358572,0.203889,-0.0288613
462,8.36774,0.04314,1,-0.138103,0.0415171,0.162644,-0.186942,-0.0129358,0.1779,-0.138103,0.0415171,0.146379,-0.0157231
463,8.38586,0.0423625,1,-0.101302,0.0417131,0.104803,-0.148386,-0.0139114,0.113332,-0.101302,0.0417131,0.0943223,-0.00743171
464,8.40397,0.0413334,1,-0.0727334,0.0381324,0.0488446,-0.117297,-0.017715,0.0533748,-0.0727334,0.0381324,0.0439601,-0.00248684
465,8.42208,0.0397389,1,-0.0506906,0.0321189,-0.00367155,-0.092641,-0.0224357,-0.00245372,-0.0506906,0.0321189,-0.0033044,0.000130279
466,8.44019,0.0392133,1,-0.0329227,0.0276987,-0.0531022,-0.0732993,-0.0268944,-0.0546416,-0.0329227,0.0276987,-0.047792,0.00122379
467,8.4583,0.0393653,1,-0.0189328,0.0251657,-0.0993089,-0.0581913,-0.0304149,-0.103603,-0.0189328,0.0251657,-0.089378,0.00131614
468,8.47642,0.0404685,1,-0.00701142,0.0248725,-0.142047,-0.0463427,-0.0326434,-0.149667,-0.00701142,0.0248725,-0.127842,0.000697165
469,8.49453,0.0414016,1,0.00202291,0.0255896,-0.181056,-0.036911,-0.0334168,-0.193083,0.00202291,0.0255896,-0.16295,-0.000256381
470,8.51264,0.0418643,1,0.00946862,0.0266359,-0.218345,-0.0291873,-0.032669,-0.234046,0.00946862,0.0266359,-0.19651,-0.0014472
471,8.53075,0.0429806,1,0.0163312,0.0303027,-0.254083,-0.022583,-0.0303687,-0.272701,0.0163312,0.0303027,-0.228674,-0.00290463
472,8.54886,0.0449196,1,0.023242,0.0370602,-0.288475,-0.0166106,-0.0264777,-0.309164,0.023242,0.0370602,-0.259628,-0.00469332
473,8.56698,0.0471877,1,0.0299177,0.04584,-0.319858,-0.0108612,-0.0209235,-0.343517,0.0299177,0.04584,-0.287872,-0.00669859
474,8.58509,0.0496953,1,0.0376492,0.0564317,-0.349555,-0.00498194,-0.0135813,-0.375816,0.0376492,0.0564317,-0.3146,-0.00921234
475,8.6032,0.0522521,1,0.045026,0.0689915,-0.375805,0.00134436,-0.00426076,-0.406085,0.045026,0.0689915,-0.338224,-0.0118447
476,8.62131,0.0553287,1,0.0537271,0.0841247,-0.39924,0.00841904,0.00730469,-0.434307,0.0537271,0.0841247,-0.359316,-0.015015
477,8.63942,0.0590253,1,0.063421,0.102507,-0.419339,0.016545,0.0214681,-0.460416,0.063421,0.102507,-0.377405,-0.0186164
478,8.65754,0.0638079,1,0.0763261,0.124984,-0.436975,0.0260433,0.0386789,-0.484277,0.0763261,0.124984,-0.393278,-0.0233468
479,8.67565,0.0694546,1,0.0907689,0.151969,-0.450362,0.0372678,0.0594927,-0.505658,0.0907689,0.151969,-0.405326,-0.0286152
480,8.69376,0.0753602,1,0.107949,0.183226,-0.460794,0.0506196,0.0845784,-0.524193,0.107949,0.183226,-0.414714,-0.0348197
481,8.71187,0.0819165,1,0.127493,0.220097,-0.466432,0.0665593,0.11472,-0.539328,0.127493,0.220097,-0.419789,-0.0416268
482,8.72998,0.0897095,1,0.151975,0.264098,-0.46715,0.0856159,0.150805,-0.550245,0.151975,0.264098,-0.420435,-0.0496967
483,8.7481,0.099077,1,0.180837,0.316453,-0.460088,0.108391,0.193785,-0.555759,0.180837,0.316453,-0.414079,-0.0582406
484,8.76621,0.109498,1,0.214867,0.377094,-0.444097,0.135547,0.244589,-0.554188,0.214867,0.377094,-0.399687,-0.0667953
485,8.78432,0.120723,1,0.252892,0.444612,-0.413998,0.167784,0.303951,-0.543199,0.252892,0.444612,-0.372598,-0.0732876
486,8.80243,0.132848,1,0.298051,0.516293,-0.365892,0.205764,0.372111,-0.519647,0.298051,0.516293,-0.329303,-0.076338
487,8.82054,0.146108,1,0.348394,0.588874,-0.293483,0.249989,0.448307,-0.479493,0.348394,0.588874,-0.264135,-0.0715736
488,8.83866,0.158366,1,0.401657,0.65376,-0.194953,0.300584,0.530031,-0.417921,0.401657,0.65376,-0.175458,-0.0548131
489,8.85677,0.170342,1,0.45523,0.704063,-0.0673709,0.356954,0.612058,-0.329909,0.45523,0.704063,-0.0606338,-0.0214685
490,8.87488,0.177724,1,0.506161,0.725008,0.0804712,0.417335,0.685495,-0.211602,0.506161,0.725008,0.0724241,0.028512
491,8.89299,0.181136,1,0.549074,0.707846,0.241498,0.478295,0.737506,-0.0627087,0.549074,0.707846,0.217348,0.0928201
492,8.9111,0.178106,1,0.576634,0.643199,0.395603,0.534423,0.752799,0.110347,0.576634,0.643199,0.356043,0.159683
493,8.92922,0.16811,1,0.581576,0.532466,0.516522,0.578604,0.717894,0.292044,0.581576,0.532466,0.46487,0.210278
494,8.94733,0.159518,1,0.562025,0.390938,0.595216,0.603246,0.627644,0.4588,0.562025,0.390938,0.535695,0.234168
495,8.96544,0.147917,1,0.521625,0.249333,0.615304,0.602441,0.490599,0.585346,0.521625,0.249333,0.553774,0.224671
496,8.98355,0.140248,1,0.463243,0.122278,0.58953,0.574198,0.328411,0.654393,0.463243,0.122278,0.530577,0.191167
497,9.00166,0.134717,1,0.394077,0.0201157,0.535454,0.521448,0.167926,0.663417,0.394077,0.0201157,0.481908,0.147707
498,9.01978,0.12932,1,0.321196,-0.0547478,0.462554,0.451116,0.0308777,0.623675,0.321196,-0.0547478,0.416299,0.103999
499,9.03789,0.121055,1,0.251464,-0.099901,0.383589,0.371809,-0.0720579,0.553014,0.251464,-0.099901,0.34523,0.0675211
500,9.056,0.111195,1,0.188603,-0.123964,0.3063,0.291486,-0.140696,0.468252,0.188603,-0.123964,0.27567,0.0404383
501,9.07411,0.100378,1,0.135438,-0.133285,0.23472,0.21604,-0.181087,0.381164,0.135438,-0.133285,0.211248,0.022253
502,9.09222,0.0915685,1,0.0899004,-0.136372,0.166023,0.148963,-0.201239,0.298153,0.0899004,-0.136372,0.149421,0.0104479
503,9.11034,0.0827938,1,0.0512146,-0.134951,0.105481,0.0916991,-0.208506,0.221735,0.0512146,-0.134951,0.0949329,0.00378151
504,9.12845,0.075704,1,0.0209088,-0.131627,0.0486821,0.044243,-0.208596,0.152241,0.0209088,-0.131627,0.0438139,0.00071252
505,9.14656,0.0693202,1,-0.00352769,-0.129875,-0.00373882,0.00572014,-0.205505,0.0890542,-0.00352769,-0.129875,-0.00336493,9.23258e-06
506,9.16467,0.0633481,1,-0.0225157,-0.129751,-0.0513684,-0.0251746,-0.201839,0.0313071,-0.0225157,-0.129751,-0.0462316,0.000809617
507,9.18278,0.058125,1,-0.0389491,-0.130609,-0.0946714,-0.0498826,-0.199204,-0.0217966,-0.0389491,-0.130609,-0.0852043,0.00258116
508,9.2009,0.0547844,1,-0.0524138,-0.133215,-0.137468,-0.069808,-0.198539,-0.0708778,-0.0524138,-0.133215,-0.123721,0.00504364
509,9.21901,0.0506476,1,-0.0646141,-0.139339,-0.175562,-0.0862292,-0.200372,-0.116374,-0.0646141,-0.139339,-0.158006,0.00794065
510,9.23712,0.0462342,1,-0.07663,-0.149164,-0.210868,-0.100265,-0.205007,-0.158563,-0.07663,-0.149164,-0.189781,0.0113112
511,9.25523,0.0418402,1,-0.0881539,-0.161979,-0.243137,-0.112875,-0.21264,-0.197594,-0.0881539,-0.161979,-0.218823,0.0150034
512,9.27334,0.0386192,1,-0.0989124,-0.175596,-0.272366,-0.124877,-0.223448,-0.233503,-0.0989124,-0.175596,-0.245129,0.0188583
513,9.29146,0.0357382,1,-0.110742,-0.191543,-0.298137,-0.136977,-0.237637,-0.266219,-0.110742,-0.191543,-0.268323,0.0231114
514,9.30957,0.0329339,1,-0.123685,-0.21167,-0.321133,-0.149791,-0.255469,-0.295558,-0.123685,-0.21167,-0.28902,0.0278036
515,9.32768,0.0299206,1,-0.138821,-0.236774,-0.341634,-0.163882,-0.277275,-0.321206,-0.138821,-0.236774,-0.307471,0.0331982
516,9.34579,0.026989,1,-0.155563,-0.266005,-0.3567,-0.179775,-0.303455,-0.342681,-0.155563,-0.266005,-0.32103,0.0388425
517,9.3639,0.024477,1,-0.175537,-0.299257,-0.366752,-0.197976,-0.334446,-0.359296,-0.175537,-0.299257,-0.330077,0.0450651
518,9.38202,0.0212675,1,-0.198852,-0.339833,-0.369851,-0.218981,-0.370683,-0.370097,-0.198852,-0.339833,-0.332866,0.051482
519,9.40013,0.0182601,1,-0.226712,-0.386928,-0.365315,-0.243266,-0.412506,-0.373802,-0.226712,-0.386928,-0.328783,0.0579749
520,9.41824,0.0177511,1,-0.257804,-0.44002,-0.349674,-0.271266,-0.46003,-0.368744,-0.257804,-0.44002,-0.314707,0.0631031
521,9.43635,0.0220369,1,-0.292869,-0.497107,-0.319703,-0.303317,-0.512928,-0.352831,-0.292869,-0.497107,-0.287733,0.0655419
522,9.45446,0.0307851,1,-0.331508,-0.555937,-0.272827,-0.339574,-0.570131,-0.323588,-0.331508,-0.555937,-0.245544,0.0633111
523,9.47258,0.0426498,1,-0.374348,-0.612729,-0.206595,-0.37987,-0.629441,-0.27834,-0.374348,-0.612729,-0.185936,0.0541371
524,9.49069,0.0556084,1,-0.418969,-0.662818,-0.121555,-0.423528,-0.68711,-0.214646,-0.418969,-0.662818,-0.109399,0.0356493
525,9.5088,0.0696022,1,-0.463331,-0.695939,-0.0180817,-0.469146,-0.737533,-0.131084,-0.463331,-0.695939,-0.0162736,0.00586447
526,9.52691,0.083857,1,-0.503591,-0.705358,0.0994794,-0.514389,-0.773359,-0.0284079,-0.503591,-0.705358,0.0895315,-0.0350679
527,9.54502,0.0959832,1,-0.535942,-0.685087,0.21945,-0.55591,-0.786378,0.0891438,-0.535942,-0.685087,0.197505,-0.0823288
528,9.56314,0.105524,1,-0.556637,-0.634993,0.332324,-0.589546,-0.769462,0.212988,-0.556637,-0.634993,0.299091,-0.129489
529,9.58125,0.113475,1,-0.560752,-0.55424,0.424893,-0.610911,-0.71928,0.330681,-0.560752,-0.55424,0.382403,-0.166782
530,9.59936,0.119426,1,-0.546421,-0.452601,0.485657,-0.61636,-0.638646,0.428354,-0.546421,-0.452601,0.437091,-0.185761
531,9.61747,0.121276,1,-0.516524,-0.346692,0.511185,-0.60405,-0.536923,0.494605,-0.516524,-0.346692,0.460066,-0.184828
532,9.63558,0.118902,1,-0.473225,-0.249674,0.502631,-0.574612,-0.427654,0.524012,-0.473225,-0.249674,0.452368,-0.1665
533,9.6537,0.11447,1,-0.421583,-0.166767,0.468498,-0.531082,-0.324384,0.518267,-0.421583,-0.166767,0.421648,-0.138258
534,9.67181,0.108189,1,-0.365379,-0.10358,0.41649,-0.478097,-0.236956,0.484459,-0.365379,-0.10358,0.374841,-0.106524
535,9.68992,0.100589,1,-0.31042,-0.059062,0.355123,-0.42075,-0.169943,0.431851,-0.31042,-0.059062,0.31961,-0.077166
536,9.70803,0.092679,1,-0.258563,-0.0323379,0.288614,-0.363584,-0.123297,0.369021,-0.258563,-0.0323379,0.259753,-0.0522375
537,9.72614,0.0834142,1,-0.213128,-0.0202784,0.224693,-0.310016,-0.0941169,0.302374,-0.213128,-0.0202784,0.202224,-0.0335218
538,9.74426,0.075074,1,-0.174307,-0.0149803,0.164072,-0.262192,-0.0783936,0.235929,-0.174307,-0.0149803,0.147665,-0.0200193
539,9.76237,0.0681296,1,-0.142194,-0.014562,0.105697,-0.221133,-0.0721981,0.171815,-0.142194,-0.014562,0.0951273,-0.0105206
540,9.78048,0.0618571,1,-0.115889,-0.0183442,0.051667,-0.187024,-0.072262,0.110926,-0.115889,-0.0183442,0.0465003,-0.00419136
541,9.79859,0.0560443,1,-0.0961313,-0.0252365,0.000403362,-0.159498,-0.0761393,0.053474,-0.0961313,-0.0252365,0.000363026,-2.7143e-05
542,9.8167,0.0511548,1,-0.0803704,-0.0335816,-0.0473823,-0.137884,-0.0821466,-0.000647732,-0.0803704,-0.0335816,-0.0426441,0.00266569
543,9.83482,0.0478905,1,-0.068686,-0.039807,-0.0924195,-0.121389,-0.0892188,-0.051659,-0.068686,-0.039807,-0.0831776,0.00444355
544,9.85293,0.0457241,1,-0.0605107,-0.0455371,-0.135525,-0.109215,-0.0967536,-0.099792,-0.0605107,-0.0455371,-0.121972,0.00574048
545,9.87104,0.0440688,1,-0.0555344,-0.0514915,-0.176634,-0.100634,-0.104476,-0.145252,-0.0555344,-0.0514915,-0.158971,0.00686648
546,9.88915,0.0425526,1,-0.0527835,-0.0585508,-0.215694,-0.0950203,-0.112335,-0.188209,-0.0527835,-0.0585508,-0.194125,0.00796957
547,9.90726,0.0410477,1,-0.0517369,-0.0661841,-0.251197,-0.0918684,-0.120428,-0.228795,-0.0517369,-0.0661841,-0.226077,0.00909731
548,9.92538,0.0400925,1,-0.0516598,-0.0746137,-0.285518,-0.0907911,-0.128948,-0.267113,-0.0516598,-0.0746137,-0.256966,0.0103249
549,9.94349,0.0389241,1,-0.053429,-0.0841439,-0.316545,-0.0915139,-0.138159,-0.303236,-0.053429,-0.0841439,-0.28489,0.0118389
550,9.9616,0.0384619,1,-0.0568558,-0.0936984,-0.34607,-0.0938644,-0.148377,-0.337208,-0.0568558,-0.0936984,-0.311463,0.0137733
551,9.97971,0.0384998,1,-0.0615609,-0.104124,-0.373274,-0.0977635,-0.159965,-0.369042,-0.0615609,-0.104124,-0.335947,0.0160854
552,9.99782,0.0388277,1,-0.0670669,-0.116631,-0.399556,-0.103216,-0.173335,-0.398709,-0.0670669,-0.116631,-0.3596,0.0187579
553,10.0159,0.0397478,1,-0.0744126,-0.130292,-0.423063,-0.110308,-0.188959,-0.426126,-0.0744126,-0.130292,-0.380757,0.0220369
554,10.034,0.0407036,1,-0.0827434,-0.147313,-0.445323,-0.119199,-0.207376,-0.451141,-0.0827434,-0.147313,-0.40079,0.0257933
555,10.0522,0.041937,1,-0.0933772,-0.167183,-0.464608,-0.130126,-0.229205,-0.473498,-0.0933772,-0.167183,-0.418148,0.0303687
556,10.0703,0.0435934,1,-0.105486,-0.19095,-0.480907,-0.143404,-0.255151,-0.492806,-0.105486,-0.19095,-0.432816,0.0355103
557,10.0884,0.0455955,1,-0.1205,-0.219041,-0.493091,-0.159425,-0.28601,-0.508478,-0.1205,-0.219041,-0.443782,0.0415921
558,10.1065,0.0477028,1,-0.138003,-0.253078,-0.501408,-0.178664,-0.32265,-0.519659,-0.138003,-0.253078,-0.451267,0.048437
559,10.1246,0.050191,1,-0.159419,-0.293106,-0.503594,-0.201669,-0.365966,-0.525129,-0.159419,-0.293106,-0.453234,0.0561977
560,10.1427,0.0525212,1,-0.184561,-0.341075,-0.499437,-0.229048,-0.41679,-0.523174,-0.184561,-0.341075,-0.449494,0.0645235
561,10.1608,0.0544078,1,-0.215303,-0.397317,-0.486788,-0.261429,-0.475704,-0.511454,-0.215303,-0.397317,-0.438109,0.073365
562,10.1789,0.0560204,1,-0.250941,-0.461916,-0.463698,-0.299385,-0.54273,-0.486871,-0.250941,-0.461916,-0.417328,0.0814524
563,10.1971,0.0571627,1,-0.293499,-0.533823,-0.424742,-0.343301,-0.616831,-0.445532,-0.293499,-0.533823,-0.382268,0.0872628
564,10.2152,0.059001,1,-0.340754,-0.609557,-0.363832,-0.393147,-0.695192,-0.382937,-0.340754,-0.609557,-0.327449,0.0867842
565,10.2333,0.0612846,1,-0.393974,-0.682726,-0.27734,-0.448157,-0.772352,-0.294629,-0.393974,-0.682726,-0.249606,0.0764853
566,10.2514,0.0637033,1,-0.449347,-0.746156,-0.162792,-0.506398,-0.839432,-0.177593,-0.449347,-0.746156,-0.146512,0.051205
567,10.2695,0.0657132,1,-0.504419,-0.788075,-0.0209785,-0.564352,-0.884141,-0.032554,-0.504419,-0.788075,-0.0188807,0.00740737
568,10.2876,0.0668768,1,-0.553651,-0.795599,0.140451,-0.616704,-0.892501,0.133256,-0.553651,-0.795599,0.126405,-0.0544324
569,10.3057,0.0672828,1,-0.592626,-0.755703,0.30437,-0.656726,-0.853028,0.304353,-0.592626,-0.755703,0.273933,-0.126264
570,10.3238,0.0678575,1,-0.611085,-0.665858,0.451329,-0.677517,-0.762543,0.458585,-0.611085,-0.665858,0.406196,-0.19306
571,10.342,0.0659973,1,-0.607967,-0.537936,0.560736,-0.674,-0.630391,0.573328,-0.607967,-0.537936,0.504663,-0.238636
572,10.3601,0.065908,1,-0.577273,-0.386982,0.615355,-0.644827,-0.477102,0.633966,-0.577273,-0.386982,0.55382,-0.24866
573,10.3782,0.062416,1,-0.527179,-0.245716,0.612153,-0.59311,-0.326988,0.639267,-0.527179,-0.245716,0.550937,-0.2259
574,10.3963,0.058662,1,-0.461001,-0.127921,0.567017,-0.525434,-0.19925,0.599944,-0.461001,-0.127921,0.510315,-0.182977
575,10.4144,0.0536591,1,-0.388832,-0.0408093,0.499959,-0.449768,-0.10314,0.532201,-0.388832,-0.0408093,0.449963,-0.13608
576,10.4325,0.0488325,1,-0.316343,0.0179784,0.42495,-0.373411,-0.0386741,0.451173,-0.316343,0.0179784,0.382455,-0.094101
577,10.4506,0.0449753,1,-0.24916,0.0525392,0.345143,-0.301762,-0.00037901,0.367528,-0.24916,0.0525392,0.310629,-0.0601972
578,10.4687,0.0410557,1,-0.189554,0.0675715,0.268616,-0.238041,0.0189819,0.287185,-0.189554,0.0675715,0.241754,-0.0356421
579,10.4868,0.039348,1,-0.138845,0.0757551,0.199266,-0.183598,0.026111,0.212588,-0.138845,0.0757551,0.179339,-0.019367
580,10.505,0.0394306,1,-0.095044,0.078594,0.137754,-0.138453,0.0262621,0.144187,-0.095044,0.078594,0.123978,-0.00916486
581,10.5231,0.0390975,1,-0.06066,0.0769289,0.0807327,-0.101814,0.0231561,0.0815303,-0.06066,0.0769289,0.0726594,-0.00342807
582,10.5412,0.0379585,1,-0.0337006,0.0723097,0.0254205,-0.0724855,0.0192441,0.0238952,-0.0337006,0.0723097,0.0228784,-0.000599681
583,10.5593,0.0377485,1,-0.0119043,0.0695244,-0.0240217,-0.0491328,0.0160471,-0.0294123,-0.0119043,0.0695244,-0.0216195,0.000200172
584,10.5774,0.038144,1,0.00633129,0.0688126,-0.0713662,-0.030452,0.0144588,-0.0789525,0.00633129,0.0688126,-0.0642296,-0.000316288
585,10.5955,0.0390289,1,0.0213624,0.0705776,-0.113389,-0.0152533,0.0149805,-0.125137,0.0213624,0.0705776,-0.10205,-0.00169558
586,10.6136,0.040124,1,0.034046,0.0746897,-0.151863,-0.00249448,0.0178909,-0.168249,0.034046,0.0746897,-0.136677,-0.00361923
587,10.6317,0.0407868,1,0.0444208,0.0804839,-0.187175,0.00871699,0.0233643,-0.208465,0.0444208,0.0804839,-0.168457,-0.00582011
588,10.6499,0.0421717,1,0.0553144,0.090544,-0.222497,0.0191401,0.0315497,-0.245873,0.0553144,0.090544,-0.200248,-0.00861512
589,10.668,0.0442663,1,0.0663529,0.104365,-0.253976,0.029425,0.0426223,-0.280484,0.0663529,0.104365,-0.228579,-0.0117964
590,10.6861,0.0465266,1,0.0784491,0.121157,-0.282443,0.040141,0.0568164,-0.312224,0.0784491,0.121157,-0.254199,-0.0155102
591,10.7042,0.0485195,1,0.0905021,0.140132,-0.305571,0.0518037,0.0744443,-0.340926,0.0905021,0.140132,-0.275014,-0.0193583
592,10.7223,0.0510403,1,0.104246,0.162917,-0.324155,0.0649001,0.0959046,-0.366304,0.104246,0.162917,-0.291739,-0.0236544
593,10.7404,0.0539726,1,0.120212,0.190345,-0.338929,0.0799088,0.12168,-0.387918,0.120212,0.190345,-0.305036,-0.0285204
594,10.7585,0.0565903,1,0.139379,0.222119,-0.350664,0.0973163,0.152321,-0.405128,0.139379,0.222119,-0.315597,-0.0342126
595,10.7766,0.0598879,1,0.161661,0.259831,-0.356043,0.117624,0.188411,-0.417031,0.161661,0.259831,-0.320438,-0.0402908
596,10.7948,0.0631887,1,0.186547,0.303343,-0.354349,0.141346,0.23049,-0.422377,0.186547,0.303343,-0.318914,-0.046272
597,10.8129,0.06773,1,0.215476,0.353224,-0.341501,0.168989,0.278941,-0.419496,0.215476,0.353224,-0.307351,-0.0515097
598,10.831,0.072107,1,0.248572,0.406308,-0.316348,0.201006,0.333781,-0.406212,0.248572,0.406308,-0.284713,-0.0550446
599,10.8491,0.0754211,1,0.285701,0.46167,-0.278677,0.237715,0.394359,-0.379829,0.285701,0.46167,-0.25081,-0.0557328
600,10.8672,0.077337,1,0.326397,0.515983,-0.225617,0.279161,0.458925,-0.337224,0.326397,0.515983,-0.203055,-0.0515484
601,10.8853,0.0786415,1,0.368898,0.567796,-0.153915,0.324921,0.524097,-0.275199,0.368898,0.567796,-0.138523,-0.0397451
602,10.9034,0.0780788,1,0.41236,0.60954,-0.0640551,0.37384,0.584347,-0.191218,0.41236,0.60954,-0.0576496,-0.0184896
603,10.9215,0.0761341,1,0.453591,0.631145,0.0437792,0.42375,0.631808,-0.0846663,0.453591,0.631145,0.0394013,0.0139005
604,10.9396,0.0728312,1,0.489419,0.627913,0.162923,0.471267,0.656861,0.0414911,0.489419,0.627913,0.146631,0.0558164
605,10.9578,0.0689404,1,0.516167,0.594526,0.284836,0.511852,0.650031,0.179201,0.516167,0.594526,0.256353,0.102916
606,10.9759,0.0612054,1,0.527431,0.527282,0.385796,0.540331,0.605204,0.315084,0.527431,0.527282,0.347217,0.142437
607,10.994,0.0570246,1,0.521514,0.433655,0.461446,0.551955,0.523087,0.432625,0.521514,0.433655,0.415301,0.168455
608,11.0121,0.0554739,1,0.499115,0.328525,0.505056,0.543754,0.412799,0.516774,0.499115,0.328525,0.45455,0.176457
609,11.0302,0.0545553,1,0.462458,0.228777,0.510231,0.515606,0.289846,0.558962,0.462458,0.228777,0.459208,0.165172
610,11.0483,0.0564252,1,0.415292,0.139945,0.485094,0.470429,0.17106,0.559547,0.415292,0.139945,0.436584,0.141019
611,11.0664,0.0577878,1,0.361252,0.0677678,0.440869,0.413363,0.0693785,0.52631,0.361252,0.0677678,0.396782,0.111486
612,11.0845,0.0568157,1,0.305498,0.0125056,0.385461,0.350365,-0.00878511,0.470419,0.305498,0.0125056,0.346915,0.0824304
613,11.1027,0.0558662,1,0.252977,-0.0220225,0.321676,0.286884,-0.0630468,0.402487,0.252977,-0.0220225,0.289509,0.0569637
614,11.1208,0.0544886,1,0.203892,-0.0409529,0.257979,0.22706,-0.0968242,0.330427,0.203892,-0.0409529,0.232181,0.03682
615,11.1389,0.052601,1,0.162481,-0.0494949,0.196744,0.173493,-0.115016,0.259084,0.162481,-0.0494949,0.17707,0.022377
616,11.157,0.0512333,1,0.127964,-0.0515764,0.137465,0.127415,-0.122429,0.190889,0.127964,-0.0515764,0.123718,0.0123134
617,11.1751,0.0481112,1,0.0969341,-0.0522251,0.0835118,0.0890354,-0.123034,0.12673,0.0969341,-0.0522251,0.0751606,0.00566659
618,11.1932,0.0466632,1,0.0735237,-0.0499726,0.0290497,0.0579028,-0.119772,0.0666847,0.0735237,-0.0499726,0.0261448,0.00149509
619,11.2113,0.0460099,1,0.0550414,-0.0452016,-0.0219174,0.0332029,-0.114658,0.0104813,0.0550414,-0.0452016,-0.0197257,-0.000844456
620,11.2294,0.045827,1,0.0411032,-0.039076,-0.0683104,0.0139758,-0.108971,-0.0422491,0.0411032,-0.039076,-0.0614794,-0.00196544
621,11.2476,0.045839,1,0.0303955,-0.0329856,-0.11103,-0.000743248,-0.103459,-0.0918585,0.0303955,-0.0329856,-0.0999271,-0.00236237
622,11.2657,0.0460889,1,0.0229929,-0.0279545,-0.152111,-0.0118438,-0.098507,-0.138645,0.0229929,-0.0279545,-0.1369,-0.00244823
623,11.2838,0.0469049,1,0.0176826,-0.022959,-0.192215,-0.0201004,-0.0942681,-0.182853,0.0176826,-0.022959,-0.172994,-0.00237921
624,11.3019,0.0485802,1,0.0141458,-0.0172183,-0.231594,-0.0261604,-0.0907551,-0.224676,0.0141458,-0.0172183,-0.208435,-0.00229325
625,11.32,0.0504302,1,0.0118483,-0.0116149,-0.267738,-0.0305487,-0.0879047,-0.264278,0.0118483,-0.0116149,-0.240964,-0.00222058
626,11.3381,0.0526335,1,0.0114622,-0.00641617,-0.301386,-0.0336792,-0.0856181,-0.301796,0.0114622,-0.00641617,-0.271247,-0.00241818
627,11.3562,0.0548637,1,0.0114202,-0.00141313,-0.334484,-0.0358722,-0.0837861,-0.337351,0.0114202,-0.00141313,-0.301035,-0.00267391
628,11.3743,0.0583446,1,0.0133609,0.00498888,-0.366697,-0.0373697,-0.0823022,-0.371051,0.0133609,0.00498888,-0.330028,-0.00342958
629,11.3924,0.0622301,1,0.0158658,0.011807,-0.395779,-0.0383517,-0.0810699,-0.402998,0.0158658,0.011807,-0.356201,-0.00439553
630,11.4106,0.0667672,1,0.0194921,0.0191673,-0.422184,-0.0389493,-0.0800042,-0.433282,0.0194921,0.0191673,-0.379965,-0.00576046
631,11.4287,0.0724803,1,0.023618,0.0283721,-0.445511,-0.039255,-0.0790313,-0.461993,0.023618,0.0283721,-0.40096,-0.00736547
632,11.4468,0.0795306,1,0.0290678,0.0396857,-0.46856,-0.0393326,-0.0780865,-0.489211,0.0290678,0.0396857,-0.421704,-0.009534
633,11.4649,0.0882614,1,0.0352843,0.0539551,-0.489707,-0.0392229,-0.0771115,-0.515014,0.0352843,0.0539551,-0.440736,-0.0120953
634,11.483,0.0992244,1,0.0441472,0.0714678,-0.509987,-0.0389492,-0.0760514,-0.539475,0.0441472,0.0714678,-0.458988,-0.0157602
635,11.5011,0.112028,1,0.0546356,0.0917701,-0.527881,-0.0385207,-0.0748516,-0.562662,0.0546356,0.0917701,-0.475093,-0.0201888
636,11.5192,0.127345,1,0.067678,0.116,-0.5446,-0.0379349,-0.0734547,-0.584641,0.067678,0.116,-0.49014,-0.0258002
637,11.5373,0.145672,1,0.0825283,0.145237,-0.558273,-0.0371786,-0.071797,-0.605472,0.0825283,0.145237,-0.502445,-0.0322513
638,11.5555,0.167729,1,0.100064,0.180204,-0.567605,-0.0362289,-0.0698055,-0.625213,0.100064,0.180204,-0.510845,-0.0397579
639,11.5736,0.194272,1,0.121013,0.221634,-0.570892,-0.0350524,-0.0673933,-0.643915,0.121013,0.221634,-0.513802,-0.0483597
640,11.5917,0.226137,1,0.146122,0.270688,-0.567868,-0.0336044,-0.0644558,-0.661628,0.146122,0.270688,-0.511081,-0.0580844
641,11.6098,0.26429,0,0.175991,0.327986,-0.555289,-0.0318274,-0.0608652,-0.678393,0.175991,0.327986,-0.49976,-0.068408
642,11.6279,0.309765,0,0.212819,0.394418,-0.533689,-0.0296484,-0.056464,-0.694246,0.212819,0.394418,-0.48032,-0.0795052
643,11.646,0.363388,0,0.256244,0.470047,-0.498527,-0.0269757,-0.0510579,-0.709215,0.256244,0.470047,-0.448674,-0.0894214
644,11.6641,0.426362,0,0.305828,0.553373,-0.441486,-0.0236949,-0.0444056,-0.723317,0.305828,0.553373,-0.397337,-0.0945131
645,11.6822,0.500167,0,0.361837,0.640171,-0.352535,-0.0196633,-0.0362079,-0.736552,0.361837,0.640171,-0.317281,-0.0892922
646,11.7004,0.58263,0,0.423681,0.721295,-0.231595,-0.0147032,-0.0260931,-0.748898,0.423681,0.721295,-0.208436,-0.0686859
647,11.7185,0.668793,0,0.487132,0.779433,-0.0767753,-0.00859368,-0.0136001,-0.7603,0.487132,0.779433,-0.0690977,-0.0261798
648,11.7366,0.751838,0,0.546374,0.800181,0.100413,-0.00106043,0.00184237,-0.770651,0.546374,0.800181,0.0903716,0.0384041
649,11.7547,0.824388,0,0.592016,0.765444,0.289695,0.008237,0.0209399,-0.779772,0.592016,0.765444,0.260726,0.120053
650,11.7728,0.881412,0,0.619788,0.670003,0.469372,0.0197199,0.044559,-0.78737,0.619788,0.670003,0.422435,0.203638
651,11.7909,0.912145,0,0.618434,0.522216,0.604601,0.0339074,0.0737544,-0.79298,0.618434,0.522216,0.544141,0.261734
652,11.809,0.916062,0,0.588358,0.349375,0.677832,0.0514354,0.109791,-0.795878,0.588358,0.349375,0.610049,0.279166
653,11.8271,0.893489,0,0.531889,0.17981,0.682819,0.073074,0.154152,-0.794949,0.531889,0.17981,0.614537,0.254229
654,11.8452,0.853811,0,0.457214,0.0353413,0.636003,0.0997406,0.208499,-0.7885,0.457214,0.0353413,0.572403,0.203553
655,11.8634,0.806998,0,0.37424,-0.0684241,0.559299,0.132496,0.27456,-0.77399,0.37424,-0.0684241,0.503369,0.146519
656,11.8815,0.76097,0,0.289825,-0.13692,0.469936,0.172509,0.353848,-0.747688,0.289825,-0.13692,0.422942,0.0953395
657,11.8996,0.719141,0,0.212019,-0.171982,0.376533,0.220948,0.447094,-0.70428,0.212019,-0.171982,0.33888,0.0558825
658,11.9177,0.692836,0,0.143934,-0.191786,0.294486,0.278753,0.55321,-0.636573,0.143934,-0.191786,0.265038,0.0296706
659,11.9358,0.680818,0,0.0846887,-0.198934,0.220157,0.346197,0.667609,-0.535658,0.0846887,-0.198934,0.198141,0.0130513
660,11.9539,0.683947,0,0.036872,-0.19817,0.153927,0.422169,0.779897,-0.392226,0.036872,-0.19817,0.138534,0.00397291
661,11.972,0.701326,0,-0.00122979,-0.192746,0.09676,0.503146,0.87171,-0.200082,-0.00122979,-0.192746,0.087084,-8.3296e-05
662,11.9901,0.730483,0,-0.0321496,-0.189227,0.0454283,0.582148,0.916844,0.0375365,-0.0321496,-0.189227,0.0408854,-0.00102235
663,12.0083,0.763397,0,-0.057241,-0.189636,-0.000801646,0.648379,0.887215,0.30056,-0.057241,-0.189636,-0.000721482,3.21209e-05
664,12.0264,0.787764,0,-0.0787798,-0.192686,-0.0441124,0.688764,0.766391,0.549829,-0.0787798,-0.192686,-0.0397012,0.00243262
665,12.0445,0.792107,0,-0.0975241,-0.197666,-0.0855246,0.691954,0.564639,0.737831,-0.0975241,-0.197666,-0.0769721,0.0058385
666,12.0626,0.769631,0,-0.113238,-0.205754,-0.123661,0.653365,0.321287,0.831087,-0.113238,-0.205754,-0.111295,0.00980226
667,12.0807,0.720627,0,-0.128517,-0.220289,-0.154601,0.577806,0.0870478,0.82752,-0.128517,-0.220289,-0.139141,0.0139082
668,12.0988,0.651578,0,-0.142617,-0.237913,-0.17971,0.477472,-0.100522,0.753176,-0.142617,-0.237913,-0.161739,0.0179408
669,12.1169,0.57437,0,-0.158425,-0.258603,-0.20081,0.366877,-0.228548,0.643498,-0.158425,-0.258603,-0.180729,0.0222693
670,12.135,0.497259,0,-0.175971,-0.281887,-0.216655,0.258265,-0.303615,0.526827,-0.175971,-0.281887,-0.19499,0.0266875
671,12.1532,0.426185,0,-0.194517,-0.307739,-0.227936,0.159549,-0.34043,0.418956,-0.194517,-0.307739,-0.205142,0.0310362
672,12.1713,0.363671,0,-0.214389,-0.337847,-0.233938,0.0744688,-0.353563,0.325601,-0.214389,-0.337847,-0.210544,0.0351075
673,12.1894,0.309522,0,-0.236967,-0.372053,-0.231818,0.00374653,-0.354118,0.246875,-0.236967,-0.372053,-0.208636,0.0384532
674,12.2075,0.2642,0,-0.262325,-0.41038,-0.222005,-0.0536812,-0.349462,0.180689,-0.262325,-0.41038,-0.199805,0.0407662
675,12.2256,0.228103,1,-0.290939,-0.452882,-0.203573,-0.0997348,-0.344068,0.124595,-0.290939,-0.452882,-0.183215,0.0414591
676,12.2437,0.201413,1,-0.321482,-0.496607,-0.174741,-0.136603,-0.340469,0.0765415,-0.321482,-0.496607,-0.157267,0.0393232
677,12.2618,0.184306,1,-0.353701,-0.537085,-0.132224,-0.166414,-0.339989,0.0350566,-0.353701,-0.537085,-0.119002,0.0327375
678,12.2799,0.179025,1,-0.386746,-0.571595,-0.0763947,-0.191078,-0.343235,-0.00079312,-0.386746,-0.571595,-0.0687553,0.0206818
679,12.298,0.186073,1,-0.419448,-0.596016,-0.00696665,-0.212226,-0.350402,-0.0315121,-0.419448,-0.596016,-0.00626998,0.0020455
680,12.3162,0.203453,1,-0.4492,-0.606392,0.0718066,-0.231206,-0.361455,-0.0572802,-0.4492,-0.606392,0.064626,-0.0225789
681,12.3343,0.227364,1,-0.474473,-0.599915,0.154886,-0.2491,-0.376222,-0.0780334,-0.474473,-0.599915,0.139397,-0.0514423
682,12.3524,0.2528,0,-0.492172,-0.574505,0.23585,-0.266754,-0.394434,-0.0935213,-0.492172,-0.574505,0.212265,-0.081255
683,12.3705,0.275904,0,-0.500909,-0.531023,0.306985,-0.284805,-0.415724,-0.103349,-0.500909,-0.531023,0.276286,-0.10764
684,12.3886,0.293484,0,-0.497816,-0.47259,0.361626,-0.303694,-0.439601,-0.107019,-0.497816,-0.47259,0.325463,-0.126016
685,12.4067,0.30473,0,-0.483727,-0.403689,0.395185,-0.323678,-0.465401,-0.103971,-0.483727,-0.403689,0.355667,-0.133813
686,12.4248,0.309599,0,-0.459565,-0.333473,0.405529,-0.344829,-0.492226,-0.0936582,-0.459565,-0.333473,0.364976,-0.130457
687,12.4429,0.310752,0,-0.427474,-0.267659,0.396518,-0.367013,-0.518891,-0.0756337,-0.427474,-0.267659,0.356866,-0.118651
688,12.4611,0.309773,0,-0.389645,-0.211648,0.371607,-0.389879,-0.543893,-0.0496901,-0.389645,-0.211648,0.334446,-0.101356
689,12.4792,0.308309,0,-0.349681,-0.167632,0.334597,-0.412837,-0.565425,-0.016024,-0.349681,-0.167632,0.301137,-0.0819016
690,12.4973,0.307702,0,-0.310022,-0.135642,0.288478,-0.435053,-0.581474,0.0245808,-0.310022,-0.135642,0.25963,-0.0626042
691,12.5154,0.309104,0,-0.273166,-0.115221,0.237812,-0.455479,-0.590024,0.0705971,-0.273166,-0.115221,0.214031,-0.0454735
692,12.5335,0.312587,0,-0.240186,-0.105154,0.186899,-0.47291,-0.589359,0.119686,-0.240186,-0.105154,0.168209,-0.0314233
693,12.5516,0.318112,0,-0.212513,-0.101204,0.13746,-0.486109,-0.578436,0.168788,-0.212513,-0.101204,0.123714,-0.0204484
694,12.5697,0.324398,0,-0.188905,-0.102691,0.0877255,-0.493963,-0.557215,0.214413,-0.188905,-0.102691,0.078953,-0.0116003
695,12.5878,0.329449,0,-0.170668,-0.108302,0.0414464,-0.495664,-0.526854,0.253111,-0.170668,-0.108302,0.0373017,-0.00495149
696,12.606,0.33223,0,-0.157229,-0.117237,-0.00282807,-0.490869,-0.489627,0.282023,-0.157229,-0.117237,-0.00254526,0.000311258
697,12.6241,0.332008,0,-0.147588,-0.127721,-0.0432711,-0.479789,-0.448585,0.299332,-0.147588,-0.127721,-0.038944,0.0044704
698,12.6422,0.329238,0,-0.141537,-0.138601,-0.0823997,-0.46318,-0.407021,0.304497,-0.141537,-0.138601,-0.0741598,0.00816382
699,12.6603,0.323856,0,-0.138557,-0.149876,-0.12001,-0.442238,-0.367919,0.29818,-0.138557,-0.149876,-0.108009,0.0116397
700,12.6784,0.315324,0,-0.138472,-0.164051,-0.155304,-0.41842,-0.333559,0.281941,-0.138472,-0.164051,-0.139773,0.0150536
701,12.6965,0.303482,0,-0.141532,-0.181819,-0.18679,-0.393251,-0.30533,0.25783,-0.141532,-0.181819,-0.168111,0.0185058
702,12.7146,0.289449,0,-0.147182,-0.202463,-0.214614,-0.368151,-0.283785,0.227995,-0.147182,-0.202463,-0.193153,0.0221112
703,12.7327,0.27344,0,-0.156281,-0.225005,-0.238053,-0.344316,-0.26882,0.194418,-0.156281,-0.225005,-0.214248,0.0260422
704,12.7508,0.256196,0,-0.167581,-0.250518,-0.256887,-0.322667,-0.259916,0.158768,-0.167581,-0.250518,-0.231199,0.0301346
705,12.769,0.237824,1,-0.181861,-0.279242,-0.270411,-0.30384,-0.256359,0.122371,-0.181861,-0.279242,-0.24337,0.0344241
706,12.7871,0.219662,1,-0.199121,-0.312615,-0.279495,-0.288223,-0.257402,0.0862462,-0.199121,-0.312615,-0.251546,0.0389575
707,12.8052,0.201517,1,-0.22009,-0.349268,-0.28222,-0.276003,-0.262378,0.0511736,-0.22009,-0.349268,-0.253998,0.0434797
708,12.8233,0.184146,1,-0.244148,-0.389745,-0.277257,-0.267225,-0.270749,0.0177626,-0.244148,-0.389745,-0.249531,0.0473842
709,12.8414,0.168897,1,-0.272122,-0.434286,-0.263117,-0.261842,-0.282118,-0.0134811,-0.272122,-0.434286,-0.236805,0.0501199
710,12.8595,0.156974,1,-0.302317,-0.480994,-0.23697,-0.259755,-0.296228,-0.042104,-0.302317,-0.480994,-0.213273,0.0501479
711,12.8776,0.151588,1,-0.335603,-0.527819,-0.198691,-0.260847,-0.312923,-0.0676627,-0.335603,-0.527819,-0.178822,0.0466769
712,12.8957,0.154965,1,-0.370607,-0.572436,-0.145741,-0.265004,-0.332126,-0.0896918,-0.370607,-0.572436,-0.131167,0.0378088
713,12.9139,0.168358,1,-0.407614,-0.610049,-0.0759969,-0.272119,-0.353787,-0.10768,-0.407614,-0.610049,-0.0683972,0.0216842
714,12.932,0.192075,1,-0.444761,-0.636917,0.00971111,-0.282096,-0.377842,-0.121052,-0.444761,-0.636917,0.00874,-0.00302339
715,12.9501,0.220938,1,-0.478141,-0.646016,0.103956,-0.29484,-0.404152,-0.129161,-0.478141,-0.646016,0.09356,-0.0347938
716,12.9682,0.249329,1,-0.503883,-0.630818,0.199826,-0.310233,-0.432445,-0.131297,-0.503883,-0.630818,0.179843,-0.0704822
717,12.9863,0.275556,0,-0.519972,-0.589611,0.291337,-0.328115,-0.462237,-0.126707,-0.519972,-0.589611,0.262203,-0.106041
718,13.0044,0.297355,0,-0.524118,-0.526712,0.368225,-0.348238,-0.492759,-0.114655,-0.524118,-0.526712,0.331403,-0.135096
719,13.0225,0.311889,0,-0.513795,-0.448333,0.4209,-0.370229,-0.522885,-0.0945177,-0.513795,-0.448333,0.37881,-0.151379
720,13.0406,0.318353,0,-0.491448,-0.366173,0.444239,-0.39354,-0.551084,-0.0659254,-0.491448,-0.366173,0.399815,-0.152824
721,13.0588,0.319714,0,-0.458577,-0.287301,0.442147,-0.417408,-0.575432,-0.0289557,-0.458577,-0.287301,0.397932,-0.141931
722,13.0769,0.318961,0,-0.417363,-0.216896,0.418967,-0.44083,-0.593714,0.0156493,-0.417363,-0.216896,0.377071,-0.122403
723,13.095,0.31803,0,-0.371745,-0.159766,0.379567,-0.462571,-0.603651,0.0662853,-0.371745,-0.159766,0.34161,-0.0987717
724,13.1131,0.317584,0,-0.325672,-0.119107,0.330075,-0.481232,-0.603267,0.120387,-0.325672,-0.119107,0.297067,-0.0752472
725,13.1312,0.318584,0,-0.282045,-0.0924497,0.274989,-0.495369,-0.591334,0.17452,-0.282045,-0.0924497,0.24749,-0.0542914
726,13.1493,0.320351,0,-0.242673,-0.0781803,0.219609,-0.503684,-0.567795,0.224714,-0.242673,-0.0781803,0.197648,-0.0373053
727,13.1674,0.322218,0,-0.209591,-0.0714909,0.166247,-0.505233,-0.533995,0.26704,-0.209591,-0.0714909,0.149622,-0.0243907
728,13.1855,0.323617,0,-0.181041,-0.0699214,0.113782,-0.499615,-0.492603,0.298266,-0.181041,-0.0699214,0.102404,-0.0144195
729,13.2036,0.322537,0,-0.15794,-0.0733926,0.0633414,-0.487078,-0.447176,0.316414,-0.15794,-0.0733926,0.0570072,-0.0070029
730,13.2218,0.318132,0,-0.13997,-0.081007,0.0161062,-0.468501,-0.401508,0.321017,-0.13997,-0.081007,0.0144956,-0.00157806
731,13.2399,0.310765,0,-0.127274,-0.0907333,-0.0285551,-0.445261,-0.358969,0.312999,-0.127274,-0.0907333,-0.0256996,0.00254403
732,13.258,0.301998,0,-0.117741,-0.100134,-0.0712294,-0.419018,-0.322034,0.294284,-0.117741,-0.100134,-0.0641064,0.00587061
733,13.2761,0.291731,0,-0.111414,-0.109693,-0.11167,-0.391481,-0.292119,0.267282,-0.111414,-0.109693,-0.100503,0.00870914
734,13.2942,0.280559,0,-0.108559,-0.120035,-0.150781,-0.364211,-0.269665,0.234437,-0.108559,-0.120035,-0.135703,0.0114581
735,13.3123,0.267982,0,-0.109152,-0.133449,-0.187064,-0.338495,-0.254392,0.197927,-0.109152,-0.133449,-0.168358,0.0142929
736,13.3304,0.255243,0,-0.111497,-0.149098,-0.220738,-0.31529,-0.245592,0.15953,-0.111497,-0.149098,-0.198664,0.0172281
737,13.3485,0.241659,1,-0.116787,-0.16633,-0.250294,-0.295234,-0.242381,0.12061,-0.116787,-0.16633,-0.225265,0.0204617
738,13.3667,0.227883,1,-0.124039,-0.186132,-0.276344,-0.278685,-0.243888,0.0821821,-0.124039,-0.186132,-0.24871,0.0239942
739,13.3848,0.213823,1,-0.133773,-0.208453,-0.298603,-0.265791,-0.249359,0.0449946,-0.133773,-0.208453,-0.268742,0.0279614
740,13.4029,0.200232,1,-0.145852,-0.234471,-0.318194,-0.25655,-0.258209,0.00961863,-0.145852,-0.234471,-0.286374,0.0324864
741,13.421,0.186853,1,-0.161432,-0.264533,-0.334467,-0.250871,-0.27003,-0.0234801,-0.161432,-0.264533,-0.301021,0.0377957
742,13.4391,0.172906,1,-0.179554,-0.298928,-0.344938,-0.248622,-0.284569,-0.0538839,-0.179554,-0.298928,-0.310444,0.0433546
743,13.4572,0.158294,1,-0.201744,-0.337883,-0.348697,-0.24966,-0.301704,-0.0811783,-0.201744,-0.337883,-0.313827,0.0492433
744,13.4753,0.143786,1,-0.227184,-0.382036,-0.344992,-0.253856,-0.3214,-0.104919,-0.227184,-0.382036,-0.310493,0.0548637
745,13.4934,0.129165,1,-0.256482,-0.431014,-0.330514,-0.261102,-0.343665,-0.124603,-0.256482,-0.431014,-0.297463,0.0593397
746,13.5116,0.11674,1,-0.28938,-0.484248,-0.304457,-0.271311,-0.368503,-0.13965,-0.28938,-0.484248,-0.274012,0.0616727
747,13.5297,0.109254,1,-0.326157,-0.539653,-0.265098,-0.28441,-0.395855,-0.149389,-0.326157,-0.539653,-0.238588,0.0605243
748,13.5478,0.109446,1,-0.365978,-0.594534,-0.208388,-0.300314,-0.425532,-0.153055,-0.365978,-0.594534,-0.187549,0.0533857
749,13.5659,0.119329,1,-0.408573,-0.642401,-0.130979,-0.318903,-0.457136,-0.14981,-0.408573,-0.642401,-0.117882,0.0374603
750,13.584,0.1406,1,-0.45156,-0.679401,-0.0340452,-0.33998,-0.489968,-0.138786,-0.45156,-0.679401,-0.0306406,0.0107614
751,13.6021,0.168921,1,-0.492278,-0.695362,0.0788525,-0.36322,-0.522939,-0.11918,-0.492278,-0.695362,0.0709673,-0.0271721
752,13.6202,0.196832,1,-0.525216,-0.68346,0.193851,-0.388119,-0.554493,-0.0904031,-0.525216,-0.68346,0.174466,-0.0712695
753,13.6383,0.221947,1,-0.546494,-0.63935,0.304067,-0.413934,-0.582586,-0.0522845,-0.546494,-0.63935,0.27366,-0.11632
754,13.6564,0.244417,1,-0.554326,-0.566775,0.400402,-0.439647,-0.604758,-0.00533774,-0.554326,-0.566775,0.360362,-0.155367
755,13.6746,0.260351,0,-0.544636,-0.471073,0.467484,-0.463954,-0.618351,0.0489783,-0.544636,-0.471073,0.420735,-0.178226
756,13.6927,0.268803,0,-0.51849,-0.368931,0.498177,-0.485318,-0.6209,0.10808,-0.51849,-0.368931,0.448359,-0.18081
757,13.7108,0.270458,0,-0.47987,-0.274112,0.493363,-0.502092,-0.610664,0.168278,-0.47987,-0.274112,0.444027,-0.165725
758,13.7289,0.271078,0,-0.431236,-0.191419,0.464243,-0.512724,-0.587174,0.225103,-0.431236,-0.191419,0.417819,-0.140139
759,13.747,0.271592,0,-0.377654,-0.125305,0.416802,-0.516008,-0.551607,0.273936,-0.377654,-0.125305,0.375122,-0.110185
760,13.7651,0.271026,0,-0.323643,-0.0792158,0.359013,-0.511331,-0.506785,0.310825,-0.323643,-0.0792158,0.323112,-0.0813343
761,13.7832,0.26941,0,-0.272752,-0.0502503,0.295592,-0.49882,-0.456726,0.333214,-0.272752,-0.0502503,0.266033,-0.0564363
762,13.8013,0.26602,0,-0.22749,-0.0353363,0.232776,-0.479363,-0.405863,0.340338,-0.22749,-0.0353363,0.209499,-0.0370681
763,13.8195,0.261255,0,-0.189172,-0.0281949,0.173516,-0.454459,-0.358206,0.333138,-0.189172,-0.0281949,0.156165,-0.0229772
764,13.8376,0.25527,0,-0.156138,-0.0263741,0.117915,-0.425974,-0.316729,0.313799,-0.156138,-0.0263741,0.106123,-0.0128877
765,13.8557,0.247796,1,-0.129127,-0.0291174,0.0647854,-0.395855,-0.283123,0.285117,-0.129127,-0.0291174,0.0583069,-0.0058559
766,13.8738,0.238934,1,-0.10846,-0.0360756,0.0137202,-0.365888,-0.257897,0.249929,-0.10846,-0.0360756,0.0123482,-0.00104166
767,13.8919,0.229878,1,-0.0930261,-0.0444284,-0.0346798,-0.337542,-0.240685,0.210733,-0.0930261,-0.0444284,-0.0312118,0.00225829
768,13.91,0.221798,1,-0.0808861,-0.0520032,-0.0801032,-0.311897,-0.230609,0.16953,-0.0808861,-0.0520032,-0.0720929,0.00453546
769,13.9281,0.214577,1,-0.0725079,-0.0584372,-0.122581,-0.289659,-0.226598,0.127814,-0.0725079,-0.0584372,-0.110323,0.00622168
770,13.9462,0.208616,1,-0.0674896,-0.0654116,-0.163851,-0.27121,-0.227604,0.0866551,-0.0674896,-0.0654116,-0.147466,0.00774078
771,13.9644,0.203022,1,-0.0656698,-0.0744321,-0.202401,-0.256686,-0.232737,0.0468104,-0.0656698,-0.0744321,-0.182161,0.00930416
772,13.9825,0.198861,1,-0.0651394,-0.0842788,-0.238651,-0.246056,-0.241313,0.00883032,-0.0651394,-0.0842788,-0.214786,0.0108819
773,14.0006,0.195176,1,-0.0666153,-0.0949786,-0.270927,-0.239191,-0.252863,-0.0268553,-0.0666153,-0.0949786,-0.243834,0.0126335
774,14.0187,0.19312,1,-0.0693501,-0.106747,-0.301582,-0.235921,-0.267111,-0.0598716,-0.0693501,-0.106747,-0.271424,0.0146403
775,14.0368,0.192184,1,-0.0741993,-0.120046,-0.330144,-0.236068,-0.283938,-0.0898497,-0.0741993,-0.120046,-0.29713,0.0171475
776,14.0549,0.193062,1,-0.0807479,-0.134927,-0.35776,-0.239479,-0.303339,-0.116389,-0.0807479,-0.134927,-0.321984,0.0202219
777,14.073,0.195059,1,-0.0891324,-0.15181,-0.382746,-0.246034,-0.325381,-0.139027,-0.0891324,-0.15181,-0.344472,0.0238806
778,14.0911,0.198411,1,-0.0990875,-0.171108,-0.405272,-0.255652,-0.350152,-0.157215,-0.0990875,-0.171108,-0.364745,0.0281102
779,14.1092,0.202673,1,-0.111656,-0.194334,-0.425391,-0.268276,-0.377707,-0.170296,-0.111656,-0.194334,-0.382851,0.0332481
780,14.1274,0.208057,1,-0.125887,-0.221926,-0.442601,-0.283865,-0.408002,-0.177494,-0.125887,-0.221926,-0.398341,0.0390024
781,14.1455,0.213813,1,-0.142876,-0.253455,-0.454698,-0.302361,-0.440813,-0.177913,-0.142876,-0.253455,-0.409228,0.0454759
782,14.1636,0.219431,1,-0.162558,-0.290519,-0.460786,-0.323651,-0.475642,-0.170566,-0.162558,-0.290519,-0.414708,0.0524332
783,14.1817,0.224118,1,-0.186284,-0.333617,-0.459421,-0.347518,-0.511599,-0.15444,-0.186284,-0.333617,-0.413479,0.0599078
784,14.1998,0.227496,1,-0.214385,-0.385202,-0.450565,-0.373577,-0.547299,-0.128624,-0.214385,-0.385202,-0.405508,0.0676159
785,14.2179,0.22876,1,-0.247945,-0.444858,-0.431667,-0.401209,-0.580773,-0.092506,-0.247945,-0.444858,-0.3885,0.0749207
786,14.236,0.227301,1,-0.286863,-0.512504,-0.399972,-0.429496,-0.609467,-0.0460621,-0.286863,-0.512504,-0.359974,0.0803159
787,14.2541,0.220808,1,-0.331102,-0.58418,-0.348295,-0.457174,-0.630376,0.00981218,-0.331102,-0.58418,-0.313465,0.0807246
788,14.2723,0.208674,1,-0.380177,-0.654149,-0.273344,-0.48265,-0.640385,0.072986,-0.380177,-0.654149,-0.246009,0.0727433
789,14.2904,0.190434,1,-0.432609,-0.715084,-0.172416,-0.504085,-0.636834,0.139936,-0.432609,-0.715084,-0.155175,0.0522121
790,14.3085,0.168549,1,-0.485254,-0.760123,-0.0469027,-0.51959,-0.618217,0.205902,-0.485254,-0.760123,-0.0422124,0.0159318
791,14.3266,0.145774,1,-0.53361,-0.77513,0.0996491,-0.527506,-0.584819,0.265464,-0.53361,-0.77513,0.0896842,-0.0372217
792,14.3447,0.130068,1,-0.573194,-0.750713,0.252052,-0.526719,-0.539002,0.313468,-0.573194,-0.750713,0.226847,-0.101132
793,14.3628,0.123642,1,-0.595381,-0.678766,0.39224,-0.516924,-0.484928,0.346051,-0.595381,-0.678766,0.353016,-0.163473
794,14.3809,0.131158,1,-0.598844,-0.570939,0.506568,-0.498733,-0.427747,0.361375,-0.598844,-0.570939,0.455912,-0.212349
795,14.399,0.142258,1,-0.577883,-0.435188,0.574057,-0.473586,-0.372521,0.359797,-0.577883,-0.435188,0.516651,-0.232216
796,14.4172,0.152549,1,-0.536649,-0.300953,0.5897,-0.443498,-0.323286,0.343452,-0.536649,-0.300953,0.53073,-0.221523
797,14.4353,0.157323,1,-0.47965,-0.184355,0.560144,-0.41071,-0.28256,0.315492,-0.47965,-0.184355,0.504129,-0.188071
798,14.4534,0.16105,1,-0.413566,-0.0916593,0.505159,-0.377368,-0.251325,0.279311,-0.413566,-0.0916593,0.454643,-0.146242
799,14.4715,0.163863,1,-0.345379,-0.0270095,0.436994,-0.345285,-0.22936,0.237977,-0.345379,-0.0270095,0.393294,-0.10565
800,14.4896,0.166095,1,-0.28007,0.014725,0.362453,-0.315832,-0.215694,0.193957,-0.28007,0.014725,0.326208,-0.0710585
801,14.5077,0.167035,1,-0.221184,0.0352985,0.287917,-0.289917,-0.209037,0.14907,-0.221184,0.0352985,0.259125,-0.0445778
802,14.5258,0.170424,1,-0.170322,0.0461947,0.218273,-0.268045,-0.208082,0.10458,-0.170322,0.0461947,0.196446,-0.0260237
803,14.5439,0.176472,1,-0.126673,0.0515489,0.155246,-0.250409,-0.211694,0.0613366,-0.126673,0.0515489,0.139721,-0.0137658
804,14.562,0.182831,1,-0.0902882,0.050835,0.0971057,-0.23698,-0.218987,0.0199136,-0.0902882,0.050835,0.0873951,-0.00613725
805,14.5802,0.189105,1,-0.0625888,0.0469709,0.0415811,-0.227601,-0.229341,-0.0192799,-0.0625888,0.0469709,0.037423,-0.00182176
806,14.5983,0.196108,1,-0.0405294,0.0411513,-0.0108169,-0.222055,-0.242379,-0.0559164,-0.0405294,0.0411513,-0.00973519,0.000306881
807,14.6164,0.206016,1,-0.0229333,0.0379024,-0.0591475,-0.220114,-0.257926,-0.0896911,-0.0229333,0.0379024,-0.0532327,0.000949511
808,14.6345,0.218455,1,-0.00844018,0.0363043,-0.105197,-0.221576,-0.275968,-0.120279,-0.00844018,0.0363043,-0.0946772,0.000621516
809,14.6526,0.234184,1,0.00365931,0.0375436,-0.14655,-0.226283,-0.296601,-0.147302,0.00365931,0.0375436,-0.131895,-0.000375391
810,14.6707,0.251938,0,0.0131236,0.0392644,-0.185188,-0.234133,-0.319987,-0.170297,0.0131236,0.0392644,-0.166669,-0.00170123
811,14.6888,0.272416,0,0.0209249,0.041984,-0.222006,-0.245071,-0.346305,-0.188694,0.0209249,0.041984,-0.199806,-0.00325183
812,14.7069,0.298032,0,0.0291979,0.0488436,-0.257709,-0.259083,-0.375698,-0.201787,0.0291979,0.0488436,-0.231938,-0.00526719
813,14.7251,0.327717,0,0.0369598,0.0581283,-0.290482,-0.276175,-0.408195,-0.20872,0.0369598,0.0581283,-0.261433,-0.00751529
814,14.7432,0.361904,0,0.0456251,0.0695997,-0.320633,-0.296339,-0.443631,-0.208478,0.0456251,0.0695997,-0.28857,-0.0102403
815,14.7613,0.400058,0,0.0541509,0.0829865,-0.347704,-0.319512,-0.481525,-0.199911,0.0541509,0.0829865,-0.312933,-0.0131799
816,14.7794,0.442667,0,0.0634003,0.0992122,-0.371661,-0.345515,-0.520953,-0.181803,0.0634003,0.0992122,-0.334494,-0.0164944
817,14.7975,0.489839,0,0.0746079,0.118918,-0.392014,-0.373981,-0.560398,-0.15301,0.0746079,0.118918,-0.352813,-0.0204731
818,14.8156,0.541291,0,0.0881677,0.142806,-0.40975,-0.40427,-0.597635,-0.112697,0.0881677,0.142806,-0.368775,-0.0252887
819,14.8337,0.595594,0,0.104145,0.171552,-0.422768,-0.435383,-0.629697,-0.0606825,0.104145,0.171552,-0.380491,-0.0308205
820,14.8518,0.651142,0,0.122737,0.205729,-0.431464,-0.465907,-0.653023,0.00212937,0.122737,0.205729,-0.388317,-0.0370695
821,14.87,0.705368,0,0.144042,0.245826,-0.434588,-0.494011,-0.663864,0.073335,0.144042,0.245826,-0.391129,-0.0438193
822,14.8881,0.756192,0,0.170101,0.292618,-0.431758,-0.517554,-0.65899,0.148803,0.170101,0.292618,-0.388582,-0.0514098
823,14.9062,0.800233,0,0.200935,0.347199,-0.419533,-0.534317,-0.636599,0.222856,0.200935,0.347199,-0.37758,-0.0590092
824,14.9243,0.833911,0,0.236158,0.408206,-0.396124,-0.542359,-0.59714,0.289014,0.236158,0.408206,-0.356511,-0.0654835
825,14.9424,0.854453,0,0.276394,0.473095,-0.358299,-0.540412,-0.543656,0.341212,0.276394,0.473095,-0.322469,-0.0693222
826,14.9605,0.861435,0,0.322833,0.54026,-0.301805,-0.528209,-0.481371,0.375106,0.322833,0.54026,-0.271624,-0.0682028
827,14.9786,0.853634,0,0.37198,0.604282,-0.220994,-0.506597,-0.416568,0.388957,0.37198,0.604282,-0.198894,-0.0575437
828,14.9967,0.833931,0,0.422608,0.658232,-0.115577,-0.477395,-0.355187,0.383723,0.422608,0.658232,-0.104019,-0.0341907
829,15.0148,0.805196,0,0.47191,0.691092,0.0127346,-0.443047,-0.30169,0.362389,0.47191,0.691092,0.0114611,0.0042067
830,15.033,0.771259,0,0.515865,0.692748,0.15761,-0.406176,-0.25857,0.328943,0.515865,0.692748,0.141849,0.0569137
831,15.0511,0.736045,0,0.549937,0.656767,0.306194,-0.369206,-0.226471,0.287401,0.549937,0.656767,0.275574,0.117871
832,15.0692,0.696467,0,0.565366,0.575478,0.434781,-0.334103,-0.204702,0.241196,0.565366,0.575478,0.391303,0.172067
833,15.0873,0.652502,0,0.558832,0.457973,0.529857,-0.302276,-0.191835,0.19293,0.558832,0.457973,0.476871,0.207271
834,15.1054,0.605669,0,0.531343,0.325468,0.579334,-0.274589,-0.186213,0.144408,0.531343,0.325468,0.521401,0.215478
835,15.1235,0.555665,0,0.486222,0.200727,0.578833,-0.251456,-0.186274,0.0968041,0.486222,0.200727,0.52095,0.197009
836,15.1416,0.502194,0,0.426968,0.0924095,0.541694,-0.232955,-0.190728,0.0508469,0.426968,0.0924095,0.487525,0.1619
837,15.1597,0.449556,0,0.360386,0.00780871,0.484549,-0.218949,-0.198615,0.00699106,0.360386,0.00780871,0.436094,0.122237
838,15.1779,0.398937,0,0.293133,-0.052391,0.413328,-0.209181,-0.209294,-0.0344615,0.293133,-0.052391,0.371996,0.0848121
839,15.196,0.354256,0,0.230847,-0.0854909,0.338086,-0.20335,-0.222405,-0.0732766,0.230847,-0.0854909,0.304278,0.0546324
840,15.2141,0.317111,0,0.175352,-0.102382,0.267024,-0.201169,-0.237815,-0.109231,0.175352,-0.102382,0.240321,0.0327762
841,15.2322,0.28724,0,0.128398,-0.109038,0.199436,-0.202394,-0.255564,-0.142072,0.128398,-0.109038,0.179493,0.017925
842,15.2503,0.263919,0,0.0882396,-0.110286,0.135893,-0.206845,-0.27582,-0.171489,0.0882396,-0.110286,0.122303,0.00839378
843,15.2684,0.247324,1,0.0542056,-0.109437,0.0776531,-0.214416,-0.298834,-0.19708,0.0542056,-0.109437,0.0698878,0.00294646
844,15.2865,0.238,1,0.0282695,-0.106228,0.0223748,-0.225067,-0.324894,-0.218329,0.0282695,-0.106228,0.0201373,0.000442767
845,15.3046,0.235291,1,0.00765481,-0.103767,-0.0282261,-0.238818,-0.354282,-0.23457,0.00765481,-0.103767,-0.0254035,-0.000151246
846,15.3228,0.23928,1,-0.0084723,-0.101713,-0.0743143,-0.255733,-0.387205,-0.244963,-0.0084723,-0.101713,-0.0668829,0.000440729
847,15.3409,0.248883,1,-0.0220281,-0.100943,-0.117309,-0.275887,-0.423717,-0.248463,-0.0220281,-0.100943,-0.105578,0.00180886
848,15.359,0.264062,0,-0.0326183,-0.101858,-0.159012,-0.299328,-0.463604,-0.243821,-0.0326183,-0.101858,-0.143111,0.00363069
849,15.3771,0.28449,0,-0.0422105,-0.104745,-0.197004,-0.32602,-0.506233,-0.229613,-0.0422105,-0.104745,-0.177304,0.00582095
850,15.3952,0.308697,0,-0.0518494,-0.111321,-0.2316,-0.355768,-0.550379,-0.204336,-0.0518494,-0.111321,-0.20844,0.00840582
851,15.4133,0.338486,0,-0.059967,-0.118412,-0.26574,-0.388116,-0.594027,-0.166607,-0.059967,-0.118412,-0.239166,0.0111549
852,15.4314,0.372648,0,-0.0675008,-0.127155,-0.298896,-0.422241,-0.634234,-0.115511,-0.0675008,-0.127155,-0.269006,0.014123
853,15.4495,0.408941,0,-0.0760312,-0.138554,-0.329102,-0.456848,-0.667121,-0.051086,-0.0760312,-0.138554,-0.296192,0.0175154
854,15.4676,0.444655,0,-0.0860007,-0.154721,-0.356103,-0.490104,-0.688155,0.0250824,-0.0860007,-0.154721,-0.320493,0.0214376
855,15.4858,0.478363,0,-0.0973768,-0.174346,-0.379886,-0.519673,-0.692813,0.109351,-0.0973768,-0.174346,-0.341897,0.0258945
856,15.5039,0.508539,0,-0.109716,-0.196548,-0.401383,-0.542908,-0.677661,0.195869,-0.109716,-0.196548,-0.361245,0.0308267
857,15.522,0.532027,0,-0.123906,-0.221388,-0.419199,-0.557219,-0.641585,0.277101,-0.123906,-0.221388,-0.377279,0.036359
858,15.5401,0.546106,0,-0.140132,-0.251474,-0.433037,-0.560576,-0.586683,0.345139,-0.140132,-0.251474,-0.389733,0.0424775
859,15.5582,0.549535,0,-0.16021,-0.288062,-0.442855,-0.552009,-0.518274,0.393484,-0.16021,-0.288062,-0.398569,0.0496648
860,15.5763,0.542337,0,-0.183925,-0.331724,-0.446707,-0.531906,-0.443797,0.41859,-0.183925,-0.331724,-0.402036,0.0575125
861,15.5944,0.524932,0,-0.212392,-0.380996,-0.441321,-0.501995,-0.370983,0.420473,-0.212392,-0.380996,-0.397189,0.0656132
862,15.6125,0.500362,0,-0.244565,-0.436732,-0.425744,-0.464972,-0.306106,0.402172,-0.244565,-0.436732,-0.383169,0.0728854
863,15.6307,0.470827,0,-0.281595,-0.499179,-0.395863,-0.423963,-0.252984,0.368437,-0.281595,-0.499179,-0.356277,0.0780312
864,15.6488,0.439549,0,-0.323853,-0.566944,-0.347144,-0.381978,-0.212915,0.324344,-0.323853,-0.566944,-0.31243,0.0786967
865,15.6669,0.410798,0,-0.371336,-0.635042,-0.276222,-0.341523,-0.185275,0.27431,-0.371336,-0.635042,-0.2486,0.0717998
866,15.685,0.390947,0,-0.422007,-0.69871,-0.18255,-0.304424,-0.168335,0.221671,-0.422007,-0.69871,-0.164295,0.0539262
867,15.7031,0.382964,0,-0.474144,-0.746006,-0.0671372,-0.271814,-0.159972,0.168682,-0.474144,-0.746006,-0.0604235,0.0222829
868,15.7212,0.386596,0,-0.522364,-0.765483,0.0701792,-0.244242,-0.158153,0.11673,-0.522364,-0.765483,0.0631613,-0.0256614
869,15.7393,0.402255,0,-0.562826,-0.749597,0.217953,-0.221814,-0.161183,0.0666079,-0.562826,-0.749597,0.196158,-0.0858689
870,15.7574,0.422589,0,-0.589026,-0.691097,0.356254,-0.204351,-0.167784,0.0187418,-0.589026,-0.691097,0.320629,-0.14689
871,15.7756,0.441726,0,-0.596319,-0.594341,0.470752,-0.191514,-0.177091,-0.026642,-0.596319,-0.594341,0.423677,-0.196503
872,15.7937,0.45297,0,-0.580286,-0.467357,0.54697,-0.182902,-0.188591,-0.069408,-0.580286,-0.467357,0.492273,-0.222179
873,15.8118,0.455758,0,-0.544391,-0.336164,0.576855,-0.178122,-0.202056,-0.109445,-0.544391,-0.336164,0.519169,-0.219824
874,15.8299,0.447863,0,-0.492637,-0.21986,0.561897,-0.17683,-0.217477,-0.146624,-0.492637,-0.21986,0.505708,-0.193768
875,15.848,0.433026,0,-0.430822,-0.123451,0.516762,-0.178763,-0.235013,-0.180773,-0.430822,-0.123451,0.465086,-0.155843
876,15.8661,0.414507,0,-0.364494,-0.0526271,0.453067,-0.183743,-0.254941,-0.211648,-0.364494,-0.0526271,0.40776,-0.115598
877,15.8842,0.39612,0,-0.300229,-0.00495662,0.381254,-0.191685,-0.277625,-0.23891,-0.300229,-0.00495662,0.343128,-0.0801244
878,15.9023,0.378411,0,-0.24075,0.0210611,0.306059,-0.202589,-0.303479,-0.262098,-0.24075,0.0210611,0.275453,-0.0515786
879,15.9204,0.365407,0,-0.188341,0.0332401,0.234865,-0.216534,-0.332927,-0.280589,-0.188341,0.0332401,0.211379,-0.0309643
880,15.9386,0.358507,0,-0.144272,0.0380214,0.169116,-0.233656,-0.366358,-0.293561,-0.144272,0.0380214,0.152204,-0.017079
881,15.9567,0.35814,0,-0.107811,0.037804,0.110109,-0.254131,-0.404049,-0.299951,-0.107811,0.037804,0.0990985,-0.00830973
882,15.9748,0.362428,0,-0.0789568,0.0336807,0.0540613,-0.278133,-0.446056,-0.298422,-0.0789568,0.0336807,0.0486552,-0.00298796
883,15.9929,0.371771,0,-0.0567281,0.0272701,0.000590013,-0.305781,-0.492061,-0.287351,-0.0567281,0.0272701,0.000531012,-2.34292e-05
884,16.011,0.388794,0,-0.0383097,0.022245,-0.0485443,-0.337066,-0.54116,-0.264882,-0.0383097,0.022245,-0.0436899,0.0013018
885,16.0291,0.413144,0,-0.0244297,0.0195243,-0.0950598,-0.37174,-0.591604,-0.229077,-0.0244297,0.0195243,-0.0855538,0.0016256
886,16.0472,0.44459,0,-0.0129052,0.01855,-0.138846,-0.409184,-0.640536,-0.178229,-0.0129052,0.01855,-0.124961,0.00125428
887,16.0653,0.481555,0,-0.00385498,0.0187783,-0.178938,-0.448253,-0.683813,-0.111398,-0.00385498,0.0187783,-0.161045,0.000482863
888,16.0835,0.521714,0,0.00317316,0.019443,-0.216576,-0.487142,-0.7161,-0.029164,0.00317316,0.019443,-0.194919,-0.000481061
889,16.1016,0.563774,0,0.00963066,0.0219654,-0.25363,-0.523336,-0.731431,0.0655306,0.00963066,0.0219654,-0.228267,-0.00170984
890,16.1197,0.604533,0,0.0159223,0.0268629,-0.288699,-0.553723,-0.724409,0.166797,0.0159223,0.0268629,-0.259829,-0.00321772
891,16.1378,0.639762,0,0.021903,0.0340195,-0.321139,-0.574963,-0.691896,0.265958,0.021903,0.0340195,-0.289025,-0.00492374
892,16.1559,0.66636,0,0.0288983,0.0431497,-0.352072,-0.584096,-0.63465,0.352862,0.0288983,0.0431497,-0.316865,-0.007122
893,16.174,0.680227,0,0.0354161,0.0535332,-0.379489,-0.579268,-0.557991,0.418212,0.0354161,0.0535332,-0.34154,-0.009408
894,16.1921,0.68121,0,0.0426106,0.065945,-0.404479,-0.560287,-0.470844,0.456053,0.0426106,0.065945,-0.364031,-0.0120646
895,16.2102,0.669831,0,0.0509419,0.0814134,-0.425839,-0.528772,-0.38338,0.465183,0.0509419,0.0814134,-0.383255,-0.0151851
896,16.2284,0.649494,0,0.061875,0.100748,-0.445193,-0.487793,-0.304339,0.44884,0.061875,0.100748,-0.400674,-0.0192824
897,16.2465,0.622256,0,0.0743758,0.124109,-0.46095,-0.441168,-0.239278,0.412991,0.0743758,0.124109,-0.414855,-0.0239985
898,16.2646,0.591916,0,0.0890141,0.151085,-0.473904,-0.392694,-0.190233,0.364281,0.0890141,0.151085,-0.426513,-0.0295289
899,16.2827,0.561297,0,0.105785,0.182662,-0.482961,-0.345573,-0.156485,0.308505,0.105785,0.182662,-0.434665,-0.0357631
900,16.3008,0.534086,0,0.126288,0.220384,-0.488553,-0.302135,-0.135733,0.249944,0.126288,0.220384,-0.439698,-0.043189
901,16.3189,0.511982,0,0.15099,0.265691,-0.48804,-0.263803,-0.125133,0.191357,0.15099,0.265691,-0.439236,-0.0515824
902,16.337,0.497743,0,0.180713,0.319733,-0.480855,-0.231233,-0.121978,0.134318,0.180713,0.319733,-0.43277,-0.0608279
903,16.3551,0.493002,0,0.215826,0.383206,-0.463698,-0.204512,-0.12403,0.0796077,0.215826,0.383206,-0.417328,-0.0700547
904,16.3732,0.498349,0,0.255415,0.45373,-0.433137,-0.183359,-0.129622,0.0275486,0.255415,0.45373,-0.389823,-0.0774406
905,16.3914,0.514329,0,0.301803,0.529216,-0.380772,-0.167294,-0.137619,-0.0217721,0.301803,0.529216,-0.342694,-0.0804425
906,16.4095,0.541965,0,0.353902,0.604893,-0.304125,-0.155758,-0.147333,-0.0683658,0.353902,0.604893,-0.273713,-0.0753414
907,16.4276,0.579826,0,0.409217,0.672507,-0.198472,-0.148206,-0.158422,-0.112268,0.409217,0.672507,-0.178624,-0.0568525
908,16.4457,0.626864,0,0.464874,0.72354,-0.0634687,-0.144154,-0.170807,-0.1535,0.464874,0.72354,-0.0571218,-0.0206534
909,16.4638,0.6784,0,0.51773,0.74398,0.093568,-0.143211,-0.1846,-0.19205,0.51773,0.74398,0.0842112,0.0339101
910,16.4819,0.727599,0,0.561566,0.721446,0.261713,-0.145089,-0.200054,-0.227856,0.561566,0.721446,0.235541,0.102878
911,16.5,0.765781,0,0.588147,0.647876,0.42188,-0.149612,-0.21753,-0.260796,0.588147,0.647876,0.379692,0.173689
912,16.5181,0.783225,0,0.590763,0.526792,0.544508,-0.156706,-0.23747,-0.290666,0.590763,0.526792,0.490057,0.225173
913,16.5363,0.77974,0,0.567865,0.377131,0.620078,-0.166399,-0.260387,-0.317158,0.567865,0.377131,0.558071,0.246485
914,16.5544,0.753842,0,0.523207,0.228007,0.633281,-0.178811,-0.286841,-0.339825,0.523207,0.228007,0.569953,0.231936
915,16.5725,0.711652,0,0.459872,0.0974623,0.600855,-0.194147,-0.317421,-0.35804,0.459872,0.0974623,0.540769,0.193421
916,16.5906,0.661146,0,0.387102,-0.00467513,0.540371,-0.212678,-0.352706,-0.370937,0.387102,-0.00467513,0.486334,0.146425
917,16.6087,0.606196,0,0.310845,-0.0778442,0.462484,-0.234727,-0.393199,-0.377352,0.310845,-0.0778442,0.416236,0.100633
918,16.6268,0.554515,0,0.2392,-0.120266,0.379826,-0.260634,-0.439214,-0.375752,0.2392,-0.120266,0.341843,0.0635979
919,16.6449,0.510582,0,0.17535,-0.141621,0.301407,-0.290703,-0.490698,-0.364191,0.17535,-0.141621,0.271266,0.0369963
920,16.663,0.476172,0,0.121358,-0.150285,0.228482,-0.325119,-0.546971,-0.340303,0.121358,-0.150285,0.205634,0.0194097
921,16.6812,0.451701,0,0.0748575,-0.151997,0.160327,-0.363824,-0.606366,-0.301419,0.0748575,-0.151997,0.144294,0.00840116
922,16.6993,0.44047,0,0.0368845,-0.149496,0.100098,-0.406343,-0.665804,-0.244889,0.0368845,-0.149496,0.0900878,0.00258443
923,16.7174,0.441614,0,0.00618449,-0.145889,0.0444725,-0.451565,-0.720416,-0.168722,0.00618449,-0.145889,0.0400252,0.000192528
924,16.7355,0.453483,0,-0.0178378,-0.144936,-0.00695935,-0.497518,-0.763431,-0.072622,-0.0178378,-0.144936,-0.00626341,8.68977e-05
925,16.7536,0.473664,0,-0.0374863,-0.146015,-0.0532514,-0.541217,-0.786718,0.0406991,-0.0374863,-0.146015,-0.0479263,0.00139734
926,16.7717,0.498153,0,-0.0545073,-0.148602,-0.09653,-0.578728,-0.782322,0.164356,-0.0545073,-0.148602,-0.086877,0.00368311
927,16.7898,0.522832,0,-0.0688452,-0.153099,-0.139023,-0.605603,-0.744999,0.287127,-0.0688452,-0.153099,-0.125121,0.00669976
928,16.8079,0.540343,0,-0.0822316,-0.162309,-0.176162,-0.617722,-0.674946,0.395121,-0.0822316,-0.162309,-0.158546,0.0101403
929,16.826,0.547752,0,-0.0954496,-0.174979,-0.209886,-0.612384,-0.579178,0.475313,-0.0954496,-0.174979,-0.188897,0.0140235
930,16.8442,0.543222,0,-0.107385,-0.19013,-0.238523,-0.589206,-0.470211,0.51955,-0.107385,-0.19013,-0.21467,0.0179297
931,16.8623,0.527379,0,-0.120463,-0.207024,-0.264036,-0.550371,-0.362295,0.526821,-0.120463,-0.207024,-0.237632,0.0222647
932,16.8804,0.502615,0,-0.134447,-0.226374,-0.286442,-0.500072,-0.267178,0.502557,-0.134447,-0.226374,-0.257798,0.0269579
933,16.8985,0.472506,0,-0.149967,-0.250398,-0.30601,-0.443413,-0.191559,0.455708,-0.149967,-0.250398,-0.275409,0.0321241
934,16.9166,0.44008,0,-0.167013,-0.279249,-0.320834,-0.385298,-0.136989,0.395492,-0.167013,-0.279249,-0.288751,0.0375084
935,16.9347,0.407999,0,-0.187452,-0.312289,-0.329996,-0.329649,-0.101388,0.329315,-0.187452,-0.312289,-0.296996,0.0433009
936,16.9528,0.379006,0,-0.21074,-0.350715,-0.332424,-0.279116,-0.0809318,0.262116,-0.21074,-0.350715,-0.299181,0.0490385
937,16.9709,0.355687,0,-0.237998,-0.396333,-0.326789,-0.235127,-0.0715078,0.196679,-0.237998,-0.396333,-0.29411,0.0544426
938,16.9891,0.340091,0,-0.268914,-0.448236,-0.311297,-0.198148,-0.0695153,0.134292,-0.268914,-0.448236,-0.280167,0.0585984
939,17.0072,0.33222,0,-0.303506,-0.503072,-0.281098,-0.167982,-0.0721646,0.0753612,-0.303506,-0.503072,-0.252988,0.0597204
940,17.0253,0.333543,0,-0.340888,-0.558025,-0.233281,-0.144039,-0.0774779,0.0198563,-0.340888,-0.558025,-0.209952,0.0556658
941,17.0434,0.346329,0,-0.381772,-0.609361,-0.167862,-0.125542,-0.084162,-0.0324264,-0.381772,-0.609361,-0.151076,0.0448594
942,17.0615,0.370392,0,-0.423622,-0.652029,-0.0848145,-0.111675,-0.0914487,-0.0817302,-0.423622,-0.652029,-0.0763331,0.0251505
943,17.0796,0.402668,0,-0.464505,-0.677171,0.0146524,-0.101665,-0.0989471,-0.12828,-0.464505,-0.677171,0.0131871,-0.00476427
944,17.0977,0.439636,0,-0.500252,-0.679201,0.123578,-0.0948376,-0.106526,-0.172265,-0.500252,-0.679201,0.11122,-0.0432741
945,17.1158,0.477296,0,-0.528202,-0.655073,0.232764,-0.0906312,-0.114227,-0.213837,-0.528202,-0.655073,0.209487,-0.0860624
946,17.134,0.510992,0,-0.544109,-0.604044,0.333134,-0.0886062,-0.122206,-0.253114,-0.544109,-0.604044,0.299821,-0.126883
947,17.1521,0.535398,0,-0.545193,-0.52771,0.412453,-0.0884381,-0.130693,-0.290188,-0.545193,-0.52771,0.371208,-0.157407
948,17.1702,0.548462,0,-0.529927,-0.43521,0.463327,-0.0899084,-0.139972,-0.325122,-0.529927,-0.43521,0.416994,-0.171871
949,17.1883,0.550632,0,-0.500872,-0.339889,0.483016,-0.0928941,-0.150376,-0.357951,-0.500872,-0.339889,0.434714,-0.16935
950,17.2064,0.54217,0,-0.46003,-0.252043,0.472867,-0.0973587,-0.162279,-0.388677,-0.46003,-0.252043,0.425581,-0.152273
951,17.2245,0.526603,0,-0.411719,-0.177305,0.441134,-0.103345,-0.17611,-0.417258,-0.411719,-0.177305,0.397021,-0.127137
952,17.2426,0.505657,0,-0.359763,-0.119946,0.393019,-0.110972,-0.192358,-0.443596,-0.359763,-0.119946,0.353717,-0.0989756
953,17.2607,0.48268,0,-0.309252,-0.0793272,0.336098,-0.120432,-0.211585,-0.467515,-0.309252,-0.0793272,0.302488,-0.0727571
954,17.2788,0.4587,0,-0.261418,-0.0544696,0.27421,-0.131991,-0.234438,-0.488729,-0.261418,-0.0544696,0.246789,-0.0501784
955,17.297,0.436906,0,-0.219479,-0.0429201,0.213905,-0.145994,-0.261655,-0.506799,-0.219479,-0.0429201,0.192515,-0.0328634
956,17.3151,0.417711,0,-0.183694,-0.0379738,0.155261,-0.162866,-0.294065,-0.521075,-0.183694,-0.0379738,0.139735,-0.0199644
957,17.3332,0.40129,0,-0.153881,-0.0377789,0.0981565,-0.183111,-0.332566,-0.53061,-0.153881,-0.0377789,0.0883408,-0.0105731
958,17.3513,0.389478,0,-0.129783,-0.0423796,0.0459244,-0.207308,-0.378073,-0.534057,-0.129783,-0.0423796,0.0413319,-0.00417214
959,17.3694,0.381658,0,-0.111888,-0.0503786,-0.00380688,-0.236089,-0.431402,-0.52953,-0.111888,-0.0503786,-0.00342619,0.00029816
960,17.3875,0.379721,0,-0.0980958,-0.0597085,-0.0505744,-0.270096,-0.493053,-0.514463,-0.0980958,-0.0597085,-0.045517,0.0034728
961,17.4056,0.386332,0,-0.0879108,-0.0672494,-0.0945188,-0.309888,-0.562856,-0.48549,-0.0879108,-0.0672494,-0.0850669,0.00581646
962,17.4237,0.402479,0,-0.0808267,-0.0743878,-0.136552,-0.355785,-0.639394,-0.438437,-0.0808267,-0.0743878,-0.122896,0.0077259
963,17.4419,0.428665,0,-0.0774698,-0.0824641,-0.176745,-0.407617,-0.719217,-0.368606,-0.0774698,-0.0824641,-0.159071,0.0095847
964,17.46,0.464628,0,-0.0767784,-0.0929536,-0.21449,-0.464353,-0.79592,-0.271608,-0.0767784,-0.0929536,-0.193041,0.0115277
965,17.4781,0.509441,0,-0.0781738,-0.104909,-0.248856,-0.523655,-0.859468,-0.145039,-0.0781738,-0.104909,-0.22397,0.0136178
966,17.4962,0.559862,0,-0.081192,-0.118217,-0.281387,-0.581463,-0.896532,0.00893886,-0.081192,-0.118217,-0.253248,0.0159924
967,17.5143,0.609948,0,-0.0862993,-0.133341,-0.310636,-0.631896,-0.892901,0.180792,-0.0862993,-0.133341,-0.279573,0.0187654
968,17.5324,0.65299,0,-0.0929908,-0.1508,-0.337369,-0.667857,-0.838438,0.352464,-0.0929908,-0.1508,-0.303632,0.0219606
969,17.5505,0.682429,0,-0.102299,-0.170461,-0.362201,-0.682563,-0.733097,0.500273,-0.102299,-0.170461,-0.325981,0.025937
970,17.5686,0.69349,0,-0.113492,-0.193264,-0.384375,-0.671692,-0.590087,0.602403,-0.113492,-0.193264,-0.345938,0.0305364
971,17.5868,0.684605,0,-0.127578,-0.219579,-0.402847,-0.635129,-0.432558,0.647431,-0.127578,-0.219579,-0.362562,0.035976
972,17.6049,0.659237,0,-0.143846,-0.250443,-0.417742,-0.577233,-0.28484,0.638087,-0.143846,-0.250443,-0.375968,0.0420634
973,17.623,0.621567,0,-0.162986,-0.28512,-0.42562,-0.505389,-0.16393,0.587845,-0.162986,-0.28512,-0.383058,0.0485592
974,17.6411,0.579266,0,-0.185227,-0.325287,-0.427524,-0.427737,-0.0762253,0.513647,-0.185227,-0.325287,-0.384772,0.0554324
975,17.6592,0.538217,0,-0.21158,-0.37216,-0.42172,-0.351245,-0.0195708,0.429871,-0.21158,-0.37216,-0.379548,0.0624594
976,17.6773,0.503614,0,-0.242564,-0.427378,-0.406341,-0.280755,0.0125794,0.345894,-0.242564,-0.427378,-0.365707,0.0689946
977,17.6954,0.47916,0,-0.279201,-0.490632,-0.378876,-0.218919,0.0276772,0.266495,-0.279201,-0.490632,-0.340989,0.074048
978,17.7135,0.465628,0,-0.32021,-0.558045,-0.33434,-0.166633,0.0321913,0.193358,-0.32021,-0.558045,-0.300906,0.0749412
979,17.7316,0.463434,0,-0.366346,-0.624411,-0.268228,-0.123603,0.0309992,0.126522,-0.366346,-0.624411,-0.241405,0.068785
980,17.7498,0.47297,0,-0.41522,-0.68324,-0.17854,-0.0888501,0.0274618,0.065361,-0.41522,-0.68324,-0.160686,0.0518933
981,17.7679,0.495302,0,-0.465628,-0.729055,-0.0657655,-0.0610802,0.0237453,0.00910252,-0.465628,-0.729055,-0.059189,0.0214356
982,17.786,0.526457,0,-0.512511,-0.750076,0.0682775,-0.0389261,0.021169,-0.0429361,-0.512511,-0.750076,0.0614497,-0.0244951
983,17.8041,0.561662,0,-0.552564,-0.736644,0.209817,-0.0210852,0.0204955,-0.0912826,-0.552564,-0.736644,0.188835,-0.0811561
984,17.8222,0.591368,0,-0.577086,-0.680474,0.34303,-0.0063869,0.0221507,-0.136311,-0.577086,-0.680474,0.308727,-0.13857
985,17.8403,0.614592,0,-0.585608,-0.588731,0.457808,0.00618519,0.0263784,-0.178267,-0.585608,-0.588731,0.412027,-0.187667
986,17.8584,0.622793,0,-0.571845,-0.468738,0.533841,0.0174991,0.0333469,-0.217289,-0.571845,-0.468738,0.480457,-0.213692
987,17.8765,0.61562,0,-0.538192,-0.341368,0.563981,0.0282947,0.0432191,-0.253424,-0.538192,-0.341368,0.507583,-0.212471
988,17.8947,0.593548,0,-0.489102,-0.228277,0.548146,0.0392104,0.0561973,-0.286634,-0.489102,-0.228277,0.493332,-0.18767
989,17.9128,0.561817,0,-0.429285,-0.13405,0.504031,0.0508115,0.0725507,-0.316786,-0.429285,-0.13405,0.453628,-0.151461
990,17.9309,0.524672,0,-0.365073,-0.0640767,0.442186,0.0636169,0.0926281,-0.343633,-0.365073,-0.0640767,0.397967,-0.113001
991,17.949,0.487129,0,-0.302673,-0.0170654,0.374119,0.0781226,0.11686,-0.366787,-0.302673,-0.0170654,0.336707,-0.0792649
992,17.9671,0.449773,0,-0.244518,0.0090408,0.302109,0.0948194,0.145748,-0.385677,-0.244518,0.0090408,0.271898,-0.0517098
993,17.9852,0.416786,0,-0.194401,0.0221757,0.233788,0.114204,0.179831,-0.399488,-0.194401,0.0221757,0.210409,-0.0318139
994,18.0033,0.388504,0,-0.151122,0.0284198,0.170273,0.136782,0.219627,-0.407099,-0.151122,0.0284198,0.153245,-0.0180123
995,18.0214,0.365969,0,-0.114158,0.0296697,0.111971,0.163048,0.265529,-0.406996,-0.114158,0.0296697,0.100774,-0.00894765
996,18.0396,0.35031,0,-0.0850773,0.0265524,0.0564904,0.193456,0.317631,-0.39721,-0.0850773,0.0265524,0.0508414,-0.00336424
997,18.0577,0.343702,0,-0.0628394,0.0203739,0.0035626,0.228346,0.37546,-0.375276,-0.0628394,0.0203739,0.00320634,-0.00015671
998,18.0758,0.347289,0,-0.0450676,0.0152157,-0.0458715,0.267829,0.437603,-0.338298,-0.0450676,0.0152157,-0.0412843,0.00144712
999,18.0939,0.362507,0,-0.0315487,0.0111872,-0.0925876,0.311614,0.50122,-0.283218,-0.0315487,0.0111872,-0.0833288,0.00204471
1000,18.112,0.389077,0,-0.0204271,0.00903735,-0.136185,0.358775,0.561554,-0.207414,-0.0204271,0.00903735,-0.122567,0.00194731
1001,18.1301,0.426048,0,-0.0118853,0.00809328,-0.176128,0.407485,0.611644,-0.109758,-0.0118853,0.00809328,-0.158515,0.00146533
1002,18.1482,0.47056,0,-0.00510778,0.00728291,-0.213589,0.4548,0.642661,0.00790392,-0.00510778,0.00728291,-0.19223,0.000763675
1003,18.1663,0.517502,0,0.000675571,0.00815405,-0.249922,0.496637,0.645337,0.139238,0.000675571,0.00815405,-0.22493,-0.000118188
1004,18.1844,0.561204,0,0.0061253,0.0108217,-0.28409,0.528136,0.61269,0.272786,0.0061253,0.0108217,-0.255681,-0.0012181
1005,18.2026,0.596599,0,0.0104724,0.015872,-0.316845,0.544535,0.543332,0.393335,0.0104724,0.015872,-0.285161,-0.00232268
1006,18.2207,0.618882,0,0.0159967,0.0227123,-0.34785,0.542393,0.443645,0.485675,0.0159967,0.0227123,-0.313065,-0.00389511
1007,18.2388,0.626052,0,0.0211032,0.0305293,-0.376178,0.520741,0.32692,0.539429,0.0211032,0.0305293,-0.33856,-0.005557
1008,18.2569,0.618589,0,0.0267867,0.0398657,-0.402955,0.481535,0.20929,0.55227,0.0267867,0.0398657,-0.36266,-0.00755568
1009,18.275,0.598314,0,0.0331817,0.0515086,-0.426566,0.429155,0.104605,0.529638,0.0331817,0.0515086,-0.383909,-0.00990794
1010,18.2931,0.570028,0,0.0412285,0.0657105,-0.448703,0.369197,0.0210614,0.48148,0.0412285,0.0657105,-0.403833,-0.0129496
1011,18.3112,0.53761,0,0.0505434,0.0826946,-0.468437,0.307149,-0.0392086,0.418336,0.0505434,0.0826946,-0.421593,-0.0165735
1012,18.3293,0.50464,0,0.061772,0.103406,-0.485822,0.247449,-0.0784303,0.348711,0.061772,0.103406,-0.437239,-0.0210071
1013,18.3475,0.473214,0,0.0745609,0.127762,-0.499879,0.193098,-0.100933,0.278224,0.0745609,0.127762,-0.449891,-0.02609
1014,18.3656,0.445561,0,0.089652,0.15656,-0.511582,0.145714,-0.111406,0.209962,0.089652,0.15656,-0.460424,-0.032105
1015,18.3837,0.422269,0,0.107709,0.190711,-0.519649,0.105819,-0.113941,0.14527,0.107709,0.190711,-0.467684,-0.0391795
1016,18.4018,0.40436,0,0.130021,0.231562,-0.523346,0.0731855,-0.11169,0.084493,0.130021,0.231562,-0.471012,-0.0476322
1017,18.4199,0.39295,0,0.156317,0.280998,-0.521006,0.0471424,-0.106881,0.0275009,0.156317,0.280998,-0.468906,-0.0570097
1018,18.438,0.389438,0,0.188116,0.339852,-0.510412,0.0268126,-0.100966,-0.0260097,0.188116,0.339852,-0.459371,-0.0672118
1019,18.4561,0.396403,0,0.226361,0.410138,-0.488864,0.0112712,-0.0948242,-0.0763657,0.226361,0.410138,-0.439978,-0.0774619
1020,18.4742,0.413165,0,0.269607,0.487473,-0.450971,-0.000357535,-0.0889227,-0.123858,0.269607,0.487473,-0.405874,-0.0851096
1021,18.4924,0.440352,0,0.320095,0.568915,-0.387666,-0.00884813,-0.083459,-0.16873,0.320095,0.568915,-0.3489,-0.086863
1022,18.5105,0.478881,0,0.3761,0.648076,-0.296518,-0.0148533,-0.0784589,-0.211177,0.3761,0.648076,-0.266867,-0.0780643
1023,18.5286,0.528066,0,0.435033,0.716348,-0.17326,-0.0189015,-0.073846,-0.25136,0.435033,0.716348,-0.155934,-0.0527617
1024,18.5467,0.585533,0,0.493363,0.761812,-0.0201546,-0.0214059,-0.0694861,-0.289417,0.493363,0.761812,-0.0181392,-0.00696048
1025,18.5648,0.646088,0,0.547395,0.769669,0.154409,-0.0226769,-0.0652149,-0.325463,0.547395,0.769669,0.138968,0.0591659
1026,18.5829,0.701763,0,0.589037,0.72703,0.334765,-0.0229376,-0.0608518,-0.359601,0.589037,0.72703,0.301288,0.138032
1027,18.601,0.741042,0,0.608388,0.626174,0.493502,-0.0223367,-0.0562058,-0.391921,0.608388,0.626174,0.444152,0.210168
1028,18.6191,0.759155,0,0.600466,0.478898,0.607987,-0.0209603,-0.051075,-0.422502,0.600466,0.478898,0.547188,0.255553
1029,18.6372,0.754577,0,0.566454,0.315136,0.660216,-0.018841,-0.045242,-0.451411,0.566454,0.315136,0.594195,0.261787
1030,18.6554,0.729033,0,0.509339,0.15957,0.652362,-0.0159643,-0.038467,-0.478702,0.509339,0.15957,0.587126,0.232591
1031,18.6735,0.689364,0,0.43617,0.0321785,0.600417,-0.0122716,-0.0304775,-0.50441,0.43617,0.0321785,0.540375,0.183319
1032,18.6916,0.645154,0,0.356653,-0.0622494,0.527025,-0.00766183,-0.0209575,-0.528552,0.356653,-0.0622494,0.474322,0.131575
1033,18.7097,0.598115,0,0.27704,-0.123532,0.440038,-0.0019899,-0.00953383,-0.55111,0.27704,-0.123532,0.396034,0.0853357
1034,18.7278,0.553769,0,0.204357,-0.155146,0.352533,0.00493726,0.00423885,-0.572026,0.204357,-0.155146,0.31728,0.0504297
1035,18.7459,0.51724,0,0.141768,-0.170318,0.274589,0.0133665,0.0208951,-0.591184,0.141768,-0.170318,0.24713,0.0272495
1036,18.764,0.485595,0,0.0877388,-0.175882,0.201698,0.0236066,0.0410765,-0.608378,0.0877388,-0.175882,0.181529,0.0123877
1037,18.7821,0.460405,0,0.0435855,-0.173517,0.137447,0.036038,0.0655496,-0.623283,0.0435855,-0.173517,0.123702,0.00419348
1038,18.8003,0.440849,0,0.00792732,-0.16934,0.0795828,0.0511242,0.0952198,-0.63539,0.00792732,-0.16934,0.0716245,0.000441615
1039,18.8184,0.42725,0,-0.02137,-0.167695,0.0269515,0.0694219,0.131135,-0.643931,-0.02137,-0.167695,0.0242564,-0.000403168
1040,18.8365,0.420073,0,-0.0444404,-0.168721,-0.0207907,0.0915895,0.174468,-0.647767,-0.0444404,-0.168721,-0.0187116,0.000646762
1041,18.8546,0.419938,0,-0.0644421,-0.171904,-0.0647725,0.118385,0.226451,-0.64523,-0.0644421,-0.171904,-0.0582953,0.00292186
1042,18.8727,0.427191,0,-0.081732,-0.176932,-0.10752,0.150649,0.288232,-0.633922,-0.081732,-0.176932,-0.0967678,0.00615147
1043,18.8908,0.445414,0,-0.0968276,-0.185703,-0.146895,0.189246,0.360579,-0.610489,-0.0968276,-0.185703,-0.132206,0.00995647
1044,18.9089,0.478034,0,-0.111648,-0.199517,-0.180379,0.234951,0.443362,-0.57041,-0.111648,-0.199517,-0.162341,0.0140973
1045,18.927,0.524295,0,-0.124926,-0.216174,-0.207693,0.288226,0.534696,-0.507952,-0.124926,-0.216174,-0.186924,0.0181624
1046,18.9452,0.58359,0,-0.139704,-0.235588,-0.231303,0.348847,0.629699,-0.416584,-0.139704,-0.235588,-0.208172,0.0226197
1047,18.9633,0.65368,0,-0.156315,-0.257474,-0.251566,0.415352,0.719045,-0.290313,-0.156315,-0.257474,-0.22641,0.0275265
1048,18.9814,0.730016,0,-0.173612,-0.282556,-0.267194,0.484347,0.787985,-0.126479,-0.173612,-0.282556,-0.240475,0.0324716
1049,18.9995,0.805757,0,-0.192635,-0.311894,-0.278188,0.549925,0.817313,0.0699887,-0.192635,-0.311894,-0.250369,0.0375122
1050,19.0176,0.870615,0,-0.213792,-0.345784,-0.283135,0.603692,0.788138,0.282422,-0.213792,-0.345784,-0.254822,0.0423725
1051,19.0357,0.912939,0,-0.238329,-0.384266,-0.27961,0.636055,0.690682,0.482173,-0.238329,-0.384266,-0.251649,0.0466473
1052,19.0538,0.924406,0,-0.266434,-0.429926,-0.26758,0.638969,0.532971,0.636109,-0.266434,-0.429926,-0.240822,0.0499048
1053,19.0719,0.900128,0,-0.298429,-0.480297,-0.244768,0.60913,0.341744,0.720258,-0.298429,-0.480297,-0.220291,0.051132
1054,19.09,0.841329,0,-0.332694,-0.530244,-0.207256,0.549674,0.152043,0.730515,-0.332694,-0.530244,-0.186531,0.048267
1055,19.1082,0.757695,0,-0.368975,-0.575949,-0.153019,0.46909,-0.00775088,0.681907,-0.368975,-0.575949,-0.137717,0.0395221
1056,19.1263,0.663379,0,-0.406442,-0.614308,-0.0836301,0.378093,-0.12458,0.598196,-0.406442,-0.614308,-0.0752671,0.0237936
1057,19.1444,0.570503,0,-0.443353,-0.63978,0.000964669,0.286427,-0.199494,0.500954,-0.443353,-0.63978,0.000868202,-0.000299382
1058,19.1625,0.489647,0,-0.476554,-0.646528,0.0947378,0.201058,-0.241251,0.40434,-0.476554,-0.646528,0.085264,-0.0316034
1059,19.1806,0.427774,0,-0.503198,-0.631737,0.191358,0.125866,-0.260384,0.31524,-0.503198,-0.631737,0.172222,-0.0674037
1060,19.1987,0.387011,0,-0.520318,-0.594209,0.283108,0.0622228,-0.265986,0.235703,-0.520318,-0.594209,0.254797,-0.103114
1061,19.2168,0.364316,0,-0.525942,-0.53547,0.359852,0.0098251,-0.264743,0.165332,-0.525942,-0.53547,0.323866,-0.132483
1062,19.2349,0.351738,0,-0.517309,-0.459854,0.413818,-0.0325724,-0.261116,0.102865,-0.517309,-0.459854,0.372436,-0.14985
1063,19.2531,0.343551,0,-0.49576,-0.376784,0.441682,-0.066632,-0.257888,0.0469722,-0.49576,-0.376784,0.397514,-0.153278
1064,19.2712,0.335346,0,-0.463864,-0.296729,0.442723,-0.0941052,-0.2567,-0.00342237,-0.463864,-0.296729,0.398451,-0.143755
1065,19.2893,0.325629,0,-0.423348,-0.225207,0.423081,-0.11665,-0.258473,-0.0490762,-0.423348,-0.225207,0.380773,-0.125377
1066,19.3074,0.314268,0,-0.37798,-0.167648,0.387449,-0.135748,-0.263699,-0.0904536,-0.37798,-0.167648,0.348704,-0.102513
1067,19.3255,0.301814,0,-0.332247,-0.124223,0.3402,-0.152677,-0.272642,-0.127776,-0.332247,-0.124223,0.30618,-0.0791213
1068,19.3436,0.28889,0,-0.288208,-0.0946407,0.285739,-0.168519,-0.285462,-0.161065,-0.288208,-0.0946407,0.257165,-0.0576466
1069,19.3617,0.276943,0,-0.248238,-0.0784538,0.229229,-0.184186,-0.302281,-0.190165,-0.248238,-0.0784538,0.206306,-0.0398324
1070,19.3798,0.267577,0,-0.213215,-0.0708806,0.17378,-0.200447,-0.323222,-0.214747,-0.213215,-0.0708806,0.156402,-0.0259367
1071,19.398,0.261192,0,-0.18406,-0.0690064,0.119887,-0.217951,-0.348403,-0.234306,-0.18406,-0.0690064,0.107898,-0.0154465
1072,19.4161,0.257512,0,-0.160032,-0.0718785,0.0670129,-0.237251,-0.37791,-0.248136,-0.160032,-0.0718785,0.0603116,-0.00750694
1073,19.4342,0.257763,0,-0.141781,-0.0792869,0.0187507,-0.258807,-0.411733,-0.255311,-0.141781,-0.0792869,0.0168756,-0.00186094
1074,19.4523,0.261981,0,-0.128153,-0.0891121,-0.0268025,-0.282978,-0.449674,-0.254675,-0.128153,-0.0891121,-0.0241223,0.00240438
1075,19.4704,0.271455,0,-0.118655,-0.0989418,-0.0699639,-0.309992,-0.491202,-0.24485,-0.118655,-0.0989418,-0.0629675,0.0058111
1076,19.4885,0.287159,0,-0.111832,-0.108212,-0.110366,-0.339896,-0.53528,-0.224302,-0.111832,-0.108212,-0.0993297,0.00863976
1077,19.5066,0.308058,0,-0.108618,-0.118231,-0.150203,-0.372477,-0.580155,-0.191498,-0.108618,-0.118231,-0.135183,0.0114204
1078,19.5247,0.333,0,-0.108574,-0.131521,-0.187589,-0.40716,-0.623168,-0.145195,-0.108574,-0.131521,-0.16883,0.0142571
1079,19.5428,0.361806,0,-0.110924,-0.146915,-0.221171,-0.442898,-0.660658,-0.0848883,-0.110924,-0.146915,-0.199054,0.0171733
1080,19.561,0.393168,0,-0.115736,-0.163993,-0.251765,-0.478084,-0.68809,-0.0114106,-0.115736,-0.163993,-0.226588,0.0203968
1081,19.5791,0.424269,0,-0.123205,-0.183683,-0.278002,-0.510537,-0.700568,0.0724477,-0.123205,-0.183683,-0.250202,0.0239758
1082,19.5972,0.453366,0,-0.13239,-0.205818,-0.301352,-0.53762,-0.693801,0.161555,-0.13239,-0.205818,-0.271217,0.0279273
1083,19.6153,0.477259,0,-0.144378,-0.231067,-0.321261,-0.556555,-0.665396,0.248648,-0.144378,-0.231067,-0.289135,0.0324681
1084,19.6334,0.49328,0,-0.159015,-0.260638,-0.33712,-0.564911,-0.616055,0.325378,-0.159015,-0.260638,-0.303408,0.037525
1085,19.6515,0.499033,0,-0.17718,-0.294634,-0.346967,-0.561158,-0.550043,0.384079,-0.17718,-0.294634,-0.31227,0.043033
1086,19.6696,0.494295,0,-0.198838,-0.333594,-0.350574,-0.545105,-0.474489,0.41964,-0.198838,-0.333594,-0.315517,0.0487952
1087,19.6877,0.479613,0,-0.224432,-0.377206,-0.346208,-0.518024,-0.397649,0.430627,-0.224432,-0.377206,-0.311587,0.0543901
1088,19.7059,0.456967,0,-0.253008,-0.425497,-0.331907,-0.482398,-0.326889,0.419167,-0.253008,-0.425497,-0.298717,0.0587827
1089,19.724,0.428836,0,-0.285839,-0.477797,-0.305323,-0.441388,-0.267242,0.389782,-0.285839,-0.477797,-0.274791,0.0610914
1090,19.7421,0.400282,0,-0.322143,-0.53333,-0.266422,-0.398238,-0.22098,0.347845,-0.322143,-0.53333,-0.23978,0.0600782
1091,19.7602,0.373605,0,-0.361993,-0.588002,-0.210345,-0.355787,-0.188054,0.298324,-0.361993,-0.588002,-0.18931,0.0533004
1092,19.7783,0.352186,0,-0.40408,-0.636391,-0.134332,-0.316197,-0.16693,0.245125,-0.40408,-0.636391,-0.120899,0.0379967
1093,19.7964,0.34102,0,-0.447243,-0.673619,-0.0385862,-0.280891,-0.155429,0.190957,-0.447243,-0.673619,-0.0347275,0.0120802
1094,19.8145,0.342316,0,-0.48776,-0.690985,0.0736891,-0.250624,-0.151324,0.137519,-0.48776,-0.690985,0.0663202,-0.0251598
1095,19.8326,0.354102,0,-0.521196,-0.680234,0.188268,-0.225637,-0.152687,0.085782,-0.521196,-0.680234,0.169441,-0.0686871
1096,19.8508,0.370967,0,-0.542772,-0.638214,0.298411,-0.205818,-0.158018,0.03626,-0.542772,-0.638214,0.268569,-0.113378
1097,19.8689,0.389637,0,-0.551456,-0.566927,0.395262,-0.190844,-0.166266,-0.0107926,-0.551456,-0.566927,0.355735,-0.152578
1098,19.887,0.40318,0,-0.542418,-0.4727,0.463364,-0.180298,-0.176769,-0.0552455,-0.542418,-0.4727,0.417028,-0.175936
1099,19.9051,0.409243,0,-0.517165,-0.370818,0.495875,-0.17375,-0.189189,-0.0970128,-0.517165,-0.370818,0.446287,-0.179515
1100,19.9232,0.406278,0,-0.479021,-0.27613,0.492414,-0.170811,-0.20344,-0.136004,-0.479021,-0.27613,0.443172,-0.165114
1101,19.9413,0.397158,0,-0.431166,-0.193186,0.464227,-0.171167,-0.219621,-0.172095,-0.431166,-0.193186,0.417804,-0.140111
1102,19.9594,0.383476,0,-0.377714,-0.126601,0.417391,-0.17459,-0.237974,-0.205103,-0.377714,-0.126601,0.375652,-0.110358
1103,19.9775,0.368145,0,-0.324159,-0.0796983,0.360207,-0.180949,-0.258845,-0.234763,-0.324159,-0.0796983,0.324186,-0.0817349
1104,19.9956,0.352133,0,-0.272961,-0.0500589,0.29701,-0.190207,-0.282647,-0.260706,-0.272961,-0.0500589,0.267309,-0.0567505
1105,20.0138,0.338362,0,-0.227804,-0.0345429,0.234334,-0.202411,-0.309833,-0.282422,-0.227804,-0.0345429,0.210901,-0.0373676
1106,20.0319,0.328726,0,-0.189045,-0.0269771,0.174952,-0.217683,-0.340858,-0.299222,-0.189045,-0.0269771,0.157457,-0.0231517
1107,20.05,0.323847,0,-0.156024,-0.0247562,0.119625,-0.236203,-0.37612,-0.310196,-0.156024,-0.0247562,0.107663,-0.0130651
1108,20.0681,0.322703,0,-0.128534,-0.0272757,0.0660852,-0.258176,-0.415879,-0.314167,-0.128534,-0.0272757,0.0594767,-0.00594594
1109,20.0862,0.325713,0,-0.107819,-0.0339094,0.0153546,-0.283797,-0.460133,-0.309656,-0.107819,-0.0339094,0.0138192,-0.00115887
1110,20.1043,0.333963,0,-0.0920016,-0.0422155,-0.0335271,-0.313186,-0.508438,-0.294884,-0.0920016,-0.0422155,-0.0301744,0.00215918
1111,20.1224,0.349802,0,-0.0798207,-0.0495161,-0.0785762,-0.346302,-0.559665,-0.267837,-0.0798207,-0.0495161,-0.0707186,0.00439041
1112,20.1405,0.372886,0,-0.0710886,-0.0558936,-0.121494,-0.382818,-0.611715,-0.226466,-0.0710886,-0.0558936,-0.109345,0.00604579
1113,20.1587,0.402073,0,-0.0660428,-0.0626901,-0.162401,-0.421974,-0.661236,-0.169079,-0.0660428,-0.0626901,-0.146161,0.00750779
1114,20.1768,0.435736,0,-0.0638148,-0.0714962,-0.201332,-0.462409,-0.703485,-0.0949804,-0.0638148,-0.0714962,-0.181198,0.00899355
1115,20.1949,0.472908,0,-0.063199,-0.0809459,-0.237277,-0.502032,-0.732527,-0.00534201,-0.063199,-0.0809459,-0.213549,0.0104969
1116,20.213,0.510569,0,-0.064173,-0.0911859,-0.27008,-0.537997,-0.74202,0.0959109,-0.064173,-0.0911859,-0.243072,0.0121323
1117,20.2311,0.545215,0,-0.0668245,-0.102519,-0.300468,-0.566901,-0.726706,0.20162,-0.0668245,-0.102519,-0.270421,0.014055
1118,20.2492,0.57361,0,-0.0711062,-0.115209,-0.329644,-0.585257,-0.684322,0.301897,-0.0711062,-0.115209,-0.296679,0.0164078
1119,20.2673,0.592434,0,-0.0775344,-0.129318,-0.357087,-0.590212,-0.617181,0.385937,-0.0775344,-0.129318,-0.321378,0.0193805
1120,20.2854,0.599912,0,-0.085168,-0.145425,-0.382757,-0.580308,-0.532393,0.444755,-0.085168,-0.145425,-0.344481,0.022819
1121,20.3036,0.594959,0,-0.0948463,-0.163589,-0.405411,-0.555977,-0.440245,0.47365,-0.0948463,-0.163589,-0.36487,0.0269162
1122,20.3217,0.579401,0,-0.106389,-0.185764,-0.426306,-0.519511,-0.351349,0.473154,-0.106389,-0.185764,-0.383675,0.031748
1123,20.3398,0.555319,0,-0.120229,-0.211782,-0.443998,-0.474519,-0.273931,0.448051,-0.120229,-0.211782,-0.399599,0.037367
1124,20.3579,0.525618,0,-0.136064,-0.242077,-0.457552,-0.425104,-0.212467,0.405235,-0.136064,-0.242077,-0.411797,0.0435793
1125,20.376,0.492468,0,-0.155091,-0.277394,-0.465219,-0.37509,-0.167842,0.351587,-0.155091,-0.277394,-0.418697,0.0505057
1126,20.3941,0.458505,0,-0.177287,-0.318803,-0.466002,-0.327515,-0.138443,0.292669,-0.177287,-0.318803,-0.419401,0.0578313
1127,20.4122,0.426347,0,-0.204368,-0.367971,-0.459142,-0.284443,-0.121447,0.232326,-0.204368,-0.367971,-0.413228,0.0656838
1128,20.4303,0.398922,0,-0.235993,-0.425528,-0.443659,-0.247016,-0.113793,0.172876,-0.235993,-0.425528,-0.399293,0.0732901
1129,20.4484,0.378275,0,-0.273873,-0.491218,-0.41612,-0.215645,-0.112769,0.115539,-0.273873,-0.491218,-0.374508,0.0797748
1130,20.4666,0.365781,0,-0.316374,-0.562354,-0.370948,-0.190223,-0.116235,0.060852,-0.316374,-0.562354,-0.333853,0.0821509
1131,20.4847,0.363779,0,-0.364566,-0.634484,-0.302969,-0.170333,-0.122659,0.00898147,-0.364566,-0.634484,-0.272672,0.0773166
1132,20.5028,0.374296,0,-0.41649,-0.699865,-0.209094,-0.155408,-0.131039,-0.040079,-0.41649,-0.699865,-0.188185,0.06096
1133,20.5209,0.399439,0,-0.470091,-0.751423,-0.0894845,-0.144843,-0.140801,-0.086396,-0.470091,-0.751423,-0.0805361,0.0294461
1134,20.539,0.436295,0,-0.520484,-0.777383,0.0525309,-0.13807,-0.151694,-0.13004,-0.520484,-0.777383,0.0472778,-0.019139
1135,20.5571,0.479855,0,-0.564121,-0.76662,0.206815,-0.134603,-0.163702,-0.171056,-0.564121,-0.76662,0.186134,-0.0816681
1136,20.5752,0.519302,0,-0.592389,-0.708136,0.353422,-0.134057,-0.176982,-0.209454,-0.592389,-0.708136,0.31808,-0.146554
1137,20.5933,0.552842,0,-0.602262,-0.608908,0.479847,-0.136157,-0.191818,-0.245195,-0.602262,-0.608908,0.431862,-0.202296
1138,20.6115,0.571605,0,-0.588401,-0.477862,0.562827,-0.140741,-0.208589,-0.278179,-0.588401,-0.477862,0.506545,-0.231818
1139,20.6296,0.574692,0,-0.552153,-0.337959,0.594609,-0.147751,-0.227754,-0.308233,-0.552153,-0.337959,0.535149,-0.229821
1140,20.6477,0.562195,0,-0.498784,-0.214003,0.576094,-0.157229,-0.249838,-0.335084,-0.498784,-0.214003,0.518484,-0.201143
1141,20.6658,0.541183,0,-0.433918,-0.11289,0.526094,-0.169311,-0.275425,-0.358329,-0.433918,-0.11289,0.473484,-0.159797
1142,20.6839,0.517592,0,-0.364762,-0.0398828,0.459718,-0.184217,-0.305137,-0.377389,-0.364762,-0.0398828,0.413746,-0.117381
1143,20.702,0.495185,0,-0.297788,0.00904551,0.386321,-0.202244,-0.339607,-0.391455,-0.297788,0.00904551,0.347689,-0.0805294
1144,20.7201,0.474549,0,-0.236019,0.0348812,0.310358,-0.223744,-0.379426,-0.399424,-0.236019,0.0348812,0.279322,-0.0512752
1145,20.7382,0.460311,0,-0.182559,0.0477839,0.238674,-0.249102,-0.42504,-0.399815,-0.182559,0.0477839,0.214807,-0.0305005
1146,20.7564,0.454567,0,-0.136454,0.0542747,0.173068,-0.27869,-0.476589,-0.39071,-0.136454,0.0542747,0.155761,-0.0165311
1147,20.7745,0.457112,0,-0.097408,0.0550566,0.113901,-0.312787,-0.533658,-0.369711,-0.097408,0.0550566,0.102511,-0.00776642
1148,20.7926,0.46652,0,-0.0670637,0.052153,0.0575727,-0.35147,-0.594915,-0.334011,-0.0670637,0.052153,0.0518154,-0.00270273
1149,20.8107,0.483075,0,-0.0435525,0.0464587,0.00430123,-0.394437,-0.657652,-0.280638,-0.0435525,0.0464587,0.0038711,-0.000131131
1150,20.8288,0.509015,0,-0.0244924,0.0428026,-0.0451358,-0.440785,-0.717315,-0.20703,-0.0244924,0.0428026,-0.0406222,0.00077384
1151,20.8469,0.542768,0,-0.00901783,0.0409989,-0.0912773,-0.488749,-0.76722,-0.112031,-0.00901783,0.0409989,-0.0821496,0.000576187
1152,20.865,0.582022,0,0.00397823,0.0417258,-0.133865,-0.53549,-0.798854,0.00268985,0.00397823,0.0417258,-0.120478,-0.000372782
1153,20.8831,0.621816,0,0.0143111,0.0439837,-0.172979,-0.577064,-0.803204,0.131181,0.0143111,0.0439837,-0.155681,-0.00173286
1154,20.9012,0.656831,0,0.0226899,0.0466213,-0.20996,-0.608757,-0.773315,0.262542,0.0226899,0.0466213,-0.188964,-0.00333478
1155,20.9194,0.684377,0,0.0311681,0.0533034,-0.246047,-0.625892,-0.70748,0.382124,0.0311681,0.0533034,-0.221442,-0.00536817
1156,20.9375,0.698943,0,0.0397115,0.0626817,-0.279488,-0.625014,-0.611421,0.475026,0.0397115,0.0626817,-0.25154,-0.00776923
1157,20.9556,0.697711,0,0.0483918,0.0743649,-0.309656,-0.605004,-0.497679,0.530726,0.0483918,0.0743649,-0.27869,-0.0104894
1158,20.9737,0.681328,0,0.0575899,0.0880338,-0.337379,-0.567577,-0.381868,0.546353,0.0575899,0.0880338,-0.303641,-0.0136007
1159,20.9918,0.651811,0,0.066817,0.104417,-0.360946,-0.516866,-0.277748,0.526657,0.066817,0.104417,-0.324851,-0.0168821
1160,21.0099,0.614623,0,0.0785161,0.12463,-0.381357,-0.458279,-0.193784,0.481052,0.0785161,0.12463,-0.343221,-0.0209599
1161,21.028,0.573962,0,0.0921473,0.148716,-0.398534,-0.397218,-0.132537,0.419827,0.0921473,0.148716,-0.35868,-0.0257067
1162,21.0461,0.534056,0,0.108767,0.17777,-0.412107,-0.338128,-0.0921704,0.351479,0.108767,0.17777,-0.370896,-0.0313764
1163,21.0643,0.496905,0,0.127456,0.212358,-0.419989,-0.284074,-0.0686146,0.281753,0.127456,0.212358,-0.37799,-0.0374711
1164,21.0824,0.465532,0,0.149233,0.253103,-0.422357,-0.236763,-0.0573123,0.213891,0.149233,0.253103,-0.380121,-0.0441208
1165,21.1005,0.44219,0,0.175764,0.300917,-0.417794,-0.196802,-0.0542127,0.149369,0.175764,0.300917,-0.376014,-0.0514033
1166,21.1186,0.428507,0,0.207289,0.355992,-0.40443,-0.164036,-0.0561537,0.0886288,0.207289,0.355992,-0.363987,-0.0586838
1167,21.1367,0.424536,0,0.242649,0.416328,-0.378502,-0.137851,-0.0608809,0.0316015,0.242649,0.416328,-0.340652,-0.0642901
1168,21.1548,0.432024,0,0.283358,0.479558,-0.339309,-0.117408,-0.066907,-0.0219809,0.283358,0.479558,-0.305378,-0.0673021
1169,21.1729,0.451334,0,0.32948,0.544776,-0.279886,-0.10181,-0.0733294,-0.0724244,0.32948,0.544776,-0.251897,-0.0645518
1170,21.191,0.481198,0,0.377835,0.605576,-0.197762,-0.0902005,-0.079662,-0.120009,0.377835,0.605576,-0.177986,-0.052305
1171,21.2092,0.521274,0,0.427408,0.65619,-0.0910201,-0.0818171,-0.0857003,-0.164968,0.427408,0.65619,-0.0819181,-0.0272319
1172,21.2273,0.566493,0,0.475,0.683248,0.0354343,-0.0760175,-0.0914204,-0.207493,0.475,0.683248,0.0318909,0.0117819
1173,21.2454,0.614204,0,0.516602,0.680013,0.178106,-0.0722824,-0.0969101,-0.24774,0.516602,0.680013,0.160296,0.064407
1174,21.2635,0.658076,0,0.547591,0.638471,0.321399,-0.0702096,-0.102323,-0.285839,0.547591,0.638471,0.289259,0.123197
1175,21.2816,0.687462,0,0.559731,0.554445,0.441801,-0.0695015,-0.107853,-0.3219,0.559731,0.554445,0.397621,0.173103
1176,21.2997,0.700325,0,0.550364,0.436939,0.529058,-0.0699518,-0.113716,-0.356014,0.550364,0.436939,0.476152,0.203822
1177,21.3178,0.696617,0,0.521314,0.309361,0.570904,-0.0714333,-0.120153,-0.38826,0.521314,0.309361,0.513813,0.208334
1178,21.3359,0.676158,0,0.47564,0.190312,0.565494,-0.0738869,-0.127424,-0.418697,0.47564,0.190312,0.508945,0.18828
1179,21.354,0.644066,0,0.416872,0.0878869,0.527414,-0.0773143,-0.135818,-0.447368,0.416872,0.0878869,0.474672,0.153905
1180,21.3722,0.606359,0,0.351669,0.00748726,0.470002,-0.0817724,-0.145663,-0.474291,0.351669,0.00748726,0.423001,0.115699
1181,21.3903,0.5658,0,0.286462,-0.0482961,0.399849,-0.0873721,-0.157336,-0.499454,0.286462,-0.0482961,0.359864,0.0801793
1182,21.4084,0.526725,0,0.226311,-0.0792305,0.326359,-0.0942782,-0.171281,-0.522799,0.226311,-0.0792305,0.293723,0.051701
1183,21.4265,0.491951,0,0.173107,-0.094249,0.256527,-0.102713,-0.188019,-0.54421,0.173107,-0.094249,0.230874,0.0310845
1184,21.4446,0.460986,0,0.128161,-0.100404,0.190021,-0.112963,-0.208171,-0.563484,0.128161,-0.100404,0.171019,0.0170473
1185,21.4627,0.43405,0,0.0895229,-0.10107,0.128047,-0.125384,-0.232469,-0.580295,0.0895229,-0.10107,0.115243,0.00802423
1186,21.4808,0.410836,0,0.0568399,-0.1003,0.0702222,-0.140412,-0.261767,-0.594141,0.0568399,-0.1003,0.0632,0.00279399
1187,21.4989,0.391837,0,0.0322492,-0.0969403,0.0155302,-0.158571,-0.297048,-0.604271,0.0322492,-0.0969403,0.0139771,0.000350584
1188,21.5171,0.377494,0,0.0125637,-0.0945077,-0.0348812,-0.180479,-0.339393,-0.609574,0.0125637,-0.0945077,-0.0313931,-0.000306767
1189,21.5352,0.369465,0,-0.00271965,-0.0915605,-0.0804022,-0.206841,-0.389922,-0.608445,-0.00271965,-0.0915605,-0.072362,0.000153066
1190,21.5533,0.367493,0,-0.015226,-0.0901549,-0.123104,-0.238432,-0.449648,-0.5986,-0.015226,-0.0901549,-0.110793,0.00131206
1191,21.5714,0.372803,0,-0.0250715,-0.0902661,-0.164597,-0.276039,-0.519199,-0.57688,-0.0250715,-0.0902661,-0.148137,0.00288868
1192,21.5895,0.387932,0,-0.0337505,-0.0920123,-0.202968,-0.320348,-0.598337,-0.539079,-0.0337505,-0.0920123,-0.182671,0.00479517
1193,21.6076,0.413639,0,-0.0423543,-0.0969118,-0.237561,-0.371738,-0.685174,-0.479937,-0.0423543,-0.0969118,-0.213805,0.00704322
1194,21.6257,0.452065,0,-0.0491399,-0.101739,-0.272319,-0.429937,-0.775079,-0.393547,-0.0491399,-0.101739,-0.245087,0.00936719
1195,21.6438,0.502106,0,-0.0555638,-0.108734,-0.305992,-0.493529,-0.859423,-0.27459,-0.0555638,-0.108734,-0.275393,0.0119015
1196,21.662,0.561107,0,-0.0627244,-0.117959,-0.337481,-0.55934,-0.924775,-0.120817,-0.0627244,-0.117959,-0.303733,0.0148178
1197,21.6801,0.622913,0,-0.0711388,-0.130943,-0.365216,-0.62194,-0.953804,0.0632449,-0.0711388,-0.130943,-0.328694,0.0181867
1198,21.6982,0.68073,0,-0.080398,-0.147098,-0.390114,-0.67367,-0.929423,0.262708,-0.080398,-0.147098,-0.351102,0.0219551
1199,21.7163,0.726878,0,-0.090812,-0.165438,-0.413226,-0.705768,-0.842358,0.452028,-0.090812,-0.165438,-0.371903,0.0262681
1200,21.7344,0.753456,0,-0.102184,-0.186039,-0.43311,-0.710745,-0.698784,0.601218,-0.102184,-0.186039,-0.389799,0.0309797
1201,21.7525,0.756485,0,-0.115566,-0.210422,-0.450651,-0.685216,-0.521655,0.687524,-0.115566,-0.210422,-0.405586,0.036456
1202,21.7706,0.736893,0,-0.131453,-0.240577,-0.464656,-0.631539,-0.34236,0.705211,-0.131453,-0.240577,-0.41819,0.0427563
1203,21.7887,0.700511,0,-0.150837,-0.276544,-0.473833,-0.557088,-0.187731,0.666,-0.150837,-0.276544,-0.42645,0.0500302
1204,21.8068,0.655562,0,-0.173773,-0.319083,-0.476684,-0.471603,-0.0715807,0.590708,-0.173773,-0.319083,-0.429015,0.0579844
1205,21.825,0.60964,0,-0.201498,-0.367826,-0.471293,-0.384299,0.00528824,0.499455,-0.201498,-0.367826,-0.424164,0.0664753
1206,21.8431,0.569642,0,-0.233307,-0.423653,-0.456569,-0.302041,0.0499038,0.406273,-0.233307,-0.423653,-0.410912,0.0745647
1207,21.8612,0.539649,0,-0.270732,-0.487726,-0.429041,-0.228883,0.0717092,0.318584,-0.270732,-0.487726,-0.386137,0.0813086
1208,21.8793,0.522118,0,-0.313843,-0.559432,-0.383915,-0.16648,0.0793008,0.239082,-0.313843,-0.559432,-0.345524,0.0843425
1209,21.8974,0.516808,0,-0.362249,-0.632673,-0.31505,-0.114813,0.0792394,0.167886,-0.362249,-0.632673,-0.283545,0.0798886
1210,21.9155,0.52606,0,-0.415036,-0.702631,-0.222759,-0.0728715,0.076038,0.104068,-0.415036,-0.702631,-0.200483,0.0647172
1211,21.9336,0.547477,0,-0.470106,-0.758609,-0.103858,-0.0391706,0.0725866,0.0464871,-0.470106,-0.758609,-0.0934719,0.0341769
1212,21.9517,0.576273,0,-0.521953,-0.78635,0.0375542,-0.012084,0.0706344,-0.00584655,-0.521953,-0.78635,0.0337988,-0.0137211
1213,21.9699,0.610679,0,-0.567447,-0.779023,0.196379,0.00996239,0.0711892,-0.0536681,-0.567447,-0.779023,0.176741,-0.0780043
1214,21.988,0.639563,0,-0.598064,-0.723218,0.347309,0.0283941,0.0748108,-0.0974609,-0.598064,-0.723218,0.312579,-0.145399
1215,22.0061,0.659466,0,-0.609764,-0.625726,0.475751,0.0444543,0.0818131,-0.137495,-0.609764,-0.625726,0.428176,-0.203067
1216,22.0242,0.662352,0,-0.596707,-0.492341,0.563696,0.0592055,0.0923968,-0.173863,-0.596707,-0.492341,0.507326,-0.235453
1217,22.0423,0.649,0,-0.56074,-0.349124,0.601875,0.0735501,0.106732,-0.206503,-0.56074,-0.349124,0.541687,-0.236247
1218,22.0604,0.620807,0,-0.507428,-0.221038,0.590396,0.0882586,0.125003,-0.235206,-0.507428,-0.221038,0.531356,-0.209708
1219,22.0785,0.580772,0,-0.442304,-0.11603,0.542916,0.103998,0.147425,-0.259601,-0.442304,-0.11603,0.488624,-0.168094
1220,22.0966,0.535065,0,-0.371729,-0.0383054,0.476226,0.121357,0.174236,-0.279138,-0.371729,-0.0383054,0.428603,-0.123919
1221,22.1148,0.488607,0,-0.303394,0.0134807,0.401148,0.140858,0.205662,-0.293053,-0.303394,0.0134807,0.361033,-0.0851941
1222,22.1329,0.44351,0,-0.239653,0.04215,0.322665,0.162965,0.241848,-0.30033,-0.239653,0.04215,0.290399,-0.0541294
1223,22.151,0.403766,0,-0.18331,0.055578,0.247642,0.18807,0.282758,-0.299667,-0.18331,0.055578,0.222878,-0.0317766
1224,22.1691,0.372103,0,-0.135942,0.0612383,0.179603,0.216456,0.328013,-0.28947,-0.135942,0.0612383,0.161642,-0.0170909
1225,22.1872,0.350576,0,-0.0965636,0.0612135,0.119789,0.248239,0.376684,-0.267897,-0.0965636,0.0612135,0.10781,-0.00809707
1226,22.2053,0.339338,0,-0.0654647,0.0577897,0.0628027,0.283274,0.427023,-0.232999,-0.0654647,0.0577897,0.0565224,-0.00287795
1227,22.2234,0.340426,0,-0.0411896,0.0522346,0.00862098,0.321025,0.476194,-0.183027,-0.0411896,0.0522346,0.00775888,-0.000248566
1228,22.2415,0.35305,0,-0.021283,0.0483814,-0.0412443,0.360424,0.520081,-0.116959,-0.021283,0.0483814,-0.0371198,0.000614461
1229,22.2596,0.375491,0,-0.00544084,0.0472999,-0.0875589,0.399729,0.553345,-0.0352497,-0.00544084,0.0472999,-0.078803,0.000333475
1230,22.2778,0.404884,0,0.00800771,0.0483524,-0.130791,0.43647,0.569957,0.0593155,0.00800771,0.0483524,-0.117712,-0.000733136
1231,22.2959,0.437717,0,0.01858,0.051121,-0.170359,0.467555,0.564363,0.160991,0.01858,0.051121,-0.153323,-0.00221569
1232,22.314,0.469918,0,0.0273462,0.0547568,-0.207745,0.489619,0.533186,0.261167,0.0273462,0.0547568,-0.186971,-0.00397673
1233,22.3321,0.496436,0,0.0364355,0.0624214,-0.24451,0.49964,0.476904,0.349621,0.0364355,0.0624214,-0.220059,-0.00623618
1234,22.3502,0.514015,0,0.0457419,0.0726224,-0.277877,0.495659,0.40062,0.416835,0.0457419,0.0726224,-0.25009,-0.00889745
1235,22.3683,0.521215,0,0.0550352,0.0851165,-0.308051,0.477379,0.313192,0.456541,0.0550352,0.0851165,-0.277246,-0.0118676
1236,22.3864,0.518001,0,0.0647343,0.0997081,-0.335047,0.446332,0.224899,0.467254,0.0647343,0.0997081,-0.301542,-0.0151823
1237,22.4045,0.505084,0,0.0747203,0.117597,-0.357373,0.405553,0.144709,0.452037,0.0747203,0.117597,-0.321636,-0.0186921
1238,22.4227,0.485221,0,0.0874165,0.139263,-0.376215,0.358873,0.0784211,0.416834,0.0874165,0.139263,-0.338593,-0.0230212
1239,22.4408,0.461824,0,0.102047,0.164649,-0.391855,0.310138,0.0282572,0.368367,0.102047,0.164649,-0.35267,-0.0279913
1240,22.4589,0.437288,0,0.119841,0.195594,-0.403316,0.262621,-0.00640484,0.312557,0.119841,0.195594,-0.362984,-0.0338336
1241,22.477,0.4134,0,0.139688,0.232385,-0.408573,0.218713,-0.0278447,0.253798,0.139688,0.232385,-0.367716,-0.0399509
1242,22.4951,0.392789,0,0.163368,0.276109,-0.407828,0.179891,-0.0389332,0.194936,0.163368,0.276109,-0.367045,-0.0466383
1243,22.5132,0.377261,0,0.192631,0.327711,-0.398949,0.146846,-0.0424245,0.137597,0.192631,0.327711,-0.359054,-0.053795
1244,22.5313,0.367725,0,0.22557,0.384551,-0.379684,0.119686,-0.040604,0.0825885,0.22557,0.384551,-0.341716,-0.0599519
1245,22.5494,0.365151,0,0.263032,0.444507,-0.347532,0.0981383,-0.0351832,0.0302436,0.263032,0.444507,-0.312779,-0.0639884
1246,22.5676,0.371923,0,0.305938,0.507379,-0.300051,0.0817208,-0.0273311,-0.0193503,0.305938,0.507379,-0.270046,-0.0642579
1247,22.5857,0.387996,0,0.352437,0.569317,-0.230883,0.0698714,-0.0177621,-0.0662083,0.352437,0.569317,-0.207795,-0.0569602
1248,22.6038,0.413536,0,0.400213,0.623895,-0.139516,0.0620348,-0.00683584,-0.110372,0.400213,0.623895,-0.125564,-0.0390853
1249,22.6219,0.447316,0,0.447818,0.662797,-0.0259095,0.0577173,0.00535385,-0.151871,0.447818,0.662797,-0.0233186,-0.00812193
1250,22.64,0.485493,0,0.491566,0.674817,0.105316,0.0565172,0.0189085,-0.190699,0.491566,0.674817,0.0947848,0.036239
1251,22.6581,0.5255,0,0.527592,0.654128,0.246052,0.0581377,0.0340734,-0.226807,0.527592,0.654128,0.221447,0.0908705
1252,22.6762,0.55825,0,0.548743,0.593234,0.375993,0.0623913,0.0512019,-0.260081,0.548743,0.593234,0.338394,0.144427
1253,22.6943,0.57763,0,0.551098,0.495329,0.476776,0.0691964,0.0707325,-0.290334,0.551098,0.495329,0.429098,0.183925
1254,22.7124,0.584733,0,0.532637,0.374667,0.543145,0.0785725,0.0931721,-0.317276,0.532637,0.374667,0.488831,0.20251
1255,22.7306,0.576263,0,0.496338,0.254644,0.561328,0.0906327,0.119081,-0.340484,0.496338,0.254644,0.505195,0.195026
1256,22.7487,0.554836,0,0.445737,0.146179,0.539423,0.105575,0.149053,-0.359359,0.445737,0.146179,0.485481,0.168309
1257,22.7668,0.52784,0,0.3851,0.0570514,0.493797,0.123668,0.183679,-0.373074,0.3851,0.0570514,0.444417,0.133113
1258,22.7849,0.498483,0,0.321791,-0.0106554,0.431563,0.145237,0.223489,-0.380509,0.321791,-0.0106554,0.388407,0.097211
1259,22.803,0.470208,0,0.260476,-0.0540512,0.362079,0.170628,0.268846,-0.380183,0.260476,-0.0540512,0.325871,0.0660188
1260,22.8211,0.445462,0,0.203777,-0.0777793,0.291048,0.200164,0.319777,-0.370197,0.203777,-0.0777793,0.261943,0.0415162
1261,22.8392,0.427622,0,0.156185,-0.0876518,0.224311,0.234063,0.375729,-0.348223,0.156185,-0.0876518,0.20188,0.0245239
1262,22.8573,0.417735,0,0.115575,-0.0909189,0.159711,0.272322,0.435212,-0.311591,0.115575,-0.0909189,0.14374,0.012921
1263,22.8755,0.419575,0,0.0799847,-0.0912719,0.101525,0.314547,0.495378,-0.257573,0.0799847,-0.0912719,0.0913721,0.00568429
1264,22.8936,0.43097,0,0.0519842,-0.0887885,0.0448975,0.359741,0.55161,-0.183973,0.0519842,-0.0887885,0.0404077,0.00163377
1265,22.9117,0.452318,0,0.0303395,-0.0852211,-0.0082017,0.406064,0.597344,-0.0901162,0.0303395,-0.0852211,-0.00738153,-0.000174185
1266,22.9298,0.481937,0,0.0132964,-0.0821749,-0.0565276,0.450667,0.624476,0.0218348,0.0132964,-0.0821749,-0.0508748,-0.000526129
1267,22.9479,0.515039,0,-7.48935e-05,-0.0789289,-0.10083,0.489701,0.624759,0.145621,-7.48935e-05,-0.0789289,-0.0907471,5.28606e-06
1268,22.966,0.547221,0,-0.0104457,-0.0769172,-0.142516,0.518697,0.59225,0.270492,-0.0104457,-0.0769172,-0.128265,0.00104208
1269,22.9841,0.573833,0,-0.0185326,-0.0762231,-0.183458,0.53336,0.526163,0.38258,-0.0185326,-0.0762231,-0.165113,0.00237998
1270,23.0022,0.590145,0,-0.0263629,-0.0774821,-0.220462,0.53067,0.432589,0.468272,-0.0263629,-0.0774821,-0.198416,0.00406842
1271,23.0204,0.59317,0,-0.0328506,-0.0799258,-0.255059,0.509851,0.323605,0.518368,-0.0328506,-0.0799258,-0.229553,0.00586519
1272,23.0385,0.583976,0,-0.0379615,-0.0829384,-0.290355,0.472753,0.213702,0.530777,-0.0379615,-0.0829384,-0.261319,0.00771561
1273,23.0566,0.564501,0,-0.043423,-0.0888262,-0.324246,0.423387,0.11537,0.510246,-0.043423,-0.0888262,-0.291822,0.00985582
1274,23.0747,0.536419,0,-0.049152,-0.0959356,-0.354612,0.366865,0.0361773,0.465579,-0.049152,-0.0959356,-0.319151,0.0122009
1275,23.0928,0.503639,0,-0.0557447,-0.105518,-0.382062,0.308233,-0.0216685,0.406257,-0.0557447,-0.105518,-0.343856,0.0149085
1276,23.1109,0.469434,0,-0.0627561,-0.117466,-0.407529,0.251625,-0.0599089,0.340104,-0.0627561,-0.117466,-0.366776,0.0179024
1277,23.129,0.436197,0,-0.0705996,-0.131089,-0.431295,0.199894,-0.0822955,0.272449,-0.0705996,-0.131089,-0.388165,0.0213145
1278,23.1471,0.404722,0,-0.0790147,-0.146073,-0.45243,0.154635,-0.0930286,0.206353,-0.0790147,-0.146073,-0.407187,0.025024
1279,23.1652,0.376727,0,-0.0890915,-0.164783,-0.472191,0.116425,-0.0958554,0.143262,-0.0890915,-0.164783,-0.424972,0.0294477
1280,23.1834,0.352234,0,-0.100881,-0.188046,-0.48967,0.0851332,-0.0937157,0.0836598,-0.100881,-0.188046,-0.440703,0.0345787
1281,23.2015,0.331113,0,-0.115712,-0.215936,-0.503285,0.0601954,-0.0887138,0.0275427,-0.115712,-0.215936,-0.452956,0.0407652
1282,23.2196,0.313695,0,-0.133079,-0.249477,-0.512118,0.040839,-0.0822401,-0.0252925,-0.133079,-0.249477,-0.460906,0.0477064
1283,23.2377,0.301012,0,-0.154178,-0.288731,-0.515158,0.0262335,-0.0751336,-0.0750988,-0.154178,-0.288731,-0.463642,0.0555983
1284,23.2558,0.294875,0,-0.178871,-0.334685,-0.511769,0.0155859,-0.067835,-0.122113,-0.178871,-0.334685,-0.460592,0.0640785
1285,23.2739,0.298062,0,-0.209199,-0.38865,-0.500582,0.00819475,-0.0605103,-0.166536,-0.209199,-0.38865,-0.450524,0.0733048
1286,23.292,0.312572,0,-0.244643,-0.451904,-0.477848,0.00347371,-0.0531438,-0.20853,-0.244643,-0.451904,-0.430064,0.0818316
1287,23.3101,0.340826,0,-0.286498,-0.523799,-0.441051,0.000957513,-0.0456009,-0.248225,-0.286498,-0.523799,-0.396946,0.088452
1288,23.3283,0.383476,0,-0.334343,-0.602866,-0.384363,0.000297322,-0.0376701,-0.28572,-0.334343,-0.602866,-0.345927,0.0899564
1289,23.3464,0.438745,0,-0.387789,-0.681578,-0.301251,0.00125119,-0.0290857,-0.321092,-0.387789,-0.681578,-0.271126,0.0817754
1290,23.3645,0.504116,0,-0.445028,-0.750338,-0.190073,0.00367333,-0.019539,-0.35439,-0.445028,-0.750338,-0.171066,0.0592116
1291,23.3826,0.576283,0,-0.502566,-0.798471,-0.0504275,0.0075042,-0.00867939,-0.385635,-0.502566,-0.798471,-0.0453847,0.0177402
1292,23.4007,0.649449,0,-0.554733,-0.8125,0.111314,0.0127629,0.0038904,-0.41481,-0.554733,-0.8125,0.100183,-0.0432248
1293,23.4188,0.717,0,-0.596805,-0.780729,0.281626,0.0195421,0.0186236,-0.441852,-0.596805,-0.780729,0.253463,-0.117653
1294,23.4369,0.768419,0,-0.620209,-0.697004,0.435511,0.028006,0.0360415,-0.466632,-0.620209,-0.697004,0.39196,-0.189076
1295,23.455,0.798733,0,-0.619928,-0.569062,0.554575,0.0383911,0.056746,-0.488932,-0.619928,-0.569062,0.499117,-0.240657
1296,23.4732,0.80341,0,-0.592121,-0.414139,0.621728,0.0510082,0.0814309,-0.508404,-0.592121,-0.414139,0.559555,-0.257697
1297,23.4913,0.784773,0,-0.543074,-0.264107,0.631203,0.0662471,0.110887,-0.524527,-0.543074,-0.264107,0.568083,-0.239953
1298,23.5094,0.746626,0,-0.476975,-0.13859,0.59308,0.0845785,0.145995,-0.53653,-0.476975,-0.13859,0.533772,-0.198019
1299,23.5275,0.697424,0,-0.403544,-0.0436699,0.52697,0.106554,0.187694,-0.543297,-0.403544,-0.0436699,0.474273,-0.148859
1300,23.5456,0.644404,0,-0.328372,0.0215267,0.450084,0.132795,0.236903,-0.543248,-0.328372,0.0215267,0.405076,-0.103456
1301,23.5637,0.590307,0,-0.257863,0.0622578,0.367793,0.163964,0.294369,-0.534191,-0.257863,0.0622578,0.331014,-0.0663881
1302,23.5818,0.540248,0,-0.194205,0.0792521,0.287213,0.200702,0.360395,-0.513169,-0.194205,0.0792521,0.258492,-0.0390448
1303,23.5999,0.497895,0,-0.140331,0.0876096,0.213636,0.243514,0.43438,-0.476373,-0.140331,0.0876096,0.192272,-0.0209859
1304,23.618,0.466373,0,-0.0947013,0.0900222,0.148816,0.292566,0.514133,-0.41922,-0.0947013,0.0900222,0.133934,-0.00986514
1305,23.6362,0.448944,0,-0.0582964,0.0878105,0.0907871,0.347379,0.594971,-0.336843,-0.0582964,0.0878105,0.0817084,-0.00370479
1306,23.6543,0.447453,0,-0.0299784,0.0832016,0.034135,0.406404,0.66879,-0.225286,-0.0299784,0.0832016,0.0307215,-0.000716317
1307,23.6724,0.463048,0,-0.00661081,0.0796587,-0.0157427,0.466542,0.723672,-0.0836658,-0.00661081,0.0796587,-0.0141684,7.28504e-05
1308,23.6905,0.491546,0,0.0122417,0.0794698,-0.0627927,0.52281,0.745017,0.0828789,0.0122417,0.0794698,-0.0565135,-0.000538081
1309,23.7086,0.526842,0,0.0278353,0.0815359,-0.105016,0.5685,0.719213,0.260683,0.0278353,0.0815359,-0.0945143,-0.0020462
1310,23.7267,0.560144,0,0.0410854,0.0860427,-0.14361,0.596208,0.639656,0.427909,0.0410854,0.0860427,-0.129249,-0.0041302
1311,23.7448,0.583695,0,0.0522191,0.09254,-0.179111,0.599802,0.512322,0.559832,0.0522191,0.09254,-0.1612,-0.0065471
1312,23.7629,0.592404,0,0.063429,0.103101,-0.213802,0.57662,0.356331,0.637864,0.063429,0.103101,-0.192422,-0.00949288
1313,23.7811,0.58454,0,0.0753486,0.117449,-0.24484,0.528708,0.197421,0.656896,0.0753486,0.117449,-0.220356,-0.0129138
1314,23.7992,0.563662,0,0.0883524,0.135785,-0.272773,0.462234,0.0580394,0.625733,0.0883524,0.135785,-0.245496,-0.0168701
1315,23.8173,0.534327,0,0.101556,0.156906,-0.295413,0.385434,-0.0493775,0.560962,0.101556,0.156906,-0.265871,-0.0210007
1316,23.8354,0.502087,0,0.116983,0.182303,-0.31261,0.30629,-0.122924,0.479396,0.116983,0.182303,-0.281349,-0.025599
1317,23.8535,0.472547,0,0.134575,0.211964,-0.325241,0.230969,-0.167564,0.393487,0.134575,0.211964,-0.292717,-0.0306385
1318,23.8716,0.449615,0,0.155125,0.245829,-0.334313,0.163325,-0.190873,0.310423,0.155125,0.245829,-0.300882,-0.0363022
1319,23.8897,0.434231,0,0.178586,0.284856,-0.336761,0.105128,-0.200198,0.233322,0.178586,0.284856,-0.303085,-0.0420986
1320,23.9078,0.427167,0,0.205005,0.329741,-0.330335,0.0566253,-0.201419,0.162887,0.205005,0.329741,-0.297301,-0.0474042
1321,23.926,0.428618,0,0.235675,0.380001,-0.311702,0.0171103,-0.198747,0.0986881,0.235675,0.380001,-0.280532,-0.0514222
1322,23.9441,0.438707,0,0.270228,0.432405,-0.280449,-0.0146211,-0.194976,0.039934,0.270228,0.432405,-0.252404,-0.0530496
1323,23.9622,0.457721,0,0.30772,0.485249,-0.235919,-0.0399574,-0.191854,-0.0141561,0.30772,0.485249,-0.212327,-0.0508179
1324,23.9803,0.485461,0,0.348169,0.536091,-0.175469,-0.0602808,-0.190413,-0.0642153,0.348169,0.536091,-0.157922,-0.042765
1325,23.9984,0.52161,0,0.389944,0.58216,-0.0975883,-0.076865,-0.191241,-0.110705,0.389944,0.58216,-0.0878295,-0.0266378
1326,24.0165,0.561422,0,0.431129,0.611619,-0.00213178,-0.0908328,-0.194667,-0.153935,0.431129,0.611619,-0.0019186,-0.00064335
1327,24.0346,0.602617,0,0.467926,0.619099,0.107448,-0.10315,-0.200895,-0.194087,0.467926,0.619099,0.0967032,0.0351944
1328,24.0527,0.642773,0,0.498227,0.600453,0.223605,-0.114638,-0.210093,-0.231239,0.498227,0.600453,0.201244,0.0779842
1329,24.0708,0.675008,0,0.515676,0.551747,0.331095,-0.126005,-0.22245,-0.265374,0.515676,0.551747,0.297985,0.119516
1330,24.089,0.69314,0,0.518002,0.474031,0.413475,-0.137865,-0.238207,-0.296372,0.518002,0.474031,0.372127,0.149927
1331,24.1071,0.699696,0,0.504127,0.378499,0.47293,-0.150774,-0.257681,-0.324004,0.504127,0.378499,0.425637,0.166892
1332,24.1252,0.692518,0,0.475705,0.280475,0.496122,-0.165252,-0.281263,-0.347897,0.475705,0.280475,0.44651,0.165205
1333,24.1433,0.673908,0,0.436128,0.191361,0.486811,-0.1818,-0.309411,-0.3675,0.436128,0.191361,0.43813,0.148618
1334,24.1614,0.645899,0,0.387088,0.112748,0.453699,-0.200918,-0.34262,-0.382033,0.387088,0.112748,0.408329,0.122935
1335,24.1795,0.61436,0,0.333911,0.0505931,0.406745,-0.223101,-0.381361,-0.390417,0.333911,0.0505931,0.366071,0.0950717
1336,24.1976,0.582325,0,0.281708,0.00637322,0.349669,-0.248833,-0.425985,-0.39121,0.281708,0.00637322,0.314702,0.0689531
1337,24.2157,0.553166,0,0.232563,-0.0200718,0.287064,-0.278549,-0.476555,-0.382537,0.232563,-0.0200718,0.258357,0.0467324
1338,24.2339,0.531553,0,0.189091,-0.032744,0.226261,-0.312571,-0.532599,-0.362064,0.189091,-0.032744,0.203635,0.0299487
1339,24.252,0.517548,0,0.151877,-0.0390391,0.166976,-0.350999,-0.592758,-0.327066,0.151877,-0.0390391,0.150278,0.0177519
1340,24.2701,0.513036,0,0.120061,-0.0403407,0.111104,-0.393553,-0.654343,-0.274669,0.120061,-0.0403407,0.099994,0.00933752
1341,24.2882,0.51782,0,0.0932641,-0.0399275,0.0581021,-0.439354,-0.712878,-0.202415,0.0932641,-0.0399275,0.0522919,0.00379319
1342,24.3063,0.533053,0,0.0729866,-0.036447,0.00483862,-0.48668,-0.761842,-0.109224,0.0729866,-0.036447,0.00435475,0.000247208
1343,24.3244,0.557327,0,0.0572134,-0.0303585,-0.0436317,-0.532765,-0.792965,0.00324525,0.0572134,-0.0303585,-0.0392685,-0.00174742
1344,24.3425,0.58587,0,0.0455033,-0.023433,-0.0876952,-0.573771,-0.797505,0.1292,0.0455033,-0.023433,-0.0789257,-0.00279329
1345,24.3606,0.612816,0,0.0365627,-0.0171793,-0.129328,-0.605116,-0.768708,0.25808,0.0365627,-0.0171793,-0.116395,-0.00331002
1346,24.3788,0.633619,0,0.0306544,-0.0117659,-0.169983,-0.622249,-0.704849,0.3757,0.0306544,-0.0117659,-0.152985,-0.00364752
1347,24.3969,0.644796,0,0.0271537,-0.00498182,-0.209535,-0.621789,-0.611346,0.467576,0.0271537,-0.00498182,-0.188582,-0.00398276
1348,24.415,0.643359,0,0.025421,0.00295049,-0.247448,-0.602598,-0.500223,0.523356,0.025421,0.00295049,-0.222703,-0.00440326
1349,24.4331,0.627827,0,0.0249183,0.0108177,-0.281614,-0.566282,-0.386581,0.540005,0.0249183,0.0108177,-0.253452,-0.00491213
1350,24.4512,0.601825,0,0.0263839,0.0190303,-0.314645,-0.516804,-0.283878,0.521879,0.0263839,0.0190303,-0.283181,-0.0058111
1351,24.4693,0.569141,0,0.0288536,0.0282908,-0.347258,-0.45941,-0.200562,0.477963,0.0288536,0.0282908,-0.312532,-0.00701374
1352,24.4874,0.533323,0,0.0333624,0.0393863,-0.378047,-0.399386,-0.139372,0.418241,0.0333624,0.0393863,-0.340242,-0.00882878
1353,24.5055,0.495847,0,0.0389235,0.0512282,-0.404358,-0.341118,-0.098717,0.351074,0.0389235,0.0512282,-0.363922,-0.0110173
1354,24.5236,0.460156,0,0.0458367,0.0648553,-0.428096,-0.287671,-0.0747424,0.282197,0.0458367,0.0648553,-0.385287,-0.0137358
1355,24.5418,0.42813,0,0.0539826,0.0819189,-0.449914,-0.24078,-0.0630382,0.214909,0.0539826,0.0819189,-0.404922,-0.0170012
1356,24.5599,0.400903,0,0.0643251,0.102308,-0.470122,-0.201099,-0.0596366,0.15076,0.0643251,0.102308,-0.42311,-0.0211685
1357,24.578,0.378458,0,0.0770955,0.127298,-0.487457,-0.168519,-0.0614128,0.0902562,0.0770955,0.127298,-0.438712,-0.0263065
1358,24.5961,0.361558,0,0.0929906,0.157574,-0.502057,-0.142471,-0.0661231,0.0333782,0.0929906,0.157574,-0.451851,-0.0326806
1359,24.6142,0.349814,0,0.111438,0.193667,-0.511859,-0.12215,-0.072279,-0.0201077,0.111438,0.193667,-0.460673,-0.0399285
1360,24.6323,0.344302,0,0.133368,0.236549,-0.515963,-0.10669,-0.0789734,-0.070485,0.133368,0.236549,-0.464366,-0.0481689
1361,24.6504,0.345485,0,0.159141,0.285929,-0.512023,-0.0952555,-0.0857176,-0.118018,0.159141,0.285929,-0.460821,-0.0570388
1362,24.6685,0.355549,0,0.189902,0.342893,-0.499251,-0.0871031,-0.0923087,-0.162929,0.189902,0.342893,-0.449326,-0.0663661
1363,24.6867,0.376768,0,0.226417,0.408808,-0.476304,-0.0816065,-0.0987304,-0.205402,0.226417,0.408808,-0.428674,-0.0754903
1364,24.7048,0.4104,0,0.270406,0.483265,-0.439385,-0.0782618,-0.105085,-0.245583,0.270406,0.483265,-0.395446,-0.0831684
1365,24.7229,0.453551,0,0.319007,0.560681,-0.376688,-0.0766821,-0.111546,-0.283593,0.319007,0.560681,-0.33902,-0.0841163
1366,24.741,0.508121,0,0.372732,0.637634,-0.285141,-0.0765871,-0.118336,-0.319531,0.372732,0.637634,-0.256627,-0.0743969
1367,24.7591,0.572231,0,0.430037,0.704459,-0.165665,-0.0777907,-0.125711,-0.353475,0.430037,0.704459,-0.149099,-0.0498696
1368,24.7772,0.642238,0,0.488344,0.749471,-0.0197841,-0.0801898,-0.133955,-0.385483,0.488344,0.749471,-0.0178057,-0.00676302
1369,24.7953,0.711276,0,0.541527,0.757959,0.145069,-0.0837546,-0.143387,-0.415591,0.541527,0.757959,0.130562,0.0549911
1370,24.8134,0.768685,0,0.579159,0.711176,0.316243,-0.0885218,-0.154365,-0.443805,0.579159,0.711176,0.284619,0.128209
1371,24.8316,0.81114,0,0.598401,0.613281,0.470278,-0.0945916,-0.167301,-0.470093,0.598401,0.613281,0.42325,0.19699
1372,24.8497,0.830504,0,0.591501,0.474226,0.581069,-0.102126,-0.182671,-0.494374,0.591501,0.474226,0.522962,0.240592
1373,24.8678,0.827152,0,0.559493,0.320606,0.636939,-0.111352,-0.201032,-0.516491,0.559493,0.320606,0.573245,0.249454
1374,24.8859,0.800469,0,0.505358,0.171282,0.635339,-0.122564,-0.223037,-0.536189,0.505358,0.171282,0.571805,0.224751
1375,24.904,0.756098,0,0.43582,0.045651,0.587478,-0.136133,-0.249445,-0.553067,0.43582,0.045651,0.52873,0.179224
1376,24.9221,0.705336,0,0.359237,-0.0463299,0.517678,-0.152509,-0.281127,-0.566519,0.359237,-0.0463299,0.46591,0.130178
1377,24.9402,0.652423,0,0.282579,-0.10637,0.436711,-0.17223,-0.319058,-0.575651,0.282579,-0.10637,0.39304,0.0863839
1378,24.9583,0.600913,0,0.212287,-0.137966,0.351123,-0.195917,-0.36427,-0.57917,0.212287,-0.137966,0.316011,0.0521773
1379,24.9764,0.55672,0,0.150598,-0.155078,0.273467,-0.224268,-0.417755,-0.575231,0.150598,-0.155078,0.24612,0.0288285
1380,24.9946,0.51887,0,0.0971439,-0.162553,0.2007,-0.258012,-0.480276,-0.561268,0.0971439,-0.162553,0.18063,0.0136477
1381,25.0127,0.491592,0,0.0530299,-0.162367,0.137037,-0.29784,-0.552008,-0.533828,0.0530299,-0.162367,0.123333,0.00508693
1382,25.0308,0.475715,0,0.0181228,-0.157787,0.0796298,-0.344249,-0.631973,-0.48848,0.0181228,-0.157787,0.0716668,0.00101018
1383,25.0489,0.471008,0,-0.0103769,-0.154376,0.0262067,-0.397298,-0.717177,-0.419992,-0.0103769,-0.154376,0.0235861,-0.000190362
1384,25.067,0.479589,0,-0.0324653,-0.153544,-0.0221105,-0.456217,-0.801532,-0.323049,-0.0324653,-0.153544,-0.0198994,0.000502477
1385,25.0851,0.501482,0,-0.0511034,-0.1543,-0.0657577,-0.5189,-0.874853,-0.193902,-0.0511034,-0.1543,-0.0591819,0.00235231
1386,25.1032,0.534002,0,-0.0675634,-0.157265,-0.107152,-0.581373,-0.922775,-0.0331955,-0.0675634,-0.157265,-0.0964369,0.00506769
1387,25.1213,0.572548,0,-0.0813449,-0.163585,-0.14688,-0.637528,-0.928844,0.150565,-0.0813449,-0.163585,-0.132192,0.00836356
1388,25.1395,0.607892,0,-0.0950367,-0.175609,-0.181761,-0.679578,-0.879802,0.338836,-0.0950367,-0.175609,-0.163585,0.0120918
1389,25.1576,0.633202,0,-0.108093,-0.190296,-0.211327,-0.699627,-0.772903,0.505256,-0.108093,-0.190296,-0.190194,0.01599
1390,25.1757,0.642358,0,-0.120489,-0.206828,-0.236243,-0.69213,-0.620838,0.623811,-0.120489,-0.206828,-0.212619,0.0199253
1391,25.1938,0.633166,0,-0.134905,-0.225419,-0.259159,-0.656158,-0.449154,0.679423,-0.134905,-0.225419,-0.233243,0.0244733
1392,25.2119,0.60725,0,-0.150017,-0.247184,-0.278098,-0.59602,-0.286219,0.673645,-0.150017,-0.247184,-0.250288,0.0292037
1393,25.23,0.5707,0,-0.166696,-0.273984,-0.293844,-0.519768,-0.152493,0.621403,-0.166696,-0.273984,-0.264459,0.0342877
1394,25.2481,0.529701,0,-0.185741,-0.305488,-0.304217,-0.436546,-0.0559321,0.542287,-0.185741,-0.305488,-0.273795,0.039554
1395,25.2662,0.489978,0,-0.208053,-0.340868,-0.307703,-0.354252,0.00580173,0.453008,-0.208053,-0.340868,-0.276932,0.0448129
1396,25.2844,0.457165,0,-0.233362,-0.382605,-0.303627,-0.278367,0.0402892,0.364307,-0.233362,-0.382605,-0.273264,0.0495984
1397,25.3025,0.435038,0,-0.26287,-0.430817,-0.291322,-0.211856,0.0561168,0.281449,-0.26287,-0.430817,-0.26219,0.053606
1398,25.3206,0.423851,0,-0.295544,-0.483422,-0.266544,-0.155689,0.0606373,0.206098,-0.295544,-0.483422,-0.239889,0.0551428
1399,25.3387,0.422187,0,-0.331128,-0.535607,-0.224814,-0.1095,0.0593061,0.13807,-0.331128,-0.535607,-0.202332,0.0521095
1400,25.3568,0.430977,0,-0.36916,-0.584514,-0.166391,-0.072172,0.0558221,0.0764867,-0.36916,-0.584514,-0.149752,0.0429975
1401,25.3749,0.449726,0,-0.408965,-0.625574,-0.0912068,-0.0422509,0.0525345,0.0203793,-0.408965,-0.625574,-0.0820861,0.0261103
1402,25.393,0.476296,0,-0.447862,-0.652743,-0.000639202,-0.0182149,0.0508563,-0.031068,-0.447862,-0.652743,-0.000575281,0.000200392
1403,25.4111,0.506995,0,-0.482932,-0.65885,0.0999703,0.00137765,0.0515993,-0.0784545,-0.482932,-0.65885,0.0899733,-0.0337952
1404,25.4292,0.53862,0,-0.510487,-0.641763,0.202548,0.0178177,0.0552182,-0.122176,-0.510487,-0.641763,0.182293,-0.0723786
1405,25.4474,0.56745,0,-0.528366,-0.600142,0.299422,0.0322248,0.0619798,-0.162455,-0.528366,-0.600142,0.26948,-0.110743
1406,25.4655,0.588047,0,-0.532699,-0.535058,0.378904,0.0455556,0.072075,-0.199376,-0.532699,-0.535058,0.341014,-0.141289
1407,25.4836,0.597512,0,-0.522314,-0.452275,0.433565,0.0586266,0.0856895,-0.232891,-0.522314,-0.452275,0.390209,-0.15852
1408,25.5017,0.595723,0,-0.497962,-0.363667,0.459541,0.0721429,0.103045,-0.262828,-0.497962,-0.363667,0.413587,-0.160184
1409,25.5198,0.583673,0,-0.462856,-0.279212,0.457493,0.0867265,0.124415,-0.288875,-0.462856,-0.279212,0.411744,-0.148227
1410,25.5379,0.563277,0,-0.418852,-0.205375,0.433218,0.102942,0.150126,-0.310551,-0.418852,-0.205375,0.389896,-0.127018
1411,25.556,0.537703,0,-0.370802,-0.146501,0.392723,0.121312,0.180528,-0.327173,-0.370802,-0.146501,0.353451,-0.101936
1412,25.5741,0.509675,0,-0.322643,-0.103596,0.341167,0.142329,0.215948,-0.337801,-0.322643,-0.103596,0.30705,-0.0770527
1413,25.5923,0.481833,0,-0.276815,-0.0748403,0.283429,0.166446,0.256602,-0.341195,-0.276815,-0.0748403,0.255086,-0.05492
1414,25.6104,0.45847,0,-0.235254,-0.06061,0.225008,0.194051,0.302457,-0.335763,-0.235254,-0.06061,0.202507,-0.0370538
1415,25.6285,0.441204,0,-0.199701,-0.0534687,0.168313,0.225417,0.353027,-0.319558,-0.199701,-0.0534687,0.151482,-0.0235286
1416,25.6466,0.431262,0,-0.169652,-0.0519755,0.112255,0.260618,0.407096,-0.290338,-0.169652,-0.0519755,0.10103,-0.013331
1417,25.6647,0.431639,0,-0.14535,-0.0550912,0.0597732,0.299397,0.462379,-0.245778,-0.14535,-0.0550912,0.0537959,-0.00608161
1418,25.6828,0.443642,0,-0.126657,-0.0627629,0.0103392,0.341003,0.51518,-0.183905,-0.126657,-0.0627629,0.00930529,-0.000916671
1419,25.7009,0.466071,0,-0.112877,-0.0723545,-0.0356121,0.384001,0.5602,-0.10384,-0.112877,-0.0723545,-0.0320509,0.00281384
1420,25.719,0.495251,0,-0.102506,-0.0808566,-0.0797805,0.426118,0.590747,-0.00680881,-0.102506,-0.0808566,-0.0718025,0.00572458
1421,25.7372,0.52852,0,-0.0955425,-0.0892744,-0.120952,0.464214,0.599647,0.102791,-0.0955425,-0.0892744,-0.108857,0.00808924
1422,25.7553,0.562159,0,-0.0916973,-0.0980989,-0.161673,0.494505,0.581002,0.216821,-0.0916973,-0.0980989,-0.145506,0.0103775
1423,25.7734,0.591917,0,-0.0913024,-0.109611,-0.198933,0.513124,0.532473,0.324035,-0.0913024,-0.109611,-0.179039,0.0127141
1424,25.7915,0.61258,0,-0.092927,-0.123166,-0.233518,0.516967,0.457098,0.412302,-0.092927,-0.123166,-0.210166,0.0151901
1425,25.8096,0.620941,0,-0.096961,-0.138146,-0.265205,0.504575,0.363409,0.471883,-0.096961,-0.138146,-0.238685,0.0180002
1426,25.8277,0.616023,0,-0.102737,-0.155275,-0.293931,0.476658,0.263302,0.498249,-0.102737,-0.155275,-0.264538,0.0211383
1427,25.8458,0.598975,0,-0.110644,-0.175046,-0.319138,0.436,0.168567,0.49291,-0.110644,-0.175046,-0.287224,0.0247175
1428,25.8639,0.573024,0,-0.120697,-0.197569,-0.34185,0.386754,0.087837,0.461959,-0.120697,-0.197569,-0.307665,0.0288821
1429,25.882,0.541945,0,-0.133893,-0.223366,-0.361734,0.333473,0.0252833,0.413416,-0.133893,-0.223366,-0.32556,0.0339035
1430,25.9002,0.508566,0,-0.149444,-0.253743,-0.377364,0.280251,-0.0188922,0.354843,-0.149444,-0.253743,-0.339628,0.0394764
1431,25.9183,0.475624,0,-0.168444,-0.288321,-0.387303,0.230217,-0.0470298,0.292038,-0.168444,-0.288321,-0.348572,0.0456672
1432,25.9364,0.444953,0,-0.190078,-0.327226,-0.390015,0.185389,-0.0625398,0.228787,-0.190078,-0.327226,-0.351014,0.0518934
1433,25.9545,0.419571,0,-0.215754,-0.371232,-0.385286,0.146784,-0.0688628,0.167216,-0.215754,-0.371232,-0.346758,0.0581889
1434,25.9726,0.401459,0,-0.244914,-0.422462,-0.370447,0.114657,-0.0689237,0.108328,-0.244914,-0.422462,-0.333403,0.0635095
1435,25.9907,0.393899,0,-0.279639,-0.480711,-0.343639,0.0887481,-0.0649514,0.052473,-0.279639,-0.480711,-0.309275,0.0672665
1436,26.0088,0.398275,0,-0.318553,-0.542731,-0.30294,0.0685072,-0.0585003,-0.000330027,-0.318553,-0.542731,-0.272646,0.0675517
1437,26.0269,0.414081,0,-0.361432,-0.603302,-0.242291,0.0532555,-0.050561,-0.0501957,-0.361432,-0.603302,-0.218062,0.0613003
1438,26.0451,0.44144,0,-0.406902,-0.657155,-0.160714,0.0423007,-0.0416887,-0.0972722,-0.406902,-0.657155,-0.144642,0.0457763
1439,26.0632,0.480179,0,-0.453905,-0.699654,-0.0575525,0.0350068,-0.0321201,-0.141696,-0.453905,-0.699654,-0.0517973,0.0182864
1440,26.0813,0.52568,0,-0.49782,-0.720121,0.0653959,0.0308325,-0.0218661,-0.183573,-0.49782,-0.720121,0.0588563,-0.0227888
1441,26.0994,0.571835,0,-0.535383,-0.709907,0.193301,0.0293484,-0.0107786,-0.222973,-0.535383,-0.709907,0.173971,-0.0724431
1442,26.1175,0.610795,0,-0.559056,-0.662699,0.315318,0.0302409,0.00140338,-0.259929,-0.559056,-0.662699,0.283786,-0.123396
1443,26.1356,0.640867,0,-0.568403,-0.582309,0.421998,0.033309,0.015027,-0.294427,-0.568403,-0.582309,0.379798,-0.167905
1444,26.1537,0.655656,0,-0.55806,-0.476281,0.496389,0.0384578,0.0305106,-0.326403,-0.55806,-0.476281,0.44675,-0.19391
1445,26.1718,0.654109,0,-0.529425,-0.361496,0.530195,0.0456917,0.048339,-0.355724,-0.529425,-0.361496,0.477176,-0.196489
1446,26.19,0.637227,0,-0.486647,-0.257033,0.522453,0.0551083,0.0690625,-0.382168,-0.486647,-0.257033,0.470207,-0.177975
1447,26.2081,0.609494,0,-0.433067,-0.16751,0.487056,0.0668935,0.0932974,-0.405395,-0.433067,-0.16751,0.438351,-0.14765
1448,26.2262,0.575305,0,-0.374218,-0.0976549,0.433757,0.0813171,0.121722,-0.424898,-0.374218,-0.0976549,0.390381,-0.113624
1449,26.2443,0.539056,0,-0.316058,-0.049459,0.371139,0.0987278,0.155061,-0.439953,-0.316058,-0.049459,0.334025,-0.0821109
1450,26.2624,0.502659,0,-0.261071,-0.0206433,0.30348,0.119544,0.194046,-0.449539,-0.261071,-0.0206433,0.273132,-0.055461
1451,26.2805,0.470281,0,-0.21303,-0.00615297,0.237379,0.144235,0.239341,-0.452249,-0.21303,-0.00615297,0.213641,-0.0353983
1452,26.2986,0.443537,0,-0.171896,0.000772337,0.175543,0.173291,0.2914,-0.446194,-0.171896,0.000772337,0.157989,-0.0211226
1453,26.3167,0.423711,0,-0.13657,0.00286656,0.118607,0.207155,0.350237,-0.428914,-0.13657,0.00286656,0.106747,-0.0113388
1454,26.3348,0.412115,0,-0.107578,0.000601172,0.0637625,0.246128,0.415062,-0.397355,-0.107578,0.000601172,0.0573863,-0.00480162
1455,26.353,0.412175,0,-0.0858564,-0.00538609,0.0111178,0.290196,0.483774,-0.348007,-0.0858564,-0.00538609,0.010006,-0.000668171
1456,26.3711,0.42492,0,-0.0684434,-0.0123425,-0.0386748,0.338796,0.552338,-0.277344,-0.0684434,-0.0123425,-0.0348073,0.00185292
1457,26.3892,0.450577,0,-0.0557451,-0.0184527,-0.0845525,0.390508,0.614218,-0.182758,-0.0557451,-0.0184527,-0.0760972,0.00329937
1458,26.4073,0.48671,0,-0.0460981,-0.0235246,-0.12855,0.442733,0.660252,-0.0641045,-0.0460981,-0.0235246,-0.115695,0.00414813
1459,26.4254,0.529794,0,-0.0395429,-0.0278947,-0.169655,0.4915,0.679569,0.0743377,-0.0395429,-0.0278947,-0.152689,0.00469606
1460,26.4435,0.574148,0,-0.0348085,-0.0326901,-0.208218,0.53161,0.662124,0.222293,-0.0348085,-0.0326901,-0.187396,0.00507343
1461,26.4616,0.612273,0,-0.0313388,-0.0366746,-0.243969,0.557373,0.602652,0.363745,-0.0313388,-0.0366746,-0.219572,0.00535199
1462,26.4797,0.638899,0,-0.0290491,-0.0407807,-0.278528,0.56393,0.504404,0.480236,-0.0290491,-0.0407807,-0.250675,0.00566369
1463,26.4979,0.649404,0,-0.0284105,-0.0449701,-0.310188,0.548795,0.380001,0.556651,-0.0284105,-0.0449701,-0.279169,0.00616883
1464,26.516,0.643161,0,-0.0284444,-0.048359,-0.340981,0.51284,0.247864,0.586506,-0.0284444,-0.048359,-0.306883,0.00678929
1465,26.5341,0.621768,0,-0.0294313,-0.0515802,-0.369254,0.460167,0.125861,0.573399,-0.0294313,-0.0515802,-0.332328,0.00760734
1466,26.5522,0.590274,0,-0.0305484,-0.0546249,-0.397273,0.396876,0.02598,0.527974,-0.0305484,-0.0546249,-0.357546,0.00849524
1467,26.5703,0.55282,0,-0.0321669,-0.0577772,-0.42363,0.329419,-0.0473835,0.462923,-0.0321669,-0.0577772,-0.381267,0.00953883
1468,26.5884,0.513681,0,-0.0334608,-0.0612123,-0.449008,0.263279,-0.0958479,0.389056,-0.0334608,-0.0612123,-0.404107,0.0105169
1469,26.6065,0.47548,0,-0.0353955,-0.0654295,-0.472615,0.202306,-0.124223,0.313696,-0.0353955,-0.0654295,-0.425354,0.0117099
1470,26.6246,0.440113,0,-0.0380343,-0.0713743,-0.495177,0.148682,-0.138112,0.240881,-0.0380343,-0.0713743,-0.445659,0.0131836
1471,26.6428,0.408229,0,-0.0419759,-0.0788412,-0.516734,0.103215,-0.14253,0.172334,-0.0419759,-0.0788412,-0.465061,0.0151833
1472,26.6609,0.379514,0,-0.0464235,-0.0880366,-0.537046,0.0657606,-0.141378,0.108447,-0.0464235,-0.0880366,-0.483341,0.0174521
1473,26.679,0.353449,0,-0.0517657,-0.0986627,-0.555693,0.0356012,-0.137426,0.0489914,-0.0517657,-0.0986627,-0.500124,0.0201361
1474,26.6971,0.329896,0,-0.0579441,-0.111601,-0.573222,0.0117382,-0.1325,-0.00647553,-0.0579441,-0.111601,-0.515899,0.0232504
1475,26.7152,0.308331,0,-0.0658816,-0.127002,-0.589185,-0.00690772,-0.127726,-0.0584069,-0.0658816,-0.127002,-0.530267,0.0271715
1476,26.7333,0.289099,0,-0.0753673,-0.146671,-0.60448,-0.0213757,-0.123745,-0.107193,-0.0753673,-0.146671,-0.544032,0.0318906
1477,26.7514,0.271859,0,-0.0874222,-0.170913,-0.618134,-0.032601,-0.120883,-0.153146,-0.0874222,-0.170913,-0.556321,0.0378271
1478,26.7695,0.25682,0,-0.101668,-0.20039,-0.629704,-0.0413895,-0.119279,-0.19651,-0.101668,-0.20039,-0.566734,0.0448147
1479,26.7876,0.244168,1,-0.119506,-0.235973,-0.637615,-0.0484156,-0.118974,-0.237475,-0.119506,-0.235973,-0.573854,0.0533392
1480,26.8058,0.235083,1,-0.140863,-0.279484,-0.640672,-0.0542347,-0.119969,-0.276196,-0.140863,-0.279484,-0.576605,0.063173
1481,26.8239,0.231154,1,-0.167275,-0.331844,-0.63639,-0.059301,-0.122264,-0.312795,-0.167275,-0.331844,-0.572751,0.0745166
1482,26.842,0.235448,1,-0.199271,-0.394406,-0.622877,-0.0639885,-0.125885,-0.347372,-0.199271,-0.394406,-0.560589,0.0868847
1483,26.8601,0.25045,0,-0.23807,-0.467097,-0.595488,-0.0686118,-0.130899,-0.380009,-0.23807,-0.467097,-0.535939,0.0992373
1484,26.8782,0.278437,0,-0.283139,-0.5486,-0.550568,-0.0734453,-0.137425,-0.410764,-0.283139,-0.5486,-0.495511,0.109121
1485,26.8963,0.321487,0,-0.336389,-0.637522,-0.481336,-0.078741,-0.145644,-0.439673,-0.336389,-0.637522,-0.433202,0.113341
1486,26.9144,0.380525,0,-0.396709,-0.730447,-0.383878,-0.0847444,-0.155808,-0.466744,-0.396709,-0.730447,-0.34549,0.106601
1487,26.9325,0.451539,0,-0.463199,-0.813886,-0.253603,-0.0917093,-0.168246,-0.491941,-0.463199,-0.813886,-0.228242,0.082228
1488,26.9507,0.530804,0,-0.52893,-0.874551,-0.0868292,-0.0999116,-0.183379,-0.515181,-0.52893,-0.874551,-0.0781463,0.0321486
1489,26.9688,0.613216,0,-0.588996,-0.893524,0.11159,-0.109663,-0.201729,-0.5363,-0.588996,-0.893524,0.100431,-0.0460083
1490,26.9869,0.690737,0,-0.637848,-0.852768,0.321961,-0.121323,-0.223932,-0.555034,-0.637848,-0.852768,0.289765,-0.143754
1491,27.005,0.751693,0,-0.66556,-0.744477,0.510793,-0.135314,-0.250747,-0.570964,-0.66556,-0.744477,0.459714,-0.237974
1492,27.0231,0.790722,0,-0.663072,-0.582466,0.651457,-0.15213,-0.283062,-0.58346,-0.663072,-0.582466,0.586311,-0.302374
1493,27.0412,0.802218,0,-0.626815,-0.388572,0.719773,-0.172348,-0.321872,-0.59159,-0.626815,-0.388572,0.647795,-0.315815
1494,27.0593,0.788388,0,-0.562659,-0.204005,0.711268,-0.196629,-0.368243,-0.593995,-0.562659,-0.204005,0.640141,-0.280141
1495,27.0774,0.759423,0,-0.480583,-0.055631,0.64823,-0.225703,-0.423198,-0.588742,-0.480583,-0.055631,0.583407,-0.21807
1496,27.0956,0.727678,0,-0.388533,0.0494624,0.559908,-0.260337,-0.487511,-0.573129,-0.388533,0.0494624,0.503917,-0.15228
1497,27.1137,0.701644,0,-0.299038,0.114282,0.466664,-0.301246,-0.561328,-0.543515,-0.299038,0.114282,0.419997,-0.0976852
1498,27.1318,0.680698,0,-0.2175,0.145109,0.371253,-0.348938,-0.643547,-0.495231,-0.2175,0.145109,0.334128,-0.0565233
1499,27.1499,0.669887,0,-0.148365,0.152424,0.284982,-0.40344,-0.730894,-0.422783,-0.148365,0.152424,0.256484,-0.029597
1500,27.168,0.674403,0,-0.0908267,0.15371,0.211754,-0.463889,-0.816764,-0.320659,-0.0908267,0.15371,0.190579,-0.013463
1501,27.1861,0.692457,0,-0.042515,0.154823,0.147639,-0.527981,-0.890194,-0.185158,-0.042515,0.154823,0.132875,-0.0043938
1502,27.2042,0.717945,0,-0.003009,0.154224,0.0910286,-0.591421,-0.935884,-0.0174695,-0.003009,0.154224,0.0819257,-0.000191733
1503,27.2223,0.744938,0,0.029376,0.153948,0.042567,-0.647684,-0.93668,0.172645,0.029376,0.153948,0.0383103,0.000875313
1504,27.2404,0.765236,0,0.0549826,0.154253,-0.00295829,-0.688585,-0.879477,0.364829,0.0549826,0.154253,-0.00266246,-0.000113858
1505,27.2586,0.772255,0,0.0761881,0.157145,-0.0438398,-0.706049,-0.763005,0.531104,0.0761881,0.157145,-0.0394558,-0.00233805
1506,27.2767,0.759891,0,0.0948178,0.162886,-0.0781968,-0.694761,-0.602417,0.645116,0.0948178,0.162886,-0.0703771,-0.00519011
1507,27.2948,0.727499,0,0.111164,0.174235,-0.108066,-0.654421,-0.425464,0.693187,0.111164,0.174235,-0.0972597,-0.0084092
1508,27.3129,0.677395,0,0.126177,0.18843,-0.133938,-0.590127,-0.261251,0.679259,0.126177,0.18843,-0.120544,-0.0118299
1509,27.331,0.617551,0,0.141956,0.205747,-0.15819,-0.510556,-0.129393,0.62028,0.141956,0.205747,-0.142371,-0.0157192
1510,27.3491,0.554453,0,0.159706,0.22859,-0.177478,-0.425127,-0.0362769,0.536714,0.159706,0.22859,-0.15973,-0.019841
1511,27.3672,0.492688,0,0.178365,0.256089,-0.189595,-0.341687,0.0218048,0.445134,0.178365,0.256089,-0.170635,-0.0236719
1512,27.3853,0.437332,0,0.198423,0.286063,-0.196006,-0.265477,0.0532264,0.355682,0.198423,0.286063,-0.176406,-0.0272245
1513,27.4035,0.390232,0,0.220117,0.317702,-0.194016,-0.199177,0.0668536,0.273006,0.220117,0.317702,-0.174615,-0.0298944
1514,27.4216,0.354499,0,0.243954,0.351307,-0.18608,-0.143501,0.0700193,0.19832,0.243954,0.351307,-0.167472,-0.0317766
1515,27.4397,0.329834,0,0.269871,0.386103,-0.168755,-0.0978911,0.0680394,0.131175,0.269871,0.386103,-0.151879,-0.0318794
1516,27.4578,0.317268,0,0.297816,0.423131,-0.140404,-0.0611008,0.0644545,0.0705611,0.297816,0.423131,-0.126364,-0.0292702
1517,27.4759,0.316541,0,0.326759,0.459803,-0.100785,-0.0315979,0.0614799,0.0154604,0.326759,0.459803,-0.0907069,-0.0230528
1518,27.494,0.325714,0,0.357317,0.490215,-0.0501618,-0.0078168,0.0604305,-0.0349499,0.357317,0.490215,-0.0451456,-0.0125466
1519,27.5121,0.342797,0,0.387407,0.51247,0.0109607,0.0117053,0.0620532,-0.0812534,0.387407,0.51247,0.00986463,0.00297238
1520,27.5302,0.363943,0,0.414326,0.521659,0.0796334,0.0282675,0.0667647,-0.123818,0.414326,0.521659,0.07167,0.0230959
1521,27.5484,0.388505,0,0.437799,0.51774,0.15458,0.0429911,0.0748129,-0.162833,0.437799,0.51774,0.139122,0.0473725
1522,27.5665,0.410497,0,0.453662,0.495604,0.226618,0.0568318,0.0863823,-0.198335,0.453662,0.495604,0.203956,0.0719656
1523,27.5846,0.427499,0,0.460492,0.456646,0.28962,0.070605,0.101658,-0.230225,0.460492,0.456646,0.260658,0.0933574
1524,27.6027,0.43744,0,0.457993,0.403108,0.337796,0.0850146,0.120858,-0.25826,0.457993,0.403108,0.304016,0.108296
1525,27.6208,0.441311,0,0.445957,0.343634,0.370101,0.100681,0.144246,-0.282045,0.445957,0.343634,0.333091,0.115534
1526,27.6389,0.436643,0,0.42452,0.282159,0.381652,0.118161,0.172115,-0.300994,0.42452,0.282159,0.343487,0.113413
1527,27.657,0.425574,0,0.396798,0.224945,0.375583,0.137968,0.204747,-0.3143,0.396798,0.224945,0.338025,0.104321
1528,27.6751,0.410378,0,0.364101,0.172836,0.356589,0.160562,0.242349,-0.320884,0.364101,0.172836,0.32093,0.0908842
1529,27.6932,0.392468,0,0.328528,0.129539,0.326963,0.186346,0.284936,-0.319358,0.328528,0.129539,0.294267,0.0751916
1530,27.7114,0.372338,0,0.29264,0.0976624,0.287801,0.215619,0.33216,-0.308006,0.29264,0.0976624,0.259021,0.0589554
1531,27.7295,0.352157,0,0.258957,0.0768346,0.242568,0.248513,0.383083,-0.284829,0.258957,0.0768346,0.218311,0.0439702
1532,27.7476,0.335472,0,0.2284,0.0650032,0.196029,0.284886,0.435882,-0.247685,0.2284,0.0650032,0.176426,0.031341
1533,27.7657,0.324957,0,0.201432,0.0589736,0.148966,0.324186,0.487535,-0.194629,0.201432,0.0589736,0.134069,0.0210045
1534,27.7838,0.323237,0,0.178906,0.0576553,0.103962,0.365279,0.533599,-0.124486,0.178906,0.0576553,0.093566,0.0130196
1535,27.8019,0.330833,0,0.160665,0.0598053,0.0597105,0.406301,0.56826,-0.0376955,0.160665,0.0598053,0.0537395,0.00671536
1536,27.82,0.345952,0,0.146892,0.0670531,0.015459,0.444584,0.584928,0.0627184,0.146892,0.0670531,0.0139131,0.00158956
1537,27.8381,0.367606,0,0.136853,0.075909,-0.0250281,0.476775,0.577556,0.170435,0.136853,0.075909,-0.0225253,-0.00239762
1538,27.8563,0.391685,0,0.129884,0.0860987,-0.0638257,0.499233,0.54258,0.275963,0.129884,0.0860987,-0.0574431,-0.00580296
1539,27.8744,0.413623,0,0.125534,0.0975516,-0.100432,0.50872,0.480806,0.368116,0.125534,0.0975516,-0.0903887,-0.00882537
1540,27.8925,0.428253,0,0.125353,0.113108,-0.134409,0.503212,0.398194,0.436687,0.125353,0.113108,-0.120968,-0.011794
1541,27.9106,0.434036,0,0.128442,0.132183,-0.165016,0.482544,0.304727,0.475297,0.128442,0.132183,-0.148515,-0.0148365
1542,27.9287,0.431052,0,0.13464,0.153189,-0.191906,0.448556,0.211658,0.482968,0.13464,0.153189,-0.172715,-0.0180867
1543,27.9468,0.420577,0,0.143326,0.177092,-0.214582,0.404664,0.128449,0.463644,0.143326,0.177092,-0.193124,-0.0215286
1544,27.9649,0.405209,0,0.155024,0.203538,-0.233289,0.355052,0.0608547,0.42414,0.155024,0.203538,-0.20996,-0.0253158
1545,27.983,0.387422,0,0.169866,0.233376,-0.246882,0.30381,0.0106912,0.371792,0.169866,0.233376,-0.222193,-0.0293557
1546,28.0012,0.370507,0,0.188003,0.267071,-0.255683,0.25432,-0.023188,0.312804,0.188003,0.267071,-0.230115,-0.0336485
1547,28.0193,0.35605,0,0.209225,0.305195,-0.257029,0.208976,-0.043528,0.251603,0.209225,0.305195,-0.231326,-0.0376437
1548,28.0374,0.345393,0,0.233851,0.346807,-0.248885,0.169179,-0.0535308,0.190929,0.233851,0.346807,-0.223996,-0.0407414
1549,28.0555,0.340848,0,0.261889,0.391695,-0.231064,0.135516,-0.0561475,0.132252,0.261889,0.391695,-0.207957,-0.0423592
1550,28.0736,0.342974,0,0.293153,0.437421,-0.201876,0.107981,-0.0537587,0.0762378,0.293153,0.437421,-0.181689,-0.0414265
1551,28.0917,0.352796,0,0.327184,0.483375,-0.158142,0.0861971,-0.0481072,0.0230983,0.327184,0.483375,-0.142328,-0.0362191
1552,28.1098,0.370089,0,0.362996,0.525012,-0.0990616,0.0695967,-0.0403596,-0.0271682,0.362996,0.525012,-0.0891554,-0.0251713
1553,28.1279,0.394022,0,0.399282,0.557616,-0.0271425,0.0575484,-0.0312144,-0.0746444,0.399282,0.557616,-0.0244283,-0.00758626
1554,28.146,0.422575,0,0.433327,0.576566,0.0573214,0.0494435,-0.0210143,-0.119426,0.433327,0.576566,0.0515893,0.0173872
1555,28.1642,0.45168,0,0.46165,0.573995,0.150457,0.0447475,-0.00984108,-0.161587,0.46165,0.573995,0.135412,0.048621
1556,28.1823,0.47895,0,0.482755,0.54683,0.244282,0.0430264,0.00241129,-0.20117,0.482755,0.54683,0.219854,0.0825498
1557,28.2004,0.502021,0,0.494319,0.499576,0.326972,0.0439574,0.0159848,-0.238174,0.494319,0.499576,0.294275,0.11314
1558,28.2185,0.517584,0,0.493615,0.434687,0.392079,0.0473302,0.0312239,-0.272546,0.493615,0.434687,0.352871,0.135475
1559,28.2366,0.521487,0,0.477786,0.354008,0.432128,0.0530428,0.048555,-0.304171,0.477786,0.354008,0.388916,0.144525
1560,28.2547,0.515861,0,0.450335,0.27152,0.445355,0.0610959,0.0684753,-0.332851,0.450335,0.27152,0.400819,0.140391
1561,28.2728,0.501557,0,0.413016,0.1948,0.433831,0.0715862,0.0915457,-0.358281,0.413016,0.1948,0.390448,0.125425
1562,28.2909,0.481658,0,0.37043,0.129449,0.403709,0.0846999,0.118383,-0.380012,0.37043,0.129449,0.363338,0.104682
1563,28.3091,0.459608,0,0.324848,0.079132,0.363196,0.100705,0.149641,-0.3974,0.324848,0.079132,0.326876,0.0825884
1564,28.3272,0.434623,0,0.280724,0.0448813,0.312208,0.119941,0.185979,-0.409548,0.280724,0.0448813,0.280987,0.061351
1565,28.3453,0.408621,0,0.239614,0.0237322,0.255457,0.142802,0.227998,-0.415227,0.239614,0.0237322,0.229911,0.0428478
1566,28.3634,0.385044,0,0.201635,0.0116999,0.198627,0.169702,0.276118,-0.412798,0.201635,0.0116999,0.178765,0.0280351
1567,28.3815,0.365599,0,0.170016,0.00649893,0.143109,0.201029,0.330397,-0.400137,0.170016,0.00649893,0.128798,0.0170317
1568,28.3996,0.352253,0,0.14409,0.0066982,0.090688,0.237052,0.390232,-0.374615,0.14409,0.0066982,0.0816192,0.00914707
1569,28.4177,0.34644,0,0.123458,0.0110003,0.0410252,0.277792,0.453948,-0.333195,0.123458,0.0110003,0.0369227,0.00354543
1570,28.4358,0.34977,0,0.107443,0.0191824,-0.00532212,0.322818,0.518288,-0.272761,0.107443,0.0191824,-0.00478991,-0.000400276
1571,28.454,0.363899,0,0.0960977,0.0288188,-0.0487935,0.371003,0.577926,-0.190831,0.0960977,0.0288188,-0.0439142,-0.00328226
1572,28.4721,0.389298,0,0.088128,0.0384481,-0.0899996,0.420242,0.625261,-0.0867537,0.088128,0.0384481,-0.0809997,-0.00555204
1573,28.4902,0.424391,0,0.0823438,0.0472971,-0.129865,0.467256,0.650971,0.0366977,0.0823438,0.0472971,-0.116878,-0.00748549
1574,28.5083,0.463072,0,0.0797274,0.0579673,-0.166751,0.50764,0.645796,0.171858,0.0797274,0.0579673,-0.150076,-0.00930624
1575,28.5264,0.499234,0,0.080295,0.0713281,-0.200484,0.536348,0.603599,0.305885,0.080295,0.0713281,-0.180435,-0.0112685
1576,28.5445,0.528499,0,0.0831305,0.0857911,-0.231856,0.548702,0.52472,0.422757,0.0831305,0.0857911,-0.20867,-0.013492
1577,28.5626,0.545838,0,0.0884936,0.102997,-0.260113,0.541692,0.417632,0.507632,0.0884936,0.102997,-0.234102,-0.0161128
1578,28.5807,0.549468,0,0.0967486,0.123687,-0.285347,0.515042,0.297173,0.551718,0.0967486,0.123687,-0.256813,-0.0193249
1579,28.5988,0.540166,0,0.107385,0.148335,-0.306467,0.471444,0.179786,0.554816,0.107385,0.148335,-0.27582,-0.0230369
1580,28.617,0.521738,0,0.120949,0.176426,-0.324473,0.415819,0.0784147,0.524101,0.120949,0.176426,-0.292025,-0.0274712
1581,28.6351,0.497745,0,0.137437,0.207843,-0.337812,0.353978,-0.000227937,0.470313,0.137437,0.207843,-0.304031,-0.0324996
1582,28.6532,0.472738,0,0.156636,0.242681,-0.346737,0.291314,-0.0553712,0.403909,0.156636,0.242681,-0.312063,-0.0380181
1583,28.6713,0.449451,0,0.178507,0.282126,-0.348781,0.231988,-0.0901118,0.332832,0.178507,0.282126,-0.313903,-0.043582
1584,28.6894,0.431725,0,0.204481,0.327418,-0.344497,0.178662,-0.109149,0.262053,0.204481,0.327418,-0.310047,-0.0493101
1585,28.7075,0.420647,0,0.234583,0.378713,-0.329804,0.132648,-0.117197,0.194136,0.234583,0.378713,-0.296824,-0.0541565
1586,28.7256,0.417097,0,0.269427,0.434023,-0.301498,0.094227,-0.118204,0.130081,0.269427,0.434023,-0.271349,-0.0568623
1587,28.7437,0.422248,0,0.3086,0.491577,-0.256273,0.0630086,-0.115125,0.0700369,0.3086,0.491577,-0.230645,-0.0553601
1588,28.7619,0.43517,0,0.349765,0.545048,-0.191098,0.0382238,-0.109999,0.0137794,0.349765,0.545048,-0.171988,-0.0467876
1589,28.78,0.458583,0,0.393266,0.59312,-0.106989,0.0189454,-0.104133,-0.0390338,0.393266,0.59312,-0.0962897,-0.0294525
1590,28.7981,0.491199,0,0.437469,0.629356,-0.00712777,0.004231,-0.0982926,-0.0887399,0.437469,0.629356,-0.00641499,-0.00218272
1591,28.8162,0.528057,0,0.478221,0.643856,0.106282,-0.00679313,-0.0928741,-0.135629,0.478221,0.643856,0.0956539,0.0355784
1592,28.8343,0.561369,0,0.50894,0.622611,0.227483,-0.0148898,-0.0880321,-0.17994,0.50894,0.622611,0.204735,0.0810426
1593,28.8524,0.589808,0,0.527743,0.568359,0.341657,-0.0206964,-0.0837731,-0.221864,0.527743,0.568359,0.307491,0.126215
1594,28.8705,0.609528,0,0.531681,0.488411,0.432605,-0.0247274,-0.080019,-0.261563,0.531681,0.488411,0.389344,0.161005
1595,28.8886,0.616681,0,0.517889,0.388017,0.493073,-0.0273851,-0.0766481,-0.29917,0.517889,0.388017,0.443766,0.17875
1596,28.9068,0.609918,0,0.487287,0.280334,0.51623,-0.028975,-0.0735192,-0.334805,0.487287,0.280334,0.464607,0.176086
1597,28.9249,0.592043,0,0.443105,0.181619,0.50574,-0.0297208,-0.0704854,-0.368573,0.443105,0.181619,0.455166,0.156867
1598,28.943,0.56545,0,0.391136,0.0982099,0.468109,-0.0297787,-0.0673984,-0.40057,0.391136,0.0982099,0.421298,0.128166
1599,28.9611,0.535856,0,0.334646,0.0341085,0.417265,-0.0292499,-0.0641094,-0.430884,0.334646,0.0341085,0.375538,0.0977451
1600,28.9792,0.504782,0,0.279102,-0.00969442,0.357357,-0.02819,-0.0604656,-0.459594,0.279102,-0.00969442,0.321621,0.0698173
1601,28.9973,0.471959,0,0.227841,-0.0352875,0.289787,-0.0266159,-0.0563053,-0.486772,0.227841,-0.0352875,0.260808,0.0462177
1602,29.0154,0.442895,0,0.181923,-0.0480265,0.226328,-0.0245108,-0.0514508,-0.512481,0.181923,-0.0480265,0.203696,0.0288221
1603,29.0335,0.415526,0,0.143144,-0.0533424,0.163734,-0.0218267,-0.0457006,-0.536774,0.143144,-0.0533424,0.147361,0.0164063
1604,29.0516,0.391572,0,0.111088,-0.05308,0.105891,-0.0184849,-0.0388197,-0.559688,0.111088,-0.05308,0.0953014,0.0082342
1605,29.0698,0.369682,0,0.0844197,-0.0503554,0.0510843,-0.0143741,-0.030529,-0.581245,0.0844197,-0.0503554,0.0459758,0.00301876
1606,29.0879,0.349027,0,0.0640585,-0.0445932,-0.00186955,-0.00934772,-0.0204926,-0.601444,0.0640585,-0.0445932,-0.00168259,-8.38323e-05
1607,29.106,0.331057,0,0.0486112,-0.0380589,-0.0499632,-0.00321832,-0.00830309,-0.620248,0.0486112,-0.0380589,-0.0449669,-0.00170014
1608,29.1241,0.315483,0,0.0378109,-0.0301305,-0.0934069,0.00424937,0.00653495,-0.637574,0.0378109,-0.0301305,-0.0840662,-0.00247226
1609,29.1422,0.300862,0,0.0293683,-0.023464,-0.134631,0.0133475,0.0246241,-0.653268,0.0293683,-0.023464,-0.121168,-0.00276771
1610,29.1603,0.287061,0,0.0234629,-0.0177302,-0.174066,0.0244362,0.0466945,-0.667078,0.0234629,-0.0177302,-0.15666,-0.00285887
1611,29.1784,0.273693,0,0.0198475,-0.0118007,-0.212663,0.0379561,0.0736229,-0.678601,0.0198475,-0.0118007,-0.191396,-0.00295457
1612,29.1965,0.261769,0,0.0183917,-0.00527054,-0.24928,0.0544417,0.106448,-0.687216,0.0183917,-0.00527054,-0.224352,-0.00320929
1613,29.2147,0.252849,0,0.0177002,0.00110413,-0.28276,0.0745346,0.14637,-0.691986,0.0177002,0.00110413,-0.254484,-0.00350343
1614,29.2328,0.247277,1,0.018322,0.00790653,-0.314638,0.0989904,0.19472,-0.691509,0.018322,0.00790653,-0.283175,-0.00403537
1615,29.2509,0.246411,1,0.0202772,0.015665,-0.345883,0.128675,0.252868,-0.68373,0.0202772,0.015665,-0.311295,-0.00490948
1616,29.269,0.253516,0,0.0237336,0.024269,-0.375283,0.164534,0.322012,-0.665687,0.0237336,0.024269,-0.337755,-0.00623477
1617,29.2871,0.272608,0,0.0278213,0.0332003,-0.400708,0.207513,0.402774,-0.633242,0.0278213,0.0332003,-0.360637,-0.00780374
1618,29.3052,0.304862,0,0.0331027,0.0435772,-0.423505,0.25839,0.494471,-0.580864,0.0331027,0.0435772,-0.381154,-0.00981342
1619,29.3233,0.350963,0,0.0392209,0.0564959,-0.444908,0.317471,0.593968,-0.501709,0.0392209,0.0564959,-0.400417,-0.0122148
1620,29.3414,0.410894,0,0.0469158,0.0721023,-0.46564,0.384083,0.694079,-0.388412,0.0469158,0.0721023,-0.419076,-0.0152921
1621,29.3596,0.482213,0,0.0566121,0.0918557,-0.484211,0.455862,0.781933,-0.235253,0.0566121,0.0918557,-0.43579,-0.0191885
1622,29.3777,0.560668,0,0.0691236,0.115803,-0.500723,0.527948,0.838494,-0.0421992,0.0691236,0.115803,-0.450651,-0.0242282
1623,29.3958,0.6397,0,0.0837287,0.143751,-0.514583,0.592519,0.841378,0.17975,0.0837287,0.143751,-0.463125,-0.0301598
1624,29.4139,0.709456,0,0.101287,0.177327,-0.525396,0.639388,0.772822,0.405097,0.101287,0.177327,-0.472856,-0.0372512
1625,29.432,0.759435,0,0.121777,0.217986,-0.530176,0.658328,0.630959,0.59756,0.121777,0.217986,-0.477158,-0.0451941
1626,29.4501,0.783461,0,0.146491,0.26555,-0.528017,0.642732,0.436562,0.723357,0.146491,0.26555,-0.475215,-0.0541449
1627,29.4682,0.781177,0,0.175428,0.320728,-0.516583,0.592701,0.226943,0.767084,0.175428,0.320728,-0.464925,-0.0634363
1628,29.4863,0.760436,0,0.210406,0.384005,-0.496473,0.515319,0.0391277,0.737576,0.210406,0.384005,-0.446825,-0.0731227
1629,29.5044,0.731527,0,0.25201,0.455961,-0.463979,0.421841,-0.104778,0.659463,0.25201,0.455961,-0.417581,-0.0818491
1630,29.5226,0.702905,0,0.299721,0.534108,-0.411245,0.323765,-0.200641,0.559215,0.299721,0.534108,-0.370121,-0.0862812
1631,29.5407,0.680328,0,0.352715,0.614393,-0.328578,0.230029,-0.256167,0.456033,0.352715,0.614393,-0.29572,-0.0811261
1632,29.5588,0.67035,0,0.410437,0.689315,-0.216555,0.146072,-0.283143,0.360111,0.410437,0.689315,-0.194899,-0.0622175
1633,29.5769,0.671632,0,0.469999,0.744173,-0.0741261,0.074238,-0.292524,0.275016,0.469999,0.744173,-0.0667135,-0.0243874
1634,29.595,0.682779,0,0.527243,0.76727,0.0887701,0.0147006,-0.292602,0.200729,0.527243,0.76727,0.0798931,0.0327624
1635,29.6131,0.692673,0,0.57096,0.739398,0.263453,-0.0336444,-0.288976,0.135833,0.57096,0.739398,0.237107,0.105295
1636,29.6312,0.697637,0,0.598623,0.655775,0.431304,-0.072509,-0.285148,0.0786874,0.598623,0.655775,0.388174,0.180732
1637,29.6493,0.691049,0,0.600163,0.524745,0.561175,-0.103785,-0.283175,0.0279153,0.600163,0.524745,0.505058,0.235757
1638,29.6675,0.671301,0,0.575209,0.368213,0.638238,-0.129303,-0.284203,-0.0174691,0.575209,0.368213,0.574414,0.256984
1639,29.6856,0.636533,0,0.526697,0.212359,0.652873,-0.150712,-0.288823,-0.0580813,0.526697,0.212359,0.587586,0.240706
1640,29.7037,0.588397,0,0.459651,0.0744696,0.616156,-0.169439,-0.297321,-0.0942311,0.459651,0.0744696,0.554541,0.198252
1641,29.7218,0.534921,0,0.382813,-0.0289456,0.548706,-0.186685,-0.309822,-0.125981,0.382813,-0.0289456,0.493836,0.147036
1642,29.7399,0.481379,0,0.304008,-0.0995989,0.46829,-0.20345,-0.326376,-0.153189,0.304008,-0.0995989,0.421461,0.0996548
1643,29.758,0.430662,0,0.230006,-0.138237,0.381092,-0.220558,-0.346996,-0.175523,0.230006,-0.138237,0.342983,0.0613575
1644,29.7761,0.387225,0,0.164672,-0.160076,0.299836,-0.238681,-0.371656,-0.192475,0.164672,-0.160076,0.269853,0.0345622
1645,29.7942,0.351647,0,0.107488,-0.169976,0.225711,-0.258361,-0.400256,-0.203348,0.107488,-0.169976,0.20314,0.0169828
1646,29.8124,0.325384,0,0.0598873,-0.171541,0.158744,-0.28001,-0.432559,-0.207268,0.0598873,-0.171541,0.142869,0.00665471
1647,29.8305,0.310187,0,0.0221384,-0.167424,0.100032,-0.303903,-0.468095,-0.203188,0.0221384,-0.167424,0.0900284,0.00155018
1648,29.8486,0.30371,0,-0.00866915,-0.162881,0.0458845,-0.330147,-0.506034,-0.189947,-0.00866915,-0.162881,0.0412961,-0.000278446
1649,29.8667,0.305259,0,-0.0328115,-0.16191,-0.00328051,-0.358636,-0.545042,-0.16637,-0.0328115,-0.16191,-0.00295246,7.53468e-05
1650,29.8848,0.314514,0,-0.0528214,-0.162651,-0.0481311,-0.388981,-0.583138,-0.131468,-0.0528214,-0.162651,-0.043318,0.00177965
1651,29.9029,0.329981,0,-0.0706211,-0.165663,-0.0901027,-0.420439,-0.617616,-0.0847346,-0.0706211,-0.165663,-0.0810924,0.00445421
1652,29.921,0.350935,0,-0.0854583,-0.171458,-0.130964,-0.451843,-0.645088,-0.0265502,-0.0854583,-0.171458,-0.117868,0.0078344
1653,29.9391,0.373326,0,-0.0997496,-0.183267,-0.166838,-0.481582,-0.661771,0.0413765,-0.0997496,-0.183267,-0.150154,0.0116494
1654,29.9572,0.395834,0,-0.113463,-0.198174,-0.196766,-0.507655,-0.664062,0.115666,-0.113463,-0.198174,-0.177089,0.0156279
1655,29.9754,0.416446,0,-0.12621,-0.215192,-0.221608,-0.527854,-0.64938,0.191243,-0.12621,-0.215192,-0.199447,0.0195784
1656,29.9935,0.43269,0,-0.141249,-0.234616,-0.244458,-0.540071,-0.617083,0.261824,-0.141249,-0.234616,-0.220012,0.0241706
1657,30.0116,0.442326,0,-0.157235,-0.256602,-0.262771,-0.542699,-0.569066,0.32096,-0.157235,-0.256602,-0.236494,0.0289218
1658,30.0297,0.444303,0,-0.174152,-0.283503,-0.277586,-0.535003,-0.509709,0.363375,-0.174152,-0.283503,-0.249828,0.0338395
1659,30.0478,0.437878,0,-0.193699,-0.31452,-0.287266,-0.517348,-0.445021,0.386109,-0.193699,-0.31452,-0.258539,0.0389502
1660,30.0659,0.423205,0,-0.215749,-0.349847,-0.289604,-0.491167,-0.381282,0.388972,-0.215749,-0.349847,-0.260643,0.0437373
1661,30.084,0.402113,0,-0.241289,-0.39072,-0.284092,-0.458691,-0.323728,0.374188,-0.241289,-0.39072,-0.255683,0.0479837
1662,30.1021,0.378,0,-0.270707,-0.438728,-0.270208,-0.422529,-0.275744,0.345453,-0.270707,-0.438728,-0.243187,0.051203
1663,30.1203,0.3525,0,-0.303394,-0.489786,-0.243607,-0.385245,-0.238739,0.306888,-0.303394,-0.489786,-0.219246,0.0517362
1664,30.1384,0.327536,0,-0.338314,-0.539521,-0.201221,-0.349034,-0.212528,0.262245,-0.338314,-0.539521,-0.181099,0.0476532
1665,30.1565,0.306622,0,-0.375506,-0.584705,-0.142295,-0.315557,-0.195927,0.214509,-0.375506,-0.584705,-0.128066,0.0374028
1666,30.1746,0.2941,0,-0.413561,-0.621414,-0.0681665,-0.285914,-0.187318,0.165823,-0.413561,-0.621414,-0.0613499,0.0197337
1667,30.1927,0.291912,0,-0.4505,-0.643567,0.020738,-0.260701,-0.185059,0.117616,-0.4505,-0.643567,0.0186642,-0.00653974
1668,30.2108,0.300482,0,-0.482764,-0.645801,0.117255,-0.24013,-0.187721,0.0707858,-0.482764,-0.645801,0.10553,-0.0396246
1669,30.2289,0.317276,0,-0.507876,-0.625352,0.214543,-0.224141,-0.194194,0.0258891,-0.507876,-0.625352,0.193088,-0.0762728
1670,30.247,0.338086,0,-0.522654,-0.582144,0.304996,-0.212518,-0.203699,-0.0167206,-0.522654,-0.582144,0.274496,-0.111585
1671,30.2652,0.356993,0,-0.524946,-0.517715,0.377685,-0.204968,-0.215757,-0.0567899,-0.524946,-0.517715,0.339917,-0.138785
1672,30.2833,0.370079,0,-0.512965,-0.438195,0.42589,-0.201193,-0.230142,-0.0940988,-0.512965,-0.438195,0.383301,-0.152927
1673,30.3014,0.376654,0,-0.488443,-0.353958,0.447312,-0.200924,-0.246824,-0.128414,-0.488443,-0.353958,0.402581,-0.15294
1674,30.3195,0.376116,0,-0.453514,-0.274406,0.442238,-0.203951,-0.265921,-0.159456,-0.453514,-0.274406,0.398014,-0.140393
1675,30.3376,0.370913,0,-0.410905,-0.205291,0.417808,-0.210133,-0.287654,-0.18687,-0.410905,-0.205291,0.376027,-0.120176
1676,30.3557,0.361884,0,-0.364513,-0.150715,0.377777,-0.219404,-0.312305,-0.210195,-0.364513,-0.150715,0.34,-0.0963935
1677,30.3738,0.351237,0,-0.318754,-0.110807,0.327876,-0.231758,-0.340166,-0.228837,-0.318754,-0.110807,0.295088,-0.0731582
1678,30.3919,0.34012,0,-0.274938,-0.0845134,0.271695,-0.247245,-0.37149,-0.242039,-0.274938,-0.0845134,0.244526,-0.0522894
1679,30.41,0.33081,0,-0.235848,-0.0714676,0.215056,-0.265939,-0.406419,-0.24885,-0.235848,-0.0714676,0.19355,-0.0355044
1680,30.4282,0.325493,0,-0.202125,-0.0652601,0.159774,-0.28791,-0.444878,-0.24811,-0.202125,-0.0652601,0.143796,-0.022606
1681,30.4463,0.324456,0,-0.173947,-0.0644591,0.105564,-0.313172,-0.486452,-0.238463,-0.173947,-0.0644591,0.0950077,-0.0128538
1682,30.4644,0.328538,0,-0.151129,-0.0682861,0.0538936,-0.341613,-0.530211,-0.218416,-0.151129,-0.0682861,0.0485042,-0.00570141
1683,30.4825,0.337797,0,-0.133976,-0.076387,0.00609303,-0.372914,-0.574524,-0.18649,-0.133976,-0.076387,0.00548373,-0.000571425
1684,30.5006,0.352736,0,-0.121152,-0.0864384,-0.0389564,-0.406436,-0.61688,-0.141491,-0.121152,-0.0864384,-0.0350608,0.00330374
1685,30.5187,0.374126,0,-0.1122,-0.0954771,-0.0816614,-0.441109,-0.653802,-0.08294,-0.1122,-0.0954771,-0.0734952,0.00641367
1686,30.5368,0.400408,0,-0.105928,-0.104541,-0.122202,-0.475347,-0.680982,-0.0116329,-0.105928,-0.104541,-0.109982,0.00906128
1687,30.5549,0.428859,0,-0.103437,-0.114846,-0.162049,-0.507025,-0.693753,0.069777,-0.103437,-0.114846,-0.145844,0.0117333
1688,30.5731,0.456133,0,-0.103682,-0.128165,-0.19845,-0.533593,-0.688004,0.156416,-0.103682,-0.128165,-0.178605,0.0144031
1689,30.5912,0.47992,0,-0.10641,-0.143285,-0.231555,-0.552364,-0.661391,0.241373,-0.10641,-0.143285,-0.2084,0.0172479
1690,30.6093,0.497507,0,-0.111582,-0.160377,-0.261596,-0.560973,-0.614472,0.316664,-0.111582,-0.160377,-0.235437,0.0204327
1691,30.6274,0.506645,0,-0.118965,-0.17984,-0.288077,-0.5579,-0.55118,0.374879,-0.118965,-0.17984,-0.259269,0.0239898
1692,30.6455,0.506512,0,-0.128289,-0.201955,-0.311164,-0.542892,-0.478219,0.410947,-0.128289,-0.201955,-0.280048,0.0279433
1693,30.6636,0.497435,0,-0.140324,-0.227086,-0.331241,-0.517094,-0.403472,0.423251,-0.140324,-0.227086,-0.298117,0.0325366
1694,30.6817,0.480579,0,-0.155092,-0.256802,-0.347641,-0.482832,-0.334097,0.413595,-0.155092,-0.256802,-0.312877,0.0377414
1695,30.6998,0.456997,0,-0.173451,-0.291105,-0.357859,-0.443123,-0.27512,0.386157,-0.173451,-0.291105,-0.322073,0.0434497
1696,30.718,0.42967,0,-0.194999,-0.329824,-0.3619,-0.401103,-0.228949,0.34605,-0.194999,-0.329824,-0.32571,0.0493991
1697,30.7361,0.400547,0,-0.220422,-0.37331,-0.357965,-0.359554,-0.195732,0.2981,-0.220422,-0.37331,-0.322169,0.0552325
1698,30.7542,0.371755,0,-0.248949,-0.422118,-0.343716,-0.32063,-0.174129,0.246172,-0.248949,-0.422118,-0.309345,0.0598974
1699,30.7723,0.345964,0,-0.282123,-0.475853,-0.317512,-0.285776,-0.162109,0.193002,-0.282123,-0.475853,-0.285761,0.0627043
1700,30.7904,0.326973,0,-0.319072,-0.533209,-0.278708,-0.25579,-0.157541,0.140342,-0.319072,-0.533209,-0.250837,0.0622496
1701,30.8085,0.316036,0,-0.359644,-0.589739,-0.222468,-0.230959,-0.158547,0.0892215,-0.359644,-0.589739,-0.200221,0.0560065
1702,30.8266,0.315296,0,-0.402694,-0.640052,-0.145832,-0.211214,-0.163649,0.0402062,-0.402694,-0.640052,-0.131248,0.0411078
1703,30.8447,0.32779,0,-0.446939,-0.679432,-0.0489658,-0.196271,-0.171797,-0.00640698,-0.446939,-0.679432,-0.0440692,0.0153193
1704,30.8628,0.352256,0,-0.488688,-0.698964,0.0659821,-0.185744,-0.182321,-0.0504546,-0.488688,-0.698964,0.0593839,-0.0225713
1705,30.881,0.382988,0,-0.523808,-0.689958,0.184206,-0.179226,-0.194873,-0.0918238,-0.523808,-0.689958,0.165786,-0.0675422
1706,30.8991,0.413623,0,-0.546677,-0.648158,0.298031,-0.176345,-0.209349,-0.130401,-0.546677,-0.648158,0.268228,-0.114049
1707,30.9172,0.441603,0,-0.556184,-0.575541,0.398595,-0.176796,-0.225839,-0.16604,-0.556184,-0.575541,0.358735,-0.155184
1708,30.9353,0.460836,0,-0.547741,-0.478837,0.470242,-0.180361,-0.244572,-0.198535,-0.547741,-0.478837,0.423218,-0.180299
1709,30.9534,0.469268,0,-0.522222,-0.373301,0.504974,-0.18691,-0.265878,-0.227598,-0.522222,-0.373301,0.454477,-0.184596
1710,30.9715,0.466347,0,-0.483479,-0.275342,0.502024,-0.196406,-0.290153,-0.252833,-0.483479,-0.275342,0.451821,-0.169903
1711,30.9896,0.456214,0,-0.434345,-0.189873,0.472756,-0.208892,-0.317825,-0.273699,-0.434345,-0.189873,0.42548,-0.143737
1712,31.0077,0.442124,0,-0.379542,-0.121305,0.424941,-0.224482,-0.349313,-0.289475,-0.379542,-0.121305,0.382447,-0.112898
1713,31.0259,0.42701,0,-0.324563,-0.0731037,0.366482,-0.24334,-0.384962,-0.29922,-0.324563,-0.0731037,0.329834,-0.0832626
1714,31.044,0.412623,0,-0.272112,-0.0426993,0.302101,-0.265648,-0.424958,-0.301728,-0.272112,-0.0426993,0.271891,-0.0575438
1715,31.0621,0.401892,0,-0.225779,-0.0271482,0.238179,-0.291563,-0.469191,-0.29551,-0.225779,-0.0271482,0.214361,-0.0376431
1716,31.0802,0.397734,0,-0.186034,-0.0193707,0.177935,-0.321154,-0.517076,-0.278803,-0.186034,-0.0193707,0.160141,-0.0231714
1717,31.0983,0.400784,0,-0.152123,-0.0169157,0.121908,-0.354308,-0.56731,-0.249669,-0.152123,-0.0169157,0.109717,-0.0129815
1718,31.1164,0.410085,0,-0.123806,-0.019089,0.0678375,-0.390607,-0.617604,-0.20622,-0.123806,-0.019089,0.0610538,-0.00587909
1719,31.1345,0.425005,0,-0.10243,-0.0253475,0.0163095,-0.429182,-0.664438,-0.147044,-0.10243,-0.0253475,0.0146786,-0.00116941
1720,31.1526,0.445791,0,-0.086036,-0.0333981,-0.0331505,-0.468561,-0.703,-0.0718599,-0.086036,-0.0333981,-0.0298354,0.0019965
1721,31.1708,0.47216,0,-0.0734706,-0.0404718,-0.0785089,-0.506564,-0.727487,0.0176441,-0.0734706,-0.0404718,-0.070658,0.00403767
1722,31.1889,0.501108,0,-0.064413,-0.0465788,-0.12179,-0.540329,-0.731993,0.117041,-0.064413,-0.0465788,-0.109611,0.00549138
1723,31.207,0.528726,0,-0.0587092,-0.0525805,-0.163085,-0.566544,-0.712015,0.218887,-0.0587092,-0.0525805,-0.146777,0.00670222
1724,31.2251,0.5507,0,-0.0559172,-0.0604067,-0.202376,-0.581958,-0.666229,0.313447,-0.0559172,-0.0604067,-0.182138,0.0079214
1725,31.2432,0.564565,0,-0.0544018,-0.0684598,-0.238268,-0.584071,-0.597763,0.390611,-0.0544018,-0.0684598,-0.214441,0.00907354
1726,31.2613,0.568261,0,-0.0544719,-0.0769606,-0.271696,-0.571828,-0.514064,0.442479,-0.0544719,-0.0769606,-0.244526,0.0103599
1727,31.2794,0.561183,0,-0.0560427,-0.0865148,-0.302723,-0.545985,-0.425116,0.465448,-0.0560427,-0.0865148,-0.27245,0.0118758
1728,31.2975,0.545031,0,-0.0593173,-0.0967982,-0.332624,-0.508996,-0.340717,0.460767,-0.0593173,-0.0967982,-0.299362,0.0138112
1729,31.3156,0.521646,0,-0.0642174,-0.107827,-0.360633,-0.464437,-0.26814,0.433386,-0.0642174,-0.107827,-0.32457,0.0162112
1730,31.3338,0.493879,0,-0.0700555,-0.120328,-0.387059,-0.416224,-0.211097,0.389907,-0.0700555,-0.120328,-0.348353,0.0189809
1731,31.3519,0.463559,0,-0.0773495,-0.134374,-0.410918,-0.367921,-0.170056,0.336715,-0.0773495,-0.134374,-0.369826,0.022249
1732,31.37,0.433378,0,-0.0861872,-0.151741,-0.433595,-0.322309,-0.14331,0.278882,-0.0861872,-0.151741,-0.390236,0.0261593
1733,31.3881,0.404026,0,-0.0970336,-0.172504,-0.453767,-0.281245,-0.128146,0.219886,-0.0970336,-0.172504,-0.40839,0.0308214
1734,31.4062,0.376017,0,-0.109482,-0.19665,-0.470618,-0.245734,-0.121707,0.161826,-0.109482,-0.19665,-0.423556,0.036067
1735,31.4243,0.349407,0,-0.124694,-0.22531,-0.483356,-0.21611,-0.121492,0.105814,-0.124694,-0.22531,-0.43502,0.0421903
1736,31.4424,0.324768,0,-0.142564,-0.259559,-0.491698,-0.192242,-0.125544,0.0523558,-0.142564,-0.259559,-0.442528,0.0490689
1737,31.4605,0.30197,0,-0.164159,-0.300019,-0.49375,-0.173721,-0.132474,0.00162408,-0.164159,-0.300019,-0.444375,0.0567376
1738,31.4787,0.282416,0,-0.189848,-0.348123,-0.488681,-0.16001,-0.141387,-0.046362,-0.189848,-0.348123,-0.439813,0.0649427
1739,31.4968,0.268456,0,-0.220701,-0.404501,-0.475588,-0.150544,-0.151784,-0.0916372,-0.220701,-0.404501,-0.428029,0.0734738
1740,31.5149,0.262455,0,-0.256856,-0.469146,-0.451495,-0.1448,-0.163467,-0.134237,-0.256856,-0.469146,-0.406345,0.0811782
1741,31.533,0.26689,0,-0.299216,-0.540748,-0.411607,-0.142336,-0.176462,-0.174171,-0.299216,-0.540748,-0.370446,0.0862115
1742,31.5511,0.283549,0,-0.346742,-0.615974,-0.349157,-0.142811,-0.190959,-0.211407,-0.346742,-0.615974,-0.314241,0.0847471
1743,31.5692,0.313663,0,-0.399668,-0.687448,-0.261047,-0.145992,-0.207268,-0.24586,-0.399668,-0.687448,-0.234942,0.0730323
1744,31.5873,0.35685,0,-0.454512,-0.748258,-0.145482,-0.151754,-0.225795,-0.277372,-0.454512,-0.748258,-0.130934,0.0462862
1745,31.6054,0.409815,0,-0.508637,-0.786861,-0.00416991,-0.160074,-0.247018,-0.305698,-0.508637,-0.786861,-0.00375292,0.00148468
1746,31.6236,0.466894,0,-0.556645,-0.790228,0.155499,-0.171028,-0.271478,-0.330471,-0.556645,-0.790228,0.139949,-0.0605903
1747,31.6417,0.519763,0,-0.593295,-0.745917,0.315552,-0.184778,-0.299756,-0.351169,-0.593295,-0.745917,0.283997,-0.131051
1748,31.6598,0.562569,0,-0.609616,-0.653454,0.4575,-0.201567,-0.332447,-0.367061,-0.609616,-0.653454,0.41175,-0.195229
1749,31.6779,0.591838,0,-0.60419,-0.525051,0.5612,-0.221695,-0.370112,-0.377154,-0.60419,-0.525051,0.50508,-0.23735
1750,31.696,0.602532,0,-0.572094,-0.37628,0.610391,-0.245505,-0.413191,-0.38012,-0.572094,-0.37628,0.549352,-0.244441
1751,31.7141,0.596297,0,-0.521359,-0.239402,0.603367,-0.273332,-0.461868,-0.374233,-0.521359,-0.239402,0.54303,-0.2202
1752,31.7322,0.580408,0,-0.455552,-0.125861,0.556988,-0.305445,-0.51585,-0.35734,-0.455552,-0.125861,0.501289,-0.177616
1753,31.7503,0.563703,0,-0.384132,-0.0421539,0.490769,-0.341942,-0.574064,-0.326896,-0.384132,-0.0421539,0.441692,-0.131964
1754,31.7684,0.550988,0,-0.31307,0.0144506,0.416344,-0.382606,-0.634254,-0.280156,-0.31307,0.0144506,0.374709,-0.0912412
1755,31.7866,0.542823,0,-0.247177,0.0469957,0.337459,-0.426705,-0.692553,-0.214636,-0.247177,0.0469957,0.303713,-0.0583886
1756,31.8047,0.541895,0,-0.18908,0.0615855,0.262007,-0.472761,-0.743177,-0.128931,-0.18908,0.0615855,0.235806,-0.0346781
1757,31.8228,0.55077,0,-0.139475,0.069491,0.193592,-0.518341,-0.77856,-0.0239219,-0.139475,0.069491,0.174233,-0.0189008
1758,31.8409,0.565451,0,-0.0968047,0.0718431,0.132734,-0.559983,-0.790313,0.0958789,-0.0968047,0.0718431,0.119461,-0.0089945
1759,31.859,0.580124,0,-0.0633786,0.0698372,0.0757778,-0.593407,-0.771276,0.221483,-0.0633786,0.0698372,0.0682,-0.00336188
1760,31.8771,0.591068,0,-0.0372765,0.0648722,0.0208099,-0.614149,-0.718334,0.340011,-0.0372765,0.0648722,0.0187289,-0.000543004
1761,31.8952,0.595955,0,-0.0161127,0.06183,-0.0288107,-0.618564,-0.634777,0.437322,-0.0161127,0.06183,-0.0259296,0.000324953
1762,31.9133,0.592042,0,0.00147467,0.060791,-0.0759912,-0.604909,-0.530559,0.502061,0.00147467,0.060791,-0.0683921,-7.84432e-05
1763,31.9315,0.577247,0,0.0159929,0.0621357,-0.118434,-0.573995,-0.419678,0.529186,0.0159929,0.0621357,-0.10659,-0.00132587
1764,31.9496,0.552561,0,0.0280785,0.0657451,-0.157276,-0.529062,-0.315832,0.520929,0.0280785,0.0657451,-0.141549,-0.00309126
1765,31.9677,0.520392,0,0.0378746,0.0706212,-0.193293,-0.47491,-0.228699,0.484852,0.0378746,0.0706212,-0.173964,-0.00512463
1766,31.9858,0.48652,0,0.0482048,0.0798106,-0.229242,-0.416717,-0.162521,0.430477,0.0482048,0.0798106,-0.206318,-0.00773538
1767,32.0039,0.451799,0,0.0585376,0.0923255,-0.261436,-0.359033,-0.116915,0.366433,0.0585376,0.0923255,-0.235292,-0.0107127
1768,32.022,0.419017,0,0.0696355,0.10757,-0.290593,-0.305229,-0.0887357,0.299039,0.0696355,0.10757,-0.261533,-0.0141649
1769,32.0401,0.388748,0,0.0807447,0.124807,-0.31516,-0.257377,-0.0738395,0.232187,0.0807447,0.124807,-0.283644,-0.0178132
1770,32.0582,0.36267,0,0.0931161,0.145807,-0.335057,-0.216426,-0.0682487,0.167886,0.0931161,0.145807,-0.301551,-0.0218394
1771,32.0764,0.342213,0,0.107575,0.170796,-0.351135,-0.182494,-0.068697,0.10694,0.107575,0.170796,-0.316022,-0.0264413
1772,32.0945,0.328616,0,0.124724,0.199764,-0.364453,-0.155163,-0.0727635,0.0495009,0.124724,0.199764,-0.328008,-0.0318192
1773,32.1126,0.322265,0,0.145359,0.234806,-0.372445,-0.133727,-0.0787961,-0.00457391,0.145359,0.234806,-0.3352,-0.0378967
1774,32.1307,0.324118,0,0.168845,0.27693,-0.374425,-0.11737,-0.0857576,-0.0555251,0.168845,0.27693,-0.336982,-0.0442537
1775,32.1488,0.334179,0,0.196005,0.325297,-0.366707,-0.105278,-0.0930668,-0.103597,0.196005,0.325297,-0.330037,-0.0503135
1776,32.1669,0.35319,0,0.227505,0.378598,-0.348035,-0.0967128,-0.100462,-0.149005,0.227505,0.378598,-0.313232,-0.0554258
1777,32.185,0.380867,0,0.263268,0.434368,-0.316782,-0.0910441,-0.107898,-0.191922,0.263268,0.434368,-0.285104,-0.058379
1778,32.2031,0.417984,0,0.303531,0.492356,-0.272134,-0.0877612,-0.115469,-0.232489,0.303531,0.492356,-0.24492,-0.0578207
1779,32.2212,0.463111,0,0.346794,0.548783,-0.20825,-0.0864726,-0.123363,-0.270816,0.346794,0.548783,-0.187425,-0.0505539
1780,32.2394,0.515303,0,0.391438,0.599558,-0.12566,-0.086898,-0.13183,-0.306986,0.391438,0.599558,-0.113094,-0.0344315
1781,32.2575,0.571647,0,0.436063,0.635571,-0.0225017,-0.0888578,-0.141167,-0.341055,0.436063,0.635571,-0.0202515,-0.00686851
1782,32.2756,0.62772,0,0.476841,0.646889,0.0964703,-0.0922626,-0.151714,-0.373053,0.476841,0.646889,0.0868233,0.0322007
1783,32.2937,0.681605,0,0.510703,0.629963,0.224861,-0.0971052,-0.163856,-0.402974,0.510703,0.629963,0.202375,0.080386
1784,32.3118,0.724934,0,0.531419,0.578047,0.345037,-0.103454,-0.178031,-0.430767,0.531419,0.578047,0.310533,0.128351
1785,32.3299,0.751194,0,0.535254,0.492873,0.439131,-0.111451,-0.194742,-0.456321,0.535254,0.492873,0.395218,0.164532
1786,32.348,0.761612,0,0.520378,0.385583,0.504535,-0.12131,-0.214567,-0.479444,0.520378,0.385583,0.454082,0.183784
1787,32.3661,0.755184,0,0.489287,0.276386,0.529008,-0.133318,-0.238174,-0.499825,0.489287,0.276386,0.476107,0.181186
1788,32.3843,0.733696,0,0.445434,0.176498,0.515897,-0.147843,-0.266327,-0.516992,0.445434,0.176498,0.464307,0.160859
1789,32.4024,0.701981,0,0.390921,0.0907845,0.477873,-0.16533,-0.299878,-0.530245,0.390921,0.0907845,0.430085,0.130767
1790,32.4205,0.665436,0,0.332586,0.0238556,0.424218,-0.186307,-0.339751,-0.538568,0.332586,0.0238556,0.381796,0.0987621
1791,32.4386,0.627967,0,0.275548,-0.0215529,0.360859,-0.211374,-0.386869,-0.540516,0.275548,-0.0215529,0.324773,0.0696038
1792,32.4567,0.593445,0,0.222239,-0.0477266,0.294356,-0.241182,-0.442034,-0.534073,0.222239,-0.0477266,0.26492,0.0457922
1793,32.4748,0.56609,0,0.176218,-0.0594193,0.230076,-0.276378,-0.505679,-0.516504,0.176218,-0.0594193,0.207068,0.0283805
1794,32.4929,0.546072,0,0.136769,-0.0647483,0.167931,-0.317508,-0.577475,-0.484241,0.136769,-0.0647483,0.151138,0.0160774
1795,32.511,0.535963,0,0.102657,-0.0657286,0.110362,-0.364841,-0.655705,-0.432907,0.102657,-0.0657286,0.0993256,0.00793059
1796,32.5292,0.536773,0,0.0744196,-0.0646388,0.0552616,-0.418088,-0.736419,-0.357683,0.0744196,-0.0646388,0.0497354,0.00287878
1797,32.5473,0.551274,0,0.053517,-0.0602845,0.00163401,-0.476014,-0.812492,-0.254275,0.053517,-0.0602845,0.00147061,6.12131e-05
1798,32.5654,0.577822,0,0.036837,-0.0556238,-0.0474887,-0.535967,-0.873031,-0.120818,0.036837,-0.0556238,-0.0427398,-0.00122454
1799,32.5835,0.612983,0,0.024199,-0.0504795,-0.0917131,-0.593481,-0.904023,0.0393555,0.024199,-0.0504795,-0.0825418,-0.00155356
1800,32.6016,0.649999,0,0.0145627,-0.0458529,-0.133379,-0.642278,-0.891264,0.214954,0.0145627,-0.0458529,-0.120041,-0.00135966
1801,32.6197,0.681971,0,0.00783352,-0.0419787,-0.174637,-0.675047,-0.825867,0.386119,0.00783352,-0.0419787,-0.157173,-0.000957613
1802,32.6378,0.701438,0,0.00247573,-0.0381203,-0.214221,-0.685178,-0.710255,0.528349,0.00247573,-0.0381203,-0.192799,-0.000371248
1803,32.6559,0.702713,0,-0.00172609,-0.0350833,-0.251112,-0.668981,-0.560364,0.620821,-0.00172609,-0.0350833,-0.226001,0.000303409
1804,32.674,0.685248,0,-0.00450863,-0.0330369,-0.286384,-0.627263,-0.400874,0.654662,-0.00450863,-0.0330369,-0.257746,0.000903841
1805,32.6922,0.65211,0,-0.0064427,-0.0316332,-0.320287,-0.565232,-0.255701,0.635376,-0.0064427,-0.0316332,-0.288258,0.00144446
1806,32.7103,0.608496,0,-0.00756168,-0.0303213,-0.35211,-0.490748,-0.140042,0.578101,-0.00756168,-0.0303213,-0.316899,0.00186378
1807,32.7284,0.560707,0,-0.00774048,-0.0281391,-0.382524,-0.411979,-0.0582964,0.500006,-0.00774048,-0.0281391,-0.344272,0.00207264
1808,32.7465,0.512794,0,-0.00779596,-0.0268552,-0.410466,-0.335605,-0.00693197,0.414771,-0.00779596,-0.0268552,-0.369419,0.00223998
1809,32.7646,0.467696,0,-0.00784492,-0.0253934,-0.435558,-0.266056,0.0211943,0.330847,-0.00784492,-0.0253934,-0.392002,0.00239184
1810,32.7827,0.427575,0,-0.0075307,-0.0232563,-0.459082,-0.205596,0.0335862,0.252255,-0.0075307,-0.0232563,-0.413174,0.00242004
1811,32.8008,0.393123,0,-0.0068128,-0.0203046,-0.481994,-0.154818,0.0365058,0.180203,-0.0068128,-0.0203046,-0.433794,0.00229861
1812,32.8189,0.363656,0,-0.00600395,-0.0182039,-0.503943,-0.113229,0.0345585,0.114488,-0.00600395,-0.0182039,-0.453548,0.00211795
1813,32.8371,0.338173,0,-0.00478296,-0.015947,-0.524644,-0.0797336,0.030861,0.054384,-0.00478296,-0.015947,-0.47218,0.00175655
1814,32.8552,0.31623,0,-0.00337742,-0.0127198,-0.544898,-0.0529819,0.0273926,-0.000898737,-0.00337742,-0.0127198,-0.490408,0.00128824
1815,32.8733,0.296828,0,-0.00156338,-0.00838712,-0.564164,-0.0315888,0.0253429,-0.0520296,-0.00156338,-0.00838712,-0.507748,0.000617402
1816,32.8914,0.279709,0,0.00098933,-0.00370096,-0.582866,-0.0142561,0.0253932,-0.0995105,0.00098933,-0.00370096,-0.52458,-0.000403653
1817,32.9095,0.264326,0,0.00386883,0.00150005,-0.600736,0.000172036,0.0279242,-0.143688,0.00386883,0.00150005,-0.540663,-0.0016269
1818,32.9276,0.250576,0,0.00723978,0.00754411,-0.617996,0.0126943,0.0331611,-0.184778,0.00723978,0.00754411,-0.556197,-0.00313191
1819,32.9457,0.237619,1,0.0110957,0.0150975,-0.633416,0.0241628,0.0412721,-0.22289,0.0110957,0.0150975,-0.570075,-0.00491975
1820,32.9638,0.22576,1,0.016046,0.0243893,-0.647583,0.0353054,0.0524324,-0.258039,0.016046,0.0243893,-0.582825,-0.0072738
1821,32.982,0.214845,1,0.0220105,0.0361609,-0.660173,0.0467538,0.0668644,-0.290147,0.0220105,0.0361609,-0.594156,-0.0101715
1822,33.0001,0.205134,1,0.0295248,0.0509818,-0.671476,0.0590719,0.0848604,-0.319028,0.0295248,0.0509818,-0.604328,-0.0138776
1823,33.0182,0.196445,1,0.0386221,0.0692699,-0.68082,0.0727816,0.106791,-0.344373,0.0386221,0.0692699,-0.612738,-0.0184063
1824,33.0363,0.189415,1,0.0499449,0.0915553,-0.688865,0.0883846,0.133102,-0.365708,0.0499449,0.0915553,-0.619979,-0.0240837
1825,33.0544,0.183848,1,0.0635078,0.118639,-0.694568,0.106378,0.164292,-0.382353,0.0635078,0.118639,-0.625111,-0.0308773
1826,33.0725,0.180208,1,0.0800508,0.151682,-0.69795,0.12726,0.200867,-0.393356,0.0800508,0.151682,-0.628155,-0.03911
1827,33.0906,0.17795,1,0.0997862,0.191545,-0.696835,0.151527,0.243264,-0.397425,0.0997862,0.191545,-0.627152,-0.0486742
1828,33.1087,0.177602,1,0.123928,0.239338,-0.690816,0.179646,0.291709,-0.392855,0.123928,0.239338,-0.621734,-0.0599282
1829,33.1268,0.178331,1,0.152893,0.297533,-0.676742,0.212005,0.34601,-0.377474,0.152893,0.297533,-0.609068,-0.0724286
1830,33.145,0.180498,1,0.188166,0.366145,-0.652849,0.248825,0.405241,-0.348661,0.188166,0.366145,-0.587564,-0.0859907
1831,33.1631,0.183689,1,0.231085,0.446247,-0.615443,0.290017,0.467324,-0.3035,0.231085,0.446247,-0.553898,-0.0995538
1832,33.1812,0.187826,1,0.282615,0.538842,-0.560111,0.334986,0.528549,-0.239195,0.282615,0.538842,-0.5041,-0.110807
1833,33.1993,0.190138,1,0.341622,0.638779,-0.475903,0.382387,0.583182,-0.153871,0.341622,0.638779,-0.428313,-0.113805
1834,33.2174,0.187706,1,0.407978,0.735728,-0.352145,0.429884,0.623461,-0.0478151,0.407978,0.735728,-0.31693,-0.100567
1835,33.2355,0.182585,1,0.479281,0.819437,-0.185625,0.474024,0.640428,0.0750285,0.479281,0.819437,-0.167063,-0.0622766
1836,33.2536,0.17965,1,0.550971,0.868211,0.0149336,0.510394,0.625947,0.205941,0.550971,0.868211,0.0134403,0.00575961
1837,33.2717,0.176363,1,0.610305,0.85628,0.23783,0.534219,0.57573,0.331714,0.610305,0.85628,0.214047,0.101604
1838,33.2899,0.173748,1,0.651692,0.770699,0.465624,0.541404,0.492147,0.437156,0.651692,0.770699,0.419062,0.21241
1839,33.308,0.168835,1,0.662174,0.60851,0.643628,0.529733,0.384978,0.509435,0.662174,0.60851,0.579266,0.298336
1840,33.3261,0.163171,1,0.636159,0.402112,0.750799,0.499686,0.268943,0.542194,0.636159,0.402112,0.675719,0.334339
1841,33.3442,0.154337,1,0.57685,0.193249,0.772215,0.454423,0.15902,0.537055,0.57685,0.193249,0.694993,0.311816
1842,33.3623,0.143318,1,0.49272,0.013067,0.725386,0.398913,0.0661299,0.50177,0.49272,0.013067,0.652848,0.250188
1843,33.3804,0.131608,1,0.397064,-0.115007,0.637296,0.338659,-0.0047022,0.446551,0.397064,-0.115007,0.573567,0.177133
1844,33.3985,0.122844,1,0.299122,-0.196811,0.53684,0.278571,-0.0536206,0.380808,0.299122,-0.196811,0.483156,0.112407
1845,33.4166,0.112149,1,0.208582,-0.235343,0.432349,0.222313,-0.0839167,0.311463,0.208582,-0.235343,0.389114,0.0631261
1846,33.4348,0.110428,1,0.128586,-0.257836,0.341689,0.172157,-0.100047,0.242761,0.128586,-0.257836,0.30752,0.0307555
1847,33.4529,0.111241,1,0.061634,-0.263816,0.264948,0.129152,-0.10632,0.176858,0.061634,-0.263816,0.238453,0.0114309
1848,33.471,0.113349,1,0.00673707,-0.261626,0.197605,0.0934433,-0.106276,0.114584,0.00673707,-0.261626,0.177844,0.000931893
1849,33.4891,0.116405,1,-0.0371776,-0.25438,0.14113,0.0645944,-0.102541,0.0560562,-0.0371776,-0.25438,0.127017,-0.00367281
1850,33.5072,0.121689,1,-0.0721822,-0.249326,0.0915706,0.0418517,-0.0969056,0.00107686,-0.0721822,-0.249326,0.0824135,-0.00462684
1851,33.5253,0.129871,1,-0.100796,-0.24775,0.0504172,0.0243381,-0.0905017,-0.0506466,-0.100796,-0.24775,0.0453755,-0.00355731
1852,33.5434,0.138992,1,-0.124664,-0.250046,0.00979409,0.0111783,-0.0839755,-0.0994036,-0.124664,-0.250046,0.00881468,-0.000854677
1853,33.5615,0.14945,1,-0.144919,-0.255692,-0.0277867,0.00157208,-0.0776377,-0.145444,-0.144919,-0.255692,-0.025008,0.00281878
1854,33.5796,0.161482,1,-0.162112,-0.26347,-0.0594503,-0.0051699,-0.0715772,-0.188973,-0.162112,-0.26347,-0.0535053,0.00674631
1855,33.5978,0.176222,1,-0.176607,-0.275483,-0.0842642,-0.00961404,-0.0657436,-0.230159,-0.176607,-0.275483,-0.0758378,0.0104172
1856,33.6159,0.193973,1,-0.191794,-0.292155,-0.105649,-0.0122062,-0.0600007,-0.269139,-0.191794,-0.292155,-0.0950838,0.014184
1857,33.634,0.214996,1,-0.208742,-0.31237,-0.122198,-0.0132817,-0.0541617,-0.306028,-0.208742,-0.31237,-0.109978,0.0178554
1858,33.6521,0.23898,1,-0.227313,-0.335654,-0.134286,-0.0130778,-0.0480069,-0.34092,-0.227313,-0.335654,-0.120858,0.0213675
1859,33.6702,0.265644,0,-0.24618,-0.361418,-0.140956,-0.0117466,-0.0412923,-0.373895,-0.24618,-0.361418,-0.12686,0.0242903
1860,33.6883,0.296228,0,-0.266065,-0.390163,-0.139818,-0.00936639,-0.0337494,-0.405014,-0.266065,-0.390163,-0.125837,0.0260405
1861,33.7064,0.3308,0,-0.288096,-0.420357,-0.130285,-0.00594968,-0.0250806,-0.434318,-0.288096,-0.420357,-0.117257,0.0262742
1862,33.7245,0.369301,0,-0.311697,-0.451037,-0.111504,-0.00144945,-0.0149497,-0.461824,-0.311697,-0.451037,-0.100354,0.0243289
1863,33.7427,0.411113,0,-0.336678,-0.482047,-0.0858882,0.00423821,-0.00297076,-0.487515,-0.336678,-0.482047,-0.0772994,0.0202416
1864,33.7608,0.456486,0,-0.362449,-0.511105,-0.0502898,0.0112741,0.0113063,-0.511329,-0.362449,-0.511105,-0.0452608,0.0127592
1865,33.7789,0.503683,0,-0.388132,-0.533271,-0.00481387,0.0198788,0.0284111,-0.533142,-0.388132,-0.533271,-0.00433248,0.00130789
1866,33.797,0.551992,0,-0.4125,-0.547497,0.0490991,0.0303373,0.0489687,-0.552739,-0.4125,-0.547497,0.0441892,-0.0141773
1867,33.8151,0.599464,0,-0.434214,-0.550858,0.10863,0.0430067,0.0737147,-0.569779,-0.434214,-0.550858,0.097767,-0.0330181
1868,33.8332,0.643713,0,-0.451541,-0.540994,0.169759,0.0583237,0.103504,-0.583739,-0.451541,-0.540994,0.152783,-0.0536572
1869,33.8513,0.681943,0,-0.46257,-0.517135,0.226701,0.0768122,0.139312,-0.593838,-0.46257,-0.517135,0.204031,-0.0734055
1870,33.8694,0.712818,0,-0.465767,-0.481341,0.275703,0.0990869,0.182201,-0.598929,-0.465767,-0.481341,0.248132,-0.0898892
1871,33.8876,0.734942,0,-0.461187,-0.436706,0.312011,0.125847,0.233259,-0.59736,-0.461187,-0.436706,0.28081,-0.100727
1872,33.9057,0.748124,0,-0.449283,-0.387066,0.333733,0.157854,0.293433,-0.586797,-0.449283,-0.387066,0.30036,-0.104959
1873,33.9238,0.752394,0,-0.430001,-0.335155,0.340855,0.195867,0.363246,-0.56403,-0.430001,-0.335155,0.306769,-0.102597
1874,33.9419,0.749024,0,-0.404624,-0.285945,0.333404,0.240526,0.442295,-0.524827,-0.404624,-0.285945,0.300063,-0.0944321
1875,33.96,0.740579,0,-0.375711,-0.243185,0.313165,0.292135,0.528457,-0.463961,-0.375711,-0.243185,0.281848,-0.0823615
1876,33.9781,0.730109,0,-0.344832,-0.208989,0.283113,0.350314,0.616802,-0.375688,-0.344832,-0.208989,0.254802,-0.0683385
1877,33.9962,0.721331,0,-0.314497,-0.184395,0.246577,0.413499,0.698404,-0.255063,-0.314497,-0.184395,0.221919,-0.0542834
1878,34.0143,0.716627,0,-0.286179,-0.168928,0.205799,0.478357,0.759694,-0.100481,-0.286179,-0.168928,0.185219,-0.0412267
1879,34.0324,0.716718,0,-0.261081,-0.161757,0.164252,0.539333,0.78362,0.0826799,-0.261081,-0.161757,0.147827,-0.0300183
1880,34.0506,0.717804,0,-0.240021,-0.159594,0.123421,0.588778,0.754014,0.278799,-0.240021,-0.159594,0.111079,-0.0207366
1881,34.0687,0.714529,0,-0.222546,-0.161907,0.0824675,0.618163,0.663086,0.462272,-0.222546,-0.161907,0.0742208,-0.012847
1882,34.0868,0.700421,0,-0.208925,-0.168008,0.0449363,0.620462,0.51842,0.604137,-0.208925,-0.168008,0.0404426,-0.00657183
1883,34.1049,0.671214,0,-0.199159,-0.176881,0.00995847,0.592847,0.343421,0.683456,-0.199159,-0.176881,0.00896262,-0.00138832
1884,34.123,0.626344,0,-0.192528,-0.187588,-0.0223608,0.538091,0.168621,0.69613,-0.192528,-0.187588,-0.0201248,0.00301357
1885,34.1411,0.569479,0,-0.189269,-0.19985,-0.0516129,0.463667,0.0192709,0.65449,-0.189269,-0.19985,-0.0464516,0.00683811
1886,34.1592,0.506944,0,-0.188867,-0.213737,-0.0795657,0.379124,-0.092182,0.578908,-0.188867,-0.213737,-0.0716091,0.0105191
1887,34.1773,0.443638,0,-0.191554,-0.229732,-0.104039,0.29333,-0.165591,0.488596,-0.191554,-0.229732,-0.0936355,0.0139504
1888,34.1955,0.383638,0,-0.197196,-0.248831,-0.124531,0.212815,-0.208011,0.396775,-0.197196,-0.248831,-0.112078,0.0171899
1889,34.2136,0.329567,0,-0.205478,-0.270781,-0.141014,0.141385,-0.228604,0.310373,-0.205478,-0.270781,-0.126913,0.0202827
1890,34.2317,0.28317,0,-0.216721,-0.295757,-0.15357,0.0805514,-0.235627,0.231877,-0.216721,-0.295757,-0.138213,0.0232973
1891,34.2498,0.245113,1,-0.231293,-0.323992,-0.161101,0.0302345,-0.235362,0.161373,-0.231293,-0.323992,-0.144991,0.0260831
1892,34.2679,0.215981,1,-0.248516,-0.355041,-0.163225,-0.0105828,-0.232128,0.0979718,-0.248516,-0.355041,-0.146903,0.0283948
1893,34.286,0.196392,1,-0.268523,-0.388177,-0.158351,-0.0433635,-0.228694,0.0405916,-0.268523,-0.388177,-0.142516,0.0297646
1894,34.3041,0.18664,1,-0.290112,-0.421573,-0.145722,-0.0696987,-0.226736,-0.0117075,-0.290112,-0.421573,-0.131149,0.0295929
1895,34.3222,0.187465,1,-0.313629,-0.454669,-0.124349,-0.0911235,-0.227224,-0.059624,-0.313629,-0.454669,-0.111914,0.0272997
1896,34.3404,0.19893,1,-0.338801,-0.487243,-0.0933008,-0.109027,-0.230696,-0.103621,-0.338801,-0.487243,-0.0839707,0.0221273
1897,34.3585,0.21972,1,-0.365626,-0.517336,-0.0522214,-0.124619,-0.237461,-0.14396,-0.365626,-0.517336,-0.0469992,0.0133654
1898,34.3766,0.24758,1,-0.393153,-0.542473,-0.000795812,-0.138935,-0.247717,-0.180738,-0.393153,-0.542473,-0.000716231,0.000219013
1899,34.3947,0.278734,0,-0.419514,-0.55838,0.0579757,-0.152857,-0.261644,-0.213905,-0.419514,-0.55838,0.0521781,-0.0170251
1900,34.4128,0.30935,0,-0.441667,-0.559991,0.121442,-0.167138,-0.279437,-0.24327,-0.441667,-0.559991,0.109298,-0.0375459
1901,34.4309,0.338147,0,-0.458586,-0.546236,0.186256,-0.182437,-0.301333,-0.26849,-0.458586,-0.546236,0.16763,-0.05979
1902,34.449,0.363736,0,-0.468425,-0.51695,0.248216,-0.199336,-0.327601,-0.289046,-0.468425,-0.51695,0.223394,-0.0813893
1903,34.4671,0.383582,0,-0.470365,-0.474451,0.299497,-0.218365,-0.358514,-0.304209,-0.470365,-0.474451,0.269547,-0.0986109
1904,34.4852,0.39581,0,-0.463241,-0.423722,0.334532,-0.240002,-0.39429,-0.312998,-0.463241,-0.423722,0.301078,-0.108478
1905,34.5034,0.401675,0,-0.4479,-0.368805,0.353746,-0.264663,-0.43499,-0.314141,-0.4479,-0.368805,0.318371,-0.11091
1906,34.5215,0.401293,0,-0.425398,-0.313626,0.355531,-0.292678,-0.480377,-0.306049,-0.425398,-0.313626,0.319978,-0.105869
1907,34.5396,0.396507,0,-0.397437,-0.263156,0.341849,-0.324227,-0.529701,-0.286838,-0.397437,-0.263156,0.307664,-0.0951044
1908,34.5577,0.389382,0,-0.365388,-0.220428,0.315197,-0.359254,-0.581433,-0.254446,-0.365388,-0.220428,0.283678,-0.0806186
1909,34.5758,0.382954,0,-0.332416,-0.187809,0.280535,-0.397339,-0.632962,-0.206892,-0.332416,-0.187809,0.252482,-0.0652782
1910,34.5939,0.378884,0,-0.300591,-0.165525,0.240456,-0.437543,-0.680344,-0.142772,-0.300591,-0.165525,0.216411,-0.0505952
1911,34.612,0.37894,0,-0.271393,-0.152542,0.198687,-0.47825,-0.71826,-0.062005,-0.271393,-0.152542,0.178819,-0.0377456
1912,34.6301,0.383905,0,-0.246359,-0.145791,0.156872,-0.517074,-0.740417,0.0332469,-0.246359,-0.145791,0.141185,-0.0270527
1913,34.6483,0.392366,0,-0.225593,-0.14437,0.115204,-0.550904,-0.740622,0.13777,-0.225593,-0.14437,0.103684,-0.0181925
1914,34.6664,0.402399,0,-0.208135,-0.147625,0.0730447,-0.576216,-0.714511,0.243139,-0.208135,-0.147625,0.0657402,-0.0106422
1915,34.6845,0.411008,0,-0.194701,-0.154474,0.0325577,-0.589658,-0.661474,0.338733,-0.194701,-0.154474,0.029302,-0.00443731
1916,34.7026,0.4145,0,-0.185344,-0.164569,-0.00451005,-0.58883,-0.58582,0.414033,-0.185344,-0.164569,-0.00405904,0.000585138
1917,34.7207,0.411518,0,-0.179727,-0.176349,-0.0395795,-0.572983,-0.496279,0.461456,-0.179727,-0.176349,-0.0356216,0.00497946
1918,34.7388,0.401479,0,-0.17721,-0.189834,-0.072784,-0.543332,-0.403725,0.478361,-0.17721,-0.189834,-0.0655056,0.00902866
1919,34.7569,0.384553,0,-0.177705,-0.2055,-0.103106,-0.502804,-0.318166,0.467211,-0.177705,-0.2055,-0.0927951,0.0128257
1920,34.775,0.362256,0,-0.180906,-0.223778,-0.129821,-0.455335,-0.246456,0.433971,-0.180906,-0.223778,-0.116839,0.0164398
1921,34.7932,0.336646,0,-0.187375,-0.245082,-0.152478,-0.405029,-0.191555,0.38581,-0.187375,-0.245082,-0.13723,0.0199994
1922,34.8113,0.310332,0,-0.196533,-0.269023,-0.171006,-0.355459,-0.153176,0.329233,-0.196533,-0.269023,-0.153905,0.0235258
1923,34.8294,0.285275,0,-0.209377,-0.296614,-0.184813,-0.309295,-0.12905,0.269151,-0.209377,-0.296614,-0.166331,0.0270868
1924,34.8475,0.263386,0,-0.225282,-0.327455,-0.193249,-0.268223,-0.116132,0.208765,-0.225282,-0.327455,-0.173924,0.0304749
1925,34.8656,0.246015,1,-0.244416,-0.361164,-0.195171,-0.233066,-0.111429,0.149899,-0.244416,-0.361164,-0.175654,0.033392
1926,34.8837,0.234273,1,-0.265738,-0.396257,-0.189884,-0.203996,-0.112425,0.0934504,-0.265738,-0.396257,-0.170896,0.0353216
1927,34.9018,0.22913,1,-0.289157,-0.43184,-0.176478,-0.180756,-0.117216,0.0397696,-0.289157,-0.43184,-0.15883,0.0357209
1928,34.9199,0.23218,1,-0.314765,-0.468443,-0.153681,-0.162845,-0.124488,-0.0110711,-0.314765,-0.468443,-0.138313,0.0338615
1929,34.938,0.244377,1,-0.342686,-0.505136,-0.120176,-0.149664,-0.133418,-0.0591177,-0.342686,-0.505136,-0.108158,0.0288278
1930,34.9562,0.26517,0,-0.372145,-0.539118,-0.0748105,-0.14061,-0.14357,-0.104448,-0.372145,-0.539118,-0.0673295,0.0194883
1931,34.9743,0.293657,0,-0.402566,-0.567541,-0.0174155,-0.135138,-0.154795,-0.147131,-0.402566,-0.567541,-0.0156739,0.00490762
1932,34.9924,0.326769,0,-0.431571,-0.586099,0.0484903,-0.132796,-0.167151,-0.187202,-0.431571,-0.586099,0.0436413,-0.0146489
1933,35.0105,0.36036,0,-0.456481,-0.588471,0.120218,-0.13324,-0.180849,-0.224657,-0.456481,-0.588471,0.108196,-0.0384139
1934,35.0286,0.392557,0,-0.475387,-0.573218,0.193488,-0.136237,-0.19621,-0.259441,-0.475387,-0.573218,0.17414,-0.0643873
1935,35.0467,0.421754,0,-0.486889,-0.540201,0.263369,-0.141662,-0.213645,-0.291436,-0.486889,-0.540201,0.237032,-0.0897621
1936,35.0648,0.444402,0,-0.488729,-0.491439,0.320606,-0.149496,-0.23364,-0.320441,-0.488729,-0.491439,0.288545,-0.109683
1937,35.0829,0.459104,0,-0.480586,-0.433533,0.359674,-0.159817,-0.256743,-0.346146,-0.480586,-0.433533,0.323706,-0.120998
1938,35.1011,0.466117,0,-0.463131,-0.371679,0.380052,-0.172793,-0.283554,-0.3681,-0.463131,-0.371679,0.342047,-0.12321
1939,35.1192,0.465462,0,-0.437871,-0.30998,0.381049,-0.188674,-0.31471,-0.38566,-0.437871,-0.30998,0.342944,-0.116795
1940,35.1373,0.458486,0,-0.406201,-0.254048,0.364885,-0.207781,-0.350847,-0.397931,-0.406201,-0.254048,0.328396,-0.103752
1941,35.1554,0.447069,0,-0.370341,-0.207152,0.335011,-0.230486,-0.392529,-0.403696,-0.370341,-0.207152,0.30151,-0.0868478
1942,35.1735,0.433682,0,-0.333547,-0.171969,0.296151,-0.257184,-0.440142,-0.40134,-0.333547,-0.171969,0.266535,-0.069146
1943,35.1916,0.420105,0,-0.298455,-0.148331,0.251596,-0.288233,-0.493697,-0.388782,-0.298455,-0.148331,0.226436,-0.0525631
1944,35.2097,0.408886,0,-0.266309,-0.135197,0.205805,-0.323874,-0.552548,-0.363464,-0.266309,-0.135197,0.185224,-0.0383653
1945,35.2278,0.402382,0,-0.239168,-0.128743,0.160954,-0.364095,-0.614994,-0.322458,-0.239168,-0.128743,0.144859,-0.0269466
1946,35.246,0.40137,0,-0.216335,-0.127513,0.116117,-0.408442,-0.677796,-0.262797,-0.216335,-0.127513,0.104506,-0.0175841
1947,35.2641,0.406731,0,-0.197323,-0.13106,0.0705674,-0.455772,-0.735721,-0.182177,-0.197323,-0.13106,0.0635106,-0.00974718
1948,35.2822,0.419778,0,-0.1827,-0.138182,0.028059,-0.504,-0.781382,-0.0801125,-0.1827,-0.138182,0.0252531,-0.00358845
1949,35.3003,0.438607,0,-0.17265,-0.148483,-0.0116114,-0.549914,-0.80581,0.0405531,-0.17265,-0.148483,-0.0104502,0.00140329
1950,35.3184,0.46107,0,-0.166206,-0.160082,-0.0492228,-0.589236,-0.800185,0.172292,-0.166206,-0.160082,-0.0443005,0.00572677
1951,35.3365,0.482928,0,-0.163076,-0.17311,-0.0853226,-0.617102,-0.758748,0.302681,-0.163076,-0.17311,-0.0767903,0.00973982
1952,35.3546,0.499271,0,-0.16292,-0.187912,-0.118907,-0.629029,-0.681942,0.416342,-0.16292,-0.187912,-0.107016,0.0135607
1953,35.3727,0.505396,0,-0.165616,-0.205422,-0.148298,-0.622148,-0.57793,0.499075,-0.165616,-0.205422,-0.133468,0.0171923
1954,35.3908,0.49973,0,-0.170905,-0.226258,-0.173992,-0.596203,-0.460899,0.542427,-0.170905,-0.226258,-0.156592,0.0208152
1955,35.409,0.482918,0,-0.179499,-0.249771,-0.195636,-0.553781,-0.34659,0.546097,-0.179499,-0.249771,-0.176072,0.0245815
1956,35.4271,0.457596,0,-0.191479,-0.276449,-0.212843,-0.499606,-0.247484,0.516815,-0.191479,-0.276449,-0.191559,0.0285285
1957,35.4452,0.427211,0,-0.206757,-0.306474,-0.224327,-0.439274,-0.170183,0.464795,-0.206757,-0.306474,-0.201895,0.0324669
1958,35.4633,0.396153,0,-0.225247,-0.340423,-0.22994,-0.378014,-0.115612,0.400086,-0.225247,-0.340423,-0.206946,0.0362554
1959,35.4814,0.367878,0,-0.246244,-0.376789,-0.229091,-0.319889,-0.0809416,0.33042,-0.246244,-0.376789,-0.206182,0.0394885
1960,35.4995,0.344899,0,-0.270046,-0.41502,-0.220993,-0.267534,-0.0617261,0.260716,-0.270046,-0.41502,-0.198894,0.0417749
1961,35.5176,0.328441,0,-0.296474,-0.455134,-0.202353,-0.222273,-0.0534393,0.193571,-0.296474,-0.455134,-0.182118,0.0419946
1962,35.5357,0.320924,0,-0.325553,-0.496265,-0.173121,-0.184431,-0.0522541,0.130053,-0.325553,-0.496265,-0.155809,0.0394521
1963,35.5539,0.323569,0,-0.356892,-0.536782,-0.131973,-0.153665,-0.0552805,0.0703787,-0.356892,-0.536782,-0.118776,0.03297
1964,35.572,0.335793,0,-0.389739,-0.572467,-0.0768468,-0.129255,-0.0605119,0.0143769,-0.389739,-0.572467,-0.0691621,0.0209651
1965,35.5901,0.357753,0,-0.423011,-0.600765,-0.00800101,-0.110319,-0.0666581,-0.0382545,-0.423011,-0.600765,-0.00720091,0.00236916
1966,35.6082,0.386466,0,-0.453804,-0.616154,0.0701374,-0.095953,-0.0729604,-0.0878258,-0.453804,-0.616154,0.0631237,-0.02228
1967,35.6263,0.416881,0,-0.479361,-0.611382,0.152969,-0.0853153,-0.0790309,-0.134608,-0.479361,-0.611382,0.137672,-0.0513292
1968,35.6444,0.446561,0,-0.497425,-0.585693,0.234804,-0.0776719,-0.0847272,-0.178827,-0.497425,-0.585693,0.211324,-0.0817582
1969,35.6625,0.473291,0,-0.506336,-0.540212,0.309511,-0.0724116,-0.0900611,-0.220663,-0.506336,-0.540212,0.27856,-0.109702
1970,35.6806,0.492143,0,-0.503207,-0.478622,0.365078,-0.0690454,-0.0951375,-0.260269,-0.503207,-0.478622,0.32857,-0.128597
1971,35.6988,0.503151,0,-0.489184,-0.410164,0.39885,-0.0671975,-0.100115,-0.297769,-0.489184,-0.410164,0.358965,-0.136578
1972,35.7169,0.505592,0,-0.46525,-0.33978,0.410304,-0.0665921,-0.105181,-0.333272,-0.46525,-0.33978,0.369274,-0.133626
1973,35.735,0.500327,0,-0.433337,-0.273427,0.401422,-0.0670394,-0.110545,-0.366872,-0.433337,-0.273427,0.36128,-0.121766
1974,35.7531,0.488336,0,-0.395173,-0.215865,0.375152,-0.068423,-0.11643,-0.398645,-0.395173,-0.215865,0.337636,-0.103775
1975,35.7712,0.471901,0,-0.354341,-0.170388,0.336439,-0.0706903,-0.123079,-0.428659,-0.354341,-0.170388,0.302795,-0.08345
1976,35.7893,0.45291,0,-0.314232,-0.138551,0.289722,-0.0738445,-0.130762,-0.456961,-0.314232,-0.138551,0.26075,-0.0637278
1977,35.8074,0.433453,0,-0.27691,-0.119137,0.240043,-0.0779398,-0.139782,-0.483579,-0.27691,-0.119137,0.216039,-0.0465292
1978,35.8255,0.414911,0,-0.243951,-0.108849,0.190657,-0.0830801,-0.15049,-0.508513,-0.243951,-0.108849,0.171592,-0.0325577
1979,35.8436,0.397619,0,-0.216528,-0.10526,0.142645,-0.0894194,-0.163297,-0.531728,-0.216528,-0.10526,0.12838,-0.0216206
1980,35.8618,0.379654,0,-0.193131,-0.106246,0.0933597,-0.0971655,-0.178692,-0.553134,-0.193131,-0.106246,0.0840237,-0.0126215
1981,35.8799,0.363147,0,-0.174577,-0.111508,0.046826,-0.106585,-0.197255,-0.572571,-0.174577,-0.111508,0.0421434,-0.00572232
1982,35.898,0.348041,0,-0.160813,-0.120483,0.00329456,-0.118013,-0.219679,-0.58977,-0.160813,-0.120483,0.0029651,-0.000370864
1983,35.9161,0.334103,0,-0.151475,-0.13135,-0.0376013,-0.131858,-0.246779,-0.604316,-0.151475,-0.13135,-0.0338411,0.00398695
1984,35.9342,0.32082,0,-0.145378,-0.14274,-0.0769977,-0.148617,-0.279505,-0.615571,-0.145378,-0.14274,-0.0692979,0.00783565
1985,35.9523,0.30847,0,-0.142491,-0.154717,-0.114849,-0.168881,-0.318929,-0.622589,-0.142491,-0.154717,-0.103364,0.0114555
1986,35.9704,0.297853,0,-0.142546,-0.169007,-0.149978,-0.193336,-0.366206,-0.623984,-0.142546,-0.169007,-0.13498,0.0149651
1987,35.9885,0.289667,0,-0.145419,-0.186707,-0.181689,-0.222753,-0.422465,-0.61776,-0.145419,-0.186707,-0.16352,0.0184946
1988,36.0067,0.285277,0,-0.150881,-0.207228,-0.2093,-0.257951,-0.488603,-0.601108,-0.150881,-0.207228,-0.18837,0.0221056
1989,36.0248,0.286051,0,-0.160005,-0.230296,-0.232548,-0.299711,-0.564885,-0.570198,-0.160005,-0.230296,-0.209293,0.0260462
1990,36.0429,0.293468,0,-0.171811,-0.256335,-0.251897,-0.348613,-0.650285,-0.520065,-0.171811,-0.256335,-0.226707,0.030295
1991,36.061,0.309249,0,-0.1865,-0.286233,-0.265842,-0.404748,-0.741483,-0.444783,-0.1865,-0.286233,-0.239257,0.0347056
1992,36.0791,0.334011,0,-0.204247,-0.320263,-0.274492,-0.467273,-0.831571,-0.338301,-0.204247,-0.320263,-0.247043,0.0392449
1993,36.0972,0.367936,0,-0.22518,-0.357137,-0.276861,-0.53381,-0.908866,-0.196414,-0.22518,-0.357137,-0.249175,0.0436406
1994,36.1153,0.407552,0,-0.249649,-0.397792,-0.271427,-0.599828,-0.956842,-0.0201627,-0.249649,-0.397792,-0.244284,0.0474331
1995,36.1334,0.447237,0,-0.277695,-0.442346,-0.256429,-0.658347,-0.95682,0.180014,-0.277695,-0.442346,-0.230786,0.0498463
1996,36.1516,0.480596,0,-0.308358,-0.488509,-0.229773,-0.700558,-0.89457,0.381954,-0.308358,-0.488509,-0.206795,0.0495965
1997,36.1697,0.500894,0,-0.34177,-0.535175,-0.190895,-0.71779,-0.769067,0.555154,-0.34177,-0.535175,-0.171806,0.0456696
1998,36.1878,0.503578,0,-0.376938,-0.57887,-0.136896,-0.704452,-0.597513,0.671288,-0.376938,-0.57887,-0.123206,0.0361208
1999,36.2059,0.488347,0,-0.413877,-0.615791,-0.0660802,-0.6605,-0.410622,0.716564,-0.413877,-0.615791,-0.0594722,0.0191443
2000,36.224,0.461376,0,-0.450644,-0.641157,0.020286,-0.591731,-0.239717,0.696706,-0.450644,-0.641157,0.0182574,-0.00639925
