step,lt,err,locked,pred_x,pred_y,pred_z,true_x,true_y,true_z,drive_x,drive_y,drive_z,drive_xz
1,0.018112,0.00848432,1,-0.237013,-0.2276,0.0105864,-0.242575,-0.220691,-0.00113038,-0.237013,-0.2276,0.00952778,-0.00175638
2,0.036224,0.0115043,1,-0.232942,-0.241396,-0.0142927,-0.23787,-0.232496,-0.0314261,-0.232942,-0.241396,-0.0128634,0.00233056
3,0.054336,0.0139231,1,-0.23285,-0.257883,-0.0377786,-0.236416,-0.24704,-0.0590221,-0.23285,-0.257883,-0.0340007,0.00615773
4,0.072448,0.0165408,1,-0.235813,-0.275417,-0.0572053,-0.238107,-0.264171,-0.0834555,-0.235813,-0.275417,-0.0514847,0.00944284
5,0.09056,0.0192976,1,-0.241987,-0.294766,-0.0726793,-0.242831,-0.283794,-0.10424,-0.241987,-0.294766,-0.0654114,0.0123112
6,0.108672,0.0219634,1,-0.250494,-0.316284,-0.0842695,-0.250483,-0.305833,-0.120847,-0.250494,-0.316284,-0.0758425,0.0147763
7,0.126784,0.0241748,1,-0.261695,-0.339721,-0.0919243,-0.260961,-0.330178,-0.132688,-0.261695,-0.339721,-0.0827318,0.0168393
8,0.144896,0.0264906,1,-0.275113,-0.364452,-0.0939102,-0.274155,-0.356634,-0.139112,-0.275113,-0.364452,-0.0845192,0.0180851
9,0.163008,0.0288038,1,-0.290759,-0.390142,-0.0898208,-0.289924,-0.384852,-0.139422,-0.290759,-0.390142,-0.0808387,0.0182813
10,0.18112,0.0310855,1,-0.308108,-0.416138,-0.0790947,-0.308072,-0.414262,-0.132904,-0.308108,-0.416138,-0.0711852,0.0170588
11,0.199232,0.032741,1,-0.327059,-0.441915,-0.0622363,-0.328308,-0.444001,-0.118893,-0.327059,-0.441915,-0.0560126,0.0142485
12,0.217344,0.0342153,1,-0.346858,-0.465463,-0.0381776,-0.350205,-0.472855,-0.0968822,-0.346858,-0.465463,-0.0343598,0.00926954
13,0.235456,0.035353,1,-0.36736,-0.485741,-0.00722106,-0.373157,-0.49923,-0.0666681,-0.36736,-0.485741,-0.00649896,0.00185691
14,0.253568,0.0356716,1,-0.387443,-0.501179,0.0292304,-0.396348,-0.521194,-0.0285406,-0.387443,-0.501179,0.0263074,-0.00792759
15,0.27168,0.035201,1,-0.406272,-0.51014,0.070011,-0.418736,-0.536609,0.0165194,-0.406272,-0.51014,0.0630099,-0.0199105
16,0.289792,0.0338289,1,-0.422591,-0.511083,0.112703,-0.43908,-0.543386,0.0666835,-0.422591,-0.511083,0.101433,-0.0333391
17,0.307904,0.032661,1,-0.435277,-0.502896,0.156713,-0.456019,-0.539849,0.119237,-0.435277,-0.502896,0.141042,-0.0477496
18,0.326016,0.0315194,1,-0.443551,-0.485905,0.199579,-0.468206,-0.525153,0.170732,-0.443551,-0.485905,0.179621,-0.0619663
19,0.344128,0.0301115,1,-0.446679,-0.460713,0.238168,-0.474491,-0.499626,0.217372,-0.446679,-0.460713,0.214351,-0.0744694
20,0.36224,0.0287436,1,-0.443471,-0.42764,0.267852,-0.474114,-0.464907,0.255572,-0.443471,-0.42764,0.241067,-0.0831492
21,0.380352,0.0276255,1,-0.433994,-0.389102,0.285155,-0.466863,-0.423777,0.282557,-0.433994,-0.389102,0.256639,-0.0866288
22,0.398464,0.0265797,1,-0.419019,-0.349459,0.290407,-0.453141,-0.379696,0.296806,-0.419019,-0.349459,0.261366,-0.0851802
23,0.416576,0.0255849,1,-0.39955,-0.311421,0.285179,-0.433918,-0.336181,0.298199,-0.39955,-0.311421,0.256661,-0.0797603
24,0.434688,0.0245872,1,-0.376668,-0.277163,0.27055,-0.410587,-0.296242,0.287844,-0.376668,-0.277163,0.243495,-0.0713353
25,0.4528,0.0226305,1,-0.35243,-0.248859,0.249827,-0.384756,-0.262007,0.267676,-0.35243,-0.248859,0.224844,-0.0616324
26,0.470912,0.0201904,1,-0.328284,-0.226934,0.223296,-0.358032,-0.234623,0.239996,-0.328284,-0.226934,0.200966,-0.0513131
27,0.489024,0.0184613,1,-0.30457,-0.210141,0.19096,-0.331858,-0.21438,0.20708,-0.30457,-0.210141,0.171864,-0.0407125
28,0.507136,0.0171436,1,-0.282288,-0.198957,0.155223,-0.307405,-0.200944,0.170935,-0.282288,-0.198957,0.139701,-0.0306723
29,0.525248,0.0155323,1,-0.262801,-0.193032,0.118822,-0.285535,-0.193629,0.133195,-0.262801,-0.193032,0.106939,-0.0218585
30,0.54336,0.0134045,1,-0.246638,-0.19226,0.0836486,-0.266811,-0.191616,0.0951242,-0.246638,-0.19226,0.0752838,-0.0144417
31,0.561472,0.0112472,1,-0.233855,-0.195169,0.0495951,-0.25155,-0.194109,0.0576738,-0.233855,-0.195169,0.0446356,-0.00811865
32,0.579584,0.00948376,1,-0.224414,-0.202186,0.0163027,-0.239875,-0.200433,0.0215644,-0.224414,-0.202186,0.0146724,-0.00256099
33,0.597696,0.00782767,1,-0.218658,-0.213013,-0.0143554,-0.23178,-0.210065,-0.012639,-0.218658,-0.213013,-0.0129199,0.00219725
34,0.615808,0.00695159,1,-0.216083,-0.227014,-0.0427946,-0.227178,-0.222643,-0.04446,-0.216083,-0.227014,-0.0385151,0.00647302
35,0.63392,0.00682809,1,-0.216486,-0.242913,-0.0683952,-0.225947,-0.237943,-0.07346,-0.216486,-0.242913,-0.0615557,0.0103646
36,0.652032,0.00773156,1,-0.219768,-0.26058,-0.0897162,-0.227959,-0.255852,-0.0991967,-0.219768,-0.26058,-0.0807446,0.0138017
37,0.670144,0.00945417,1,-0.225821,-0.280889,-0.10725,-0.233092,-0.276324,-0.121194,-0.225821,-0.280889,-0.0965248,0.0169535
38,0.688256,0.011346,1,-0.234452,-0.303271,-0.1209,-0.241245,-0.299337,-0.138916,-0.234452,-0.303271,-0.10881,0.0198416
39,0.706368,0.013303,1,-0.245953,-0.327339,-0.129751,-0.252325,-0.324843,-0.151753,-0.245953,-0.327339,-0.116776,0.0223388
40,0.72448,0.0156433,1,-0.25984,-0.353011,-0.132686,-0.266245,-0.352703,-0.159012,-0.25984,-0.353011,-0.119418,0.024134
41,0.742592,0.0175874,1,-0.275972,-0.379732,-0.130401,-0.28289,-0.382624,-0.159926,-0.275972,-0.379732,-0.117361,0.0251909
42,0.760704,0.0187877,1,-0.294066,-0.407325,-0.122878,-0.302095,-0.414075,-0.153683,-0.294066,-0.407325,-0.110591,0.0252941
43,0.778816,0.0198372,1,-0.314214,-0.436286,-0.10796,-0.323599,-0.4462,-0.139491,-0.314214,-0.436286,-0.0971644,0.0237459
44,0.796928,0.0203968,1,-0.336071,-0.465586,-0.0853703,-0.346996,-0.477746,-0.116689,-0.336071,-0.465586,-0.0768332,0.0200833
45,0.81504,0.0205668,1,-0.359158,-0.493537,-0.054406,-0.371686,-0.507012,-0.0849097,-0.359158,-0.493537,-0.0489654,0.0136783
46,0.833152,0.0209498,1,-0.382625,-0.51698,-0.0144097,-0.396827,-0.531868,-0.0442986,-0.382625,-0.51698,-0.0129687,0.00385946
47,0.851264,0.0209317,1,-0.405133,-0.53287,0.0318644,-0.421314,-0.549887,0.00424167,-0.405133,-0.53287,0.0286779,-0.00903651
48,0.869376,0.0201519,1,-0.425568,-0.539585,0.0817318,-0.443793,-0.558614,0.05884,-0.425568,-0.539585,0.0735586,-0.0243477
49,0.887488,0.0190699,1,-0.442952,-0.536213,0.134119,-0.462742,-0.555995,0.116569,-0.442952,-0.536213,0.120707,-0.0415857
50,0.9056,0.0179195,1,-0.455575,-0.521772,0.186049,-0.476619,-0.540878,0.173582,-0.455575,-0.521772,0.167444,-0.0593315
51,0.923712,0.0171727,1,-0.462342,-0.495988,0.235887,-0.484074,-0.513463,0.225541,-0.462342,-0.495988,0.212298,-0.0763423
52,0.941824,0.016633,1,-0.46173,-0.459983,0.277483,-0.484184,-0.47551,0.26828,-0.46173,-0.459983,0.249734,-0.0896854
53,0.959936,0.0154613,1,-0.454037,-0.416944,0.304116,-0.476646,-0.430169,0.298543,-0.454037,-0.416944,0.273705,-0.0966559
54,0.978048,0.0148352,1,-0.439232,-0.36937,0.315992,-0.461875,-0.38143,0.314547,-0.439232,-0.36937,0.284393,-0.0971557
55,0.99616,0.0143364,1,-0.418523,-0.322773,0.31505,-0.440952,-0.333368,0.316175,-0.418523,-0.322773,0.283545,-0.092299
56,1.01427,0.0137434,1,-0.393322,-0.281037,0.302261,-0.415452,-0.28944,0.304761,-0.393322,-0.281037,0.272035,-0.08322
57,1.03238,0.0128236,1,-0.365931,-0.24573,0.281414,-0.387196,-0.252036,0.282591,-0.365931,-0.24573,0.253273,-0.0720848
58,1.0505,0.0117795,1,-0.338107,-0.217874,0.253044,-0.357996,-0.222372,0.252338,-0.338107,-0.217874,0.227739,-0.0598892
59,1.06861,0.0110742,1,-0.310822,-0.196854,0.219066,-0.329459,-0.200658,0.216592,-0.310822,-0.196854,0.197159,-0.0476634
60,1.08672,0.0109586,1,-0.284559,-0.182352,0.180519,-0.302868,-0.186402,0.177579,-0.284559,-0.182352,0.162467,-0.0359578
61,1.10483,0.0111297,1,-0.260982,-0.173615,0.141008,-0.279145,-0.178729,0.137062,-0.260982,-0.173615,0.126908,-0.0257605
62,1.12294,0.0113864,1,-0.24111,-0.170757,0.102593,-0.258869,-0.17665,0.0963607,-0.24111,-0.170757,0.0923333,-0.0173153
63,1.14106,0.0120376,1,-0.225104,-0.172222,0.0658368,-0.242342,-0.179234,0.0564339,-0.225104,-0.172222,0.0592531,-0.0103741
64,1.15917,0.0124861,1,-0.212951,-0.177453,0.0289603,-0.229654,-0.185708,0.01798,-0.212951,-0.177453,0.0260643,-0.00431698
65,1.17728,0.0128188,1,-0.204397,-0.1863,-0.00660559,-0.220756,-0.195496,-0.0184708,-0.204397,-0.1863,-0.00594503,0.000945115
66,1.19539,0.0133472,1,-0.19932,-0.198673,-0.0390312,-0.215525,-0.208209,-0.0524819,-0.19932,-0.198673,-0.0351281,0.0054458
67,1.2135,0.0137773,1,-0.197851,-0.214309,-0.0685487,-0.213802,-0.223629,-0.0836535,-0.197851,-0.214309,-0.0616938,0.0094937
68,1.23162,0.0141401,1,-0.19949,-0.232498,-0.0954036,-0.215432,-0.241667,-0.111578,-0.19949,-0.232498,-0.0858632,0.0133225
69,1.24973,0.0149939,1,-0.204331,-0.252615,-0.11776,-0.220281,-0.262325,-0.135809,-0.204331,-0.252615,-0.105984,0.0168434
70,1.26784,0.0158473,1,-0.211962,-0.275583,-0.136156,-0.228244,-0.285646,-0.155828,-0.211962,-0.275583,-0.12254,0.0202018
71,1.28595,0.016301,1,-0.222478,-0.30084,-0.151059,-0.239244,-0.311664,-0.171032,-0.222478,-0.30084,-0.135953,0.0235251
72,1.30406,0.0174519,1,-0.235723,-0.327846,-0.159461,-0.253217,-0.340344,-0.180709,-0.235723,-0.327846,-0.143515,0.0263121
73,1.32218,0.0185311,1,-0.251793,-0.356402,-0.162433,-0.270093,-0.371511,-0.184044,-0.251793,-0.356402,-0.14619,0.0286297
74,1.34029,0.0192402,1,-0.270329,-0.387124,-0.159592,-0.289762,-0.404759,-0.180132,-0.270329,-0.387124,-0.143633,0.0301997
75,1.3584,0.0195361,1,-0.291347,-0.419511,-0.150055,-0.312034,-0.43936,-0.168029,-0.291347,-0.419511,-0.13505,0.0306027
76,1.37651,0.0192106,1,-0.314604,-0.453816,-0.132341,-0.33658,-0.474155,-0.14685,-0.314604,-0.453816,-0.119106,0.0291444
77,1.39462,0.0181051,1,-0.340157,-0.488286,-0.105971,-0.362874,-0.507472,-0.115931,-0.340157,-0.488286,-0.0953735,0.0252327
78,1.41274,0.0170279,1,-0.366669,-0.520244,-0.0691263,-0.390133,-0.537097,-0.0750659,-0.366669,-0.520244,-0.0622136,0.0177425
79,1.43085,0.0158653,1,-0.393804,-0.546364,-0.0217946,-0.417267,-0.56035,-0.0247906,-0.393804,-0.546364,-0.0196151,0.00600796
80,1.44896,0.0147597,1,-0.419484,-0.564078,0.0345386,-0.442872,-0.574327,0.0333129,-0.419484,-0.564078,0.0310848,-0.0101419
81,1.46707,0.0135788,1,-0.442824,-0.569593,0.0946845,-0.465286,-0.576346,0.0964176,-0.442824,-0.569593,0.0852161,-0.02935
82,1.48518,0.0123544,1,-0.461956,-0.562261,0.155857,-0.482726,-0.564536,0.160477,-0.461956,-0.562261,0.140272,-0.0503995
83,1.5033,0.0110598,1,-0.475016,-0.541235,0.216494,-0.493521,-0.538461,0.220599,-0.475016,-0.541235,0.194845,-0.0719868
84,1.52141,0.010009,1,-0.480546,-0.506406,0.273209,-0.496392,-0.499523,0.271772,-0.480546,-0.506406,0.245888,-0.0919026
85,1.53952,0.0100519,1,-0.477412,-0.459681,0.316813,-0.490722,-0.45093,0.309783,-0.477412,-0.459681,0.285132,-0.105875
86,1.55763,0.00998105,1,-0.465616,-0.405714,0.342149,-0.476713,-0.397159,0.332023,-0.465616,-0.405714,0.307934,-0.111517
87,1.57574,0.00905003,1,-0.446101,-0.349616,0.348662,-0.455394,-0.343052,0.337881,-0.446101,-0.349616,0.313796,-0.108877
88,1.59386,0.00885934,1,-0.419648,-0.296295,0.340701,-0.428445,-0.292886,0.3286,-0.419648,-0.296295,0.306631,-0.100082
89,1.61197,0.0103735,1,-0.389114,-0.250835,0.322339,-0.397908,-0.249725,0.30671,-0.389114,-0.250835,0.290105,-0.0877986
90,1.63008,0.0117414,1,-0.356633,-0.213401,0.29334,-0.365876,-0.215199,0.275315,-0.356633,-0.213401,0.264006,-0.0732304
91,1.64819,0.0132011,1,-0.324447,-0.185624,0.257734,-0.334238,-0.189667,0.237471,-0.324447,-0.185624,0.231961,-0.0585349
92,1.6663,0.0140071,1,-0.293768,-0.16629,0.216627,-0.304509,-0.172579,0.195802,-0.293768,-0.16629,0.194964,-0.0445467
93,1.68442,0.0150303,1,-0.265182,-0.15332,0.173032,-0.277783,-0.162891,0.15236,-0.265182,-0.15332,0.155729,-0.0321194
94,1.70253,0.0161023,1,-0.240401,-0.147604,0.129447,-0.254744,-0.159399,0.108638,-0.240401,-0.147604,0.116502,-0.0217834
95,1.72064,0.0172619,1,-0.220224,-0.147536,0.0874264,-0.235738,-0.160968,0.0656823,-0.220224,-0.147536,0.0786838,-0.0134774
96,1.73875,0.0183972,1,-0.20412,-0.151379,0.0466183,-0.220859,-0.166653,0.0242159,-0.20412,-0.151379,0.0419565,-0.006661
97,1.75686,0.0190722,1,-0.192158,-0.158791,0.00675605,-0.210037,-0.175748,-0.0152449,-0.192158,-0.158791,0.00608045,-0.000908759
98,1.77498,0.0200991,1,-0.183748,-0.168997,-0.0302938,-0.203105,-0.187783,-0.0523005,-0.183748,-0.168997,-0.0272644,0.00389649
99,1.79309,0.0209729,1,-0.179137,-0.182473,-0.0644839,-0.199865,-0.202493,-0.0866004,-0.179137,-0.182473,-0.0580355,0.00808602
100,1.8112,0.0219135,1,-0.178179,-0.198812,-0.0950039,-0.20012,-0.219783,-0.117794,-0.178179,-0.198812,-0.0855035,0.0118494
101,1.82931,0.0227809,1,-0.180884,-0.217252,-0.122406,-0.203707,-0.23968,-0.145493,-0.180884,-0.217252,-0.110166,0.0154989
102,1.84742,0.0236145,1,-0.18655,-0.238459,-0.146185,-0.210502,-0.262286,-0.16924,-0.18655,-0.238459,-0.131567,0.0190896
103,1.86554,0.0239192,1,-0.195275,-0.26248,-0.167363,-0.220426,-0.287732,-0.188484,-0.195275,-0.26248,-0.150626,0.0228772
104,1.88365,0.0249035,1,-0.206393,-0.288661,-0.183189,-0.233439,-0.31612,-0.202555,-0.206393,-0.288661,-0.16487,0.0264663
105,1.90176,0.0262176,1,-0.220308,-0.316864,-0.194125,-0.249516,-0.347458,-0.210648,-0.220308,-0.316864,-0.174712,0.0299371
106,1.91987,0.0275098,1,-0.237077,-0.348298,-0.198869,-0.268624,-0.381575,-0.211821,-0.237077,-0.348298,-0.178982,0.0330031
107,1.93798,0.0290704,1,-0.256718,-0.3818,-0.19665,-0.290681,-0.41802,-0.205014,-0.256718,-0.3818,-0.176985,0.0353385
108,1.9561,0.0302818,1,-0.279613,-0.417717,-0.187641,-0.3155,-0.455939,-0.189109,-0.279613,-0.417717,-0.168877,0.0367268
109,1.97421,0.0310424,1,-0.305326,-0.456028,-0.170401,-0.342728,-0.49395,-0.163059,-0.305326,-0.456028,-0.153361,0.0364194
110,1.99232,0.0312457,1,-0.333576,-0.495961,-0.143679,-0.371765,-0.530035,-0.126088,-0.333576,-0.495961,-0.129311,0.0335495
111,2.01043,0.0315338,1,-0.363175,-0.533036,-0.104243,-0.401694,-0.561509,-0.0779997,-0.363175,-0.533036,-0.0938189,0.0265009
112,2.02854,0.0315326,1,-0.393628,-0.564221,-0.0531962,-0.431219,-0.585137,-0.0195468,-0.393628,-0.564221,-0.0478766,0.0146576
113,2.04666,0.0305081,1,-0.423239,-0.586582,0.00953183,-0.458668,-0.597474,0.0471935,-0.423239,-0.586582,0.00857865,-0.00282397
114,2.06477,0.0286172,1,-0.449766,-0.596009,0.0810108,-0.482074,-0.595462,0.118597,-0.449766,-0.596009,0.0729097,-0.0255051
115,2.08288,0.0273167,1,-0.472669,-0.590397,0.152831,-0.499367,-0.577222,0.189603,-0.472669,-0.590397,0.137548,-0.0505669
116,2.10099,0.0251466,1,-0.488316,-0.567084,0.224428,-0.508686,-0.5428,0.254301,-0.488316,-0.567084,0.201986,-0.0767144
117,2.1191,0.0227362,1,-0.495922,-0.527943,0.290437,-0.50873,-0.494564,0.306948,-0.495922,-0.527943,0.261394,-0.100824
118,2.13722,0.0217615,1,-0.493338,-0.474208,0.342482,-0.499066,-0.43696,0.343144,-0.493338,-0.474208,0.308234,-0.118271
119,2.15533,0.0218171,1,-0.480607,-0.411242,0.373347,-0.480276,-0.37563,0.360712,-0.480607,-0.411242,0.336012,-0.125603
120,2.17344,0.0215055,1,-0.45858,-0.346395,0.381227,-0.453873,-0.316192,0.359941,-0.45858,-0.346395,0.343104,-0.122376
121,2.19155,0.0212447,1,-0.428864,-0.285318,0.37171,-0.422025,-0.263154,0.343144,-0.428864,-0.285318,0.334539,-0.111589
122,2.20966,0.0223618,1,-0.394111,-0.233141,0.349304,-0.38717,-0.21932,0.313794,-0.394111,-0.233141,0.314373,-0.0963651
123,2.22778,0.0238242,1,-0.357088,-0.191067,0.316193,-0.351645,-0.185767,0.275633,-0.357088,-0.191067,0.284573,-0.0790359
124,2.24589,0.0250382,1,-0.320418,-0.161285,0.27528,-0.317425,-0.162218,0.232026,-0.320418,-0.161285,0.247752,-0.0617434
125,2.264,0.0259634,1,-0.286077,-0.141197,0.230165,-0.285994,-0.147564,0.185648,-0.286077,-0.141197,0.207148,-0.0460914
126,2.28211,0.026027,1,-0.254673,-0.128247,0.181711,-0.258323,-0.140351,0.13844,-0.254673,-0.128247,0.16354,-0.0323938
127,2.30022,0.0264263,1,-0.227644,-0.122887,0.133892,-0.234942,-0.13912,0.0917221,-0.227644,-0.122887,0.120503,-0.0213359
128,2.31834,0.0269529,1,-0.205472,-0.124169,0.0879232,-0.216035,-0.14261,0.0463573,-0.205472,-0.124169,0.0791309,-0.012646
129,2.33645,0.0271543,1,-0.188375,-0.129412,0.0431671,-0.201551,-0.149848,0.00290721,-0.188375,-0.129412,0.0388504,-0.00569212
130,2.35456,0.0276886,1,-0.175069,-0.136929,0.000450277,-0.1913,-0.160153,-0.0382431,-0.175069,-0.136929,0.000405249,-5.51805e-05
131,2.37267,0.028874,1,-0.165337,-0.147211,-0.0388179,-0.185029,-0.173117,-0.0767953,-0.165337,-0.147211,-0.0349361,0.00449262
132,2.39078,0.0303221,1,-0.159417,-0.159544,-0.0752603,-0.182477,-0.188553,-0.112476,-0.159417,-0.159544,-0.0677342,0.00839844
133,2.4089,0.0316992,1,-0.157911,-0.174933,-0.107971,-0.183416,-0.206452,-0.144992,-0.157911,-0.174933,-0.0971735,0.0119348
134,2.42701,0.0330128,1,-0.160098,-0.1925,-0.13761,-0.187668,-0.226931,-0.173996,-0.160098,-0.1925,-0.123849,0.0154217
135,2.44512,0.0338072,1,-0.165403,-0.213015,-0.164941,-0.195118,-0.250187,-0.199059,-0.165403,-0.213015,-0.148447,0.0190972
136,2.46323,0.0343422,1,-0.173314,-0.236617,-0.18961,-0.205712,-0.276454,-0.219637,-0.173314,-0.236617,-0.170649,0.0230034
137,2.48134,0.0358717,1,-0.183824,-0.26167,-0.209922,-0.219446,-0.305943,-0.23505,-0.183824,-0.26167,-0.18893,0.0270121
138,2.49946,0.0382149,1,-0.196574,-0.289526,-0.225135,-0.236348,-0.338782,-0.244449,-0.196574,-0.289526,-0.202621,0.030979
139,2.51757,0.0408803,1,-0.212674,-0.320733,-0.234164,-0.256452,-0.374929,-0.24681,-0.212674,-0.320733,-0.210748,0.0348604
140,2.53568,0.0434157,1,-0.232213,-0.355927,-0.236925,-0.27975,-0.414056,-0.240931,-0.232213,-0.355927,-0.213233,0.038512
141,2.55379,0.0463169,1,-0.25506,-0.394,-0.232887,-0.306142,-0.455412,-0.225484,-0.25506,-0.394,-0.209598,0.0415801
142,2.5719,0.0492046,1,-0.280845,-0.435722,-0.22048,-0.335355,-0.497657,-0.199128,-0.280845,-0.435722,-0.198432,0.0433445
143,2.59002,0.0521765,1,-0.309944,-0.479355,-0.198213,-0.366857,-0.538706,-0.160723,-0.309944,-0.479355,-0.178392,0.0430045
144,2.60813,0.05507,1,-0.341384,-0.522595,-0.163315,-0.399753,-0.575632,-0.109664,-0.341384,-0.522595,-0.146983,0.0390272
145,2.62624,0.0574115,1,-0.374618,-0.561844,-0.114722,-0.432707,-0.604728,-0.0463487,-0.374618,-0.561844,-0.10325,0.0300839
146,2.64435,0.0586608,1,-0.408392,-0.594142,-0.053147,-0.463901,-0.62183,0.027323,-0.408392,-0.594142,-0.0478323,0.0151934
147,2.66246,0.0576165,1,-0.440651,-0.615625,0.0217696,-0.491101,-0.622993,0.107557,-0.440651,-0.615625,0.0195927,-0.00671497
148,2.68058,0.0547378,1,-0.469442,-0.621433,0.105381,-0.511858,-0.605477,0.188657,-0.469442,-0.621433,0.0948432,-0.0346293
149,2.69869,0.0516444,1,-0.492222,-0.607618,0.189519,-0.523868,-0.568779,0.263623,-0.492222,-0.607618,0.170567,-0.0652997
150,2.7168,0.0478633,1,-0.506607,-0.573273,0.269197,-0.525419,-0.515298,0.32539,-0.506607,-0.573273,0.242277,-0.0954638
151,2.73491,0.0441484,1,-0.510686,-0.520238,0.338178,-0.51581,-0.450172,0.368373,-0.510686,-0.520238,0.30436,-0.120892
152,2.75302,0.0424917,1,-0.503011,-0.453413,0.387891,-0.495578,-0.380214,0.389712,-0.503011,-0.453413,0.349102,-0.13658
153,2.77114,0.0418603,1,-0.483865,-0.379112,0.411841,-0.466429,-0.312316,0.389679,-0.483865,-0.379112,0.370657,-0.139493
154,2.78925,0.0410865,1,-0.454617,-0.306699,0.409968,-0.430898,-0.25199,0.371126,-0.454617,-0.306699,0.368971,-0.130465
155,2.80736,0.0411853,1,-0.418175,-0.242643,0.391171,-0.39186,-0.202569,0.338348,-0.418175,-0.242643,0.352054,-0.114505
156,2.82547,0.0416966,1,-0.37754,-0.189841,0.358824,-0.352065,-0.165193,0.2959,-0.37754,-0.189841,0.322941,-0.0948291
157,2.84358,0.0419175,1,-0.336207,-0.150783,0.315876,-0.313803,-0.139328,0.247772,-0.336207,-0.150783,0.284288,-0.0743399
158,2.8617,0.0423034,1,-0.296444,-0.125545,0.268097,-0.278752,-0.123465,0.197023,-0.296444,-0.125545,0.241287,-0.0556329
159,2.87981,0.0421125,1,-0.260747,-0.109286,0.217294,-0.24797,-0.115735,0.145771,-0.260747,-0.109286,0.195565,-0.0396612
160,2.89792,0.0411889,1,-0.228847,-0.101052,0.165128,-0.221984,-0.114331,0.0953705,-0.228847,-0.101052,0.148615,-0.0264523
161,2.91603,0.0401845,1,-0.20258,-0.0999995,0.113921,-0.200924,-0.117732,0.0466371,-0.20258,-0.0999995,0.102529,-0.0161548
162,2.93414,0.0401464,1,-0.181509,-0.104609,0.0665179,-0.184655,-0.124788,4.90106e-05,-0.181509,-0.104609,0.0598661,-0.00845152
163,2.95226,0.0396095,1,-0.165118,-0.111187,0.0198702,-0.172893,-0.134714,-0.0441046,-0.165118,-0.111187,0.0178832,-0.00229665
164,2.97037,0.0396003,1,-0.152482,-0.120053,-0.0238834,-0.165292,-0.147047,-0.0856229,-0.152482,-0.120053,-0.0214951,0.00254925
165,2.98848,0.0405563,1,-0.143615,-0.130326,-0.0640223,-0.161512,-0.161587,-0.124329,-0.143615,-0.130326,-0.0576201,0.00643619
166,3.00659,0.0417284,1,-0.13892,-0.143303,-0.100888,-0.161259,-0.178339,-0.160025,-0.13892,-0.143303,-0.0907988,0.00981072
167,3.0247,0.0433542,1,-0.138043,-0.157701,-0.134427,-0.164307,-0.19746,-0.192464,-0.138043,-0.157701,-0.120984,0.0129897
168,3.04282,0.0443767,1,-0.140839,-0.175426,-0.16555,-0.170511,-0.219212,-0.221319,-0.140839,-0.175426,-0.148995,0.0163211
169,3.06093,0.0448493,1,-0.146486,-0.196093,-0.194814,-0.179805,-0.24393,-0.246156,-0.146486,-0.196093,-0.175333,0.0199763
170,3.07904,0.045761,1,-0.154475,-0.218523,-0.221651,-0.1922,-0.271967,-0.266404,-0.154475,-0.218523,-0.199486,0.0239678
171,3.09715,0.0484594,1,-0.164563,-0.242698,-0.243079,-0.207769,-0.303657,-0.281317,-0.164563,-0.242698,-0.218771,0.0280012
172,3.11526,0.0517697,1,-0.177582,-0.270877,-0.25892,-0.226621,-0.339237,-0.289943,-0.177582,-0.270877,-0.233028,0.0321858
173,3.13338,0.0555427,1,-0.194365,-0.302575,-0.269193,-0.248876,-0.378757,-0.291097,-0.194365,-0.302575,-0.242274,0.0366252
174,3.15149,0.0595579,1,-0.214442,-0.33876,-0.273275,-0.274612,-0.421944,-0.28335,-0.214442,-0.33876,-0.245947,0.0410211
175,3.1696,0.063823,1,-0.238017,-0.379453,-0.271947,-0.303798,-0.468029,-0.265075,-0.238017,-0.379453,-0.244752,0.0453096
176,3.18771,0.0693399,1,-0.264488,-0.423142,-0.261849,-0.33621,-0.515532,-0.23457,-0.264488,-0.423142,-0.235664,0.048479
177,3.20582,0.0750378,1,-0.294326,-0.470417,-0.24102,-0.371308,-0.562036,-0.190307,-0.294326,-0.470417,-0.216918,0.049657
178,3.22394,0.0808662,1,-0.327518,-0.517986,-0.206982,-0.408113,-0.604035,-0.131364,-0.327518,-0.517986,-0.186284,0.0474534
179,3.24205,0.0863439,1,-0.362803,-0.562512,-0.158288,-0.445086,-0.63697,-0.0580313,-0.362803,-0.562512,-0.142459,0.0401992
180,3.26016,0.0900329,1,-0.399742,-0.601415,-0.0946828,-0.480069,-0.655632,0.0274886,-0.399742,-0.601415,-0.0852145,0.0264941
181,3.27827,0.0913372,1,-0.435835,-0.630378,-0.0168195,-0.510359,-0.655058,0.120529,-0.435835,-0.630378,-0.0151376,0.00513138
182,3.29638,0.0893224,1,-0.469155,-0.643899,0.0735053,-0.532968,-0.631881,0.21393,-0.469155,-0.643899,0.0661548,-0.0241397
183,3.3145,0.0845857,1,-0.496765,-0.635823,0.169972,-0.545105,-0.585759,0.298895,-0.496765,-0.635823,0.152975,-0.0591053
184,3.33261,0.0795657,1,-0.515578,-0.603555,0.260959,-0.54478,-0.520204,0.366751,-0.515578,-0.603555,0.234863,-0.0941812
185,3.35072,0.0744158,1,-0.523947,-0.55007,0.340905,-0.531342,-0.442207,0.411076,-0.523947,-0.55007,0.306814,-0.125031
186,3.36883,0.0698653,1,-0.518937,-0.477897,0.402699,-0.505727,-0.360577,0.429251,-0.518937,-0.477897,0.362429,-0.146283
187,3.38694,0.0677144,1,-0.500785,-0.396069,0.436759,-0.47029,-0.283692,0.422713,-0.500785,-0.396069,0.393083,-0.153106
188,3.40506,0.0662933,1,-0.470559,-0.314068,0.441774,-0.428287,-0.217672,0.39589,-0.470559,-0.314068,0.397597,-0.145517
189,3.42317,0.0656946,1,-0.431557,-0.240463,0.425305,-0.383215,-0.165628,0.354523,-0.431557,-0.240463,0.382774,-0.12848
190,3.44128,0.0646257,1,-0.387717,-0.179775,0.390153,-0.338235,-0.12796,0.304152,-0.387717,-0.179775,0.351138,-0.105888
191,3.45939,0.0634515,1,-0.342458,-0.134689,0.343658,-0.295824,-0.103248,0.249239,-0.342458,-0.134689,0.309292,-0.0823819
192,3.4775,0.062701,1,-0.298221,-0.105908,0.292268,-0.257656,-0.0891916,0.192924,-0.298221,-0.105908,0.263041,-0.0610123
193,3.49562,0.0615743,1,-0.258565,-0.0882386,0.238183,-0.224663,-0.0833442,0.137183,-0.258565,-0.0882386,0.214364,-0.0431099
194,3.51373,0.0593953,1,-0.223358,-0.0788362,0.182519,-0.197186,-0.0835322,0.0831388,-0.223358,-0.0788362,0.164267,-0.0285369
195,3.53184,0.0574645,1,-0.194014,-0.077411,0.128517,-0.17515,-0.0880405,0.0313689,-0.194014,-0.077411,0.115665,-0.0174538
196,3.54995,0.0564004,1,-0.170333,-0.0810887,0.0779786,-0.158231,-0.0956406,-0.0178588,-0.170333,-0.0810887,0.0701807,-0.00929762
197,3.56806,0.0549328,1,-0.151681,-0.0877728,0.0288691,-0.145981,-0.105541,-0.0644295,-0.151681,-0.0877728,0.0259822,-0.00306523
198,3.58618,0.0537723,1,-0.13738,-0.096127,-0.0175925,-0.137925,-0.11731,-0.108286,-0.13738,-0.096127,-0.0158333,0.0016918
199,3.60429,0.0538659,1,-0.126742,-0.104908,-0.0600058,-0.133624,-0.130794,-0.149377,-0.126742,-0.104908,-0.0540052,0.00532369
200,3.6224,0.0540116,1,-0.119976,-0.114924,-0.100324,-0.132711,-0.146052,-0.18762,-0.119976,-0.114924,-0.0902912,0.00842552
201,3.64051,0.0544983,1,-0.117162,-0.127304,-0.137447,-0.134911,-0.1633,-0.222884,-0.117162,-0.127304,-0.123703,0.0112725
202,3.65862,0.0551884,1,-0.117513,-0.141827,-0.171632,-0.140051,-0.182871,-0.254967,-0.117513,-0.141827,-0.154469,0.0141183
203,3.67674,0.0553646,1,-0.120706,-0.159363,-0.203896,-0.148056,-0.205182,-0.283572,-0.120706,-0.159363,-0.183507,0.0172281
204,3.69485,0.0559565,1,-0.126162,-0.178418,-0.233553,-0.158948,-0.230709,-0.30828,-0.126162,-0.178418,-0.210198,0.0206259
205,3.71296,0.0576741,1,-0.133929,-0.198623,-0.259926,-0.172834,-0.259956,-0.328509,-0.133929,-0.198623,-0.233934,0.0243683
206,3.73107,0.060188,1,-0.1443,-0.222574,-0.282066,-0.189891,-0.293413,-0.343475,-0.1443,-0.222574,-0.253859,0.0284915
207,3.74918,0.0635164,1,-0.15829,-0.250337,-0.299161,-0.210349,-0.331494,-0.352137,-0.15829,-0.250337,-0.269245,0.033148
208,3.7673,0.0680496,1,-0.175018,-0.281829,-0.310923,-0.234456,-0.374438,-0.353149,-0.175018,-0.281829,-0.279831,0.0380921
209,3.78541,0.0732326,1,-0.19492,-0.318165,-0.318047,-0.262429,-0.422157,-0.344826,-0.19492,-0.318165,-0.286243,0.0433956
210,3.80352,0.0799322,1,-0.218197,-0.358573,-0.319359,-0.294385,-0.474026,-0.325154,-0.218197,-0.358573,-0.287423,0.0487781
211,3.82163,0.0881586,1,-0.244815,-0.403629,-0.31201,-0.330232,-0.528589,-0.291893,-0.244815,-0.403629,-0.280809,0.0534691
212,3.83974,0.0973932,1,-0.274941,-0.453429,-0.294405,-0.36953,-0.583236,-0.242838,-0.274941,-0.453429,-0.264965,0.0566609
213,3.85786,0.107307,1,-0.309021,-0.505855,-0.263991,-0.411311,-0.633905,-0.176332,-0.309021,-0.505855,-0.237592,0.057105
214,3.87597,0.117265,1,-0.346188,-0.558004,-0.21841,-0.4539,-0.674996,-0.0920614,-0.346188,-0.558004,-0.196569,0.0529275
215,3.89408,0.125352,1,-0.386109,-0.606199,-0.155093,-0.494794,-0.699755,0.00792276,-0.386109,-0.606199,-0.139584,0.041918
216,3.91219,0.13041,1,-0.42685,-0.645964,-0.0745052,-0.530692,-0.701398,0.118275,-0.42685,-0.645964,-0.0670547,0.0222618
217,3.9303,0.131013,1,-0.465427,-0.670244,0.0228722,-0.557802,-0.674987,0.230086,-0.465427,-0.670244,0.020585,-0.00745175
218,3.94842,0.12663,1,-0.500084,-0.672977,0.131877,-0.572471,-0.619603,0.33192,-0.500084,-0.672977,0.118689,-0.0461647
219,3.96653,0.120309,1,-0.52579,-0.647432,0.240022,-0.572039,-0.539725,0.412309,-0.52579,-0.647432,0.216019,-0.0883406
220,3.98464,0.113404,1,-0.540336,-0.594496,0.336734,-0.555626,-0.444752,0.462925,-0.540336,-0.594496,0.30306,-0.127365
221,4.00275,0.106579,1,-0.540279,-0.518061,0.414543,-0.524488,-0.346511,0.480865,-0.540279,-0.518061,0.373088,-0.156778
222,4.02086,0.101686,1,-0.524788,-0.426617,0.464363,-0.481758,-0.255888,0.468856,-0.524788,-0.426617,0.417927,-0.170585
223,4.03898,0.099081,1,-0.495119,-0.332168,0.481961,-0.431673,-0.180269,0.43346,-0.495119,-0.332168,0.433765,-0.16704
224,4.05709,0.0974084,1,-0.453614,-0.246108,0.469815,-0.378636,-0.122741,0.3825,-0.453614,-0.246108,0.422834,-0.14918
225,4.0752,0.0950173,1,-0.405896,-0.173717,0.434874,-0.326463,-0.0828464,0.322991,-0.405896,-0.173717,0.391387,-0.12356
226,4.09331,0.0914446,1,-0.355514,-0.118336,0.384385,-0.277973,-0.0580124,0.260148,-0.355514,-0.118336,0.345946,-0.095658
227,4.11142,0.088309,1,-0.305416,-0.0829231,0.327599,-0.234919,-0.0448823,0.197298,-0.305416,-0.0829231,0.29484,-0.0700379
228,4.12954,0.0850023,1,-0.259157,-0.0605123,0.268717,-0.198127,-0.0402075,0.136282,-0.259157,-0.0605123,0.241845,-0.0487479
229,4.14765,0.0814101,1,-0.218805,-0.0482539,0.209201,-0.167731,-0.0412883,0.0779541,-0.218805,-0.0482539,0.188281,-0.032042
230,4.16576,0.0781329,1,-0.184104,-0.0445002,0.151667,-0.143416,-0.0461016,0.0226081,-0.184104,-0.0445002,0.1365,-0.0195457
231,4.18387,0.0752454,1,-0.156227,-0.0470075,0.0965407,-0.124618,-0.0532589,-0.0297423,-0.156227,-0.0470075,0.0868867,-0.0105576
232,4.20198,0.0727656,1,-0.133857,-0.0535422,0.0444066,-0.110673,-0.0618966,-0.0791943,-0.133857,-0.0535422,0.039966,-0.00416089
233,4.2201,0.0705804,1,-0.116606,-0.0612297,-0.00507145,-0.100921,-0.0715538,-0.12587,-0.116606,-0.0612297,-0.0045643,0.000413953
234,4.23821,0.0696306,1,-0.103193,-0.0681537,-0.0503725,-0.0947683,-0.0820649,-0.169875,-0.103193,-0.0681537,-0.0453353,0.00363865
235,4.25632,0.0685138,1,-0.0937318,-0.0747378,-0.0941215,-0.0917184,-0.0934754,-0.211285,-0.0937318,-0.0747378,-0.0847094,0.00617553
236,4.27443,0.0673685,1,-0.087488,-0.082605,-0.135883,-0.0913885,-0.105982,-0.250136,-0.087488,-0.082605,-0.122294,0.00832166
237,4.29254,0.0669585,1,-0.0843693,-0.0921725,-0.174177,-0.0935113,-0.11989,-0.28642,-0.0843693,-0.0921725,-0.156759,0.0102866
238,4.31066,0.0660291,1,-0.0836571,-0.104297,-0.211004,-0.097932,-0.135594,-0.320073,-0.0836571,-0.104297,-0.189903,0.0123564
239,4.32877,0.0661978,1,-0.0847624,-0.116511,-0.24429,-0.104602,-0.153561,-0.350968,-0.0847624,-0.116511,-0.219861,0.0144946
240,4.34688,0.0670787,1,-0.0878085,-0.129324,-0.274916,-0.113574,-0.174324,-0.378886,-0.0878085,-0.129324,-0.247424,0.0168979
241,4.36499,0.0680814,1,-0.0933033,-0.144082,-0.303786,-0.124991,-0.198482,-0.403494,-0.0933033,-0.144082,-0.273407,0.0198409
242,4.3831,0.06886,1,-0.101325,-0.162845,-0.330904,-0.139087,-0.226693,-0.424299,-0.101325,-0.162845,-0.297814,0.0234702
243,4.40122,0.0707958,1,-0.111698,-0.184613,-0.354418,-0.156175,-0.259653,-0.440598,-0.111698,-0.184613,-0.318976,0.0277115
244,4.41933,0.0742653,1,-0.124148,-0.209828,-0.373912,-0.176641,-0.298061,-0.451406,-0.124148,-0.209828,-0.33652,0.0324944
245,4.43744,0.0797511,1,-0.139052,-0.237972,-0.389667,-0.200919,-0.342546,-0.455374,-0.139052,-0.237972,-0.3507,0.0379288
246,4.45555,0.0872794,1,-0.156491,-0.27052,-0.401756,-0.229466,-0.393534,-0.450698,-0.156491,-0.27052,-0.361581,0.0440098
247,4.47366,0.0973427,1,-0.177162,-0.307982,-0.409565,-0.262694,-0.451027,-0.435041,-0.177162,-0.307982,-0.368608,0.0507915
248,4.49178,0.110331,1,-0.201421,-0.351195,-0.411101,-0.300879,-0.514276,-0.405519,-0.201421,-0.351195,-0.369991,0.057963
249,4.50989,0.125867,1,-0.229936,-0.400842,-0.402979,-0.344004,-0.581305,-0.358824,-0.229936,-0.400842,-0.362681,0.0648616
250,4.528,0.143575,1,-0.262547,-0.455876,-0.381948,-0.391536,-0.64835,-0.291633,-0.262547,-0.455876,-0.343753,0.0701956
251,4.54611,0.161549,1,-0.300082,-0.517344,-0.347234,-0.442148,-0.709329,-0.201449,-0.300082,-0.517344,-0.312511,0.0729391
252,4.56422,0.17968,1,-0.341951,-0.580431,-0.295827,-0.493416,-0.75571,-0.088002,-0.341951,-0.580431,-0.266244,0.0708108
253,4.58234,0.194601,1,-0.387652,-0.642596,-0.222907,-0.541633,-0.777293,0.0449633,-0.387652,-0.642596,-0.200616,0.0604872
254,4.60045,0.204382,1,-0.436122,-0.697257,-0.127319,-0.581919,-0.76443,0.188193,-0.436122,-0.697257,-0.114587,0.0388685
255,4.61856,0.207548,1,-0.484229,-0.733386,-0.00950587,-0.608857,-0.711573,0.326977,-0.484229,-0.733386,-0.00855528,0.00322211
256,4.63667,0.203629,1,-0.52685,-0.739897,0.124584,-0.617682,-0.620817,0.443902,-0.52685,-0.739897,0.112126,-0.045946
257,4.65478,0.194905,1,-0.559988,-0.710967,0.261986,-0.605708,-0.503062,0.523997,-0.559988,-0.710967,0.235787,-0.102696
258,4.6729,0.184984,1,-0.57868,-0.642918,0.383836,-0.573343,-0.375223,0.559814,-0.57868,-0.642918,0.345452,-0.155483
259,4.69101,0.174746,1,-0.57871,-0.543006,0.479618,-0.524114,-0.254576,0.553343,-0.57871,-0.543006,0.431656,-0.194292
260,4.70912,0.167091,1,-0.558546,-0.425897,0.537688,-0.46364,-0.15354,0.513758,-0.558546,-0.425897,0.48392,-0.210227
261,4.72723,0.160965,1,-0.52039,-0.306832,0.553918,-0.398124,-0.0775186,0.452945,-0.52039,-0.306832,0.498527,-0.201777
262,4.74534,0.154346,1,-0.46796,-0.201342,0.531563,-0.333032,-0.0259217,0.381596,-0.46796,-0.201342,0.478407,-0.174125
263,4.76346,0.14677,1,-0.408346,-0.117438,0.483574,-0.272366,0.00533423,0.307333,-0.408346,-0.117438,0.435217,-0.138226
264,4.78157,0.137035,1,-0.346724,-0.0586109,0.417615,-0.218525,0.0214795,0.234622,-0.346724,-0.0586109,0.375853,-0.101358
265,4.79968,0.128476,1,-0.287266,-0.0203239,0.350166,-0.172541,0.0274162,0.165565,-0.287266,-0.0203239,0.315149,-0.0704134
266,4.81779,0.118691,1,-0.232107,0.00245999,0.28005,-0.134455,0.0270791,0.100829,-0.232107,0.00245999,0.252045,-0.0455011
267,4.8359,0.110715,1,-0.185313,0.0134427,0.213598,-0.103689,0.0233277,0.0403549,-0.185313,0.0134427,0.192238,-0.0277077
268,4.85402,0.103888,1,-0.145421,0.0155489,0.151148,-0.0793431,0.0180859,-0.0162004,-0.145421,0.0155489,0.136033,-0.0153861
269,4.87213,0.0985657,1,-0.112228,0.013465,0.0934211,-0.0604012,0.0125577,-0.0692404,-0.112228,0.013465,0.084079,-0.00733911
270,4.89024,0.093235,1,-0.0869054,0.00790833,0.0370525,-0.0458646,0.00743494,-0.119132,-0.0869054,0.00790833,0.0333472,-0.00225404
271,4.90835,0.0900688,1,-0.0674214,0.00154343,-0.0136285,-0.0348241,0.00306773,-0.166181,-0.0674214,0.00154343,-0.0122657,0.000643198
272,4.92646,0.0877734,1,-0.0517187,-0.00266004,-0.0607265,-0.026494,-0.000407949,-0.21063,-0.0517187,-0.00266004,-0.0546538,0.00219849
273,4.94458,0.0848338,1,-0.0391785,-0.00493781,-0.106982,-0.0202187,-0.00297965,-0.252677,-0.0391785,-0.00493781,-0.0962841,0.00293399
274,4.96269,0.0819572,1,-0.0298855,-0.00657147,-0.151277,-0.015466,-0.0046973,-0.292484,-0.0298855,-0.00657147,-0.136149,0.00316469
275,4.9808,0.0796915,1,-0.0228845,-0.00925208,-0.192651,-0.0118119,-0.00563373,-0.330188,-0.0228845,-0.00925208,-0.173386,0.00308611
276,4.99891,0.0785311,1,-0.0170979,-0.0112122,-0.230242,-0.00892231,-0.00586047,-0.365911,-0.0170979,-0.0112122,-0.207218,0.00275567
277,5.01702,0.0782245,1,-0.0126802,-0.0118401,-0.264561,-0.00653569,-0.00543364,-0.399759,-0.0126802,-0.0118401,-0.238105,0.00234829
278,5.03514,0.0774656,1,-0.00844345,-0.0107919,-0.29787,-0.00444585,-0.00438625,-0.431832,-0.00844345,-0.0107919,-0.268083,0.00176054
279,5.05325,0.0754128,1,-0.00515296,-0.00841017,-0.331752,-0.00248749,-0.00272401,-0.46222,-0.00515296,-0.00841017,-0.298577,0.00119665
280,5.07136,0.0730827,1,-0.00189272,-0.00456516,-0.364497,-0.000523553,-0.000423078,-0.491005,-0.00189272,-0.00456516,-0.328047,0.000482923
281,5.08947,0.0714601,1,0.00122706,-0.00106564,-0.394544,0.00156541,0.00257199,-0.518263,0.00122706,-0.00106564,-0.35509,-0.000338891
282,5.10758,0.0696481,1,0.00471688,0.00385806,-0.423455,0.00389039,0.00635052,-0.544061,0.00471688,0.00385806,-0.38111,-0.00139817
283,5.1257,0.0682447,1,0.00863581,0.00950656,-0.450282,0.00656188,0.0110391,-0.568457,0.00863581,0.00950656,-0.405254,-0.00272199
284,5.14381,0.066991,1,0.0126323,0.0164233,-0.475506,0.00969716,0.0168067,-0.5915,0.0126323,0.0164233,-0.427955,-0.0042047
285,5.16192,0.0656745,1,0.0176306,0.026465,-0.499577,0.0134273,0.0238708,-0.613221,0.0176306,0.026465,-0.449619,-0.0061655
286,5.18003,0.0643724,1,0.0240077,0.0386491,-0.522478,0.0179044,0.0325068,-0.633637,0.0240077,0.0386491,-0.47023,-0.00878043
287,5.19814,0.0639313,1,0.0317414,0.0533305,-0.542803,0.023309,0.0430593,-0.652735,0.0317414,0.0533305,-0.488523,-0.0120605
288,5.21626,0.0646504,1,0.0412686,0.0716949,-0.560191,0.0298591,0.0559558,-0.670468,0.0412686,0.0716949,-0.504172,-0.0161828
289,5.23437,0.0662785,1,0.0525643,0.0934894,-0.574988,0.0378197,0.0717235,-0.686735,0.0525643,0.0934894,-0.517489,-0.0211567
290,5.25248,0.0684068,1,0.0660321,0.119541,-0.587861,0.0475142,0.0910092,-0.701358,0.0660321,0.119541,-0.529075,-0.0271724
291,5.27059,0.0714113,1,0.0822596,0.150447,-0.597907,0.0593374,0.114599,-0.714046,0.0822596,0.150447,-0.538116,-0.0344285
292,5.2887,0.0755756,1,0.10173,0.188318,-0.604594,0.0737697,0.143441,-0.72434,0.10173,0.188318,-0.544134,-0.0430536
293,5.30682,0.0812812,1,0.125041,0.233439,-0.606293,0.0913924,0.178653,-0.731538,0.125041,0.233439,-0.545664,-0.0530679
294,5.32493,0.0888292,1,0.152742,0.28705,-0.60119,0.1129,0.221525,-0.734573,0.152742,0.28705,-0.541071,-0.0642787
295,5.34304,0.0991888,1,0.186075,0.351869,-0.586381,0.139109,0.273471,-0.731857,0.186075,0.351869,-0.527743,-0.0763775
296,5.36115,0.112622,1,0.22611,0.426998,-0.557622,0.170945,0.335914,-0.72106,0.22611,0.426998,-0.50186,-0.0882586
297,5.37926,0.128054,1,0.273653,0.511453,-0.512342,0.209409,0.410028,-0.698833,0.273653,0.511453,-0.461108,-0.0981428
298,5.39738,0.14711,1,0.329086,0.601927,-0.440669,0.255471,0.496244,-0.660523,0.329086,0.601927,-0.396602,-0.101512
299,5.41549,0.168083,1,0.39027,0.690793,-0.337676,0.309872,0.593386,-0.599981,0.39027,0.690793,-0.303908,-0.0922493
300,5.4336,0.188829,1,0.457088,0.770406,-0.202333,0.37275,0.697327,-0.509768,0.457088,0.770406,-0.1821,-0.0647389
301,5.45171,0.209343,1,0.521919,0.823513,-0.0291949,0.443058,0.799219,-0.382274,0.521919,0.823513,-0.0262754,-0.0106661
302,5.46982,0.229862,1,0.580339,0.833016,0.177403,0.517758,0.883884,-0.212476,0.580339,0.833016,0.159662,0.0720675
303,5.48794,0.239478,1,0.626108,0.774959,0.380404,0.590999,0.929929,-0.00274084,0.626108,0.774959,0.342364,0.166722
304,5.50605,0.242782,1,0.646015,0.647138,0.556392,0.65383,0.914048,0.231542,0.646015,0.647138,0.500752,0.251606
305,5.52416,0.238423,1,0.632417,0.473804,0.674452,0.695258,0.82089,0.459701,0.632417,0.473804,0.607007,0.298575
306,5.54227,0.227813,1,0.58887,0.285871,0.720233,0.70521,0.654829,0.642574,0.58887,0.285871,0.64821,0.296887
307,5.56038,0.213335,1,0.520952,0.112808,0.703533,0.678502,0.443983,0.748658,0.520952,0.112808,0.633179,0.256555
308,5.5785,0.197927,1,0.4354,-0.0285524,0.636034,0.617466,0.229559,0.769287,0.4354,-0.0285524,0.572431,0.193851
309,5.59661,0.178655,1,0.34516,-0.122828,0.540493,0.531201,0.0469951,0.72022,0.34516,-0.122828,0.486444,0.13059
310,5.61472,0.155521,1,0.258091,-0.176753,0.444629,0.431964,-0.0864754,0.629504,0.258091,-0.176753,0.400166,0.0803283
311,5.63283,0.132143,1,0.179209,-0.205357,0.355544,0.331174,-0.171336,0.523279,0.179209,-0.205357,0.31999,0.0446018
312,5.65094,0.11052,1,0.112889,-0.216071,0.272941,0.237045,-0.217878,0.418633,0.112889,-0.216071,0.245647,0.0215685
313,5.66906,0.0901144,1,0.0564994,-0.218343,0.203555,0.154139,-0.238618,0.323627,0.0564994,-0.218343,0.183199,0.0080505
314,5.68717,0.0738346,1,0.00854975,-0.217842,0.140604,0.084057,-0.244232,0.240388,0.00854975,-0.217842,0.126544,0.000841491
315,5.70528,0.0594084,1,-0.0285645,-0.212764,0.0864088,0.0264517,-0.242421,0.168151,-0.0285645,-0.212764,0.0777679,-0.00172776
316,5.72339,0.0475629,1,-0.0571212,-0.209996,0.037235,-0.0200991,-0.238213,0.105205,-0.0571212,-0.209996,0.0335115,-0.00148884
317,5.7415,0.0379368,1,-0.0817791,-0.210947,-0.00640019,-0.0574758,-0.234667,0.0498522,-0.0817791,-0.210947,-0.00576017,0.000366381
318,5.75962,0.0304125,1,-0.102729,-0.21354,-0.0455773,-0.0876414,-0.233537,0.000761067,-0.102729,-0.21354,-0.0410196,0.00327747
319,5.77773,0.0238447,1,-0.120252,-0.219424,-0.0800924,-0.112439,-0.235765,-0.0429762,-0.120252,-0.219424,-0.0720831,0.00674191
320,5.79584,0.0184595,1,-0.13618,-0.230217,-0.111566,-0.133499,-0.241819,-0.081893,-0.13618,-0.230217,-0.100409,0.0106351
321,5.81395,0.0147708,1,-0.151672,-0.244497,-0.140703,-0.152214,-0.251901,-0.11622,-0.151672,-0.244497,-0.126633,0.0149386
322,5.83206,0.0115523,1,-0.166333,-0.26114,-0.165033,-0.169748,-0.266081,-0.145946,-0.166333,-0.26114,-0.14853,0.0192153
323,5.85018,0.00841048,1,-0.182092,-0.281232,-0.184186,-0.187059,-0.284363,-0.170854,-0.182092,-0.281232,-0.165767,0.0234772
324,5.86829,0.00539407,1,-0.198896,-0.305676,-0.197601,-0.204926,-0.306701,-0.190538,-0.198896,-0.305676,-0.177841,0.0275114
325,5.8864,0.00408114,1,-0.217085,-0.334542,-0.204668,-0.223977,-0.332994,-0.204416,-0.217085,-0.334542,-0.184202,0.0311013
326,5.90451,0.00619865,1,-0.237912,-0.368078,-0.20511,-0.244695,-0.363029,-0.211726,-0.237912,-0.368078,-0.184599,0.0341588
327,5.92262,0.00942002,1,-0.261568,-0.405272,-0.199158,-0.267424,-0.39641,-0.211543,-0.261568,-0.405272,-0.179242,0.0364653
328,5.94074,0.0122894,1,-0.287985,-0.442854,-0.184765,-0.292346,-0.43245,-0.202815,-0.287985,-0.442854,-0.166288,0.0372466
329,5.95885,0.0162113,1,-0.316757,-0.481206,-0.158821,-0.319449,-0.470042,-0.184444,-0.316757,-0.481206,-0.142939,0.0352153
330,5.97696,0.0212493,1,-0.347559,-0.518566,-0.120336,-0.348473,-0.507526,-0.155434,-0.347559,-0.518566,-0.108302,0.0292766
331,5.99507,0.0268682,1,-0.378744,-0.551391,-0.0694362,-0.378844,-0.542596,-0.115135,-0.378744,-0.551391,-0.0624926,0.018409
332,6.01318,0.0323744,1,-0.40926,-0.575289,-0.00758213,-0.409613,-0.572288,-0.0635747,-0.40926,-0.575289,-0.00682392,0.00217215
333,6.0313,0.0377363,1,-0.437614,-0.587831,0.063258,-0.439414,-0.593153,-0.00186129,-0.437614,-0.587831,0.0569322,-0.0193778
334,6.04941,0.0413507,1,-0.4618,-0.586027,0.137194,-0.466489,-0.601675,0.0674599,-0.4618,-0.586027,0.123474,-0.0443493
335,6.06752,0.0441901,1,-0.479373,-0.56658,0.210703,-0.488808,-0.594953,0.140246,-0.479373,-0.56658,0.189633,-0.0707037
336,6.08563,0.0450435,1,-0.487859,-0.528856,0.274203,-0.504306,-0.571531,0.210996,-0.487859,-0.528856,0.246783,-0.0936406
337,6.10374,0.0458513,1,-0.487631,-0.479548,0.328262,-0.511221,-0.532102,0.273595,-0.487631,-0.479548,0.295436,-0.11205
338,6.12186,0.0462562,1,-0.478206,-0.421289,0.368118,-0.508462,-0.479749,0.322447,-0.478206,-0.421289,0.331306,-0.123226
339,6.13997,0.0445556,1,-0.459516,-0.35999,0.386703,-0.495888,-0.41949,0.35365,-0.459516,-0.35999,0.348033,-0.124387
340,6.15808,0.0424795,1,-0.432601,-0.29897,0.382295,-0.474393,-0.357218,0.36574,-0.432601,-0.29897,0.344065,-0.115767
341,6.17619,0.0405655,1,-0.400208,-0.244948,0.360666,-0.445759,-0.298435,0.359715,-0.400208,-0.244948,0.324599,-0.101039
342,6.1943,0.0397567,1,-0.364077,-0.198987,0.329203,-0.412323,-0.247251,0.338408,-0.364077,-0.198987,0.296283,-0.0838987
343,6.21242,0.0384182,1,-0.326547,-0.164477,0.291262,-0.376575,-0.205961,0.305549,-0.326547,-0.164477,0.262136,-0.0665776
344,6.23053,0.0357044,1,-0.291591,-0.141737,0.248037,-0.340807,-0.175172,0.264898,-0.291591,-0.141737,0.223233,-0.0506277
345,6.24864,0.0323877,1,-0.259993,-0.129015,0.202055,-0.306883,-0.154263,0.219685,-0.259993,-0.129015,0.18185,-0.0367731
346,6.26675,0.0293361,1,-0.232214,-0.122795,0.15548,-0.276143,-0.14193,0.172389,-0.232214,-0.122795,0.139932,-0.0252733
347,6.28486,0.0261279,1,-0.20917,-0.12247,0.109702,-0.249423,-0.136645,0.124762,-0.20917,-0.12247,0.0987319,-0.0160625
348,6.30298,0.0230311,1,-0.190896,-0.126829,0.0647188,-0.227134,-0.136961,0.0779657,-0.190896,-0.126829,0.0582469,-0.00864819
349,6.32109,0.0206739,1,-0.176265,-0.132581,0.0225714,-0.20937,-0.141675,0.0327506,-0.176265,-0.132581,0.0203142,-0.00278498
350,6.3392,0.0194184,1,-0.165075,-0.139778,-0.0188533,-0.196019,-0.149887,-0.0103964,-0.165075,-0.139778,-0.016968,0.00217856
351,6.35731,0.0178862,1,-0.15799,-0.151474,-0.0571258,-0.186855,-0.160995,-0.0511353,-0.15799,-0.151474,-0.0514132,0.00631771
352,6.37542,0.0165491,1,-0.154432,-0.166167,-0.0924972,-0.181609,-0.174658,-0.0891914,-0.154432,-0.166167,-0.0832475,0.00999916
353,6.39354,0.0152676,1,-0.154964,-0.182361,-0.12541,-0.180018,-0.19075,-0.1243,-0.154964,-0.182361,-0.112869,0.0136039
354,6.41165,0.0146822,1,-0.158339,-0.199657,-0.1566,-0.181862,-0.209309,-0.156164,-0.158339,-0.199657,-0.14094,0.0173571
355,6.42976,0.014774,1,-0.164159,-0.218964,-0.185554,-0.186979,-0.230487,-0.184426,-0.164159,-0.218964,-0.166998,0.0213221
356,6.44787,0.0155259,1,-0.172185,-0.240741,-0.209488,-0.195269,-0.254509,-0.208635,-0.172185,-0.240741,-0.18854,0.0252495
357,6.46598,0.0165902,1,-0.182966,-0.265426,-0.228776,-0.206697,-0.281621,-0.228219,-0.182966,-0.265426,-0.205899,0.0293008
358,6.4841,0.0177571,1,-0.196491,-0.293837,-0.241743,-0.221274,-0.312037,-0.242457,-0.196491,-0.293837,-0.217569,0.0332502
359,6.50221,0.0186416,1,-0.213314,-0.326442,-0.248694,-0.239042,-0.345871,-0.250454,-0.213314,-0.326442,-0.223825,0.037135
360,6.52032,0.0188917,1,-0.233639,-0.363756,-0.249782,-0.260038,-0.383042,-0.251131,-0.233639,-0.363756,-0.224803,0.0408512
361,6.53843,0.0190354,1,-0.257191,-0.404321,-0.243015,-0.284251,-0.423155,-0.243229,-0.257191,-0.404321,-0.218714,0.0437509
362,6.55654,0.0187146,1,-0.284276,-0.447952,-0.227305,-0.311558,-0.465349,-0.225373,-0.284276,-0.447952,-0.204574,0.045232
363,6.57466,0.0177086,1,-0.315042,-0.493557,-0.200754,-0.341647,-0.508126,-0.196202,-0.315042,-0.493557,-0.180678,0.0442721
364,6.59277,0.0163999,1,-0.34864,-0.537666,-0.160522,-0.373917,-0.549199,-0.154613,-0.34864,-0.537666,-0.14447,0.0391751
365,6.61088,0.0144722,1,-0.384045,-0.577887,-0.105352,-0.407381,-0.585405,-0.100134,-0.384045,-0.577887,-0.0948167,0.0283219
366,6.62899,0.0126937,1,-0.418912,-0.60997,-0.0358087,-0.440582,-0.612816,-0.0334194,-0.418912,-0.60997,-0.0322278,0.0105005
367,6.6471,0.0118184,1,-0.451364,-0.62767,0.0464609,-0.471571,-0.627138,0.0432327,-0.451364,-0.62767,0.0418148,-0.0146795
368,6.66522,0.0123175,1,-0.480052,-0.627266,0.136724,-0.497999,-0.62448,0.125529,-0.480052,-0.627266,0.123052,-0.0459442
369,6.68333,0.0136619,1,-0.501882,-0.604362,0.22508,-0.517357,-0.602418,0.207284,-0.501882,-0.604362,0.202572,-0.0790746
370,6.70144,0.015984,1,-0.514158,-0.560692,0.305508,-0.527373,-0.561029,0.281182,-0.514158,-0.560692,0.274957,-0.109956
371,6.71955,0.0196732,1,-0.514059,-0.498222,0.371471,-0.526484,-0.503429,0.340172,-0.514059,-0.498222,0.334324,-0.133671
372,6.73766,0.0220999,1,-0.501214,-0.423706,0.413104,-0.514236,-0.435395,0.37906,-0.501214,-0.423706,0.371794,-0.144937
373,6.75578,0.0231959,1,-0.476578,-0.345619,0.428071,-0.491461,-0.364092,0.395646,-0.476578,-0.345619,0.385264,-0.142806
374,6.77389,0.023805,1,-0.442197,-0.271777,0.41871,-0.460133,-0.296385,0.39091,-0.442197,-0.271777,0.376839,-0.129606
375,6.792,0.0240087,1,-0.401912,-0.209584,0.39083,-0.42297,-0.237444,0.368255,-0.401912,-0.209584,0.351747,-0.109956
376,6.81011,0.0244776,1,-0.358541,-0.160326,0.350018,-0.382922,-0.190121,0.332262,-0.358541,-0.160326,0.315016,-0.0878471
377,6.82822,0.0234456,1,-0.31612,-0.127772,0.301512,-0.34271,-0.155092,0.287524,-0.31612,-0.127772,0.27136,-0.0667196
378,6.84634,0.0224656,1,-0.276791,-0.107112,0.250192,-0.304527,-0.131483,0.237911,-0.276791,-0.107112,0.225172,-0.0484755
379,6.86445,0.0215695,1,-0.241649,-0.0949964,0.195562,-0.269925,-0.117588,0.186296,-0.241649,-0.0949964,0.176005,-0.0330801
380,6.88256,0.0205374,1,-0.211539,-0.0909188,0.141155,-0.239833,-0.111462,0.134614,-0.211539,-0.0909188,0.12704,-0.0209019
381,6.90067,0.019287,1,-0.187165,-0.0931302,0.0894726,-0.214669,-0.111305,0.0840723,-0.187165,-0.0931302,0.0805253,-0.0117223
382,6.91878,0.0187034,1,-0.167425,-0.0988733,0.0413973,-0.194479,-0.115646,0.0353794,-0.167425,-0.0988733,0.0372575,-0.00485166
383,6.9369,0.0182122,1,-0.152653,-0.107171,-0.00523752,-0.179069,-0.1234,-0.0110562,-0.152653,-0.107171,-0.00471377,0.000559665
384,6.95501,0.0183545,1,-0.141547,-0.117813,-0.0481025,-0.168119,-0.133852,-0.0549881,-0.141547,-0.117813,-0.0432923,0.00476616
385,6.97312,0.0187565,1,-0.134766,-0.129601,-0.0882277,-0.161267,-0.146599,-0.0962401,-0.134766,-0.129601,-0.0794049,0.00832309
386,6.99123,0.0191866,1,-0.131978,-0.143924,-0.124174,-0.15817,-0.161494,-0.134647,-0.131978,-0.143924,-0.111757,0.0114718
387,7.00934,0.0197923,1,-0.132983,-0.159858,-0.156918,-0.158537,-0.178582,-0.170017,-0.132983,-0.159858,-0.141227,0.0146072
388,7.02746,0.0200518,1,-0.136976,-0.179052,-0.18757,-0.162155,-0.198054,-0.202101,-0.136976,-0.179052,-0.168813,0.0179848
389,7.04557,0.0203297,1,-0.143622,-0.200582,-0.215853,-0.168892,-0.220201,-0.230565,-0.143622,-0.200582,-0.194268,0.0217009
390,7.06368,0.0215402,1,-0.152557,-0.223383,-0.239971,-0.178701,-0.245375,-0.254963,-0.152557,-0.223383,-0.215974,0.0256265
391,7.08179,0.0234686,1,-0.163899,-0.248609,-0.259139,-0.191608,-0.273951,-0.274706,-0.163899,-0.248609,-0.233225,0.0297309
392,7.0999,0.0252035,1,-0.178534,-0.278089,-0.272876,-0.207701,-0.306271,-0.289023,-0.178534,-0.278089,-0.245588,0.0341022
393,7.11802,0.0268374,1,-0.196813,-0.311276,-0.280697,-0.227106,-0.342577,-0.296925,-0.196813,-0.311276,-0.252628,0.0386715
394,7.13613,0.0278208,1,-0.218275,-0.349237,-0.283593,-0.249953,-0.382909,-0.297181,-0.218275,-0.349237,-0.255233,0.0433308
395,7.15424,0.028778,1,-0.243067,-0.390776,-0.280049,-0.276328,-0.42697,-0.288311,-0.243067,-0.390776,-0.252044,0.0476495
396,7.17235,0.0298935,1,-0.270875,-0.436132,-0.266609,-0.306197,-0.473936,-0.268628,-0.270875,-0.436132,-0.239948,0.0505524
397,7.19046,0.0305936,1,-0.302156,-0.484806,-0.241481,-0.339321,-0.52223,-0.236376,-0.302156,-0.484806,-0.217333,0.0510754
398,7.20858,0.0317768,1,-0.336402,-0.532318,-0.202736,-0.375127,-0.569297,-0.189999,-0.336402,-0.532318,-0.182462,0.0477405
399,7.22669,0.032828,1,-0.372801,-0.576296,-0.148989,-0.412577,-0.611445,-0.128606,-0.372801,-0.576296,-0.13409,0.0388801
400,7.2448,0.0326758,1,-0.410295,-0.61387,-0.0794566,-0.45005,-0.643901,-0.0526087,-0.410295,-0.61387,-0.0715109,0.0228205
401,7.26291,0.0315316,1,-0.44624,-0.639674,0.00404921,-0.485282,-0.661272,0.0355446,-0.44624,-0.639674,0.00364429,-0.00126484
402,7.28102,0.02821,1,-0.479131,-0.648044,0.0998666,-0.515458,-0.658519,0.130818,-0.479131,-0.648044,0.0898799,-0.0334944
403,7.29914,0.0245053,1,-0.504906,-0.632767,0.198449,-0.537504,-0.632398,0.225629,-0.504906,-0.632767,0.178604,-0.0701387
404,7.31725,0.020925,1,-0.521511,-0.593179,0.289047,-0.548601,-0.582923,0.310831,-0.521511,-0.593179,0.260143,-0.105519
405,7.33536,0.0171475,1,-0.525973,-0.53154,0.365593,-0.54682,-0.514141,0.377627,-0.525973,-0.53154,0.329034,-0.134605
406,7.35347,0.0145925,1,-0.516822,-0.454024,0.420607,-0.53166,-0.43358,0.419778,-0.516822,-0.454024,0.378546,-0.152165
407,7.37158,0.0140919,1,-0.494424,-0.369486,0.446709,-0.504262,-0.350402,0.4351,-0.494424,-0.369486,0.402038,-0.154605
408,7.3897,0.0142491,1,-0.460467,-0.288125,0.443903,-0.467187,-0.273053,0.425551,-0.460467,-0.288125,0.399512,-0.143082
409,7.40781,0.0158147,1,-0.418901,-0.217186,0.421118,-0.423847,-0.207462,0.395992,-0.418901,-0.217186,0.379006,-0.123485
410,7.42592,0.0168704,1,-0.373428,-0.159739,0.381104,-0.377816,-0.156417,0.352407,-0.373428,-0.159739,0.342994,-0.0996204
411,7.44403,0.0177312,1,-0.327729,-0.119976,0.330768,-0.33226,-0.119993,0.300393,-0.327729,-0.119976,0.297691,-0.0758817
412,7.46214,0.0194759,1,-0.284071,-0.0950273,0.277593,-0.289605,-0.0965202,0.24435,-0.284071,-0.0950273,0.249833,-0.0551993
413,7.48026,0.0206497,1,-0.245285,-0.0798964,0.222344,-0.25145,-0.0835503,0.187303,-0.245285,-0.0798964,0.200109,-0.0381763
414,7.49837,0.0209221,1,-0.211153,-0.0732141,0.166157,-0.218644,-0.078569,0.131109,-0.211153,-0.0732141,0.149541,-0.0245592
415,7.51648,0.0214435,1,-0.18341,-0.0735581,0.112581,-0.191455,-0.0793932,0.0767938,-0.18341,-0.0735581,0.101323,-0.014454
416,7.53459,0.0225415,1,-0.161141,-0.0787833,0.0625409,-0.169751,-0.0843283,0.0248648,-0.161141,-0.0787833,0.0562868,-0.00705454
417,7.5527,0.0228638,1,-0.143643,-0.0860312,0.0134861,-0.153163,-0.0921793,-0.0244589,-0.143643,-0.0860312,0.0121375,-0.00135603
418,7.57082,0.0237487,1,-0.130183,-0.0944446,-0.0322322,-0.141217,-0.10219,-0.0710945,-0.130183,-0.0944446,-0.029009,0.00293726
419,7.58893,0.025378,1,-0.12074,-0.103326,-0.0742848,-0.133419,-0.11396,-0.115007,-0.12074,-0.103326,-0.0668563,0.00627843
420,7.60704,0.0270468,1,-0.114943,-0.114049,-0.113609,-0.129321,-0.127362,-0.15616,-0.114943,-0.114049,-0.102248,0.00914094
421,7.62515,0.0285063,1,-0.113121,-0.126457,-0.150405,-0.128553,-0.142477,-0.194485,-0.113121,-0.126457,-0.135364,0.0119098
422,7.64326,0.0296468,1,-0.114229,-0.141784,-0.184634,-0.130841,-0.159535,-0.229863,-0.114229,-0.141784,-0.16617,0.0147634
423,7.66138,0.030401,1,-0.117776,-0.159614,-0.216623,-0.136016,-0.178884,-0.262105,-0.117776,-0.159614,-0.194961,0.0178591
424,7.67949,0.031628,1,-0.123643,-0.178423,-0.245335,-0.144008,-0.200955,-0.290927,-0.123643,-0.178423,-0.220802,0.0212338
425,7.6976,0.033029,1,-0.1319,-0.19893,-0.271195,-0.154844,-0.226237,-0.315923,-0.1319,-0.19893,-0.244075,0.0250394
426,7.71571,0.0345034,1,-0.143218,-0.22393,-0.292439,-0.168641,-0.255252,-0.336531,-0.143218,-0.22393,-0.263195,0.0293178
427,7.73382,0.0362113,1,-0.15778,-0.252172,-0.309089,-0.185587,-0.288517,-0.35198,-0.15778,-0.252172,-0.27818,0.0341377
428,7.75194,0.0382135,1,-0.174996,-0.284546,-0.320433,-0.205925,-0.326481,-0.361245,-0.174996,-0.284546,-0.28839,0.0392521
429,7.77005,0.0398862,1,-0.195452,-0.321564,-0.327035,-0.229923,-0.369436,-0.36299,-0.195452,-0.321564,-0.294332,0.0447439
430,7.78816,0.0418893,1,-0.21932,-0.362803,-0.32716,-0.257827,-0.417362,-0.355527,-0.21932,-0.362803,-0.294444,0.0502269
431,7.80627,0.0442601,1,-0.246467,-0.40899,-0.319149,-0.289789,-0.46972,-0.336812,-0.246467,-0.40899,-0.287234,0.0550619
432,7.82438,0.0470052,1,-0.27743,-0.459772,-0.300489,-0.325764,-0.525162,-0.304538,-0.27743,-0.459772,-0.27044,0.0583552
433,7.8425,0.0503201,1,-0.312216,-0.513133,-0.268237,-0.365371,-0.581178,-0.256374,-0.312216,-0.513133,-0.241414,0.0586237
434,7.86061,0.0539291,1,-0.350209,-0.566373,-0.220054,-0.407705,-0.633778,-0.19046,-0.350209,-0.566373,-0.198048,0.0539454
435,7.87872,0.0569077,1,-0.391051,-0.615301,-0.153679,-0.45115,-0.677347,-0.106203,-0.391051,-0.615301,-0.138311,0.0420675
436,7.89683,0.0586273,1,-0.432511,-0.655138,-0.0696981,-0.493233,-0.704965,-0.00534198,-0.432511,-0.655138,-0.0627283,0.0211017
437,7.91494,0.0581396,1,-0.471667,-0.678226,0.031617,-0.53063,-0.709475,0.107033,-0.471667,-0.678226,0.0284553,-0.0104389
438,7.93306,0.0545306,1,-0.506401,-0.678406,0.144229,-0.559446,-0.685398,0.222062,-0.506401,-0.678406,0.129806,-0.0511262
439,7.95117,0.0506617,1,-0.531668,-0.649057,0.254336,-0.575839,-0.631232,0.328031,-0.531668,-0.649057,0.228902,-0.0946556
440,7.96928,0.0461944,1,-0.545104,-0.591767,0.351759,-0.576902,-0.551071,0.41287,-0.545104,-0.591767,0.316583,-0.134222
441,7.98739,0.0409783,1,-0.543209,-0.51072,0.428478,-0.561518,-0.454328,0.467497,-0.543209,-0.51072,0.38563,-0.162927
442,8.0055,0.0369128,1,-0.525593,-0.41571,0.475754,-0.530794,-0.353255,0.488402,-0.525593,-0.41571,0.428179,-0.175037
443,8.02362,0.0354438,1,-0.493667,-0.319431,0.489417,-0.487841,-0.259383,0.478057,-0.493667,-0.319431,0.440475,-0.169126
444,8.04173,0.0357629,1,-0.449953,-0.233057,0.473588,-0.436993,-0.180694,0.44314,-0.449953,-0.233057,0.426229,-0.149165
445,8.05984,0.0356702,1,-0.400705,-0.161094,0.434952,-0.382824,-0.120649,0.391807,-0.400705,-0.161094,0.391457,-0.122001
446,8.07795,0.0355345,1,-0.349122,-0.107561,0.382199,-0.329329,-0.0789094,0.331451,-0.349122,-0.107561,0.343979,-0.093404
447,8.09606,0.0364137,1,-0.298283,-0.0735502,0.324108,-0.279482,-0.0528411,0.267578,-0.298283,-0.0735502,0.291697,-0.067673
448,8.11418,0.036792,1,-0.251704,-0.05219,0.263792,-0.235139,-0.0389407,0.203701,-0.251704,-0.05219,0.237413,-0.0464783
449,8.13229,0.0368508,1,-0.211175,-0.0408579,0.203617,-0.197183,-0.0337982,0.141743,-0.211175,-0.0408579,0.183255,-0.0300991
450,8.1504,0.0371698,1,-0.176589,-0.0378596,0.145964,-0.165766,-0.0345734,0.0825851,-0.176589,-0.0378596,0.131367,-0.0180429
451,8.16851,0.0374507,1,-0.148833,-0.0408793,0.0908228,-0.140567,-0.0391353,0.0265089,-0.148833,-0.0408793,0.0817405,-0.0094622
452,8.18662,0.0375926,1,-0.126784,-0.0478241,0.038335,-0.120997,-0.0460179,-0.0264944,-0.126784,-0.0478241,0.0345015,-0.00340219
453,8.20474,0.0381652,1,-0.109611,-0.0551555,-0.0105292,-0.106364,-0.0543039,-0.076548,-0.109611,-0.0551555,-0.00947624,0.000807879
454,8.22285,0.0392751,1,-0.0963995,-0.0617208,-0.0557971,-0.0959756,-0.0634946,-0.123799,-0.0963995,-0.0617208,-0.0502174,0.00376517
455,8.24096,0.0396207,1,-0.0870334,-0.0678766,-0.10001,-0.0892037,-0.0733963,-0.168379,-0.0870334,-0.0678766,-0.0900093,0.00609296
456,8.25907,0.0398017,1,-0.0807393,-0.0751737,-0.142186,-0.0855213,-0.0840314,-0.210385,-0.0807393,-0.0751737,-0.127967,0.00803598
457,8.27718,0.0404965,1,-0.0773249,-0.0842084,-0.181041,-0.0845156,-0.0955742,-0.249881,-0.0773249,-0.0842084,-0.162937,0.00979926
458,8.2953,0.0410589,1,-0.0762088,-0.0949767,-0.217706,-0.085891,-0.108309,-0.286887,-0.0762088,-0.0949767,-0.195936,0.0116138
459,8.31341,0.0421187,1,-0.076812,-0.105976,-0.251483,-0.0894654,-0.122603,-0.321378,-0.076812,-0.105976,-0.226334,0.0135218
460,8.33152,0.0435904,1,-0.0792698,-0.11743,-0.282654,-0.095163,-0.138896,-0.353272,-0.0792698,-0.11743,-0.254389,0.0156841
461,8.34963,0.0445369,1,-0.0839948,-0.130542,-0.312759,-0.103008,-0.157697,-0.382414,-0.0839948,-0.130542,-0.281484,0.0183891
462,8.36774,0.045261,1,-0.0910111,-0.147454,-0.340542,-0.113118,-0.179577,-0.40855,-0.0910111,-0.147454,-0.306488,0.0216952
463,8.38586,0.0463831,1,-0.100077,-0.167205,-0.365298,-0.125699,-0.205176,-0.431297,-0.100077,-0.167205,-0.328769,0.0255906
464,8.40397,0.0480254,1,-0.111193,-0.190075,-0.386905,-0.141044,-0.235195,-0.450091,-0.111193,-0.190075,-0.348215,0.0301147
465,8.42208,0.0506651,1,-0.124551,-0.215787,-0.404978,-0.159519,-0.270369,-0.464129,-0.124551,-0.215787,-0.36448,0.0353084
466,8.44019,0.0540783,1,-0.140245,-0.245761,-0.419808,-0.181563,-0.311427,-0.472288,-0.140245,-0.245761,-0.377827,0.0412132
467,8.4583,0.0587719,1,-0.158964,-0.280479,-0.430294,-0.207655,-0.358998,-0.473029,-0.158964,-0.280479,-0.387264,0.047881
468,8.47642,0.0652827,1,-0.181088,-0.320318,-0.4353,-0.238282,-0.413447,-0.464303,-0.181088,-0.320318,-0.39177,0.0551794
469,8.49453,0.073539,1,-0.207122,-0.366713,-0.432204,-0.273865,-0.474612,-0.443473,-0.207122,-0.366713,-0.388983,0.0626631
470,8.51264,0.0835408,1,-0.237537,-0.419479,-0.418618,-0.314638,-0.541402,-0.407321,-0.237537,-0.419479,-0.376757,0.0696063
471,8.53075,0.0942714,1,-0.272828,-0.479321,-0.391958,-0.360466,-0.611248,-0.352254,-0.272828,-0.479321,-0.352762,0.074856
472,8.54886,0.105547,1,-0.313107,-0.544444,-0.350258,-0.410586,-0.679474,-0.274855,-0.313107,-0.544444,-0.315232,0.0767677
473,8.56698,0.116997,1,-0.357706,-0.610597,-0.2891,-0.463284,-0.738794,-0.172979,-0.357706,-0.610597,-0.26019,0.072389
474,8.58509,0.126543,1,-0.406353,-0.673989,-0.20555,-0.515591,-0.779398,-0.04745,-0.406353,-0.673989,-0.184995,0.0584682
475,8.6032,0.132101,1,-0.457069,-0.726549,-0.0964879,-0.563152,-0.790254,0.0959689,-0.457069,-0.726549,-0.0868391,0.0308712
476,8.62131,0.133836,1,-0.505921,-0.755605,0.0337865,-0.600511,-0.762086,0.245322,-0.505921,-0.755605,0.0304079,-0.0119653
477,8.63942,0.130705,1,-0.547426,-0.748586,0.17744,-0.622004,-0.691497,0.383426,-0.547426,-0.748586,0.159696,-0.0679945
478,8.65754,0.124817,1,-0.577465,-0.703488,0.317549,-0.623212,-0.584235,0.491972,-0.577465,-0.703488,0.285794,-0.128361
479,8.67565,0.11738,1,-0.590171,-0.617808,0.43645,-0.602429,-0.45496,0.557548,-0.590171,-0.617808,0.392805,-0.180306
480,8.69376,0.109094,1,-0.581952,-0.502659,0.522458,-0.561415,-0.322681,0.57622,-0.581952,-0.502659,0.470212,-0.212832
481,8.71187,0.103839,1,-0.553173,-0.377098,0.566196,-0.504947,-0.204275,0.553777,-0.553173,-0.377098,0.509576,-0.219243
482,8.72998,0.0998016,1,-0.506164,-0.25581,0.566234,-0.439409,-0.109919,0.501886,-0.506164,-0.25581,0.50961,-0.200625
483,8.7481,0.0956789,1,-0.447625,-0.15328,0.529588,-0.371159,-0.0423266,0.433123,-0.447625,-0.15328,0.476629,-0.16594
484,8.76621,0.0910581,1,-0.383672,-0.0766874,0.470164,-0.30535,0.00116971,0.357565,-0.383672,-0.0766874,0.423148,-0.126272
485,8.78432,0.085557,1,-0.319761,-0.0259438,0.399025,-0.245439,0.0257786,0.281718,-0.319761,-0.0259438,0.359123,-0.0893149
486,8.80243,0.0806765,1,-0.259226,0.00641608,0.328298,-0.193254,0.037078,0.208993,-0.259226,0.00641608,0.295468,-0.0595724
487,8.82054,0.0748216,1,-0.20504,0.0245507,0.256741,-0.149342,0.0398642,0.140732,-0.20504,0.0245507,0.231066,-0.0368494
488,8.83866,0.0708705,1,-0.159938,0.030828,0.190503,-0.113387,0.0377801,0.0771346,-0.159938,0.030828,0.171453,-0.0213282
489,8.85677,0.0678897,1,-0.121427,0.0306573,0.129532,-0.084577,0.033365,0.0178996,-0.121427,0.0306573,0.116579,-0.0110101
490,8.87488,0.0652956,1,-0.0901584,0.0270172,0.0720668,-0.0618731,0.0282676,-0.0374272,-0.0901584,0.0270172,0.0648601,-0.0045482
491,8.89299,0.0626399,1,-0.0666846,0.021238,0.0168267,-0.0441904,0.0234859,-0.0892876,-0.0666846,0.021238,0.0151441,-0.000785459
492,8.9111,0.0616035,1,-0.0484036,0.0156417,-0.0329391,-0.0305042,0.0195735,-0.138054,-0.0484036,0.0156417,-0.0296451,0.00111606
493,8.92922,0.06092,1,-0.0333226,0.0129009,-0.0794351,-0.0199039,0.0168016,-0.184022,-0.0333226,0.0129009,-0.0714916,0.00185289
494,8.94733,0.0596321,1,-0.0213338,0.0123461,-0.124639,-0.0116115,0.0152754,-0.227425,-0.0213338,0.0123461,-0.112175,0.00186132
495,8.96544,0.058679,1,-0.0122158,0.0119769,-0.167113,-0.00498023,0.0150158,-0.268445,-0.0122158,0.0119769,-0.150402,0.00142899
496,8.98355,0.0583544,1,-0.00458751,0.0112182,-0.206401,0.000519943,0.0160133,-0.307231,-0.00458751,0.0112182,-0.185761,0.000662807
497,9.00166,0.0586623,1,0.00164371,0.0123044,-0.242539,0.00532119,0.0182632,-0.343904,0.00164371,0.0123044,-0.218285,-0.000279065
498,9.01978,0.0595292,1,0.0072745,0.0155127,-0.275679,0.00977882,0.0217883,-0.378565,0.0072745,0.0155127,-0.248111,-0.0014038
499,9.03789,0.059349,1,0.0132869,0.0211354,-0.308651,0.0141916,0.0266533,-0.411295,0.0132869,0.0211354,-0.277786,-0.00287072
500,9.056,0.0578106,1,0.0186378,0.028296,-0.342135,0.0188206,0.032975,-0.442156,0.0186378,0.028296,-0.307921,-0.00446364
501,9.07411,0.056521,1,0.0247049,0.0381384,-0.373336,0.0239063,0.0409308,-0.47119,0.0247049,0.0381384,-0.336003,-0.00645625
502,9.09222,0.0555779,1,0.0317452,0.0499558,-0.402171,0.0296841,0.0507666,-0.498409,0.0317452,0.0499558,-0.361954,-0.00893691
503,9.11034,0.0549064,1,0.0399708,0.0635619,-0.42876,0.0363984,0.0628064,-0.52379,0.0399708,0.0635619,-0.385884,-0.0119965
504,9.12845,0.0550863,1,0.0491376,0.0796326,-0.451994,0.0443161,0.0774625,-0.54726,0.0491376,0.0796326,-0.406794,-0.0155469
505,9.14656,0.0560153,1,0.0600002,0.100171,-0.471981,0.0537398,0.0952484,-0.568675,0.0600002,0.100171,-0.424783,-0.0198233
506,9.16467,0.0575264,1,0.0732955,0.124857,-0.48883,0.0650207,0.116791,-0.587796,0.0732955,0.124857,-0.439947,-0.0250803
507,9.18278,0.0598083,1,0.088925,0.153852,-0.501759,0.0785718,0.142844,-0.604242,0.088925,0.153852,-0.451583,-0.0312332
508,9.2009,0.0631947,1,0.107362,0.188516,-0.509623,0.0948799,0.174291,-0.617431,0.107362,0.188516,-0.458661,-0.0382998
509,9.21901,0.0669408,1,0.128867,0.229426,-0.512752,0.114516,0.21214,-0.626499,0.128867,0.229426,-0.461477,-0.0462539
510,9.23712,0.0714898,1,0.15417,0.277154,-0.508982,0.138139,0.25749,-0.630179,0.15417,0.277154,-0.458083,-0.0549286
511,9.25523,0.0774359,1,0.184331,0.333531,-0.495566,0.166489,0.311436,-0.626648,0.184331,0.333531,-0.44601,-0.0639438
512,9.27334,0.0837071,1,0.220218,0.39867,-0.471708,0.200359,0.374892,-0.613344,0.220218,0.39867,-0.424537,-0.072715
513,9.29146,0.0892664,1,0.262291,0.471595,-0.43548,0.24052,0.448248,-0.586762,0.262291,0.471595,-0.391932,-0.0799556
514,9.30957,0.0963769,1,0.310478,0.548521,-0.377929,0.287583,0.530799,-0.542329,0.310478,0.548521,-0.340136,-0.082137
515,9.32768,0.104998,1,0.364294,0.624186,-0.294088,0.341749,0.619861,-0.474496,0.364294,0.624186,-0.264679,-0.0749942
516,9.34579,0.114252,1,0.422297,0.691484,-0.181325,0.402422,0.709595,-0.37738,0.422297,0.691484,-0.163193,-0.0536012
517,9.3639,0.122217,1,0.478838,0.739668,-0.0410015,0.467663,0.789817,-0.246358,0.478838,0.739668,-0.0369013,-0.0137431
518,9.38202,0.131138,1,0.529968,0.753401,0.12656,0.533585,0.845603,-0.0809905,0.529968,0.753401,0.113904,0.046951
519,9.40013,0.135236,1,0.571764,0.717865,0.296655,0.593976,0.859097,0.111111,0.571764,0.717865,0.266989,0.118731
520,9.41824,0.138155,1,0.594258,0.62651,0.451524,0.64063,0.814849,0.311387,0.594258,0.62651,0.406372,0.187825
521,9.43635,0.135359,1,0.591832,0.497512,0.565121,0.66489,0.707907,0.491894,0.591832,0.497512,0.508609,0.23412
522,9.45446,0.1303,1,0.562793,0.346552,0.625208,0.660295,0.550084,0.623647,0.562793,0.346552,0.562687,0.246304
523,9.47258,0.122946,1,0.512251,0.196476,0.63296,0.625207,0.368216,0.688576,0.512251,0.196476,0.569664,0.226964
524,9.49069,0.113458,1,0.445025,0.0674297,0.593997,0.563753,0.193533,0.686841,0.445025,0.0674297,0.534598,0.18504
525,9.5088,0.101722,1,0.370264,-0.0291884,0.525116,0.484376,0.0492917,0.634026,0.370264,-0.0291884,0.472605,0.136102
526,9.52691,0.0870512,1,0.29593,-0.0897088,0.445123,0.396936,-0.0550288,0.55156,0.29593,-0.0897088,0.40061,0.0922077
527,9.54502,0.0730212,1,0.225274,-0.126435,0.364251,0.31006,-0.121611,0.457976,0.225274,-0.126435,0.327826,0.0574395
528,9.56314,0.0599697,1,0.163097,-0.14574,0.286605,0.22977,-0.158661,0.365198,0.163097,-0.14574,0.257944,0.0327211
529,9.58125,0.0487144,1,0.109952,-0.153404,0.214291,0.159339,-0.175573,0.279012,0.109952,-0.153404,0.192862,0.0164932
530,9.59936,0.039096,1,0.063932,-0.156187,0.149112,0.099848,-0.180382,0.201171,0.063932,-0.156187,0.1342,0.0066731
531,9.61747,0.030788,1,0.0271081,-0.154092,0.0907006,0.0509221,-0.179015,0.131388,0.0271081,-0.154092,0.0816305,0.0017211
532,9.63558,0.023901,1,-0.00180355,-0.151594,0.0374778,0.0113657,-0.175463,0.0686323,-0.00180355,-0.151594,0.03373,-4.73152e-05
533,9.6537,0.0176113,1,-0.0256215,-0.151074,-0.00952857,-0.0203782,-0.172243,0.0117994,-0.0256215,-0.151074,-0.00857571,0.000170895
534,9.67181,0.0134368,1,-0.045549,-0.151883,-0.0534939,-0.0459388,-0.170857,-0.0400235,-0.045549,-0.151883,-0.0481445,0.00170562
535,9.68992,0.0113159,1,-0.0623319,-0.154618,-0.0949629,-0.0668577,-0.172164,-0.0874927,-0.0623319,-0.154618,-0.0854666,0.00414345
536,9.70803,0.0112509,1,-0.0759727,-0.159358,-0.133892,-0.0845129,-0.176638,-0.131027,-0.0759727,-0.159358,-0.120502,0.00712047
537,9.72614,0.0115684,1,-0.0889828,-0.168109,-0.168112,-0.100098,-0.184554,-0.170846,-0.0889828,-0.168109,-0.151301,0.0104713
538,9.74426,0.0129766,1,-0.101472,-0.179537,-0.199414,-0.114631,-0.196103,-0.207004,-0.101472,-0.179537,-0.179473,0.0141645
539,9.76237,0.015415,1,-0.113492,-0.193157,-0.227657,-0.128976,-0.211462,-0.239406,-0.113492,-0.193157,-0.204892,0.0180862
540,9.78048,0.0178358,1,-0.126444,-0.21048,-0.252445,-0.143879,-0.230836,-0.267808,-0.126444,-0.21048,-0.227201,0.0223441
541,9.79859,0.0198408,1,-0.14071,-0.232516,-0.273702,-0.159986,-0.254464,-0.291805,-0.14071,-0.232516,-0.246332,0.0269589
542,9.8167,0.0220682,1,-0.156317,-0.257685,-0.291438,-0.177876,-0.28261,-0.310803,-0.156317,-0.257685,-0.262294,0.0318897
543,9.83482,0.0241059,1,-0.17441,-0.288193,-0.303077,-0.198068,-0.315519,-0.323979,-0.17441,-0.288193,-0.272769,0.0370018
544,9.85293,0.0257922,1,-0.195018,-0.32347,-0.309592,-0.221025,-0.353348,-0.330248,-0.195018,-0.32347,-0.278633,0.0422633
545,9.87104,0.0271626,1,-0.218873,-0.363219,-0.309865,-0.247137,-0.396047,-0.328219,-0.218873,-0.363219,-0.278878,0.0474747
546,9.88915,0.028078,1,-0.246107,-0.408663,-0.300766,-0.276682,-0.443191,-0.316197,-0.246107,-0.408663,-0.27069,0.0518144
547,9.90726,0.0287443,1,-0.276952,-0.458418,-0.279813,-0.309759,-0.49375,-0.292226,-0.276952,-0.458418,-0.251832,0.0542462
548,9.92538,0.0290631,1,-0.311713,-0.509917,-0.246644,-0.346182,-0.545805,-0.254261,-0.311713,-0.509917,-0.22198,0.0538175
549,9.94349,0.0285745,1,-0.350003,-0.561757,-0.197367,-0.385345,-0.596262,-0.200506,-0.350003,-0.561757,-0.17763,0.0483554
550,9.9616,0.0275596,1,-0.390315,-0.609034,-0.130382,-0.426066,-0.640661,-0.130001,-0.390315,-0.609034,-0.117344,0.035623
551,9.97971,0.0260992,1,-0.430651,-0.646108,-0.0483106,-0.466445,-0.673285,-0.0434377,-0.430651,-0.646108,-0.0434796,0.0145635
552,9.99782,0.0247696,1,-0.468444,-0.665451,0.0464166,-0.503814,-0.687787,0.0559369,-0.468444,-0.665451,0.0417749,-0.0152205
553,10.0159,0.0223638,1,-0.501544,-0.662807,0.149776,-0.534882,-0.678513,0.161706,-0.501544,-0.662807,0.134798,-0.0525834
554,10.034,0.0191733,1,-0.525622,-0.634571,0.253979,-0.556138,-0.642351,0.264521,-0.525622,-0.634571,0.228581,-0.093448
555,10.0522,0.0165329,1,-0.537359,-0.577731,0.344945,-0.56452,-0.580453,0.353598,-0.537359,-0.577731,0.310451,-0.129752
556,10.0703,0.0136847,1,-0.53453,-0.499864,0.418395,-0.558193,-0.498845,0.419292,-0.53453,-0.499864,0.376556,-0.156551
557,10.0884,0.0140853,1,-0.516307,-0.409077,0.468315,-0.537124,-0.407243,0.455726,-0.516307,-0.409077,0.421483,-0.169256
558,10.1065,0.0143962,1,-0.484708,-0.318319,0.478803,-0.503187,-0.316413,0.46217,-0.484708,-0.318319,0.430923,-0.162456
559,10.1246,0.0130984,1,-0.443376,-0.23556,0.458219,-0.459739,-0.235325,0.442506,-0.443376,-0.23556,0.412397,-0.142215
560,10.1427,0.012875,1,-0.395905,-0.165272,0.419316,-0.410836,-0.169416,0.40328,-0.395905,-0.165272,0.377384,-0.116206
561,10.1608,0.0137048,1,-0.346156,-0.11477,0.369617,-0.360431,-0.120403,0.351507,-0.346156,-0.11477,0.332656,-0.0895618
562,10.1789,0.0162105,1,-0.297391,-0.0811486,0.316473,-0.31179,-0.0872023,0.293142,-0.297391,-0.0811486,0.284826,-0.0658813
563,10.1971,0.0167241,1,-0.252886,-0.062245,0.257134,-0.267229,-0.0672122,0.232463,-0.252886,-0.062245,0.231421,-0.0455179
564,10.2152,0.0165836,1,-0.214535,-0.053526,0.197169,-0.228119,-0.0573828,0.172156,-0.214535,-0.053526,0.177452,-0.0296098
565,10.2333,0.0171331,1,-0.182449,-0.0521992,0.140434,-0.195043,-0.0548892,0.113699,-0.182449,-0.0521992,0.126391,-0.0179355
566,10.2514,0.0193438,1,-0.1563,-0.056333,0.0891569,-0.168014,-0.0574424,0.0577864,-0.1563,-0.056333,0.0802412,-0.00975464
567,10.2695,0.0217491,1,-0.134675,-0.0612935,0.0403199,-0.146683,-0.0633606,0.00467414,-0.134675,-0.0612935,0.0362879,-0.00380107
568,10.2876,0.0246346,1,-0.118143,-0.0674572,-0.00496715,-0.130514,-0.0715165,-0.0456003,-0.118143,-0.0674572,-0.00447043,0.000410782
569,10.3057,0.0263072,1,-0.105952,-0.0750483,-0.0498403,-0.118909,-0.0812375,-0.093084,-0.105952,-0.0750483,-0.0448563,0.00369648
570,10.3238,0.0268544,1,-0.0982679,-0.0839833,-0.0939485,-0.111288,-0.0922003,-0.13784,-0.0982679,-0.0839833,-0.0845536,0.00646249
571,10.342,0.0283392,1,-0.093569,-0.0942437,-0.133835,-0.107146,-0.104341,-0.179911,-0.093569,-0.0942437,-0.120451,0.00876595
572,10.3601,0.0292969,1,-0.0913828,-0.105915,-0.17221,-0.106074,-0.117783,-0.219308,-0.0913828,-0.105915,-0.154989,0.0110159
573,10.3782,0.0299651,1,-0.0921008,-0.117228,-0.209024,-0.107774,-0.13279,-0.255991,-0.0921008,-0.117228,-0.188122,0.0134759
574,10.3963,0.0318803,1,-0.0942374,-0.129794,-0.241551,-0.112062,-0.149729,-0.289862,-0.0942374,-0.129794,-0.217395,0.0159342
575,10.4144,0.0341024,1,-0.0980368,-0.143664,-0.271647,-0.118858,-0.169052,-0.320748,-0.0980368,-0.143664,-0.244482,0.018642
576,10.4325,0.0361282,1,-0.104144,-0.159556,-0.300094,-0.128189,-0.191279,-0.348377,-0.104144,-0.159556,-0.270085,0.0218771
577,10.4506,0.0379233,1,-0.113168,-0.179773,-0.325443,-0.140175,-0.21699,-0.372348,-0.113168,-0.179773,-0.292899,0.0257808
578,10.4687,0.0403368,1,-0.124453,-0.20391,-0.346186,-0.155023,-0.246803,-0.392086,-0.124453,-0.20391,-0.311567,0.0301586
579,10.4868,0.043516,1,-0.138503,-0.231712,-0.36178,-0.173018,-0.281349,-0.406789,-0.138503,-0.231712,-0.325602,0.0350754
580,10.505,0.0470658,1,-0.154996,-0.263217,-0.373876,-0.194502,-0.321213,-0.415363,-0.154996,-0.263217,-0.336488,0.0405644
581,10.5231,0.0510546,1,-0.174493,-0.299031,-0.382223,-0.219853,-0.366838,-0.416346,-0.174493,-0.299031,-0.344001,0.0466867
582,10.5412,0.0558715,1,-0.197252,-0.34014,-0.384997,-0.249434,-0.41837,-0.407841,-0.197252,-0.34014,-0.346497,0.0531589
583,10.5593,0.0612595,1,-0.224352,-0.387676,-0.379705,-0.283521,-0.475406,-0.387485,-0.224352,-0.387676,-0.341735,0.0596313
584,10.5774,0.0678108,1,-0.255496,-0.440489,-0.362509,-0.32219,-0.536648,-0.352506,-0.255496,-0.440489,-0.326258,0.0648337
585,10.5955,0.0741343,1,-0.291264,-0.499156,-0.3311,-0.36515,-0.599453,-0.299968,-0.291264,-0.499156,-0.29799,0.0675062
586,10.6136,0.0806985,1,-0.331837,-0.56011,-0.28507,-0.411519,-0.659369,-0.227319,-0.331837,-0.56011,-0.256563,0.0662177
587,10.6317,0.0863265,1,-0.375706,-0.619939,-0.218435,-0.459575,-0.709857,-0.133361,-0.375706,-0.619939,-0.196591,0.057447
588,10.6499,0.0901911,1,-0.421851,-0.673135,-0.131034,-0.50654,-0.74255,-0.0196229,-0.421851,-0.673135,-0.117931,0.0386939
589,10.668,0.0911258,1,-0.468287,-0.710782,-0.0223596,-0.548542,-0.748517,0.108204,-0.468287,-0.710782,-0.0201237,0.00732951
590,10.6861,0.0887601,1,-0.5103,-0.722549,0.103016,-0.580925,-0.72072,0.239558,-0.5103,-0.722549,0.0927142,-0.0367983
591,10.7042,0.0834642,1,-0.543542,-0.700701,0.233895,-0.599026,-0.657127,0.360076,-0.543542,-0.700701,0.210505,-0.0889921
592,10.7223,0.0772728,1,-0.564046,-0.641825,0.352695,-0.599319,-0.562953,0.454912,-0.564046,-0.641825,0.317426,-0.139255
593,10.7404,0.0702553,1,-0.567858,-0.552816,0.449035,-0.580535,-0.450241,0.513262,-0.567858,-0.552816,0.404132,-0.178492
594,10.7585,0.0646983,1,-0.552421,-0.444096,0.510514,-0.544199,-0.334366,0.531711,-0.552421,-0.444096,0.459463,-0.197413
595,10.7766,0.0620446,1,-0.519523,-0.331787,0.534108,-0.494271,-0.229197,0.514458,-0.519523,-0.331787,0.480697,-0.194237
596,10.7948,0.0604201,1,-0.472154,-0.228929,0.519185,-0.436072,-0.143575,0.47056,-0.472154,-0.228929,0.467267,-0.171595
597,10.8129,0.0590806,1,-0.416842,-0.145705,0.477066,-0.375005,-0.080486,0.410224,-0.416842,-0.145705,0.429359,-0.139203
598,10.831,0.0567251,1,-0.358332,-0.0845128,0.417576,-0.315587,-0.0384278,0.342063,-0.358332,-0.0845128,0.375819,-0.104742
599,10.8491,0.0549649,1,-0.301456,-0.0442098,0.35254,-0.260987,-0.0135143,0.27202,-0.301456,-0.0442098,0.317286,-0.0743928
600,10.8672,0.0526537,1,-0.247974,-0.019075,0.285854,-0.213019,-0.00124405,0.203529,-0.247974,-0.019075,0.257269,-0.0496191
601,10.8853,0.0504873,1,-0.201705,-0.00626319,0.220134,-0.17238,0.00245543,0.138214,-0.201705,-0.00626319,0.198121,-0.0310815
602,10.9034,0.0493834,1,-0.162304,-0.00203666,0.158857,-0.138981,0.000801943,0.0766121,-0.162304,-0.00203666,0.142971,-0.0180481
603,10.9215,0.048512,1,-0.129972,-0.00385019,0.100846,-0.112248,-0.00388844,0.018711,-0.129972,-0.00385019,0.090761,-0.009175
604,10.9396,0.0471977,1,-0.104336,-0.00861116,0.0449738,-0.0913705,-0.010075,-0.0357269,-0.104336,-0.00861116,0.0404764,-0.00328468
605,10.9578,0.0466582,1,-0.084668,-0.016215,-0.00670687,-0.075461,-0.0168158,-0.0869928,-0.084668,-0.016215,-0.00603618,0.0003975
606,10.9759,0.0469544,1,-0.0692678,-0.0225099,-0.0542318,-0.0636666,-0.0235997,-0.135359,-0.0692678,-0.0225099,-0.0488086,0.00262956
607,10.994,0.0467564,1,-0.0574176,-0.0268381,-0.100171,-0.0552251,-0.0302101,-0.181055,-0.0574176,-0.0268381,-0.0901535,0.00402609
608,11.0121,0.0459988,1,-0.0488364,-0.0309852,-0.1448,-0.0494928,-0.0366228,-0.22427,-0.0488364,-0.0309852,-0.13032,0.00495007
609,11.0302,0.0461109,1,-0.0428672,-0.0360242,-0.185649,-0.0459504,-0.0429348,-0.265156,-0.0428672,-0.0360242,-0.167084,0.00557079
610,11.0483,0.0461056,1,-0.03873,-0.0417166,-0.224533,-0.0441979,-0.0493177,-0.303839,-0.03873,-0.0417166,-0.202079,0.00608731
611,11.0664,0.0476598,1,-0.0359125,-0.046374,-0.258828,-0.0439435,-0.0559903,-0.340421,-0.0359125,-0.046374,-0.232945,0.00650662
612,11.0845,0.0487446,1,-0.034688,-0.0511151,-0.292064,-0.0449914,-0.0632046,-0.374984,-0.034688,-0.0511151,-0.262857,0.00709178
613,11.1027,0.0489422,1,-0.0343633,-0.0552478,-0.325345,-0.0472296,-0.0712414,-0.407593,-0.0343633,-0.0552478,-0.292811,0.00782596
614,11.1208,0.048926,1,-0.0350934,-0.0594877,-0.357651,-0.0506202,-0.0804132,-0.438288,-0.0350934,-0.0594877,-0.321886,0.00878584
615,11.1389,0.0494692,1,-0.0367371,-0.0657319,-0.387341,-0.0551922,-0.0910716,-0.467084,-0.0367371,-0.0657319,-0.348607,0.00996085
616,11.157,0.0499133,1,-0.0391976,-0.0724412,-0.416339,-0.0610378,-0.103618,-0.49396,-0.0391976,-0.0724412,-0.374705,0.0114237
617,11.1751,0.0509396,1,-0.0424781,-0.0799628,-0.443809,-0.0683109,-0.118519,-0.518847,-0.0424781,-0.0799628,-0.399428,0.0131965
618,11.1932,0.0525841,1,-0.0468845,-0.0888173,-0.470066,-0.0772292,-0.136318,-0.541607,-0.0468845,-0.0888173,-0.423059,0.0154272
619,11.2113,0.0552781,1,-0.0525536,-0.0993815,-0.494859,-0.088078,-0.157653,-0.562011,-0.0525536,-0.0993815,-0.445373,0.0182046
620,11.2294,0.0598836,1,-0.0589569,-0.111956,-0.517353,-0.101217,-0.183273,-0.579692,-0.0589569,-0.111956,-0.465618,0.0213511
621,11.2476,0.0668488,1,-0.0662429,-0.126874,-0.537319,-0.117086,-0.214039,-0.594095,-0.0662429,-0.126874,-0.483587,0.0249155
622,11.2657,0.0765308,1,-0.0749743,-0.14435,-0.554768,-0.136213,-0.250923,-0.604395,-0.0749743,-0.14435,-0.499291,0.0291153
623,11.2838,0.0887663,1,-0.0854501,-0.165874,-0.570274,-0.159214,-0.294976,-0.609387,-0.0854501,-0.165874,-0.513246,0.0341109
624,11.3019,0.104096,1,-0.0987798,-0.191683,-0.583605,-0.186786,-0.347244,-0.607348,-0.0987798,-0.191683,-0.525244,0.0403539
625,11.32,0.123361,1,-0.114557,-0.222593,-0.593528,-0.219674,-0.4086,-0.595861,-0.114557,-0.222593,-0.534175,0.0475949
626,11.3381,0.146836,1,-0.133677,-0.259792,-0.600475,-0.258611,-0.479433,-0.571635,-0.133677,-0.259792,-0.540428,0.0561886
627,11.3562,0.174682,1,-0.157132,-0.304543,-0.60184,-0.30418,-0.559125,-0.53038,-0.157132,-0.304543,-0.541656,0.066198
628,11.3743,0.206077,1,-0.18595,-0.359091,-0.594957,-0.356592,-0.645247,-0.466894,-0.18595,-0.359091,-0.535461,0.0774427
629,11.3924,0.24011,1,-0.220481,-0.424333,-0.575712,-0.415327,-0.732479,-0.375615,-0.220481,-0.424333,-0.518141,0.0888534
630,11.4106,0.27645,0,-0.261006,-0.498359,-0.541611,-0.478634,-0.811507,-0.252041,-0.261006,-0.498359,-0.48745,0.0989545
631,11.4287,0.312435,0,-0.308601,-0.581551,-0.48973,-0.542969,-0.868567,-0.0953438,-0.308601,-0.581551,-0.440757,0.105792
632,11.4468,0.345636,0,-0.363048,-0.670162,-0.415909,-0.602614,-0.886909,0.0880963,-0.363048,-0.670162,-0.374318,0.105696
633,11.4649,0.370442,0,-0.423739,-0.754638,-0.310777,-0.649907,-0.851403,0.281816,-0.423739,-0.754638,-0.279699,0.0921818
634,11.483,0.382752,0,-0.48807,-0.828535,-0.17127,-0.676556,-0.755879,0.460151,-0.48807,-0.828535,-0.154143,0.0585143
635,11.5011,0.381186,0,-0.550951,-0.872124,0.00259006,-0.676027,-0.609394,0.595243,-0.550951,-0.872124,0.00233105,-0.000998897
636,11.5192,0.369193,0,-0.605469,-0.864215,0.195073,-0.646069,-0.435753,0.668024,-0.605469,-0.864215,0.175566,-0.0826776
637,11.5373,0.351432,0,-0.644364,-0.798876,0.389522,-0.589872,-0.264563,0.675972,-0.644364,-0.798876,0.35057,-0.175696
638,11.5555,0.333702,0,-0.660084,-0.672303,0.545564,-0.515012,-0.119521,0.631912,-0.660084,-0.672303,0.491007,-0.252082
639,11.5736,0.314776,0,-0.64261,-0.505498,0.648959,-0.430854,-0.0118209,0.555715,-0.64261,-0.505498,0.584063,-0.291919
640,11.5917,0.295196,0,-0.597305,-0.325551,0.690268,-0.345956,0.0589275,0.46572,-0.597305,-0.325551,0.621241,-0.28861
641,11.6098,0.273528,0,-0.528895,-0.163908,0.667887,-0.266555,0.099744,0.374429,-0.528895,-0.163908,0.601098,-0.24727
642,11.6279,0.249302,1,-0.446813,-0.0382916,0.602656,-0.19625,0.119504,0.288374,-0.446813,-0.0382916,0.542391,-0.188492
643,11.646,0.224537,1,-0.361567,0.0467969,0.516944,-0.136442,0.126157,0.209907,-0.361567,0.0467969,0.46525,-0.130837
644,11.6641,0.200044,1,-0.279188,0.0963691,0.425923,-0.0870074,0.125751,0.139121,-0.279188,0.0963691,0.383331,-0.083239
645,11.6822,0.177343,1,-0.204889,0.123122,0.338626,-0.0469288,0.122453,0.0751876,-0.204889,0.123122,0.304763,-0.0485666
646,11.7004,0.157949,1,-0.141342,0.132332,0.259254,-0.0147648,0.11894,0.0170912,-0.141342,0.132332,0.233329,-0.0256504
647,11.7185,0.142629,1,-0.0881063,0.133158,0.189623,0.0110457,0.116841,-0.0360578,-0.0881063,0.133158,0.170661,-0.0116949
648,11.7366,0.131701,1,-0.0443146,0.130994,0.12959,0.0320072,0.117097,-0.0849264,-0.0443146,0.130994,0.116631,-0.00401991
649,11.7547,0.121949,1,-0.0105264,0.125662,0.0724827,0.0494797,0.120238,-0.129963,-0.0105264,0.125662,0.0652345,-0.00053409
650,11.7728,0.113986,1,0.0168902,0.121843,0.0200762,0.0646493,0.126566,-0.171432,0.0168902,0.121843,0.0180686,0.000237364
651,11.7909,0.109007,1,0.0393482,0.121851,-0.0253104,0.0785312,0.136285,-0.20944,0.0393482,0.121851,-0.0227793,-0.000697143
652,11.809,0.105548,1,0.0584338,0.12572,-0.0658444,0.0919907,0.149581,-0.243962,0.0584338,0.12572,-0.0592599,-0.00269328
653,11.8271,0.102445,1,0.0747489,0.13277,-0.103452,0.105772,0.166665,-0.27484,0.0747489,0.13277,-0.0931071,-0.00541306
654,11.8452,0.101503,1,0.0895458,0.141029,-0.135158,0.120527,0.1878,-0.301774,0.0895458,0.141029,-0.121642,-0.00847197
655,11.8634,0.100123,1,0.102826,0.153033,-0.165285,0.136842,0.213296,-0.324298,0.102826,0.153033,-0.148756,-0.0118969
656,11.8815,0.0991779,1,0.115318,0.167857,-0.192769,0.155256,0.243492,-0.341743,0.115318,0.167857,-0.173492,-0.0155609
657,11.8996,0.0983441,1,0.129573,0.188266,-0.21661,0.176272,0.278705,-0.353192,0.129573,0.188266,-0.194949,-0.0196468
658,11.9177,0.0975178,1,0.146423,0.214784,-0.236063,0.200349,0.31915,-0.357427,0.146423,0.214784,-0.212457,-0.0241956
659,11.9358,0.0981602,1,0.165184,0.244884,-0.249955,0.227884,0.364799,-0.35289,0.165184,0.244884,-0.224959,-0.0289019
660,11.9539,0.101279,1,0.185793,0.277674,-0.257181,0.259158,0.415192,-0.337668,0.185793,0.277674,-0.231463,-0.0334477
661,11.972,0.106396,1,0.209198,0.314517,-0.256562,0.294258,0.469166,-0.309557,0.209198,0.314517,-0.230906,-0.0375706
662,11.9901,0.114196,1,0.234483,0.354002,-0.247556,0.332951,0.52452,-0.266255,0.234483,0.354002,-0.222801,-0.0406333
663,12.0083,0.123787,1,0.262731,0.395998,-0.227274,0.374525,0.577683,-0.205777,0.262731,0.395998,-0.204546,-0.0417982
664,12.0264,0.132867,1,0.295039,0.440466,-0.193758,0.417601,0.62351,-0.127164,0.295039,0.440466,-0.174382,-0.0400163
665,12.0445,0.140449,1,0.329551,0.485255,-0.146343,0.459982,0.655454,-0.0314604,0.329551,0.485255,-0.131709,-0.0337594
666,12.0626,0.146489,1,0.364495,0.523528,-0.0839434,0.498608,0.666403,0.0772312,0.364495,0.523528,-0.0755491,-0.0214179
667,12.0807,0.150025,1,0.398551,0.550882,-0.00989205,0.529759,0.650348,0.191138,0.398551,0.550882,-0.00890284,-0.00275974
668,12.0988,0.149778,1,0.431022,0.563248,0.0723081,0.549577,0.6046,0.299321,0.431022,0.563248,0.0650773,0.0218165
669,12.1169,0.144276,1,0.457971,0.558262,0.160931,0.554882,0.531659,0.389725,0.457971,0.558262,0.144838,0.0515911
670,12.135,0.133677,1,0.477269,0.531911,0.250833,0.54405,0.439506,0.452352,0.477269,0.531911,0.225749,0.0838002
671,12.1532,0.121446,1,0.486034,0.480836,0.32936,0.517578,0.339718,0.482129,0.486034,0.480836,0.296424,0.112056
672,12.1713,0.110523,1,0.481963,0.412474,0.38891,0.478047,0.244121,0.479948,0.481963,0.412474,0.350019,0.131208
673,12.1894,0.103551,1,0.465525,0.335106,0.423267,0.429481,0.161684,0.451446,0.465525,0.335106,0.38094,0.137929
674,12.2075,0.100579,1,0.437496,0.257704,0.432819,0.376405,0.0970431,0.40446,0.437496,0.257704,0.389537,0.13255
675,12.2256,0.0994606,1,0.401707,0.186152,0.418433,0.32297,0.0508059,0.346605,0.401707,0.186152,0.376589,0.117661
676,12.2437,0.0993438,1,0.360648,0.128081,0.385517,0.272413,0.0208947,0.283865,0.360648,0.128081,0.346965,0.0973251
677,12.2618,0.0996774,1,0.317701,0.0836765,0.343568,0.226871,0.004015,0.220237,0.317701,0.0836765,0.309211,0.0764064
678,12.2799,0.0997713,1,0.275251,0.0515873,0.29641,0.187473,-0.0032626,0.158029,0.275251,0.0515873,0.266769,0.057111
679,12.298,0.098392,1,0.235807,0.031056,0.24404,0.154558,-0.00390925,0.0983721,0.235807,0.031056,0.219636,0.0402824
680,12.3162,0.0967819,1,0.201044,0.021405,0.190986,0.127929,-0.000219944,0.0416983,0.201044,0.021405,0.171887,0.0268776
681,12.3343,0.0947995,1,0.171277,0.0186037,0.138687,0.107069,0.00618517,-0.0119246,0.171277,0.0186037,0.124819,0.0166278
682,12.3524,0.0930829,1,0.146935,0.019764,0.0886444,0.0913207,0.0142612,-0.062584,0.146935,0.019764,0.07978,0.00911749
683,12.3705,0.0924093,1,0.12775,0.0242892,0.0423533,0.0799976,0.0234125,-0.110413,0.12775,0.0242892,0.0381179,0.00378743
684,12.3886,0.091875,1,0.11317,0.0307057,-0.00172225,0.0724639,0.033376,-0.155537,0.11317,0.0307057,-0.00155002,-0.000136434
685,12.4067,0.0911888,1,0.102385,0.039281,-0.0439368,0.0681745,0.0441267,-0.198055,0.102385,0.039281,-0.0395431,-0.00314893
686,12.4248,0.090133,1,0.0951214,0.0496921,-0.0846447,0.0666953,0.0558076,-0.238028,0.0951214,0.0496921,-0.0761802,-0.00563607
687,12.4429,0.089378,1,0.0912711,0.0615503,-0.12264,0.0677087,0.0686831,-0.275477,0.0912711,0.0615503,-0.110376,-0.00783542
688,12.4611,0.0887966,1,0.0903555,0.0742376,-0.158054,0.0710115,0.0831093,-0.310375,0.0903555,0.0742376,-0.142249,-0.00999676
689,12.4792,0.088774,1,0.0919305,0.0888516,-0.190025,0.0765092,0.0995177,-0.342638,0.0919305,0.0888516,-0.171022,-0.0122284
690,12.4973,0.0880716,1,0.0962081,0.105803,-0.220561,0.084209,0.118409,-0.372109,0.0962081,0.105803,-0.198505,-0.0148538
691,12.5154,0.0871764,1,0.103327,0.125762,-0.248521,0.094214,0.14035,-0.398532,0.103327,0.125762,-0.223668,-0.0179752
692,12.5335,0.0862553,1,0.112529,0.148046,-0.273313,0.106717,0.165972,-0.421519,0.112529,0.148046,-0.245982,-0.021529
693,12.5516,0.0852657,1,0.124255,0.173287,-0.29459,0.121997,0.195962,-0.440506,0.124255,0.173287,-0.265131,-0.0256229
694,12.5697,0.0844734,1,0.138958,0.202437,-0.311209,0.140409,0.23104,-0.45469,0.138958,0.202437,-0.280088,-0.0302714
695,12.5878,0.0843854,1,0.156449,0.235754,-0.321459,0.162374,0.271913,-0.462952,0.156449,0.235754,-0.289313,-0.0352043
696,12.606,0.0837648,1,0.177381,0.273567,-0.326474,0.188358,0.319178,-0.463765,0.177381,0.273567,-0.293827,-0.0405372
697,12.6241,0.0828707,1,0.202296,0.316503,-0.324265,0.218827,0.373166,-0.455103,0.202296,0.316503,-0.291839,-0.0459184
698,12.6422,0.0819909,1,0.231205,0.364693,-0.312384,0.254179,0.433675,-0.434373,0.231205,0.364693,-0.281146,-0.0505573
699,12.6603,0.082534,1,0.263707,0.415885,-0.286735,0.294623,0.499576,-0.398429,0.263707,0.415885,-0.258062,-0.0529299
700,12.6784,0.0836293,1,0.299726,0.469958,-0.245342,0.339998,0.568289,-0.343784,0.299726,0.469958,-0.220808,-0.0514749
701,12.6965,0.0847733,1,0.338683,0.522348,-0.188131,0.38952,0.63517,-0.267164,0.338683,0.522348,-0.169318,-0.0446017
702,12.7146,0.0853809,1,0.379205,0.56848,-0.116846,0.441474,0.693053,-0.166585,0.379205,0.56848,-0.105161,-0.0310161
703,12.7327,0.0849582,1,0.420669,0.604868,-0.0296619,0.492921,0.732366,-0.042991,0.420669,0.604868,-0.0266958,-0.0087345
704,12.7508,0.0846462,1,0.459775,0.621733,0.0742568,0.539585,0.742432,0.0978611,0.459775,0.621733,0.0668311,0.023899
705,12.769,0.0826374,1,0.492101,0.612756,0.188552,0.576142,0.714353,0.244248,0.492101,0.612756,0.169697,0.0649505
706,12.7871,0.0789921,1,0.513967,0.572956,0.298085,0.597099,0.644966,0.379466,0.513967,0.572956,0.268276,0.107244
707,12.8052,0.0719992,1,0.521841,0.504953,0.393601,0.598185,0.539922,0.485799,0.521841,0.504953,0.354241,0.143778
708,12.8233,0.0635552,1,0.514178,0.415359,0.460431,0.577765,0.413424,0.550269,0.514178,0.415359,0.414388,0.165721
709,12.8414,0.0553441,1,0.490638,0.315551,0.491663,0.537554,0.283852,0.569012,0.490638,0.315551,0.442497,0.16886
710,12.8595,0.0476751,1,0.452866,0.220472,0.491294,0.482186,0.167582,0.547523,0.452866,0.220472,0.442164,0.155743
711,12.8776,0.0398235,1,0.405412,0.135722,0.4676,0.417864,0.0745845,0.49701,0.405412,0.135722,0.42084,0.1327
712,12.8957,0.0357807,1,0.353654,0.0690515,0.421786,0.350788,0.00764506,0.429648,0.353654,0.0690515,0.379607,0.104416
713,12.9139,0.0350228,1,0.301165,0.0219568,0.36654,0.286008,-0.0356913,0.355282,0.301165,0.0219568,0.329886,0.0772724
714,12.932,0.0358788,1,0.250523,-0.00834964,0.304751,0.226941,-0.0604055,0.280339,0.250523,-0.00834964,0.274276,0.053443
715,12.9501,0.0371843,1,0.205428,-0.0255462,0.241396,0.175418,-0.0718976,0.208246,0.205428,-0.0255462,0.217257,0.0347127
716,12.9682,0.0388651,1,0.165959,-0.0339455,0.181704,0.132013,-0.0748493,0.1404,0.165959,-0.0339455,0.163533,0.0211088
717,12.9863,0.040469,1,0.132656,-0.0352554,0.123858,0.096452,-0.0728393,0.0770609,0.132656,-0.0352554,0.111472,0.0115013
718,13.0044,0.0427637,1,0.10626,-0.0316357,0.0696449,0.0679621,-0.0683751,0.0179756,0.10626,-0.0316357,0.0626804,0.00518031
719,13.0225,0.0453587,1,0.0857086,-0.0256619,0.0189197,0.0455418,-0.0630915,-0.0372755,0.0857086,-0.0256619,0.0170277,0.0011351
720,13.0406,0.0471135,1,0.06904,-0.0194832,-0.0299153,0.0281385,-0.0579795,-0.0891111,0.06904,-0.0194832,-0.0269237,-0.00144575
721,13.0588,0.0493001,1,0.0561208,-0.0122877,-0.0756426,0.0147548,-0.0535872,-0.13789,0.0561208,-0.0122877,-0.0680784,-0.00297159
722,13.0769,0.0519356,1,0.0472722,-0.00543377,-0.118625,0.00450379,-0.0501775,-0.1839,0.0472722,-0.00543377,-0.106763,-0.00392537
723,13.095,0.0554454,1,0.0419401,0.00147824,-0.158546,-0.00337118,-0.0478426,-0.227371,0.0419401,0.00147824,-0.142691,-0.0046546
724,13.1131,0.0595673,1,0.0389211,0.00944255,-0.196643,-0.00949669,-0.0465841,-0.268486,0.0389211,0.00944255,-0.176978,-0.00535748
725,13.1312,0.0642586,1,0.0378555,0.0178639,-0.233011,-0.0143819,-0.0463659,-0.307397,0.0378555,0.0178639,-0.20971,-0.00617453
726,13.1493,0.0697364,1,0.0384185,0.0273415,-0.268019,-0.0184362,-0.047148,-0.344232,0.0384185,0.0273415,-0.241217,-0.00720783
727,13.1674,0.0764257,1,0.0407187,0.0370034,-0.300299,-0.0219892,-0.0489085,-0.3791,0.0407187,0.0370034,-0.270269,-0.00855945
728,13.1855,0.0851427,1,0.0442945,0.048884,-0.329667,-0.0253093,-0.0516555,-0.412098,0.0442945,0.048884,-0.2967,-0.0102217
729,13.2036,0.0961521,1,0.0495994,0.0631133,-0.356344,-0.0286214,-0.0554363,-0.443311,0.0495994,0.0631133,-0.32071,-0.0123721
730,13.2218,0.109532,1,0.0568182,0.079789,-0.380915,-0.0321221,-0.0603428,-0.472807,0.0568182,0.079789,-0.342823,-0.01515
731,13.2399,0.125508,1,0.0662272,0.0991012,-0.403805,-0.0359939,-0.0665171,-0.500645,0.0662272,0.0991012,-0.363425,-0.01872
732,13.258,0.145335,1,0.0778698,0.122567,-0.423542,-0.0404169,-0.0741578,-0.526861,0.0778698,0.122567,-0.381188,-0.0230868
733,13.2761,0.168465,1,0.0915,0.148617,-0.439847,-0.0455806,-0.0835273,-0.551471,0.0915,0.148617,-0.395862,-0.0281722
734,13.2942,0.196089,1,0.107588,0.17919,-0.45271,-0.0516944,-0.0949619,-0.574457,0.107588,0.17919,-0.407439,-0.0340941
735,13.3123,0.229085,1,0.126589,0.214903,-0.461002,-0.0589985,-0.108884,-0.59576,0.126589,0.214903,-0.414901,-0.0408503
736,13.3304,0.268519,0,0.149315,0.255846,-0.461915,-0.0677753,-0.125814,-0.615257,0.149315,0.255846,-0.415724,-0.0482797
737,13.3485,0.315084,0,0.17564,0.30273,-0.454953,-0.078361,-0.146391,-0.632736,0.17564,0.30273,-0.409458,-0.0559356
738,13.3667,0.370241,0,0.206513,0.356868,-0.439112,-0.0911587,-0.171385,-0.64786,0.206513,0.356868,-0.3952,-0.0634777
739,13.3848,0.435934,0,0.242592,0.419543,-0.41072,-0.106651,-0.201709,-0.660102,0.242592,0.419543,-0.369648,-0.0697461
740,13.4029,0.512475,0,0.284231,0.48892,-0.366915,-0.125414,-0.238423,-0.66867,0.284231,0.48892,-0.330223,-0.0730019
741,13.421,0.598527,0,0.330882,0.559184,-0.302967,-0.148121,-0.282711,-0.672387,0.330882,0.559184,-0.27267,-0.0701723
742,13.4391,0.692734,0,0.382077,0.624259,-0.214611,-0.175548,-0.335815,-0.669533,0.382077,0.624259,-0.19315,-0.0573987
743,13.4572,0.792458,0,0.434673,0.678065,-0.100478,-0.208546,-0.398878,-0.657642,0.434673,0.678065,-0.0904303,-0.0305726
744,13.4753,0.891119,0,0.484803,0.707518,0.039423,-0.247991,-0.472642,-0.63327,0.484803,0.707518,0.0354807,0.0133787
745,13.4934,0.977298,0,0.528675,0.698755,0.189745,-0.294654,-0.556902,-0.591786,0.528675,0.698755,0.170771,0.0702195
746,13.5116,1.04069,0,0.559059,0.646142,0.336095,-0.348975,-0.64963,-0.527349,0.559059,0.646142,0.302485,0.131528
747,13.5297,1.07238,0,0.56859,0.551529,0.465649,-0.410681,-0.745705,-0.433357,0.56859,0.551529,0.419084,0.185335
748,13.5478,1.06474,0,0.557746,0.42728,0.552499,-0.47821,-0.835455,-0.303854,0.557746,0.42728,0.497249,0.215708
749,13.5659,1.01721,0,0.52542,0.29011,0.589265,-0.548024,-0.90373,-0.136428,0.52542,0.29011,0.530338,0.216728
750,13.584,0.94001,0,0.474367,0.162761,0.582954,-0.614026,-0.931029,0.063454,0.474367,0.162761,0.524659,0.193574
751,13.6021,0.845297,0,0.410627,0.0558648,0.543104,-0.667644,-0.898506,0.278362,0.410627,0.0558648,0.488794,0.156109
752,13.6202,0.750855,0,0.343317,-0.0194658,0.475771,-0.699196,-0.796964,0.478957,0.343317,-0.0194658,0.428194,0.114338
753,13.6383,0.664931,0,0.275705,-0.069367,0.402566,-0.700714,-0.635409,0.631919,0.275705,-0.069367,0.362309,0.0776926
754,13.6564,0.58963,0,0.212725,-0.100476,0.327709,-0.669131,-0.441464,0.713776,0.212725,-0.100476,0.294938,0.0487984
755,13.6746,0.523555,0,0.157561,-0.11636,0.253944,-0.607888,-0.250478,0.721308,0.157561,-0.11636,0.22855,0.0280082
756,13.6927,0.462333,0,0.110275,-0.121996,0.184701,-0.525723,-0.0905381,0.670266,0.110275,-0.121996,0.166231,0.0142575
757,13.7108,0.404037,0,0.0721285,-0.120237,0.123427,-0.433469,0.025833,0.584701,0.0721285,-0.120237,0.111084,0.00623181
758,13.7289,0.351214,0,0.0416403,-0.116258,0.0655221,-0.340877,0.100124,0.486132,0.0416403,-0.116258,0.0589699,0.00190985
759,13.747,0.305264,0,0.0157089,-0.114462,0.0131338,-0.254859,0.141324,0.388534,0.0157089,-0.114462,0.0118204,0.000144422
760,13.7651,0.268505,0,-0.00499377,-0.112131,-0.0358075,-0.179224,0.160043,0.298633,-0.00499377,-0.112131,-0.0322267,0.00012517
761,13.7832,0.24207,1,-0.0212246,-0.111981,-0.0816602,-0.115279,0.165372,0.218378,-0.0212246,-0.111981,-0.0734942,0.00121324
762,13.8013,0.224136,1,-0.0342204,-0.11129,-0.12495,-0.062673,0.163972,0.147324,-0.0342204,-0.11129,-0.112455,0.00299308
763,13.8195,0.214145,1,-0.0447698,-0.113416,-0.164921,-0.0201244,0.160279,0.0841924,-0.0447698,-0.113416,-0.148429,0.00516844
764,13.8376,0.210457,1,-0.0540261,-0.118967,-0.200495,0.0140541,0.157057,0.0276539,-0.0540261,-0.118967,-0.180446,0.00758239
765,13.8557,0.212031,1,-0.0631178,-0.126303,-0.2337,0.0416314,0.155935,-0.023365,-0.0631178,-0.126303,-0.21033,0.0103255
766,13.8738,0.218314,1,-0.0720619,-0.13567,-0.265207,0.0642783,0.157823,-0.0696164,-0.0720619,-0.13567,-0.238686,0.0133779
767,13.8919,0.22872,1,-0.0810332,-0.147514,-0.294102,0.083485,0.163213,-0.11156,-0.0810332,-0.147514,-0.264692,0.0166824
768,13.91,0.243456,1,-0.0907342,-0.162481,-0.320016,0.100537,0.172367,-0.149412,-0.0907342,-0.162481,-0.288014,0.0203255
769,13.9281,0.263503,0,-0.10241,-0.181334,-0.343943,0.116523,0.185447,-0.18319,-0.10241,-0.181334,-0.309549,0.0246563
770,13.9462,0.288543,0,-0.116059,-0.203557,-0.36475,0.13236,0.202583,-0.212733,-0.116059,-0.203557,-0.328275,0.0296328
771,13.9644,0.318711,0,-0.131089,-0.229145,-0.383061,0.148822,0.223902,-0.237707,-0.131089,-0.229145,-0.344755,0.0351506
772,13.9825,0.355239,0,-0.14836,-0.260274,-0.39725,0.166567,0.249532,-0.257595,-0.14836,-0.260274,-0.357525,0.0412552
773,14.0006,0.398364,0,-0.168729,-0.29677,-0.405755,0.186153,0.279568,-0.27168,-0.168729,-0.29677,-0.365179,0.0479237
774,14.0187,0.44872,0,-0.192555,-0.339607,-0.406883,0.208048,0.314012,-0.279017,-0.192555,-0.339607,-0.366194,0.0548431
775,14.0368,0.506486,0,-0.220522,-0.388747,-0.399054,0.232616,0.352671,-0.278425,-0.220522,-0.388747,-0.359148,0.0616002
776,14.0549,0.571584,0,-0.253159,-0.444018,-0.381247,0.260096,0.395018,-0.268494,-0.253159,-0.444018,-0.343122,0.0675612
777,14.073,0.642733,0,-0.289944,-0.504347,-0.350345,0.29054,0.440011,-0.247651,-0.289944,-0.504347,-0.315311,0.0711062
778,14.0911,0.717639,0,-0.331234,-0.566748,-0.303865,0.323735,0.485874,-0.214315,-0.331234,-0.566748,-0.273479,0.0704553
779,14.1092,0.792809,0,-0.376063,-0.627817,-0.236815,0.359104,0.529904,-0.167193,-0.376063,-0.627817,-0.213133,0.0623401
780,14.1274,0.864681,0,-0.424295,-0.684286,-0.146762,0.395585,0.568363,-0.105737,-0.424295,-0.684286,-0.132086,0.0435894
781,14.1455,0.923758,0,-0.472172,-0.723723,-0.034077,0.431543,0.596609,-0.0307648,-0.472172,-0.723723,-0.0306693,0.0112631
782,14.1636,0.962443,0,-0.51672,-0.737261,0.0942713,0.464749,0.609609,0.0549043,-0.51672,-0.737261,0.0848442,-0.0340983
783,14.1817,0.97291,0,-0.552223,-0.71668,0.228696,0.492505,0.60293,0.146041,-0.552223,-0.71668,0.205826,-0.0884038
784,14.1998,0.951199,0,-0.574098,-0.658994,0.355007,0.511958,0.574078,0.235209,-0.574098,-0.658994,0.319507,-0.142666
785,14.2179,0.897138,0,-0.578258,-0.565466,0.457794,0.520604,0.523731,0.313834,-0.578258,-0.565466,0.412014,-0.185306
786,14.236,0.817816,0,-0.5619,-0.448808,0.527735,0.51686,0.456244,0.374026,-0.5619,-0.448808,0.474961,-0.207574
787,14.2541,0.724847,0,-0.526971,-0.328837,0.550306,0.500518,0.378932,0.410512,-0.526971,-0.328837,0.495275,-0.202997
788,14.2723,0.628913,0,-0.477408,-0.221047,0.530326,0.472873,0.300282,0.421808,-0.477408,-0.221047,0.477293,-0.177227
789,14.2904,0.538007,0,-0.419639,-0.132663,0.483935,0.436468,0.227871,0.410103,-0.419639,-0.132663,0.435542,-0.142155
790,14.3085,0.455346,0,-0.357094,-0.0679946,0.423562,0.394549,0.166868,0.380053,-0.357094,-0.0679946,0.381206,-0.105876
791,14.3266,0.38393,0,-0.297896,-0.0268178,0.3579,0.350441,0.119598,0.337183,-0.297896,-0.0268178,0.32211,-0.0746319
792,14.3447,0.321144,0,-0.242118,-0.00237339,0.288158,0.307054,0.0859907,0.286594,-0.242118,-0.00237339,0.259342,-0.0488378
793,14.3628,0.2677,0,-0.193585,0.00940242,0.218584,0.266601,0.0644585,0.232288,-0.193585,0.00940242,0.196725,-0.0296201
794,14.3809,0.22319,1,-0.153242,0.0115884,0.155501,0.230533,0.0527517,0.177033,-0.153242,0.0115884,0.139951,-0.0166805
795,14.399,0.187102,1,-0.120898,0.00888547,0.0958373,0.19962,0.0485803,0.122554,-0.120898,0.00888547,0.0862536,-0.00811057
796,14.4172,0.15853,1,-0.0948168,0.0027657,0.0406546,0.174101,0.0499619,0.0698324,-0.0948168,0.0027657,0.0365891,-0.00269831
797,14.4353,0.137124,1,-0.0745821,-0.00347677,-0.00825669,0.153854,0.0553613,0.0193823,-0.0745821,-0.00347677,-0.00743102,0.000431061
798,14.4534,0.122679,1,-0.0591056,-0.0100026,-0.0540939,0.138545,0.0636994,-0.0285463,-0.0591056,-0.0100026,-0.0486845,0.00223808
799,14.4715,0.114804,1,-0.0476923,-0.0156049,-0.0999012,0.127742,0.0743011,-0.0738296,-0.0476923,-0.0156049,-0.0899111,0.00333517
800,14.4896,0.112892,1,-0.0401514,-0.0206435,-0.143136,0.121001,0.0868202,-0.116388,-0.0401514,-0.0206435,-0.128822,0.00402297
801,14.5077,0.115727,1,-0.0343091,-0.0264256,-0.18305,0.117922,0.101166,-0.156137,-0.0343091,-0.0264256,-0.164745,0.0043962
802,14.5258,0.121661,1,-0.0294823,-0.0304568,-0.219907,0.11818,0.117442,-0.192957,-0.0294823,-0.0304568,-0.197916,0.00453835
803,14.5439,0.131158,1,-0.0265174,-0.0343702,-0.253061,0.121541,0.135893,-0.226672,-0.0265174,-0.0343702,-0.227755,0.00469736
804,14.562,0.144107,1,-0.0251811,-0.0382232,-0.28557,0.127867,0.156871,-0.257022,-0.0251811,-0.0382232,-0.257013,0.00503367
805,14.5802,0.159886,1,-0.0248956,-0.0410701,-0.318505,0.13712,0.180801,-0.283644,-0.0248956,-0.0410701,-0.286655,0.00555057
806,14.5983,0.178682,1,-0.0249326,-0.0436505,-0.35083,0.149345,0.208148,-0.306032,-0.0249326,-0.0436505,-0.315747,0.00612298
807,14.6164,0.201748,1,-0.0258138,-0.0479861,-0.380453,0.164669,0.239382,-0.323504,-0.0258138,-0.0479861,-0.342407,0.00687465
808,14.6345,0.228623,1,-0.0269419,-0.0524379,-0.408959,0.183274,0.274926,-0.335151,-0.0269419,-0.0524379,-0.368063,0.00771271
809,14.6526,0.259817,0,-0.0284748,-0.0573756,-0.435252,0.205378,0.315069,-0.339795,-0.0284748,-0.0573756,-0.391727,0.00867562
810,14.6707,0.295871,0,-0.0308095,-0.062653,-0.460314,0.231189,0.35985,-0.335949,-0.0308095,-0.062653,-0.414283,0.00992744
811,14.6888,0.336897,0,-0.0339002,-0.0677793,-0.484387,0.260845,0.40887,-0.321811,-0.0339002,-0.0677793,-0.435948,0.0114946
812,14.7069,0.383495,0,-0.0375632,-0.0738346,-0.507322,0.294331,0.461057,-0.295325,-0.0375632,-0.0738346,-0.45659,0.0133396
813,14.7251,0.435434,0,-0.0416579,-0.081298,-0.527957,0.331352,0.514368,-0.254364,-0.0416579,-0.081298,-0.475161,0.0153955
814,14.7432,0.492735,0,-0.0464557,-0.0913128,-0.547191,0.371182,0.565492,-0.197118,-0.0464557,-0.0913128,-0.492472,0.0177941
815,14.7613,0.553833,0,-0.0521846,-0.103833,-0.564509,0.412491,0.609679,-0.122728,-0.0521846,-0.103833,-0.508058,0.0206211
816,14.7794,0.61676,0,-0.0594441,-0.118872,-0.580902,0.453205,0.640903,-0.0321661,-0.0594441,-0.118872,-0.522812,0.0241718
817,14.7975,0.678739,0,-0.0686444,-0.137515,-0.596377,0.490468,0.652611,0.0708208,-0.0686444,-0.137515,-0.536739,0.0286566
818,14.8156,0.735434,0,-0.079937,-0.160161,-0.609968,0.520812,0.639197,0.179155,-0.079937,-0.160161,-0.548971,0.0341313
819,14.8337,0.782466,0,-0.0938516,-0.1875,-0.621162,0.540629,0.597983,0.282836,-0.0938516,-0.1875,-0.559046,0.0408079
820,14.8518,0.816231,0,-0.110902,-0.220282,-0.630146,0.546894,0.530923,0.370702,-0.110902,-0.220282,-0.567131,0.0489192
821,14.87,0.834153,0,-0.131563,-0.259912,-0.635543,0.537963,0.44499,0.433232,-0.131563,-0.259912,-0.571989,0.0585298
822,14.8881,0.83592,0,-0.156696,-0.308322,-0.635756,0.514117,0.350642,0.465183,-0.156696,-0.308322,-0.57218,0.0697343
823,14.9062,0.821999,0,-0.186632,-0.366317,-0.626418,0.477582,0.258907,0.466724,-0.186632,-0.366317,-0.563776,0.0818367
824,14.9243,0.79614,0,-0.222226,-0.434178,-0.605355,0.431998,0.178515,0.442554,-0.222226,-0.434178,-0.544819,0.0941678
825,14.9424,0.76296,0,-0.264561,-0.512378,-0.56777,0.381582,0.114353,0.399717,-0.264561,-0.512378,-0.510993,0.105147
826,14.9605,0.729153,0,-0.314112,-0.600457,-0.511082,0.330304,0.0675371,0.345369,-0.314112,-0.600457,-0.459973,0.112376
827,14.9786,0.700228,0,-0.371201,-0.693929,-0.429898,0.281351,0.0365202,0.285348,-0.371201,-0.693929,-0.386908,0.111705
828,14.9967,0.679491,0,-0.43534,-0.782567,-0.316309,0.236906,0.0184211,0.223716,-0.43534,-0.782567,-0.284678,0.0963914
829,15.0148,0.670963,0,-0.502728,-0.856597,-0.165947,0.198197,0.0100742,0.162931,-0.502728,-0.856597,-0.149352,0.0583983
830,15.033,0.674553,0,-0.567257,-0.897301,0.0198394,0.165678,0.00864584,0.104289,-0.567257,-0.897301,0.0178554,-0.00787781
831,15.0511,0.685209,0,-0.622527,-0.881035,0.224111,0.139262,0.0118938,0.0483594,-0.622527,-0.881035,0.2017,-0.0976604
832,15.0692,0.699525,0,-0.660386,-0.803427,0.426847,0.11853,0.0182028,-0.00468456,-0.660386,-0.803427,0.384162,-0.197319
833,15.0873,0.702203,0,-0.672221,-0.659329,0.583956,0.102899,0.0265121,-0.0548537,-0.672221,-0.659329,0.52556,-0.274783
834,15.1054,0.6892,0,-0.648436,-0.478662,0.680101,0.0917441,0.0362052,-0.102224,-0.648436,-0.478662,0.612091,-0.308702
835,15.1235,0.660395,0,-0.596124,-0.289402,0.708682,0.0844738,0.0470025,-0.146878,-0.596124,-0.289402,0.637814,-0.295724
836,15.1416,0.61536,0,-0.520427,-0.124583,0.672021,0.0805779,0.0588709,-0.188874,-0.520427,-0.124583,0.604819,-0.244817
837,15.1597,0.562096,0,-0.433412,-0.00202584,0.595873,0.0796501,0.0719554,-0.228232,-0.433412,-0.00202584,0.536285,-0.180781
838,15.1779,0.507811,0,-0.343759,0.0780344,0.504998,0.0813969,0.0865315,-0.264928,-0.343759,0.0780344,0.454499,-0.121519
839,15.196,0.456324,0,-0.259869,0.121537,0.411737,0.0856377,0.102974,-0.29888,-0.259869,0.121537,0.370564,-0.0748984
840,15.2141,0.411259,0,-0.185128,0.143775,0.325774,0.0923002,0.121739,-0.329932,-0.185128,0.143775,0.293197,-0.0422168
841,15.2322,0.372252,0,-0.122135,0.148122,0.246908,0.101415,0.14335,-0.357838,-0.122135,0.148122,0.222217,-0.0211092
842,15.2503,0.340623,0,-0.0694391,0.148954,0.178463,0.113107,0.168395,-0.382225,-0.0694391,0.148954,0.160617,-0.00867463
843,15.2684,0.316185,0,-0.0266888,0.145211,0.120304,0.12759,0.197507,-0.402555,-0.0266888,0.145211,0.108273,-0.00224754
844,15.2865,0.295516,0,0.00620215,0.13788,0.0656095,0.145158,0.231341,-0.418069,0.00620215,0.13788,0.0590485,0.000284844
845,15.3046,0.27867,0,0.0325769,0.13453,0.0157064,0.166166,0.270531,-0.427721,0.0325769,0.13453,0.0141358,0.000358166
846,15.3228,0.266789,0,0.0544693,0.135444,-0.0270756,0.191015,0.315594,-0.430101,0.0544693,0.135444,-0.024368,-0.00103235
847,15.3409,0.258268,0,0.0731607,0.14047,-0.0665739,0.220101,0.366794,-0.423356,0.0731607,0.14047,-0.0599166,-0.00340942
848,15.359,0.255005,0,0.0896943,0.148273,-0.101501,0.253757,0.423896,-0.405142,0.0896943,0.148273,-0.0913509,-0.00637284
849,15.3771,0.259163,0,0.104547,0.157881,-0.13026,0.292141,0.485835,-0.372645,0.104547,0.157881,-0.117234,-0.0095328
850,15.3952,0.269547,0,0.11781,0.171095,-0.158461,0.335075,0.550253,-0.322784,0.11781,0.171095,-0.142615,-0.0130679
851,15.4133,0.288161,0,0.13076,0.187342,-0.182709,0.381825,0.612993,-0.252691,0.13076,0.187342,-0.164438,-0.0167237
852,15.4314,0.312682,0,0.145789,0.209166,-0.202915,0.430835,0.667719,-0.160632,0.145789,0.209166,-0.182624,-0.020708
853,15.4495,0.341462,0,0.163489,0.235979,-0.217709,0.47948,0.706011,-0.0473892,0.163489,0.235979,-0.195938,-0.0249151
854,15.4676,0.372751,0,0.182862,0.266251,-0.227704,0.523965,0.718432,0.082154,0.182862,0.266251,-0.204934,-0.0291469
855,15.4858,0.402416,0,0.204208,0.298847,-0.230466,0.559552,0.69689,0.217985,0.204208,0.298847,-0.20742,-0.0329441
856,15.5039,0.425031,0,0.227694,0.335047,-0.224635,0.581279,0.637932,0.345622,0.227694,0.335047,-0.202172,-0.0358036
857,15.522,0.43715,0,0.25316,0.372752,-0.209006,0.585126,0.545512,0.449212,0.25316,0.372752,-0.188106,-0.0370384
858,15.5401,0.436005,0,0.281592,0.412212,-0.181682,0.569254,0.43119,0.516308,0.281592,0.412212,-0.163514,-0.0358121
859,15.5582,0.422846,0,0.312809,0.452546,-0.141541,0.534732,0.310907,0.541895,0.312809,0.452546,-0.127387,-0.0309928
860,15.5763,0.402499,0,0.344925,0.489831,-0.0889601,0.48533,0.199836,0.529267,0.344925,0.489831,-0.0800641,-0.0214792
861,15.5944,0.380161,0,0.376778,0.518172,-0.0253899,0.426462,0.108206,0.487471,0.376778,0.518172,-0.0228509,-0.00669645
862,15.6125,0.360794,0,0.407441,0.534089,0.0472301,0.36383,0.0399713,0.427313,0.407441,0.534089,0.0425071,0.0134705
863,15.6307,0.348427,0,0.434039,0.53515,0.125728,0.302313,-0.00597381,0.358186,0.434039,0.53515,0.113155,0.0381995
864,15.6488,0.344442,0,0.454041,0.519606,0.206584,0.245408,-0.0335464,0.28668,0.454041,0.519606,0.185925,0.0656582
865,15.6669,0.345605,0,0.466096,0.482293,0.28181,0.195166,-0.0474981,0.216641,0.466096,0.482293,0.253629,0.0919454
866,15.685,0.349467,0,0.467332,0.427197,0.343268,0.152428,-0.0522056,0.149902,0.467332,0.427197,0.308941,0.112294
867,15.7031,0.353095,0,0.457117,0.361309,0.384278,0.117169,-0.0511596,0.0870688,0.457117,0.361309,0.34585,0.122962
868,15.7212,0.35406,0,0.436325,0.291855,0.403053,0.088824,-0.0468889,0.0281251,0.436325,0.291855,0.362748,0.123103
869,15.7393,0.350608,0,0.406845,0.224705,0.399811,0.066555,-0.0410877,-0.0271974,0.406845,0.224705,0.35983,0.113863
870,15.7574,0.343265,0,0.372024,0.166705,0.377741,0.0494313,-0.0348052,-0.0792276,0.372024,0.166705,0.339967,0.0983702
871,15.7756,0.333095,0,0.334085,0.121694,0.342611,0.0365467,-0.0286272,-0.128272,0.334085,0.121694,0.30835,0.0801228
872,15.7937,0.322267,0,0.295604,0.0866347,0.302365,0.0270847,-0.022825,-0.174588,0.295604,0.0866347,0.272128,0.0625661
873,15.8118,0.310373,0,0.25842,0.0626556,0.256898,0.0203478,-0.0174676,-0.218388,0.25842,0.0626556,0.231208,0.0464713
874,15.8299,0.298167,0,0.225013,0.0488068,0.208309,0.0157652,-0.0125003,-0.259844,0.225013,0.0488068,0.187478,0.0328105
875,15.848,0.286813,0,0.19564,0.0434192,0.159991,0.0128866,-0.00779685,-0.299099,0.19564,0.0434192,0.143992,0.0219104
876,15.8661,0.275698,0,0.170778,0.0417921,0.111601,0.0113705,-0.00319158,-0.336276,0.170778,0.0417921,0.100441,0.0133413
877,15.8842,0.265972,0,0.151052,0.0449412,0.0652258,0.0109692,0.00150252,-0.371481,0.151052,0.0449412,0.0587032,0.00689676
878,15.9023,0.257996,0,0.135906,0.0503997,0.0221425,0.0115156,0.00648622,-0.404806,0.135906,0.0503997,0.0199283,0.00210651
879,15.9204,0.251094,0,0.124473,0.058361,-0.0185446,0.01291,0.0119732,-0.436332,0.124473,0.058361,-0.0166901,-0.00161581
880,15.9386,0.244771,1,0.116594,0.0685076,-0.0575834,0.0151113,0.0181939,-0.466127,0.116594,0.0685076,-0.0518251,-0.00469971
881,15.9567,0.239011,1,0.112064,0.0804662,-0.0948402,0.0181297,0.0254027,-0.494243,0.112064,0.0804662,-0.0853562,-0.0074397
882,15.9748,0.234251,1,0.110811,0.0944334,-0.129471,0.0220225,0.0338878,-0.520715,0.110811,0.0944334,-0.116524,-0.0100428
883,15.9929,0.230571,1,0.112459,0.110524,-0.161182,0.026893,0.0439827,-0.545552,0.112459,0.110524,-0.145064,-0.0126884
884,16.011,0.227876,1,0.116883,0.128759,-0.189989,0.0328916,0.0560804,-0.568731,0.116883,0.128759,-0.17099,-0.0155445
885,16.0291,0.225597,1,0.124316,0.149645,-0.21686,0.0402194,0.0706484,-0.590183,0.124316,0.149645,-0.195174,-0.0188714
886,16.0472,0.224827,1,0.134637,0.173904,-0.239646,0.0491342,0.0882465,-0.609773,0.134637,0.173904,-0.215681,-0.0225856
887,16.0653,0.225664,1,0.147673,0.201698,-0.257696,0.0599584,0.109544,-0.627272,0.147673,0.201698,-0.231927,-0.0266383
888,16.0835,0.227794,1,0.163658,0.23308,-0.270949,0.0730892,0.135339,-0.642317,0.163658,0.23308,-0.243854,-0.0310401
889,16.1016,0.232135,1,0.182906,0.268617,-0.276949,0.0890091,0.166566,-0.654346,0.182906,0.268617,-0.249254,-0.035459
890,16.1197,0.238539,1,0.20562,0.308225,-0.274666,0.108296,0.2043,-0.662519,0.20562,0.308225,-0.247199,-0.0395337
891,16.1378,0.245845,1,0.231754,0.351332,-0.264376,0.131629,0.249728,-0.665588,0.231754,0.351332,-0.237939,-0.0428892
892,16.1559,0.254198,0,0.260921,0.396128,-0.24324,0.159783,0.30407,-0.661745,0.260921,0.396128,-0.218916,-0.0444265
893,16.174,0.263949,0,0.292892,0.441942,-0.208246,0.193607,0.368407,-0.648407,0.292892,0.441942,-0.187421,-0.0426954
894,16.1921,0.27299,0,0.327048,0.486341,-0.160412,0.233953,0.443351,-0.621991,0.327048,0.486341,-0.14437,-0.0367236
895,16.2102,0.27924,0,0.362353,0.52641,-0.100881,0.281541,0.528461,-0.577735,0.362353,0.52641,-0.0907928,-0.0255882
896,16.2284,0.282374,0,0.398109,0.559466,-0.0284606,0.336713,0.621318,-0.509719,0.398109,0.559466,-0.0256145,-0.00793129
897,16.2465,0.283396,0,0.432788,0.577354,0.0581496,0.399028,0.716238,-0.411436,0.432788,0.577354,0.0523346,0.0176165
898,16.2646,0.282007,0,0.462902,0.57464,0.154462,0.466673,0.802861,-0.277377,0.462902,0.57464,0.139016,0.0500505
899,16.2827,0.277385,0,0.483962,0.547509,0.25032,0.535782,0.865464,-0.106117,0.483962,0.547509,0.225288,0.0848015
900,16.3008,0.271158,0,0.493994,0.495429,0.336034,0.599933,0.884553,0.0953274,0.493994,0.495429,0.302431,0.116199
901,16.3189,0.263312,0,0.491467,0.425364,0.401585,0.650391,0.842446,0.307855,0.491467,0.425364,0.361427,0.138156
902,16.337,0.255712,0,0.475596,0.343204,0.439119,0.677675,0.732378,0.501353,0.475596,0.343204,0.395207,0.14619
903,16.3551,0.24692,1,0.447204,0.261215,0.447965,0.674476,0.56613,0.643623,0.447204,0.261215,0.403168,0.140232
904,16.3732,0.23439,1,0.409408,0.185775,0.436046,0.638671,0.372778,0.714048,0.409408,0.185775,0.392442,0.124965
905,16.3914,0.217892,1,0.366409,0.122644,0.404197,0.574525,0.186851,0.712411,0.366409,0.122644,0.363777,0.103671
906,16.4095,0.198684,1,0.321532,0.0742303,0.359245,0.491136,0.0340892,0.655976,0.321532,0.0742303,0.323321,0.0808561
907,16.4276,0.178841,1,0.275989,0.040643,0.309033,0.399191,-0.0752937,0.568518,0.275989,0.040643,0.278129,0.0597027
908,16.4457,0.162172,1,0.234351,0.0188289,0.253687,0.307991,-0.144087,0.470331,0.234351,0.0188289,0.228318,0.0416162
909,16.4638,0.149555,1,0.198165,0.00705457,0.198497,0.223942,-0.18157,0.374158,0.198165,0.00705457,0.178648,0.0275347
910,16.4819,0.142491,1,0.165932,0.00217413,0.142488,0.150445,-0.198086,0.2859,0.165932,0.00217413,0.12824,0.0165504
911,16.5,0.140155,1,0.139578,0.00365563,0.0891602,0.0885418,-0.202294,0.207102,0.139578,0.00365563,0.0802442,0.00871136
912,16.5181,0.141875,1,0.119539,0.0097107,0.0396154,0.0377406,-0.200464,0.137195,0.119539,0.0097107,0.0356539,0.0033149
913,16.5363,0.145999,1,0.103797,0.0170839,-0.00728764,-0.00329367,-0.196744,0.074907,0.103797,0.0170839,-0.00655888,-0.000529504
914,16.5544,0.152279,1,0.091866,0.0255199,-0.0523953,-0.0362495,-0.193707,0.0189666,0.091866,0.0255199,-0.0471558,-0.00336935
915,16.5725,0.16066,1,0.0834711,0.0352383,-0.0948001,-0.0628692,-0.192862,-0.0316378,0.0834711,0.0352383,-0.0853201,-0.00553915
916,16.5906,0.171113,1,0.0787538,0.0454857,-0.134475,-0.0847857,-0.195054,-0.0776071,0.0787538,0.0454857,-0.121028,-0.0074133
917,16.6087,0.184063,1,0.0771235,0.0570755,-0.169988,-0.103449,-0.200739,-0.119364,0.0771235,0.0570755,-0.152989,-0.00917706
918,16.6268,0.200402,1,0.078498,0.070877,-0.202417,-0.120107,-0.210166,-0.157103,0.078498,0.070877,-0.182175,-0.0111225
919,16.6449,0.220248,1,0.0822081,0.0865246,-0.234161,-0.135819,-0.223498,-0.190823,0.0822081,0.0865246,-0.210745,-0.0134749
920,16.663,0.243733,1,0.0881443,0.104001,-0.263482,-0.151475,-0.240874,-0.220354,0.0881443,0.104001,-0.237134,-0.0162571
921,16.6812,0.271534,0,0.0960635,0.124287,-0.289997,-0.167834,-0.262439,-0.245355,0.0960635,0.124287,-0.260997,-0.0195007
922,16.6993,0.304253,0,0.106271,0.147837,-0.313309,-0.18554,-0.28834,-0.265303,0.106271,0.147837,-0.281978,-0.023307
923,16.7174,0.342206,0,0.119054,0.174714,-0.331933,-0.205148,-0.318699,-0.279469,0.119054,0.174714,-0.29874,-0.0276626
924,16.7355,0.38612,0,0.134668,0.205816,-0.345953,-0.227126,-0.353544,-0.286895,0.134668,0.205816,-0.311358,-0.0326123
925,16.7536,0.436964,0,0.154354,0.242105,-0.355802,-0.251846,-0.392713,-0.286374,0.154354,0.242105,-0.320221,-0.0384435
926,16.7717,0.49432,0,0.177476,0.283492,-0.359705,-0.279554,-0.435708,-0.276459,0.177476,0.283492,-0.323735,-0.0446875
927,16.7898,0.557995,0,0.204435,0.330363,-0.355376,-0.310316,-0.481508,-0.255523,0.204435,0.330363,-0.319838,-0.0508557
928,16.8079,0.626854,0,0.235587,0.382313,-0.338932,-0.343935,-0.528344,-0.221912,0.235587,0.382313,-0.305038,-0.0558934
929,16.826,0.699795,0,0.271175,0.439941,-0.30946,-0.379841,-0.573486,-0.174243,0.271175,0.439941,-0.278514,-0.0587425
930,16.8442,0.772967,0,0.311222,0.500078,-0.263385,-0.41697,-0.613123,-0.111873,0.311222,0.500078,-0.237047,-0.05738
931,16.8623,0.840199,0,0.353731,0.557316,-0.19804,-0.453668,-0.642477,-0.0355457,0.353731,0.557316,-0.178236,-0.0490371
932,16.8804,0.896138,0,0.398338,0.607089,-0.115358,-0.48766,-0.656323,0.0519331,0.398338,0.607089,-0.103822,-0.032166
933,16.8985,0.933477,0,0.443639,0.641646,-0.0113982,-0.516171,-0.650007,0.145244,0.443639,0.641646,-0.0102584,-0.0035397
934,16.9166,0.945859,0,0.485202,0.65348,0.107603,-0.536247,-0.620848,0.236736,0.485202,0.65348,0.0968427,0.0365465
935,16.9347,0.927663,0,0.517474,0.632506,0.230924,-0.545279,-0.569464,0.317518,0.517474,0.632506,0.207832,0.083648
936,16.9528,0.881012,0,0.537,0.578678,0.348929,-0.541602,-0.50032,0.379377,0.537,0.578678,0.314036,0.131162
937,16.9709,0.810544,0,0.539935,0.493352,0.446229,-0.524976,-0.421001,0.416816,0.539935,0.493352,0.401606,0.168654
938,16.9891,0.725491,0,0.52545,0.386344,0.506381,-0.49673,-0.340336,0.428301,0.52545,0.386344,0.455743,0.186255
939,17.0072,0.635879,0,0.493201,0.275514,0.52554,-0.45949,-0.266188,0.416146,0.493201,0.275514,0.472986,0.181438
940,17.0253,0.549447,0,0.447203,0.174256,0.513714,-0.416612,-0.203888,0.385229,0.447203,0.174256,0.462343,0.160814
941,17.0434,0.469545,0,0.392324,0.088552,0.476388,-0.371527,-0.155784,0.341303,0.392324,0.088552,0.428749,0.130829
942,17.0615,0.398818,0,0.334954,0.02585,0.419653,-0.327228,-0.121732,0.289644,0.334954,0.02585,0.377688,0.0983951
943,17.0796,0.336719,0,0.277985,-0.0163414,0.357173,-0.285975,-0.100028,0.234354,0.277985,-0.0163414,0.321456,0.0695022
944,17.0977,0.282379,0,0.225007,-0.0419997,0.288521,-0.249237,-0.0883081,0.178238,0.225007,-0.0419997,0.259669,0.0454435
945,17.1158,0.236608,1,0.178642,-0.0555545,0.222924,-0.21778,-0.0841866,0.123023,0.178642,-0.0555545,0.200632,0.0278766
946,17.134,0.1985,1,0.138629,-0.0595552,0.160922,-0.191826,-0.0856147,0.06967,0.138629,-0.0595552,0.14483,0.0156159
947,17.1521,0.168647,1,0.106518,-0.0582219,0.10297,-0.171227,-0.091014,0.0186635,0.106518,-0.0582219,0.0926726,0.00767766
948,17.1702,0.146627,1,0.0813017,-0.0532479,0.0492577,-0.155623,-0.0992807,-0.029773,0.0813017,-0.0532479,0.0443319,0.00280331
949,17.1883,0.130555,1,0.0602796,-0.0492917,-0.00122276,-0.144558,-0.109727,-0.0755407,0.0602796,-0.0492917,-0.00110049,-5.15953e-05
950,17.2064,0.120383,1,0.0434731,-0.0440168,-0.0506109,-0.137566,-0.122,-0.118583,0.0434731,-0.0440168,-0.0455498,-0.00154015
951,17.2245,0.115882,1,0.0304304,-0.0393309,-0.0969717,-0.134228,-0.136008,-0.158836,0.0304304,-0.0393309,-0.0872745,-0.00206562
952,17.2426,0.117497,1,0.0216389,-0.0344062,-0.138453,-0.134205,-0.151854,-0.196204,0.0216389,-0.0344062,-0.124607,-0.00209717
953,17.2607,0.123252,1,0.0157873,-0.0301924,-0.178897,-0.137248,-0.169789,-0.230533,0.0157873,-0.0301924,-0.161007,-0.00197701
954,17.2788,0.132915,1,0.011458,-0.0255123,-0.21727,-0.143214,-0.190167,-0.261593,0.011458,-0.0255123,-0.195543,-0.00174264
955,17.297,0.145853,1,0.00839755,-0.0215637,-0.25348,-0.152055,-0.213422,-0.28905,0.00839755,-0.0215637,-0.228132,-0.00149003
956,17.3151,0.161718,1,0.00614048,-0.0187092,-0.288194,-0.163815,-0.240036,-0.312439,0.00614048,-0.0187092,-0.259375,-0.00123876
957,17.3332,0.181358,1,0.00470374,-0.0156476,-0.320709,-0.178622,-0.27051,-0.331119,0.00470374,-0.0156476,-0.288638,-0.00105597
958,17.3513,0.205458,1,0.0047637,-0.012014,-0.350694,-0.196668,-0.30531,-0.344234,0.0047637,-0.012014,-0.315625,-0.00116942
959,17.3694,0.23408,1,0.00563208,-0.00793357,-0.379074,-0.218186,-0.344799,-0.350655,0.00563208,-0.00793357,-0.341166,-0.00149448
960,17.3875,0.267996,0,0.00720104,-0.00272271,-0.406819,-0.243414,-0.389126,-0.34894,0.00720104,-0.00272271,-0.366137,-0.00205066
961,17.4056,0.307871,0,0.00962356,0.00408501,-0.433491,-0.272543,-0.438051,-0.337307,0.00962356,0.00408501,-0.390141,-0.00292021
962,17.4237,0.353915,0,0.0131489,0.0124865,-0.458372,-0.305629,-0.490714,-0.313674,0.0131489,0.0124865,-0.412535,-0.00421897
963,17.4419,0.405825,0,0.0175925,0.0221907,-0.481575,-0.342483,-0.545333,-0.275797,0.0175925,0.0221907,-0.433418,-0.00593048
964,17.46,0.463135,0,0.0228206,0.0335087,-0.503171,-0.382513,-0.598876,-0.22161,0.0228206,0.0335087,-0.452854,-0.00803786
965,17.4781,0.524856,0,0.0291525,0.0467597,-0.523343,-0.424547,-0.646819,-0.149812,0.0291525,0.0467597,-0.471008,-0.0106797
966,17.4962,0.588964,0,0.0368044,0.0622843,-0.541822,-0.466667,-0.68318,-0.0607455,0.0368044,0.0622843,-0.48764,-0.013959
967,17.5143,0.652788,0,0.0462196,0.0810111,-0.55875,-0.506121,-0.701111,0.0425825,0.0462196,0.0810111,-0.502875,-0.0180777
968,17.5324,0.712655,0,0.0580089,0.10407,-0.573846,-0.539434,-0.694261,0.153725,0.0580089,0.10407,-0.516462,-0.0233018
969,17.5505,0.763635,0,0.0725362,0.131765,-0.586084,-0.562815,-0.658803,0.262884,0.0725362,0.131765,-0.527476,-0.0297586
970,17.5686,0.801379,0,0.0899232,0.164797,-0.59519,-0.572866,-0.595448,0.358417,0.0899232,0.164797,-0.535671,-0.037465
971,17.5868,0.823113,0,0.11081,0.204195,-0.6009,-0.567441,-0.510312,0.429634,0.11081,0.204195,-0.54081,-0.0466101
972,17.6049,0.828063,0,0.135439,0.252749,-0.601633,-0.546326,-0.413775,0.469819,0.135439,0.252749,-0.541469,-0.057039
973,17.623,0.817475,0,0.165492,0.311104,-0.5951,-0.511402,-0.317587,0.477914,0.165492,0.311104,-0.53559,-0.0689392
974,17.6411,0.794252,0,0.201401,0.380137,-0.577604,-0.46621,-0.231634,0.458032,0.201401,0.380137,-0.519844,-0.0814309
975,17.6592,0.762498,0,0.244625,0.460111,-0.542942,-0.41509,-0.161913,0.417303,0.244625,0.460111,-0.488648,-0.0929718
976,17.6773,0.728969,0,0.296115,0.55061,-0.487443,-0.362292,-0.110285,0.363384,0.296115,0.55061,-0.438699,-0.101037
977,17.6954,0.699101,0,0.355569,0.646607,-0.404399,-0.311318,-0.0755152,0.302727,0.355569,0.646607,-0.363959,-0.100654
978,17.7135,0.674963,0,0.419982,0.73298,-0.28693,-0.264639,-0.0547108,0.239909,0.419982,0.73298,-0.258237,-0.084354
979,17.7316,0.663823,0,0.487967,0.803283,-0.133315,-0.223694,-0.0445203,0.177736,0.487967,0.803283,-0.119984,-0.0455374
980,17.7498,0.666684,0,0.552696,0.841093,0.0580018,-0.189073,-0.0418685,0.117696,0.552696,0.841093,0.0522016,0.0224402
981,17.7679,0.677995,0,0.606321,0.821154,0.264518,-0.160753,-0.0442841,0.0604428,0.606321,0.821154,0.238066,0.112268
982,17.786,0.686874,0,0.640541,0.727529,0.458109,-0.138333,-0.049963,0.00616876,0.640541,0.727529,0.412298,0.205406
983,17.8041,0.687861,0,0.64516,0.573725,0.613206,-0.121213,-0.0577001,-0.0451501,0.64516,0.573725,0.551886,0.276931
984,17.8222,0.674609,0,0.618237,0.390286,0.698786,-0.108732,-0.0667736,-0.0936168,0.618237,0.390286,0.628907,0.302411
985,17.8403,0.647073,0,0.563779,0.205196,0.718345,-0.100254,-0.0768274,-0.139344,0.563779,0.205196,0.646511,0.283492
986,17.8584,0.605083,0,0.486111,0.0434141,0.67968,-0.0952174,-0.0877716,-0.182425,0.486111,0.0434141,0.611712,0.23128
987,17.8765,0.552103,0,0.397245,-0.0769771,0.597714,-0.0931679,-0.0997066,-0.222915,0.397245,-0.0769771,0.537943,0.166207
988,17.8947,0.497307,0,0.307959,-0.150194,0.5002,-0.093764,-0.11287,-0.260831,0.307959,-0.150194,0.45018,0.107829
989,17.9128,0.447173,0,0.221572,-0.193169,0.406886,-0.0967791,-0.127601,-0.29614,0.221572,-0.193169,0.366198,0.0631082
990,17.9309,0.402831,0,0.14675,-0.213878,0.319365,-0.102097,-0.144322,-0.328751,0.14675,-0.213878,0.287428,0.0328068
991,17.949,0.364492,0,0.0860436,-0.218602,0.239175,-0.109707,-0.163526,-0.358496,0.0860436,-0.218602,0.215258,0.0144056
992,17.9671,0.33435,0,0.0338315,-0.218999,0.172291,-0.119694,-0.185773,-0.385109,0.0338315,-0.218999,0.155062,0.00408022
993,17.9852,0.309713,0,-0.00843795,-0.214849,0.113761,-0.132237,-0.211684,-0.408187,-0.00843795,-0.214849,0.102385,-0.000671936
994,18.0033,0.288445,0,-0.0414726,-0.20961,0.0599779,-0.147599,-0.24193,-0.427151,-0.0414726,-0.20961,0.0539801,-0.00174121
995,18.0214,0.270092,0,-0.0679987,-0.20783,0.0109367,-0.16612,-0.277206,-0.441179,-0.0679987,-0.20783,0.009843,-0.000520576
996,18.0396,0.255382,0,-0.0909673,-0.211774,-0.0309453,-0.188201,-0.318179,-0.449136,-0.0909673,-0.211774,-0.0278508,0.00197051
997,18.0577,0.243412,1,-0.109986,-0.21677,-0.068983,-0.214285,-0.36539,-0.449485,-0.109986,-0.21677,-0.0620847,0.005311
998,18.0758,0.235543,1,-0.126688,-0.224478,-0.101654,-0.244806,-0.419088,-0.440204,-0.126688,-0.224478,-0.0914884,0.00901483
999,18.0939,0.230041,1,-0.142713,-0.238797,-0.13203,-0.280117,-0.478964,-0.41873,-0.142713,-0.238797,-0.118827,0.0131897
1000,18.112,0.229921,1,-0.158255,-0.256324,-0.15909,-0.320371,-0.543763,-0.381998,-0.158255,-0.256324,-0.143181,0.0176238
1001,18.1301,0.2373,1,-0.174662,-0.276861,-0.181484,-0.365336,-0.610771,-0.326681,-0.174662,-0.276861,-0.163335,0.0221888
1002,18.1482,0.252594,0,-0.19227,-0.301718,-0.198252,-0.414149,-0.675251,-0.249767,-0.19227,-0.301718,-0.178427,0.0266825
1003,18.1663,0.275338,0,-0.211281,-0.330555,-0.208323,-0.465022,-0.730061,-0.149643,-0.211281,-0.330555,-0.187491,0.0308103
1004,18.1844,0.30265,0,-0.232662,-0.364218,-0.211422,-0.514981,-0.765874,-0.0276834,-0.232662,-0.364218,-0.19028,0.0344329
1005,18.2026,0.332012,0,-0.256334,-0.401526,-0.207697,-0.559793,-0.772559,0.110021,-0.256334,-0.401526,-0.186927,0.0372678
1006,18.2207,0.359925,0,-0.282866,-0.440702,-0.196433,-0.594295,-0.742027,0.251735,-0.282866,-0.440702,-0.17679,0.038895
1007,18.2388,0.380751,0,-0.312119,-0.480944,-0.17347,-0.613278,-0.671938,0.381271,-0.312119,-0.480944,-0.156123,0.0379004
1008,18.2569,0.390622,0,-0.343156,-0.520418,-0.136743,-0.612824,-0.568377,0.481914,-0.343156,-0.520418,-0.123069,0.0328469
1009,18.275,0.389021,0,-0.375103,-0.555583,-0.086661,-0.591602,-0.445289,0.541809,-0.375103,-0.555583,-0.0779949,0.0227547
1010,18.2931,0.378167,0,-0.406684,-0.5819,-0.0249098,-0.551467,-0.320186,0.557821,-0.406684,-0.5819,-0.0224188,0.00709129
1011,18.3112,0.362147,0,-0.436628,-0.597344,0.0471147,-0.496987,-0.208393,0.535505,-0.436628,-0.597344,0.0424032,-0.0144001
1012,18.3293,0.346921,0,-0.462725,-0.598545,0.124509,-0.434139,-0.119109,0.485598,-0.462725,-0.598545,0.112058,-0.0403296
1013,18.3475,0.3353,0,-0.48244,-0.581111,0.201948,-0.368844,-0.0548081,0.419616,-0.48244,-0.581111,0.181753,-0.0681994
1014,18.3656,0.328001,0,-0.493481,-0.543959,0.270933,-0.305904,-0.0131051,0.34685,-0.493481,-0.543959,0.24384,-0.0935903
1015,18.3837,0.325463,0,-0.494685,-0.493463,0.328128,-0.248565,0.0107272,0.273391,-0.494685,-0.493463,0.295316,-0.113624
1016,18.4018,0.325642,0,-0.485971,-0.432813,0.372381,-0.198568,0.0218048,0.202527,-0.485971,-0.432813,0.335143,-0.126677
1017,18.4199,0.325696,0,-0.467487,-0.368267,0.394817,-0.156464,0.024572,0.135634,-0.467487,-0.368267,0.355335,-0.1292
1018,18.438,0.321238,0,-0.440137,-0.303661,0.392426,-0.121993,0.0224368,0.0730111,-0.440137,-0.303661,0.353183,-0.120905
1019,18.4561,0.3129,0,-0.406775,-0.245342,0.370709,-0.0944221,0.017794,0.0144564,-0.406775,-0.245342,0.333638,-0.105556
1020,18.4742,0.302665,0,-0.369636,-0.196825,0.337767,-0.0727975,0.012207,-0.0404004,-0.369636,-0.196825,0.30399,-0.0873955
1021,18.4924,0.291887,0,-0.330496,-0.159985,0.298639,-0.0561161,0.00662056,-0.0919405,-0.330496,-0.159985,0.268775,-0.0690893
1022,18.5105,0.281065,0,-0.293716,-0.135901,0.253783,-0.0434281,0.00155049,-0.140495,-0.293716,-0.135901,0.228405,-0.0521781
1023,18.5286,0.270772,0,-0.260508,-0.12251,0.206422,-0.0338907,-0.002768,-0.186336,-0.260508,-0.12251,0.18578,-0.0376423
1024,18.5467,0.261032,0,-0.231589,-0.116383,0.158064,-0.0267886,-0.00627128,-0.229681,-0.231589,-0.116383,0.142257,-0.025624
1025,18.5648,0.252626,0,-0.207455,-0.116078,0.110639,-0.0215346,-0.00899188,-0.270708,-0.207455,-0.116078,0.0995749,-0.0160668
1026,18.5829,0.245695,1,-0.188474,-0.120689,0.0644532,-0.0176587,-0.0110087,-0.309566,-0.188474,-0.120689,0.0580079,-0.00850341
1027,18.601,0.240487,1,-0.173221,-0.12699,0.0214117,-0.0147925,-0.0124157,-0.346385,-0.173221,-0.12699,0.0192706,-0.00259627
1028,18.6191,0.235919,1,-0.16161,-0.134406,-0.0205585,-0.0126509,-0.0133039,-0.381279,-0.16161,-0.134406,-0.0185027,0.00232572
1029,18.6372,0.233736,1,-0.154107,-0.14609,-0.0595173,-0.011016,-0.0137511,-0.414354,-0.154107,-0.14609,-0.0535656,0.00642043
1030,18.6554,0.233862,1,-0.150267,-0.160757,-0.0953774,-0.00972221,-0.0138179,-0.445707,-0.150267,-0.160757,-0.0858397,0.0100325
1031,18.6735,0.235973,1,-0.150507,-0.176824,-0.128636,-0.00864274,-0.0135456,-0.475427,-0.150507,-0.176824,-0.115772,0.0135524
1032,18.6916,0.239337,1,-0.153664,-0.193953,-0.160416,-0.0076797,-0.0129567,-0.5036,-0.153664,-0.193953,-0.144374,0.0172551
1033,18.7097,0.244718,1,-0.159346,-0.213126,-0.189795,-0.00675525,-0.012055,-0.530305,-0.159346,-0.213126,-0.170815,0.0211701
1034,18.7278,0.253284,0,-0.167159,-0.234642,-0.214546,-0.00580464,-0.0108264,-0.555617,-0.167159,-0.234642,-0.193092,0.0251043
1035,18.7459,0.265309,0,-0.17763,-0.258809,-0.234642,-0.00477062,-0.00923864,-0.579607,-0.17763,-0.258809,-0.211178,0.0291757
1036,18.764,0.281915,0,-0.190865,-0.286758,-0.248462,-0.00359872,-0.00724066,-0.60234,-0.190865,-0.286758,-0.223616,0.0331959
1037,18.7821,0.303293,0,-0.207345,-0.318934,-0.256203,-0.0022332,-0.00476079,-0.623877,-0.207345,-0.318934,-0.230583,0.0371857
1038,18.8003,0.329548,0,-0.22743,-0.355831,-0.258326,-0.000613285,-0.00170412,-0.644273,-0.22743,-0.355831,-0.232494,0.0411258
1039,18.8184,0.36094,0,-0.250809,-0.39644,-0.253134,0.00133044,0.00205141,-0.663577,-0.250809,-0.39644,-0.227821,0.0444419
1040,18.8365,0.397813,0,-0.277585,-0.440214,-0.239159,0.00367991,0.00666038,-0.681831,-0.277585,-0.440214,-0.215243,0.0464708
1041,18.8546,0.440724,0,-0.308109,-0.486439,-0.214346,0.00653377,0.0123167,-0.699068,-0.308109,-0.486439,-0.192911,0.0462294
1042,18.8727,0.489498,0,-0.341861,-0.532104,-0.175859,0.0100123,0.0192627,-0.715308,-0.341861,-0.532104,-0.158273,0.0420836
1043,18.8908,0.543368,0,-0.377605,-0.574019,-0.122279,0.0142634,0.0277999,-0.730554,-0.377605,-0.574019,-0.110051,0.0323213
1044,18.9089,0.601109,0,-0.41341,-0.609132,-0.0538146,0.0194692,0.038303,-0.744785,-0.41341,-0.609132,-0.0484332,0.0155733
1045,18.927,0.659842,0,-0.447078,-0.630462,0.0280553,0.025855,0.0512365,-0.757943,-0.447078,-0.630462,0.0252498,-0.00878005
1046,18.9452,0.717513,0,-0.477441,-0.634026,0.119759,0.0336996,0.0671751,-0.769919,-0.477441,-0.634026,0.107783,-0.0400245
1047,18.9633,0.76877,0,-0.500994,-0.614772,0.211682,0.0433472,0.0868263,-0.780525,-0.500994,-0.614772,0.190514,-0.074236
1048,18.9814,0.81082,0,-0.515543,-0.57342,0.295904,0.0552225,0.111057,-0.789456,-0.515543,-0.57342,0.266314,-0.106786
1049,18.9995,0.841014,0,-0.517681,-0.512075,0.365808,0.0698473,0.140917,-0.796227,-0.517681,-0.512075,0.329227,-0.13256
1050,19.0176,0.857124,0,-0.506702,-0.437434,0.41323,0.087858,0.177661,-0.800089,-0.506702,-0.437434,0.371907,-0.146569
1051,19.0357,0.858239,0,-0.483565,-0.357561,0.433236,0.110022,0.222748,-0.799897,-0.483565,-0.357561,0.389912,-0.146649
1052,19.0538,0.84614,0,-0.449773,-0.280575,0.427347,0.13725,0.277798,-0.793916,-0.449773,-0.280575,0.384612,-0.134547
1053,19.0719,0.82555,0,-0.409301,-0.214985,0.401679,0.170585,0.34447,-0.779566,-0.409301,-0.214985,0.361511,-0.115085
1054,19.09,0.799803,0,-0.36526,-0.162479,0.36165,0.211166,0.424166,-0.753085,-0.36526,-0.162479,0.325485,-0.0924673
1055,19.1082,0.774131,0,-0.321863,-0.126981,0.312521,0.260112,0.517455,-0.709165,-0.321863,-0.126981,0.281269,-0.0704124
1056,19.1263,0.753043,0,-0.281129,-0.104539,0.260721,0.31829,0.623034,-0.640697,-0.281129,-0.104539,0.234649,-0.0513073
1057,19.1444,0.738739,0,-0.244654,-0.0912722,0.206065,0.385869,0.736082,-0.539006,-0.244654,-0.0912722,0.185459,-0.0352903
1058,19.1625,0.735277,0,-0.213083,-0.0858088,0.150943,0.461616,0.846057,-0.39523,-0.213083,-0.0858088,0.135849,-0.0225143
1059,19.1806,0.745555,0,-0.187517,-0.0872325,0.0979607,0.541908,0.934735,-0.203833,-0.187517,-0.0872325,0.0881646,-0.0128585
1060,19.1987,0.766358,0,-0.166684,-0.0925656,0.0490593,0.619753,0.976601,0.0312899,-0.166684,-0.0925656,0.0441533,-0.00572417
1061,19.2168,0.790366,0,-0.150889,-0.10054,0.00139627,0.684531,0.944858,0.289931,-0.150889,-0.10054,0.00125664,-0.000147477
1062,19.2349,0.806404,0,-0.139031,-0.110666,-0.0426548,0.723562,0.824432,0.533873,-0.139031,-0.110666,-0.0383894,0.00415124
1063,19.2531,0.803248,0,-0.131254,-0.12188,-0.0834459,0.725992,0.625945,0.717497,-0.131254,-0.12188,-0.0751013,0.0076668
1064,19.2712,0.774932,0,-0.127535,-0.135439,-0.120435,0.687551,0.387462,0.808957,-0.127535,-0.135439,-0.108391,0.0107518
1065,19.2893,0.722521,0,-0.127584,-0.15038,-0.154322,0.612982,0.157646,0.806299,-0.127584,-0.15038,-0.13889,0.0137824
1066,19.3074,0.653814,0,-0.130793,-0.1686,-0.185807,0.514102,-0.0273051,0.734283,-0.130793,-0.1686,-0.167227,0.0170116
1067,19.3255,0.578404,0,-0.136501,-0.189231,-0.215322,0.404989,-0.154593,0.626844,-0.136501,-0.189231,-0.193789,0.0205741
1068,19.3436,0.503994,0,-0.144791,-0.211079,-0.240849,0.297601,-0.230113,0.511453,-0.144791,-0.211079,-0.216764,0.024411
1069,19.3617,0.435952,0,-0.15512,-0.234916,-0.261951,0.199754,-0.267832,0.403739,-0.15512,-0.234916,-0.235756,0.0284437
1070,19.3798,0.376791,0,-0.168825,-0.263128,-0.277644,0.115217,-0.281859,0.309625,-0.168825,-0.263128,-0.24988,0.0328112
1071,19.398,0.327041,0,-0.185967,-0.294847,-0.287675,0.0447944,-0.28311,0.229509,-0.185967,-0.294847,-0.258907,0.0374486
1072,19.4161,0.286727,0,-0.206309,-0.331302,-0.292693,-0.0124926,-0.278929,0.161542,-0.206309,-0.331302,-0.263424,0.0422697
1073,19.4342,0.255571,0,-0.23011,-0.372085,-0.292603,-0.0585005,-0.273842,0.103438,-0.23011,-0.372085,-0.263342,0.0471316
1074,19.4523,0.231215,1,-0.256898,-0.416247,-0.282964,-0.0953765,-0.270451,0.0532439,-0.256898,-0.416247,-0.254668,0.0508849
1075,19.4704,0.214402,1,-0.287018,-0.464689,-0.262268,-0.125228,-0.27015,0.00954651,-0.287018,-0.464689,-0.236041,0.0526929
1076,19.4885,0.206059,1,-0.320809,-0.514087,-0.229452,-0.14996,-0.273605,-0.0285557,-0.320809,-0.514087,-0.206507,0.0515272
1077,19.5066,0.205985,1,-0.356822,-0.561122,-0.181579,-0.171208,-0.28107,-0.0615482,-0.356822,-0.561122,-0.163421,0.045354
1078,19.5247,0.215462,1,-0.394951,-0.603432,-0.117262,-0.190336,-0.292563,-0.0895962,-0.394951,-0.603432,-0.105535,0.0324188
1079,19.5428,0.233532,1,-0.43266,-0.636115,-0.0373543,-0.20845,-0.307974,-0.112619,-0.43266,-0.636115,-0.0336189,0.0113132
1080,19.561,0.257765,0,-0.467849,-0.653216,0.0559162,-0.226426,-0.327099,-0.130338,-0.467849,-0.653216,0.0503245,-0.0183122
1081,19.5791,0.285217,0,-0.498108,-0.64896,0.158284,-0.244935,-0.349647,-0.142317,-0.498108,-0.64896,0.142456,-0.0551898
1082,19.5972,0.309328,0,-0.51934,-0.618175,0.255818,-0.264467,-0.375207,-0.147986,-0.51934,-0.618175,0.230236,-0.0929996
1083,19.6153,0.328535,0,-0.529767,-0.564332,0.341262,-0.285329,-0.403193,-0.146683,-0.529767,-0.564332,0.307136,-0.126553
1084,19.6334,0.341099,0,-0.526112,-0.489802,0.408243,-0.307646,-0.432772,-0.137711,-0.526112,-0.489802,0.367419,-0.150347
1085,19.6515,0.345056,0,-0.508676,-0.404555,0.447331,-0.331341,-0.462791,-0.12043,-0.508676,-0.404555,0.402597,-0.159282
1086,19.6696,0.340789,0,-0.478221,-0.318087,0.456383,-0.356106,-0.491709,-0.0943939,-0.478221,-0.318087,0.410745,-0.152776
1087,19.6877,0.331867,0,-0.4382,-0.240639,0.440938,-0.381371,-0.51759,-0.0595365,-0.4382,-0.240639,0.396844,-0.135253
1088,19.7059,0.321091,0,-0.392915,-0.175923,0.405387,-0.406287,-0.538161,-0.0163979,-0.392915,-0.175923,0.364848,-0.111498
1089,19.724,0.311472,0,-0.345759,-0.127477,0.357097,-0.429727,-0.551007,0.0336544,-0.345759,-0.127477,0.321388,-0.0864286
1090,19.7421,0.304474,0,-0.299439,-0.0967152,0.303506,-0.450345,-0.553899,0.0882767,-0.299439,-0.0967152,0.273155,-0.0636171
1091,19.7602,0.301649,0,-0.257588,-0.0777191,0.247508,-0.466685,-0.545241,0.144169,-0.257588,-0.0777191,0.222757,-0.0446286
1092,19.7783,0.302709,0,-0.220659,-0.0674172,0.190597,-0.477362,-0.524535,0.197339,-0.220659,-0.0674172,0.171537,-0.0294398
1093,19.7964,0.305087,0,-0.189579,-0.0655054,0.135703,-0.481283,-0.492698,0.243634,-0.189579,-0.0655054,0.122132,-0.0180084
1094,19.8145,0.307281,0,-0.164765,-0.068975,0.0832949,-0.477856,-0.452091,0.279412,-0.164765,-0.068975,0.0749654,-0.00960686
1095,19.8326,0.308473,0,-0.144798,-0.0756274,0.0332927,-0.467135,-0.406173,0.302189,-0.144798,-0.0756274,0.0299635,-0.00337449
1096,19.8508,0.307748,0,-0.129595,-0.08388,-0.01449,-0.449845,-0.358868,0.311005,-0.129595,-0.08388,-0.013041,0.00131448
1097,19.8689,0.304369,0,-0.118024,-0.091791,-0.0582304,-0.427278,-0.313852,0.306425,-0.118024,-0.091791,-0.0524073,0.00481082
1098,19.887,0.298087,0,-0.110384,-0.100628,-0.0996926,-0.401089,-0.273984,0.290187,-0.110384,-0.100628,-0.0897233,0.00770309
1099,19.9051,0.288816,0,-0.106462,-0.111632,-0.138329,-0.37305,-0.241045,0.264692,-0.106462,-0.111632,-0.124496,0.0103088
1100,19.9232,0.277425,0,-0.105793,-0.124592,-0.17425,-0.344835,-0.215751,0.232497,-0.105793,-0.124592,-0.156825,0.0129041
1101,19.9413,0.264976,0,-0.107703,-0.140531,-0.207993,-0.317862,-0.197989,0.195948,-0.107703,-0.140531,-0.187194,0.015681
1102,19.9594,0.251968,0,-0.111647,-0.157369,-0.238743,-0.293215,-0.187114,0.157,-0.111647,-0.157369,-0.214868,0.0186585
1103,19.9775,0.238679,1,-0.117999,-0.175454,-0.266566,-0.271641,-0.182234,0.117168,-0.117999,-0.175454,-0.239909,0.0220182
1104,19.9956,0.225369,1,-0.127212,-0.19692,-0.291462,-0.253581,-0.182426,0.0775841,-0.127212,-0.19692,-0.262316,0.0259542
1105,20.0138,0.211904,1,-0.139464,-0.222162,-0.312364,-0.239239,-0.186866,0.0390756,-0.139464,-0.222162,-0.281127,0.0304944
1106,20.0319,0.198248,1,-0.154394,-0.250907,-0.328276,-0.228646,-0.194896,0.00226339,-0.154394,-0.250907,-0.295449,0.0354788
1107,20.05,0.185183,1,-0.171928,-0.284196,-0.339429,-0.221726,-0.206044,-0.0323604,-0.171928,-0.284196,-0.305486,0.0408502
1108,20.0681,0.173014,1,-0.1928,-0.321214,-0.345272,-0.218349,-0.220009,-0.0643681,-0.1928,-0.321214,-0.310744,0.0465978
1109,20.0862,0.163,1,-0.216995,-0.363482,-0.345567,-0.218366,-0.236632,-0.0933476,-0.216995,-0.363482,-0.31101,0.0524903
1110,20.1043,0.155368,1,-0.244733,-0.411129,-0.337443,-0.221637,-0.255862,-0.118864,-0.244733,-0.411129,-0.303698,0.0578084
1111,20.1224,0.150735,1,-0.27651,-0.463093,-0.317761,-0.228046,-0.277705,-0.140432,-0.27651,-0.463093,-0.285985,0.0615049
1112,20.1405,0.150768,1,-0.312093,-0.518189,-0.283862,-0.237499,-0.302183,-0.15749,-0.312093,-0.518189,-0.255476,0.0620139
1113,20.1587,0.157178,1,-0.351236,-0.573581,-0.233918,-0.249921,-0.329275,-0.169383,-0.351236,-0.573581,-0.210527,0.0575124
1114,20.1768,0.170796,1,-0.393351,-0.625259,-0.164056,-0.265238,-0.358851,-0.17536,-0.393351,-0.625259,-0.147651,0.0451723
1115,20.1949,0.191425,1,-0.436605,-0.667643,-0.0761484,-0.28335,-0.390597,-0.17458,-0.436605,-0.667643,-0.0685336,0.0232728
1116,20.213,0.216288,1,-0.477573,-0.691924,0.0298662,-0.304092,-0.423921,-0.166147,-0.477573,-0.691924,0.0268796,-0.0099843
1117,20.2311,0.24353,1,-0.513548,-0.691375,0.148573,-0.327191,-0.457862,-0.14919,-0.513548,-0.691375,0.133715,-0.0534094
1118,20.2492,0.266813,0,-0.539715,-0.659662,0.264256,-0.352205,-0.490999,-0.122991,-0.539715,-0.659662,0.23783,-0.0998358
1119,20.2673,0.283969,0,-0.553278,-0.597916,0.366143,-0.378468,-0.521402,-0.0871796,-0.553278,-0.597916,0.329529,-0.141805
1120,20.2854,0.294188,0,-0.550463,-0.511025,0.445064,-0.40504,-0.546663,-0.0419895,-0.550463,-0.511025,0.400558,-0.171494
1121,20.3036,0.297348,0,-0.531264,-0.410543,0.492667,-0.430679,-0.564065,0.011458,-0.531264,-0.410543,0.4434,-0.183215
1122,20.3217,0.293076,0,-0.496884,-0.309774,0.504087,-0.453876,-0.570923,0.0709216,-0.496884,-0.309774,0.453678,-0.175331
1123,20.3398,0.284597,0,-0.450638,-0.220403,0.484647,-0.472948,-0.565096,0.132972,-0.450638,-0.220403,0.436182,-0.15288
1124,20.3579,0.276069,0,-0.398721,-0.146993,0.442442,-0.486227,-0.545572,0.193205,-0.398721,-0.146993,0.398198,-0.123488
1125,20.376,0.268905,0,-0.345063,-0.0939094,0.386979,-0.492312,-0.512954,0.246802,-0.345063,-0.0939094,0.348281,-0.0934726
1126,20.3941,0.263675,0,-0.292338,-0.0597429,0.326523,-0.490329,-0.469609,0.289334,-0.292338,-0.0597429,0.293871,-0.0668187
1127,20.4122,0.260373,0,-0.244334,-0.0387493,0.2636,-0.480136,-0.419359,0.317595,-0.244334,-0.0387493,0.23724,-0.0450844
1128,20.4303,0.257279,0,-0.202673,-0.0280104,0.2022,-0.462393,-0.366758,0.330157,-0.202673,-0.0280104,0.18198,-0.0286863
1129,20.4484,0.252838,0,-0.167291,-0.0255868,0.143619,-0.438461,-0.316197,0.327451,-0.167291,-0.0255868,0.129257,-0.0168183
1130,20.4666,0.246588,1,-0.138701,-0.028672,0.0879696,-0.410176,-0.27116,0.311392,-0.138701,-0.028672,0.0791726,-0.008541
1131,20.4847,0.238876,1,-0.116325,-0.0354934,0.0346334,-0.379554,-0.233831,0.284748,-0.116325,-0.0354934,0.0311701,-0.0028201
1132,20.5028,0.230088,1,-0.0988146,-0.042651,-0.0142304,-0.348516,-0.205098,0.250499,-0.0988146,-0.042651,-0.0128073,0.000984317
1133,20.5209,0.221078,1,-0.0852905,-0.0484762,-0.0598435,-0.318696,-0.184822,0.211373,-0.0852905,-0.0484762,-0.0538591,0.00357286
1134,20.539,0.212821,1,-0.0754908,-0.0538982,-0.104786,-0.291339,-0.172214,0.169604,-0.0754908,-0.0538982,-0.0943076,0.00553727
1135,20.5571,0.205122,1,-0.0688361,-0.0600822,-0.148035,-0.267289,-0.166188,0.126888,-0.0688361,-0.0600822,-0.133232,0.00713312
1136,20.5752,0.197581,1,-0.0644668,-0.0676288,-0.187915,-0.247034,-0.165629,0.0844457,-0.0644668,-0.0676288,-0.169123,0.00848
1137,20.5933,0.190594,1,-0.0624748,-0.0760605,-0.225026,-0.230782,-0.169548,0.0431363,-0.0624748,-0.0760605,-0.202524,0.00984092
1138,20.6115,0.184572,1,-0.0617628,-0.0846145,-0.259211,-0.218544,-0.177167,0.00357101,-0.0617628,-0.0846145,-0.23329,0.0112067
1139,20.6296,0.17979,1,-0.0629947,-0.09379,-0.291547,-0.210206,-0.187931,-0.0337891,-0.0629947,-0.09379,-0.262393,0.0128562
1140,20.6477,0.177224,1,-0.0658403,-0.103561,-0.323711,-0.205597,-0.201496,-0.0685589,-0.0658403,-0.103561,-0.29134,0.0149192
1141,20.6658,0.175309,1,-0.0705868,-0.116226,-0.353285,-0.20453,-0.217693,-0.100374,-0.0705868,-0.116226,-0.317956,0.017456
1142,20.6839,0.174315,1,-0.0770164,-0.131475,-0.380396,-0.206836,-0.236489,-0.128849,-0.0770164,-0.131475,-0.342357,0.0205077
1143,20.702,0.174798,1,-0.0854494,-0.148985,-0.405897,-0.212378,-0.257941,-0.153545,-0.0854494,-0.148985,-0.365307,0.0242786
1144,20.7201,0.176539,1,-0.0953549,-0.168805,-0.428599,-0.22106,-0.282146,-0.173942,-0.0953549,-0.168805,-0.385739,0.0286083
1145,20.7382,0.179521,1,-0.107172,-0.192678,-0.448876,-0.232821,-0.309193,-0.189415,-0.107172,-0.192678,-0.403988,0.0336749
1146,20.7564,0.183173,1,-0.121506,-0.220307,-0.465,-0.247622,-0.339096,-0.199216,-0.121506,-0.220307,-0.4185,0.0395502
1147,20.7745,0.187399,1,-0.138531,-0.252194,-0.476275,-0.265418,-0.371722,-0.202473,-0.138531,-0.252194,-0.428648,0.0461851
1148,20.7926,0.192091,1,-0.15874,-0.289345,-0.482271,-0.286131,-0.406692,-0.198196,-0.15874,-0.289345,-0.434044,0.0535891
1149,20.8107,0.197179,1,-0.182427,-0.33186,-0.482073,-0.309593,-0.443277,-0.185335,-0.182427,-0.33186,-0.433866,0.06156
1150,20.8288,0.201281,1,-0.210949,-0.382901,-0.473599,-0.335495,-0.480275,-0.162876,-0.210949,-0.382901,-0.426239,0.0699337
1151,20.8469,0.2037,1,-0.244486,-0.441942,-0.453885,-0.363312,-0.515908,-0.130018,-0.244486,-0.441942,-0.408496,0.0776779
1152,20.865,0.203672,1,-0.283373,-0.507512,-0.419563,-0.392234,-0.547773,-0.086434,-0.283373,-0.507512,-0.377607,0.0832249
1153,20.8831,0.200995,1,-0.327121,-0.578083,-0.367775,-0.421107,-0.572915,-0.032608,-0.327121,-0.578083,-0.330997,0.0842147
1154,20.9012,0.195061,1,-0.375925,-0.649627,-0.294381,-0.448419,-0.588087,0.0298149,-0.375925,-0.649627,-0.264943,0.0774657
1155,20.9194,0.185669,1,-0.429003,-0.716125,-0.194963,-0.472352,-0.590249,0.0977735,-0.429003,-0.716125,-0.175467,0.0585477
1156,20.9375,0.174918,1,-0.483706,-0.768304,-0.0682283,-0.490942,-0.577261,0.166801,-0.483706,-0.768304,-0.0614055,0.0231017
1157,20.9556,0.164377,1,-0.534216,-0.78811,0.0808344,-0.502334,-0.548614,0.231447,-0.534216,-0.78811,0.0727509,-0.0302281
1158,20.9737,0.157646,1,-0.575729,-0.765436,0.239049,-0.505111,-0.505909,0.286122,-0.575729,-0.765436,0.215144,-0.0963392
1159,20.9918,0.157751,1,-0.601585,-0.698875,0.385386,-0.498602,-0.452816,0.326178,-0.601585,-0.698875,0.346847,-0.162289
1160,21.0099,0.160511,1,-0.60746,-0.588955,0.503683,-0.483071,-0.39442,0.348845,-0.60746,-0.588955,0.453315,-0.214177
1161,21.028,0.164177,1,-0.588541,-0.454582,0.577788,-0.459703,-0.336147,0.353652,-0.588541,-0.454582,0.520009,-0.238036
1162,21.0461,0.166339,1,-0.547816,-0.314427,0.603383,-0.430397,-0.282683,0.34221,-0.547816,-0.314427,0.543045,-0.23138
1163,21.0643,0.164614,1,-0.490193,-0.189367,0.582829,-0.397429,-0.237256,0.317508,-0.490193,-0.189367,0.524546,-0.199989
1164,21.0824,0.1602,1,-0.422753,-0.0897715,0.52997,-0.36309,-0.201442,0.283065,-0.422753,-0.0897715,0.476973,-0.156833
1165,21.1005,0.153416,1,-0.352537,-0.0209779,0.457243,-0.329405,-0.175404,0.242238,-0.352537,-0.0209779,0.411519,-0.112837
1166,21.1186,0.147697,1,-0.284971,0.0217787,0.379009,-0.297965,-0.158352,0.197825,-0.284971,0.0217787,0.341108,-0.0756045
1167,21.1367,0.145463,1,-0.222516,0.0471611,0.302778,-0.269875,-0.14901,0.151938,-0.222516,0.0471611,0.2725,-0.047161
1168,21.1548,0.145227,1,-0.169219,0.0580519,0.231662,-0.245797,-0.145993,0.106067,-0.169219,0.0580519,0.208496,-0.0274411
1169,21.1729,0.146149,1,-0.124778,0.0593382,0.165244,-0.226027,-0.148037,0.0612108,-0.124778,0.0593382,0.14872,-0.0144331
1170,21.191,0.150541,1,-0.0868949,0.0573895,0.107177,-0.210604,-0.154122,0.0180364,-0.0868949,0.0573895,0.0964596,-0.00651921
1171,21.2092,0.155065,1,-0.0580104,0.0531725,0.0490795,-0.199398,-0.163507,-0.0229995,-0.0580104,0.0531725,0.0441716,-0.00199299
1172,21.2273,0.161251,1,-0.0359736,0.0485553,-0.00405928,-0.192194,-0.175712,-0.0615519,-0.0359736,0.0485553,-0.00365335,0.000102219
1173,21.2454,0.169742,1,-0.0179646,0.0445536,-0.0523259,-0.188751,-0.190489,-0.0973185,-0.0179646,0.0445536,-0.0470933,0.000658008
1174,21.2635,0.181961,1,-0.0030243,0.0445559,-0.0963306,-0.188845,-0.207768,-0.129992,-0.0030243,0.0445559,-0.0866975,0.000203933
1175,21.2816,0.196884,1,0.00952158,0.0464832,-0.13848,-0.192293,-0.227617,-0.15922,0.00952158,0.0464832,-0.124632,-0.000922985
1176,21.2997,0.213653,1,0.0195541,0.0483891,-0.177997,-0.198966,-0.250189,-0.184581,0.0195541,0.0483891,-0.160197,-0.0024364
1177,21.3178,0.234078,1,0.0285635,0.052855,-0.21579,-0.208792,-0.275679,-0.205547,0.0285635,0.052855,-0.194211,-0.00431459
1178,21.3359,0.258334,0,0.036537,0.0600471,-0.24926,-0.221745,-0.304271,-0.221464,0.036537,0.0600471,-0.224334,-0.00637506
1179,21.354,0.287607,0,0.0453102,0.0707973,-0.280942,-0.237832,-0.336071,-0.231527,0.0453102,0.0707973,-0.252848,-0.00891067
1180,21.3722,0.321591,0,0.0547291,0.0839749,-0.312345,-0.257066,-0.371027,-0.234765,0.0547291,0.0839749,-0.281111,-0.0119661
1181,21.3903,0.360582,0,0.0647225,0.100269,-0.341607,-0.279424,-0.408825,-0.230048,0.0647225,0.100269,-0.307446,-0.0154767
1182,21.4084,0.404922,0,0.0765586,0.120344,-0.366397,-0.304794,-0.448758,-0.216133,0.0765586,0.120344,-0.329757,-0.0196356
1183,21.4265,0.453836,0,0.0901802,0.143437,-0.387197,-0.332911,-0.489573,-0.191764,0.0901802,0.143437,-0.348477,-0.0244422
1184,21.4446,0.507398,0,0.106097,0.171027,-0.403971,-0.363265,-0.529332,-0.15587,0.106097,0.171027,-0.363574,-0.0300021
1185,21.4627,0.564623,0,0.124316,0.204215,-0.415291,-0.395018,-0.565321,-0.107874,0.124316,0.204215,-0.373762,-0.036139
1186,21.4808,0.62395,0,0.145525,0.243043,-0.421526,-0.42692,-0.594097,-0.0481022,0.145525,0.243043,-0.379374,-0.0429397
1187,21.4989,0.682506,0,0.170142,0.287544,-0.419864,-0.457274,-0.611774,0.0217472,0.170142,0.287544,-0.377877,-0.0500056
1188,21.5171,0.737794,0,0.199132,0.338823,-0.409018,-0.483993,-0.614618,0.0982418,0.199132,0.338823,-0.368116,-0.0570141
1189,21.5352,0.786677,0,0.233154,0.396741,-0.388365,-0.504769,-0.599928,0.176173,0.233154,0.396741,-0.349529,-0.0633842
1190,21.5533,0.82511,0,0.272142,0.460277,-0.354076,-0.517399,-0.566992,0.249051,0.272142,0.460277,-0.318669,-0.0674515
1191,21.5714,0.848825,0,0.315567,0.525816,-0.30138,-0.520192,-0.517739,0.310185,0.315567,0.525816,-0.271242,-0.0665739
1192,21.5895,0.856378,0,0.363597,0.590008,-0.226668,-0.512362,-0.456688,0.354083,0.363597,0.590008,-0.204001,-0.057691
1193,21.6076,0.846498,0,0.413733,0.64479,-0.126609,-0.494263,-0.390072,0.377656,0.413733,0.64479,-0.113948,-0.0366675
1194,21.6257,0.821412,0,0.462599,0.680955,-0.00470794,-0.467368,-0.324417,0.380702,0.462599,0.680955,-0.00423714,-0.00152452
1195,21.6438,0.784459,0,0.506418,0.687286,0.1318,-0.433977,-0.26516,0.365536,0.506418,0.687286,0.11862,0.0467222
1196,21.662,0.739097,0,0.540248,0.654155,0.273347,-0.396787,-0.215807,0.336004,0.540248,0.654155,0.246012,0.103373
1197,21.6801,0.689786,0,0.557229,0.582307,0.402143,-0.358448,-0.177802,0.296386,0.557229,0.582307,0.361929,0.15686
1198,21.6982,0.639237,0,0.556202,0.477728,0.497111,-0.321224,-0.15093,0.250568,0.556202,0.477728,0.4474,0.193546
1199,21.7163,0.586548,0,0.53325,0.353207,0.551308,-0.286826,-0.133943,0.201625,0.53325,0.353207,0.496177,0.205789
1200,21.7344,0.533704,0,0.491247,0.228666,0.564542,-0.256378,-0.12515,0.151758,0.491247,0.228666,0.508088,0.194131
1201,21.7525,0.4808,0,0.436257,0.119327,0.538663,-0.230487,-0.122844,0.102418,0.436257,0.119327,0.484797,0.164497
1202,21.7706,0.428486,0,0.37368,0.0329375,0.485502,-0.20936,-0.125544,0.0545151,0.37368,0.0329375,0.436952,0.126996
1203,21.7887,0.379923,0,0.309711,-0.0260625,0.419863,-0.192929,-0.132101,0.00860294,0.309711,-0.0260625,0.377876,0.0910253
1204,21.8068,0.33579,0,0.248197,-0.0631027,0.349621,-0.18096,-0.141711,-0.0349706,0.248197,-0.0631027,0.314659,0.0607425
1205,21.825,0.297546,0,0.193285,-0.0851726,0.279858,-0.173148,-0.153884,-0.07596,0.193285,-0.0851726,0.251872,0.0378647
1206,21.8431,0.264046,0,0.144932,-0.0947182,0.20999,-0.169178,-0.168385,-0.114153,0.144932,-0.0947182,0.188991,0.0213041
1207,21.8612,0.237272,1,0.103606,-0.0976,0.145691,-0.168771,-0.185187,-0.149323,0.103606,-0.0976,0.131122,0.0105662
1208,21.8793,0.219025,1,0.0702683,-0.0961743,0.090182,-0.171708,-0.204414,-0.181199,0.0702683,-0.0961743,0.0811638,0.00443586
1209,21.8974,0.206133,1,0.0435526,-0.0934692,0.0371722,-0.177843,-0.226296,-0.209431,0.0435526,-0.0934692,0.033455,0.00113326
1210,21.9155,0.198761,1,0.0221885,-0.0904293,-0.0124531,-0.187103,-0.251129,-0.233565,0.0221885,-0.0904293,-0.0112078,-0.000193422
1211,21.9336,0.196716,1,0.00559807,-0.0872948,-0.0601545,-0.199488,-0.279226,-0.253012,0.00559807,-0.0872948,-0.054139,-0.000235724
1212,21.9517,0.200209,1,-0.00754902,-0.0848993,-0.105351,-0.215048,-0.310865,-0.267013,-0.00754902,-0.0848993,-0.0948158,0.000556707
1213,21.9699,0.209678,1,-0.0178596,-0.0830448,-0.148227,-0.23387,-0.346217,-0.274616,-0.0178596,-0.0830448,-0.133404,0.00185309
1214,21.988,0.224516,1,-0.0262211,-0.0836013,-0.188531,-0.256035,-0.385251,-0.274647,-0.0262211,-0.0836013,-0.169678,0.00346045
1215,22.0061,0.244903,1,-0.0340108,-0.0854869,-0.225651,-0.281577,-0.427594,-0.265724,-0.0340108,-0.0854869,-0.203086,0.00537219
1216,22.0242,0.270761,0,-0.0402674,-0.0892829,-0.260515,-0.310411,-0.47237,-0.246305,-0.0402674,-0.0892829,-0.234463,0.00734317
1217,22.0423,0.301427,0,-0.0465124,-0.0948807,-0.292898,-0.342244,-0.517993,-0.214833,-0.0465124,-0.0948807,-0.263608,0.00953638
1218,22.0604,0.33616,0,-0.0531427,-0.102577,-0.323036,-0.376468,-0.561981,-0.170003,-0.0531427,-0.102577,-0.290732,0.0120169
1219,22.0785,0.373698,0,-0.0599651,-0.11365,-0.351258,-0.412042,-0.600842,-0.111184,-0.0599651,-0.11365,-0.316132,0.0147443
1220,22.0966,0.413272,0,-0.0676018,-0.126499,-0.377304,-0.447392,-0.630178,-0.039002,-0.0676018,-0.126499,-0.339573,0.0178545
1221,22.1148,0.453176,0,-0.0763691,-0.140913,-0.401648,-0.480377,-0.645137,0.0440434,-0.0763691,-0.140913,-0.361483,0.0214714
1222,22.1329,0.490193,0,-0.0866581,-0.158605,-0.423629,-0.508392,-0.64131,0.133151,-0.0866581,-0.158605,-0.381266,0.0256976
1223,22.151,0.521795,0,-0.0986286,-0.180076,-0.443408,-0.528643,-0.615993,0.221328,-0.0986286,-0.180076,-0.399068,0.0306129
1224,22.1691,0.545346,0,-0.112629,-0.205843,-0.460314,-0.538614,-0.569419,0.300314,-0.112629,-0.205843,-0.414283,0.0362912
1225,22.1872,0.558518,0,-0.128976,-0.236099,-0.472709,-0.536614,-0.505349,0.362254,-0.128976,-0.236099,-0.425438,0.0426775
1226,22.2053,0.559994,0,-0.148702,-0.272411,-0.479455,-0.522242,-0.430559,0.401588,-0.148702,-0.272411,-0.43151,0.0499072
1227,22.2234,0.550421,0,-0.172243,-0.315792,-0.479408,-0.496558,-0.353235,0.416309,-0.172243,-0.315792,-0.431467,0.0578022
1228,22.2415,0.532224,0,-0.200272,-0.366765,-0.471719,-0.461885,-0.280965,0.408045,-0.200272,-0.366765,-0.424547,0.0661306
1229,22.2596,0.50858,0,-0.233067,-0.42505,-0.454527,-0.421318,-0.219182,0.381021,-0.233067,-0.42505,-0.409074,0.0741548
1230,22.2778,0.482778,0,-0.271172,-0.489658,-0.424949,-0.378119,-0.170584,0.340543,-0.271172,-0.489658,-0.382454,0.0806642
1231,22.2959,0.458308,0,-0.31414,-0.559723,-0.378899,-0.335212,-0.135451,0.291689,-0.31414,-0.559723,-0.341009,0.0833191
1232,22.314,0.438302,0,-0.362055,-0.631039,-0.311794,-0.294878,-0.112451,0.23855,-0.362055,-0.631039,-0.280614,0.0790206
1233,22.3321,0.426806,0,-0.414527,-0.698974,-0.219453,-0.258659,-0.0994783,0.184031,-0.414527,-0.698974,-0.197508,0.0636784
1234,22.3502,0.427618,0,-0.469216,-0.755015,-0.101441,-0.227416,-0.0943002,0.129987,-0.469216,-0.755015,-0.0912973,0.0333186
1235,22.3683,0.439684,0,-0.521556,-0.785091,0.0429605,-0.20147,-0.0949339,0.0775072,-0.521556,-0.785091,0.0386645,-0.0156844
1236,22.3864,0.459313,0,-0.56599,-0.774816,0.197101,-0.180759,-0.0998127,0.0271788,-0.56599,-0.774816,0.177391,-0.0780901
1237,22.4045,0.48311,0,-0.596458,-0.721176,0.350536,-0.164994,-0.107815,-0.0206969,-0.596458,-0.721176,0.315482,-0.146356
1238,22.4227,0.502365,0,-0.608411,-0.622439,0.478261,-0.15377,-0.118224,-0.065963,-0.608411,-0.622439,0.430434,-0.203685
1239,22.4408,0.51314,0,-0.595743,-0.490027,0.56906,-0.146661,-0.130653,-0.108518,-0.595743,-0.490027,0.512154,-0.237309
1240,22.4589,0.511281,0,-0.55954,-0.34757,0.606656,-0.143271,-0.14498,-0.148263,-0.55954,-0.34757,0.54599,-0.237614
1241,22.477,0.496806,0,-0.506078,-0.21698,0.593214,-0.143275,-0.161283,-0.185067,-0.506078,-0.21698,0.533892,-0.210149
1242,22.4951,0.473642,0,-0.440168,-0.109759,0.544033,-0.146436,-0.179786,-0.218744,-0.440168,-0.109759,0.489629,-0.167626
1243,22.5132,0.44689,0,-0.368685,-0.0330177,0.475049,-0.152609,-0.200821,-0.249027,-0.368685,-0.0330177,0.427544,-0.1226
1244,22.5313,0.420472,0,-0.300473,0.0155816,0.397778,-0.161744,-0.224795,-0.275544,-0.300473,0.0155816,0.358,-0.0836652
1245,22.5494,0.397168,0,-0.236295,0.0443917,0.319786,-0.17388,-0.252155,-0.297783,-0.236295,0.0443917,0.287807,-0.0528948
1246,22.5676,0.378612,0,-0.180071,0.0580169,0.24479,-0.189127,-0.283349,-0.315057,-0.180071,0.0580169,0.220311,-0.0308556
1247,22.5857,0.36591,0,-0.133229,0.0604078,0.175891,-0.207657,-0.318772,-0.326457,-0.133229,0.0604078,0.158302,-0.0164036
1248,22.6038,0.361376,0,-0.0949109,0.0592666,0.115215,-0.229666,-0.358681,-0.330811,-0.0949109,0.0592666,0.103693,-0.00765461
1249,22.6219,0.362549,0,-0.0638071,0.0554614,0.057265,-0.255342,-0.403069,-0.32665,-0.0638071,0.0554614,0.0515385,-0.00255774
1250,22.64,0.371701,0,-0.0394042,0.0523429,0.00467601,-0.2848,-0.451494,-0.312206,-0.0394042,0.0523429,0.00420841,-0.000128978
1251,22.6581,0.387892,0,-0.020325,0.048517,-0.0430275,-0.317992,-0.502836,-0.285484,-0.020325,0.048517,-0.0387247,0.000612174
1252,22.6762,0.411345,0,-0.00524747,0.0457435,-0.0874214,-0.354593,-0.555017,-0.244455,-0.00524747,0.0457435,-0.0786793,0.000321119
1253,22.6943,0.441787,0,0.00671372,0.0446805,-0.129527,-0.393846,-0.604724,-0.187438,0.00671372,0.0446805,-0.116574,-0.000608724
1254,22.7124,0.477976,0,0.0161478,0.045009,-0.169727,-0.434405,-0.647271,-0.113734,0.0161478,0.045009,-0.152754,-0.0019185
1255,22.7306,0.51938,0,0.0251536,0.0486656,-0.20785,-0.474198,-0.67679,-0.0244706,0.0251536,0.0486656,-0.187065,-0.00365971
1256,22.7487,0.56136,0,0.0328084,0.0541404,-0.241304,-0.510411,-0.686992,0.0765194,0.0328084,0.0541404,-0.217174,-0.00554175
1257,22.7668,0.600896,0,0.0402902,0.062502,-0.272187,-0.539668,-0.672613,0.182215,0.0402902,0.062502,-0.244969,-0.00767653
1258,22.7849,0.635181,0,0.0486101,0.0741439,-0.303762,-0.558497,-0.631295,0.282873,0.0486101,0.0741439,-0.273386,-0.0103362
1259,22.803,0.659652,0,0.057513,0.0882002,-0.33383,-0.564029,-0.565152,0.367766,0.057513,0.0882002,-0.300447,-0.0134397
1260,22.8211,0.67105,0,0.0676698,0.104745,-0.359769,-0.554755,-0.481056,0.427853,0.0676698,0.104745,-0.323792,-0.0170419
1261,22.8392,0.668965,0,0.0794033,0.124228,-0.382237,-0.53102,-0.389111,0.458244,0.0794033,0.124228,-0.344014,-0.0212456
1262,22.8573,0.654747,0,0.0932065,0.147819,-0.400813,-0.495027,-0.299881,0.459202,0.0932065,0.147819,-0.360732,-0.0261509
1263,22.8755,0.630543,0,0.108964,0.176518,-0.414064,-0.45032,-0.221697,0.435277,0.108964,0.176518,-0.372657,-0.0315825
1264,22.8936,0.600853,0,0.127513,0.210909,-0.423336,-0.400973,-0.159222,0.393229,0.127513,0.210909,-0.381003,-0.0377867
1265,22.9117,0.568767,0,0.149172,0.250641,-0.4268,-0.350825,-0.11354,0.339922,0.149172,0.250641,-0.38412,-0.0445666
1266,22.9298,0.537698,0,0.174656,0.296498,-0.422639,-0.302957,-0.0831907,0.28098,0.174656,0.296498,-0.380375,-0.0516716
1267,22.9479,0.511273,0,0.204793,0.349341,-0.409424,-0.259488,-0.0654318,0.220343,0.204793,0.349341,-0.368482,-0.058693
1268,22.966,0.493015,0,0.239638,0.40932,-0.386164,-0.22162,-0.0572354,0.160424,0.239638,0.40932,-0.347548,-0.0647779
1269,22.9841,0.485074,0,0.279518,0.474876,-0.349056,-0.189809,-0.0558793,0.102519,0.279518,0.474876,-0.31415,-0.0682972
1270,23.0022,0.488285,0,0.324548,0.542161,-0.291847,-0.163984,-0.059201,0.0472199,0.324548,0.542161,-0.262662,-0.0663029
1271,23.0204,0.503816,0,0.373972,0.606316,-0.210039,-0.143754,-0.0656386,-0.00527065,0.373972,0.606316,-0.189035,-0.0549841
1272,23.0385,0.530647,0,0.424964,0.657944,-0.103706,-0.128566,-0.0741648,-0.054935,0.424964,0.657944,-0.0933358,-0.0308501
1273,23.0566,0.566177,0,0.473203,0.68825,0.0234934,-0.117822,-0.0841845,-0.101824,0.473203,0.68825,0.021144,0.00778199
1274,23.0747,0.605257,0,0.515574,0.685937,0.163724,-0.110959,-0.0954327,-0.145995,0.515574,0.685937,0.147352,0.0590883
1275,23.0928,0.641138,0,0.546111,0.642043,0.306057,-0.107491,-0.107887,-0.187483,0.546111,0.642043,0.275451,0.116999
1276,23.1109,0.668277,0,0.559814,0.560373,0.429356,-0.107033,-0.121704,-0.226286,0.559814,0.560373,0.38642,0.168252
1277,23.129,0.680369,0,0.553479,0.447795,0.516898,-0.109312,-0.13717,-0.262351,0.553479,0.447795,0.465208,0.200265
1278,23.1471,0.67555,0,0.525468,0.319647,0.561755,-0.114166,-0.154671,-0.295562,0.525468,0.319647,0.50558,0.206629
1279,23.1652,0.656265,0,0.479474,0.196217,0.564936,-0.121538,-0.174673,-0.325724,0.479474,0.196217,0.508443,0.189611
1280,23.1834,0.623964,0,0.421019,0.0908191,0.530355,-0.131476,-0.197712,-0.352534,0.421019,0.0908191,0.477319,0.156303
1281,23.2015,0.583912,0,0.356539,0.0097716,0.471427,-0.144119,-0.224374,-0.375554,0.356539,0.0097716,0.424284,0.117658
1282,23.2196,0.543,0,0.291749,-0.0434805,0.40327,-0.159691,-0.255282,-0.394157,0.291749,-0.0434805,0.362943,0.0823574
1283,23.2377,0.5035,0,0.231296,-0.075827,0.331637,-0.17849,-0.291057,-0.407477,0.231296,-0.075827,0.298473,0.0536943
1284,23.2558,0.468125,0,0.177727,-0.0942635,0.262014,-0.200866,-0.332254,-0.414337,0.177727,-0.0942635,0.235813,0.0325969
1285,23.2739,0.436704,0,0.130771,-0.101374,0.192443,-0.227194,-0.379255,-0.413176,0.130771,-0.101374,0.173199,0.0176162
1286,23.292,0.413262,0,0.0906797,-0.103365,0.129843,-0.257818,-0.432087,-0.401992,0.0906797,-0.103365,0.116858,0.00824186
1287,23.3101,0.399789,0,0.058633,-0.101905,0.0745898,-0.292975,-0.490157,-0.37832,0.058633,-0.101905,0.0671308,0.0030614
1288,23.3283,0.395453,0,0.0327685,-0.0994246,0.0224685,-0.33266,-0.551872,-0.339336,0.0327685,-0.0994246,0.0202217,0.000515381
1289,23.3464,0.401678,0,0.0122774,-0.0968753,-0.0265935,-0.376454,-0.614186,-0.282156,0.0122774,-0.0968753,-0.0239341,-0.000228549
1290,23.3645,0.418943,0,-0.00371932,-0.0949657,-0.0727721,-0.423288,-0.672159,-0.204489,-0.00371932,-0.0949657,-0.0654949,0.000189464
1291,23.3826,0.445987,0,-0.0170001,-0.0940384,-0.116557,-0.471199,-0.718777,-0.105698,-0.0170001,-0.0940384,-0.104901,0.00138704
1292,23.4007,0.480724,0,-0.0273975,-0.0938508,-0.158187,-0.51714,-0.74543,0.0117656,-0.0273975,-0.0938508,-0.142369,0.00303376
1293,23.4188,0.517571,0,-0.0363977,-0.0965602,-0.196766,-0.557022,-0.743458,0.141039,-0.0363977,-0.0965602,-0.17709,0.0050133
1294,23.4369,0.55161,0,-0.0449362,-0.100872,-0.23223,-0.586126,-0.706841,0.270499,-0.0449362,-0.100872,-0.209007,0.00730485
1295,23.455,0.577869,0,-0.0524949,-0.107385,-0.265324,-0.599991,-0.635232,0.385385,-0.0524949,-0.107385,-0.238791,0.0097497
1296,23.4732,0.592072,0,-0.060294,-0.115906,-0.29587,-0.595585,-0.535661,0.471541,-0.060294,-0.115906,-0.266283,0.0124874
1297,23.4913,0.592212,0,-0.0684296,-0.12753,-0.323915,-0.572318,-0.421311,0.519847,-0.0684296,-0.12753,-0.291523,0.0155158
1298,23.5094,0.57917,0,-0.0772197,-0.142692,-0.349743,-0.532371,-0.307504,0.528886,-0.0772197,-0.142692,-0.314769,0.018905
1299,23.5275,0.55581,0,-0.0874591,-0.159546,-0.373367,-0.480128,-0.207008,0.50432,-0.0874591,-0.159546,-0.33603,0.022858
1300,23.5456,0.525654,0,-0.0995589,-0.179501,-0.394481,-0.421005,-0.127157,0.455737,-0.0995589,-0.179501,-0.355033,0.0274919
1301,23.5637,0.492939,0,-0.113286,-0.203364,-0.41323,-0.360227,-0.0696658,0.393065,-0.113286,-0.203364,-0.371907,0.0327692
1302,23.5818,0.461002,0,-0.129319,-0.231959,-0.42933,-0.301981,-0.0322894,0.324254,-0.129319,-0.231959,-0.386397,0.0388645
1303,23.5999,0.431307,0,-0.147986,-0.266469,-0.440086,-0.249082,-0.0108965,0.254564,-0.147986,-0.266469,-0.396077,0.0455887
1304,23.618,0.404957,0,-0.169971,-0.306625,-0.443567,-0.203041,-0.00105704,0.186913,-0.169971,-0.306625,-0.399211,0.0527755
1305,23.6362,0.383604,0,-0.195929,-0.353088,-0.43866,-0.164334,0.00108746,0.122606,-0.195929,-0.353088,-0.394794,0.0601622
1306,23.6543,0.369759,0,-0.226504,-0.406551,-0.425116,-0.132735,-0.00148682,0.0620131,-0.226504,-0.406551,-0.382604,0.0674032
1307,23.6724,0.365149,0,-0.262086,-0.46595,-0.401401,-0.107601,-0.00667784,0.00505295,-0.262086,-0.46595,-0.361261,0.0736412
1308,23.6905,0.37106,0,-0.301966,-0.53103,-0.363296,-0.0880975,-0.0131131,-0.0485287,-0.301966,-0.53103,-0.326966,0.0767922
1309,23.7086,0.387967,0,-0.346491,-0.597597,-0.307099,-0.0733445,-0.0199735,-0.0990172,-0.346491,-0.597597,-0.276389,0.0744848
1310,23.7267,0.416759,0,-0.39505,-0.662389,-0.227625,-0.0625134,-0.0268338,-0.146671,-0.39505,-0.662389,-0.204863,0.0629463
1311,23.7448,0.457768,0,-0.446669,-0.719516,-0.124014,-0.0548752,-0.033535,-0.191707,-0.446669,-0.719516,-0.111612,0.0387751
1312,23.7629,0.506067,0,-0.49693,-0.755515,0.00355248,-0.0498214,-0.0400914,-0.234302,-0.49693,-0.755515,0.00319723,-0.00123573
1313,23.7811,0.555902,0,-0.541806,-0.758243,0.144592,-0.0468677,-0.0466263,-0.274597,-0.541806,-0.758243,0.130133,-0.0548387
1314,23.7992,0.602487,0,-0.575083,-0.722298,0.288251,-0.0456465,-0.0533308,-0.31271,-0.575083,-0.722298,0.259425,-0.116038
1315,23.8173,0.639199,0,-0.59264,-0.64535,0.415909,-0.045896,-0.0604405,-0.348734,-0.59264,-0.64535,0.374318,-0.172539
1316,23.8354,0.662459,0,-0.589403,-0.53274,0.515624,-0.0474478,-0.0682241,-0.382743,-0.589403,-0.53274,0.464062,-0.212737
1317,23.8535,0.668582,0,-0.563368,-0.401838,0.571185,-0.0502157,-0.0769819,-0.41479,-0.563368,-0.401838,0.514067,-0.225251
1318,23.8716,0.656284,0,-0.518941,-0.274985,0.575298,-0.0541866,-0.0870499,-0.444903,-0.518941,-0.274985,0.517769,-0.208982
1319,23.8897,0.630632,0,-0.461439,-0.167538,0.540207,-0.0594149,-0.0988087,-0.473076,-0.461439,-0.167538,0.486186,-0.174491
1320,23.9078,0.59881,0,-0.39617,-0.0839242,0.483534,-0.0660191,-0.112695,-0.499264,-0.39617,-0.0839242,0.435181,-0.134093
1321,23.926,0.564158,0,-0.330662,-0.0266022,0.413929,-0.074182,-0.129218,-0.523361,-0.330662,-0.0266022,0.372536,-0.0958094
1322,23.9441,0.531308,0,-0.268901,0.00865513,0.342451,-0.0841529,-0.14897,-0.54518,-0.268901,0.00865513,0.308206,-0.0644597
1323,23.9622,0.498369,0,-0.212294,0.027846,0.267117,-0.0962531,-0.172646,-0.564419,-0.212294,0.027846,0.240405,-0.0396951
1324,23.9803,0.470707,0,-0.164618,0.0346005,0.198026,-0.110881,-0.201051,-0.580612,-0.164618,0.0346005,0.178224,-0.022819
1325,23.9984,0.448566,0,-0.125426,0.034646,0.13554,-0.128521,-0.235101,-0.593062,-0.125426,0.034646,0.121986,-0.0119002
1326,24.0165,0.43064,0,-0.0931277,0.030913,0.0768011,-0.149743,-0.275805,-0.600747,-0.0931277,0.030913,0.069121,-0.00500662
1327,24.0346,0.418519,0,-0.0675573,0.0270229,0.0227274,-0.175201,-0.324204,-0.602194,-0.0675573,0.0270229,0.0204546,-0.00107478
1328,24.0527,0.413036,0,-0.0479984,0.021914,-0.0257492,-0.205615,-0.38125,-0.595321,-0.0479984,0.021914,-0.0231742,0.000865143
1329,24.0708,0.414264,0,-0.0328831,0.0168796,-0.0717681,-0.24172,-0.447563,-0.577263,-0.0328831,0.0168796,-0.0645913,0.00165197
1330,24.089,0.424048,0,-0.0215905,0.0132546,-0.11652,-0.284166,-0.523012,-0.544213,-0.0215905,0.0132546,-0.104868,0.00176101
1331,24.1071,0.444782,0,-0.013479,0.0105917,-0.158338,-0.333345,-0.606049,-0.491403,-0.013479,0.0105917,-0.142504,0.00149397
1332,24.1252,0.478412,0,-0.00573007,0.00942926,-0.197537,-0.389087,-0.692759,-0.413417,-0.00573007,0.00942926,-0.177783,0.000792331
1333,24.1433,0.524459,0,0.000446246,0.00967366,-0.233229,-0.450237,-0.775744,-0.305177,0.000446246,0.00967366,-0.209906,-7.28542e-05
1334,24.1614,0.580475,0,0.0055128,0.0113986,-0.265645,-0.514109,-0.843301,-0.163988,0.0055128,0.0113986,-0.23908,-0.00102511
1335,24.1795,0.642202,0,0.00997947,0.0149864,-0.297784,-0.576,-0.879898,0.00730435,0.00997947,0.0149864,-0.268006,-0.00208021
1336,24.1976,0.703025,0,0.0141071,0.0200298,-0.330464,-0.629103,-0.869267,0.196948,0.0141071,0.0200298,-0.297418,-0.00326331
1337,24.2157,0.754655,0,0.0190382,0.0271935,-0.361705,-0.665302,-0.800651,0.383189,0.0190382,0.0271935,-0.325534,-0.00482033
1338,24.2339,0.7877,0,0.0244555,0.0355661,-0.390477,-0.677104,-0.676009,0.53844,0.0244555,0.0355661,-0.35143,-0.00668452
1339,24.252,0.796711,0,0.0304525,0.0460291,-0.416886,-0.660213,-0.512968,0.63893,0.0304525,0.0460291,-0.375197,-0.00888664
1340,24.2701,0.780719,0,0.0381278,0.0592473,-0.44009,-0.615411,-0.339466,0.674577,0.0381278,0.0592473,-0.396081,-0.0117458
1341,24.2882,0.743862,0,0.046765,0.0757717,-0.46114,-0.548487,-0.182525,0.65194,0.046765,0.0757717,-0.415026,-0.0150956
1342,24.3063,0.693128,0,0.0571169,0.0955505,-0.479854,-0.468213,-0.0589172,0.588532,0.0571169,0.0955505,-0.431869,-0.0191854
1343,24.3244,0.635692,0,0.0696402,0.119587,-0.495358,-0.383621,0.0270547,0.503795,0.0696402,0.119587,-0.445822,-0.0241478
1344,24.3425,0.577306,0,0.0844921,0.147741,-0.506914,-0.301984,0.0799446,0.412807,0.0844921,0.147741,-0.456223,-0.0299812
1345,24.3606,0.522528,0,0.10203,0.18096,-0.515044,-0.228009,0.108065,0.324519,0.10203,0.18096,-0.46354,-0.0367848
1346,24.3788,0.473182,0,0.122886,0.22064,-0.518171,-0.163996,0.119831,0.242907,0.122886,0.22064,-0.466354,-0.0445733
1347,24.3969,0.430584,0,0.147833,0.267577,-0.515433,-0.110433,0.12208,0.168918,0.147833,0.267577,-0.46389,-0.0533388
1348,24.415,0.394799,0,0.177393,0.322929,-0.503529,-0.0666637,0.119731,0.102067,0.177393,0.322929,-0.453176,-0.0625258
1349,24.4331,0.36864,0,0.212352,0.387141,-0.482786,-0.0314181,0.11605,0.0414022,0.212352,0.387141,-0.434507,-0.0717644
1350,24.4512,0.353925,0,0.253413,0.460171,-0.449296,-0.0031862,0.113076,-0.0140149,0.253413,0.460171,-0.404367,-0.0797003
1351,24.4693,0.350523,0,0.301022,0.537245,-0.394419,0.0195546,0.112017,-0.0649396,0.301022,0.537245,-0.354977,-0.0831102
1352,24.4874,0.361624,0,0.35438,0.614983,-0.314224,0.0382174,0.11356,-0.11191,0.35438,0.614983,-0.282802,-0.0779484
1353,24.5055,0.388503,0,0.412701,0.685271,-0.205086,0.0540524,0.118091,-0.155268,0.412701,0.685271,-0.184577,-0.0592475
1354,24.5236,0.428902,0,0.470463,0.73701,-0.0667985,0.0681376,0.125848,-0.195198,0.470463,0.73701,-0.0601186,-0.0219984
1355,24.5418,0.479335,0,0.523077,0.756431,0.100707,0.0813923,0.137014,-0.231744,0.523077,0.756431,0.0906366,0.0368744
1356,24.5599,0.531273,0,0.567327,0.729127,0.273659,0.0946032,0.151789,-0.264827,0.567327,0.729127,0.246293,0.108678
1357,24.578,0.574796,0,0.593608,0.643313,0.435256,0.108454,0.170412,-0.294238,0.593608,0.643313,0.39173,0.18086
1358,24.5961,0.604144,0,0.594969,0.516485,0.556857,0.123554,0.193184,-0.319621,0.594969,0.516485,0.501172,0.231919
1359,24.6142,0.615635,0,0.569142,0.365144,0.625123,0.140459,0.22045,-0.340442,0.569142,0.365144,0.56261,0.249048
1360,24.6323,0.612141,0,0.52102,0.211917,0.640013,0.159693,0.252578,-0.355949,0.52102,0.211917,0.576012,0.233422
1361,24.6504,0.594782,0,0.454653,0.0775963,0.60532,0.181746,0.289894,-0.365118,0.454653,0.0775963,0.544788,0.192647
1362,24.6685,0.57053,0,0.379309,-0.025043,0.538357,0.207068,0.332585,-0.3666,0.379309,-0.025043,0.484521,0.142942
1363,24.6867,0.54502,0,0.304006,-0.0894783,0.457161,0.236036,0.380544,-0.358682,0.304006,-0.0894783,0.411445,0.0972859
1364,24.7048,0.525304,0,0.231552,-0.12889,0.375244,0.268897,0.433144,-0.339288,0.231552,-0.12889,0.33772,0.060822
1365,24.7229,0.51319,0,0.167643,-0.150279,0.29597,0.305664,0.488935,-0.306066,0.167643,-0.150279,0.266373,0.0347321
1366,24.741,0.50976,0,0.113063,-0.158849,0.222415,0.345983,0.545288,-0.256652,0.113063,-0.158849,0.200173,0.0176028
1367,24.7591,0.517428,0,0.0654001,-0.162704,0.156887,0.388948,0.598052,-0.189179,0.0654001,-0.162704,0.141198,0.00718231
1368,24.7772,0.532074,0,0.0268725,-0.16135,0.0968778,0.432908,0.641425,-0.103114,0.0268725,-0.16135,0.08719,0.00182234
1369,24.7953,0.552334,0,-0.00345625,-0.158796,0.0432134,0.475329,0.668299,-0.000346105,-0.00345625,-0.158796,0.038892,-0.000104549
1370,24.8134,0.575987,0,-0.0281189,-0.158547,-0.00402746,0.512806,0.671397,0.113763,-0.0281189,-0.158547,-0.00362471,7.92734e-05
1371,24.8316,0.598616,0,-0.0490974,-0.160503,-0.0476826,0.54137,0.645266,0.230004,-0.0490974,-0.160503,-0.0429143,0.00163877
1372,24.8497,0.615734,0,-0.0670684,-0.164274,-0.0889368,0.55714,0.588645,0.33634,-0.0670684,-0.164274,-0.0800431,0.00417539
1373,24.8678,0.623177,0,-0.0818411,-0.169924,-0.126887,0.557244,0.506048,0.420544,-0.0818411,-0.169924,-0.114198,0.0072692
1374,24.8859,0.619695,0,-0.0959087,-0.17989,-0.160373,0.540672,0.407345,0.47365,-0.0959087,-0.17989,-0.144336,0.0107668
1375,24.904,0.60474,0,-0.109549,-0.192602,-0.191024,0.50869,0.305101,0.4925,-0.109549,-0.192602,-0.171921,0.0146485
1376,24.9221,0.579664,0,-0.122685,-0.207794,-0.218461,0.464575,0.210905,0.479999,-0.122685,-0.207794,-0.196615,0.0187613
1377,24.9402,0.548055,0,-0.136911,-0.226804,-0.242226,0.412785,0.132573,0.443175,-0.136911,-0.226804,-0.218003,0.0232144
1378,24.9583,0.513555,0,-0.152494,-0.250299,-0.262284,0.357951,0.0732872,0.390367,-0.152494,-0.250299,-0.236055,0.0279977
1379,24.9764,0.478855,0,-0.169308,-0.277775,-0.277302,0.304067,0.0324482,0.328985,-0.169308,-0.277775,-0.249572,0.0328646
1380,24.9946,0.447178,0,-0.188722,-0.310457,-0.285915,0.254062,0.00723371,0.264466,-0.188722,-0.310457,-0.257323,0.0377708
1381,25.0127,0.42153,0,-0.210872,-0.347481,-0.28919,0.209731,-0.00596095,0.200217,-0.210872,-0.347481,-0.260271,0.0426876
1382,25.0308,0.403618,0,-0.23623,-0.388684,-0.285248,0.171895,-0.010582,0.138067,-0.23623,-0.388684,-0.256723,0.0471689
1383,25.0489,0.395149,0,-0.264991,-0.435229,-0.271327,0.140655,-0.0094666,0.0788251,-0.264991,-0.435229,-0.244194,0.0503295
1384,25.067,0.397182,0,-0.297525,-0.484797,-0.245752,0.115646,-0.00472452,0.0227243,-0.297525,-0.484797,-0.221177,0.0511822
1385,25.0851,0.409791,0,-0.333435,-0.535009,-0.205076,0.0962525,0.00220448,-0.0302742,-0.333435,-0.535009,-0.184568,0.0478655
1386,25.1032,0.432716,0,-0.371796,-0.582459,-0.147404,0.0817615,0.0104267,-0.0803124,-0.371796,-0.582459,-0.132663,0.0383629
1387,25.1213,0.464592,0,-0.411131,-0.622283,-0.0746476,0.0714686,0.0194623,-0.12755,-0.411131,-0.622283,-0.0671829,0.021483
1388,25.1395,0.501457,0,-0.448346,-0.647285,0.0111272,0.0647394,0.0291301,-0.172125,-0.448346,-0.647285,0.0100145,-0.00349219
1389,25.1576,0.541145,0,-0.482396,-0.65374,0.106262,0.0610427,0.0394594,-0.214146,-0.482396,-0.65374,0.0956355,-0.0358821
1390,25.1757,0.57963,0,-0.509144,-0.636983,0.205908,0.0599634,0.0506264,-0.253682,-0.509144,-0.636983,0.185317,-0.0733856
1391,25.1938,0.612058,0,-0.525613,-0.59473,0.2983,0.0612038,0.0629128,-0.290764,-0.525613,-0.59473,0.26847,-0.109753
1392,25.2119,0.634543,0,-0.528802,-0.528637,0.37421,0.0645791,0.0766811,-0.325378,-0.528802,-0.528637,0.336789,-0.138518
1393,25.23,0.649379,0,-0.5183,-0.448495,0.434022,0.0700106,0.0923634,-0.357458,-0.5183,-0.448495,0.390619,-0.157467
1394,25.2481,0.650893,0,-0.49439,-0.362555,0.461757,0.0775179,0.110457,-0.386869,-0.49439,-0.362555,0.415581,-0.159802
1395,25.2662,0.638159,0,-0.458942,-0.279361,0.455308,0.0872139,0.131527,-0.413385,-0.458942,-0.279361,0.409777,-0.146272
1396,25.2844,0.616979,0,-0.416147,-0.206582,0.426297,0.0992995,0.156206,-0.436657,-0.416147,-0.206582,0.383668,-0.124182
1397,25.3025,0.591266,0,-0.369446,-0.148035,0.382858,0.11406,0.185191,-0.456169,-0.369446,-0.148035,0.344572,-0.0990117
1398,25.3206,0.566014,0,-0.321945,-0.107263,0.334165,0.131861,0.219231,-0.471178,-0.321945,-0.107263,0.300748,-0.0753078
1399,25.3387,0.541455,0,-0.277,-0.0824251,0.279544,0.153139,0.259082,-0.480636,-0.277,-0.0824251,0.251589,-0.0542035
1400,25.3568,0.519887,0,-0.237562,-0.0696612,0.221985,0.178383,0.305435,-0.483097,-0.237562,-0.0696612,0.199786,-0.0369146
1401,25.3749,0.503207,0,-0.203561,-0.0642117,0.164693,0.208102,0.358769,-0.476613,-0.203561,-0.0642117,0.148224,-0.0234675
1402,25.393,0.49564,0,-0.175698,-0.0664423,0.112418,0.242764,0.419109,-0.458641,-0.175698,-0.0664423,0.101176,-0.0138261
1403,25.4111,0.496575,0,-0.152824,-0.0712132,0.0638753,0.282681,0.485651,-0.426021,-0.152824,-0.0712132,0.0574878,-0.00683318
1404,25.4292,0.505952,0,-0.134443,-0.0760083,0.0179783,0.32785,0.556234,-0.375109,-0.134443,-0.0760083,0.0161805,-0.00169195
1405,25.4474,0.525301,0,-0.120629,-0.0827029,-0.0260702,0.377694,0.626685,-0.302236,-0.120629,-0.0827029,-0.0234631,0.00220137
1406,25.4655,0.554677,0,-0.111245,-0.0915825,-0.0704509,0.43075,0.690224,-0.204683,-0.111245,-0.0915825,-0.0634058,0.00548613
1407,25.4836,0.592515,0,-0.105462,-0.102029,-0.111502,0.484328,0.737326,-0.0822987,-0.105462,-0.102029,-0.100352,0.00823143
1408,25.5017,0.63467,0,-0.102706,-0.114236,-0.14959,0.534306,0.756694,0.0604454,-0.102706,-0.114236,-0.134631,0.0107546
1409,25.5198,0.675545,0,-0.10316,-0.127225,-0.187578,0.575293,0.737919,0.21281,-0.10316,-0.127225,-0.16882,0.0135454
1410,25.5379,0.707647,0,-0.105572,-0.140745,-0.221573,0.601392,0.675644,0.358085,-0.105572,-0.140745,-0.199416,0.0163744
1411,25.556,0.724843,0,-0.109205,-0.155236,-0.251856,0.607602,0.573457,0.477107,-0.109205,-0.155236,-0.22667,0.0192527
1412,25.5741,0.724541,0,-0.115096,-0.171583,-0.279866,0.591416,0.444697,0.554351,-0.115096,-0.171583,-0.251879,0.022548
1413,25.5923,0.706835,0,-0.123978,-0.192196,-0.304625,0.553839,0.308601,0.583416,-0.123978,-0.192196,-0.274162,0.0264367
1414,25.6104,0.673508,0,-0.135479,-0.216855,-0.324714,0.499205,0.18361,0.568394,-0.135479,-0.216855,-0.292243,0.0307944
1415,25.6285,0.629564,0,-0.15029,-0.245939,-0.339879,0.433872,0.0818729,0.520556,-0.15029,-0.245939,-0.305891,0.0357563
1416,25.6466,0.580357,0,-0.167559,-0.278884,-0.350192,0.364503,0.00762396,0.453092,-0.167559,-0.278884,-0.315172,0.0410744
1417,25.6647,0.531891,0,-0.188075,-0.316201,-0.356408,0.296703,-0.0410634,0.377086,-0.188075,-0.316201,-0.320767,0.0469219
1418,25.6828,0.48794,0,-0.211884,-0.358972,-0.356719,0.234369,-0.0692984,0.299941,-0.211884,-0.358972,-0.321047,0.0529082
1419,25.7009,0.450963,0,-0.239493,-0.406989,-0.348244,0.179671,-0.0829073,0.225668,-0.239493,-0.406989,-0.313419,0.0583812
1420,25.719,0.422819,0,-0.271203,-0.459768,-0.327519,0.133378,-0.087044,0.155924,-0.271203,-0.459768,-0.294768,0.062177
1421,25.7372,0.406562,0,-0.307877,-0.517181,-0.292559,0.0952923,-0.0856873,0.091035,-0.307877,-0.517181,-0.263303,0.0630505
1422,25.7553,0.40328,0,-0.348446,-0.574581,-0.241814,0.0646425,-0.0816429,0.0307185,-0.348446,-0.574581,-0.217633,0.0589814
1423,25.7734,0.413254,0,-0.391213,-0.62892,-0.171013,0.0403828,-0.076753,-0.0255036,-0.391213,-0.62892,-0.153912,0.0468318
1424,25.7915,0.43639,0,-0.435793,-0.674044,-0.0814257,0.0213934,-0.0721478,-0.0781085,-0.435793,-0.674044,-0.0732831,0.0248393
1425,25.8096,0.468821,0,-0.478412,-0.70096,0.027729,0.00660103,-0.0684692,-0.127501,-0.478412,-0.70096,0.0249561,-0.00928612
1426,25.8277,0.506166,0,-0.515567,-0.700681,0.150237,-0.0049575,-0.0660469,-0.174,-0.515567,-0.700681,0.135214,-0.0542203
1427,25.8458,0.541564,0,-0.542849,-0.666964,0.26998,-0.0141119,-0.0650269,-0.217855,-0.542849,-0.666964,0.242982,-0.102591
1428,25.8639,0.570798,0,-0.557278,-0.601399,0.375729,-0.0215578,-0.0654611,-0.259256,-0.557278,-0.601399,0.338156,-0.14657
1429,25.882,0.589423,0,-0.554329,-0.510925,0.455541,-0.0278705,-0.0673681,-0.298353,-0.554329,-0.510925,0.409986,-0.176764
1430,25.9002,0.595896,0,-0.534001,-0.406358,0.5027,-0.0335243,-0.070773,-0.335264,-0.534001,-0.406358,0.45243,-0.187909
1431,25.9183,0.589288,0,-0.498064,-0.302574,0.512816,-0.038915,-0.0757335,-0.37008,-0.498064,-0.302574,0.461535,-0.178791
1432,25.9364,0.571147,0,-0.450224,-0.211165,0.490066,-0.0443815,-0.0823569,-0.402865,-0.450224,-0.211165,0.441059,-0.154447
1433,25.9545,0.545819,0,-0.396487,-0.137963,0.444769,-0.0502263,-0.0908129,-0.433659,-0.396487,-0.137963,0.400292,-0.123442
1434,25.9726,0.517094,0,-0.341428,-0.085937,0.386576,-0.0567344,-0.101343,-0.462465,-0.341428,-0.085937,0.347918,-0.0923914
1435,25.9907,0.48844,0,-0.28797,-0.051631,0.324216,-0.0641908,-0.114273,-0.489246,-0.28797,-0.051631,0.291794,-0.065355
1436,26.0088,0.460437,0,-0.239075,-0.0311776,0.259804,-0.072896,-0.130018,-0.513903,-0.239075,-0.0311776,0.233823,-0.0434789
1437,26.0269,0.434894,0,-0.196916,-0.0210171,0.197262,-0.0831811,-0.1491,-0.536262,-0.196916,-0.0210171,0.177535,-0.0271908
1438,26.0451,0.412393,0,-0.161462,-0.0193545,0.138589,-0.095422,-0.172151,-0.55603,-0.161462,-0.0193545,0.12473,-0.0156638
1439,26.0632,0.392042,0,-0.132958,-0.0223664,0.0822505,-0.110053,-0.199926,-0.57276,-0.132958,-0.0223664,0.0740254,-0.00765508
1440,26.0813,0.373713,0,-0.110531,-0.0289878,0.0281868,-0.127576,-0.233299,-0.585777,-0.110531,-0.0289878,0.0253682,-0.00218086
1441,26.0994,0.359084,0,-0.0931648,-0.0371359,-0.0213707,-0.148573,-0.273241,-0.59409,-0.0931648,-0.0371359,-0.0192336,0.0013937
1442,26.1175,0.349145,0,-0.0797172,-0.0434369,-0.0671602,-0.173698,-0.320765,-0.596276,-0.0797172,-0.0434369,-0.0604442,0.00374768
1443,26.1356,0.343335,0,-0.0701314,-0.0489885,-0.112469,-0.203669,-0.376805,-0.590318,-0.0701314,-0.0489885,-0.101222,0.00552132
1444,26.1537,0.343966,0,-0.0637251,-0.0556462,-0.155255,-0.239217,-0.441989,-0.573442,-0.0637251,-0.0556462,-0.13973,0.00692555
1445,26.1718,0.353274,0,-0.0595847,-0.0635185,-0.194924,-0.280995,-0.516238,-0.541956,-0.0595847,-0.0635185,-0.175432,0.00813013
1446,26.19,0.373726,0,-0.0572779,-0.0713505,-0.231478,-0.32941,-0.598125,-0.491223,-0.0572779,-0.0713505,-0.208331,0.00928102
1447,26.2081,0.406384,0,-0.0567211,-0.0795759,-0.264879,-0.384341,-0.683968,-0.415939,-0.0567211,-0.0795759,-0.238391,0.010517
1448,26.2262,0.450889,0,-0.0579683,-0.0884199,-0.296677,-0.444725,-0.766738,-0.311053,-0.0579683,-0.0884199,-0.267009,0.0120385
1449,26.2443,0.505951,0,-0.0608719,-0.0977098,-0.328894,-0.508029,-0.835218,-0.173679,-0.0608719,-0.0977098,-0.296005,0.0140143
1450,26.2624,0.566666,0,-0.0654548,-0.10964,-0.358589,-0.569767,-0.874344,-0.00613022,-0.0654548,-0.10964,-0.32273,0.01643
1451,26.2805,0.626904,0,-0.0715573,-0.123994,-0.385782,-0.623371,-0.86801,0.180759,-0.0715573,-0.123994,-0.347204,0.0193239
1452,26.2986,0.679502,0,-0.0794521,-0.140134,-0.411585,-0.660892,-0.804969,0.366289,-0.0794521,-0.140134,-0.370426,0.0228909
1453,26.3167,0.716545,0,-0.0889757,-0.158677,-0.435181,-0.674814,-0.685947,0.523512,-0.0889757,-0.158677,-0.391663,0.0271044
1454,26.3348,0.732701,0,-0.100152,-0.180831,-0.456396,-0.660559,-0.527056,0.628327,-0.100152,-0.180831,-0.410756,0.0319962
1455,26.353,0.726466,0,-0.113467,-0.206644,-0.473481,-0.618446,-0.355254,0.669397,-0.113467,-0.206644,-0.426133,0.0376072
1456,26.3711,0.701583,0,-0.129311,-0.236427,-0.486172,-0.5538,-0.197624,0.651791,-0.129311,-0.236427,-0.437555,0.0440072
1457,26.3892,0.664651,0,-0.148064,-0.271485,-0.493508,-0.475107,-0.0717989,0.592057,-0.148064,-0.271485,-0.444157,0.0511495
1458,26.4073,0.623677,0,-0.170053,-0.311636,-0.495563,-0.391347,0.0168901,0.509434,-0.170053,-0.311636,-0.446007,0.0589904
1459,26.4254,0.585019,0,-0.196574,-0.359363,-0.490415,-0.309913,0.0722622,0.419308,-0.196574,-0.359363,-0.441373,0.0674821
1460,26.4435,0.553526,0,-0.228212,-0.415905,-0.475505,-0.235705,0.102293,0.331084,-0.228212,-0.415905,-0.427954,0.075961
1461,26.4616,0.531309,0,-0.265158,-0.479383,-0.446832,-0.171214,0.115343,0.249116,-0.265158,-0.479383,-0.402149,0.0829368
1462,26.4797,0.520839,0,-0.307224,-0.548616,-0.40233,-0.117079,0.118335,0.174594,-0.307224,-0.548616,-0.362097,0.0865238
1463,26.4979,0.523565,0,-0.354317,-0.621853,-0.338031,-0.0727483,0.11631,0.10716,-0.354317,-0.621853,-0.304228,0.0838391
1464,26.516,0.53915,0,-0.406515,-0.692807,-0.248638,-0.0370143,0.112647,0.0459164,-0.406515,-0.692807,-0.223774,0.0707525
1465,26.5341,0.567308,0,-0.46179,-0.753806,-0.131323,-0.00840085,0.109472,-0.0100636,-0.46179,-0.753806,-0.118191,0.0424506
1466,26.5522,0.604085,0,-0.515724,-0.790859,0.0123932,0.0146004,0.108054,-0.061541,-0.515724,-0.790859,0.0111538,-0.00447402
1467,26.5703,0.642015,0,-0.562569,-0.786863,0.171275,0.0333995,0.109117,-0.109067,-0.562569,-0.786863,0.154147,-0.0674478
1468,26.5884,0.67721,0,-0.596745,-0.738131,0.330722,0.0492496,0.113069,-0.153003,-0.596745,-0.738131,0.297649,-0.138149
1469,26.6065,0.6998,0,-0.611678,-0.642776,0.463406,0.0632335,0.120154,-0.193551,-0.611678,-0.642776,0.417066,-0.198419
1470,26.6246,0.70647,0,-0.60234,-0.511877,0.559194,0.0762752,0.13056,-0.230778,-0.60234,-0.511877,0.503275,-0.235777
1471,26.6428,0.696648,0,-0.569803,-0.369539,0.605713,0.0891651,0.14448,-0.264632,-0.569803,-0.369539,0.545141,-0.241596
1472,26.6609,0.670306,0,-0.51698,-0.23407,0.603435,0.102589,0.162152,-0.294937,-0.51698,-0.23407,0.543092,-0.218375
1473,26.679,0.631041,0,-0.451407,-0.120905,0.560938,0.117158,0.183873,-0.321379,-0.451407,-0.120905,0.504844,-0.177248
1474,26.6971,0.584883,0,-0.380654,-0.0381919,0.493413,0.13343,0.209999,-0.343477,-0.380654,-0.0381919,0.444072,-0.131474
1475,26.7152,0.536883,0,-0.30965,0.014742,0.414389,0.151931,0.240918,-0.360541,-0.30965,0.014742,0.37295,-0.089821
1476,26.7333,0.492975,0,-0.243831,0.046836,0.337048,0.173161,0.277002,-0.371623,-0.243831,0.046836,0.303343,-0.057528
1477,26.7514,0.454102,0,-0.185812,0.0635714,0.262215,0.197591,0.318523,-0.375457,-0.185812,0.0635714,0.235994,-0.034106
1478,26.7695,0.423585,0,-0.137615,0.0666964,0.192644,0.225633,0.365511,-0.370414,-0.137615,0.0666964,0.17338,-0.0185574
1479,26.7876,0.402165,0,-0.0965282,0.0658796,0.131467,0.257594,0.417549,-0.354472,-0.0965282,0.0658796,0.118321,-0.00888321
1480,26.8058,0.389844,0,-0.0633693,0.0625165,0.0742502,0.293583,0.473485,-0.325281,-0.0633693,0.0625165,0.0668252,-0.00329363
1481,26.8239,0.387748,0,-0.0386043,0.0582641,0.0181814,0.333387,0.531071,-0.28035,-0.0386043,0.0582641,0.0163632,-0.000491315
1482,26.842,0.397904,0,-0.0189073,0.0532972,-0.0319974,0.37629,0.586586,-0.217488,-0.0189073,0.0532972,-0.0287977,0.000423491
1483,26.8601,0.417101,0,-0.00245827,0.0520689,-0.077412,0.42087,0.634592,-0.135555,-0.00245827,0.0520689,-0.0696708,0.00013321
1484,26.8782,0.442774,0,0.0118105,0.0550491,-0.119795,0.464826,0.668096,-0.0355443,0.0118105,0.0550491,-0.107816,-0.00099039
1485,26.8963,0.474612,0,0.0230931,0.0573915,-0.159791,0.504924,0.679438,0.0782544,0.0230931,0.0573915,-0.143812,-0.00258304
1486,26.9144,0.506945,0,0.0331484,0.0615362,-0.19769,0.537202,0.662119,0.197543,0.0331484,0.0615362,-0.177921,-0.00458717
1487,26.9325,0.53457,0,0.0419356,0.069047,-0.232841,0.557539,0.613259,0.310558,0.0419356,0.069047,-0.209556,-0.00683502
1488,26.9507,0.552696,0,0.0508218,0.079715,-0.263974,0.562553,0.535669,0.404349,0.0508218,0.079715,-0.237577,-0.00939096
1489,26.9688,0.560053,0,0.0609086,0.0931384,-0.294708,0.550558,0.438139,0.46831,0.0609086,0.0931384,-0.265237,-0.0125652
1490,26.9869,0.555964,0,0.0715272,0.109882,-0.323845,0.52217,0.333262,0.497318,0.0715272,0.109882,-0.291461,-0.0162146
1491,27.005,0.540426,0,0.0836787,0.13061,-0.348827,0.480243,0.233688,0.492773,0.0836787,0.13061,-0.313944,-0.0204326
1492,27.0231,0.516185,0,0.0979414,0.154651,-0.369342,0.429132,0.148752,0.461091,0.0979414,0.154651,-0.332408,-0.0253217
1493,27.0412,0.487034,0,0.11454,0.18316,-0.385685,0.373651,0.0829917,0.410829,0.11454,0.18316,-0.347117,-0.0309234
1494,27.0593,0.456032,0,0.133626,0.216643,-0.396554,0.318147,0.0366452,0.35007,0.133626,0.216643,-0.356899,-0.037093
1495,27.0774,0.426119,0,0.155051,0.255576,-0.401119,0.265935,0.00720089,0.284991,0.155051,0.255576,-0.361007,-0.0435359
1496,27.0956,0.399428,0,0.180229,0.300342,-0.398005,0.219147,-0.00899969,0.219588,0.180229,0.300342,-0.358205,-0.0502125
1497,27.1137,0.378254,0,0.209874,0.35177,-0.385482,0.178852,-0.0156356,0.15607,0.209874,0.35177,-0.346934,-0.0566318
1498,27.1318,0.365649,0,0.244278,0.409534,-0.363214,0.145304,-0.0158232,0.0954502,0.244278,0.409534,-0.326893,-0.0621078
1499,27.1499,0.362026,0,0.283826,0.471359,-0.325537,0.118216,-0.0119289,0.0380486,0.283826,0.471359,-0.292983,-0.064677
1500,27.168,0.368933,0,0.327027,0.534379,-0.268822,0.0969917,-0.00559954,-0.0161528,0.327027,0.534379,-0.241939,-0.0615383
1501,27.1861,0.387791,0,0.373856,0.593775,-0.190855,0.080904,0.00211478,-0.0673068,0.373856,0.593775,-0.17177,-0.0499467
1502,27.2042,0.418123,0,0.422568,0.642213,-0.0889551,0.0692113,0.0106206,-0.115595,0.422568,0.642213,-0.0800596,-0.0263127
1503,27.2223,0.456391,0,0.468264,0.669219,0.031868,0.0612314,0.0196551,-0.161183,0.468264,0.669219,0.0286812,0.0104459
1504,27.2404,0.49828,0,0.508255,0.66607,0.163271,0.0563813,0.0291873,-0.204205,0.508255,0.66607,0.146944,0.0580884
1505,27.2586,0.538639,0,0.536352,0.625787,0.297466,0.054194,0.0393457,-0.244758,0.536352,0.625787,0.267719,0.111683
1506,27.2767,0.571169,0,0.549074,0.549773,0.413172,0.0543213,0.0503703,-0.282904,0.549074,0.549773,0.371854,0.158803
1507,27.2948,0.590579,0,0.543211,0.445232,0.495627,0.0565298,0.0625836,-0.318666,0.543211,0.445232,0.446064,0.188461
1508,27.3129,0.596024,0,0.517018,0.325841,0.539754,0.0606933,0.0763753,-0.352025,0.517018,0.325841,0.485778,0.195344
1509,27.331,0.589055,0,0.474207,0.20946,0.545111,0.0667849,0.0921979,-0.382906,0.474207,0.20946,0.4906,0.180947
1510,27.3491,0.57048,0,0.419803,0.10948,0.514773,0.0748706,0.110568,-0.411167,0.419803,0.10948,0.463295,0.151272
1511,27.3672,0.544817,0,0.359237,0.0313754,0.460756,0.0851045,0.13207,-0.436567,0.359237,0.0313754,0.41468,0.115864
1512,27.3853,0.518078,0,0.297687,-0.0218208,0.397488,0.0977256,0.157364,-0.458738,0.297687,-0.0218208,0.357739,0.0828289
1513,27.4035,0.491655,0,0.239943,-0.0542051,0.329593,0.113055,0.187176,-0.477134,0.239943,-0.0542051,0.296634,0.0553584
1514,27.4216,0.468259,0,0.188444,-0.0736362,0.262017,0.131495,0.222288,-0.490967,0.188444,-0.0736362,0.235816,0.0345629
1515,27.4397,0.447069,0,0.142982,-0.0818753,0.193854,0.153515,0.263496,-0.499124,0.142982,-0.0818753,0.174469,0.0194023
1516,27.4578,0.432752,0,0.1045,-0.0835177,0.132489,0.179643,0.31152,-0.500063,0.1045,-0.0835177,0.11924,0.00969159
1517,27.4759,0.426379,0,0.0736041,-0.0820838,0.0785045,0.210419,0.366851,-0.491702,0.0736041,-0.0820838,0.070654,0.00404477
1518,27.494,0.426394,0,0.048823,-0.0790156,0.0265306,0.246336,0.429482,-0.471319,0.048823,-0.0790156,0.0238776,0.000906713
1519,27.5121,0.434676,0,0.0292039,-0.0753035,-0.0223025,0.287717,0.498496,-0.435528,0.0292039,-0.0753035,-0.0200722,-0.000455924
1520,27.5302,0.451666,0,0.014317,-0.0714818,-0.0704893,0.33453,0.571479,-0.380443,0.014317,-0.0714818,-0.0634404,-0.000706437
1521,27.5484,0.479104,0,0.00266046,-0.0681195,-0.115812,0.386115,0.64381,-0.302201,0.00266046,-0.0681195,-0.104231,-0.000215679
1522,27.5665,0.516284,0,-0.00632136,-0.065341,-0.158211,0.440837,0.708034,-0.198073,-0.00632136,-0.065341,-0.14239,0.000700076
1523,27.5846,0.561336,0,-0.0135719,-0.0640982,-0.19857,0.495726,0.753786,-0.06828,-0.0135719,-0.0640982,-0.178713,0.00188649
1524,27.6027,0.609795,0,-0.0198154,-0.0640165,-0.236275,0.546279,0.769013,0.0817645,-0.0198154,-0.0640165,-0.212647,0.00327732
1525,27.6208,0.655632,0,-0.0248274,-0.0655457,-0.271755,0.5867,0.743088,0.239817,-0.0248274,-0.0655457,-0.244579,0.00472287
1526,27.6389,0.692041,0,-0.0290888,-0.0684243,-0.305231,0.610812,0.671434,0.387517,-0.0290888,-0.0684243,-0.274708,0.00621518
1527,27.657,0.713567,0,-0.0339199,-0.0732351,-0.336667,0.613625,0.559481,0.504694,-0.0339199,-0.0732351,-0.303,0.0079938
1528,27.6751,0.716732,0,-0.0387708,-0.0801602,-0.366682,0.593031,0.422813,0.576164,-0.0387708,-0.0801602,-0.330014,0.0099516
1529,27.6932,0.700951,0,-0.0438538,-0.0881394,-0.394441,0.550719,0.282247,0.597171,-0.0438538,-0.0881394,-0.354997,0.0121084
1530,27.7114,0.670113,0,-0.0492167,-0.0966393,-0.4213,0.491749,0.156464,0.573913,-0.0492167,-0.0966393,-0.37917,0.0145145
1531,27.7295,0.629551,0,-0.0555668,-0.107479,-0.446681,0.422999,0.0566906,0.519252,-0.0555668,-0.107479,-0.402013,0.0173745
1532,27.7476,0.584495,0,-0.0630603,-0.120812,-0.470476,0.351339,-0.014204,0.447027,-0.0630603,-0.120812,-0.423428,0.0207679
1533,27.7657,0.538419,0,-0.071589,-0.136571,-0.491145,0.282306,-0.0593128,0.3682,-0.071589,-0.136571,-0.44203,0.0246124
1534,27.7838,0.494761,0,-0.0815377,-0.155079,-0.509498,0.219574,-0.0844552,0.289695,-0.0815377,-0.155079,-0.458548,0.0290803
1535,27.8019,0.45527,0,-0.0935367,-0.177368,-0.525459,0.16504,-0.0957539,0.215006,-0.0935367,-0.177368,-0.472913,0.0344048
1536,27.82,0.420498,0,-0.108244,-0.204292,-0.538352,0.119222,-0.0983975,0.14539,-0.108244,-0.204292,-0.484516,0.0407914
1537,27.8381,0.390197,0,-0.125614,-0.237068,-0.546744,0.081726,-0.096276,0.0809103,-0.125614,-0.237068,-0.492069,0.0480752
1538,27.8563,0.365069,0,-0.146847,-0.277443,-0.549884,0.0516392,-0.0920713,0.0211381,-0.146847,-0.277443,-0.494896,0.0565243
1539,27.8744,0.346392,0,-0.172541,-0.326384,-0.547078,0.0278221,-0.0875114,-0.0344793,-0.172541,-0.326384,-0.49237,0.0660754
1540,27.8925,0.335717,0,-0.203064,-0.38418,-0.536763,0.00909628,-0.08364,-0.08645,-0.203064,-0.38418,-0.483087,0.0762982
1541,27.9106,0.333697,0,-0.238832,-0.449739,-0.514328,-0.00564654,-0.0810441,-0.135186,-0.238832,-0.449739,-0.462895,0.0859867
1542,27.9287,0.343311,0,-0.280429,-0.524192,-0.476159,-0.0173913,-0.0800282,-0.181005,-0.280429,-0.524192,-0.428543,0.0934701
1543,27.9468,0.366579,0,-0.328703,-0.604223,-0.419256,-0.0269832,-0.0807392,-0.224141,-0.328703,-0.604223,-0.37733,0.0964675
1544,27.9649,0.403602,0,-0.383275,-0.685172,-0.336693,-0.0351333,-0.0832531,-0.26477,-0.383275,-0.685172,-0.303023,0.0903321
1545,27.983,0.45473,0,-0.442952,-0.761318,-0.225089,-0.0424355,-0.0876333,-0.303017,-0.442952,-0.761318,-0.20258,0.0697924
1546,28.0012,0.515922,0,-0.504119,-0.819466,-0.0832297,-0.0493896,-0.0939689,-0.338967,-0.504119,-0.819466,-0.0749067,0.0293703
1547,28.0193,0.581922,0,-0.560955,-0.84216,0.0900447,-0.0564253,-0.1024,-0.372668,-0.560955,-0.84216,0.0810402,-0.0353577
1548,28.0374,0.642478,0,-0.606323,-0.812788,0.270138,-0.0639262,-0.113137,-0.404124,-0.606323,-0.812788,0.243124,-0.114653
1549,28.0555,0.693827,0,-0.634443,-0.730287,0.440516,-0.0722518,-0.12647,-0.433288,-0.634443,-0.730287,0.396465,-0.195638
1550,28.0736,0.725706,0,-0.637893,-0.596312,0.57193,-0.0817578,-0.142786,-0.460047,-0.637893,-0.596312,0.514737,-0.255381
1551,28.0917,0.735946,0,-0.611441,-0.434727,0.647971,-0.0928148,-0.162569,-0.484198,-0.611441,-0.434727,0.583174,-0.277337
1552,28.1098,0.724892,0,-0.561311,-0.270769,0.661555,-0.105824,-0.186415,-0.505415,-0.561311,-0.270769,0.595399,-0.259937
1553,28.1279,0.696382,0,-0.49201,-0.130191,0.621425,-0.121233,-0.215026,-0.523202,-0.49201,-0.130191,0.559283,-0.214023
1554,28.146,0.660687,0,-0.41275,-0.0263343,0.551849,-0.139544,-0.249204,-0.536825,-0.41275,-0.0263343,0.496664,-0.159443
1555,28.1642,0.624004,0,-0.332419,0.0419767,0.469063,-0.161319,-0.289814,-0.545227,-0.332419,0.0419767,0.422157,-0.109148
1556,28.1823,0.589027,0,-0.258108,0.080677,0.380871,-0.18718,-0.337711,-0.546911,-0.258108,0.080677,0.342784,-0.068814
1557,28.2004,0.561998,0,-0.189817,0.102357,0.297311,-0.217774,-0.393598,-0.539811,-0.189817,0.102357,0.26758,-0.0395043
1558,28.2185,0.543762,0,-0.133056,0.108278,0.221858,-0.253731,-0.457773,-0.521147,-0.133056,0.108278,0.199672,-0.0206637
1559,28.2366,0.537143,0,-0.0855997,0.107871,0.156848,-0.295546,-0.529711,-0.487341,-0.0855997,0.107871,0.141163,-0.0093983
1560,28.2547,0.541452,0,-0.0474161,0.104816,0.0993817,-0.343409,-0.607442,-0.434086,-0.0474161,0.104816,0.0894436,-0.00329861
1561,28.2728,0.555728,0,-0.0170306,0.102582,0.0422181,-0.396917,-0.686722,-0.356764,-0.0170306,0.102582,0.0379963,-0.000503299
1562,28.2909,0.581246,0,0.00778884,0.100453,-0.00861874,-0.454688,-0.760168,-0.251493,0.00778884,0.100453,-0.00775686,-4.6991e-05
1563,28.3091,0.615938,0,0.0275393,0.100086,-0.0519375,-0.513919,-0.816823,-0.117048,0.0275393,0.100086,-0.0467437,-0.00100123
1564,28.3272,0.655035,0,0.044022,0.101376,-0.0926984,-0.570042,-0.843011,0.0424661,0.044022,0.101376,-0.0834285,-0.00285654
1565,28.3453,0.693323,0,0.0577,0.105658,-0.131548,-0.61681,-0.825428,0.215158,0.0577,0.105658,-0.118393,-0.00531323
1566,28.3634,0.723938,0,0.0699978,0.113535,-0.167425,-0.647145,-0.756507,0.381205,0.0699978,0.113535,-0.150682,-0.00820357
1567,28.3815,0.740745,0,0.0823424,0.125547,-0.20182,-0.654864,-0.639861,0.517059,0.0823424,0.125547,-0.181638,-0.0116328
1568,28.3996,0.737437,0,0.0945256,0.140218,-0.23153,-0.636773,-0.491755,0.603486,0.0945256,0.140218,-0.208377,-0.0153198
1569,28.4177,0.714172,0,0.108012,0.159805,-0.256561,-0.594037,-0.336087,0.633014,0.108012,0.159805,-0.230905,-0.0193981
1570,28.4358,0.675356,0,0.123531,0.184663,-0.279557,-0.531946,-0.195376,0.611645,0.123531,0.184663,-0.251601,-0.0241737
1571,28.454,0.625123,0,0.140662,0.214162,-0.297402,-0.458182,-0.083613,0.554098,0.140662,0.214162,-0.267662,-0.0292832
1572,28.4721,0.569438,0,0.160236,0.246869,-0.308804,-0.380607,-0.00462786,0.4767,0.160236,0.246869,-0.277923,-0.034637
1573,28.4902,0.514519,0,0.182696,0.283418,-0.313983,-0.305602,0.0450999,0.392388,0.182696,0.283418,-0.282585,-0.0401544
1574,28.5083,0.464276,0,0.207771,0.325153,-0.310999,-0.237388,0.0724156,0.309173,0.207771,0.325153,-0.279899,-0.0452315
1575,28.5264,0.422705,0,0.236711,0.372006,-0.299448,-0.178118,0.084481,0.230915,0.236711,0.372006,-0.269503,-0.0496179
1576,28.5445,0.39141,0,0.270138,0.424171,-0.273978,-0.12835,0.0872867,0.158827,0.270138,0.424171,-0.24658,-0.0518083
1577,28.5626,0.372862,0,0.307048,0.478154,-0.234272,-0.0876042,0.0852573,0.0927757,0.307048,0.478154,-0.210845,-0.050353
1578,28.5807,0.368268,0,0.346261,0.530378,-0.178644,-0.0548195,0.0814012,0.0321126,0.346261,0.530378,-0.160779,-0.0433002
1579,28.5988,0.377467,0,0.386927,0.57593,-0.103944,-0.0286906,0.0776364,-0.0238887,0.386927,0.57593,-0.0935496,-0.0281531
1580,28.617,0.398434,0,0.427457,0.606559,-0.0102602,-0.00787696,0.0751179,-0.075856,0.427457,0.606559,-0.00923418,-0.00307006
1581,28.6351,0.42761,0,0.464788,0.617001,0.0911279,0.00887858,0.074506,-0.12427,0.464788,0.617001,0.0820151,0.0296486
1582,28.6532,0.460798,0,0.494752,0.602428,0.200952,0.0226947,0.0761652,-0.169472,0.494752,0.602428,0.180857,0.0695949
1583,28.6713,0.493262,0,0.513768,0.560017,0.308058,0.034537,0.0803051,-0.21169,0.513768,0.560017,0.277252,0.110789
1584,28.6894,0.517005,0,0.519273,0.488453,0.393971,0.0452275,0.087077,-0.251056,0.519273,0.488453,0.354574,0.143205
1585,28.7075,0.530837,0,0.508717,0.397259,0.453696,0.0554663,0.0966371,-0.287623,0.508717,0.397259,0.408326,0.161562
1586,28.7256,0.534832,0,0.482457,0.29964,0.483813,0.0658586,0.109188,-0.321364,0.482457,0.29964,0.435431,0.163393
1587,28.7437,0.528534,0,0.444284,0.207247,0.482302,0.0769432,0.125003,-0.352168,0.444284,0.207247,0.434071,0.149995
1588,28.7619,0.512752,0,0.396948,0.127286,0.453097,0.0892187,0.144442,-0.379821,0.396948,0.127286,0.407787,0.125899
1589,28.78,0.491819,0,0.345044,0.0647693,0.406275,0.103167,0.167954,-0.403975,0.345044,0.0647693,0.365647,0.0981278
1590,28.7981,0.470706,0,0.292825,0.0199676,0.35278,0.119271,0.196071,-0.424111,0.292825,0.0199676,0.317502,0.0723121
1591,28.8162,0.449173,0,0.244028,-0.00789548,0.293822,0.13803,0.229383,-0.43948,0.244028,-0.00789548,0.26444,0.0501906
1592,28.8343,0.429204,0,0.200063,-0.0242529,0.233125,0.159962,0.268492,-0.449033,0.200063,-0.0242529,0.209813,0.0326478
1593,28.8524,0.411069,0,0.161886,-0.0299422,0.171662,0.185592,0.313923,-0.451337,0.161886,-0.0299422,0.154496,0.0194528
1594,28.8705,0.399493,0,0.129859,-0.0307207,0.115961,0.21543,0.365968,-0.444486,0.129859,-0.0307207,0.104365,0.010541
1595,28.8886,0.394381,0,0.104215,-0.0279647,0.0645869,0.249904,0.424443,-0.426036,0.104215,-0.0279647,0.0581282,0.00471164
1596,28.9068,0.395923,0,0.0843365,-0.023158,0.0152152,0.289259,0.488328,-0.393018,0.0843365,-0.023158,0.0136937,0.000898237
1597,28.9249,0.405617,0,0.0688214,-0.016808,-0.031777,0.333395,0.555267,-0.342112,0.0688214,-0.016808,-0.0285993,-0.00153086
1598,28.943,0.424252,0,0.0573291,-0.00973914,-0.077883,0.381633,0.621002,-0.27014,0.0573291,-0.00973914,-0.0700947,-0.00312547
1599,28.9611,0.452583,0,0.0492759,-0.00278637,-0.120475,0.432428,0.678912,-0.175031,0.0492759,-0.00278637,-0.108428,-0.00415556
1600,28.9792,0.488024,0,0.044038,0.00513247,-0.160456,0.48309,0.720044,-0.0573178,0.044038,0.00513247,-0.14441,-0.00494631
1601,28.9973,0.527669,0,0.0409549,0.0131931,-0.198755,0.529649,0.734191,0.0780919,0.0409549,0.0131931,-0.17888,-0.00569801
1602,29.0154,0.566406,0,0.0398001,0.021895,-0.234943,0.567076,0.712428,0.22068,0.0398001,0.021895,-0.211449,-0.00654552
1603,29.0335,0.59895,0,0.0405998,0.0311791,-0.269915,0.590041,0.65078,0.354932,0.0405998,0.0311791,-0.242923,-0.00767093
1604,29.0516,0.619786,0,0.0430885,0.0418352,-0.302481,0.59419,0.553365,0.463698,0.0430885,0.0418352,-0.272233,-0.00912342
1605,29.0698,0.625942,0,0.0468482,0.0544715,-0.332941,0.577514,0.432696,0.533518,0.0468482,0.0544715,-0.299647,-0.0109184
1606,29.0879,0.6164,0,0.0526108,0.0690266,-0.360083,0.541165,0.306089,0.559136,0.0526108,0.0690266,-0.324075,-0.013261
1607,29.106,0.593913,0,0.0603897,0.0860752,-0.38484,0.48922,0.189895,0.54442,0.0603897,0.0860752,-0.346356,-0.0162682
1608,29.1241,0.562448,0,0.070728,0.106743,-0.40701,0.427503,0.0948943,0.499419,0.070728,0.106743,-0.366309,-0.0201509
1609,29.1422,0.526563,0,0.0833805,0.130891,-0.426047,0.362088,0.0249562,0.435873,0.0833805,0.130891,-0.383442,-0.0248668
1610,29.1603,0.490029,0,0.0982594,0.159359,-0.44106,0.298104,-0.0214729,0.363768,0.0982594,0.159359,-0.396954,-0.0303368
1611,29.1784,0.45593,0,0.115878,0.192398,-0.451845,0.239165,-0.0488352,0.289926,0.115878,0.192398,-0.406661,-0.0366512
1612,29.1965,0.425738,0,0.136592,0.230222,-0.456798,0.187327,-0.0623134,0.218188,0.136592,0.230222,-0.411118,-0.0436765
1613,29.2147,0.400922,0,0.160706,0.274024,-0.454631,0.143368,-0.0665744,0.150272,0.160706,0.274024,-0.409168,-0.0511432
1614,29.2328,0.382623,0,0.188675,0.323684,-0.4437,0.107174,-0.0652775,0.0866464,0.188675,0.323684,-0.39933,-0.0586007
1615,29.2509,0.373257,0,0.221047,0.379986,-0.423403,0.0780835,-0.0610375,0.0271766,0.221047,0.379986,-0.381063,-0.0655142
1616,29.269,0.375128,0,0.259236,0.444177,-0.390094,0.0551688,-0.0555878,-0.0284949,0.259236,0.444177,-0.351085,-0.0707886
1617,29.2871,0.389581,0,0.302642,0.514109,-0.339147,0.0374213,-0.0499954,-0.080759,0.302642,0.514109,-0.305232,-0.0718481
1618,29.3052,0.415195,0,0.35027,0.581447,-0.265481,0.0238682,-0.0448584,-0.129963,0.35027,0.581447,-0.238933,-0.065093
1619,29.3233,0.453313,0,0.401136,0.64237,-0.168836,0.013636,-0.0404653,-0.176394,0.401136,0.64237,-0.151952,-0.0474083
1620,29.3414,0.501573,0,0.453114,0.687373,-0.0464868,0.00597662,-0.0369125,-0.220281,0.453114,0.687373,-0.0418381,-0.0147447
1621,29.3596,0.555724,0,0.501661,0.704415,0.0981376,0.000271353,-0.0341871,-0.26181,0.501661,0.704415,0.0883238,0.0344622
1622,29.3777,0.605954,0,0.540781,0.679425,0.245062,-0.00397818,-0.0322216,-0.301138,0.540781,0.679425,0.220556,0.0927676
1623,29.3958,0.649202,0,0.563445,0.611737,0.386705,-0.00716557,-0.0309293,-0.338397,0.563445,0.611737,0.348034,0.152521
1624,29.4139,0.679165,0,0.564795,0.506756,0.501235,-0.00959727,-0.0302249,-0.373706,0.564795,0.506756,0.451111,0.198166
1625,29.432,0.689862,0,0.545683,0.375923,0.568771,-0.0115098,-0.0300367,-0.40717,0.545683,0.375923,0.511894,0.217258
1626,29.4501,0.682187,0,0.506378,0.241869,0.586886,-0.0130857,-0.0303118,-0.438888,0.506378,0.241869,0.528197,0.20803
1627,29.4682,0.661727,0,0.450258,0.123425,0.567304,-0.0144666,-0.0310195,-0.468951,0.450258,0.123425,0.510573,0.178803
1628,29.4863,0.63061,0,0.384715,0.0280823,0.516949,-0.0157651,-0.0321512,-0.497445,0.384715,0.0280823,0.465254,0.139214
1629,29.5044,0.593054,0,0.318135,-0.0363229,0.446514,-0.0170742,-0.0337217,-0.524448,0.318135,-0.0363229,0.401862,0.0994362
1630,29.5226,0.555866,0,0.252742,-0.0781907,0.372788,-0.0184745,-0.0357686,-0.550035,0.252742,-0.0781907,0.335509,0.0659534
1631,29.5407,0.520618,0,0.192882,-0.1026,0.299606,-0.0200414,-0.0383545,-0.574273,0.192882,-0.1026,0.269646,0.0404521
1632,29.5588,0.487237,0,0.141382,-0.114851,0.227509,-0.0218502,-0.0415684,-0.597225,0.141382,-0.114851,0.204758,0.022516
1633,29.5769,0.457974,0,0.0975186,-0.117088,0.161657,-0.0239816,-0.0455292,-0.618945,0.0975186,-0.117088,0.145491,0.0110352
1634,29.595,0.432851,0,0.0631646,-0.114193,0.102116,-0.0265264,-0.0503908,-0.639481,0.0631646,-0.114193,0.0919041,0.00451507
1635,29.6131,0.410108,0,0.0349005,-0.110468,0.0464534,-0.0295905,-0.056348,-0.658868,0.0349005,-0.110468,0.0418081,0.00113487
1636,29.6312,0.390084,0,0.0109982,-0.108901,-0.00446024,-0.0333004,-0.0636459,-0.67713,0.0109982,-0.108901,-0.00401421,-3.43383e-05
1637,29.6493,0.371439,0,-0.00767317,-0.106383,-0.0525143,-0.0378098,-0.0725896,-0.69427,-0.00767317,-0.106383,-0.0472629,0.000282066
1638,29.6675,0.353924,0,-0.0221628,-0.104929,-0.0979867,-0.0433062,-0.0835584,-0.710264,-0.0221628,-0.104929,-0.088188,0.00152016
1639,29.6856,0.337509,0,-0.0335383,-0.104027,-0.140742,-0.0500203,-0.0970217,-0.725051,-0.0335383,-0.104027,-0.126668,0.00330418
1640,29.7037,0.322676,0,-0.0426643,-0.106032,-0.179886,-0.058236,-0.113559,-0.73851,-0.0426643,-0.106032,-0.161897,0.0053723
1641,29.7218,0.309771,0,-0.0510675,-0.110983,-0.214665,-0.0683027,-0.13388,-0.750439,-0.0510675,-0.110983,-0.193199,0.0076737
1642,29.7399,0.29722,0,-0.0589807,-0.117137,-0.247859,-0.0806494,-0.158853,-0.760509,-0.0589807,-0.117137,-0.223073,0.0102332
1643,29.758,0.285044,0,-0.0669038,-0.125534,-0.279511,-0.095801,-0.189521,-0.768204,-0.0669038,-0.125534,-0.25156,0.0130902
1644,29.7761,0.274281,0,-0.0748996,-0.136353,-0.308086,-0.114394,-0.227121,-0.772728,-0.0748996,-0.136353,-0.277278,0.0161529
1645,29.7942,0.264955,0,-0.08371,-0.150355,-0.333918,-0.137193,-0.273076,-0.772874,-0.08371,-0.150355,-0.300526,0.0195666
1646,29.8124,0.256924,0,-0.0942304,-0.167878,-0.35809,-0.165093,-0.328939,-0.766829,-0.0942304,-0.167878,-0.322281,0.02362
1647,29.8305,0.252236,0,-0.106833,-0.188311,-0.378943,-0.199112,-0.396249,-0.751925,-0.106833,-0.188311,-0.341049,0.0283386
1648,29.8486,0.252161,0,-0.12056,-0.211767,-0.397999,-0.240337,-0.476207,-0.724312,-0.12056,-0.211767,-0.358199,0.0335879
1649,29.8667,0.259433,0,-0.136386,-0.240482,-0.413287,-0.2898,-0.569071,-0.678634,-0.136386,-0.240482,-0.371958,0.0394565
1650,29.8848,0.276838,0,-0.155252,-0.274682,-0.423595,-0.348224,-0.673085,-0.607862,-0.155252,-0.274682,-0.381236,0.0460348
1651,29.9029,0.306418,0,-0.177303,-0.314891,-0.426684,-0.41557,-0.782844,-0.503654,-0.177303,-0.314891,-0.384015,0.0529567
1652,29.921,0.347576,0,-0.203383,-0.361944,-0.422408,-0.490322,-0.887242,-0.35794,-0.203383,-0.361944,-0.380167,0.0601375
1653,29.9391,0.398003,0,-0.234376,-0.415718,-0.408803,-0.568554,-0.967864,-0.166564,-0.234376,-0.415718,-0.367923,0.0670695
1654,29.9572,0.453066,0,-0.269861,-0.47519,-0.383654,-0.64307,-1,0.0647828,-0.269861,-0.47519,-0.345289,0.0724733
1655,29.9754,0.504874,0,-0.309872,-0.539357,-0.343937,-0.703376,-0.959178,0.314544,-0.309872,-0.539357,-0.309544,0.0746036
1656,29.9935,0.54468,0,-0.353998,-0.603691,-0.285692,-0.73743,-0.83376,0.545016,-0.353998,-0.603691,-0.257123,0.070794
1657,30.0116,0.563969,0,-0.402018,-0.665284,-0.203977,-0.735491,-0.637021,0.713726,-0.402018,-0.665284,-0.18358,0.0574018
1658,30.0297,0.562774,0,-0.452016,-0.71723,-0.098397,-0.694426,-0.40674,0.793218,-0.452016,-0.71723,-0.0885573,0.0311339
1659,30.0478,0.546429,0,-0.500431,-0.74626,0.0291794,-0.619553,-0.188323,0.784341,-0.500431,-0.74626,0.0262615,-0.0102216
1660,30.0659,0.525194,0,-0.542372,-0.742394,0.166899,-0.522477,-0.0141181,0.711605,-0.542372,-0.742394,0.150209,-0.0633651
1661,30.084,0.504641,0,-0.571829,-0.700495,0.305786,-0.416537,0.105306,0.606712,-0.571829,-0.700495,0.275207,-0.1224
1662,30.1021,0.487136,0,-0.585384,-0.619256,0.424136,-0.31287,0.176134,0.494814,-0.585384,-0.619256,0.381722,-0.173798
1663,30.1203,0.46951,0,-0.578605,-0.507039,0.514066,-0.218679,0.211578,0.390119,-0.578605,-0.507039,0.462659,-0.208209
1664,30.1384,0.449387,0,-0.550436,-0.380848,0.559589,-0.137396,0.224813,0.298019,-0.550436,-0.380848,0.50363,-0.215613
1665,30.1565,0.42454,0,-0.505167,-0.260963,0.556384,-0.0697006,0.226046,0.218903,-0.505167,-0.260963,0.500745,-0.196747
1666,30.1746,0.39501,0,-0.448208,-0.159627,0.517598,-0.014613,0.222184,0.15111,-0.448208,-0.159627,0.465838,-0.162394
1667,30.1927,0.363812,0,-0.384514,-0.082849,0.460419,0.0296645,0.217524,0.092573,-0.384514,-0.082849,0.414377,-0.123926
1668,30.2108,0.33306,0,-0.32158,-0.0309499,0.392105,0.0652021,0.214562,0.041519,-0.32158,-0.0309499,0.352895,-0.0882653
1669,30.2289,0.305003,0,-0.262197,0.00105946,0.323092,0.0940329,0.214657,-0.0033378,-0.262197,0.00105946,0.290782,-0.0592995
1670,30.247,0.278614,0,-0.208657,0.0176512,0.25017,0.117998,0.218484,-0.0428146,-0.208657,0.0176512,0.225153,-0.0365398
1671,30.2652,0.258555,0,-0.163629,0.0231065,0.183156,0.138686,0.226323,-0.0773446,-0.163629,0.0231065,0.164841,-0.0209787
1672,30.2833,0.244923,1,-0.126872,0.0224447,0.122216,0.157427,0.238241,-0.10706,-0.126872,0.0224447,0.109994,-0.0108541
1673,30.3014,0.237018,1,-0.0970887,0.0178006,0.0642401,0.17531,0.254185,-0.131856,-0.0970887,0.0178006,0.0578161,-0.00436589
1674,30.3195,0.235447,1,-0.073538,0.0123547,0.0119103,0.193209,0.274027,-0.151429,-0.073538,0.0123547,0.0107193,-0.000613103
1675,30.3376,0.240378,1,-0.0556726,0.00617771,-0.0353388,0.21181,0.297565,-0.165305,-0.0556726,0.00617771,-0.0318049,0.00137718
1676,30.3557,0.250476,0,-0.0419034,0.000478533,-0.0811301,0.231629,0.324487,-0.172856,-0.0419034,0.000478533,-0.0730171,0.00237974
1677,30.3738,0.265822,0,-0.0322152,-0.00395804,-0.125699,0.253017,0.354313,-0.173326,-0.0322152,-0.00395804,-0.113129,0.00283459
1678,30.3919,0.286732,0,-0.0253415,-0.00833872,-0.166809,0.276151,0.38631,-0.16588,-0.0253415,-0.00833872,-0.150128,0.00295904
1679,30.41,0.311546,0,-0.0188832,-0.0116182,-0.20513,0.301013,0.419398,-0.149681,-0.0188832,-0.0116182,-0.184617,0.00271147
1680,30.4282,0.340016,0,-0.0140805,-0.0136465,-0.239675,0.327353,0.452059,-0.124028,-0.0140805,-0.0136465,-0.215708,0.00236232
1681,30.4463,0.371952,0,-0.0112148,-0.0151145,-0.272393,0.354644,0.482275,-0.0885545,-0.0112148,-0.0151145,-0.245154,0.00213839
1682,30.4644,0.406123,0,-0.00904192,-0.0154961,-0.30478,0.382044,0.507559,-0.0434883,-0.00904192,-0.0154961,-0.274302,0.00192906
1683,30.4825,0.441511,0,-0.00728291,-0.0146615,-0.337317,0.408379,0.52511,0.010055,-0.00728291,-0.0146615,-0.303586,0.00171966
1684,30.5006,0.47661,0,-0.00551934,-0.0135867,-0.368413,0.432177,0.532157,0.0698299,-0.00551934,-0.0135867,-0.331572,0.00142338
1685,30.5187,0.509278,0,-0.00373814,-0.0122784,-0.397106,0.451772,0.526467,0.132381,-0.00373814,-0.0122784,-0.357395,0.00103911
1686,30.5368,0.537374,0,-0.00169123,-0.00999069,-0.423854,0.465494,0.506953,0.19325,-0.00169123,-0.00999069,-0.381468,0.000501783
1687,30.5549,0.559235,0,0.00043075,-0.00700682,-0.448449,0.471927,0.474166,0.247537,0.00043075,-0.00700682,-0.403604,-0.000135219
1688,30.5731,0.573963,0,0.00256855,-0.00243736,-0.472327,0.470179,0.430462,0.29072,0.00256855,-0.00243736,-0.425094,-0.000849237
1689,30.5912,0.580754,0,0.00529344,0.00342911,-0.494988,0.460099,0.379695,0.319506,0.00529344,0.00342911,-0.445489,-0.00183413
1690,30.6093,0.579615,0,0.0089631,0.011072,-0.516444,0.442345,0.326485,0.332412,0.0089631,0.011072,-0.4648,-0.00324026
1691,30.6274,0.571199,0,0.0135195,0.0201623,-0.536099,0.418291,0.275301,0.32985,0.0135195,0.0201623,-0.482489,-0.00507346
1692,30.6455,0.557409,0,0.0187987,0.029853,-0.554884,0.389798,0.229692,0.313758,0.0187987,0.029853,-0.499396,-0.00730176
1693,30.6636,0.539689,0,0.0249827,0.0413579,-0.573073,0.358909,0.191888,0.286943,0.0249827,0.0413579,-0.515766,-0.0100218
1694,30.6817,0.518965,0,0.0328195,0.0562536,-0.590027,0.327577,0.16279,0.252435,0.0328195,0.0562536,-0.531025,-0.0135551
1695,30.6998,0.496362,0,0.0423176,0.0738364,-0.605136,0.297461,0.142255,0.213,0.0423176,0.0738364,-0.544622,-0.0179255
1696,30.718,0.472992,0,0.0534927,0.0955153,-0.618533,0.269822,0.129473,0.170906,0.0534927,0.0955153,-0.55668,-0.0231609
1697,30.7361,0.449693,0,0.0670337,0.121707,-0.630299,0.245516,0.123337,0.127866,0.0670337,0.121707,-0.567269,-0.0295759
1698,30.7542,0.426666,0,0.0834599,0.153804,-0.639544,0.225037,0.122709,0.0851086,0.0834599,0.153804,-0.575589,-0.0373634
1699,30.7723,0.404242,0,0.103148,0.192853,-0.645507,0.208591,0.126581,0.0434951,0.103148,0.192853,-0.580956,-0.046608
1700,30.7904,0.382401,0,0.127009,0.241118,-0.646339,0.196185,0.134161,0.0036346,0.127009,0.241118,-0.581705,-0.0574635
1701,30.8085,0.360441,0,0.156189,0.299411,-0.638072,0.187704,0.144886,-0.0340163,0.156189,0.299411,-0.574265,-0.0697618
1702,30.8266,0.339977,0,0.191971,0.369131,-0.618865,0.18297,0.158406,-0.0690779,0.191971,0.369131,-0.556979,-0.0831629
1703,30.8447,0.322969,0,0.235104,0.449831,-0.585244,0.181792,0.174552,-0.101192,0.235104,0.449831,-0.52672,-0.0963152
1704,30.8628,0.312282,0,0.286168,0.539879,-0.53247,0.183996,0.193293,-0.129979,0.286168,0.539879,-0.479223,-0.106663
1705,30.881,0.310951,0,0.345474,0.637098,-0.450466,0.189446,0.214689,-0.155006,0.345474,0.637098,-0.405419,-0.108937
1706,30.8991,0.322963,0,0.411005,0.731184,-0.334402,0.198043,0.238847,-0.175758,0.411005,0.731184,-0.300962,-0.0962086
1707,30.9172,0.352746,0,0.481221,0.813127,-0.182341,0.209728,0.265867,-0.191614,0.481221,0.813127,-0.164107,-0.0614225
1708,30.9353,0.396202,0,0.549198,0.861246,0.0119929,0.224464,0.295778,-0.201831,0.549198,0.861246,0.0107936,0.00461053
1709,30.9534,0.450522,0,0.6089,0.857335,0.235768,0.242213,0.328465,-0.205533,0.6089,0.857335,0.212191,0.100491
1710,30.9715,0.498371,0,0.652144,0.775764,0.449209,0.262905,0.363576,-0.201725,0.652144,0.775764,0.404288,0.205064
1711,30.9896,0.53277,0,0.665098,0.621164,0.62268,0.286386,0.400409,-0.18934,0.665098,0.621164,0.560412,0.2899
1712,31.0077,0.550402,0,0.641025,0.424982,0.727451,0.312361,0.437788,-0.167336,0.641025,0.424982,0.654706,0.32642
1713,31.0259,0.552759,0,0.586383,0.223486,0.755833,0.34032,0.473961,-0.134866,0.586383,0.223486,0.680249,0.310245
1714,31.044,0.543926,0,0.506698,0.0456387,0.718588,0.369473,0.506534,-0.0915423,0.506698,0.0456387,0.646729,0.254875
1715,31.0621,0.527275,0,0.412357,-0.0900634,0.630236,0.398678,0.532538,-0.0377731,0.412357,-0.0900634,0.567213,0.181918
1716,31.0802,0.510446,0,0.317051,-0.172649,0.52427,0.426429,0.548674,0.0248741,0.317051,-0.172649,0.471843,0.116354
1717,31.0983,0.501349,0,0.225947,-0.218022,0.426283,0.450899,0.551807,0.0933978,0.225947,-0.218022,0.383655,0.0674221
1718,31.1164,0.496631,0,0.146873,-0.238472,0.336421,0.470094,0.539667,0.163346,0.146873,-0.238472,0.302779,0.0345878
1719,31.1345,0.492573,0,0.0827699,-0.241849,0.256054,0.482113,0.511602,0.229216,0.0827699,-0.241849,0.230449,0.0148355
1720,31.1526,0.492406,0,0.0258084,-0.243046,0.190722,0.485474,0.469102,0.285296,0.0258084,-0.243046,0.17165,0.00344555
1721,31.1708,0.48926,0,-0.0204851,-0.240277,0.132422,0.479442,0.415792,0.326769,-0.0204851,-0.240277,0.11918,-0.00189888
1722,31.1889,0.480502,0,-0.0555113,-0.234477,0.080667,0.464224,0.3568,0.35069,-0.0555113,-0.234477,0.0726003,-0.00313455
1723,31.207,0.468095,0,-0.0828733,-0.230612,0.0342201,0.440978,0.297665,0.356463,-0.0828733,-0.230612,0.0307981,-0.00198516
1724,31.2251,0.453954,0,-0.106473,-0.231265,-0.00746771,0.411603,0.243219,0.345644,-0.106473,-0.231265,-0.00672094,0.000556574
1725,31.2432,0.437544,0,-0.126526,-0.235101,-0.043217,0.378399,0.196824,0.321235,-0.126526,-0.235101,-0.0388953,0.00382764
1726,31.2613,0.420295,0,-0.143655,-0.242361,-0.074311,0.343701,0.160151,0.286817,-0.143655,-0.242361,-0.0668799,0.00747259
1727,31.2794,0.404968,0,-0.159211,-0.254397,-0.103229,0.30958,0.133411,0.245824,-0.159211,-0.254397,-0.0929058,0.0115046
1728,31.2975,0.392359,0,-0.174654,-0.269353,-0.12885,0.277671,0.115816,0.201125,-0.174654,-0.269353,-0.115965,0.0157529
1729,31.3156,0.383303,0,-0.190095,-0.287791,-0.149631,0.249113,0.106072,0.154887,-0.190095,-0.287791,-0.134668,0.0199109
1730,31.3338,0.378847,0,-0.206407,-0.310057,-0.164131,0.224589,0.10276,0.108633,-0.206407,-0.310057,-0.147718,0.0237145
1731,31.3519,0.38005,0,-0.223882,-0.336084,-0.172614,0.204408,0.104583,0.0633833,-0.223882,-0.336084,-0.155352,0.0270516
1732,31.37,0.38809,0,-0.243608,-0.366496,-0.173867,0.188613,0.110491,0.0198107,-0.243608,-0.366496,-0.15648,0.0296487
1733,31.3881,0.403534,0,-0.265682,-0.400669,-0.168887,0.177072,0.119718,-0.0216274,-0.265682,-0.400669,-0.151998,0.0314092
1734,31.4062,0.425184,0,-0.290473,-0.435197,-0.156829,0.169565,0.131767,-0.0605904,-0.290473,-0.435197,-0.141146,0.0318882
1735,31.4243,0.45239,0,-0.317214,-0.46941,-0.134571,0.165846,0.146377,-0.0967834,-0.317214,-0.46941,-0.121114,0.0298816
1736,31.4424,0.484688,0,-0.345224,-0.502089,-0.102181,0.165682,0.163474,-0.129907,-0.345224,-0.502089,-0.0919632,0.0246928
1737,31.4605,0.521198,0,-0.373214,-0.531497,-0.0576921,0.168884,0.183123,-0.159623,-0.373214,-0.531497,-0.0519229,0.015072
1738,31.4787,0.560253,0,-0.400739,-0.553792,-0.00299917,0.175318,0.205483,-0.185516,-0.400739,-0.553792,-0.00269925,0.000841318
1739,31.4968,0.60015,0,-0.426776,-0.565943,0.0606038,0.184909,0.230756,-0.207076,-0.426776,-0.565943,0.0545434,-0.018105
1740,31.5149,0.638223,0,-0.449264,-0.56607,0.126395,0.197631,0.259142,-0.223659,-0.449264,-0.56607,0.113755,-0.0397492
1741,31.533,0.671294,0,-0.465674,-0.551327,0.191565,0.213495,0.29077,-0.234474,-0.465674,-0.551327,0.172408,-0.0624446
1742,31.5511,0.696008,0,-0.474441,-0.520817,0.248298,0.232521,0.325622,-0.238558,-0.474441,-0.520817,0.223468,-0.0824617
1743,31.5692,0.713658,0,-0.475761,-0.479381,0.298155,0.254699,0.36343,-0.234783,-0.475761,-0.479381,0.268339,-0.0992953
1744,31.5873,0.722854,0,-0.469348,-0.429753,0.336444,0.279939,0.403543,-0.221892,-0.469348,-0.429753,0.3028,-0.110537
1745,31.6054,0.722353,0,-0.454734,-0.376238,0.357774,0.308003,0.444776,-0.198596,-0.454734,-0.376238,0.321996,-0.113884
1746,31.6236,0.711555,0,-0.432325,-0.321323,0.359987,0.338418,0.485263,-0.163756,-0.432325,-0.321323,0.323989,-0.108942
1747,31.6417,0.693527,0,-0.404557,-0.271343,0.344254,0.370386,0.522345,-0.116684,-0.404557,-0.271343,0.309829,-0.0974892
1748,31.6598,0.671425,0,-0.372881,-0.227821,0.319085,0.402698,0.5526,-0.0575541,-0.372881,-0.227821,0.287177,-0.0832866
1749,31.6779,0.647347,0,-0.339029,-0.192718,0.286243,0.43369,0.572094,0.0121166,-0.339029,-0.192718,0.257619,-0.0679312
1750,31.696,0.624459,0,-0.30629,-0.168161,0.248747,0.46128,0.576947,0.0890704,-0.30629,-0.168161,0.223872,-0.053332
1751,31.7141,0.603678,0,-0.276557,-0.153194,0.206588,0.483134,0.564215,0.168207,-0.276557,-0.153194,0.18593,-0.0399935
1752,31.7322,0.584293,0,-0.249992,-0.145337,0.163864,0.496973,0.532878,0.243016,-0.249992,-0.145337,0.147478,-0.0286754
1753,31.7503,0.565192,0,-0.227183,-0.142833,0.121011,0.500988,0.484575,0.306624,-0.227183,-0.142833,0.10891,-0.0192441
1754,31.7684,0.5458,0,-0.208988,-0.145407,0.0787903,0.494255,0.423656,0.353219,-0.208988,-0.145407,0.0709113,-0.0115263
1755,31.7866,0.524581,0,-0.194805,-0.15126,0.0379468,0.477002,0.356361,0.379345,-0.194805,-0.15126,0.0341521,-0.00517455
1756,31.8047,0.50081,0,-0.184012,-0.158319,-0.00180638,0.450612,0.2894,0.3845,-0.184012,-0.158319,-0.00162574,0.000232677
1757,31.8228,0.475743,0,-0.17679,-0.169563,-0.0384772,0.417362,0.228486,0.370835,-0.17679,-0.169563,-0.0346295,0.00476168
1758,31.8409,0.450555,0,-0.173215,-0.184314,-0.0727101,0.379977,0.177406,0.342183,-0.173215,-0.184314,-0.0654391,0.00881615
1759,31.859,0.426476,0,-0.173639,-0.201133,-0.104179,0.341174,0.137812,0.302917,-0.173639,-0.201133,-0.0937614,0.0126627
1760,31.8771,0.404589,0,-0.176922,-0.219738,-0.132797,0.303306,0.109604,0.257065,-0.176922,-0.219738,-0.119517,0.0164463
1761,31.8952,0.386306,0,-0.182923,-0.23974,-0.158844,0.268165,0.091565,0.207837,-0.182923,-0.23974,-0.142959,0.0203393
1762,31.9133,0.37271,0,-0.191799,-0.262639,-0.180334,0.236943,0.0819789,0.157538,-0.191799,-0.262639,-0.1623,0.0242115
1763,31.9315,0.364576,0,-0.203082,-0.288314,-0.197076,0.210294,0.0790846,0.107695,-0.203082,-0.288314,-0.177368,0.0280158
1764,31.9496,0.362987,0,-0.217431,-0.317491,-0.20808,0.188455,0.0813415,0.0592549,-0.217431,-0.317491,-0.187272,0.0316701
1765,31.9677,0.368556,0,-0.234752,-0.350544,-0.212253,0.171369,0.0875449,0.0127909,-0.234752,-0.350544,-0.191028,0.0348788
1766,31.9858,0.381714,0,-0.255254,-0.38672,-0.209773,0.158805,0.0968451,-0.0313446,-0.255254,-0.38672,-0.188796,0.0374818
1767,32.0039,0.402137,0,-0.278781,-0.425086,-0.199238,0.150451,0.108715,-0.0729106,-0.278781,-0.425086,-0.179314,0.0388806
1768,32.022,0.430222,0,-0.305525,-0.466034,-0.179364,0.145981,0.122895,-0.111704,-0.305525,-0.466034,-0.161427,0.03836
1769,32.0401,0.464922,0,-0.335461,-0.506809,-0.149321,0.145103,0.139341,-0.147514,-0.335461,-0.506809,-0.134389,0.035064
1770,32.0582,0.504996,0,-0.367068,-0.545209,-0.106229,0.147586,0.158167,-0.180083,-0.367068,-0.545209,-0.0956062,0.0272953
1771,32.0764,0.549096,0,-0.399623,-0.577687,-0.0498884,0.153272,0.179601,-0.209084,-0.399623,-0.577687,-0.0448996,0.0139556
1772,32.0945,0.59438,0,-0.430123,-0.599264,0.018938,0.162079,0.203942,-0.234085,-0.430123,-0.599264,0.0170442,-0.00570197
1773,32.1126,0.639095,0,-0.457953,-0.606714,0.0966603,0.174,0.231518,-0.254526,-0.457953,-0.606714,0.0869942,-0.0309861
1774,32.1307,0.679299,0,-0.480984,-0.596274,0.174878,0.189086,0.262631,-0.269679,-0.480984,-0.596274,0.15739,-0.0588794
1775,32.1488,0.712691,0,-0.496573,-0.56754,0.250419,0.207427,0.297495,-0.278623,-0.496573,-0.56754,0.225377,-0.0870458
1776,32.1669,0.73609,0,-0.502366,-0.520475,0.316967,0.229118,0.336141,-0.280213,-0.502366,-0.520475,0.28527,-0.111463
1777,32.185,0.747423,0,-0.497054,-0.459111,0.367449,0.254218,0.378287,-0.273083,-0.497054,-0.459111,0.330704,-0.127849
1778,32.2031,0.74546,0,-0.480511,-0.39115,0.393578,0.282681,0.423176,-0.255684,-0.480511,-0.39115,0.354221,-0.132383
1779,32.2212,0.731605,0,-0.454469,-0.322468,0.396302,0.314271,0.469374,-0.226404,-0.454469,-0.322468,0.356672,-0.126075
1780,32.2394,0.709893,0,-0.421127,-0.260468,0.380911,0.348458,0.514562,-0.183812,-0.421127,-0.260468,0.34282,-0.112288
1781,32.2575,0.683794,0,-0.383355,-0.208671,0.352156,0.384289,0.555398,-0.127055,-0.383355,-0.208671,0.31694,-0.0945004
1782,32.2756,0.656436,0,-0.343978,-0.168878,0.31294,0.420286,0.587555,-0.05643,-0.343978,-0.168878,0.281646,-0.0753512
1783,32.2937,0.631988,0,-0.306296,-0.142872,0.268112,0.454387,0.606097,0.0259692,-0.306296,-0.142872,0.241301,-0.0574851
1784,32.3118,0.610573,0,-0.272013,-0.125874,0.219307,0.484015,0.606312,0.11574,-0.272013,-0.125874,0.197376,-0.041758
1785,32.3299,0.591884,0,-0.241006,-0.115773,0.167924,0.506321,0.584958,0.206138,-0.241006,-0.115773,0.151132,-0.0283295
1786,32.348,0.576371,0,-0.214846,-0.113585,0.117466,0.518632,0.541589,0.288845,-0.214846,-0.113585,0.10572,-0.017666
1787,32.3661,0.561526,0,-0.193949,-0.117367,0.0700191,0.519008,0.479357,0.355581,-0.193949,-0.117367,0.0630172,-0.00950612
1788,32.3843,0.544472,0,-0.177661,-0.123955,0.0240151,0.506759,0.404721,0.400074,-0.177661,-0.123955,0.0216136,-0.00298658
1789,32.4024,0.523541,0,-0.1651,-0.132917,-0.0187222,0.482687,0.325962,0.419557,-0.1651,-0.132917,-0.01685,0.00216372
1790,32.4205,0.498928,0,-0.156448,-0.144454,-0.0579837,0.448959,0.251114,0.415084,-0.156448,-0.144454,-0.0521854,0.00635001
1791,32.4386,0.471819,0,-0.151986,-0.158513,-0.0938262,0.408639,0.18621,0.390639,-0.151986,-0.158513,-0.0844436,0.00998218
1792,32.4567,0.443893,0,-0.151858,-0.174565,-0.126323,0.365068,0.134488,0.351586,-0.151858,-0.174565,-0.113691,0.0134282
1793,32.4748,0.417047,0,-0.155383,-0.193213,-0.155617,0.32132,0.0965903,0.303242,-0.155383,-0.193213,-0.140055,0.0169262
1794,32.4929,0.393386,0,-0.161523,-0.215138,-0.182883,0.279845,0.0713483,0.249987,-0.161523,-0.215138,-0.164595,0.0206779
1795,32.511,0.373584,0,-0.17038,-0.238961,-0.206227,0.242336,0.0566692,0.194975,-0.17038,-0.238961,-0.185604,0.0245959
1796,32.5292,0.358589,0,-0.181476,-0.264527,-0.225273,0.209772,0.0502431,0.140244,-0.181476,-0.264527,-0.202746,0.0286172
1797,32.5473,0.349737,0,-0.195387,-0.293443,-0.238854,0.182552,0.0499757,0.0869907,-0.195387,-0.293443,-0.214969,0.0326683
1798,32.5654,0.348062,0,-0.212564,-0.325862,-0.246465,0.160659,0.0541872,0.0358614,-0.212564,-0.325862,-0.221819,0.0366728
1799,32.5835,0.354647,0,-0.233381,-0.362238,-0.2481,0.143818,0.0616571,-0.0128201,-0.233381,-0.362238,-0.22329,0.0405313
1800,32.6016,0.369201,0,-0.257145,-0.401697,-0.242714,0.131623,0.0715878,-0.0588948,-0.257145,-0.401697,-0.218443,0.0436889
1801,32.6197,0.39196,0,-0.283898,-0.444662,-0.228072,0.123633,0.0835341,-0.102271,-0.283898,-0.444662,-0.205265,0.0453244
1802,32.6378,0.422623,0,-0.314169,-0.489401,-0.202605,0.11943,0.0973291,-0.142865,-0.314169,-0.489401,-0.182345,0.0445567
1803,32.6559,0.459627,0,-0.346679,-0.532698,-0.163969,0.118665,0.113018,-0.180569,-0.346679,-0.532698,-0.147572,0.0397913
1804,32.674,0.502076,0,-0.380751,-0.571835,-0.11172,0.121075,0.130803,-0.215223,-0.380751,-0.571835,-0.100548,0.0297763
1805,32.6922,0.548477,0,-0.415158,-0.603117,-0.0456062,0.126492,0.151005,-0.246593,-0.415158,-0.603117,-0.0410456,0.0132537
1806,32.7103,0.596874,0,-0.447492,-0.62269,0.0337146,0.134847,0.174024,-0.274347,-0.447492,-0.62269,0.0303431,-0.0105609
1807,32.7284,0.644183,0,-0.476254,-0.625549,0.120861,0.14616,0.200315,-0.298025,-0.476254,-0.625549,0.108775,-0.0402925
1808,32.7465,0.685476,0,-0.497997,-0.606814,0.207539,0.16053,0.230345,-0.316998,-0.497997,-0.606814,0.186785,-0.0723475
1809,32.7646,0.718744,0,-0.511118,-0.567637,0.287776,0.178125,0.264554,-0.330431,-0.511118,-0.567637,0.258999,-0.102961
1810,32.7827,0.740952,0,-0.512882,-0.50945,0.355246,0.199149,0.303272,-0.337232,-0.512882,-0.50945,0.319722,-0.12754
1811,32.8008,0.749894,0,-0.502587,-0.438672,0.400658,0.223815,0.34662,-0.336009,-0.502587,-0.438672,0.360592,-0.140956
1812,32.8189,0.744761,0,-0.480498,-0.362181,0.41973,0.252285,0.394342,-0.325058,-0.480498,-0.362181,0.377757,-0.141175
1813,32.8371,0.728507,0,-0.448828,-0.289721,0.414253,0.284593,0.445584,-0.302397,-0.448828,-0.289721,0.372828,-0.13015
1814,32.8552,0.705083,0,-0.410301,-0.226473,0.391017,0.320535,0.498613,-0.265911,-0.410301,-0.226473,0.351916,-0.112304
1815,32.8733,0.678265,0,-0.36837,-0.175291,0.355107,0.359523,0.550516,-0.213667,-0.36837,-0.175291,0.319596,-0.0915674
1816,32.8914,0.652182,0,-0.326423,-0.139203,0.309124,0.400419,0.596984,-0.144477,-0.326423,-0.139203,0.278211,-0.0706336
1817,32.9095,0.630293,0,-0.286787,-0.116139,0.259647,0.441379,0.632349,-0.0587055,-0.286787,-0.116139,0.233683,-0.0521244
1818,32.9276,0.613084,0,-0.251288,-0.101796,0.20735,0.479777,0.650145,0.0407834,-0.251288,-0.101796,0.186615,-0.0364732
1819,32.9457,0.601001,0,-0.22001,-0.0954091,0.154666,0.51231,0.644366,0.147913,-0.22001,-0.0954091,0.1392,-0.0238197
1820,32.9638,0.59316,0,-0.194609,-0.0958962,0.103566,0.535373,0.611332,0.25347,-0.194609,-0.0958962,0.093209,-0.0141084
1821,32.982,0.585585,0,-0.174251,-0.10119,0.0561248,0.545718,0.551556,0.346466,-0.174251,-0.10119,0.0505123,-0.00684586
1822,33.0001,0.574723,0,-0.158677,-0.108445,0.00957793,0.541248,0.470593,0.41669,-0.158677,-0.108445,0.00862014,-0.00106386
1823,33.0182,0.557996,0,-0.14661,-0.117873,-0.0339374,0.521668,0.378067,0.457516,-0.14661,-0.117873,-0.0305436,0.0034829
1824,33.0363,0.534749,0,-0.138638,-0.128587,-0.0739784,0.488658,0.285067,0.467557,-0.138638,-0.128587,-0.0665806,0.00717937
1825,33.0544,0.506377,0,-0.134804,-0.142013,-0.110679,0.445504,0.201143,0.450339,-0.134804,-0.142013,-0.0996107,0.0104439
1826,33.0725,0.474315,0,-0.134559,-0.156809,-0.143925,0.396313,0.132315,0.412408,-0.134559,-0.156809,-0.129533,0.0135565
1827,33.0906,0.442067,0,-0.137895,-0.175004,-0.175203,0.345169,0.0807141,0.361012,-0.137895,-0.175004,-0.157683,0.0169118
1828,33.1087,0.411594,0,-0.143836,-0.196053,-0.204426,0.295501,0.0454546,0.302413,-0.143836,-0.196053,-0.183984,0.0205827
1829,33.1268,0.384159,0,-0.152256,-0.218469,-0.230356,0.249779,0.0239524,0.241168,-0.152256,-0.218469,-0.20732,0.0245512
1830,33.145,0.360689,0,-0.162758,-0.243253,-0.251141,0.209489,0.0130749,0.180156,-0.162758,-0.243253,-0.226027,0.0286126
1831,33.1631,0.343162,0,-0.176475,-0.271998,-0.266447,0.175291,0.00987646,0.120966,-0.176475,-0.271998,-0.239802,0.0329148
1832,33.1812,0.332746,0,-0.193888,-0.304384,-0.275841,0.147238,0.0119484,0.0643475,-0.193888,-0.304384,-0.248257,0.0374375
1833,33.1993,0.330712,0,-0.214608,-0.341264,-0.279369,0.124994,0.0175076,0.0105704,-0.214608,-0.341264,-0.251433,0.0419685
1834,33.2174,0.338159,0,-0.238622,-0.382748,-0.277716,0.108019,0.0253483,-0.0403306,-0.238622,-0.382748,-0.249945,0.0463885
1835,33.2355,0.353948,0,-0.26581,-0.427273,-0.266452,0.0956945,0.0347395,-0.0884152,-0.26581,-0.427273,-0.239806,0.0495779
1836,33.2536,0.378899,0,-0.29625,-0.475541,-0.244209,0.087421,0.0453157,-0.133762,-0.29625,-0.475541,-0.219788,0.0506429
1837,33.2717,0.411639,0,-0.330006,-0.523555,-0.208357,0.0826662,0.0569817,-0.176433,-0.330006,-0.523555,-0.187521,0.0481313
1838,33.2899,0.451155,0,-0.36596,-0.568461,-0.157918,0.0809967,0.069838,-0.216456,-0.36596,-0.568461,-0.142126,0.0404542
1839,33.308,0.496827,0,-0.403518,-0.60757,-0.0917989,0.0820899,0.0841276,-0.253815,-0.403518,-0.60757,-0.082619,0.0259298
1840,33.3261,0.546197,0,-0.439898,-0.635973,-0.0113998,0.0857362,0.100201,-0.288438,-0.439898,-0.635973,-0.0102598,0.00351032
1841,33.3442,0.596906,0,-0.47351,-0.648157,0.0817067,0.0918359,0.118495,-0.320188,-0.47351,-0.648157,0.0735361,-0.0270823
1842,33.3623,0.644237,0,-0.500793,-0.637662,0.180027,0.100393,0.139517,-0.348834,-0.500793,-0.637662,0.162024,-0.0631092
1843,33.3804,0.68379,0,-0.519148,-0.602667,0.272069,0.11151,0.163838,-0.374032,-0.519148,-0.602667,0.244862,-0.0988709
1844,33.3985,0.713485,0,-0.526322,-0.54588,0.35164,0.125378,0.192079,-0.395279,-0.526322,-0.54588,0.316476,-0.129553
1845,33.4166,0.730635,0,-0.519941,-0.470853,0.412091,0.142269,0.224887,-0.411866,-0.519941,-0.470853,0.370882,-0.149984
1846,33.4348,0.733101,0,-0.500104,-0.386908,0.443786,0.162523,0.262897,-0.422811,-0.500104,-0.386908,0.399407,-0.155357
1847,33.4529,0.721866,0,-0.468276,-0.30394,0.445958,0.186527,0.30665,-0.426786,-0.468276,-0.30394,0.401362,-0.146182
1848,33.471,0.70208,0,-0.427819,-0.230593,0.427263,0.214676,0.356461,-0.422041,-0.427819,-0.230593,0.384537,-0.127954
1849,33.4891,0.675939,0,-0.383002,-0.17034,0.389912,0.247314,0.412206,-0.406344,-0.383002,-0.17034,0.350921,-0.104536
1850,33.5072,0.64871,0,-0.337024,-0.126844,0.341475,0.284635,0.473005,-0.376992,-0.337024,-0.126844,0.307328,-0.0805598
1851,33.5253,0.625072,0,-0.292589,-0.0992112,0.288984,0.326534,0.536788,-0.330965,-0.292589,-0.0992112,0.260086,-0.0591876
1852,33.5434,0.607093,0,-0.252773,-0.0824676,0.234005,0.3724,0.599806,-0.265342,-0.252773,-0.0824676,0.210605,-0.0414051
1853,33.5615,0.596446,0,-0.217592,-0.0738289,0.177791,0.42086,0.656204,-0.178124,-0.217592,-0.0738289,0.160012,-0.0270801
1854,33.5796,0.595871,0,-0.188576,-0.0732011,0.123699,0.469525,0.698004,-0.0695126,-0.188576,-0.0732011,0.11133,-0.0163287
1855,33.5978,0.603415,0,-0.165268,-0.0774653,0.0730352,0.514851,0.715942,0.056527,-0.165268,-0.0774653,0.0657317,-0.00844929
1856,33.6159,0.614903,0,-0.146748,-0.0843641,0.0237022,0.552289,0.701544,0.191078,-0.146748,-0.0843641,0.021332,-0.00243477
1857,33.634,0.625254,0,-0.13259,-0.0924963,-0.0226124,0.576899,0.650275,0.320525,-0.13259,-0.0924963,-0.0203511,0.00209872
1858,33.6521,0.628825,0,-0.122118,-0.100933,-0.065089,0.584428,0.564498,0.429136,-0.122118,-0.100933,-0.0585801,0.00556398
1859,33.6702,0.622811,0,-0.115515,-0.110752,-0.105486,0.572555,0.454297,0.50358,-0.115515,-0.110752,-0.0949374,0.00852965
1860,33.6883,0.605573,0,-0.112687,-0.122729,-0.142758,0.541757,0.334923,0.537252,-0.112687,-0.122729,-0.128483,0.0112609
1861,33.7064,0.577967,0,-0.113079,-0.137059,-0.177496,0.495288,0.221903,0.531851,-0.113079,-0.137059,-0.159746,0.0140498
1862,33.7245,0.542741,0,-0.115938,-0.154095,-0.210097,0.438283,0.126536,0.495446,-0.115938,-0.154095,-0.189087,0.0170507
1863,33.7427,0.502999,0,-0.121153,-0.172357,-0.239747,0.376427,0.0539721,0.438643,-0.121153,-0.172357,-0.215773,0.0203323
1864,33.7608,0.46241,0,-0.128552,-0.191963,-0.266421,0.314778,0.00399871,0.371174,-0.128552,-0.191963,-0.239779,0.0239743
1865,33.7789,0.424169,0,-0.138971,-0.215515,-0.289149,0.257102,-0.0268407,0.300161,-0.138971,-0.215515,-0.260234,0.0281283
1866,33.797,0.390218,0,-0.152564,-0.242676,-0.307314,0.205719,-0.0431814,0.229942,-0.152564,-0.242676,-0.276583,0.0328196
1867,33.8151,0.361806,0,-0.168939,-0.273632,-0.320166,0.161691,-0.0494815,0.162692,-0.168939,-0.273632,-0.288149,0.0378619
1868,33.8332,0.3409,0,-0.188294,-0.309414,-0.328302,0.125148,-0.0493911,0.0992265,-0.188294,-0.309414,-0.295472,0.043272
1869,33.8513,0.328244,0,-0.211104,-0.34905,-0.330593,0.0956262,-0.0456059,0.0396365,-0.211104,-0.34905,-0.297533,0.0488526
1870,33.8694,0.324948,0,-0.237182,-0.393938,-0.325611,0.0723379,-0.0399626,-0.0163013,-0.237182,-0.393938,-0.29305,0.0540603
1871,33.8876,0.331485,0,-0.266938,-0.443615,-0.310375,0.0543729,-0.033619,-0.068902,-0.266938,-0.443615,-0.279338,0.0579957
1872,33.9057,0.348163,0,-0.300627,-0.496591,-0.282085,0.040825,-0.0272371,-0.118472,-0.300627,-0.496591,-0.253877,0.0593618
1873,33.9238,0.374996,0,-0.337999,-0.550587,-0.239353,0.0308661,-0.0211379,-0.165274,-0.337999,-0.550587,-0.215418,0.0566309
1874,33.9419,0.410757,0,-0.378044,-0.601692,-0.178168,0.0237827,-0.0154192,-0.209523,-0.378044,-0.601692,-0.160351,0.0471486
1875,33.96,0.45442,0,-0.41985,-0.645454,-0.0991947,0.0189866,-0.0100397,-0.251397,-0.41985,-0.645454,-0.0892753,0.0291528
1876,33.9781,0.50297,0,-0.460335,-0.674954,-0.00290226,0.0160125,-0.00487545,-0.291039,-0.460335,-0.674954,-0.00261204,0.000935209
1877,33.9962,0.553516,0,-0.49708,-0.683158,0.107751,0.0145066,0.000244782,-0.328573,-0.49708,-0.683158,0.0969759,-0.0374926
1878,34.0143,0.60036,0,-0.52571,-0.663251,0.221153,0.0142131,0.00551994,-0.364104,-0.52571,-0.663251,0.199037,-0.0813835
1879,34.0324,0.638607,0,-0.543507,-0.613705,0.324155,0.0149605,0.0111676,-0.397721,-0.543507,-0.613705,0.29174,-0.123327
1880,34.0506,0.66561,0,-0.546584,-0.539022,0.4085,0.0166492,0.0174227,-0.429501,-0.546584,-0.539022,0.36765,-0.156296
1881,34.0687,0.67938,0,-0.53371,-0.446557,0.466229,0.0192425,0.0245416,-0.459504,-0.53371,-0.446557,0.419606,-0.174182
1882,34.0868,0.679041,0,-0.505875,-0.348734,0.491135,0.0227592,0.0328094,-0.487772,-0.505875,-0.348734,0.442022,-0.173917
1883,34.1049,0.665328,0,-0.465173,-0.258136,0.483207,0.0272697,0.0425507,-0.514326,-0.465173,-0.258136,0.434886,-0.157342
1884,34.123,0.64221,0,-0.416764,-0.180807,0.450749,0.0328955,0.0541421,-0.539153,-0.416764,-0.180807,0.405674,-0.131499
1885,34.1411,0.613055,0,-0.365509,-0.120999,0.400866,0.0398102,0.0680271,-0.5622,-0.365509,-0.120999,0.360779,-0.102564
1886,34.1592,0.58224,0,-0.313829,-0.0815933,0.343064,0.0482438,0.0847322,-0.583354,-0.313829,-0.0815933,0.308758,-0.0753645
1887,34.1773,0.552458,0,-0.265429,-0.0565991,0.283376,0.0584893,0.104884,-0.602417,-0.265429,-0.0565991,0.255038,-0.0526513
1888,34.1955,0.524022,0,-0.222769,-0.0423831,0.222417,0.0709108,0.129227,-0.61907,-0.222769,-0.0423831,0.200175,-0.0346833
1889,34.2136,0.498857,0,-0.18604,-0.0369,0.163649,0.0859532,0.158634,-0.632818,-0.18604,-0.0369,0.147284,-0.0213117
1890,34.2317,0.477909,0,-0.156266,-0.0386576,0.107543,0.104152,0.194112,-0.642917,-0.156266,-0.0386576,0.096789,-0.0117637
1891,34.2498,0.461686,0,-0.132338,-0.0444331,0.0542791,0.126139,0.236782,-0.648266,-0.132338,-0.0444331,0.0488512,-0.00502824
1892,34.2679,0.451064,0,-0.113803,-0.0522099,0.00371181,0.152641,0.287817,-0.647261,-0.113803,-0.0522099,0.00334063,-0.000295689
1893,34.286,0.447336,0,-0.0993295,-0.0588251,-0.0426022,0.184461,0.348304,-0.637613,-0.0993295,-0.0588251,-0.0383419,0.00296216
1894,34.3041,0.451479,0,-0.0887231,-0.0650444,-0.0865933,0.222424,0.418974,-0.616133,-0.0887231,-0.0650444,-0.0779339,0.00537798
1895,34.3222,0.465259,0,-0.0816666,-0.0717429,-0.130127,0.267271,0.499714,-0.578542,-0.0816666,-0.0717429,-0.117114,0.00743889
1896,34.3404,0.492307,0,-0.0772041,-0.0800923,-0.169621,0.319449,0.588785,-0.519432,-0.0772041,-0.0800923,-0.152659,0.00916682
1897,34.3585,0.53354,0,-0.0755975,-0.0909514,-0.207737,0.378768,0.681686,-0.432632,-0.0755975,-0.0909514,-0.186963,0.0109931
1898,34.3766,0.58707,0,-0.0754418,-0.101527,-0.241653,0.443895,0.769816,-0.312404,-0.0754418,-0.101527,-0.217488,0.0127615
1899,34.3947,0.650064,0,-0.0774564,-0.112679,-0.273971,0.51171,0.839529,-0.155945,-0.0774564,-0.112679,-0.246574,0.0148546
1900,34.4128,0.717048,0,-0.0813241,-0.125064,-0.304226,0.576748,0.872863,0.0327585,-0.0813241,-0.125064,-0.273803,0.0173186
1901,34.4309,0.780684,0,-0.0876435,-0.140558,-0.333117,0.631164,0.851613,0.238995,-0.0876435,-0.140558,-0.299805,0.0204369
1902,34.449,0.83027,0,-0.0960305,-0.159342,-0.35893,0.665814,0.765186,0.436611,-0.0960305,-0.159342,-0.323037,0.0241278
1903,34.4671,0.856084,0,-0.106392,-0.181043,-0.381458,0.672689,0.618924,0.594105,-0.106392,-0.181043,-0.343312,0.0284087
1904,34.4852,0.853106,0,-0.118996,-0.205486,-0.401051,0.647931,0.436113,0.686857,-0.118996,-0.205486,-0.360946,0.0334064
1905,34.5034,0.82228,0,-0.133649,-0.233865,-0.417102,0.593687,0.249621,0.707912,-0.133649,-0.233865,-0.375392,0.0390218
1906,34.5215,0.770166,0,-0.151242,-0.266782,-0.429347,0.517468,0.0880706,0.669004,-0.151242,-0.266782,-0.386413,0.0454546
1907,34.5396,0.705376,0,-0.172094,-0.304536,-0.436398,0.429411,-0.0335106,0.591904,-0.172094,-0.304536,-0.392759,0.0525711
1908,34.5577,0.636458,0,-0.196562,-0.348472,-0.436566,0.339186,-0.11398,0.497899,-0.196562,-0.348472,-0.392909,0.0600687
1909,34.5758,0.56979,0,-0.225364,-0.398857,-0.427211,0.254038,-0.160629,0.401889,-0.225364,-0.398857,-0.38449,0.0673944
1910,34.5939,0.509846,0,-0.258796,-0.456326,-0.405422,0.178254,-0.183384,0.311737,-0.258796,-0.456326,-0.36488,0.0734453
1911,34.612,0.460718,0,-0.297352,-0.520075,-0.36957,0.113595,-0.19129,0.230269,-0.297352,-0.520075,-0.332613,0.0769246
1912,34.6301,0.424646,0,-0.340425,-0.586416,-0.316156,0.0600559,-0.191238,0.157576,-0.340425,-0.586416,-0.284541,0.0753392
1913,34.6483,0.404229,0,-0.387896,-0.651969,-0.240942,0.0165916,-0.187952,0.0926459,-0.387896,-0.651969,-0.216847,0.0654222
1914,34.6664,0.401407,0,-0.43833,-0.709943,-0.14138,-0.0183424,-0.184447,0.0342524,-0.43833,-0.709943,-0.127242,0.0433798
1915,34.6845,0.415313,0,-0.488791,-0.749795,-0.0174483,-0.0464375,-0.182541,-0.0186603,-0.488791,-0.749795,-0.0157034,0.00596999
1916,34.7026,0.440098,0,-0.533782,-0.757076,0.123124,-0.0693302,-0.183277,-0.0668693,-0.533782,-0.757076,0.110811,-0.0460049
1917,34.7207,0.470687,0,-0.568656,-0.726316,0.267902,-0.0885015,-0.187229,-0.11088,-0.568656,-0.726316,0.241112,-0.106641
1918,34.7388,0.498133,0,-0.588296,-0.654722,0.396262,-0.105241,-0.194715,-0.150967,-0.588296,-0.654722,0.356636,-0.163184
1919,34.7569,0.517603,0,-0.588287,-0.547716,0.497066,-0.120651,-0.205934,-0.187216,-0.588287,-0.547716,0.44736,-0.204692
1920,34.775,0.525635,0,-0.566554,-0.423825,0.556401,-0.135664,-0.221047,-0.219544,-0.566554,-0.423825,0.500761,-0.220662
1921,34.7932,0.521234,0,-0.525564,-0.297508,0.571757,-0.151072,-0.240225,-0.247713,-0.525564,-0.297508,0.514581,-0.210346
1922,34.8113,0.505233,0,-0.470164,-0.186895,0.546197,-0.16756,-0.26366,-0.271312,-0.470164,-0.186895,0.491577,-0.179762
1923,34.8294,0.483309,0,-0.407299,-0.100149,0.494496,-0.185722,-0.291551,-0.289743,-0.407299,-0.100149,0.445046,-0.140985
1924,34.8475,0.457172,0,-0.342615,-0.0406934,0.424503,-0.206078,-0.324067,-0.302186,-0.342615,-0.0406934,0.382052,-0.101809
1925,34.8656,0.435526,0,-0.280634,-0.00247938,0.353992,-0.229077,-0.361264,-0.307569,-0.280634,-0.00247938,0.318593,-0.0695396
1926,34.8837,0.417594,0,-0.223418,0.0200721,0.281273,-0.255078,-0.402975,-0.304545,-0.223418,0.0200721,0.253146,-0.043989
1927,34.9018,0.406672,0,-0.175285,0.0299086,0.213722,-0.28431,-0.448641,-0.2915,-0.175285,0.0299086,0.19235,-0.0262236
1928,34.9199,0.402605,0,-0.134361,0.0314405,0.150073,-0.316805,-0.497092,-0.266629,-0.134361,0.0314405,0.135066,-0.0141148
1929,34.938,0.407205,0,-0.100059,0.0289721,0.0926456,-0.352301,-0.546295,-0.22812,-0.100059,0.0289721,0.0833811,-0.00648903
1930,34.9562,0.41809,0,-0.0741521,0.0237599,0.035319,-0.390115,-0.593115,-0.174512,-0.0741521,0.0237599,0.0317871,-0.00183329
1931,34.9743,0.436729,0,-0.0543475,0.0177797,-0.0155612,-0.429006,-0.633206,-0.105261,-0.0543475,0.0177797,-0.0140051,0.000591998
1932,34.9924,0.462587,0,-0.0381058,0.0142508,-0.0630642,-0.467066,-0.661193,-0.021486,-0.0381058,0.0142508,-0.0567578,0.00168218
1933,35.0105,0.49286,0,-0.0249403,0.0129902,-0.108626,-0.501715,-0.671358,0.0732685,-0.0249403,0.0129902,-0.0977633,0.00189641
1934,35.0286,0.523371,0,-0.0149069,0.0126661,-0.152287,-0.529864,-0.658905,0.17262,-0.0149069,0.0126661,-0.137059,0.00158909
1935,35.0467,0.549923,0,-0.00664752,0.01208,-0.192991,-0.548331,-0.621596,0.267748,-0.00664752,0.01208,-0.173692,0.000898037
1936,35.0648,0.569277,0,7.48807e-06,0.0125971,-0.230447,-0.554461,-0.561136,0.348884,7.48807e-06,0.0125971,-0.207402,-1.20792e-06
1937,35.0829,0.578748,0,0.00579385,0.0150005,-0.263953,-0.546793,-0.483482,0.407621,0.00579385,0.0150005,-0.237557,-0.00107051
1938,35.1011,0.578766,0,0.0118519,0.0200044,-0.296917,-0.525523,-0.397615,0.439107,0.0118519,0.0200044,-0.267225,-0.00246332
1939,35.1192,0.569687,0,0.0172712,0.026483,-0.330476,-0.492541,-0.313174,0.443057,0.0172712,0.026483,-0.297429,-0.0039954
1940,35.1373,0.553034,0,0.0232819,0.0357641,-0.362731,-0.451007,-0.238049,0.423154,0.0232819,0.0357641,-0.326458,-0.00591156
1941,35.1554,0.530196,0,0.0300395,0.0468463,-0.392025,-0.404653,-0.176976,0.385324,0.0300395,0.0468463,-0.352822,-0.00824335
1942,35.1735,0.504424,0,0.037923,0.0603222,-0.419478,-0.357085,-0.131432,0.335856,0.037923,0.0603222,-0.37753,-0.0111355
1943,35.1916,0.47719,0,0.0469471,0.07545,-0.443677,-0.311274,-0.100456,0.280108,0.0469471,0.07545,-0.399309,-0.0145805
1944,35.2097,0.450536,0,0.0572513,0.0947487,-0.464409,-0.269341,-0.0817491,0.221983,0.0572513,0.0947487,-0.417968,-0.0186116
1945,35.2278,0.426483,0,0.0698386,0.118415,-0.482336,-0.232554,-0.072599,0.163989,0.0698386,0.118415,-0.434102,-0.0235799
1946,35.246,0.405739,0,0.0849588,0.146201,-0.496495,-0.20147,-0.070477,0.10756,0.0849588,0.146201,-0.446846,-0.0295271
1947,35.2641,0.389088,0,0.102526,0.179179,-0.505832,-0.176128,-0.0733188,0.0534226,0.102526,0.179179,-0.455249,-0.0363025
1948,35.2822,0.378267,0,0.123274,0.218406,-0.510285,-0.156236,-0.0795999,0.0018916,0.123274,0.218406,-0.459257,-0.0440335
1949,35.3003,0.374478,0,0.147362,0.264095,-0.508642,-0.141327,-0.0882966,-0.046927,0.147362,0.264095,-0.457778,-0.0524682
1950,35.3184,0.379465,0,0.17618,0.317947,-0.498007,-0.130873,-0.0988034,-0.0930147,0.17618,0.317947,-0.448207,-0.0614172
1951,35.3365,0.395645,0,0.210385,0.380679,-0.476894,-0.124363,-0.110841,-0.136372,0.210385,0.380679,-0.429205,-0.0702321
1952,35.3546,0.424925,0,0.250773,0.451539,-0.444424,-0.121355,-0.124377,-0.176982,0.250773,0.451539,-0.399982,-0.0780146
1953,35.3727,0.466286,0,0.297253,0.527532,-0.393404,-0.121497,-0.139561,-0.21479,0.297253,0.527532,-0.354063,-0.0818583
1954,35.3908,0.519017,0,0.34963,0.604053,-0.317388,-0.124542,-0.156678,-0.249682,0.34963,0.604053,-0.285649,-0.0776778
1955,35.409,0.58194,0,0.406488,0.674172,-0.212322,-0.130348,-0.176116,-0.281473,0.406488,0.674172,-0.19109,-0.0604145
1956,35.4271,0.651826,0,0.463748,0.728111,-0.0793116,-0.138878,-0.19834,-0.309883,0.463748,0.728111,-0.0713804,-0.0257464
1957,35.4452,0.723519,0,0.516445,0.751935,0.0824257,-0.150193,-0.223874,-0.334503,0.516445,0.751935,0.0741831,0.0297978
1958,35.4633,0.788524,0,0.561707,0.731264,0.252452,-0.164438,-0.253274,-0.354762,0.561707,0.731264,0.227207,0.099263
1959,35.4814,0.835465,0,0.589698,0.652995,0.414329,-0.181837,-0.287093,-0.369872,0.589698,0.652995,0.372896,0.17103
1960,35.4995,0.859196,0,0.594175,0.53335,0.538566,-0.202665,-0.325823,-0.378778,0.594175,0.53335,0.48471,0.224002
1961,35.5176,0.855592,0,0.571767,0.386685,0.612609,-0.227226,-0.369798,-0.380093,0.571767,0.386685,0.551348,0.245189
1962,35.5357,0.827249,0,0.526568,0.234968,0.634526,-0.255803,-0.41904,-0.372049,0.526568,0.234968,0.571073,0.233885
1963,35.5539,0.777275,0,0.463315,0.0997264,0.606185,-0.288584,-0.473035,-0.352491,0.463315,0.0997264,0.545567,0.196598
1964,35.572,0.714666,0,0.38963,-0.00655117,0.544937,-0.325556,-0.530418,-0.318957,0.38963,-0.00655117,0.490444,0.148627
1965,35.5901,0.650237,0,0.315366,-0.0752615,0.46603,-0.366354,-0.5886,-0.268929,0.315366,-0.0752615,0.419427,0.102879
1966,35.6082,0.590725,0,0.24323,-0.117039,0.385334,-0.410062,-0.643394,-0.200352,0.24323,-0.117039,0.346801,0.0656072
1967,35.6263,0.541036,0,0.179165,-0.140896,0.306711,-0.455007,-0.688846,-0.112497,0.179165,-0.140896,0.27604,0.0384662
1968,35.6444,0.505061,0,0.123609,-0.15117,0.232317,-0.498594,-0.717556,-0.00712141,0.123609,-0.15117,0.209085,0.0201014
1969,35.6625,0.482978,0,0.0757053,-0.15531,0.165822,-0.537303,-0.721834,0.110388,0.0757053,-0.15531,0.14924,0.00878753
1970,35.6806,0.473989,0,0.0367457,-0.153707,0.105497,-0.566994,-0.695796,0.230542,0.0367457,-0.153707,0.0949476,0.0027136
1971,35.6988,0.472385,0,0.00603053,-0.150632,0.0503105,-0.583579,-0.637913,0.340758,0.00603053,-0.150632,0.0452794,0.000212379
1972,35.7169,0.469956,0,-0.0189681,-0.15018,0.00242429,-0.583997,-0.552776,0.428142,-0.0189681,-0.15018,0.00218186,-3.21889e-05
1973,35.735,0.463543,0,-0.0396414,-0.15016,-0.042198,-0.567135,-0.450713,0.483193,-0.0396414,-0.15016,-0.0379782,0.00117095
1974,35.7531,0.450667,0,-0.0572759,-0.152591,-0.0845922,-0.534284,-0.344964,0.502569,-0.0572759,-0.152591,-0.076133,0.00339157
1975,35.7712,0.431836,0,-0.0714245,-0.155987,-0.124431,-0.488858,-0.247735,0.489391,-0.0714245,-0.155987,-0.111988,0.00622121
1976,35.7893,0.406967,0,-0.084495,-0.163694,-0.160123,-0.435519,-0.167186,0.451135,-0.084495,-0.163694,-0.14411,0.00947069
1977,35.8074,0.379028,0,-0.096927,-0.174472,-0.192254,-0.379097,-0.106547,0.396605,-0.096927,-0.174472,-0.173028,0.0130442
1978,35.8255,0.350799,0,-0.108837,-0.187218,-0.221494,-0.323736,-0.0650555,0.33355,-0.108837,-0.187218,-0.199345,0.0168747
1979,35.8436,0.323804,0,-0.121322,-0.203192,-0.247161,-0.27245,-0.039651,0.267583,-0.121322,-0.203192,-0.222445,0.0209903
1980,35.8618,0.299987,0,-0.13504,-0.223781,-0.269637,-0.227062,-0.0265054,0.202159,-0.13504,-0.223781,-0.242673,0.0254882
1981,35.8799,0.280205,0,-0.150193,-0.248036,-0.288693,-0.188378,-0.022002,0.139086,-0.150193,-0.248036,-0.259824,0.0303517
1982,35.898,0.264642,0,-0.16749,-0.276863,-0.302502,-0.156462,-0.0231903,0.0791194,-0.16749,-0.276863,-0.272252,0.0354663
1983,35.9161,0.254335,0,-0.187148,-0.310643,-0.310649,-0.130903,-0.0278919,0.0224367,-0.187148,-0.310643,-0.279584,0.0406962
1984,35.9342,0.250589,0,-0.209953,-0.348985,-0.313505,-0.111038,-0.0346286,-0.0310494,-0.209953,-0.348985,-0.282154,0.0460749
1985,35.9523,0.254017,0,-0.23625,-0.392822,-0.307791,-0.0961097,-0.0424853,-0.0815201,-0.23625,-0.392822,-0.277012,0.0509008
1986,35.9704,0.265315,0,-0.265764,-0.441543,-0.290681,-0.0853754,-0.0509682,-0.129166,-0.265764,-0.441543,-0.261613,0.0540769
1987,35.9885,0.28517,0,-0.299326,-0.492766,-0.261717,-0.0781664,-0.0598843,-0.174153,-0.299326,-0.492766,-0.235546,0.0548372
1988,36.0067,0.313804,0,-0.33663,-0.545063,-0.218176,-0.0739207,-0.0692484,-0.216613,-0.33663,-0.545063,-0.196359,0.0514114
1989,36.0248,0.35043,0,-0.376576,-0.594744,-0.156699,-0.0721956,-0.0792178,-0.256642,-0.376576,-0.594744,-0.141029,0.0413063
1990,36.0429,0.393077,0,-0.417415,-0.636308,-0.079176,-0.0726664,-0.0900493,-0.294301,-0.417415,-0.636308,-0.0712584,0.0231345
1991,36.061,0.43841,0,-0.45639,-0.662565,0.0125749,-0.0751215,-0.102074,-0.329615,-0.45639,-0.662565,0.0113174,-0.00401734
1992,36.0791,0.483729,0,-0.491825,-0.667674,0.114135,-0.0794535,-0.115686,-0.362564,-0.491825,-0.667674,0.102721,-0.039294
1993,36.0972,0.52645,0,-0.519555,-0.648585,0.219812,-0.0856515,-0.13134,-0.393079,-0.519555,-0.648585,0.197831,-0.0799432
1994,36.1153,0.561006,0,-0.535873,-0.601193,0.31707,-0.0937949,-0.149554,-0.421018,-0.535873,-0.601193,0.285363,-0.118936
1995,36.1334,0.584666,0,-0.537872,-0.528441,0.396158,-0.104049,-0.170916,-0.446147,-0.537872,-0.528441,0.356542,-0.149158
1996,36.1516,0.60051,0,-0.524807,-0.44021,0.456915,-0.116663,-0.19609,-0.468104,-0.524807,-0.44021,0.411223,-0.167854
1997,36.1697,0.600927,0,-0.497358,-0.347847,0.480574,-0.131968,-0.225811,-0.486349,-0.497358,-0.347847,0.432516,-0.167312
1998,36.1878,0.586994,0,-0.458453,-0.26092,0.468803,-0.150375,-0.260877,-0.5001,-0.458453,-0.26092,0.421923,-0.150447
1999,36.2059,0.566079,0,-0.412461,-0.185931,0.435253,-0.172366,-0.302104,-0.508249,-0.412461,-0.185931,0.391728,-0.125667
2000,36.224,0.541746,0,-0.362724,-0.128736,0.38764,-0.198481,-0.350244,-0.509256,-0.362724,-0.128736,0.348876,-0.0984245
