step,lt,err,locked,pred_x,pred_y,pred_z,true_x,true_y,true_z,drive_x,drive_y,drive_z,drive_xz
1,0.018112,0.0254207,1,-0.41491,-0.587404,-0.051546,-0.407574,-0.586978,-0.0949586,-0.41491,-0.587404,-0.0463914,0.0149709
2,0.036224,0.0436616,1,-0.443937,-0.607654,0.0192722,-0.434092,-0.615467,-0.0553001,-0.443937,-0.607654,0.017345,-0.00598896
3,0.054336,0.0607952,1,-0.469819,-0.615088,0.0957381,-0.460423,-0.637714,-0.00667282,-0.469819,-0.615088,0.0861642,-0.0314857
4,0.072448,0.0774188,1,-0.490506,-0.601603,0.173905,-0.485216,-0.651009,0.0493572,-0.490506,-0.601603,0.156514,-0.0597109
5,0.09056,0.094985,1,-0.503448,-0.569261,0.251719,-0.506887,-0.652875,0.110074,-0.503448,-0.569261,0.226547,-0.0887092
6,0.108672,0.107966,1,-0.506484,-0.521438,0.313891,-0.523755,-0.641605,0.171652,-0.506484,-0.521438,0.282502,-0.111287
7,0.126784,0.116446,1,-0.500335,-0.463466,0.356041,-0.534249,-0.616817,0.229503,-0.500335,-0.463466,0.320437,-0.124698
8,0.144896,0.121702,1,-0.484209,-0.399998,0.37535,-0.537172,-0.579814,0.278936,-0.484209,-0.399998,0.337815,-0.127223
9,0.163008,0.125904,1,-0.4589,-0.337018,0.375952,-0.531935,-0.533552,0.315983,-0.4589,-0.337018,0.338357,-0.120767
10,0.18112,0.128437,1,-0.426876,-0.28068,0.359516,-0.518714,-0.482165,0.338128,-0.426876,-0.28068,0.323564,-0.107428
11,0.199232,0.12867,1,-0.391734,-0.235031,0.330506,-0.498452,-0.430167,0.344678,-0.391734,-0.235031,0.297455,-0.0906293
12,0.217344,0.126382,1,-0.355908,-0.201582,0.29344,-0.472704,-0.381605,0.336659,-0.355908,-0.201582,0.264096,-0.0731064
13,0.235456,0.121745,1,-0.321893,-0.179106,0.253141,-0.443387,-0.339454,0.316335,-0.321893,-0.179106,0.227827,-0.0570389
14,0.253568,0.114639,1,-0.291336,-0.167198,0.211375,-0.412484,-0.305387,0.286564,-0.291336,-0.167198,0.190238,-0.0431069
15,0.27168,0.10588,1,-0.265526,-0.162165,0.171165,-0.38181,-0.279886,0.250229,-0.265526,-0.162165,0.154049,-0.0318142
16,0.289792,0.0973655,1,-0.24308,-0.160982,0.131937,-0.35285,-0.26256,0.209865,-0.24308,-0.160982,0.118744,-0.02245
17,0.307904,0.0893722,1,-0.224993,-0.163531,0.0919826,-0.326696,-0.252507,0.167496,-0.224993,-0.163531,0.0827843,-0.0144868
18,0.326016,0.0819199,1,-0.210952,-0.169196,0.0528515,-0.304056,-0.248638,0.124637,-0.210952,-0.169196,0.0475664,-0.00780438
19,0.344128,0.0750257,1,-0.200643,-0.177143,0.0158596,-0.285313,-0.249894,0.0823779,-0.200643,-0.177143,0.0142737,-0.00222749
20,0.36224,0.0693179,1,-0.193399,-0.186314,-0.0192093,-0.270604,-0.255377,0.0414918,-0.193399,-0.186314,-0.0172884,0.00260055
21,0.380352,0.0650891,1,-0.189128,-0.196647,-0.0532375,-0.259895,-0.264397,0.00254556,-0.189128,-0.196647,-0.0479137,0.00704809
22,0.398464,0.0617766,1,-0.187533,-0.20907,-0.0851163,-0.253055,-0.276483,-0.0340145,-0.187533,-0.20907,-0.0766046,0.0111735
23,0.416576,0.0580962,1,-0.189221,-0.224919,-0.112829,-0.24991,-0.29136,-0.0677963,-0.189221,-0.224919,-0.101546,0.0149447
24,0.434688,0.0539901,1,-0.19403,-0.244463,-0.136192,-0.250282,-0.308908,-0.098412,-0.19403,-0.244463,-0.122573,0.0184978
25,0.4528,0.0497951,1,-0.201838,-0.267207,-0.155145,-0.254018,-0.329123,-0.12544,-0.201838,-0.267207,-0.13963,0.0219199
26,0.470912,0.0456537,1,-0.21273,-0.293015,-0.169273,-0.260995,-0.352069,-0.148394,-0.21273,-0.293015,-0.152346,0.0252067
27,0.489024,0.0415881,1,-0.226956,-0.322041,-0.177889,-0.271129,-0.377829,-0.166697,-0.226956,-0.322041,-0.160101,0.0282611
28,0.507136,0.0381943,1,-0.24436,-0.353768,-0.180888,-0.284363,-0.406444,-0.179664,-0.24436,-0.353768,-0.162799,0.0309413
29,0.525248,0.0363563,1,-0.264417,-0.387311,-0.176549,-0.300648,-0.437848,-0.186486,-0.264417,-0.387311,-0.158894,0.0326778
30,0.54336,0.0368391,1,-0.286726,-0.421578,-0.165039,-0.319917,-0.471782,-0.186236,-0.286726,-0.421578,-0.148535,0.0331247
31,0.561472,0.0392481,1,-0.310961,-0.456752,-0.145336,-0.34204,-0.507692,-0.177902,-0.310961,-0.456752,-0.130803,0.0316358
32,0.579584,0.043621,1,-0.337103,-0.491578,-0.115572,-0.366776,-0.544619,-0.160457,-0.337103,-0.491578,-0.104015,0.0272719
33,0.597696,0.0497248,1,-0.36473,-0.524569,-0.0748258,-0.393705,-0.581085,-0.132999,-0.36473,-0.524569,-0.0673432,0.0191038
34,0.615808,0.05753,1,-0.393467,-0.553043,-0.022401,-0.422161,-0.615017,-0.0949611,-0.393467,-0.553043,-0.0201609,0.00616983
35,0.63392,0.0658576,1,-0.421786,-0.57291,0.0380295,-0.451168,-0.643754,-0.0464068,-0.421786,-0.57291,0.0342266,-0.0112282
36,0.652032,0.0753769,1,-0.446424,-0.578574,0.104497,-0.479398,-0.664208,0.0116272,-0.446424,-0.578574,0.094047,-0.0326549
37,0.670144,0.0855808,1,-0.465766,-0.567835,0.173314,-0.505192,-0.673227,0.0768247,-0.465766,-0.567835,0.155983,-0.0565067
38,0.688256,0.0961876,1,-0.478283,-0.540507,0.240913,-0.526662,-0.668193,0.145456,-0.478283,-0.540507,0.216821,-0.0806571
39,0.706368,0.105482,1,-0.482525,-0.497974,0.298769,-0.54189,-0.647729,0.212579,-0.482525,-0.497974,0.268892,-0.100915
40,0.72448,0.111662,1,-0.477348,-0.445744,0.339683,-0.549225,-0.612318,0.272657,-0.477348,-0.445744,0.305715,-0.113503
41,0.742592,0.115342,1,-0.463228,-0.388589,0.363306,-0.5476,-0.564549,0.320523,-0.463228,-0.388589,0.326975,-0.117805
42,0.760704,0.117544,1,-0.441149,-0.329823,0.36903,-0.536787,-0.508782,0.352403,-0.441149,-0.329823,0.332127,-0.113958
43,0.778816,0.117808,1,-0.412835,-0.275335,0.35796,-0.51749,-0.450288,0.366613,-0.412835,-0.275335,0.322164,-0.103445
44,0.796928,0.116686,1,-0.379767,-0.228425,0.332805,-0.491238,-0.394159,0.36368,-0.379767,-0.228425,0.299525,-0.0884719
45,0.81504,0.113675,1,-0.345003,-0.192022,0.297939,-0.460117,-0.344392,0.345879,-0.345003,-0.192022,0.268145,-0.0719529
46,0.833152,0.108905,1,-0.311282,-0.166461,0.256754,-0.426416,-0.303429,0.316459,-0.311282,-0.166461,0.231079,-0.055946
47,0.851264,0.102384,1,-0.27994,-0.151441,0.213706,-0.392304,-0.272172,0.278862,-0.27994,-0.151441,0.192335,-0.0418774
48,0.869376,0.0951697,1,-0.252676,-0.143402,0.17057,-0.359603,-0.250335,0.236175,-0.252676,-0.143402,0.153513,-0.0301693
49,0.887488,0.0875073,1,-0.230278,-0.141203,0.128148,-0.329676,-0.236903,0.190869,-0.230278,-0.141203,0.115333,-0.0206567
50,0.9056,0.0809024,1,-0.21136,-0.143542,0.0848676,-0.303424,-0.23056,0.144764,-0.21136,-0.143542,0.0763808,-0.0125563
51,0.923712,0.0749298,1,-0.196411,-0.149774,0.0425949,-0.281341,-0.22999,0.0991259,-0.196411,-0.149774,0.0383354,-0.00585626
52,0.941824,0.0689467,1,-0.18571,-0.15919,0.00393447,-0.263606,-0.234056,0.0548095,-0.18571,-0.15919,0.00354102,-0.000511469
53,0.959936,0.0637015,1,-0.178889,-0.170587,-0.0324188,-0.250186,-0.241874,0.0123975,-0.178889,-0.170587,-0.0291769,0.00405956
54,0.978048,0.0597261,1,-0.175308,-0.183335,-0.0672756,-0.240917,-0.252832,-0.0276889,-0.175308,-0.183335,-0.060548,0.00825576
55,0.99616,0.0565811,1,-0.174731,-0.197867,-0.0995017,-0.235579,-0.266561,-0.0651069,-0.174731,-0.197867,-0.0895515,0.0121702
56,1.01427,0.0537278,1,-0.177009,-0.215099,-0.128212,-0.233941,-0.282895,-0.0995336,-0.177009,-0.215099,-0.11539,0.0158862
57,1.03238,0.0507831,1,-0.182359,-0.235602,-0.152869,-0.235804,-0.301826,-0.130622,-0.182359,-0.235602,-0.137582,0.0195139
58,1.0505,0.0481587,1,-0.190569,-0.258861,-0.173496,-0.241011,-0.323454,-0.157969,-0.190569,-0.258861,-0.156146,0.023144
59,1.06861,0.045484,1,-0.202183,-0.285484,-0.189445,-0.24946,-0.347944,-0.181081,-0.202183,-0.285484,-0.170501,0.0268119
60,1.08672,0.0428743,1,-0.217244,-0.315545,-0.200152,-0.261098,-0.375469,-0.199351,-0.217244,-0.315545,-0.180137,0.0304373
61,1.10483,0.0406571,1,-0.235521,-0.348947,-0.204601,-0.275911,-0.406152,-0.212034,-0.235521,-0.348947,-0.184141,0.0337315
62,1.12294,0.0399489,1,-0.256389,-0.384196,-0.201877,-0.293898,-0.439994,-0.218227,-0.256389,-0.384196,-0.181689,0.0362313
63,1.14106,0.0412031,1,-0.279496,-0.420224,-0.191747,-0.31504,-0.476777,-0.216874,-0.279496,-0.420224,-0.172572,0.0375147
64,1.15917,0.043988,1,-0.304734,-0.457478,-0.172218,-0.339252,-0.515944,-0.206789,-0.304734,-0.457478,-0.154996,0.0367366
65,1.17728,0.0478432,1,-0.332467,-0.495295,-0.142246,-0.366321,-0.556462,-0.186736,-0.332467,-0.495295,-0.128021,0.0331044
66,1.19539,0.0526791,1,-0.362077,-0.531879,-0.100932,-0.39583,-0.596676,-0.155589,-0.362077,-0.531879,-0.0908392,0.0255817
67,1.2135,0.0590726,1,-0.392986,-0.563814,-0.0466104,-0.42707,-0.634202,-0.112584,-0.392986,-0.563814,-0.0419493,0.0128221
68,1.23162,0.0660385,1,-0.423738,-0.587797,0.0180753,-0.458956,-0.665917,-0.0576889,-0.423738,-0.587797,0.0162678,-0.00536143
69,1.24973,0.0741616,1,-0.451289,-0.597587,0.0904441,-0.48998,-0.688139,0.00796287,-0.451289,-0.597587,0.0813997,-0.0285715
70,1.26784,0.0833791,1,-0.473373,-0.58884,0.166084,-0.51822,-0.697091,0.0816649,-0.473373,-0.58884,0.149476,-0.0550339
71,1.28595,0.092766,1,-0.488337,-0.561738,0.240395,-0.541466,-0.689653,0.15896,-0.488337,-0.561738,0.216355,-0.0821756
72,1.30406,0.101244,1,-0.494384,-0.51726,0.305693,-0.557478,-0.664285,0.233904,-0.494384,-0.51726,0.275124,-0.105791
73,1.32218,0.107319,1,-0.489912,-0.460105,0.353396,-0.564354,-0.621808,0.299893,-0.489912,-0.460105,0.318056,-0.121193
74,1.34029,0.110476,1,-0.475466,-0.397236,0.381657,-0.560934,-0.565659,0.350932,-0.475466,-0.397236,0.343491,-0.127025
75,1.3584,0.111841,1,-0.452174,-0.332644,0.39001,-0.547099,-0.501358,0.382928,-0.452174,-0.332644,0.351009,-0.123446
76,1.37651,0.111348,1,-0.421825,-0.272337,0.379528,-0.523857,-0.435312,0.394478,-0.421825,-0.272337,0.341575,-0.112066
77,1.39462,0.10954,1,-0.386139,-0.220314,0.353631,-0.493166,-0.37341,0.386857,-0.386139,-0.220314,0.318268,-0.0955853
78,1.41274,0.106193,1,-0.348241,-0.179587,0.316588,-0.457558,-0.319948,0.363271,-0.348241,-0.179587,0.284929,-0.0771742
79,1.43085,0.101226,1,-0.311291,-0.151072,0.272361,-0.419698,-0.27722,0.327812,-0.311291,-0.151072,0.245125,-0.0593485
80,1.44896,0.094768,1,-0.276958,-0.134107,0.225735,-0.38201,-0.245697,0.284512,-0.276958,-0.134107,0.203162,-0.0437635
81,1.46707,0.0877794,1,-0.246927,-0.124958,0.179398,-0.346431,-0.224574,0.236768,-0.246927,-0.124958,0.161458,-0.0310087
82,1.48518,0.0805566,1,-0.222046,-0.12222,0.133982,-0.314332,-0.212362,0.187139,-0.222046,-0.12222,0.120584,-0.0208251
83,1.5033,0.0747956,1,-0.200916,-0.123978,0.0874357,-0.286541,-0.207382,0.137389,-0.200916,-0.123978,0.0786921,-0.012297
84,1.52141,0.0695375,1,-0.184166,-0.129835,0.042835,-0.263437,-0.208079,0.0886657,-0.184166,-0.129835,0.0385515,-0.00552213
85,1.53952,0.0644039,1,-0.172096,-0.139062,0.00139085,-0.245077,-0.21318,0.0416879,-0.172096,-0.139062,0.00125177,-0.000167552
86,1.55763,0.060022,1,-0.164077,-0.150319,-0.0375254,-0.231307,-0.221749,-0.00309047,-0.164077,-0.150319,-0.0337728,0.00430993
87,1.57574,0.0569852,1,-0.159485,-0.162608,-0.0748905,-0.22186,-0.233172,-0.0453597,-0.159485,-0.162608,-0.0674015,0.00836074
88,1.59386,0.0552196,1,-0.157929,-0.175968,-0.110633,-0.216435,-0.247109,-0.0848714,-0.157929,-0.175968,-0.0995699,0.0122306
89,1.61197,0.0536289,1,-0.159225,-0.192092,-0.142693,-0.214745,-0.263448,-0.121383,-0.159225,-0.192092,-0.128424,0.0159042
90,1.63008,0.0519861,1,-0.163278,-0.211486,-0.170819,-0.216551,-0.282247,-0.154618,-0.163278,-0.211486,-0.153737,0.0195236
91,1.64819,0.050528,1,-0.170127,-0.233755,-0.194771,-0.221682,-0.303686,-0.184233,-0.170127,-0.233755,-0.175294,0.0231951
92,1.6663,0.0490681,1,-0.180796,-0.258944,-0.214902,-0.230036,-0.328026,-0.20979,-0.180796,-0.258944,-0.193412,0.0271974
93,1.68442,0.0479721,1,-0.194367,-0.287189,-0.229745,-0.241582,-0.355555,-0.230726,-0.194367,-0.287189,-0.20677,0.0312584
94,1.70253,0.0469295,1,-0.2113,-0.319311,-0.238681,-0.256345,-0.38654,-0.246321,-0.2113,-0.319311,-0.214813,0.0353034
95,1.72064,0.0465181,1,-0.230959,-0.35475,-0.241679,-0.274388,-0.421158,-0.255669,-0.230959,-0.35475,-0.217511,0.0390725
96,1.73875,0.0470076,1,-0.253514,-0.392609,-0.238137,-0.295777,-0.459406,-0.257661,-0.253514,-0.392609,-0.214323,0.0422597
97,1.75686,0.0482735,1,-0.279151,-0.432908,-0.225584,-0.32054,-0.500974,-0.250981,-0.279151,-0.432908,-0.203025,0.0440803
98,1.77498,0.0505731,1,-0.307331,-0.474857,-0.201958,-0.348605,-0.54509,-0.234154,-0.307331,-0.474857,-0.181762,0.0434476
99,1.79309,0.0532673,1,-0.338173,-0.517455,-0.167263,-0.379712,-0.590336,-0.205669,-0.338173,-0.517455,-0.150537,0.0395947
100,1.8112,0.0567662,1,-0.371009,-0.557658,-0.119718,-0.413318,-0.634457,-0.164204,-0.371009,-0.557658,-0.107746,0.0310914
101,1.82931,0.0616787,1,-0.405021,-0.591883,-0.0566575,-0.448479,-0.674241,-0.109015,-0.405021,-0.591883,-0.0509918,0.0160632
102,1.84742,0.0671414,1,-0.438689,-0.616683,0.0194704,-0.483755,-0.705576,-0.0404546,-0.438689,-0.616683,0.0175234,-0.00597903
103,1.86554,0.0734709,1,-0.468833,-0.624973,0.103399,-0.517159,-0.7238,0.039432,-0.468833,-0.624973,0.093059,-0.0339338
104,1.88365,0.0810453,1,-0.492297,-0.611295,0.189579,-0.546228,-0.72448,0.126448,-0.492297,-0.611295,0.170621,-0.0653303
105,1.90176,0.089011,1,-0.50727,-0.575317,0.272087,-0.56825,-0.704553,0.214224,-0.50727,-0.575317,0.244879,-0.0966152
106,1.91987,0.0958369,1,-0.511414,-0.520292,0.342234,-0.580676,-0.663533,0.294914,-0.511414,-0.520292,0.30801,-0.122516
107,1.93798,0.100141,1,-0.503346,-0.45238,0.390451,-0.581636,-0.604261,0.360661,-0.503346,-0.45238,0.351406,-0.137572
108,1.9561,0.101452,1,-0.484312,-0.379788,0.414773,-0.570418,-0.532678,0.405389,-0.484312,-0.379788,0.373296,-0.140616
109,1.97421,0.100796,1,-0.455783,-0.308375,0.417141,-0.547709,-0.456519,0.426216,-0.455783,-0.308375,0.375427,-0.133088
110,1.99232,0.0991237,1,-0.419601,-0.243132,0.399414,-0.515494,-0.383435,0.423824,-0.419601,-0.243132,0.359473,-0.117316
111,2.01043,0.0965221,1,-0.378391,-0.188888,0.365981,-0.476643,-0.319345,0.40172,-0.378391,-0.188888,0.329383,-0.0969388
112,2.02854,0.0923594,1,-0.336365,-0.148571,0.322202,-0.434342,-0.267614,0.364864,-0.336365,-0.148571,0.289981,-0.0758642
113,2.04666,0.087226,1,-0.296112,-0.121719,0.271737,-0.391576,-0.229151,0.318322,-0.296112,-0.121719,0.244563,-0.0563252
114,2.06477,0.0809578,1,-0.259439,-0.107015,0.220628,-0.350773,-0.203072,0.266387,-0.259439,-0.107015,0.198565,-0.0400677
115,2.08288,0.0746479,1,-0.228312,-0.0998229,0.1705,-0.313656,-0.187522,0.21224,-0.228312,-0.0998229,0.15345,-0.027249
116,2.10099,0.0693117,1,-0.201833,-0.0980733,0.121493,-0.281265,-0.180351,0.158007,-0.201833,-0.0980733,0.109344,-0.0171649
117,2.1191,0.0651789,1,-0.179896,-0.101181,0.0718168,-0.254071,-0.179556,0.104988,-0.179896,-0.101181,0.0646352,-0.00904368
118,2.13722,0.0611554,1,-0.163014,-0.108093,0.0263943,-0.232127,-0.183496,0.0539225,-0.163014,-0.108093,0.0237549,-0.00301185
119,2.15533,0.0573593,1,-0.150964,-0.118391,-0.0166015,-0.21522,-0.190955,0.00521609,-0.150964,-0.118391,-0.0149413,0.00175436
120,2.17344,0.0550518,1,-0.14272,-0.129043,-0.0571447,-0.202993,-0.201124,-0.0409084,-0.14272,-0.129043,-0.0514303,0.00570899
121,2.19155,0.0542882,1,-0.137569,-0.140186,-0.0968523,-0.195041,-0.213542,-0.0843061,-0.137569,-0.140186,-0.0871671,0.00932669
122,2.20966,0.0544305,1,-0.135556,-0.152319,-0.13409,-0.190976,-0.228024,-0.124848,-0.135556,-0.152319,-0.120681,0.0127237
123,2.22778,0.0542777,1,-0.136716,-0.16772,-0.168621,-0.190467,-0.244597,-0.162382,-0.136716,-0.16772,-0.151759,0.0161372
124,2.24589,0.0541576,1,-0.140333,-0.186076,-0.199952,-0.193264,-0.263451,-0.196702,-0.140333,-0.186076,-0.179957,0.0196419
125,2.264,0.0542956,1,-0.146878,-0.206756,-0.226613,-0.199209,-0.284889,-0.227525,-0.146878,-0.206756,-0.203952,0.0232992
126,2.28211,0.0546691,1,-0.156603,-0.230099,-0.249072,-0.208233,-0.309292,-0.254461,-0.156603,-0.230099,-0.224165,0.0273038
127,2.30022,0.0553725,1,-0.168929,-0.256664,-0.267666,-0.220355,-0.337081,-0.276983,-0.168929,-0.256664,-0.2409,0.0316517
128,2.31834,0.0560617,1,-0.184136,-0.287474,-0.280992,-0.235668,-0.368676,-0.294388,-0.184136,-0.287474,-0.252893,0.0362185
129,2.33645,0.057048,1,-0.202523,-0.321953,-0.289089,-0.254318,-0.404433,-0.305756,-0.202523,-0.321953,-0.26018,0.040983
130,2.35456,0.0584532,1,-0.224206,-0.360065,-0.290461,-0.276476,-0.444562,-0.309915,-0.224206,-0.360065,-0.261415,0.0455862
131,2.37267,0.059921,1,-0.249702,-0.402186,-0.283752,-0.302299,-0.488998,-0.305405,-0.249702,-0.402186,-0.255377,0.0495975
132,2.39078,0.0611454,1,-0.278745,-0.44853,-0.267531,-0.331864,-0.537228,-0.290497,-0.278745,-0.44853,-0.240778,0.0522011
133,2.4089,0.0632279,1,-0.310554,-0.496145,-0.23935,-0.36508,-0.588059,-0.263268,-0.310554,-0.496145,-0.215415,0.0520318
134,2.42701,0.0653641,1,-0.344787,-0.544341,-0.198023,-0.401574,-0.639352,-0.221805,-0.344787,-0.544341,-0.178221,0.0477931
135,2.44512,0.0678533,1,-0.381139,-0.589252,-0.140593,-0.440541,-0.687778,-0.164597,-0.381139,-0.589252,-0.126534,0.0375098
136,2.46323,0.0702251,1,-0.419224,-0.6269,-0.0654275,-0.4806,-0.728713,-0.0911523,-0.419224,-0.6269,-0.0588848,0.0192002
137,2.48134,0.0723662,1,-0.457048,-0.651611,0.0253555,-0.519675,-0.756473,-0.00279605,-0.457048,-0.651611,0.02282,-0.00811209
138,2.49946,0.0746064,1,-0.490139,-0.656549,0.123227,-0.554991,-0.765083,0.0965262,-0.490139,-0.656549,0.110904,-0.0422787
139,2.51757,0.0777444,1,-0.515028,-0.6357,0.221881,-0.583272,-0.749677,0.199863,-0.515028,-0.6357,0.199693,-0.0799924
140,2.53568,0.081363,1,-0.529278,-0.588212,0.314501,-0.601197,-0.708245,0.297778,-0.529278,-0.588212,0.283051,-0.116521
141,2.55379,0.0840107,1,-0.530689,-0.518907,0.389095,-0.606067,-0.643042,0.380041,-0.530689,-0.518907,0.350185,-0.144542
142,2.5719,0.0852415,1,-0.517328,-0.436154,0.437273,-0.596509,-0.560766,0.438122,-0.517328,-0.436154,0.393545,-0.158349
143,2.59002,0.0839535,1,-0.491868,-0.351007,0.454888,-0.57292,-0.47108,0.467449,-0.491868,-0.351007,0.409399,-0.156621
144,2.60813,0.0812421,1,-0.455849,-0.271284,0.44757,-0.537456,-0.38403,0.468294,-0.455849,-0.271284,0.402813,-0.142817
145,2.62624,0.0787303,1,-0.412112,-0.201193,0.419414,-0.493537,-0.307557,0.444951,-0.412112,-0.201193,0.377473,-0.120992
146,2.64435,0.0756066,1,-0.36472,-0.146572,0.37607,-0.445088,-0.24617,0.403819,-0.36472,-0.146572,0.338463,-0.096012
147,2.66246,0.0717888,1,-0.317785,-0.108344,0.323416,-0.395817,-0.201006,0.351445,-0.317785,-0.108344,0.291074,-0.0719437
148,2.68058,0.0677492,1,-0.273657,-0.0844887,0.266981,-0.34872,-0.170772,0.29326,-0.273657,-0.0844887,0.240282,-0.0511428
149,2.69869,0.0636197,1,-0.234772,-0.0718174,0.210582,-0.305882,-0.152919,0.233126,-0.234772,-0.0718174,0.189524,-0.0346072
150,2.7168,0.0598202,1,-0.202004,-0.0669058,0.15677,-0.268507,-0.144585,0.173466,-0.202004,-0.0669058,0.141093,-0.0221678
151,2.73491,0.057715,1,-0.173957,-0.0665355,0.103915,-0.237079,-0.143161,0.115626,-0.173957,-0.0665355,0.0935231,-0.0126537
152,2.75302,0.0557945,1,-0.151569,-0.0710737,0.0538624,-0.211569,-0.14656,0.0602587,-0.151569,-0.0710737,0.0484762,-0.00571472
153,2.77114,0.0538442,1,-0.134522,-0.079532,0.00678689,-0.191627,-0.153261,0.00762704,-0.134522,-0.079532,0.0061082,-0.000639092
154,2.78925,0.0528167,1,-0.122192,-0.0889435,-0.037931,-0.176742,-0.162257,-0.0422,-0.122192,-0.0889435,-0.0341379,0.0032444
155,2.80736,0.0531948,1,-0.113173,-0.0982404,-0.0804513,-0.166352,-0.172967,-0.0892289,-0.113173,-0.0982404,-0.0724062,0.00637347
156,2.82547,0.0547001,1,-0.107059,-0.107491,-0.121112,-0.159925,-0.185135,-0.133478,-0.107059,-0.107491,-0.109001,0.00907628
157,2.84358,0.0561399,1,-0.10494,-0.117955,-0.160225,-0.157003,-0.19875,-0.174944,-0.10494,-0.117955,-0.144203,0.0117698
158,2.8617,0.0568115,1,-0.105868,-0.131801,-0.196505,-0.157226,-0.21398,-0.213583,-0.105868,-0.131801,-0.176854,0.0145625
159,2.87981,0.0580791,1,-0.108449,-0.147188,-0.229783,-0.160344,-0.231128,-0.249293,-0.108449,-0.147188,-0.206805,0.0174438
160,2.89792,0.0596314,1,-0.113969,-0.164492,-0.259015,-0.166215,-0.250598,-0.2819,-0.113969,-0.164492,-0.233114,0.0206639
161,2.91603,0.0617514,1,-0.121377,-0.18407,-0.284705,-0.174807,-0.272875,-0.311136,-0.121377,-0.18407,-0.256235,0.0241896
162,2.93414,0.0642678,1,-0.131022,-0.206445,-0.307046,-0.186184,-0.298502,-0.336604,-0.131022,-0.206445,-0.276342,0.0281609
163,2.95226,0.0668298,1,-0.143426,-0.232325,-0.32652,-0.200504,-0.328063,-0.357745,-0.143426,-0.232325,-0.293868,0.032782
164,2.97037,0.0691438,1,-0.159017,-0.26251,-0.343196,-0.218002,-0.362148,-0.373784,-0.159017,-0.26251,-0.308876,0.0382017
165,2.98848,0.072021,1,-0.177404,-0.297021,-0.35372,-0.238973,-0.401296,-0.383672,-0.177404,-0.297021,-0.318348,0.043926
166,3.00659,0.0752808,1,-0.199412,-0.336063,-0.357797,-0.263746,-0.445909,-0.386022,-0.199412,-0.336063,-0.322017,0.0499442
167,3.0247,0.0787528,1,-0.225041,-0.380296,-0.354,-0.292639,-0.496094,-0.379046,-0.225041,-0.380296,-0.3186,0.0557652
168,3.04282,0.0824439,1,-0.25415,-0.429762,-0.339619,-0.325887,-0.551446,-0.360539,-0.25415,-0.429762,-0.305657,0.0604199
169,3.06093,0.0857818,1,-0.28745,-0.483951,-0.313293,-0.363537,-0.610726,-0.327935,-0.28745,-0.483951,-0.281964,0.0630394
170,3.07904,0.0886451,1,-0.324681,-0.540872,-0.273894,-0.405293,-0.671463,-0.278537,-0.324681,-0.540872,-0.246505,0.0622497
171,3.09715,0.0910167,1,-0.36529,-0.596961,-0.216621,-0.450317,-0.729546,-0.210006,-0.36529,-0.596961,-0.194959,0.0553905
172,3.11526,0.0925864,1,-0.408479,-0.646367,-0.138415,-0.497002,-0.778976,-0.121232,-0.408479,-0.646367,-0.124573,0.0395776
173,3.13338,0.0916113,1,-0.452394,-0.684434,-0.0402127,-0.542781,-0.812091,-0.013534,-0.452394,-0.684434,-0.0361914,0.0127344
174,3.15149,0.0882231,1,-0.493802,-0.701841,0.075097,-0.584082,-0.820642,0.108052,-0.493802,-0.701841,0.0675873,-0.0259581
175,3.1696,0.0839498,1,-0.527935,-0.690299,0.192843,-0.616592,-0.797914,0.234096,-0.527935,-0.690299,0.173559,-0.071266
176,3.18771,0.0788639,1,-0.549774,-0.64591,0.305694,-0.635923,-0.741473,0.351569,-0.549774,-0.64591,0.275125,-0.117644
177,3.20582,0.071247,1,-0.558159,-0.571727,0.404521,-0.638622,-0.655291,0.446606,-0.558159,-0.571727,0.364069,-0.158051
178,3.22394,0.0647563,1,-0.54839,-0.473825,0.473464,-0.623202,-0.549705,0.50847,-0.54839,-0.473825,0.426118,-0.18175
179,3.24205,0.0587909,1,-0.5219,-0.368873,0.50513,-0.590711,-0.438651,0.532791,-0.5219,-0.368873,0.454617,-0.184539
180,3.26016,0.0528538,1,-0.482431,-0.271922,0.500067,-0.544536,-0.335419,0.522237,-0.482431,-0.271922,0.45006,-0.168873
181,3.27827,0.049013,1,-0.432892,-0.187648,0.469904,-0.489514,-0.249202,0.484462,-0.432892,-0.187648,0.422913,-0.142392
182,3.29638,0.0477839,1,-0.37809,-0.120497,0.421356,-0.430772,-0.183888,0.428838,-0.37809,-0.120497,0.37922,-0.111517
183,3.3145,0.0473549,1,-0.323175,-0.0736353,0.362553,-0.372779,-0.138945,0.363771,-0.323175,-0.0736353,0.326298,-0.0820176
184,3.33261,0.0473707,1,-0.271219,-0.0444572,0.298226,-0.318822,-0.111225,0.295401,-0.271219,-0.0444572,0.268403,-0.0566192
185,3.35072,0.0470121,1,-0.22536,-0.029534,0.23458,-0.270914,-0.0966564,0.227523,-0.22536,-0.029534,0.211122,-0.0370054
186,3.36883,0.0476526,1,-0.186246,-0.0224595,0.174561,-0.229972,-0.091348,0.16212,-0.186246,-0.0224595,0.157105,-0.0227579
187,3.38694,0.0495267,1,-0.152752,-0.0204594,0.118624,-0.196099,-0.0921058,0.100007,-0.152752,-0.0204594,0.106761,-0.012684
188,3.40506,0.0512284,1,-0.125103,-0.0230902,0.0650002,-0.168879,-0.0965626,0.0413674,-0.125103,-0.0230902,0.0585002,-0.00569222
189,3.42317,0.0517089,1,-0.104178,-0.029784,0.0136311,-0.147617,-0.103105,-0.0139117,-0.104178,-0.029784,0.012268,-0.000994046
190,3.44128,0.0519518,1,-0.0882722,-0.0379973,-0.0354041,-0.131507,-0.110723,-0.0660425,-0.0882722,-0.0379973,-0.0318636,0.00218764
191,3.45939,0.053274,1,-0.0760055,-0.0453107,-0.0807384,-0.119752,-0.118862,-0.115247,-0.0760055,-0.0453107,-0.0726646,0.00429559
192,3.4775,0.0552301,1,-0.0673055,-0.0515194,-0.123693,-0.111632,-0.127284,-0.161718,-0.0673055,-0.0515194,-0.111323,0.00582764
193,3.49562,0.0569474,1,-0.0619759,-0.0579077,-0.165002,-0.106534,-0.135973,-0.205615,-0.0619759,-0.0579077,-0.148502,0.00715832
194,3.51373,0.0578036,1,-0.0596782,-0.0662583,-0.204016,-0.10397,-0.145058,-0.247058,-0.0596782,-0.0662583,-0.183615,0.00852273
195,3.53184,0.0592026,1,-0.0585712,-0.0749858,-0.240044,-0.103572,-0.154769,-0.286135,-0.0585712,-0.0749858,-0.21604,0.00984179
196,3.54995,0.0609806,1,-0.059265,-0.0844029,-0.272959,-0.105088,-0.165408,-0.322903,-0.059265,-0.0844029,-0.245663,0.0113238
197,3.56806,0.0629307,1,-0.0613612,-0.0948869,-0.303777,-0.108372,-0.177332,-0.357383,-0.0613612,-0.0948869,-0.273399,0.0130481
198,3.58618,0.0648251,1,-0.0653444,-0.10653,-0.333234,-0.113375,-0.190956,-0.389556,-0.0653444,-0.10653,-0.29991,0.0152425
199,3.60429,0.0670708,1,-0.0709835,-0.119148,-0.360996,-0.120136,-0.206753,-0.419347,-0.0709835,-0.119148,-0.324897,0.0179373
200,3.6224,0.0697585,1,-0.0778948,-0.133403,-0.386851,-0.12878,-0.22526,-0.446614,-0.0778948,-0.133403,-0.348166,0.0210936
201,3.64051,0.0731545,1,-0.0862723,-0.149592,-0.410177,-0.139514,-0.247092,-0.471118,-0.0862723,-0.149592,-0.369159,0.0247708
202,3.65862,0.0763194,1,-0.0967583,-0.169578,-0.431923,-0.152625,-0.272947,-0.492485,-0.0967583,-0.169578,-0.388731,0.0292545
203,3.67674,0.0801759,1,-0.109008,-0.193059,-0.450776,-0.168484,-0.303608,-0.510157,-0.109008,-0.193059,-0.405698,0.0343967
204,3.69485,0.0850368,1,-0.123379,-0.220483,-0.465794,-0.187542,-0.33993,-0.52332,-0.123379,-0.220483,-0.419215,0.0402284
205,3.71296,0.0907102,1,-0.140648,-0.25296,-0.476311,-0.210331,-0.382802,-0.530814,-0.140648,-0.25296,-0.428679,0.0468944
206,3.73107,0.0974746,1,-0.160839,-0.291251,-0.48074,-0.237439,-0.433057,-0.531012,-0.160839,-0.291251,-0.432666,0.0541251
207,3.74918,0.104856,1,-0.185325,-0.336432,-0.477959,-0.269487,-0.491315,-0.52169,-0.185325,-0.336432,-0.430163,0.0620043
208,3.7673,0.112176,1,-0.214517,-0.389957,-0.467438,-0.307049,-0.55769,-0.499902,-0.214517,-0.389957,-0.420694,0.0701914
209,3.78541,0.119568,1,-0.248861,-0.451565,-0.446763,-0.35054,-0.631344,-0.461925,-0.248861,-0.451565,-0.402087,0.0778272
210,3.80352,0.126611,1,-0.289214,-0.520777,-0.412335,-0.400003,-0.709821,-0.403402,-0.289214,-0.520777,-0.371101,0.0834772
211,3.82163,0.133399,1,-0.334762,-0.594309,-0.35694,-0.454815,-0.788216,-0.319886,-0.334762,-0.594309,-0.321246,0.083643
212,3.83974,0.139221,1,-0.38553,-0.665972,-0.277323,-0.513282,-0.858402,-0.208056,-0.38553,-0.665972,-0.24959,0.0748413
213,3.85786,0.142307,1,-0.439311,-0.728634,-0.170824,-0.572219,-0.90884,-0.0677939,-0.439311,-0.728634,-0.153742,0.0525315
214,3.87597,0.140412,1,-0.493247,-0.77291,-0.038767,-0.626693,-0.925879,0.0951707,-0.493247,-0.77291,-0.0348903,0.0133852
215,3.89408,0.132035,1,-0.542207,-0.785673,0.11414,-0.670255,-0.897326,0.267232,-0.542207,-0.785673,0.102726,-0.0433212
216,3.91219,0.116953,1,-0.581909,-0.755539,0.272285,-0.69598,-0.8179,0.427632,-0.581909,-0.755539,0.245057,-0.110912
217,3.9303,0.0969784,1,-0.602839,-0.676377,0.416436,-0.698282,-0.693946,0.553536,-0.602839,-0.676377,0.374793,-0.175731
218,3.94842,0.0706364,1,-0.603985,-0.560175,0.529783,-0.674887,-0.543537,0.628092,-0.603985,-0.560175,0.476805,-0.223987
219,3.96653,0.0446572,1,-0.579274,-0.417387,0.592924,-0.627866,-0.390464,0.646746,-0.579274,-0.417387,0.533631,-0.240426
220,3.98464,0.0234785,1,-0.534375,-0.279278,0.601226,-0.563063,-0.255482,0.617488,-0.534375,-0.279278,0.541104,-0.224896
221,4.00275,0.0120859,1,-0.473405,-0.161427,0.565231,-0.488233,-0.150355,0.555448,-0.473405,-0.161427,0.508708,-0.187308
222,4.02086,0.0174289,1,-0.404427,-0.0700468,0.504781,-0.410938,-0.0772837,0.476206,-0.404427,-0.0700468,0.454303,-0.142903
223,4.03898,0.0281048,1,-0.334242,-0.00773902,0.433682,-0.337104,-0.0320331,0.391596,-0.334242,-0.00773902,0.390314,-0.101468
224,4.05709,0.0355683,1,-0.267908,0.0312298,0.35637,-0.270521,-0.00772865,0.308717,-0.267908,0.0312298,0.320733,-0.066832
225,4.0752,0.0395856,1,-0.208425,0.0491431,0.280922,-0.213017,0.00249746,0.23088,-0.208425,0.0491431,0.252829,-0.0409857
226,4.09331,0.043869,1,-0.157431,0.0592609,0.210943,-0.164947,0.00427233,0.159047,-0.157431,0.0592609,0.189849,-0.0232463
227,4.11142,0.0486244,1,-0.113487,0.0638417,0.148537,-0.125728,0.00170686,0.0930168,-0.113487,0.0638417,0.133683,-0.0117999
228,4.12954,0.0513471,1,-0.0777809,0.0625159,0.0906477,-0.0942629,-0.00242396,0.0321606,-0.0777809,0.0625159,0.0815829,-0.00493546
229,4.14765,0.0517823,1,-0.0503134,0.0584152,0.0348673,-0.0692529,-0.00636216,-0.0242039,-0.0503134,0.0584152,0.0313806,-0.00122801
230,4.16576,0.0516746,1,-0.0283289,0.0536458,-0.0163634,-0.0493857,-0.00905721,-0.0766606,-0.0283289,0.0536458,-0.0147271,0.000324491
231,4.18387,0.0518621,1,-0.0103113,0.0516066,-0.0644295,-0.0334428,-0.00991563,-0.125658,-0.0103113,0.0516066,-0.0579865,0.000465046
232,4.20198,0.0519329,1,0.00448774,0.0512967,-0.109192,-0.0203468,-0.00861506,-0.171521,0.00448774,0.0512967,-0.0982725,-0.000343016
233,4.2201,0.0528665,1,0.0170919,0.0538767,-0.149419,-0.00917173,-0.00497301,-0.214469,0.0170919,0.0538767,-0.134477,-0.00178769
234,4.23821,0.0530027,1,0.0268106,0.057335,-0.186839,0.000867666,0.00114276,-0.254642,0.0268106,0.057335,-0.168155,-0.00350649
235,4.25632,0.0524096,1,0.0360354,0.0632038,-0.223254,0.0104384,0.00987385,-0.292109,0.0360354,0.0632038,-0.200928,-0.00563153
236,4.27443,0.0521113,1,0.0455684,0.0732977,-0.257539,0.0201164,0.0214102,-0.326869,0.0455684,0.0732977,-0.231785,-0.00821494
237,4.29254,0.0517181,1,0.0552798,0.0858056,-0.288658,0.0304141,0.0360152,-0.35885,0.0552798,0.0858056,-0.259792,-0.0111699
238,4.31066,0.051041,1,0.0653186,0.100407,-0.316386,0.0418069,0.054041,-0.387891,0.0653186,0.100407,-0.284748,-0.0144661
239,4.32877,0.0504429,1,0.0757024,0.117619,-0.339842,0.054757,0.0759361,-0.413716,0.0757024,0.117619,-0.305858,-0.0180088
240,4.34688,0.050331,1,0.0876827,0.138816,-0.358826,0.069733,0.102246,-0.435898,0.0876827,0.138816,-0.322944,-0.022024
241,4.36499,0.0492245,1,0.102113,0.163934,-0.375531,0.0872258,0.133598,-0.453808,0.102113,0.163934,-0.337978,-0.0268428
242,4.3831,0.0474327,1,0.11921,0.193082,-0.388339,0.107757,0.170676,-0.466547,0.11921,0.193082,-0.349505,-0.0324056
243,4.40122,0.0457246,1,0.139168,0.228547,-0.395321,0.131877,0.214152,-0.472857,0.139168,0.228547,-0.355789,-0.0385112
244,4.41933,0.043439,1,0.162169,0.271088,-0.396098,0.160149,0.264571,-0.471027,0.162169,0.271088,-0.356488,-0.0449644
245,4.43744,0.0404264,1,0.190403,0.321292,-0.388824,0.193108,0.322159,-0.458787,0.190403,0.321292,-0.349942,-0.0518233
246,4.45555,0.0369764,1,0.222386,0.376433,-0.370619,0.231177,0.386504,-0.433253,0.222386,0.376433,-0.333557,-0.0576942
247,4.47366,0.0330881,1,0.258684,0.43426,-0.340415,0.274536,0.456102,-0.390974,0.258684,0.43426,-0.306374,-0.0616421
248,4.49178,0.0296581,1,0.300102,0.49523,-0.295644,0.322906,0.527747,-0.328224,0.300102,0.49523,-0.266079,-0.0621064
249,4.50989,0.0297761,1,0.345251,0.555343,-0.231012,0.375272,0.595889,-0.241717,0.345251,0.555343,-0.207911,-0.0558301
250,4.528,0.0339378,1,0.391745,0.609797,-0.14498,0.429538,0.652225,-0.129919,0.391745,0.609797,-0.130482,-0.0397568
251,4.54611,0.04101,1,0.438502,0.649837,-0.0375865,0.482244,0.68608,0.00505823,0.438502,0.649837,-0.0338278,-0.0115372
252,4.56422,0.0491874,1,0.481781,0.664679,0.0876089,0.528533,0.686227,0.155492,0.481781,0.664679,0.078848,0.0295458
253,4.58234,0.0548152,1,0.518159,0.649066,0.223494,0.562607,0.644433,0.307262,0.518159,0.649066,0.201145,0.0810639
254,4.60045,0.0598339,1,0.541039,0.595991,0.352342,0.578854,0.559739,0.441764,0.541039,0.595991,0.317108,0.133442
255,4.61856,0.0648366,1,0.546216,0.506251,0.453716,0.573412,0.441023,0.540991,0.546216,0.506251,0.408344,0.173479
256,4.63667,0.0647322,1,0.531001,0.391882,0.523908,0.545559,0.30537,0.593725,0.531001,0.391882,0.471518,0.194737
257,4.65478,0.0657735,1,0.498488,0.274884,0.549433,0.498137,0.172375,0.599135,0.498488,0.274884,0.49449,0.19172
258,4.6729,0.0668019,1,0.451669,0.168121,0.534539,0.436734,0.0576566,0.565556,0.451669,0.168121,0.481085,0.169004
259,4.69101,0.0646457,1,0.393974,0.0775229,0.493706,0.368069,-0.0307356,0.5058,0.393974,0.0775229,0.444336,0.136155
260,4.70912,0.0609225,1,0.332336,0.00784288,0.435732,0.298397,-0.0920116,0.432286,0.332336,0.00784288,0.392159,0.101367
261,4.72723,0.0579719,1,0.272233,-0.0389392,0.368675,0.232503,-0.130025,0.354281,0.272233,-0.0389392,0.331807,0.0702559
262,4.74534,0.056662,1,0.21624,-0.0648902,0.299217,0.173398,-0.150448,0.277395,0.21624,-0.0648902,0.269295,0.0452919
263,4.76346,0.0569114,1,0.168407,-0.0764202,0.23288,0.122508,-0.158858,0.204351,0.168407,-0.0764202,0.209592,0.0274531
264,4.78157,0.0563382,1,0.127373,-0.0810382,0.168856,0.0800742,-0.159839,0.136065,0.127373,-0.0810382,0.151971,0.0150554
265,4.79968,0.0552979,1,0.0918655,-0.081865,0.110211,0.0455766,-0.156767,0.07252,0.0918655,-0.081865,0.0991898,0.00708721
266,4.81779,0.0540885,1,0.0626912,-0.0802507,0.0539017,0.0180814,-0.151943,0.0133193,0.0626912,-0.0802507,0.0485115,0.00236541
267,4.8359,0.0539978,1,0.0410297,-0.076424,0.00049067,-0.00351103,-0.146827,-0.0420159,0.0410297,-0.076424,0.000441603,1.40924e-05
268,4.85402,0.0540416,1,0.0234136,-0.0729222,-0.0487693,-0.0203062,-0.142285,-0.0939237,0.0234136,-0.0729222,-0.0438924,-0.000799304
269,4.87213,0.0554537,1,0.0101844,-0.068863,-0.0933289,-0.0333259,-0.13878,-0.142763,0.0101844,-0.068863,-0.083996,-0.000665346
270,4.89024,0.057078,1,-0.000265862,-0.0655224,-0.135292,-0.0434661,-0.136533,-0.188817,-0.000265862,-0.0655224,-0.121762,2.51783e-05
271,4.90835,0.058305,1,-0.00787537,-0.0635293,-0.176633,-0.0514853,-0.13562,-0.232306,-0.00787537,-0.0635293,-0.158969,0.000973732
272,4.92646,0.0596525,1,-0.0147759,-0.0625271,-0.215099,-0.0580118,-0.136056,-0.273404,-0.0147759,-0.0625271,-0.193589,0.00222479
273,4.94458,0.0612996,1,-0.0205978,-0.0629695,-0.25043,-0.0635605,-0.137838,-0.312251,-0.0205978,-0.0629695,-0.225387,0.00361082
274,4.96269,0.0627691,1,-0.025082,-0.063953,-0.285739,-0.0685533,-0.140979,-0.348962,-0.025082,-0.063953,-0.257165,0.00501683
275,4.9808,0.0636662,1,-0.0290589,-0.0669276,-0.320215,-0.0733413,-0.145528,-0.383628,-0.0290589,-0.0669276,-0.288194,0.00651357
276,4.99891,0.0651177,1,-0.0333753,-0.0710626,-0.351315,-0.0782251,-0.151583,-0.416322,-0.0333753,-0.0710626,-0.316183,0.00820768
277,5.01702,0.0671452,1,-0.0372983,-0.0759146,-0.38046,-0.0834742,-0.159302,-0.447091,-0.0372983,-0.0759146,-0.342414,0.00993336
278,5.03514,0.0693701,1,-0.0418598,-0.0827051,-0.407035,-0.0893443,-0.168913,-0.475956,-0.0418598,-0.0827051,-0.366332,0.0119269
279,5.05325,0.0723036,1,-0.0466365,-0.0902903,-0.431768,-0.0960928,-0.18072,-0.502902,-0.0466365,-0.0902903,-0.388591,0.0140953
280,5.07136,0.0762703,1,-0.0517696,-0.0985553,-0.45438,-0.103994,-0.195116,-0.527866,-0.0517696,-0.0985553,-0.408942,0.0164662
281,5.08947,0.0802838,1,-0.057673,-0.109097,-0.476389,-0.113353,-0.212594,-0.550717,-0.057673,-0.109097,-0.428751,0.0192324
282,5.10758,0.0840068,1,-0.0650365,-0.123261,-0.497589,-0.124519,-0.233759,-0.571233,-0.0650365,-0.123261,-0.44783,0.022653
283,5.1257,0.0876248,1,-0.0743634,-0.141501,-0.517563,-0.137899,-0.259342,-0.589054,-0.0743634,-0.141501,-0.465807,0.0269414
284,5.14381,0.0919033,1,-0.085752,-0.163743,-0.535127,-0.153972,-0.290201,-0.603634,-0.085752,-0.163743,-0.481615,0.0321218
285,5.16192,0.097213,1,-0.0993118,-0.190473,-0.549738,-0.173295,-0.327323,-0.614156,-0.0993118,-0.190473,-0.494765,0.0382169
286,5.18003,0.104172,1,-0.115348,-0.221851,-0.560378,-0.196516,-0.371786,-0.619423,-0.115348,-0.221851,-0.50434,0.045247
287,5.19814,0.113669,1,-0.133836,-0.257912,-0.565246,-0.224361,-0.424687,-0.617713,-0.133836,-0.257912,-0.508722,0.0529553
288,5.21626,0.125428,1,-0.155804,-0.299905,-0.563741,-0.257616,-0.486972,-0.606598,-0.155804,-0.299905,-0.507367,0.0614833
289,5.23437,0.138567,1,-0.182673,-0.349971,-0.555011,-0.297056,-0.559134,-0.582753,-0.182673,-0.349971,-0.49951,0.0709699
290,5.25248,0.151771,1,-0.216189,-0.410672,-0.53601,-0.343325,-0.640686,-0.541805,-0.216189,-0.410672,-0.482409,0.0811156
291,5.27059,0.165379,1,-0.255573,-0.481599,-0.505795,-0.39671,-0.729348,-0.478387,-0.255573,-0.481599,-0.455216,0.0904871
292,5.2887,0.178687,1,-0.301837,-0.562504,-0.460906,-0.456775,-0.819928,-0.386647,-0.301837,-0.562504,-0.414815,0.0973828
293,5.30682,0.191147,1,-0.354451,-0.648094,-0.390269,-0.521856,-0.903125,-0.261638,-0.354451,-0.648094,-0.351242,0.0968318
294,5.32493,0.201292,1,-0.412757,-0.72944,-0.289645,-0.588461,-0.964926,-0.101947,-0.412757,-0.72944,-0.26068,0.0836872
295,5.34304,0.206653,1,-0.474218,-0.796854,-0.159237,-0.650826,-0.987887,0.0865918,-0.474218,-0.796854,-0.143314,0.0528592
296,5.36115,0.203323,1,-0.533746,-0.837289,0.00130759,-0.701081,-0.955699,0.287662,-0.533746,-0.837289,0.00117684,-0.000488546
297,5.37926,0.188364,1,-0.586004,-0.835661,0.183508,-0.730527,-0.860835,0.474922,-0.586004,-0.835661,0.165157,-0.0752755
298,5.39738,0.163812,1,-0.624603,-0.777765,0.364838,-0.732085,-0.711525,0.61893,-0.624603,-0.777765,0.328354,-0.159515
299,5.41549,0.133413,1,-0.640028,-0.665077,0.520656,-0.703015,-0.531932,0.698707,-0.640028,-0.665077,0.46859,-0.233264
300,5.4336,0.102465,1,-0.627828,-0.509256,0.628082,-0.646288,-0.353158,0.710483,-0.627828,-0.509256,0.565274,-0.276029
301,5.45171,0.0790572,1,-0.585575,-0.336632,0.671592,-0.56961,-0.200711,0.667048,-0.585575,-0.336632,0.604433,-0.275287
302,5.46982,0.0703147,1,-0.523213,-0.182325,0.653334,-0.482744,-0.0870434,0.589178,-0.523213,-0.182325,0.588001,-0.239283
303,5.48794,0.0680887,1,-0.446238,-0.060292,0.590912,-0.39472,-0.0121789,0.496365,-0.446238,-0.060292,0.531821,-0.184581
304,5.50605,0.0699779,1,-0.36392,0.0257138,0.511477,-0.312173,0.0311036,0.402006,-0.36392,0.0257138,0.460329,-0.130296
305,5.52416,0.0715309,1,-0.284267,0.0818545,0.424546,-0.238965,0.0521301,0.313127,-0.284267,0.0818545,0.382091,-0.0844791
306,5.54227,0.0700406,1,-0.211554,0.109016,0.337266,-0.176627,0.0593017,0.232263,-0.211554,0.109016,0.30354,-0.0499451
307,5.56038,0.0671891,1,-0.149491,0.118022,0.256805,-0.125069,0.0590155,0.159517,-0.149491,0.118022,0.231124,-0.0268731
308,5.5785,0.0658601,1,-0.097226,0.121651,0.186003,-0.0832475,0.0556759,0.0939996,-0.097226,0.121651,0.167402,-0.012659
309,5.59661,0.0657321,1,-0.0535315,0.12145,0.124838,-0.0496673,0.0521097,0.0346207,-0.0535315,0.12145,0.112354,-0.00467793
310,5.61472,0.0642667,1,-0.0195221,0.118791,0.0679105,-0.0227008,0.0500324,-0.0195698,-0.0195221,0.118791,0.0611195,-0.00092803
311,5.63283,0.0631133,1,0.00861152,0.116252,0.0174936,-0.000777798,0.0504358,-0.0692816,0.00861152,0.116252,0.0157443,0.000105453
312,5.65094,0.0619558,1,0.0314817,0.116881,-0.0292498,0.0175226,0.0538745,-0.114987,0.0314817,0.116881,-0.0263249,-0.000644583
313,5.66906,0.0602625,1,0.0504065,0.119575,-0.072482,0.0334392,0.0606643,-0.156959,0.0504065,0.119575,-0.0652338,-0.00255749
314,5.68717,0.0595857,1,0.066831,0.125193,-0.109494,0.0480321,0.0710143,-0.1953,0.066831,0.125193,-0.0985445,-0.00512231
315,5.70528,0.0590042,1,0.0808897,0.13424,-0.142324,0.062204,0.08511,-0.229969,0.0808897,0.13424,-0.128092,-0.0080588
316,5.72339,0.0578404,1,0.0939031,0.146747,-0.172229,0.076729,0.10316,-0.260783,0.0939031,0.146747,-0.155006,-0.011321
317,5.7415,0.0559209,1,0.108463,0.164103,-0.200093,0.092283,0.125418,-0.287403,0.108463,0.164103,-0.180084,-0.0151919
318,5.75962,0.0533895,1,0.125004,0.185958,-0.224648,0.109469,0.152177,-0.309317,0.125004,0.185958,-0.202183,-0.0196573
319,5.77773,0.0510711,1,0.141862,0.212493,-0.24316,0.128837,0.183744,-0.325796,0.141862,0.212493,-0.218844,-0.0241466
320,5.79584,0.049587,1,0.160465,0.242535,-0.253425,0.150887,0.22038,-0.335851,0.160465,0.242535,-0.228083,-0.0284662
321,5.81395,0.0463218,1,0.181189,0.275369,-0.259214,0.176067,0.262207,-0.338193,0.181189,0.275369,-0.233293,-0.0328768
322,5.83206,0.0415796,1,0.204271,0.310466,-0.259191,0.204741,0.30906,-0.331194,0.204271,0.310466,-0.233272,-0.0370616
323,5.85018,0.0358258,1,0.230537,0.349694,-0.252114,0.237135,0.360277,-0.3129,0.230537,0.349694,-0.226902,-0.040685
324,5.86829,0.0313838,1,0.260646,0.394209,-0.232262,0.273243,0.414416,-0.281127,0.260646,0.394209,-0.209036,-0.0423767
325,5.8864,0.0284723,1,0.292202,0.439613,-0.199774,0.312704,0.468939,-0.23371,0.292202,0.439613,-0.179796,-0.040862
326,5.90451,0.0277541,1,0.32615,0.484048,-0.154373,0.354634,0.519912,-0.16898,0.32615,0.484048,-0.138935,-0.0352441
327,5.92262,0.0299137,1,0.362205,0.524879,-0.09496,0.397453,0.561904,-0.0865224,0.362205,0.524879,-0.085464,-0.0240765
328,5.94074,0.0363372,1,0.397936,0.554417,-0.0219892,0.438768,0.588319,0.0118421,0.397936,0.554417,-0.0197903,-0.00612521
329,5.95885,0.0443377,1,0.431026,0.568082,0.063362,0.475386,0.592416,0.121133,0.431026,0.568082,0.0570258,0.0191175
330,5.97696,0.0508365,1,0.459429,0.563533,0.156902,0.503594,0.569085,0.232874,0.459429,0.563533,0.141212,0.0504598
331,5.99507,0.0561788,1,0.47964,0.537405,0.249699,0.519745,0.51695,0.335962,0.47964,0.537405,0.224729,0.0838359
332,6.01318,0.0622558,1,0.488553,0.487395,0.327827,0.52108,0.439836,0.418972,0.488553,0.487395,0.295044,0.112113
333,6.0313,0.0651843,1,0.484589,0.417402,0.388118,0.506518,0.34652,0.473216,0.484589,0.417402,0.349306,0.131654
334,6.04941,0.0660834,1,0.468609,0.339623,0.426379,0.477064,0.248504,0.495131,0.468609,0.339623,0.383741,0.139864
335,6.06752,0.0676045,1,0.44139,0.262683,0.437152,0.435624,0.156763,0.486737,0.44139,0.262683,0.393436,0.135068
336,6.08563,0.0689093,1,0.406,0.192973,0.424268,0.386298,0.0790989,0.4541,0.406,0.192973,0.381841,0.120577
337,6.10374,0.0678633,1,0.364801,0.131983,0.394915,0.333467,0.0191313,0.40486,0.364801,0.131983,0.355424,0.100846
338,6.12186,0.0651433,1,0.320473,0.0820836,0.356204,0.28102,-0.0231426,0.346113,0.320473,0.0820836,0.320583,0.0799076
339,6.13997,0.0633994,1,0.27729,0.0473372,0.306144,0.231904,-0.0500079,0.283287,0.27729,0.0473372,0.27553,0.0594236
340,6.15808,0.0617427,1,0.236865,0.0254756,0.250266,0.188013,-0.0646956,0.21995,0.236865,0.0254756,0.225239,0.0414955
341,6.17619,0.0616063,1,0.201034,0.0151221,0.196752,0.150298,-0.0704434,0.158146,0.201034,0.0151221,0.177076,0.0276876
342,6.1943,0.0610387,1,0.170428,0.0104803,0.144201,0.118995,-0.070002,0.0988762,0.170428,0.0104803,0.129781,0.0172032
343,6.21242,0.0599684,1,0.143907,0.00893421,0.0949482,0.0938555,-0.0654681,0.042529,0.143907,0.00893421,0.0854534,0.0095646
344,6.23053,0.0582239,1,0.122822,0.00982023,0.0455745,0.0743595,-0.0583024,-0.0108236,0.122822,0.00982023,0.041017,0.0039183
345,6.24864,0.057083,1,0.106584,0.0151511,-0.00274247,0.059867,-0.0494286,-0.0612439,0.106584,0.0151511,-0.00246823,-0.000204612
346,6.26675,0.0572217,1,0.0945371,0.0235871,-0.0467529,0.0497277,-0.0393518,-0.108832,0.0945371,0.0235871,-0.0420776,-0.00309392
347,6.28486,0.057221,1,0.0858169,0.0332971,-0.0886461,0.0433486,-0.0282657,-0.153678,0.0858169,0.0332971,-0.0797815,-0.00532513
348,6.30298,0.0561222,1,0.0798482,0.0422659,-0.128998,0.0402308,-0.0161394,-0.195844,0.0798482,0.0422659,-0.116099,-0.00721021
349,6.32109,0.0544446,1,0.0767711,0.0520699,-0.168037,0.0399879,-0.00278003,-0.23535,0.0767711,0.0520699,-0.151233,-0.00903026
350,6.3392,0.0535738,1,0.076382,0.0645435,-0.203579,0.0423498,0.0121247,-0.272169,0.076382,0.0645435,-0.183221,-0.0108848
351,6.35731,0.0536249,1,0.0789397,0.0797759,-0.235242,0.0471611,0.0289794,-0.306212,0.0789397,0.0797759,-0.211718,-0.012999
352,6.37542,0.0534512,1,0.083847,0.0970684,-0.264375,0.0543755,0.0482667,-0.337319,0.083847,0.0970684,-0.237937,-0.0155169
353,6.39354,0.0528832,1,0.0914358,0.117137,-0.291282,0.0640489,0.0705379,-0.365231,0.0914358,0.117137,-0.262154,-0.0186435
354,6.41165,0.0524384,1,0.101779,0.141029,-0.314652,0.0763331,0.0964065,-0.389557,0.101779,0.141029,-0.283187,-0.0224175
355,6.42976,0.0514045,1,0.11482,0.168226,-0.334607,0.0914683,0.126536,-0.409732,0.11482,0.168226,-0.301146,-0.0268938
356,6.44787,0.049987,1,0.13068,0.199234,-0.349835,0.109775,0.161613,-0.42496,0.13068,0.199234,-0.314852,-0.0320016
357,6.46598,0.0475168,1,0.149491,0.234018,-0.360322,0.131637,0.202302,-0.434139,0.149491,0.234018,-0.32429,-0.0377053
358,6.4841,0.0446398,1,0.171325,0.273773,-0.363807,0.157482,0.249147,-0.43578,0.171325,0.273773,-0.327426,-0.0436304
359,6.50221,0.0405148,1,0.197147,0.319789,-0.36059,0.187734,0.302416,-0.427924,0.197147,0.319789,-0.324531,-0.0497624
360,6.52032,0.0349359,1,0.227256,0.371374,-0.348502,0.222746,0.361853,-0.408088,0.227256,0.371374,-0.313651,-0.0554394
361,6.53843,0.0288884,1,0.261986,0.428162,-0.323298,0.262682,0.426308,-0.373295,0.261986,0.428162,-0.290968,-0.0592897
362,6.55654,0.023156,1,0.301814,0.487887,-0.280923,0.307346,0.493245,-0.320284,0.301814,0.487887,-0.25283,-0.0593504
363,6.57466,0.0193304,1,0.343982,0.54441,-0.217979,0.355947,0.558201,-0.246044,0.343982,0.54441,-0.196181,-0.0524865
364,6.59277,0.017274,1,0.38813,0.59554,-0.134996,0.406811,0.614387,-0.148815,0.38813,0.59554,-0.121496,-0.036677
365,6.61088,0.0163243,1,0.433985,0.637239,-0.0341883,0.457124,0.652822,-0.0295859,0.433985,0.637239,-0.0307695,-0.0103861
366,6.62899,0.0206184,1,0.478066,0.658596,0.0809692,0.502835,0.663541,0.106216,0.478066,0.658596,0.0728723,0.027096
367,6.6471,0.028184,1,0.512449,0.644004,0.207086,0.538919,0.638194,0.247689,0.512449,0.644004,0.186377,0.0742847
368,6.66522,0.0343531,1,0.534252,0.592942,0.329371,0.560184,0.573607,0.379312,0.534252,0.592942,0.296434,0.123177
369,6.68333,0.0407192,1,0.541233,0.512867,0.429147,0.562527,0.474615,0.484441,0.541233,0.512867,0.386232,0.162588
370,6.70144,0.0448248,1,0.530088,0.409544,0.4981,0.544241,0.354005,0.550474,0.530088,0.409544,0.44829,0.184826
371,6.71955,0.0465704,1,0.500538,0.296141,0.529003,0.506718,0.228791,0.572959,0.500538,0.296141,0.476103,0.18535
372,6.73766,0.048076,1,0.456667,0.19069,0.522319,0.454136,0.114652,0.556168,0.456667,0.19069,0.470087,0.166968
373,6.75578,0.0479656,1,0.403111,0.10078,0.487011,0.392279,0.0217088,0.510086,0.403111,0.10078,0.43831,0.137423
374,6.77389,0.0464965,1,0.344451,0.0312371,0.434708,0.327088,-0.046571,0.446118,0.344451,0.0312371,0.391237,0.104815
375,6.792,0.0452945,1,0.286077,-0.0167089,0.373306,0.263541,-0.0918526,0.37388,0.286077,-0.0167089,0.335975,0.074756
376,6.81011,0.0454456,1,0.232239,-0.0446784,0.303218,0.205125,-0.118502,0.299933,0.232239,-0.0446784,0.272896,0.0492933
377,6.82822,0.0458123,1,0.183756,-0.0587251,0.237745,0.153814,-0.131558,0.227989,0.183756,-0.0587251,0.213971,0.030581
378,6.84634,0.0454868,1,0.142622,-0.0649672,0.173316,0.110349,-0.135543,0.159727,0.142622,-0.0649672,0.155985,0.0173031
379,6.86445,0.0454448,1,0.108363,-0.0653497,0.114133,0.0746035,-0.134006,0.0956324,0.108363,-0.0653497,0.10272,0.00865748
380,6.88256,0.044953,1,0.079729,-0.0629958,0.0579416,0.0459271,-0.129484,0.0356025,0.079729,-0.0629958,0.0521474,0.00323374
381,6.90067,0.0453012,1,0.0580227,-0.0577097,0.0039974,0.0234106,-0.123659,-0.0206862,0.0580227,-0.0577097,0.00359766,0.000162358
382,6.91878,0.0458801,1,0.0410889,-0.0521187,-0.04521,0.0060688,-0.117561,-0.0735964,0.0410889,-0.0521187,-0.040689,-0.00130034
383,6.9369,0.0481378,1,0.029275,-0.0449881,-0.0891942,-0.00704611,-0.111762,-0.123455,0.029275,-0.0449881,-0.0802748,-0.00182781
384,6.95501,0.0497767,1,0.0196727,-0.0391827,-0.130919,-0.0167827,-0.106523,-0.170535,0.0196727,-0.0391827,-0.117827,-0.00180287
385,6.97312,0.0514479,1,0.0131015,-0.0341109,-0.170597,-0.023864,-0.101916,-0.215057,0.0131015,-0.0341109,-0.153537,-0.00156455
386,6.99123,0.0528329,1,0.00853645,-0.0293043,-0.209565,-0.0288827,-0.0978946,-0.257201,0.00853645,-0.0293043,-0.188609,-0.00125226
387,7.00934,0.0541224,1,0.00531008,-0.025094,-0.246367,-0.0323096,-0.0943532,-0.297118,0.00531008,-0.025094,-0.221731,-0.000915761
388,7.02746,0.0553712,1,0.00319689,-0.0216851,-0.280625,-0.0345079,-0.091156,-0.334939,0.00319689,-0.0216851,-0.252562,-0.000627989
389,7.04557,0.056604,1,0.00195467,-0.0183412,-0.313193,-0.035749,-0.088157,-0.37078,0.00195467,-0.0183412,-0.281874,-0.000428533
390,7.06368,0.058042,1,0.00186506,-0.0148443,-0.343881,-0.0362285,-0.0852083,-0.404745,0.00186506,-0.0148443,-0.309493,-0.000448952
391,7.08179,0.0596796,1,0.00282778,-0.0106707,-0.373212,-0.0360798,-0.0821634,-0.436929,0.00282778,-0.0106707,-0.335891,-0.000738754
392,7.0999,0.0613223,1,0.00403864,-0.00699517,-0.399891,-0.0353856,-0.078875,-0.467421,0.00403864,-0.00699517,-0.359902,-0.00113051
393,7.11802,0.0632041,1,0.00550457,-0.00333053,-0.423878,-0.0341865,-0.0751912,-0.496299,0.00550457,-0.00333053,-0.38149,-0.00163328
394,7.13613,0.0656885,1,0.00765489,0.00204708,-0.446145,-0.0324874,-0.0709496,-0.523637,0.00765489,0.00204708,-0.40153,-0.00239063
395,7.15424,0.0681303,1,0.0103801,0.00895567,-0.467889,-0.0302612,-0.0659699,-0.549496,0.0103801,0.00895567,-0.4211,-0.00339972
396,7.17235,0.0705884,1,0.014092,0.0174166,-0.488946,-0.0274508,-0.0600456,-0.573929,0.014092,0.0174166,-0.440052,-0.00482317
397,7.19046,0.0731571,1,0.0190553,0.0276653,-0.509176,-0.0239687,-0.0529342,-0.596974,0.0190553,0.0276653,-0.458258,-0.00679176
398,7.20858,0.0759186,1,0.0251881,0.0395951,-0.52793,-0.0196953,-0.044346,-0.618651,0.0251881,0.0395951,-0.475137,-0.00930831
399,7.22669,0.0788094,1,0.0324876,0.0538261,-0.545544,-0.0144745,-0.0339309,-0.638958,0.0324876,0.0538261,-0.49099,-0.0124064
400,7.2448,0.0818601,1,0.0414696,0.0709559,-0.562245,-0.00810823,-0.0212631,-0.657853,0.0414696,0.0709559,-0.50602,-0.0163213
401,7.26291,0.0851677,1,0.0523579,0.0915014,-0.577728,-0.000348809,-0.00582388,-0.675249,0.0523579,0.0915014,-0.519955,-0.021174
402,7.28102,0.0892808,1,0.0652497,0.1168,-0.591029,0.00911096,0.013019,-0.690984,0.0652497,0.1168,-0.531926,-0.0269951
403,7.29914,0.0945093,1,0.0809406,0.14728,-0.60094,0.0206494,0.0360321,-0.704791,0.0809406,0.14728,-0.540846,-0.0340483
404,7.31725,0.100393,1,0.0992796,0.183342,-0.607344,0.0347296,0.0641373,-0.716247,0.0992796,0.183342,-0.54661,-0.0422078
405,7.33536,0.107352,1,0.120903,0.226267,-0.608634,0.0519134,0.0984271,-0.724699,0.120903,0.226267,-0.547771,-0.05151
406,7.35347,0.115655,1,0.146715,0.276956,-0.602807,0.0728753,0.140165,-0.729158,0.146715,0.276956,-0.542526,-0.0619084
407,7.37158,0.125895,1,0.178489,0.337687,-0.588336,0.0984102,0.190754,-0.728147,0.178489,0.337687,-0.529502,-0.0735081
408,7.3897,0.137543,1,0.217643,0.409023,-0.563928,0.129429,0.251633,-0.719494,0.217643,0.409023,-0.507535,-0.0859143
409,7.40781,0.150686,1,0.263461,0.490319,-0.523551,0.166927,0.324062,-0.700069,0.263461,0.490319,-0.471196,-0.0965548
410,7.42592,0.16636,1,0.316027,0.57971,-0.45829,0.211897,0.408679,-0.665491,0.316027,0.57971,-0.412461,-0.101382
411,7.44403,0.184328,1,0.37574,0.670788,-0.360656,0.265152,0.504731,-0.609907,0.37574,0.670788,-0.32459,-0.0948589
412,7.46214,0.204316,1,0.441306,0.754952,-0.224718,0.326998,0.608837,-0.52608,0.441306,0.754952,-0.202246,-0.0694186
413,7.48026,0.220831,1,0.508301,0.814342,-0.0546419,0.396696,0.713293,-0.406256,0.508301,0.814342,-0.0491777,-0.0194422
414,7.49837,0.22883,1,0.568429,0.827397,0.139161,0.471696,0.80434,-0.244507,0.568429,0.827397,0.125245,0.055372
415,7.51648,0.230807,1,0.613772,0.776818,0.343777,0.546797,0.861726,-0.0410863,0.613772,0.776818,0.3094,0.147701
416,7.53459,0.227153,1,0.637096,0.660666,0.529193,0.613664,0.861856,0.191897,0.637096,0.660666,0.476274,0.236003
417,7.5527,0.217891,1,0.629145,0.491502,0.660177,0.66153,0.786456,0.426975,0.629145,0.491502,0.594159,0.290743
418,7.57082,0.204967,1,0.589975,0.303712,0.718066,0.67972,0.634536,0.625674,0.589975,0.303712,0.646259,0.296549
419,7.58893,0.19555,1,0.522795,0.123959,0.704495,0.661556,0.429105,0.752978,0.522795,0.123959,0.634046,0.257815
420,7.60704,0.185067,1,0.440047,-0.0182078,0.643532,0.607533,0.209967,0.793977,0.440047,-0.0182078,0.579179,0.198229
421,7.62515,0.172336,1,0.351163,-0.116294,0.555967,0.525425,0.0156055,0.759276,0.351163,-0.116294,0.50037,0.136665
422,7.64326,0.158893,1,0.263609,-0.175362,0.458382,0.42718,-0.131834,0.675386,0.263609,-0.175362,0.412544,0.0845836
423,7.66138,0.144597,1,0.183814,-0.206267,0.364194,0.324782,-0.22903,0.56995,0.183814,-0.206267,0.327775,0.0468609
424,7.67949,0.127655,1,0.114531,-0.221949,0.283075,0.227396,-0.284635,0.462574,0.114531,-0.221949,0.254767,0.0226947
425,7.6976,0.112218,1,0.0558289,-0.225349,0.210925,0.140495,-0.311147,0.363403,0.0558289,-0.225349,0.189833,0.00824302
426,7.71571,0.0984896,1,0.00960203,-0.221714,0.148391,0.0663513,-0.319939,0.275796,0.00960203,-0.221714,0.133552,0.000997401
427,7.73382,0.0886029,1,-0.0282317,-0.215628,0.0915827,0.00502353,-0.319516,0.199531,-0.0282317,-0.215628,0.0824245,-0.00180988
428,7.75194,0.0783626,1,-0.0586253,-0.213862,0.0442464,-0.0447126,-0.31557,0.133038,-0.0586253,-0.213862,0.0398218,-0.00181577
429,7.77005,0.0698869,1,-0.0837704,-0.21529,0.00129658,-0.0846774,-0.311629,0.0745806,-0.0837704,-0.21529,0.00116693,-7.60307e-05
430,7.78816,0.0635269,1,-0.105407,-0.219699,-0.0394484,-0.116854,-0.309757,0.0227245,-0.105407,-0.219699,-0.0355035,0.00291069
431,7.80627,0.059854,1,-0.123616,-0.225335,-0.078432,-0.143146,-0.311086,-0.0235424,-0.123616,-0.225335,-0.0705888,0.00678681
432,7.82438,0.0555613,1,-0.139849,-0.236395,-0.112248,-0.165262,-0.316196,-0.0648435,-0.139849,-0.236395,-0.101023,0.0109885
433,7.8425,0.050294,1,-0.154742,-0.251888,-0.137469,-0.184672,-0.325357,-0.101483,-0.154742,-0.251888,-0.123722,0.0148905
434,7.86061,0.0460325,1,-0.169545,-0.270924,-0.159445,-0.202613,-0.338679,-0.133508,-0.169545,-0.270924,-0.1435,0.0189231
435,7.87872,0.0419421,1,-0.187125,-0.293276,-0.175941,-0.220109,-0.356195,-0.160751,-0.187125,-0.293276,-0.158347,0.0230461
436,7.89683,0.0389217,1,-0.206355,-0.318594,-0.18802,-0.238002,-0.377893,-0.182853,-0.206355,-0.318594,-0.169218,0.0271591
437,7.91494,0.0374575,1,-0.226095,-0.346907,-0.193919,-0.256972,-0.403715,-0.199267,-0.226095,-0.346907,-0.174527,0.0306909
438,7.93306,0.0375227,1,-0.247607,-0.378397,-0.192267,-0.277559,-0.433515,-0.209261,-0.247607,-0.378397,-0.17304,0.0333246
439,7.95117,0.0387502,1,-0.271707,-0.413605,-0.182853,-0.300167,-0.466988,-0.211922,-0.271707,-0.413605,-0.164568,0.0347778
440,7.96928,0.0420658,1,-0.298062,-0.450179,-0.164591,-0.325047,-0.503572,-0.20618,-0.298062,-0.450179,-0.148132,0.0343408
441,7.98739,0.046272,1,-0.326237,-0.488381,-0.137607,-0.352269,-0.542315,-0.190869,-0.326237,-0.488381,-0.123847,0.0314248
442,8.0055,0.0523789,1,-0.355649,-0.524675,-0.0992955,-0.38167,-0.581734,-0.164854,-0.355649,-0.524675,-0.089366,0.02472
443,8.02362,0.0608599,1,-0.385931,-0.554515,-0.0488641,-0.412787,-0.619684,-0.127244,-0.385931,-0.554515,-0.0439777,0.0132007
444,8.04173,0.071636,1,-0.415065,-0.574901,0.0137462,-0.444785,-0.653302,-0.0777155,-0.415065,-0.574901,0.0123716,-0.0039939
445,8.05984,0.0826927,1,-0.441593,-0.583209,0.0836216,-0.4764,-0.679098,-0.0169169,-0.441593,-0.583209,0.0752595,-0.0258487
446,8.07795,0.0936413,1,-0.463786,-0.57631,0.157238,-0.505931,-0.693296,0.053102,-0.463786,-0.57631,0.141514,-0.0510473
447,8.09606,0.103584,1,-0.479359,-0.552466,0.228064,-0.531318,-0.692457,0.128608,-0.479359,-0.552466,0.205258,-0.0765272
448,8.11418,0.111782,1,-0.486199,-0.513106,0.290113,-0.550354,-0.674345,0.204253,-0.486199,-0.513106,0.261101,-0.0987367
449,8.13229,0.118003,1,-0.483054,-0.461201,0.338189,-0.561006,-0.63878,0.273665,-0.483054,-0.461201,0.30437,-0.114355
450,8.1504,0.122104,1,-0.470405,-0.401094,0.367839,-0.561812,-0.58813,0.330553,-0.470405,-0.401094,0.331055,-0.121123
451,8.16851,0.123771,1,-0.449212,-0.339278,0.378089,-0.552236,-0.527103,0.370013,-0.449212,-0.339278,0.34028,-0.118889
452,8.18662,0.123519,1,-0.420518,-0.280655,0.371081,-0.532837,-0.461801,0.389553,-0.420518,-0.280655,0.333973,-0.109232
453,8.20474,0.121212,1,-0.386975,-0.22952,0.349501,-0.505205,-0.398359,0.389403,-0.386975,-0.22952,0.314551,-0.0946738
454,8.22285,0.117007,1,-0.350909,-0.188785,0.316358,-0.471659,-0.341724,0.372046,-0.350909,-0.188785,0.284722,-0.0777088
455,8.24096,0.111341,1,-0.315178,-0.158997,0.275011,-0.43482,-0.294965,0.34126,-0.315178,-0.158997,0.24751,-0.0606742
456,8.25907,0.104659,1,-0.281789,-0.139833,0.228461,-0.397212,-0.259243,0.301117,-0.281789,-0.139833,0.205615,-0.0450645
457,8.27718,0.0967806,1,-0.251931,-0.130281,0.181725,-0.360962,-0.234225,0.25526,-0.251931,-0.130281,0.163553,-0.0320475
458,8.2953,0.0890055,1,-0.226599,-0.126617,0.135288,-0.327656,-0.218671,0.206558,-0.226599,-0.126617,0.121759,-0.0214593
459,8.31341,0.0819065,1,-0.205282,-0.128122,0.0892131,-0.298329,-0.210971,0.157069,-0.205282,-0.128122,0.0802918,-0.0128197
460,8.33152,0.0748402,1,-0.188516,-0.133665,0.0463487,-0.27353,-0.209523,0.108164,-0.188516,-0.133665,0.0417138,-0.00611621
461,8.34963,0.0681437,1,-0.176389,-0.142479,0.00570438,-0.25344,-0.212955,0.0607219,-0.176389,-0.142479,0.00513394,-0.000704332
462,8.36774,0.062583,1,-0.167688,-0.152927,-0.0324757,-0.237985,-0.220205,0.0152942,-0.167688,-0.152927,-0.0292281,0.00381206
463,8.38586,0.0579785,1,-0.162559,-0.164643,-0.0677078,-0.226943,-0.230543,-0.0277527,-0.162559,-0.164643,-0.060937,0.00770455
464,8.40397,0.054979,1,-0.160711,-0.177246,-0.102149,-0.22003,-0.243526,-0.0681443,-0.160711,-0.177246,-0.0919344,0.0114915
465,8.42208,0.0523675,1,-0.161856,-0.192641,-0.133801,-0.216953,-0.258957,-0.105632,-0.161856,-0.192641,-0.120421,0.0151595
466,8.44019,0.0497208,1,-0.166038,-0.211233,-0.161615,-0.217459,-0.27683,-0.139949,-0.166038,-0.211233,-0.145454,0.018784
467,8.4583,0.047175,1,-0.173032,-0.232969,-0.185139,-0.221351,-0.297275,-0.170773,-0.173032,-0.232969,-0.166625,0.0224244
468,8.47642,0.0451114,1,-0.182899,-0.25743,-0.204427,-0.228502,-0.320519,-0.197701,-0.182899,-0.25743,-0.183985,0.0261727
469,8.49453,0.0436017,1,-0.195891,-0.284748,-0.21856,-0.238854,-0.346835,-0.220212,-0.195891,-0.284748,-0.196704,0.0299698
470,8.51264,0.042623,1,-0.21207,-0.31555,-0.2272,-0.252408,-0.376492,-0.237647,-0.21207,-0.31555,-0.20448,0.0337276
471,8.53075,0.042173,1,-0.23139,-0.350219,-0.229987,-0.269211,-0.409694,-0.249171,-0.23139,-0.350219,-0.206988,0.0372517
472,8.54886,0.0432188,1,-0.253097,-0.387103,-0.226123,-0.289325,-0.446498,-0.253753,-0.253097,-0.387103,-0.203511,0.0400618
473,8.56698,0.0455717,1,-0.277725,-0.425959,-0.213947,-0.312788,-0.486701,-0.25016,-0.277725,-0.425959,-0.192552,0.0415929
474,8.58509,0.0494189,1,-0.304946,-0.466388,-0.19094,-0.339561,-0.529699,-0.236986,-0.304946,-0.466388,-0.171846,0.0407584
475,8.6032,0.0540006,1,-0.334813,-0.507298,-0.157444,-0.369449,-0.574311,-0.212742,-0.334813,-0.507298,-0.1417,0.0369001
476,8.62131,0.0598213,1,-0.366421,-0.545786,-0.111485,-0.402011,-0.618593,-0.176048,-0.366421,-0.545786,-0.100337,0.0285953
477,8.63942,0.067361,1,-0.399159,-0.578298,-0.0511412,-0.436449,-0.65969,-0.125956,-0.399159,-0.578298,-0.0460271,0.0142894
478,8.65754,0.0752155,1,-0.431507,-0.602185,0.021091,-0.471506,-0.693828,-0.0624182,-0.431507,-0.602185,0.0189819,-0.00637062
479,8.67565,0.0837325,1,-0.460483,-0.610451,0.101225,-0.505396,-0.716549,0.0131377,-0.460483,-0.610451,0.0911029,-0.0326288
480,8.69376,0.0929762,1,-0.483161,-0.597919,0.183499,-0.535833,-0.723334,0.0972977,-0.483161,-0.597919,0.165149,-0.0620617
481,8.71187,0.10223,1,-0.497703,-0.564565,0.262681,-0.560196,-0.710613,0.184468,-0.497703,-0.564565,0.236413,-0.091516
482,8.72998,0.110107,1,-0.50208,-0.512849,0.330457,-0.575877,-0.676973,0.267308,-0.50208,-0.512849,0.297411,-0.116141
483,8.7481,0.115069,1,-0.494842,-0.448696,0.377659,-0.580765,-0.624085,0.33793,-0.494842,-0.448696,0.339893,-0.130817
484,8.76621,0.116759,1,-0.477031,-0.379687,0.402304,-0.573742,-0.556842,0.389605,-0.477031,-0.379687,0.362073,-0.134338
485,8.78432,0.116218,1,-0.450062,-0.31109,0.405907,-0.555013,-0.48241,0.418341,-0.450062,-0.31109,0.365316,-0.127878
486,8.80243,0.114115,1,-0.415745,-0.248047,0.389986,-0.526126,-0.408518,0.423631,-0.415745,-0.248047,0.350987,-0.113494
487,8.82054,0.110589,1,-0.37649,-0.195245,0.358709,-0.48966,-0.341688,0.408072,-0.37649,-0.195245,0.322838,-0.0945354
488,8.83866,0.105347,1,-0.336047,-0.155376,0.316961,-0.448702,-0.286129,0.376177,-0.336047,-0.155376,0.285265,-0.0745596
489,8.85677,0.0988338,1,-0.297167,-0.128494,0.268501,-0.406302,-0.243536,0.332993,-0.297167,-0.128494,0.241651,-0.0558528
490,8.87488,0.091104,1,-0.261499,-0.113246,0.218997,-0.365068,-0.213591,0.283061,-0.261499,-0.113246,0.197097,-0.0400873
491,8.89299,0.0830507,1,-0.231092,-0.105627,0.170225,-0.326948,-0.194743,0.229909,-0.231092,-0.105627,0.153202,-0.0275363
492,8.9111,0.0758244,1,-0.205252,-0.103488,0.122331,-0.2932,-0.184939,0.175987,-0.205252,-0.103488,0.110098,-0.017576
493,8.92922,0.0700403,1,-0.183703,-0.106251,0.0735093,-0.264477,-0.182135,0.122847,-0.183703,-0.106251,0.0661584,-0.00945273
494,8.94733,0.0644485,1,-0.167062,-0.11269,0.0286283,-0.240968,-0.184584,0.0714059,-0.167062,-0.11269,0.0257655,-0.00334789
495,8.96544,0.0591228,1,-0.155194,-0.122725,-0.0138225,-0.222548,-0.190946,0.022176,-0.155194,-0.122725,-0.0124403,0.00150162
496,8.98355,0.0551295,1,-0.147138,-0.133598,-0.0537896,-0.20891,-0.200288,-0.0245576,-0.147138,-0.133598,-0.0484106,0.00554016
497,9.00166,0.0527719,1,-0.142299,-0.145131,-0.0928229,-0.19967,-0.212044,-0.0686189,-0.142299,-0.145131,-0.0835406,0.009246
498,9.01978,0.0515061,1,-0.140517,-0.157683,-0.12966,-0.194439,-0.225942,-0.109867,-0.140517,-0.157683,-0.116694,0.0127536
499,9.03789,0.0501597,1,-0.141679,-0.173418,-0.163368,-0.192872,-0.241943,-0.14815,-0.141679,-0.173418,-0.147031,0.016202
500,9.056,0.048806,1,-0.14551,-0.192214,-0.193603,-0.194695,-0.260185,-0.18327,-0.14551,-0.192214,-0.174243,0.0197199
501,9.07411,0.047712,1,-0.152269,-0.213436,-0.219618,-0.199725,-0.280931,-0.214962,-0.152269,-0.213436,-0.197656,0.0234087
502,9.09222,0.0467756,1,-0.162395,-0.237491,-0.241525,-0.207865,-0.304532,-0.242861,-0.162395,-0.237491,-0.217372,0.0274557
503,9.11034,0.0463473,1,-0.175152,-0.26462,-0.259151,-0.219107,-0.331392,-0.266474,-0.175152,-0.26462,-0.233236,0.0317736
504,9.12845,0.046057,1,-0.190824,-0.295964,-0.271331,-0.233517,-0.36192,-0.285147,-0.190824,-0.295964,-0.244198,0.0362435
505,9.14656,0.0462425,1,-0.20961,-0.330974,-0.278202,-0.251221,-0.396479,-0.298019,-0.20961,-0.330974,-0.250382,0.0408199
506,9.16467,0.0473378,1,-0.231655,-0.368992,-0.278172,-0.272379,-0.435306,-0.30399,-0.231655,-0.368992,-0.250355,0.0451079
507,9.18278,0.0487032,1,-0.257487,-0.411024,-0.269995,-0.297141,-0.478396,-0.30169,-0.257487,-0.411024,-0.242995,0.0486641
508,9.2009,0.0507096,1,-0.286414,-0.456633,-0.251297,-0.325597,-0.525347,-0.289474,-0.286414,-0.456633,-0.226167,0.0503824
509,9.21901,0.0537872,1,-0.3182,-0.503432,-0.221024,-0.357693,-0.575138,-0.265495,-0.3182,-0.503432,-0.198922,0.0492308
510,9.23712,0.0575711,1,-0.352331,-0.550235,-0.177301,-0.393122,-0.625884,-0.227864,-0.352331,-0.550235,-0.159571,0.0437281
511,9.25523,0.062957,1,-0.388389,-0.592292,-0.117663,-0.431191,-0.674584,-0.174993,-0.388389,-0.592292,-0.105896,0.0319892
512,9.27334,0.069345,1,-0.425804,-0.626651,-0.0409253,-0.47067,-0.716981,-0.106146,-0.425804,-0.626651,-0.0368327,0.0121983
513,9.29146,0.0765154,1,-0.461809,-0.646948,0.0493754,-0.509671,-0.747707,-0.0221836,-0.461809,-0.646948,0.0444378,-0.0159614
514,9.30957,0.0838495,1,-0.492363,-0.646071,0.144838,-0.545617,-0.760905,0.0736384,-0.492363,-0.646071,0.130355,-0.0499191
515,9.32768,0.0915263,1,-0.514362,-0.620183,0.239788,-0.575382,-0.751455,0.175171,-0.514362,-0.620183,0.21581,-0.0863366
516,9.34579,0.0988745,1,-0.526093,-0.56952,0.326987,-0.595676,-0.716631,0.273647,-0.526093,-0.56952,0.294288,-0.120418
517,9.3639,0.10449,1,-0.524111,-0.498863,0.39407,-0.603662,-0.657611,0.359064,-0.524111,-0.498863,0.354663,-0.144575
518,9.38202,0.106803,1,-0.508786,-0.418188,0.434733,-0.597644,-0.579975,0.422491,-0.508786,-0.418188,0.39126,-0.15483
519,9.40013,0.106033,1,-0.481823,-0.336388,0.446586,-0.57759,-0.492653,0.458397,-0.481823,-0.336388,0.401928,-0.150623
520,9.41824,0.103319,1,-0.445145,-0.260307,0.435845,-0.545222,-0.405586,0.465896,-0.445145,-0.260307,0.392261,-0.13581
521,9.43635,0.0997767,1,-0.401656,-0.194459,0.405383,-0.503646,-0.327197,0.448334,-0.401656,-0.194459,0.364845,-0.113977
522,9.45446,0.0946188,1,-0.355385,-0.144161,0.361278,-0.456652,-0.262777,0.411609,-0.355385,-0.144161,0.32515,-0.0898749
523,9.47258,0.0884321,1,-0.310033,-0.109288,0.308773,-0.407979,-0.214226,0.362209,-0.310033,-0.109288,0.277896,-0.0670109
524,9.49069,0.0814071,1,-0.267909,-0.0884576,0.253535,-0.360769,-0.180805,0.305787,-0.267909,-0.0884576,0.228182,-0.0475471
525,9.5088,0.0743856,1,-0.231019,-0.0774119,0.198689,-0.317306,-0.160269,0.246532,-0.231019,-0.0774119,0.17882,-0.0321306
526,9.52691,0.0676749,1,-0.199998,-0.073522,0.146247,-0.278988,-0.149848,0.18717,-0.199998,-0.073522,0.131622,-0.0204744
527,9.54502,0.0628961,1,-0.173591,-0.0741064,0.0938193,-0.246464,-0.146906,0.129282,-0.173591,-0.0741064,0.0844374,-0.0114003
528,9.56314,0.058213,1,-0.15282,-0.0795702,0.0450527,-0.219827,-0.149262,0.0736776,-0.15282,-0.0795702,0.0405474,-0.00481946
529,9.58125,0.0539585,1,-0.137147,-0.0885464,-0.00115022,-0.19881,-0.155286,0.0207154,-0.137147,-0.0885464,-0.00103519,0.000110424
530,9.59936,0.050979,1,-0.125947,-0.0981688,-0.0446758,-0.182948,-0.16387,-0.0294817,-0.125947,-0.0981688,-0.0402082,0.00393873
531,9.61747,0.0497174,1,-0.117901,-0.107786,-0.0864203,-0.171701,-0.174346,-0.0768914,-0.117901,-0.107786,-0.0777783,0.0071323
532,9.63558,0.0497635,1,-0.11281,-0.117618,-0.126345,-0.164542,-0.186391,-0.121517,-0.11281,-0.117618,-0.11371,0.00997707
533,9.6537,0.0497207,1,-0.111715,-0.129336,-0.164645,-0.161004,-0.199943,-0.163348,-0.111715,-0.129336,-0.14818,0.0128753
534,9.67181,0.0491206,1,-0.113395,-0.144473,-0.199837,-0.160715,-0.215135,-0.202337,-0.113395,-0.144473,-0.179853,0.0158624
535,9.68992,0.0493304,1,-0.116885,-0.160854,-0.232019,-0.163406,-0.23224,-0.238379,-0.116885,-0.160854,-0.208817,0.0189837
536,9.70803,0.049665,1,-0.123324,-0.179621,-0.259731,-0.168918,-0.251643,-0.271301,-0.123324,-0.179621,-0.233758,0.0224217
537,9.72614,0.0506184,1,-0.131854,-0.200778,-0.283599,-0.177199,-0.273809,-0.300833,-0.131854,-0.200778,-0.255239,0.0261756
538,9.74426,0.0518111,1,-0.142882,-0.225171,-0.304213,-0.188297,-0.299267,-0.326584,-0.142882,-0.225171,-0.273792,0.0304267
539,9.76237,0.0528757,1,-0.156749,-0.253564,-0.321921,-0.202351,-0.328583,-0.348001,-0.156749,-0.253564,-0.289729,0.0353226
540,9.78048,0.0541447,1,-0.173844,-0.285967,-0.334787,-0.219578,-0.362328,-0.364321,-0.173844,-0.285967,-0.301308,0.0407404
541,9.79859,0.0558189,1,-0.194102,-0.322933,-0.341067,-0.240255,-0.401025,-0.374515,-0.194102,-0.322933,-0.30696,0.0463412
542,9.8167,0.0576038,1,-0.218293,-0.364764,-0.340409,-0.264694,-0.445052,-0.377223,-0.218293,-0.364764,-0.306368,0.0520162
543,9.83482,0.0597088,1,-0.245928,-0.411572,-0.330909,-0.293194,-0.494504,-0.370704,-0.245928,-0.411572,-0.297818,0.0569659
544,9.85293,0.0623524,1,-0.277323,-0.462504,-0.31015,-0.325973,-0.54897,-0.352815,-0.277323,-0.462504,-0.279135,0.0602082
545,9.87104,0.0655106,1,-0.311938,-0.516158,-0.276718,-0.363064,-0.607229,-0.32107,-0.311938,-0.516158,-0.249046,0.0604232
546,9.88915,0.0687459,1,-0.350095,-0.570739,-0.228,-0.404169,-0.666868,-0.272868,-0.350095,-0.570739,-0.2052,0.0558752
547,9.90726,0.0730461,1,-0.391002,-0.620925,-0.160113,-0.448463,-0.723896,-0.205964,-0.391002,-0.620925,-0.144102,0.0438231
548,9.92538,0.0777185,1,-0.433566,-0.661944,-0.072418,-0.494379,-0.772509,-0.119298,-0.433566,-0.661944,-0.0651762,0.0219786
549,9.94349,0.0824326,1,-0.475075,-0.687151,0.0336377,-0.539421,-0.805309,-0.0141507,-0.475075,-0.687151,0.0302739,-0.0111863
550,9.9616,0.0868017,1,-0.511219,-0.68755,0.146854,-0.580132,-0.814327,0.104642,-0.511219,-0.68755,0.132169,-0.0525523
551,9.97971,0.0913869,1,-0.537086,-0.65707,0.258115,-0.612333,-0.793037,0.228026,-0.537086,-0.65707,0.232303,-0.0970408
552,9.99782,0.0953628,1,-0.55026,-0.596238,0.359869,-0.631762,-0.738963,0.343466,-0.55026,-0.596238,0.323882,-0.138615
553,10.0159,0.0978416,1,-0.547969,-0.51035,0.438531,-0.635033,-0.655738,0.437532,-0.547969,-0.51035,0.394678,-0.168211
554,10.034,0.0981811,1,-0.528417,-0.411117,0.484034,-0.620628,-0.553143,0.499662,-0.528417,-0.411117,0.435631,-0.17904
555,10.0522,0.0943659,1,-0.495714,-0.314608,0.493062,-0.589468,-0.444551,0.525312,-0.495714,-0.314608,0.443756,-0.171093
556,10.0703,0.0892408,1,-0.451301,-0.227494,0.473857,-0.544752,-0.342914,0.516717,-0.451301,-0.227494,0.426472,-0.149697
557,10.0884,0.0839025,1,-0.399985,-0.154397,0.43409,-0.491126,-0.25739,0.481045,-0.399985,-0.154397,0.390681,-0.121541
558,10.1065,0.0773825,1,-0.346678,-0.101186,0.380916,-0.433584,-0.192064,0.427312,-0.346678,-0.101186,0.342824,-0.0924386
559,10.1246,0.0712448,1,-0.2948,-0.0652367,0.319998,-0.376527,-0.146686,0.363749,-0.2948,-0.0652367,0.287998,-0.0660348
560,10.1427,0.064787,1,-0.247479,-0.0453245,0.257526,-0.323238,-0.118367,0.29648,-0.247479,-0.0453245,0.231773,-0.0446125
561,10.1608,0.0591614,1,-0.206674,-0.0347808,0.197069,-0.275769,-0.103215,0.229362,-0.206674,-0.0347808,0.177362,-0.0285103
562,10.1789,0.0545561,1,-0.172088,-0.0311749,0.14062,-0.235089,-0.0974419,0.164464,-0.172088,-0.0311749,0.126558,-0.0169392
563,10.1971,0.0517948,1,-0.142766,-0.0321635,0.0855639,-0.201363,-0.0979002,0.102686,-0.142766,-0.0321635,0.0770075,-0.0085509
564,10.2152,0.0491017,1,-0.119807,-0.0376082,0.0345232,-0.174225,-0.102234,0.0442715,-0.119807,-0.0376082,0.0310709,-0.00289529
565,10.2333,0.0464643,1,-0.102745,-0.0461002,-0.0146351,-0.153024,-0.108825,-0.0108462,-0.102745,-0.0461002,-0.0131716,0.00105258
566,10.2514,0.0453041,1,-0.0895092,-0.0542147,-0.0607476,-0.136988,-0.116655,-0.0628492,-0.0895092,-0.0542147,-0.0546728,0.00380623
567,10.2695,0.0454177,1,-0.0798283,-0.0614613,-0.104241,-0.125347,-0.125157,-0.111938,-0.0798283,-0.0614613,-0.0938172,0.00582498
568,10.2876,0.0462709,1,-0.0735168,-0.0682048,-0.145788,-0.117399,-0.134091,-0.158289,-0.0735168,-0.0682048,-0.131209,0.00750252
569,10.3057,0.0464231,1,-0.070875,-0.0767562,-0.18527,-0.11255,-0.143443,-0.202047,-0.070875,-0.0767562,-0.166743,0.00919171
570,10.3238,0.0462881,1,-0.0702039,-0.0871315,-0.222497,-0.110323,-0.153349,-0.243317,-0.0702039,-0.0871315,-0.200248,0.0109341
571,10.342,0.0466445,1,-0.0714177,-0.098289,-0.255998,-0.110367,-0.164054,-0.282172,-0.0714177,-0.098289,-0.230398,0.012798
572,10.3601,0.047263,1,-0.074256,-0.110722,-0.287064,-0.112442,-0.175881,-0.318647,-0.074256,-0.110722,-0.258357,0.0149214
573,10.3782,0.0482042,1,-0.0787106,-0.124503,-0.315844,-0.11642,-0.189217,-0.352735,-0.0787106,-0.124503,-0.28426,0.0174022
574,10.3963,0.0489157,1,-0.0852602,-0.140319,-0.343296,-0.122271,-0.204509,-0.384382,-0.0852602,-0.140319,-0.308967,0.0204887
575,10.4144,0.0496471,1,-0.0938736,-0.158199,-0.368964,-0.130055,-0.222269,-0.413466,-0.0938736,-0.158199,-0.332068,0.0242452
576,10.4325,0.0507038,1,-0.104375,-0.178734,-0.391726,-0.139924,-0.243076,-0.439778,-0.104375,-0.178734,-0.352554,0.0286206
577,10.4506,0.0517586,1,-0.117358,-0.20276,-0.411744,-0.152112,-0.267589,-0.462991,-0.117358,-0.20276,-0.37057,0.0338249
578,10.4687,0.0527803,1,-0.132335,-0.231325,-0.428695,-0.166939,-0.296541,-0.482609,-0.132335,-0.231325,-0.385825,0.039712
579,10.4868,0.0547572,1,-0.149726,-0.263861,-0.440534,-0.184804,-0.330737,-0.497912,-0.149726,-0.263861,-0.396481,0.0461716
580,10.505,0.0577997,1,-0.170336,-0.301449,-0.445442,-0.206187,-0.371016,-0.507872,-0.170336,-0.301449,-0.400897,0.0531124
581,10.5231,0.0612954,1,-0.194429,-0.34529,-0.443419,-0.231629,-0.418186,-0.511048,-0.194429,-0.34529,-0.399077,0.0603494
582,10.5412,0.0642802,1,-0.223313,-0.397499,-0.433089,-0.261707,-0.472885,-0.505468,-0.223313,-0.397499,-0.38978,0.0677
583,10.5593,0.0666205,1,-0.257574,-0.458075,-0.412415,-0.296977,-0.535351,-0.488513,-0.257574,-0.458075,-0.371174,0.0743591
584,10.5774,0.0688692,1,-0.297025,-0.525809,-0.377573,-0.337869,-0.605033,-0.456845,-0.297025,-0.525809,-0.339816,0.0785039
585,10.5955,0.0730042,1,-0.341503,-0.595936,-0.322437,-0.384521,-0.680037,-0.406492,-0.341503,-0.595936,-0.290193,0.0770793
586,10.6136,0.0794987,1,-0.390631,-0.66244,-0.243639,-0.436518,-0.756389,-0.333238,-0.390631,-0.66244,-0.219275,0.066621
587,10.6317,0.0878212,1,-0.442065,-0.718686,-0.13978,-0.492546,-0.827283,-0.233567,-0.442065,-0.718686,-0.125802,0.0432542
588,10.6499,0.0962238,1,-0.493039,-0.757022,-0.0128964,-0.549993,-0.882709,-0.106364,-0.493039,-0.757022,-0.0116068,0.00445091
589,10.668,0.105281,1,-0.538947,-0.764343,0.132278,-0.604652,-0.910197,0.0447471,-0.538947,-0.764343,0.119051,-0.0499037
590,10.6861,0.113213,1,-0.574448,-0.730414,0.277929,-0.650779,-0.897463,0.209227,-0.574448,-0.730414,0.250136,-0.111759
591,10.7042,0.120761,1,-0.59208,-0.652521,0.410009,-0.681818,-0.837029,0.369343,-0.59208,-0.652521,0.369008,-0.169931
592,10.7223,0.124081,1,-0.591026,-0.541599,0.513733,-0.691894,-0.7311,0.503558,-0.591026,-0.541599,0.46236,-0.212541
593,10.7404,0.12539,1,-0.566288,-0.408333,0.570079,-0.67768,-0.593312,0.593376,-0.566288,-0.408333,0.513071,-0.225981
594,10.7585,0.119993,1,-0.523458,-0.281447,0.576015,-0.639739,-0.44497,0.630178,-0.523458,-0.281447,0.518414,-0.211064
595,10.7766,0.111777,1,-0.465553,-0.172815,0.542049,-0.582511,-0.307354,0.617562,-0.465553,-0.172815,0.487844,-0.176647
596,10.7948,0.101628,1,-0.400611,-0.0868785,0.486044,-0.51292,-0.194905,0.567909,-0.400611,-0.0868785,0.43744,-0.1363
597,10.8129,0.0895898,1,-0.334416,-0.0277154,0.418684,-0.438393,-0.112903,0.496214,-0.334416,-0.0277154,0.376816,-0.0980104
598,10.831,0.0782491,1,-0.271824,0.00943915,0.345106,-0.365242,-0.0593516,0.415175,-0.271824,0.00943915,0.310596,-0.0656657
599,10.8491,0.0672988,1,-0.215479,0.0272547,0.272444,-0.297866,-0.0284818,0.333216,-0.215479,0.0272547,0.2452,-0.0410942
600,10.8672,0.0581736,1,-0.167476,0.0371665,0.204875,-0.238709,-0.013678,0.254808,-0.167476,0.0371665,0.184388,-0.0240182
601,10.8853,0.0514755,1,-0.125837,0.0414883,0.143678,-0.188629,-0.00911488,0.181699,-0.125837,0.0414883,0.12931,-0.0126559
602,10.9034,0.0461874,1,-0.0918177,0.0401336,0.0864905,-0.147398,-0.0103289,0.114135,-0.0918177,0.0401336,0.0778415,-0.00555896
603,10.9215,0.0416554,1,-0.0658407,0.0354069,0.0314118,-0.114147,-0.0141959,0.0516984,-0.0658407,0.0354069,0.0282706,-0.00144772
604,10.9396,0.0379373,1,-0.0452012,0.0295193,-0.0199346,-0.087707,-0.0186759,-0.00621618,-0.0452012,0.0295193,-0.0179411,0.000630748
605,10.9578,0.0356798,1,-0.0288691,0.0255851,-0.068217,-0.0668261,-0.0225175,-0.0601823,-0.0288691,0.0255851,-0.0613953,0.00137856
606,10.9759,0.0345366,1,-0.0157036,0.0236849,-0.113926,-0.0503073,-0.0250007,-0.110669,-0.0157036,0.0236849,-0.102533,0.00125233
607,10.994,0.0342644,1,-0.00464388,0.0238862,-0.15522,-0.0370736,-0.0257377,-0.158033,-0.00464388,0.0238862,-0.139698,0.000504575
608,11.0121,0.0334726,1,0.00360002,0.0243728,-0.193463,-0.0261921,-0.0245288,-0.202535,0.00360002,0.0243728,-0.174117,-0.00048753
609,11.0302,0.0326192,1,0.0107273,0.0260966,-0.230672,-0.0168725,-0.021262,-0.244363,0.0107273,0.0260966,-0.207605,-0.00173215
610,11.0483,0.0324488,1,0.0176635,0.0306297,-0.265838,-0.0084502,-0.0158451,-0.28364,0.0176635,0.0306297,-0.239254,-0.00328694
611,11.0664,0.0324325,1,0.0240371,0.0378724,-0.299438,-0.000362346,-0.00816081,-0.320443,0.0240371,0.0378724,-0.269494,-0.00503833
612,11.0845,0.0325539,1,0.0311712,0.0471368,-0.330381,0.00787779,0.00196333,-0.354795,0.0311712,0.0471368,-0.297343,-0.00720886
613,11.1027,0.032177,1,0.0385897,0.0580621,-0.359216,0.0167068,0.0147748,-0.386664,0.0385897,0.0580621,-0.323294,-0.00970342
614,11.1208,0.0316736,1,0.0461792,0.0710957,-0.384572,0.0265351,0.0306103,-0.415952,0.0461792,0.0710957,-0.346115,-0.0124315
615,11.1389,0.0311535,1,0.0548285,0.0866708,-0.406848,0.037769,0.0499057,-0.44247,0.0548285,0.0866708,-0.366163,-0.0156148
616,11.157,0.0306059,1,0.0652314,0.105823,-0.426686,0.05083,0.0732017,-0.465911,0.0652314,0.105823,-0.384017,-0.0194833
617,11.1751,0.030284,1,0.078414,0.129167,-0.443187,0.0661709,0.101144,-0.485804,0.078414,0.129167,-0.398869,-0.0243265
618,11.1932,0.0296347,1,0.093364,0.15688,-0.456178,0.0842885,0.13447,-0.501456,0.093364,0.15688,-0.41056,-0.0298134
619,11.2113,0.0282678,1,0.110764,0.189089,-0.465571,0.10573,0.17398,-0.51187,0.110764,0.189089,-0.419014,-0.036098
620,11.2294,0.026275,1,0.131223,0.2272,-0.470635,0.131088,0.220462,-0.515643,0.131223,0.2272,-0.423572,-0.0432306
621,11.2476,0.0238547,1,0.156454,0.272777,-0.469817,0.160982,0.274567,-0.510847,0.156454,0.272777,-0.422836,-0.0514533
622,11.2657,0.020754,1,0.186397,0.326821,-0.461667,0.196004,0.336575,-0.494905,0.186397,0.326821,-0.4155,-0.0602373
623,11.2838,0.0179607,1,0.221266,0.389482,-0.443113,0.236631,0.406029,-0.464511,0.221266,0.389482,-0.398802,-0.068632
624,11.3019,0.0188332,1,0.260475,0.458211,-0.4105,0.283056,0.481172,-0.41569,0.260475,0.458211,-0.36945,-0.0748475
625,11.32,0.0236064,1,0.307062,0.531366,-0.357314,0.334942,0.558223,-0.344156,0.307062,0.531366,-0.321583,-0.0768023
626,11.3381,0.0314052,1,0.358469,0.60373,-0.280473,0.391074,0.630587,-0.246203,0.358469,0.60373,-0.252426,-0.0703788
627,11.3562,0.0401349,1,0.412336,0.667154,-0.175485,0.448959,0.688412,-0.120355,0.412336,0.667154,-0.157936,-0.0506511
628,11.3743,0.0477368,1,0.466002,0.713023,-0.0426352,0.504498,0.719192,0.0302785,0.466002,0.713023,-0.0383717,-0.0139077
629,11.3924,0.0545479,1,0.516311,0.728395,0.110128,0.552,0.710264,0.195708,0.516311,0.728395,0.0991154,0.0398023
630,11.4106,0.0595027,1,0.557486,0.702848,0.272335,0.584844,0.653383,0.358512,0.557486,0.702848,0.245101,0.106276
631,11.4287,0.0626518,1,0.581094,0.627671,0.423025,0.596941,0.549801,0.496922,0.581094,0.627671,0.380722,0.172072
632,11.4468,0.0636237,1,0.581397,0.508493,0.537644,0.584638,0.412468,0.591614,0.581397,0.508493,0.48388,0.218809
633,11.4649,0.0606988,1,0.557411,0.363983,0.60639,0.548158,0.262662,0.632876,0.557411,0.363983,0.545751,0.236606
634,11.483,0.0593356,1,0.513072,0.222577,0.616554,0.491727,0.122285,0.623482,0.513072,0.222577,0.554898,0.221435
635,11.5011,0.0560069,1,0.451323,0.098904,0.583013,0.422237,0.00666021,0.575568,0.451323,0.098904,0.524711,0.184189
636,11.5192,0.0514922,1,0.380685,0.0020518,0.524168,0.347237,-0.0782234,0.504383,0.380685,0.0020518,0.471751,0.13968
637,11.5373,0.0454995,1,0.307442,-0.0676861,0.448416,0.273233,-0.134007,0.423079,0.307442,-0.0676861,0.403575,0.0965033
638,11.5555,0.0423582,1,0.238607,-0.107761,0.368808,0.204821,-0.166411,0.340499,0.238607,-0.107761,0.331927,0.0616001
639,11.5736,0.0405802,1,0.177267,-0.128335,0.29261,0.144594,-0.182167,0.261387,0.177267,-0.128335,0.263349,0.036309
640,11.5917,0.0395679,1,0.125226,-0.136657,0.22124,0.0935071,-0.187267,0.187633,0.125226,-0.136657,0.199116,0.0193934
641,11.6098,0.03797,1,0.0805741,-0.138578,0.154073,0.0513811,-0.186325,0.119531,0.0805741,-0.138578,0.138666,0.00869002
642,11.6279,0.0374853,1,0.0435097,-0.136571,0.0942788,0.0173641,-0.182584,0.0566663,0.0435097,-0.136571,0.0848509,0.00287143
643,11.646,0.0373661,1,0.0141702,-0.133353,0.0385385,-0.00972003,-0.178167,-0.00158156,0.0141702,-0.133353,0.0346847,0.000382268
644,11.6641,0.0372339,1,-0.00887253,-0.13147,-0.0131218,-0.0311381,-0.174382,-0.0558054,-0.00887253,-0.13147,-0.0118096,8.14966e-05
645,11.6822,0.037676,1,-0.0273829,-0.131746,-0.0594816,-0.0481091,-0.171984,-0.10649,-0.0273829,-0.131746,-0.0535335,0.00114015
646,11.7004,0.0384082,1,-0.0435033,-0.133123,-0.102726,-0.0617331,-0.171384,-0.154004,-0.0435033,-0.133123,-0.0924532,0.00312824
647,11.7185,0.0385608,1,-0.0565497,-0.136352,-0.145104,-0.0729651,-0.172796,-0.198613,-0.0565497,-0.136352,-0.130594,0.00574392
648,11.7366,0.0393401,1,-0.0689416,-0.143691,-0.182285,-0.0826157,-0.176346,-0.240505,-0.0689416,-0.143691,-0.164056,0.0087969
649,11.7547,0.0401303,1,-0.0810724,-0.154485,-0.216869,-0.0913684,-0.182132,-0.279805,-0.0810724,-0.154485,-0.195182,0.0123075
650,11.7728,0.0417473,1,-0.0923433,-0.167791,-0.248265,-0.0998027,-0.190284,-0.31658,-0.0923433,-0.167791,-0.223438,0.0160479
651,11.7909,0.044538,1,-0.103555,-0.182079,-0.276213,-0.108421,-0.200982,-0.350844,-0.103555,-0.182079,-0.248591,0.0200221
652,11.809,0.0479191,1,-0.11577,-0.198998,-0.301034,-0.117675,-0.214488,-0.382551,-0.11577,-0.198998,-0.27093,0.0243955
653,11.8271,0.0513243,1,-0.129371,-0.220493,-0.323337,-0.127989,-0.23115,-0.411581,-0.129371,-0.220493,-0.291003,0.0292812
654,11.8452,0.0553216,1,-0.144985,-0.246872,-0.342145,-0.139784,-0.251419,-0.437715,-0.144985,-0.246872,-0.30793,0.0347242
655,11.8634,0.0608317,1,-0.16279,-0.277265,-0.355662,-0.153496,-0.275848,-0.460606,-0.16279,-0.277265,-0.320096,0.0405287
656,11.8815,0.0675249,1,-0.183661,-0.312317,-0.363845,-0.16959,-0.305091,-0.479727,-0.183661,-0.312317,-0.327461,0.046777
657,11.8996,0.0763183,1,-0.208423,-0.354642,-0.36446,-0.188576,-0.339884,-0.494313,-0.208423,-0.354642,-0.328014,0.0531732
658,11.9177,0.0867448,1,-0.237175,-0.403785,-0.357084,-0.211009,-0.381006,-0.503271,-0.237175,-0.403785,-0.321376,0.0592841
659,11.9358,0.100032,1,-0.269526,-0.4579,-0.337244,-0.23748,-0.429189,-0.505078,-0.269526,-0.4579,-0.30352,0.0636272
660,11.9539,0.116169,1,-0.305292,-0.515328,-0.30217,-0.268594,-0.484969,-0.497662,-0.305292,-0.515328,-0.271953,0.0645751
661,11.972,0.13497,1,-0.345254,-0.573311,-0.249378,-0.304901,-0.548425,-0.478295,-0.345254,-0.573311,-0.22444,0.0602692
662,11.9901,0.155614,1,-0.388508,-0.628322,-0.177432,-0.346796,-0.618763,-0.443545,-0.388508,-0.628322,-0.159689,0.0482536
663,12.0083,0.176437,1,-0.433169,-0.673494,-0.0869661,-0.394329,-0.693729,-0.389409,-0.433169,-0.673494,-0.0782695,0.0263697
664,12.0264,0.197133,1,-0.476161,-0.698895,0.0211242,-0.446938,-0.768867,-0.311793,-0.476161,-0.698895,0.0190118,-0.00704095
665,12.0445,0.215569,1,-0.513728,-0.698483,0.139055,-0.503094,-0.836823,-0.207585,-0.513728,-0.698483,0.125149,-0.0500053
666,12.0626,0.229988,1,-0.542402,-0.668986,0.256382,-0.559914,-0.88714,-0.076462,-0.542402,-0.668986,0.230744,-0.0973435
667,12.0807,0.240616,1,-0.557782,-0.609141,0.362656,-0.612923,-0.907318,0.0767554,-0.557782,-0.609141,0.32639,-0.141598
668,12.0988,0.248158,1,-0.555878,-0.521044,0.444199,-0.65622,-0.885825,0.240204,-0.555878,-0.521044,0.399779,-0.172844
669,12.1169,0.251674,0,-0.536629,-0.418283,0.493432,-0.683345,-0.816865,0.395318,-0.536629,-0.418283,0.444089,-0.185353
670,12.135,0.249061,1,-0.502723,-0.315879,0.507419,-0.688863,-0.704805,0.52092,-0.502723,-0.315879,0.456677,-0.178564
671,12.1532,0.240849,1,-0.456761,-0.223775,0.490275,-0.670171,-0.564931,0.600244,-0.456761,-0.223775,0.441247,-0.156757
672,12.1713,0.22761,1,-0.403553,-0.147346,0.450718,-0.628594,-0.41878,0.627069,-0.403553,-0.147346,0.405646,-0.127322
673,12.1894,0.209549,1,-0.348157,-0.0909439,0.395446,-0.569098,-0.286414,0.606889,-0.348157,-0.0909439,0.355901,-0.0963741
674,12.2075,0.188451,1,-0.294288,-0.0521729,0.33301,-0.498742,-0.180419,0.552767,-0.294288,-0.0521729,0.299709,-0.0686006
675,12.2256,0.166038,1,-0.244906,-0.0307236,0.267349,-0.424743,-0.104505,0.479294,-0.244906,-0.0307236,0.240614,-0.0458328
676,12.2437,0.143064,1,-0.201592,-0.0209612,0.205254,-0.353021,-0.0558266,0.398271,-0.201592,-0.0209612,0.184728,-0.0289642
677,12.2618,0.121919,1,-0.165476,-0.0172166,0.145322,-0.287566,-0.0284136,0.317255,-0.165476,-0.0172166,0.130789,-0.0168331
678,12.2799,0.103434,1,-0.135138,-0.0180494,0.0884586,-0.230487,-0.015825,0.240114,-0.135138,-0.0180494,0.0796127,-0.00836785
679,12.298,0.0872583,1,-0.111204,-0.0230214,0.0353715,-0.182419,-0.0125434,0.168265,-0.111204,-0.0230214,0.0318344,-0.00275341
680,12.3162,0.073927,1,-0.0930378,-0.0310516,-0.014899,-0.143003,-0.0144084,0.101815,-0.0930378,-0.0310516,-0.0134091,0.000970318
681,12.3343,0.0629748,1,-0.0787195,-0.0387722,-0.0617917,-0.111318,-0.0185405,0.0403136,-0.0787195,-0.0387722,-0.0556125,0.00340495
682,12.3524,0.053957,1,-0.0682275,-0.0450579,-0.105869,-0.0861856,-0.0230775,-0.016827,-0.0682275,-0.0450579,-0.0952819,0.00505622
683,12.3705,0.0471802,1,-0.0611871,-0.0506359,-0.148171,-0.0663762,-0.0268889,-0.0701515,-0.0611871,-0.0506359,-0.133354,0.00634631
684,12.3886,0.0429622,1,-0.057105,-0.0572786,-0.188771,-0.0507274,-0.0293328,-0.120101,-0.057105,-0.0572786,-0.169894,0.00754583
685,12.4067,0.0411606,1,-0.0553785,-0.0652265,-0.226605,-0.0382019,-0.0300698,-0.16701,-0.0553785,-0.0652265,-0.203944,0.00878431
686,12.4248,0.041933,1,-0.0550156,-0.0735593,-0.261608,-0.0279063,-0.0289295,-0.211126,-0.0550156,-0.0735593,-0.235447,0.0100747
687,12.4429,0.0461862,1,-0.0558691,-0.0831198,-0.294615,-0.0190868,-0.0258171,-0.252627,-0.0558691,-0.0831198,-0.265154,0.0115219
688,12.4611,0.0538157,1,-0.0585339,-0.0937033,-0.324847,-0.0111107,-0.0206511,-0.291638,-0.0585339,-0.0937033,-0.292362,0.0133102
689,12.4792,0.0645045,1,-0.0629825,-0.104412,-0.353538,-0.00344339,-0.013322,-0.328235,-0.0629825,-0.104412,-0.318184,0.0155867
690,12.4973,0.0782382,1,-0.0684218,-0.116569,-0.380237,0.00437772,-0.00366465,-0.36245,-0.0684218,-0.116569,-0.342213,0.0182115
691,12.5154,0.0954581,1,-0.075331,-0.130931,-0.40509,0.012768,0.00856062,-0.394262,-0.075331,-0.130931,-0.364581,0.0213611
692,12.5335,0.116126,1,-0.0838715,-0.147205,-0.427977,0.022119,0.0236816,-0.423591,-0.0838715,-0.147205,-0.38518,0.0251266
693,12.5516,0.141332,1,-0.0941432,-0.167165,-0.448661,0.0328198,0.0421245,-0.450273,-0.0941432,-0.167165,-0.403795,0.0295669
694,12.5697,0.171195,1,-0.106335,-0.190289,-0.466272,0.0452761,0.0644212,-0.474036,-0.106335,-0.190289,-0.419645,0.0347066
695,12.5878,0.206995,1,-0.120843,-0.218073,-0.480101,0.0599265,0.0912115,-0.494456,-0.120843,-0.218073,-0.43209,0.0406116
696,12.606,0.249623,1,-0.138263,-0.25097,-0.489543,0.0772559,0.123236,-0.510903,-0.138263,-0.25097,-0.440588,0.0473798
697,12.6241,0.300193,0,-0.158778,-0.289949,-0.492883,0.0978033,0.161314,-0.522463,-0.158778,-0.289949,-0.443595,0.0547813
698,12.6422,0.360173,0,-0.183602,-0.33612,-0.489328,0.122161,0.206282,-0.527839,-0.183602,-0.33612,-0.440395,0.0628891
699,12.6603,0.430851,0,-0.213215,-0.390771,-0.478131,0.150961,0.258887,-0.525228,-0.213215,-0.390771,-0.430318,0.0713611
700,12.6784,0.512552,0,-0.248113,-0.453455,-0.456544,0.18483,0.319586,-0.51219,-0.248113,-0.453455,-0.41089,0.0792923
701,12.6965,0.605473,0,-0.289221,-0.523854,-0.420553,0.224315,0.388205,-0.485539,-0.289221,-0.523854,-0.378498,0.085143
702,12.7146,0.706993,0,-0.335526,-0.598197,-0.362981,0.269731,0.463425,-0.441343,-0.335526,-0.598197,-0.326683,0.0852528
703,12.7327,0.812692,0,-0.387148,-0.670842,-0.280875,0.320936,0.54206,-0.375178,-0.387148,-0.670842,-0.252788,0.0761181
704,12.7508,0.915121,0,-0.441827,-0.734358,-0.171447,0.376994,0.618217,-0.28286,-0.441827,-0.734358,-0.154302,0.053025
705,12.769,1.00332,0,-0.496278,-0.77857,-0.0352319,0.435763,0.682656,-0.161935,-0.496278,-0.77857,-0.0317087,0.0122394
706,12.7871,1.06264,0,-0.545715,-0.790044,0.121273,0.493506,0.723004,-0.0139824,-0.545715,-0.790044,0.109146,-0.0463263
707,12.8052,1.07908,0,-0.585484,-0.757118,0.282752,0.544765,0.725742,0.152802,-0.585484,-0.757118,0.254477,-0.115883
708,12.8233,1.04247,0,-0.60605,-0.674244,0.429323,0.582838,0.6805,0.322282,-0.60605,-0.674244,0.386391,-0.182134
709,12.8414,0.959031,0,-0.605887,-0.553537,0.542247,0.601092,0.585565,0.472471,-0.605887,-0.553537,0.488022,-0.229978
710,12.8595,0.839741,0,-0.579189,-0.406823,0.60326,0.594907,0.451394,0.581861,-0.579189,-0.406823,0.542934,-0.244581
711,12.8776,0.711918,0,-0.532148,-0.266451,0.607691,0.563429,0.298626,0.637384,-0.532148,-0.266451,0.546922,-0.226367
712,12.8957,0.592386,0,-0.469065,-0.147636,0.568131,0.510092,0.150698,0.638933,-0.469065,-0.147636,0.511318,-0.186543
713,12.9139,0.490289,0,-0.398501,-0.0572908,0.504707,0.441545,0.0255968,0.597459,-0.398501,-0.0572908,0.454236,-0.140788
714,12.932,0.406053,0,-0.327211,0.00406538,0.431777,0.365613,-0.0683054,0.528698,-0.327211,0.00406538,0.388599,-0.0988975
715,12.9501,0.33702,0,-0.26019,0.0416183,0.353177,0.289369,-0.131311,0.447132,-0.26019,0.0416183,0.317859,-0.0643251
716,12.9682,0.279281,0,-0.200431,0.0582354,0.277211,0.218012,-0.168811,0.362934,-0.200431,0.0582354,0.24949,-0.0388931
717,12.9863,0.233258,1,-0.14923,0.0677664,0.20708,0.154631,-0.187803,0.281784,-0.14923,0.0677664,0.186372,-0.0216317
718,13.0044,0.197547,1,-0.105175,0.0717853,0.145073,0.100512,-0.194758,0.206078,-0.105175,0.0717853,0.130566,-0.0106807
719,13.0225,0.171663,1,-0.0697151,0.0703603,0.0873742,0.0556592,-0.194764,0.136311,-0.0697151,0.0703603,0.0786368,-0.00426391
720,13.0406,0.154631,1,-0.0424221,0.0660509,0.0318219,0.0192922,-0.191439,0.0721035,-0.0424221,0.0660509,0.0286397,-0.000944967
721,13.0588,0.14523,1,-0.0202899,0.0621666,-0.0187037,-0.00976327,-0.187176,0.0127986,-0.0202899,0.0621666,-0.0168333,0.000265647
722,13.0769,0.142848,1,-0.00208135,0.0608515,-0.0663616,-0.0328136,-0.183465,-0.0422518,-0.00208135,0.0608515,-0.0597255,9.66854e-05
723,13.095,0.145232,1,0.0130178,0.0614878,-0.110147,-0.0511367,-0.181179,-0.0935815,0.0130178,0.0614878,-0.0991325,-0.00100371
724,13.1131,0.151444,1,0.0257142,0.0648682,-0.149308,-0.0658975,-0.180802,-0.141594,0.0257142,0.0648682,-0.134377,-0.00268754
725,13.1312,0.15964,1,0.035836,0.069335,-0.185769,-0.0781149,-0.182596,-0.186576,0.035836,0.069335,-0.167192,-0.00466006
726,13.1493,0.171265,1,0.0459397,0.0775402,-0.221777,-0.0886585,-0.186713,-0.228725,0.0459397,0.0775402,-0.199599,-0.00713186
727,13.1674,0.186294,1,0.0564109,0.089595,-0.254954,-0.0982646,-0.193278,-0.26816,0.0564109,0.089595,-0.229459,-0.0100675
728,13.1855,0.204169,1,0.0672456,0.104296,-0.284593,-0.10756,-0.202437,-0.304936,0.0672456,0.104296,-0.256134,-0.0133963
729,13.2036,0.224746,1,0.0783799,0.121018,-0.310319,-0.117089,-0.214391,-0.339044,0.0783799,0.121018,-0.279287,-0.0170259
730,13.2218,0.249172,1,0.0903761,0.141137,-0.331069,-0.12734,-0.229421,-0.3704,0.0903761,0.141137,-0.297962,-0.0209445
731,13.2399,0.278367,0,0.104409,0.165267,-0.347663,-0.138775,-0.2479,-0.398832,0.104409,0.165267,-0.312897,-0.0254093
732,13.258,0.312718,0,0.120902,0.193494,-0.361734,-0.151846,-0.270299,-0.42405,0.120902,0.193494,-0.32556,-0.0306141
733,13.2761,0.353563,0,0.140838,0.226926,-0.371083,-0.167018,-0.297184,-0.445609,0.140838,0.226926,-0.333974,-0.0365838
734,13.2942,0.402279,0,0.163684,0.267636,-0.37435,-0.184785,-0.329208,-0.462855,0.163684,0.267636,-0.336915,-0.0428927
735,13.3123,0.459108,0,0.189908,0.314579,-0.369005,-0.205672,-0.367075,-0.474853,0.189908,0.314579,-0.332105,-0.0490539
736,13.3304,0.52466,0,0.220627,0.367124,-0.352587,-0.230239,-0.411472,-0.480296,0.220627,0.367124,-0.317328,-0.054453
737,13.3485,0.597727,0,0.255362,0.422311,-0.324059,-0.259058,-0.462952,-0.477405,0.255362,0.422311,-0.291653,-0.0579266
738,13.3667,0.678551,0,0.29463,0.480077,-0.282775,-0.292668,-0.521719,-0.463823,0.29463,0.480077,-0.254498,-0.0583199
739,13.3848,0.765318,0,0.337563,0.536964,-0.223186,-0.331491,-0.587302,-0.436557,0.337563,0.536964,-0.200867,-0.0527374
740,13.4029,0.854671,0,0.381824,0.589443,-0.144508,-0.375687,-0.658071,-0.392043,0.381824,0.589443,-0.130058,-0.0386238
741,13.421,0.940603,0,0.426774,0.629524,-0.0456438,-0.424934,-0.730599,-0.326464,0.426774,0.629524,-0.0410794,-0.0136357
742,13.4391,1.01325,0,0.468657,0.646441,0.0705404,-0.478124,-0.799007,-0.236526,0.468657,0.646441,0.0634863,0.0231415
743,13.4572,1.06453,0,0.504258,0.636121,0.19779,-0.533022,-0.854571,-0.120868,0.504258,0.636121,0.178011,0.0698161
744,13.4753,1.08299,0,0.52839,0.591705,0.322132,-0.585977,-0.886213,0.0179497,0.52839,0.591705,0.289918,0.119148
745,13.4934,1.06051,0,0.53601,0.512954,0.421649,-0.631916,-0.882536,0.171455,0.53601,0.512954,0.379484,0.158206
746,13.5116,0.998792,0,0.524871,0.40885,0.493631,-0.66488,-0.835613,0.324632,0.524871,0.40885,0.444268,0.181365
747,13.5297,0.908939,0,0.497173,0.298538,0.527532,-0.679232,-0.745384,0.458218,0.497173,0.298538,0.474779,0.183593
748,13.5478,0.804106,0,0.455396,0.196099,0.521178,-0.671296,-0.621969,0.55421,0.455396,0.196099,0.46906,0.166139
749,13.5659,0.695302,0,0.402704,0.106786,0.487325,-0.640714,-0.48349,0.602172,0.402704,0.106786,0.438592,0.137374
750,13.584,0.592198,0,0.344778,0.0363292,0.43598,-0.590753,-0.349877,0.602478,0.344778,0.0363292,0.392382,0.105221
751,13.6021,0.499692,0,0.2871,-0.0135852,0.374385,-0.527337,-0.236343,0.564516,0.2871,-0.0135852,0.336947,0.0752401
752,13.6202,0.418801,0,0.233374,-0.0428157,0.307785,-0.457346,-0.150138,0.501619,0.233374,-0.0428157,0.277006,0.0502803
753,13.6383,0.347571,0,0.185315,-0.0573719,0.242637,-0.387017,-0.0912895,0.426219,0.185315,-0.0573719,0.218373,0.031475
754,13.6564,0.285576,0,0.144472,-0.0639952,0.180218,-0.321006,-0.0554417,0.347307,0.144472,-0.0639952,0.162196,0.0182255
755,13.6746,0.231852,1,0.109838,-0.0650203,0.121542,-0.262153,-0.0366942,0.270154,0.109838,-0.0650203,0.109388,0.00934496
756,13.6927,0.185597,1,0.0799277,-0.0645274,0.0666436,-0.211724,-0.0294325,0.197207,0.0799277,-0.0645274,0.0599792,0.00372867
757,13.7108,0.148949,1,0.0579885,-0.0606003,0.0122959,-0.169831,-0.0291321,0.129197,0.0579885,-0.0606003,0.0110663,0.000499114
758,13.7289,0.118825,1,0.0403406,-0.0562116,-0.0376757,-0.135862,-0.0325047,0.0660013,0.0403406,-0.0562116,-0.0339082,-0.0010639
759,13.747,0.0943,1,0.0269285,-0.0510506,-0.0826076,-0.108825,-0.0373359,0.00717127,0.0269285,-0.0510506,-0.0743469,-0.00155715
760,13.7651,0.0748797,1,0.0167113,-0.0462347,-0.124778,-0.0875878,-0.042232,-0.047794,0.0167113,-0.0462347,-0.1123,-0.00145965
761,13.7832,0.0604329,1,0.00954904,-0.0422772,-0.166026,-0.0710261,-0.0463769,-0.0993386,0.00954904,-0.0422772,-0.149424,-0.00110977
762,13.8013,0.0496232,1,0.00403182,-0.0382737,-0.206159,-0.0581111,-0.0493336,-0.14782,0.00403182,-0.0382737,-0.185543,-0.000581836
763,13.8195,0.0409607,1,-0.000380231,-0.0349517,-0.243685,-0.0479444,-0.0508959,-0.193518,-0.000380231,-0.0349517,-0.219317,6.48596e-05
764,13.8376,0.0339524,1,-0.00354342,-0.0326235,-0.279179,-0.0397662,-0.0509835,-0.236645,-0.00354342,-0.0326235,-0.251261,0.000692474
765,13.8557,0.0282844,1,-0.00542265,-0.0309067,-0.313344,-0.032946,-0.0495699,-0.277369,-0.00542265,-0.0309067,-0.28201,0.00118941
766,13.8738,0.0229121,1,-0.00684382,-0.0297399,-0.345565,-0.0269637,-0.0466349,-0.315822,-0.00684382,-0.0297399,-0.311008,0.00165549
767,13.8919,0.0184225,1,-0.00691068,-0.0272998,-0.376364,-0.021388,-0.0421334,-0.352104,-0.00691068,-0.0272998,-0.338727,0.00182065
768,13.91,0.0133008,1,-0.0069356,-0.0256581,-0.40486,-0.0158535,-0.0359752,-0.386292,-0.0069356,-0.0256581,-0.364374,0.00196556
769,13.9281,0.0075853,1,-0.00681658,-0.0241358,-0.430568,-0.0100396,-0.0280107,-0.418435,-0.00681658,-0.0241358,-0.387511,0.0020545
770,13.9462,0.00418964,1,-0.00654479,-0.0218189,-0.454013,-0.00364991,-0.0180198,-0.44855,-0.00654479,-0.0218189,-0.408612,0.00207999
771,13.9644,0.00918592,1,-0.00560157,-0.0186622,-0.477255,0.0036053,-0.00570199,-0.476614,-0.00560157,-0.0186622,-0.42953,0.00187136
772,13.9825,0.0175301,1,-0.00469432,-0.015784,-0.499172,0.0120262,0.00933425,-0.50255,-0.00469432,-0.015784,-0.449254,0.00164029
773,14.0006,0.0278568,1,-0.00320981,-0.0131617,-0.520249,0.0219387,0.0275819,-0.526209,-0.00320981,-0.0131617,-0.468225,0.00116893
774,14.0187,0.0398273,1,-0.00150448,-0.00927618,-0.5405,0.0337095,0.0496464,-0.547337,-0.00150448,-0.00927618,-0.48645,0.000569219
775,14.0368,0.0539671,1,0.000720277,-0.00433442,-0.560053,0.0477599,0.0762543,-0.565539,0.000720277,-0.00433442,-0.504048,-0.000282376
776,14.0549,0.071068,1,0.00364489,0.00131271,-0.57862,0.0645778,0.108255,-0.580211,0.00364489,0.00131271,-0.520758,-0.00147631
777,14.073,0.0919913,1,0.00714403,0.00757564,-0.59664,0.0847277,0.146608,-0.590466,0.00714403,0.00757564,-0.536976,-0.00298369
778,14.0911,0.117451,1,0.0111355,0.0149048,-0.613805,0.108852,0.192339,-0.595015,0.0111355,0.0149048,-0.552424,-0.00478453
779,14.1092,0.14803,1,0.0158924,0.0239395,-0.629465,0.137664,0.246446,-0.592026,0.0158924,0.0239395,-0.566519,-0.00700258
780,14.1274,0.184493,1,0.0216405,0.0351539,-0.6434,0.17191,0.309705,-0.578952,0.0216405,0.0351539,-0.57906,-0.00974644
781,14.1455,0.227614,1,0.0288259,0.0491384,-0.65601,0.212296,0.382334,-0.552359,0.0288259,0.0491384,-0.590409,-0.0132371
782,14.1636,0.278061,0,0.0375832,0.0665628,-0.666816,0.259345,0.463428,-0.507839,0.0375832,0.0665628,-0.600134,-0.0175427
783,14.1817,0.336223,0,0.0484592,0.0881024,-0.675978,0.313154,0.550124,-0.440158,0.0484592,0.0881024,-0.60838,-0.0229301
784,14.1998,0.401976,0,0.0616501,0.11429,-0.683158,0.373014,0.636528,-0.343931,0.0616501,0.11429,-0.614842,-0.0294817
785,14.2179,0.473944,0,0.0775024,0.145922,-0.687905,0.436911,0.712701,-0.215193,0.0775024,0.145922,-0.619114,-0.03732
786,14.236,0.548671,0,0.0964622,0.184207,-0.688791,0.500985,0.764457,-0.0541344,0.0964622,0.184207,-0.619912,-0.0465096
787,14.2541,0.620863,0,0.119563,0.230384,-0.684782,0.559234,0.775244,0.131446,0.119563,0.230384,-0.616304,-0.0573121
788,14.2723,0.683367,0,0.147546,0.286063,-0.673564,0.603891,0.731136,0.323748,0.147546,0.286063,-0.606207,-0.0695673
789,14.2904,0.729481,0,0.18138,0.352249,-0.653036,0.626887,0.628077,0.49669,0.18138,0.352249,-0.587732,-0.0829132
790,14.3085,0.754363,0,0.222654,0.429534,-0.619531,0.622277,0.477263,0.623535,0.222654,0.429534,-0.557578,-0.0965587
791,14.3266,0.758452,0,0.27242,0.519221,-0.569162,0.588579,0.303431,0.68751,0.27242,0.519221,-0.512246,-0.108536
792,14.3447,0.745574,0,0.329651,0.617865,-0.492751,0.529623,0.13541,0.688304,0.329651,0.617865,-0.443476,-0.113705
793,14.3628,0.720782,0,0.394317,0.715403,-0.378224,0.453252,-0.0048951,0.639753,0.394317,0.715403,-0.340402,-0.104398
794,14.3809,0.695286,0,0.464258,0.802521,-0.220957,0.368727,-0.107954,0.561459,0.464258,0.802521,-0.198862,-0.0718069
795,14.399,0.679461,0,0.536252,0.860795,-0.0276522,0.284284,-0.175061,0.470864,0.536252,0.860795,-0.024887,-0.01038
796,14.4172,0.67005,0,0.598439,0.862284,0.19093,0.205803,-0.21342,0.379603,0.598439,0.862284,0.171837,0.0799822
797,14.4353,0.663691,0,0.643881,0.792309,0.418205,0.136601,-0.231708,0.293651,0.643881,0.792309,0.376385,0.188492
798,14.4534,0.651797,0,0.661523,0.645376,0.607921,0.0778948,-0.23757,0.215105,0.661523,0.645376,0.547128,0.281507
799,14.4715,0.629232,0,0.643304,0.446797,0.730267,0.0294632,-0.236783,0.143992,0.643304,0.446797,0.65724,0.328849
800,14.4896,0.594202,0,0.591119,0.23794,0.769513,-0.00974728,-0.233317,0.0795098,0.591119,0.23794,0.692562,0.318412
801,14.5077,0.545575,0,0.511041,0.049785,0.734753,-0.0411798,-0.229723,0.0206921,0.511041,0.049785,0.661277,0.262842
802,14.5258,0.492354,0,0.417478,-0.0893339,0.655187,-0.0663783,-0.22755,-0.0333022,0.417478,-0.0893339,0.589668,0.191468
803,14.5439,0.438636,0,0.319772,-0.180753,0.556957,-0.0868223,-0.227694,-0.0831065,0.319772,-0.180753,0.501261,0.124669
804,14.562,0.386396,0,0.227949,-0.226097,0.452052,-0.103845,-0.230659,-0.129151,0.227949,-0.226097,0.406847,0.0721315
805,14.5802,0.342043,0,0.145542,-0.252436,0.358364,-0.118608,-0.236736,-0.171692,0.145542,-0.252436,0.322528,0.03651
806,14.5983,0.307595,0,0.0764912,-0.260585,0.279178,-0.132104,-0.246127,-0.210846,0.0764912,-0.260585,0.25126,0.0149483
807,14.6164,0.279849,0,0.0190151,-0.259521,0.209455,-0.145181,-0.259022,-0.246601,0.0190151,-0.259521,0.188509,0.00278796
808,14.6345,0.260172,0,-0.0264374,-0.253076,0.151408,-0.15857,-0.275644,-0.278824,-0.0264374,-0.253076,0.136267,-0.00280198
809,14.6526,0.244591,1,-0.0634082,-0.247541,0.0990861,-0.172916,-0.296276,-0.307248,-0.0634082,-0.247541,0.0891775,-0.00439801
810,14.6707,0.234999,1,-0.0930329,-0.245402,0.0568122,-0.188804,-0.321264,-0.331449,-0.0930329,-0.245402,0.051131,-0.00369978
811,14.6888,0.225877,1,-0.117795,-0.246595,0.0155865,-0.20678,-0.350997,-0.350805,-0.117795,-0.246595,0.0140279,-0.00128521
812,14.7069,0.21835,1,-0.138743,-0.252181,-0.0219555,-0.227363,-0.385873,-0.364451,-0.138743,-0.252181,-0.0197599,0.00213232
813,14.7251,0.213046,1,-0.156722,-0.259357,-0.0559036,-0.251046,-0.426223,-0.371221,-0.156722,-0.259357,-0.0503132,0.00613293
814,14.7432,0.212045,1,-0.171636,-0.270527,-0.0817531,-0.278276,-0.472192,-0.369587,-0.171636,-0.270527,-0.0735778,0.00982222
815,14.7613,0.212608,1,-0.186539,-0.286396,-0.104128,-0.309416,-0.523556,-0.35763,-0.186539,-0.286396,-0.093715,0.0135967
816,14.7794,0.215526,1,-0.202898,-0.306117,-0.122002,-0.344666,-0.579455,-0.333053,-0.202898,-0.306117,-0.109802,0.0173278
817,14.7975,0.221444,1,-0.221482,-0.328826,-0.134904,-0.383949,-0.638052,-0.29332,-0.221482,-0.328826,-0.121414,0.0209152
818,14.8156,0.231247,1,-0.240277,-0.354039,-0.143129,-0.426745,-0.696136,-0.236002,-0.240277,-0.354039,-0.128816,0.0240734
819,14.8337,0.244533,1,-0.259958,-0.382422,-0.143894,-0.471893,-0.748799,-0.159419,-0.259958,-0.382422,-0.129505,0.0261845
820,14.8518,0.259987,0,-0.281665,-0.412729,-0.136642,-0.517384,-0.789408,-0.0636354,-0.281665,-0.412729,-0.122977,0.026941
821,14.87,0.275467,0,-0.305102,-0.443835,-0.119959,-0.560254,-0.810202,0.0483263,-0.305102,-0.443835,-0.107963,0.0256197
822,14.8881,0.288544,0,-0.32998,-0.475085,-0.0961836,-0.596672,-0.803812,0.169499,-0.32998,-0.475085,-0.0865652,0.0222171
823,14.9062,0.295717,0,-0.355847,-0.505612,-0.062738,-0.622389,-0.765631,0.28896,-0.355847,-0.505612,-0.0564642,0.0156276
824,14.9243,0.29506,0,-0.381961,-0.530053,-0.0191211,-0.633543,-0.696246,0.393513,-0.381961,-0.530053,-0.017209,0.00511246
825,14.9424,0.28468,0,-0.407107,-0.546623,0.0335433,-0.627675,-0.602553,0.470979,-0.407107,-0.546623,0.030189,-0.009559
826,14.9605,0.265256,0,-0.429798,-0.553261,0.0927064,-0.604523,-0.496431,0.513805,-0.429798,-0.553261,0.0834357,-0.0278915
827,14.9786,0.239571,1,-0.448806,-0.546891,0.154746,-0.566231,-0.391284,0.521052,-0.448806,-0.546891,0.139271,-0.0486156
828,14.9967,0.212541,1,-0.461693,-0.526237,0.214045,-0.516815,-0.298201,0.497738,-0.461693,-0.526237,0.19264,-0.0691761
829,15.0148,0.188853,1,-0.46703,-0.492725,0.266304,-0.461159,-0.22364,0.452193,-0.46703,-0.492725,0.239674,-0.0870604
830,15.033,0.172762,1,-0.464313,-0.449237,0.306384,-0.403971,-0.16928,0.393116,-0.464313,-0.449237,0.275745,-0.0995807
831,15.0511,0.165496,1,-0.454189,-0.399993,0.332109,-0.349066,-0.133355,0.327621,-0.454189,-0.399993,0.298898,-0.105588
832,15.0692,0.164254,1,-0.4363,-0.347609,0.342845,-0.299059,-0.112374,0.260579,-0.4363,-0.347609,0.30856,-0.104708
833,15.0873,0.166319,1,-0.412045,-0.296745,0.338753,-0.255408,-0.102479,0.194839,-0.412045,-0.296745,0.304878,-0.0977069
834,15.1054,0.169343,1,-0.383467,-0.251702,0.321327,-0.218639,-0.10023,0.131805,-0.383467,-0.251702,0.289194,-0.0862529
835,15.1235,0.171469,1,-0.352578,-0.214919,0.292871,-0.188625,-0.102924,0.0720062,-0.352578,-0.214919,0.263584,-0.0722819
836,15.1416,0.172615,1,-0.321572,-0.187892,0.257466,-0.164845,-0.108622,0.0155128,-0.321572,-0.187892,0.231719,-0.0579556
837,15.1597,0.172289,1,-0.292404,-0.169892,0.21693,-0.146586,-0.116045,-0.0378017,-0.292404,-0.169892,0.195237,-0.0444019
838,15.1779,0.171559,1,-0.266088,-0.161034,0.175064,-0.133081,-0.124434,-0.088123,-0.266088,-0.161034,0.157557,-0.0326076
839,15.196,0.170859,1,-0.243777,-0.157531,0.133728,-0.123602,-0.13341,-0.135631,-0.243777,-0.157531,0.120355,-0.0228199
840,15.2141,0.169644,1,-0.225273,-0.158833,0.0924145,-0.117514,-0.142864,-0.180478,-0.225273,-0.158833,0.0831731,-0.0145729
841,15.2322,0.169073,1,-0.21049,-0.16401,0.0535893,-0.114293,-0.152875,-0.222778,-0.21049,-0.16401,0.0482304,-0.00789602
842,15.2503,0.169438,1,-0.19977,-0.172514,0.0177704,-0.113538,-0.163648,-0.262611,-0.19977,-0.172514,0.0159933,-0.002485
843,15.2684,0.170154,1,-0.192214,-0.182669,-0.0156957,-0.114967,-0.175481,-0.300017,-0.192214,-0.182669,-0.0141261,0.00211185
844,15.2865,0.171751,1,-0.188069,-0.194557,-0.0458451,-0.118409,-0.188745,-0.334997,-0.188069,-0.194557,-0.0412606,0.00603544
845,15.3046,0.172913,1,-0.186951,-0.208092,-0.0747715,-0.1238,-0.203874,-0.367501,-0.186951,-0.208092,-0.0672943,0.009785
846,15.3228,0.174598,1,-0.188794,-0.22352,-0.100555,-0.131169,-0.221367,-0.397419,-0.188794,-0.22352,-0.0904995,0.0132889
847,15.3409,0.177057,1,-0.193743,-0.241856,-0.122513,-0.140638,-0.241789,-0.424552,-0.193743,-0.241856,-0.110262,0.0166152
848,15.359,0.180158,1,-0.201298,-0.26319,-0.140409,-0.152417,-0.265782,-0.448588,-0.201298,-0.26319,-0.126368,0.0197848
849,15.3771,0.183557,1,-0.211706,-0.287358,-0.154387,-0.1668,-0.294058,-0.469059,-0.211706,-0.287358,-0.138948,0.0228792
850,15.3952,0.187332,1,-0.225498,-0.314936,-0.163695,-0.184163,-0.327398,-0.485278,-0.225498,-0.314936,-0.147325,0.0258391
851,15.4133,0.191376,1,-0.242093,-0.345418,-0.167565,-0.204961,-0.366619,-0.496269,-0.242093,-0.345418,-0.150809,0.0283965
852,15.4314,0.195745,1,-0.261488,-0.378342,-0.16485,-0.229711,-0.412511,-0.500664,-0.261488,-0.378342,-0.148365,0.0301744
853,15.4495,0.200324,1,-0.282813,-0.411981,-0.154635,-0.258971,-0.465712,-0.496591,-0.282813,-0.411981,-0.139171,0.0306128
854,15.4676,0.205085,1,-0.305928,-0.445672,-0.135893,-0.293281,-0.526491,-0.481564,-0.305928,-0.445672,-0.122304,0.0291015
855,15.4858,0.20996,1,-0.330871,-0.478797,-0.107615,-0.333071,-0.594395,-0.452409,-0.330871,-0.478797,-0.0968538,0.0249247
856,15.5039,0.214452,1,-0.357558,-0.51067,-0.0693718,-0.378504,-0.667726,-0.405324,-0.357558,-0.51067,-0.0624346,0.0173631
857,15.522,0.218949,1,-0.385374,-0.537971,-0.0201383,-0.429236,-0.742857,-0.33623,-0.385374,-0.537971,-0.0181245,0.00543255
858,15.5401,0.22222,1,-0.412848,-0.557767,0.0370931,-0.484087,-0.813496,-0.241605,-0.412848,-0.557767,0.0333838,-0.0107197
859,15.5582,0.225883,1,-0.436779,-0.564383,0.100651,-0.540666,-0.870279,-0.120039,-0.436779,-0.564383,0.0905859,-0.0307736
860,15.5763,0.230132,1,-0.455745,-0.555399,0.166332,-0.59506,-0.901322,0.025579,-0.455745,-0.555399,0.149699,-0.0530636
861,15.5944,0.234252,1,-0.468205,-0.530581,0.230821,-0.64184,-0.894524,0.185899,-0.468205,-0.530581,0.207739,-0.0756499
862,15.6125,0.235952,1,-0.472794,-0.4911,0.287286,-0.674671,-0.841797,0.344531,-0.472794,-0.4911,0.258557,-0.095079
863,15.6307,0.232939,1,-0.468418,-0.441499,0.328154,-0.687664,-0.743846,0.480795,-0.468418,-0.441499,0.295339,-0.107599
864,15.6488,0.223591,1,-0.455413,-0.386841,0.352501,-0.67716,-0.612411,0.575941,-0.455413,-0.386841,0.317251,-0.112373
865,15.6669,0.208064,1,-0.434639,-0.330279,0.359968,-0.643139,-0.467419,0.619954,-0.434639,-0.330279,0.323971,-0.109519
866,15.685,0.187464,1,-0.407838,-0.277203,0.350622,-0.589419,-0.329931,0.614584,-0.407838,-0.277203,0.31556,-0.100098
867,15.7031,0.164161,1,-0.376303,-0.231216,0.327442,-0.522484,-0.215228,0.570799,-0.376303,-0.231216,0.294698,-0.0862522
868,15.7212,0.140413,1,-0.342874,-0.194784,0.294382,-0.449599,-0.129836,0.503042,-0.342874,-0.194784,0.264944,-0.070655
869,15.7393,0.118784,1,-0.31008,-0.168947,0.255086,-0.377156,-0.0728174,0.424168,-0.31008,-0.168947,0.229577,-0.0553679
870,15.7574,0.101395,1,-0.279439,-0.153155,0.213102,-0.309777,-0.0390215,0.343086,-0.279439,-0.153155,0.191792,-0.0416843
871,15.7756,0.089014,1,-0.25248,-0.14433,0.170871,-0.250157,-0.0220613,0.264762,-0.25248,-0.14433,0.153784,-0.0301991
872,15.7937,0.0828843,1,-0.230354,-0.141558,0.128782,-0.19938,-0.0161013,0.191318,-0.230354,-0.141558,0.115904,-0.0207658
873,15.8118,0.0824544,1,-0.211508,-0.14341,0.0861168,-0.157387,-0.0165634,0.123228,-0.211508,-0.14341,0.0775051,-0.0127501
874,15.8299,0.0861292,1,-0.196562,-0.149206,0.0440762,-0.123427,-0.0201868,0.0601972,-0.196562,-0.149206,0.0396686,-0.0060646
875,15.848,0.0928367,1,-0.185771,-0.158421,0.00579781,-0.0963987,-0.0248116,0.00167596,-0.185771,-0.158421,0.00521803,-0.000753946
876,15.8661,0.101835,1,-0.178917,-0.169852,-0.0301098,-0.075092,-0.0290965,-0.0528923,-0.178917,-0.169852,-0.0270989,0.00377102
877,15.8842,0.112398,1,-0.17536,-0.182714,-0.0643783,-0.058328,-0.0322621,-0.103977,-0.17536,-0.182714,-0.0579405,0.00790254
878,15.9023,0.124855,1,-0.174901,-0.197569,-0.0961726,-0.0450369,-0.0338882,-0.151944,-0.174901,-0.197569,-0.0865553,0.0117745
879,15.9204,0.139556,1,-0.177128,-0.214809,-0.124629,-0.034288,-0.0337646,-0.197068,-0.177128,-0.214809,-0.112166,0.0154527
880,15.9386,0.157354,1,-0.182475,-0.235156,-0.148908,-0.0252926,-0.0317873,-0.23955,-0.182475,-0.235156,-0.134017,0.0190204
881,15.9567,0.178154,1,-0.190691,-0.258202,-0.169364,-0.0173902,-0.0278863,-0.279538,-0.190691,-0.258202,-0.152428,0.0226073
882,15.9748,0.202654,1,-0.202176,-0.284462,-0.185269,-0.0100267,-0.0219793,-0.317132,-0.202176,-0.284462,-0.166742,0.0262198
883,15.9929,0.231331,1,-0.217073,-0.314231,-0.196108,-0.00272973,-0.0139397,-0.352391,-0.217073,-0.314231,-0.176497,0.0297988
884,16.011,0.264498,0,-0.235171,-0.347325,-0.200747,0.00491608,-0.00357594,-0.385332,-0.235171,-0.347325,-0.180672,0.0330469
885,16.0291,0.301781,0,-0.255849,-0.382322,-0.198332,0.013293,0.00938402,-0.415919,-0.255849,-0.382322,-0.178499,0.0355201
886,16.0472,0.342906,0,-0.278747,-0.418039,-0.188542,0.0227717,0.0253042,-0.444055,-0.278747,-0.418039,-0.169688,0.0367888
887,16.0653,0.388779,0,-0.303684,-0.454868,-0.16942,0.033731,0.0446503,-0.469552,-0.303684,-0.454868,-0.152478,0.0360151
888,16.0835,0.439944,0,-0.331156,-0.492302,-0.139922,0.0465757,0.0679962,-0.49211,-0.331156,-0.492302,-0.12593,0.0324352
889,16.1016,0.496042,0,-0.360465,-0.528572,-0.0992133,0.0617515,0.096026,-0.511263,-0.360465,-0.528572,-0.089292,0.025034
890,16.1197,0.556342,0,-0.391092,-0.56027,-0.0456631,0.079757,0.129525,-0.526322,-0.391092,-0.56027,-0.0410968,0.0125009
891,16.1378,0.61871,0,-0.421571,-0.58417,0.0181219,0.10115,0.169352,-0.536291,-0.421571,-0.58417,0.0163097,-0.00534777
892,16.1559,0.679295,0,-0.448915,-0.594159,0.0896957,0.126546,0.216372,-0.539754,-0.448915,-0.594159,0.0807261,-0.028186
893,16.174,0.734193,0,-0.470887,-0.585827,0.164293,0.156596,0.27133,-0.534751,-0.470887,-0.585827,0.147863,-0.0541542
894,16.1921,0.78122,0,-0.485859,-0.559464,0.237747,0.19194,0.334622,-0.518635,-0.485859,-0.559464,0.213972,-0.080858
895,16.2102,0.816581,0,-0.49204,-0.515892,0.302503,0.233112,0.405912,-0.48797,-0.49204,-0.515892,0.272252,-0.10419
896,16.2284,0.837022,0,-0.487857,-0.459698,0.350055,0.280377,0.483554,-0.438558,-0.487857,-0.459698,0.31505,-0.119544
897,16.2465,0.842634,0,-0.473781,-0.397712,0.378498,0.333469,0.563795,-0.365779,-0.473781,-0.397712,0.340648,-0.125528
898,16.2646,0.8334,0,-0.45095,-0.33385,0.38736,0.391224,0.639907,-0.265485,-0.45095,-0.33385,0.348624,-0.122276
899,16.2827,0.811596,0,-0.421107,-0.274062,0.377419,0.451137,0.701606,-0.135736,-0.421107,-0.274062,0.339677,-0.111254
900,16.3008,0.780697,0,-0.385947,-0.222357,0.352184,0.50899,0.735575,0.0206457,-0.385947,-0.222357,0.316966,-0.095147
901,16.3189,0.745151,0,-0.348484,-0.18169,0.315735,0.558813,0.728042,0.193459,-0.348484,-0.18169,0.284161,-0.07702
902,16.337,0.708377,0,-0.311884,-0.153108,0.272148,0.593558,0.669737,0.364311,-0.311884,-0.153108,0.244934,-0.059415
903,16.3551,0.67069,0,-0.277804,-0.13597,0.225896,0.606657,0.561593,0.509818,-0.277804,-0.13597,0.203306,-0.0439282
904,16.3732,0.629585,0,-0.247923,-0.126653,0.179906,0.594107,0.417369,0.609043,-0.247923,-0.126653,0.161915,-0.0312219
905,16.3914,0.58358,0,-0.223193,-0.123795,0.134707,0.55609,0.26003,0.651517,-0.223193,-0.123795,0.121236,-0.021046
906,16.4095,0.532473,0,-0.202173,-0.125425,0.0885143,0.497114,0.113196,0.640458,-0.202173,-0.125425,0.0796629,-0.0125266
907,16.4276,0.477786,0,-0.185446,-0.131197,0.0440017,0.424553,-0.00684689,0.589232,-0.185446,-0.131197,0.0396016,-0.00571195
908,16.4457,0.421941,0,-0.173405,-0.140343,0.00277357,0.346438,-0.0940603,0.514364,-0.173405,-0.140343,0.00249621,-0.000336665
909,16.4638,0.368007,0,-0.165396,-0.15163,-0.0360386,0.269618,-0.15061,0.429846,-0.165396,-0.15163,-0.0324347,0.00417244
910,16.4819,0.31859,0,-0.160857,-0.163969,-0.0731723,0.198856,-0.18288,0.344857,-0.160857,-0.163969,-0.0658551,0.00823919
911,16.5,0.275113,0,-0.159315,-0.17745,-0.108643,0.136768,-0.198149,0.26414,-0.159315,-0.17745,-0.0977789,0.0121159
912,16.5181,0.237292,1,-0.160667,-0.193631,-0.140494,0.0842498,-0.202764,0.189437,-0.160667,-0.193631,-0.126445,0.0158009
913,16.5363,0.205071,1,-0.164754,-0.21306,-0.168417,0.0410231,-0.201539,0.120867,-0.164754,-0.21306,-0.151575,0.0194231
914,16.5544,0.178442,1,-0.171664,-0.235378,-0.192136,0.0061294,-0.197812,0.0578704,-0.171664,-0.235378,-0.172922,0.023088
915,16.5725,0.158233,1,-0.182324,-0.260575,-0.212048,-0.0217059,-0.193743,-0.000272991,-0.182324,-0.260575,-0.190844,0.027063
916,16.5906,0.144349,1,-0.195952,-0.288858,-0.226631,-0.0438346,-0.190654,-0.0542184,-0.195952,-0.288858,-0.203968,0.0310861
917,16.6087,0.13831,1,-0.212936,-0.321002,-0.235352,-0.0615469,-0.189308,-0.104482,-0.212936,-0.321002,-0.211817,0.0350805
918,16.6268,0.141084,1,-0.23268,-0.356444,-0.23807,-0.0760025,-0.190126,-0.151441,-0.23268,-0.356444,-0.214263,0.0387759
919,16.6449,0.15249,1,-0.255208,-0.394247,-0.234189,-0.0882081,-0.193343,-0.195353,-0.255208,-0.394247,-0.21077,0.0418368
920,16.663,0.17179,1,-0.280762,-0.434225,-0.221264,-0.0990215,-0.199113,-0.236381,-0.280762,-0.434225,-0.199138,0.0434858
921,16.6812,0.198155,1,-0.308861,-0.475819,-0.197345,-0.109171,-0.207582,-0.274608,-0.308861,-0.475819,-0.17761,0.0426665
922,16.6993,0.230782,1,-0.339583,-0.517968,-0.162302,-0.119283,-0.218932,-0.310042,-0.339583,-0.517968,-0.146072,0.0385804
923,16.7174,0.268217,0,-0.372242,-0.557541,-0.114502,-0.129908,-0.233411,-0.342612,-0.372242,-0.557541,-0.103051,0.0298356
924,16.7355,0.309994,0,-0.406024,-0.591071,-0.0513237,-0.14155,-0.251353,-0.372157,-0.406024,-0.591071,-0.0461913,0.0145871
925,16.7536,0.354245,0,-0.439239,-0.615037,0.024259,-0.154691,-0.273186,-0.398399,-0.439239,-0.615037,0.0218331,-0.00745885
926,16.7717,0.397001,0,-0.468851,-0.62222,0.107497,-0.169813,-0.299429,-0.420908,-0.468851,-0.62222,0.0967473,-0.03528
927,16.7898,0.435276,0,-0.491718,-0.607659,0.192675,-0.18741,-0.33068,-0.439049,-0.491718,-0.607659,0.173408,-0.0663192
928,16.8079,0.468095,0,-0.506104,-0.571219,0.274031,-0.208002,-0.367584,-0.451922,-0.506104,-0.571219,0.246628,-0.0970817
929,16.826,0.493064,0,-0.509661,-0.516125,0.342481,-0.232129,-0.410765,-0.458275,-0.509661,-0.516125,0.308233,-0.122184
930,16.8442,0.50777,0,-0.501264,-0.44881,0.389347,-0.260339,-0.46071,-0.45641,-0.501264,-0.44881,0.350412,-0.136616
931,16.8623,0.512981,0,-0.481999,-0.376945,0.412644,-0.293138,-0.517574,-0.444096,-0.481999,-0.376945,0.371379,-0.139226
932,16.8804,0.511176,0,-0.453452,-0.306383,0.414276,-0.330915,-0.580865,-0.418518,-0.453452,-0.306383,0.372848,-0.131498
933,16.8985,0.504689,0,-0.417414,-0.242118,0.3961,-0.373807,-0.649004,-0.376347,-0.417414,-0.242118,0.35649,-0.115736
934,16.9166,0.496849,0,-0.376514,-0.188812,0.362511,-0.42149,-0.718746,-0.314042,-0.376514,-0.188812,0.32626,-0.0955432
935,16.9347,0.490685,0,-0.334892,-0.149306,0.318867,-0.472908,-0.784584,-0.228572,-0.334892,-0.149306,0.28698,-0.0747501
936,16.9528,0.488212,0,-0.295113,-0.123098,0.26873,-0.525956,-0.838409,-0.11869,-0.295113,-0.123098,0.241857,-0.055514
937,16.9709,0.490767,0,-0.258903,-0.108822,0.217985,-0.577222,-0.869953,0.0132689,-0.258903,-0.108822,0.196187,-0.0395059
938,16.9891,0.497619,0,-0.228286,-0.101908,0.168282,-0.621977,-0.868593,0.159586,-0.228286,-0.101908,0.151454,-0.0268915
939,17.0072,0.505768,0,-0.202176,-0.100318,0.119495,-0.65465,-0.826738,0.306532,-0.202176,-0.100318,0.107545,-0.0169112
940,17.0253,0.510983,0,-0.180614,-0.103622,0.0701549,-0.669907,-0.743806,0.436307,-0.180614,-0.103622,0.0631394,-0.00886965
941,17.0434,0.508315,0,-0.164053,-0.110633,0.0250206,-0.664135,-0.628495,0.531862,-0.164053,-0.110633,0.0225185,-0.00287328
942,17.0615,0.495478,0,-0.152322,-0.121035,-0.0176649,-0.636728,-0.497141,0.58266,-0.152322,-0.121035,-0.0158984,0.00188353
943,17.0796,0.473356,0,-0.144313,-0.131793,-0.0579521,-0.590456,-0.368357,0.587953,-0.144313,-0.131793,-0.0521569,0.00585427
944,17.0977,0.444386,0,-0.139457,-0.143108,-0.0973878,-0.530685,-0.256999,0.55561,-0.139457,-0.143108,-0.087649,0.00950695
945,17.1158,0.410798,0,-0.137716,-0.155486,-0.134434,-0.46386,-0.170814,0.497753,-0.137716,-0.155486,-0.12099,0.0129595
946,17.134,0.375671,0,-0.139029,-0.171246,-0.168505,-0.395992,-0.1107,0.426214,-0.139029,-0.171246,-0.151654,0.0163989
947,17.1521,0.341998,0,-0.14287,-0.189918,-0.199249,-0.331712,-0.0731094,0.349917,-0.14287,-0.189918,-0.179324,0.0199266
948,17.1702,0.311044,0,-0.149712,-0.210931,-0.225421,-0.273961,-0.0526954,0.274349,-0.149712,-0.210931,-0.202879,0.0236237
949,17.1883,0.28445,0,-0.159728,-0.234781,-0.247461,-0.224164,-0.0441387,0.20225,-0.159728,-0.234781,-0.222715,0.0276685
950,17.2064,0.263302,0,-0.172411,-0.261813,-0.265411,-0.182598,-0.0430278,0.134606,-0.172411,-0.261813,-0.23887,0.0320318
951,17.2245,0.248113,1,-0.187997,-0.293139,-0.277962,-0.148797,-0.046086,0.0714782,-0.187997,-0.293139,-0.250165,0.0365792
952,17.2426,0.239808,1,-0.206751,-0.328026,-0.285146,-0.121885,-0.051068,0.012537,-0.206751,-0.328026,-0.256631,0.041268
953,17.2607,0.238988,1,-0.228801,-0.366379,-0.285479,-0.100817,-0.0565409,-0.0426489,-0.228801,-0.366379,-0.256931,0.0457226
954,17.2788,0.246918,1,-0.254692,-0.408677,-0.2776,-0.0845362,-0.0616582,-0.0944857,-0.254692,-0.408677,-0.24984,0.0494917
955,17.297,0.264384,0,-0.283856,-0.454965,-0.259601,-0.0720633,-0.0659691,-0.143313,-0.283856,-0.454965,-0.233641,0.0515826
956,17.3151,0.290558,0,-0.315852,-0.502254,-0.229819,-0.0625401,-0.0692737,-0.189403,-0.315852,-0.502254,-0.206837,0.050812
957,17.3332,0.32553,0,-0.350169,-0.549824,-0.186592,-0.055243,-0.071518,-0.232972,-0.350169,-0.549824,-0.167933,0.0457371
958,17.3513,0.36799,0,-0.386577,-0.593333,-0.127069,-0.0495773,-0.0727226,-0.274197,-0.386577,-0.593333,-0.114362,0.0343854
959,17.3694,0.417314,0,-0.424469,-0.629092,-0.0501725,-0.0450633,-0.0729357,-0.313222,-0.424469,-0.629092,-0.0451553,0.0149077
960,17.3875,0.470711,0,-0.46144,-0.65089,0.0413951,-0.041317,-0.0722036,-0.350174,-0.46144,-0.65089,0.0372556,-0.0133709
961,17.4056,0.522543,0,-0.493051,-0.651832,0.138501,-0.0380307,-0.0705521,-0.385163,-0.493051,-0.651832,0.124651,-0.0478018
962,17.4237,0.569148,0,-0.516134,-0.627239,0.235535,-0.0349545,-0.067976,-0.418285,-0.516134,-0.627239,0.211981,-0.0850973
963,17.4419,0.608201,0,-0.528665,-0.576905,0.325166,-0.0318792,-0.0644321,-0.449627,-0.528665,-0.576905,0.292649,-0.120332
964,17.46,0.635802,0,-0.527726,-0.505855,0.395206,-0.0286219,-0.0598339,-0.47926,-0.527726,-0.505855,0.355685,-0.145992
965,17.4781,0.650272,0,-0.512731,-0.423542,0.438356,-0.0250126,-0.054047,-0.507247,-0.512731,-0.423542,0.39452,-0.157331
966,17.4962,0.651411,0,-0.485908,-0.33987,0.451721,-0.0208829,-0.0468835,-0.533632,-0.485908,-0.33987,0.406549,-0.153646
967,17.5143,0.642336,0,-0.448987,-0.262084,0.441655,-0.0160553,-0.0380945,-0.558437,-0.448987,-0.262084,0.397489,-0.138808
968,17.5324,0.624449,0,-0.404989,-0.194459,0.411382,-0.0103328,-0.0273608,-0.58166,-0.404989,-0.194459,0.370244,-0.116624
969,17.5505,0.600955,0,-0.357952,-0.142695,0.366952,-0.00348909,-0.0142812,-0.603258,-0.357952,-0.142695,0.330257,-0.0919459
970,17.5686,0.574448,0,-0.311766,-0.106738,0.313906,0.004743,0.00164196,-0.623135,-0.311766,-0.106738,0.282515,-0.0685056
971,17.5868,0.547665,0,-0.2687,-0.0850255,0.257916,0.0146826,0.0210192,-0.641117,-0.2687,-0.0850255,0.232124,-0.0485114
972,17.6049,0.522338,0,-0.231008,-0.073512,0.202236,0.0267135,0.0445913,-0.656916,-0.231008,-0.073512,0.182012,-0.0327026
973,17.623,0.499762,0,-0.199242,-0.0693583,0.149116,0.0412978,0.0732457,-0.670085,-0.199242,-0.0693583,0.134204,-0.0207971
974,17.6411,0.478799,0,-0.172179,-0.0696861,0.0964187,0.0589893,0.108025,-0.679936,-0.172179,-0.0696861,0.0867768,-0.0116209
975,17.6592,0.462183,0,-0.15081,-0.0749359,0.0471675,0.0804442,0.150117,-0.68544,-0.15081,-0.0749359,0.0424507,-0.00497932
976,17.6773,0.450634,0,-0.134656,-0.0837696,0.000561436,0.106426,0.200815,-0.685079,-0.134656,-0.0837696,0.000505293,-5.29204e-05
977,17.6954,0.445259,0,-0.123014,-0.0932484,-0.0434284,0.137796,0.261396,-0.676653,-0.123014,-0.0932484,-0.0390856,0.00373961
978,17.7135,0.447399,0,-0.114586,-0.102661,-0.085491,0.175471,0.332886,-0.657037,-0.114586,-0.102661,-0.0769419,0.00685728
979,17.7316,0.459412,0,-0.109076,-0.112107,-0.125768,0.220331,0.415608,-0.62194,-0.109076,-0.112107,-0.113192,0.0096028
980,17.7498,0.484742,0,-0.107607,-0.123218,-0.164424,0.273033,0.508421,-0.565758,-0.107607,-0.123218,-0.147982,0.0123852
981,17.7679,0.526247,0,-0.108984,-0.137783,-0.200089,0.333681,0.60754,-0.481778,-0.108984,-0.137783,-0.18008,0.0152645
982,17.786,0.58249,0,-0.112076,-0.153643,-0.232753,0.401309,0.705026,-0.363156,-0.112076,-0.153643,-0.209477,0.0182603
983,17.8041,0.651311,0,-0.118082,-0.171719,-0.261151,0.473182,0.787397,-0.205274,-0.118082,-0.171719,-0.235036,0.0215861
984,17.8222,0.726086,0,-0.126101,-0.192092,-0.285848,0.544078,0.835654,-0.00980136,-0.126101,-0.192092,-0.257263,0.025232
985,17.8403,0.79781,0,-0.136428,-0.215434,-0.307318,0.605994,0.828705,0.210452,-0.136428,-0.215434,-0.276586,0.0293489
986,17.8584,0.855578,0,-0.149623,-0.242599,-0.325894,0.648969,0.751464,0.429177,-0.149623,-0.242599,-0.293305,0.0341328
987,17.8765,0.888394,0,-0.166043,-0.274041,-0.340829,0.663499,0.60508,0.611397,-0.166043,-0.274041,-0.306746,0.0396146
988,17.8947,0.888009,0,-0.185286,-0.309658,-0.349321,0.643996,0.411758,0.726562,-0.185286,-0.309658,-0.314389,0.0453071
989,17.9128,0.854641,0,-0.208519,-0.350301,-0.351124,0.591402,0.207546,0.762502,-0.208519,-0.350301,-0.316012,0.0512513
990,17.9309,0.793992,0,-0.235149,-0.39583,-0.344502,0.51308,0.0265597,0.729282,-0.235149,-0.39583,-0.310052,0.0567065
991,17.949,0.715747,0,-0.265359,-0.446492,-0.326655,0.419995,-0.111595,0.650593,-0.265359,-0.446492,-0.29399,0.0606767
992,17.9671,0.631148,0,-0.299661,-0.500804,-0.296824,0.323094,-0.203786,0.551115,-0.299661,-0.500804,-0.267141,0.0622625
993,17.9852,0.549101,0,-0.3375,-0.556964,-0.252718,0.230802,-0.257507,0.448633,-0.3375,-0.556964,-0.227446,0.0597047
994,18.0033,0.475602,0,-0.378469,-0.610531,-0.189997,0.148231,-0.283885,0.352664,-0.378469,-0.610531,-0.170997,0.0503354
995,18.0214,0.416301,0,-0.421546,-0.656094,-0.106375,0.0775777,-0.293262,0.266652,-0.421546,-0.656094,-0.0957371,0.0313893
996,18.0396,0.377399,0,-0.464568,-0.688282,-0.0033032,0.0189842,-0.293536,0.190715,-0.464568,-0.688282,-0.00297288,0.00107419
997,18.0577,0.361437,0,-0.503869,-0.697428,0.11201,-0.0286247,-0.290097,0.123635,-0.503869,-0.697428,0.100809,-0.039507
998,18.0758,0.363636,0,-0.534012,-0.676041,0.227221,-0.0669123,-0.28636,0.0639443,-0.534012,-0.676041,0.204499,-0.0849373
999,18.0939,0.376734,0,-0.551387,-0.622376,0.335535,-0.0977223,-0.284367,0.0103848,-0.551387,-0.622376,0.301982,-0.129507
1000,18.112,0.394155,0,-0.554521,-0.541296,0.424839,-0.122845,-0.28527,-0.0379573,-0.554521,-0.541296,0.382355,-0.164908
1001,18.1301,0.407074,0,-0.53932,-0.441082,0.482119,-0.1439,-0.289693,-0.0816649,-0.53932,-0.441082,0.433907,-0.182011
1002,18.1482,0.412305,0,-0.509423,-0.339632,0.501655,-0.162297,-0.297958,-0.121042,-0.509423,-0.339632,0.45149,-0.178888
1003,18.1663,0.408922,0,-0.46683,-0.247276,0.488018,-0.179232,-0.310243,-0.156167,-0.46683,-0.247276,0.439216,-0.159475
1004,18.1844,0.401116,0,-0.415927,-0.168332,0.452703,-0.19571,-0.326667,-0.186919,-0.415927,-0.168332,0.407433,-0.131804
1005,18.2026,0.389984,0,-0.361549,-0.108558,0.401049,-0.212574,-0.347333,-0.213,-0.361549,-0.108558,0.360944,-0.101499
1006,18.2207,0.378366,0,-0.307884,-0.0674356,0.340999,-0.230532,-0.372333,-0.233925,-0.307884,-0.0674356,0.306899,-0.0734916
1007,18.2388,0.367628,0,-0.258062,-0.0433003,0.27722,-0.250178,-0.40173,-0.249009,-0.258062,-0.0433003,0.249498,-0.050078
1008,18.2569,0.360805,0,-0.21469,-0.0305851,0.215202,-0.272002,-0.435493,-0.257352,-0.21469,-0.0305851,0.193681,-0.0323411
1009,18.275,0.358897,0,-0.177912,-0.0255142,0.156635,-0.296384,-0.473407,-0.257826,-0.177912,-0.0255142,0.140971,-0.019507
1010,18.2931,0.362406,0,-0.146435,-0.0250532,0.101117,-0.32357,-0.514943,-0.24909,-0.146435,-0.0250532,0.0910053,-0.0103649
1011,18.3112,0.370791,0,-0.121109,-0.0291248,0.0488091,-0.35362,-0.559084,-0.229651,-0.121109,-0.0291248,0.0439282,-0.00413783
1012,18.3293,0.383469,0,-0.102271,-0.0368274,-0.00149468,-0.386342,-0.604129,-0.198012,-0.102271,-0.0368274,-0.00134521,0.000107004
1013,18.3475,0.402068,0,-0.0876189,-0.0450876,-0.049012,-0.421187,-0.647505,-0.152945,-0.0876189,-0.0450876,-0.0441108,0.00300606
1014,18.3656,0.426558,0,-0.0767836,-0.05229,-0.093435,-0.457152,-0.685674,-0.0939189,-0.0767836,-0.05229,-0.0840915,0.005022
1015,18.3837,0.455519,0,-0.0690953,-0.0584461,-0.135675,-0.492687,-0.714239,-0.0216618,-0.0690953,-0.0584461,-0.122108,0.00656216
1016,18.4018,0.485628,0,-0.0651521,-0.0657697,-0.176091,-0.525682,-0.728409,0.0612387,-0.0651521,-0.0657697,-0.158482,0.00803089
1017,18.4199,0.514255,0,-0.0636719,-0.0751788,-0.214129,-0.553569,-0.72389,0.149944,-0.0636719,-0.0751788,-0.192716,0.00954382
1018,18.438,0.539312,0,-0.0637163,-0.0848884,-0.248856,-0.573609,-0.698108,0.237502,-0.0637163,-0.0848884,-0.223971,0.0110993
1019,18.4561,0.557792,0,-0.0652723,-0.0955223,-0.28089,-0.583352,-0.651384,0.315775,-0.0652723,-0.0955223,-0.252801,0.012834
1020,18.4742,0.567552,0,-0.068474,-0.107374,-0.310666,-0.581169,-0.587484,0.377072,-0.068474,-0.107374,-0.2796,0.0148908
1021,18.4924,0.567924,0,-0.0735967,-0.120683,-0.339333,-0.5667,-0.513085,0.41597,-0.0735967,-0.120683,-0.3054,0.0174817
1022,18.5105,0.558956,0,-0.0805215,-0.135517,-0.366239,-0.541016,-0.436216,0.430516,-0.0805215,-0.135517,-0.329615,0.0206431
1023,18.5286,0.541615,0,-0.0888731,-0.152494,-0.390621,-0.50642,-0.364314,0.422291,-0.0888731,-0.152494,-0.351559,0.024301
1024,18.5467,0.51781,0,-0.0992999,-0.171845,-0.412551,-0.465967,-0.302729,0.395414,-0.0992999,-0.171845,-0.371296,0.0286764
1025,18.5648,0.490086,0,-0.111796,-0.195586,-0.432546,-0.42288,-0.254149,0.355077,-0.111796,-0.195586,-0.389291,0.0338498
1026,18.5829,0.459945,0,-0.126217,-0.223204,-0.448839,-0.380055,-0.218906,0.306275,-0.126217,-0.223204,-0.403955,0.0396559
1027,18.601,0.428588,0,-0.143325,-0.255337,-0.460327,-0.339761,-0.195735,0.253063,-0.143325,-0.255337,-0.414294,0.0461836
1028,18.6191,0.396849,0,-0.163457,-0.292948,-0.465481,-0.303545,-0.182602,0.198346,-0.163457,-0.292948,-0.418933,0.0532603
1029,18.6372,0.365935,0,-0.187483,-0.337038,-0.463468,-0.27228,-0.177324,0.144007,-0.187483,-0.337038,-0.417121,0.0608246
1030,18.6554,0.337853,0,-0.216296,-0.389552,-0.45359,-0.246305,-0.17795,0.0911647,-0.216296,-0.389552,-0.408231,0.0686767
1031,18.6735,0.314587,0,-0.250232,-0.450223,-0.433732,-0.22558,-0.182931,0.0404423,-0.250232,-0.450223,-0.390359,0.0759735
1032,18.6916,0.298682,0,-0.289921,-0.518591,-0.400261,-0.209833,-0.191154,-0.00782831,-0.289921,-0.518591,-0.360235,0.0812307
1033,18.7097,0.291933,0,-0.334682,-0.590903,-0.346474,-0.198675,-0.201904,-0.053463,-0.334682,-0.590903,-0.311827,0.081171
1034,18.7278,0.29774,0,-0.384588,-0.66087,-0.268833,-0.191693,-0.214795,-0.0963357,-0.384588,-0.66087,-0.241949,0.072373
1035,18.7459,0.318648,0,-0.437292,-0.721522,-0.165103,-0.188502,-0.229705,-0.136324,-0.437292,-0.721522,-0.148593,0.0505387
1036,18.764,0.354973,0,-0.490237,-0.76489,-0.0367642,-0.188786,-0.246711,-0.173272,-0.490237,-0.76489,-0.0330878,0.0126162
1037,18.7821,0.401306,0,-0.538218,-0.777449,0.112329,-0.192315,-0.266038,-0.206966,-0.538218,-0.777449,0.101096,-0.0423202
1038,18.8003,0.450265,0,-0.577175,-0.748718,0.265799,-0.19895,-0.288018,-0.237109,-0.577175,-0.748718,0.239219,-0.107389
1039,18.8184,0.492755,0,-0.597733,-0.672422,0.405954,-0.208646,-0.313053,-0.263289,-0.597733,-0.672422,0.365358,-0.169857
1040,18.8365,0.527544,0,-0.599393,-0.560434,0.517646,-0.221443,-0.341578,-0.284951,-0.599393,-0.560434,0.465882,-0.217192
1041,18.8546,0.54633,0,-0.576035,-0.422332,0.580949,-0.237451,-0.374017,-0.301353,-0.576035,-0.422332,0.522854,-0.234253
1042,18.8727,0.549848,0,-0.533063,-0.288067,0.591606,-0.256832,-0.41072,-0.311528,-0.533063,-0.288067,0.532445,-0.220754
1043,18.8908,0.540752,0,-0.474221,-0.172701,0.558394,-0.27977,-0.451871,-0.314241,-0.474221,-0.172701,0.502555,-0.185362
1044,18.9089,0.528285,0,-0.407244,-0.0819448,0.50106,-0.306419,-0.497354,-0.307967,-0.407244,-0.0819448,0.450954,-0.142837
1045,18.927,0.516512,0,-0.338612,-0.0194333,0.431926,-0.336845,-0.546562,-0.290906,-0.338612,-0.0194333,0.388733,-0.102379
1046,18.9452,0.507677,0,-0.273491,0.0202765,0.356379,-0.370927,-0.598156,-0.26108,-0.273491,0.0202765,0.320742,-0.0682266
1047,18.9633,0.503472,0,-0.21482,0.0391335,0.281861,-0.40823,-0.649789,-0.216568,-0.21482,0.0391335,0.253675,-0.0423846
1048,18.9814,0.508168,0,-0.164567,0.0496295,0.212434,-0.447863,-0.697866,-0.155937,-0.164567,0.0496295,0.19119,-0.0244717
1049,18.9995,0.52105,0,-0.121115,0.0545153,0.149986,-0.488316,-0.737474,-0.0789132,-0.121115,0.0545153,0.134988,-0.0127159
1050,19.0176,0.537736,0,-0.0855753,0.0533963,0.0921327,-0.527362,-0.762697,0.0127792,-0.0855753,0.0533963,0.0829194,-0.005519
1051,19.0357,0.555875,0,-0.0582929,0.0492427,0.0365043,-0.562075,-0.767514,0.114628,-0.0582929,0.0492427,0.0328539,-0.00148956
1052,19.0538,0.573237,0,-0.036644,0.0437195,-0.0152076,-0.589075,-0.74732,0.219053,-0.036644,0.0437195,-0.0136868,0.000390087
1053,19.0719,0.587993,0,-0.019126,0.0407419,-0.0634964,-0.605038,-0.700738,0.31614,-0.019126,0.0407419,-0.0571468,0.000850103
1054,19.09,0.596472,0,-0.00476628,0.0396777,-0.108905,-0.607403,-0.630899,0.395569,-0.00476628,0.0396777,-0.0980148,0.000363351
1055,19.1082,0.596225,0,0.00747343,0.0414221,-0.150026,-0.595068,-0.54534,0.449229,0.00747343,0.0414221,-0.135024,-0.000784847
1056,19.1263,0.585393,0,0.0167237,0.0435161,-0.188084,-0.56878,-0.454212,0.47336,0.0167237,0.0435161,-0.169275,-0.00220182
1057,19.1444,0.56646,0,0.0248523,0.046884,-0.225055,-0.53102,-0.367533,0.469132,0.0248523,0.046884,-0.202549,-0.00391519
1058,19.1625,0.54232,0,0.0333816,0.0548515,-0.260138,-0.485423,-0.292791,0.441517,0.0333816,0.0548515,-0.234125,-0.00607868
1059,19.1806,0.514207,0,0.0416962,0.0650264,-0.292487,-0.435993,-0.233868,0.397223,0.0416962,0.0650264,-0.263238,-0.00853693
1060,19.1987,0.484739,0,0.0505857,0.0773947,-0.321868,-0.386387,-0.191327,0.342782,0.0505857,0.0773947,-0.289681,-0.0113973
1061,19.2168,0.455799,0,0.0596004,0.0916761,-0.348159,-0.339475,-0.163487,0.283417,0.0596004,0.0916761,-0.313343,-0.0145253
1062,19.2349,0.42914,0,0.0693407,0.109289,-0.370686,-0.297184,-0.147607,0.222734,0.0693407,0.109289,-0.333617,-0.0179925
1063,19.2531,0.406837,0,0.0816024,0.13048,-0.390145,-0.26057,-0.140775,0.162927,0.0816024,0.13048,-0.35113,-0.0222857
1064,19.2712,0.38986,0,0.0960363,0.155761,-0.406637,-0.229997,-0.140425,0.105172,0.0960363,0.155761,-0.365973,-0.0273364
1065,19.2893,0.378855,0,0.113226,0.186461,-0.418537,-0.205347,-0.144546,0.0500131,0.113226,0.186461,-0.376683,-0.0331724
1066,19.3074,0.374494,0,0.132819,0.222996,-0.424915,-0.186214,-0.1517,-0.00235196,0.132819,0.222996,-0.382424,-0.0395058
1067,19.3255,0.378008,0,0.155622,0.265467,-0.425331,-0.172054,-0.16096,-0.0518904,0.155622,0.265467,-0.382798,-0.0463337
1068,19.3436,0.391422,0,0.183788,0.315413,-0.418752,-0.162293,-0.171806,-0.0986279,0.183788,0.315413,-0.376877,-0.0538732
1069,19.3617,0.414771,0,0.216354,0.372626,-0.402001,-0.156398,-0.184031,-0.142592,0.216354,0.372626,-0.361801,-0.0608822
1070,19.3798,0.447421,0,0.253285,0.434074,-0.372613,-0.153917,-0.197661,-0.183786,0.253285,0.434074,-0.335352,-0.0660641
1071,19.398,0.490141,0,0.295837,0.498922,-0.328161,-0.154502,-0.212888,-0.222167,0.295837,0.498922,-0.295345,-0.0679576
1072,19.4161,0.542138,0,0.343171,0.564085,-0.262486,-0.157915,-0.230036,-0.257638,0.343171,0.564085,-0.236237,-0.0630541
1073,19.4342,0.601438,0,0.392272,0.62338,-0.172771,-0.16403,-0.249524,-0.290024,0.392272,0.62338,-0.155494,-0.0474414
1074,19.4523,0.666063,0,0.44196,0.669099,-0.0591013,-0.172827,-0.271847,-0.319057,0.44196,0.669099,-0.0531911,-0.0182843
1075,19.4704,0.730455,0,0.488597,0.688714,0.0740496,-0.184384,-0.297561,-0.34434,0.488597,0.688714,0.0666446,0.0253263
1076,19.4885,0.790847,0,0.528203,0.675383,0.219819,-0.198872,-0.327263,-0.36531,0.528203,0.675383,0.197837,0.0812764
1077,19.5066,0.838681,0,0.554335,0.621179,0.360529,-0.216539,-0.361556,-0.381188,0.554335,0.621179,0.324476,0.139897
1078,19.5247,0.864498,0,0.561229,0.525595,0.472348,-0.237694,-0.400999,-0.390912,0.561229,0.525595,0.425113,0.185567
1079,19.5428,0.867906,0,0.545555,0.40118,0.549694,-0.262681,-0.446008,-0.393074,0.545555,0.40118,0.494725,0.209922
1080,19.561,0.849345,0,0.51134,0.27365,0.576234,-0.291832,-0.496711,-0.385858,0.51134,0.27365,0.518611,0.206256
1081,19.5791,0.812592,0,0.4607,0.157485,0.559588,-0.325397,-0.552713,-0.367012,0.4607,0.157485,0.503629,0.180462
1082,19.5972,0.76472,0,0.398749,0.0600291,0.515089,-0.363436,-0.612774,-0.33391,0.398749,0.0600291,0.46358,0.143774
1083,19.6153,0.712405,0,0.332579,-0.0140779,0.452123,-0.405663,-0.674394,-0.283775,0.332579,-0.0140779,0.40691,0.105256
1084,19.6334,0.663613,0,0.268047,-0.0621738,0.380162,-0.451237,-0.733389,-0.214185,0.268047,-0.0621738,0.342146,0.071331
1085,19.6515,0.624214,0,0.208577,-0.0882215,0.306553,-0.498531,-0.783623,-0.123962,0.208577,-0.0882215,0.275898,0.044758
1086,19.6696,0.597982,0,0.158021,-0.0995953,0.237771,-0.544927,-0.817236,-0.0144246,0.158021,-0.0995953,0.213994,0.0263009
1087,19.6877,0.582362,0,0.11484,-0.10373,0.171407,-0.586778,-0.825748,0.109285,0.11484,-0.10373,0.154267,0.013779
1088,19.7059,0.574257,0,0.0773194,-0.103986,0.11121,-0.619665,-0.802257,0.237479,0.0773194,-0.103986,0.100089,0.00601907
1089,19.724,0.570126,0,0.0469228,-0.101874,0.053771,-0.639095,-0.744297,0.356761,0.0469228,-0.101874,0.0483939,0.00176616
1090,19.7421,0.565091,0,0.02379,-0.098809,0.000335065,-0.641543,-0.656037,0.452898,0.02379,-0.098809,0.000301558,5.57982e-06
1091,19.7602,0.553748,0,0.00554617,-0.096452,-0.0485903,-0.625517,-0.548207,0.514958,0.00554617,-0.096452,-0.0437313,-0.000188643
1092,19.7783,0.533982,0,-0.00896515,-0.0939577,-0.0929413,-0.592143,-0.435176,0.538633,-0.00896515,-0.0939577,-0.0836471,0.000583262
1093,19.7964,0.506432,0,-0.0208147,-0.093144,-0.135216,-0.544937,-0.330534,0.526873,-0.0208147,-0.093144,-0.121694,0.00197014
1094,19.8145,0.473723,0,-0.0303008,-0.0941612,-0.176116,-0.488876,-0.243554,0.487684,-0.0303008,-0.0941612,-0.158505,0.00373552
1095,19.8326,0.436936,0,-0.0393891,-0.0974723,-0.21294,-0.429199,-0.178021,0.430722,-0.0393891,-0.0974723,-0.191646,0.00587125
1096,19.8508,0.399625,0,-0.0477602,-0.103046,-0.247069,-0.370436,-0.133213,0.364544,-0.0477602,-0.103046,-0.222362,0.00826003
1097,19.8689,0.365587,0,-0.0544724,-0.108674,-0.281393,-0.315892,-0.105795,0.295332,-0.0544724,-0.108674,-0.253254,0.0107297
1098,19.887,0.334731,0,-0.061435,-0.117028,-0.31444,-0.267562,-0.0915587,0.226852,-0.061435,-0.117028,-0.282996,0.0135223
1099,19.9051,0.30658,0,-0.0693517,-0.127901,-0.344558,-0.22633,-0.0865244,0.161031,-0.0693517,-0.127901,-0.310102,0.016727
1100,19.9232,0.280823,0,-0.0785856,-0.143188,-0.371005,-0.192261,-0.0874547,0.0986302,-0.0785856,-0.143188,-0.333904,0.0204089
1101,19.9413,0.257979,0,-0.0888219,-0.161299,-0.395028,-0.164901,-0.0919647,0.0397871,-0.0888219,-0.161299,-0.355525,0.024561
1102,19.9594,0.237969,1,-0.100196,-0.181617,-0.417005,-0.143521,-0.0984369,-0.015643,-0.100196,-0.181617,-0.375304,0.0292474
1103,19.9775,0.219768,1,-0.113011,-0.204648,-0.435226,-0.127292,-0.105865,-0.0678959,-0.113011,-0.204648,-0.391704,0.0344296
1104,19.9956,0.204685,1,-0.128009,-0.232704,-0.450923,-0.115393,-0.113695,-0.11721,-0.128009,-0.232704,-0.405831,0.0404055
1105,20.0138,0.192849,1,-0.146277,-0.266735,-0.462117,-0.107088,-0.121689,-0.163791,-0.146277,-0.266735,-0.415906,0.0473179
1106,20.0319,0.185837,1,-0.168137,-0.307346,-0.467974,-0.10175,-0.129827,-0.207809,-0.168137,-0.307346,-0.421176,0.0550787
1107,20.05,0.185008,1,-0.194596,-0.354315,-0.465795,-0.0988772,-0.138229,-0.249395,-0.194596,-0.354315,-0.419216,0.0634492
1108,20.0681,0.192523,1,-0.225007,-0.407198,-0.454307,-0.0980888,-0.14711,-0.288652,-0.225007,-0.407198,-0.408876,0.0715556
1109,20.0862,0.211344,1,-0.260162,-0.468005,-0.431412,-0.0991197,-0.156752,-0.325649,-0.260162,-0.468005,-0.388271,0.0785658
1110,20.1043,0.24291,1,-0.301213,-0.5366,-0.39222,-0.101809,-0.167488,-0.36043,-0.301213,-0.5366,-0.352998,0.0826992
1111,20.1224,0.28639,0,-0.347556,-0.608578,-0.331214,-0.106088,-0.179703,-0.392999,-0.347556,-0.608578,-0.298092,0.0805807
1112,20.1405,0.340814,0,-0.398615,-0.678791,-0.246927,-0.111979,-0.19383,-0.423322,-0.398615,-0.678791,-0.222234,0.0689
1113,20.1587,0.403817,0,-0.452504,-0.739338,-0.137369,-0.11958,-0.210368,-0.451304,-0.452504,-0.739338,-0.123632,0.0435121
1114,20.1768,0.46975,0,-0.505099,-0.775543,-0.00469926,-0.12907,-0.229885,-0.476773,-0.505099,-0.775543,-0.00422933,0.00166151
1115,20.1949,0.537221,0,-0.552176,-0.779278,0.148301,-0.140708,-0.253035,-0.499449,-0.552176,-0.779278,0.133471,-0.0573219
1116,20.213,0.596642,0,-0.587442,-0.738815,0.300123,-0.154831,-0.280562,-0.5189,-0.587442,-0.738815,0.27011,-0.123413
1117,20.2311,0.644041,0,-0.605143,-0.655534,0.434797,-0.171858,-0.313303,-0.534486,-0.605143,-0.655534,0.391317,-0.18418
1118,20.2492,0.674596,0,-0.600077,-0.533976,0.534493,-0.192293,-0.352165,-0.545274,-0.600077,-0.533976,0.481044,-0.224516
1119,20.2673,0.687943,0,-0.571011,-0.393794,0.587716,-0.216715,-0.398077,-0.549935,-0.571011,-0.393794,0.528945,-0.234915
1120,20.2854,0.685162,0,-0.523752,-0.262044,0.591379,-0.24576,-0.451878,-0.546613,-0.523752,-0.262044,0.532241,-0.216815
1121,20.3036,0.670313,0,-0.462622,-0.152011,0.55512,-0.280078,-0.514116,-0.532776,-0.462622,-0.152011,0.499608,-0.179767
1122,20.3217,0.651482,0,-0.394517,-0.0662463,0.494395,-0.320247,-0.584697,-0.505094,-0.394517,-0.0662463,0.444956,-0.136533
1123,20.3398,0.634583,0,-0.326154,-0.00790653,0.422718,-0.366622,-0.662337,-0.459421,-0.326154,-0.00790653,0.380446,-0.0965098
1124,20.3579,0.622742,0,-0.261646,0.0285596,0.345243,-0.419091,-0.74379,-0.391038,-0.261646,0.0285596,0.310719,-0.063232
1125,20.376,0.618193,0,-0.203615,0.0448634,0.269238,-0.476715,-0.822929,-0.29542,-0.203615,0.0448634,0.242314,-0.0383746
1126,20.3941,0.625259,0,-0.154005,0.052922,0.200059,-0.537285,-0.890016,-0.169821,-0.154005,0.052922,0.180054,-0.0215671
1127,20.4122,0.640821,0,-0.112532,0.0549645,0.137465,-0.59689,-0.931884,-0.0157708,-0.112532,0.0549645,0.123718,-0.0108284
1128,20.4303,0.659306,0,-0.0794824,0.0521916,0.0799075,-0.64977,-0.934072,0.15807,-0.0794824,0.0521916,0.0719167,-0.00444587
1129,20.4484,0.675621,0,-0.0537043,0.0472168,0.0245209,-0.688816,-0.885509,0.334439,-0.0537043,0.0472168,0.0220688,-0.000921815
1130,20.4666,0.684007,0,-0.0326419,0.0417175,-0.0260227,-0.707004,-0.784584,0.489785,-0.0326419,0.0417175,-0.0234205,0.000594603
1131,20.4847,0.680125,0,-0.0163205,0.0391891,-0.0737624,-0.699514,-0.642911,0.601291,-0.0163205,0.0391891,-0.0663862,0.000842685
1132,20.5028,0.661223,0,-0.0025342,0.0392126,-0.118574,-0.665609,-0.482942,0.655593,-0.0025342,0.0392126,-0.106717,0.000210343
1133,20.5209,0.627265,0,0.00878717,0.0411026,-0.159603,-0.609136,-0.329665,0.653469,0.00878717,0.0411026,-0.143642,-0.000981718
1134,20.539,0.581834,0,0.0175215,0.0434248,-0.197463,-0.537281,-0.201676,0.607343,0.0175215,0.0434248,-0.177717,-0.00242191
1135,20.5571,0.532336,0,0.0256335,0.0479363,-0.235125,-0.458327,-0.107018,0.534236,0.0256335,0.0479363,-0.211613,-0.00421896
1136,20.5752,0.482713,0,0.0339863,0.0561467,-0.27029,-0.379609,-0.0446026,0.44931,0.0339863,0.0561467,-0.243261,-0.00643031
1137,20.5933,0.43577,0,0.0424685,0.0664033,-0.302262,-0.306399,-0.00826776,0.362872,0.0424685,0.0664033,-0.272036,-0.00898565
1138,20.6115,0.393757,0,0.0511902,0.078596,-0.331587,-0.241721,0.00952662,0.280431,0.0511902,0.078596,-0.298428,-0.0118818
1139,20.6296,0.357068,0,0.060114,0.0930448,-0.357616,-0.186735,0.0155467,0.204125,0.060114,0.0930448,-0.321854,-0.0150484
1140,20.6477,0.325597,0,0.0702218,0.110936,-0.379677,-0.141307,0.0150014,0.134222,0.0702218,0.110936,-0.341709,-0.0186631
1141,20.6658,0.299611,0,0.0826458,0.132737,-0.398414,-0.10453,0.0115349,0.0701756,0.0826458,0.132737,-0.358573,-0.0230491
1142,20.6839,0.278954,0,0.0975737,0.159084,-0.413802,-0.0751279,0.00752508,0.0112263,0.0975737,0.159084,-0.372422,-0.0282634
1143,20.702,0.263127,0,0.114959,0.190563,-0.424492,-0.0517129,0.00443491,-0.0433306,0.114959,0.190563,-0.382043,-0.0341593
1144,20.7201,0.252698,0,0.13494,0.227851,-0.430028,-0.0329459,0.00311752,-0.0940536,0.13494,0.227851,-0.387025,-0.0406194
1145,20.7382,0.248656,1,0.158552,0.271457,-0.429355,-0.0176142,0.0040492,-0.141348,0.158552,0.271457,-0.38642,-0.0476525
1146,20.7564,0.252849,0,0.187411,0.322326,-0.421686,-0.00466015,0.00749695,-0.185489,0.187411,0.322326,-0.379517,-0.05532
1147,20.7745,0.265757,0,0.220664,0.38086,-0.40355,0.00682034,0.0136339,-0.226645,0.220664,0.38086,-0.363195,-0.0623343
1148,20.7926,0.286665,0,0.25849,0.443291,-0.372289,0.0175963,0.0226165,-0.264893,0.25849,0.443291,-0.33506,-0.0673632
1149,20.8107,0.316777,0,0.302211,0.509421,-0.324931,0.0283282,0.0346347,-0.300229,0.302211,0.509421,-0.292438,-0.0687384
1150,20.8288,0.355056,0,0.350309,0.575068,-0.255768,0.0395972,0.0499434,-0.33256,0.350309,0.575068,-0.230191,-0.0627184
1151,20.8469,0.399993,0,0.399929,0.633558,-0.161641,0.0519324,0.0688799,-0.361693,0.399929,0.633558,-0.145477,-0.0452516
1152,20.865,0.450028,0,0.44976,0.676862,-0.0438439,0.0658369,0.0918709,-0.387305,0.44976,0.676862,-0.0394595,-0.0138035
1153,20.8831,0.501,0,0.496136,0.692975,0.0934674,0.0818078,0.119428,-0.408907,0.496136,0.692975,0.0841207,0.0324608
1154,20.9012,0.549663,0,0.534765,0.674301,0.241299,0.100352,0.152127,-0.425789,0.534765,0.674301,0.217169,0.0903269
1155,20.9194,0.588268,0,0.558505,0.613072,0.38104,0.12199,0.190565,-0.436957,0.558505,0.613072,0.342936,0.148969
1156,20.9375,0.609328,0,0.562325,0.510833,0.489345,0.147254,0.235278,-0.441045,0.562325,0.510833,0.440411,0.19262
1157,20.9556,0.616378,0,0.543657,0.382922,0.561666,0.176661,0.286603,-0.436233,0.543657,0.382922,0.505499,0.213748
1158,20.9737,0.605018,0,0.506434,0.25502,0.581154,0.210657,0.344447,-0.420175,0.506434,0.25502,0.523038,0.206021
1159,20.9918,0.581065,0,0.453151,0.139778,0.558441,0.249528,0.407957,-0.389994,0.453151,0.139778,0.502597,0.177141
1160,21.0099,0.554192,0,0.389463,0.0449546,0.510312,0.293243,0.47504,-0.342421,0.389463,0.0449546,0.45928,0.139123
1161,21.028,0.528632,0,0.322654,-0.0255697,0.444163,0.341241,0.541819,-0.274224,0.322654,-0.0255697,0.399747,0.100318
1162,21.0461,0.509099,0,0.258246,-0.0702952,0.371424,0.392149,0.602131,-0.183064,0.258246,-0.0702952,0.334282,0.0671432
1163,21.0643,0.498122,0,0.199059,-0.0943514,0.297676,0.4435,0.647442,-0.0688857,0.199059,-0.0943514,0.267909,0.0414786
1164,21.0824,0.496614,0,0.149511,-0.104147,0.229131,0.491562,0.667684,0.0643414,0.149511,-0.104147,0.206217,0.0239803
1165,21.1005,0.50365,0,0.106966,-0.107333,0.163108,0.531473,0.653481,0.207226,0.106966,-0.107333,0.146797,0.0122129
1166,21.1186,0.515235,0,0.0698761,-0.107389,0.103537,0.55789,0.599635,0.345114,0.0698761,-0.107389,0.0931836,0.00506435
1167,21.1367,0.523997,0,0.0408938,-0.104735,0.0464428,0.566163,0.508498,0.460876,0.0408938,-0.104735,0.0417985,0.00132946
1168,21.1548,0.52546,0,0.0181628,-0.101771,-0.00660168,0.553727,0.390977,0.539927,0.0181628,-0.101771,-0.00594151,-8.39336e-05
1169,21.1729,0.516341,0,0.000469588,-0.0995426,-0.0548397,0.521067,0.263738,0.575104,0.000469588,-0.0995426,-0.0493557,-1.80265e-05
1170,21.191,0.496437,0,-0.0139115,-0.0977348,-0.0988186,0.47171,0.143708,0.568433,-0.0139115,-0.0977348,-0.0889368,0.0009623
1171,21.2092,0.468873,0,-0.0255829,-0.0975594,-0.141127,0.411225,0.0430523,0.528912,-0.0255829,-0.0975594,-0.127015,0.00252731
1172,21.2273,0.436427,0,-0.0351613,-0.0992739,-0.181361,0.345739,-0.032894,0.468187,-0.0351613,-0.0992739,-0.163225,0.00446383
1173,21.2454,0.401414,0,-0.044635,-0.103773,-0.217406,0.280663,-0.0846465,0.396774,-0.044635,-0.103773,-0.195665,0.00679274
1174,21.2635,0.366773,0,-0.0531757,-0.109998,-0.251296,0.219969,-0.11616,0.322221,-0.0531757,-0.109998,-0.226167,0.009354
1175,21.2816,0.335078,0,-0.0601565,-0.116766,-0.285233,0.166059,-0.13255,0.249003,-0.0601565,-0.116766,-0.25671,0.012011
1176,21.2997,0.306748,0,-0.067765,-0.126304,-0.3176,0.119981,-0.138641,0.179272,-0.067765,-0.126304,-0.28584,0.0150655
1177,21.3178,0.281078,0,-0.0764278,-0.138923,-0.346659,0.0818021,-0.13833,0.113751,-0.0764278,-0.138923,-0.311993,0.0185461
1178,21.3359,0.257917,0,-0.0865555,-0.156085,-0.37205,0.0509692,-0.134461,0.05243,-0.0865555,-0.156085,-0.334845,0.0225421
1179,21.354,0.238098,1,-0.0977536,-0.176023,-0.395373,0.0266033,-0.128953,-0.00499879,-0.0977536,-0.176023,-0.355836,0.0270544
1180,21.3722,0.221348,1,-0.110198,-0.198209,-0.415886,0.00770701,-0.123012,-0.0589145,-0.110198,-0.198209,-0.374298,0.0320808
1181,21.3903,0.207757,1,-0.124445,-0.223929,-0.432565,-0.00670347,-0.117326,-0.109669,-0.124445,-0.223929,-0.389308,0.0376814
1182,21.4084,0.1992,1,-0.14134,-0.255425,-0.44602,-0.017524,-0.112239,-0.157559,-0.14134,-0.255425,-0.401418,0.0441283
1183,21.4265,0.197052,1,-0.161864,-0.29334,-0.454822,-0.0255278,-0.107873,-0.202823,-0.161864,-0.29334,-0.40934,0.0515337
1184,21.4446,0.202739,1,-0.186474,-0.338101,-0.45672,-0.031357,-0.104219,-0.245656,-0.186474,-0.338101,-0.411048,0.0596165
1185,21.4627,0.217127,1,-0.215448,-0.388469,-0.449123,-0.0355282,-0.1012,-0.28622,-0.215448,-0.388469,-0.404211,0.067734
1186,21.4808,0.242115,1,-0.248485,-0.445632,-0.431345,-0.0384468,-0.0987023,-0.324652,-0.248485,-0.445632,-0.388211,0.0750281
1187,21.4989,0.278814,0,-0.28677,-0.510257,-0.398744,-0.0404231,-0.096607,-0.361075,-0.28677,-0.510257,-0.35887,0.0800435
1188,21.5171,0.327152,0,-0.330602,-0.579762,-0.346373,-0.0416898,-0.0947966,-0.395599,-0.330602,-0.579762,-0.311736,0.080158
1189,21.5352,0.386192,0,-0.37931,-0.649318,-0.271397,-0.0424168,-0.0931619,-0.428325,-0.37931,-0.649318,-0.244258,0.0720606
1190,21.5533,0.454343,0,-0.43135,-0.712965,-0.172708,-0.0427244,-0.0916037,-0.459347,-0.43135,-0.712965,-0.155437,0.0521484
1191,21.5714,0.526673,0,-0.484027,-0.757957,-0.0514311,-0.0426937,-0.0900303,-0.488755,-0.484027,-0.757957,-0.046288,0.0174259
1192,21.5895,0.59976,0,-0.532411,-0.77329,0.0915346,-0.0423751,-0.0883552,-0.51663,-0.532411,-0.77329,0.0823812,-0.0341138
1193,21.6076,0.668179,0,-0.571889,-0.750748,0.24254,-0.0417944,-0.0864929,-0.543051,-0.571889,-0.750748,0.218286,-0.0970942
1194,21.6257,0.72345,0,-0.596079,-0.684495,0.381547,-0.040957,-0.0843548,-0.56809,-0.596079,-0.684495,0.343392,-0.159203
1195,21.6438,0.761371,0,-0.59998,-0.579301,0.493473,-0.0398505,-0.0818445,-0.591814,-0.59998,-0.579301,0.444126,-0.207252
1196,21.662,0.77818,0,-0.579796,-0.446087,0.564176,-0.0384463,-0.0788526,-0.614286,-0.579796,-0.446087,0.507758,-0.228975
1197,21.6801,0.775321,0,-0.539904,-0.312685,0.586639,-0.0366992,-0.0752511,-0.635563,-0.539904,-0.312685,0.527975,-0.22171
1198,21.6982,0.754208,0,-0.484843,-0.196948,0.564074,-0.0345472,-0.0708873,-0.655693,-0.484843,-0.196948,0.507666,-0.191441
1199,21.7163,0.721805,0,-0.420266,-0.102544,0.513062,-0.0319085,-0.0655755,-0.674716,-0.420266,-0.102544,0.461756,-0.150936
1200,21.7344,0.683362,0,-0.352523,-0.0354455,0.445546,-0.0286791,-0.0590891,-0.692662,-0.352523,-0.0354455,0.400992,-0.109946
1201,21.7525,0.643216,0,-0.287672,0.0089016,0.371396,-0.0247278,-0.0511487,-0.709545,-0.287672,0.0089016,0.334257,-0.0747883
1202,21.7706,0.60294,0,-0.228332,0.0316271,0.295342,-0.0198907,-0.0414099,-0.725359,-0.228332,0.0316271,0.265808,-0.0472052
1203,21.7887,0.566156,0,-0.176064,0.0425653,0.224371,-0.013964,-0.0294474,-0.740064,-0.176064,0.0425653,0.201934,-0.0276525
1204,21.8068,0.533269,0,-0.132587,0.0465736,0.159393,-0.00669461,-0.0147361,-0.75358,-0.132587,0.0465736,0.143454,-0.0147934
1205,21.825,0.504192,0,-0.0968755,0.0453015,0.100873,0.00223097,0.00337068,-0.765757,-0.0968755,0.0453015,0.0907858,-0.00684049
1206,21.8431,0.476675,0,-0.0688866,0.0410441,0.0450408,0.0131998,0.0256658,-0.776349,-0.0688866,0.0410441,0.0405367,-0.0021719
1207,21.8612,0.451041,0,-0.0466795,0.0347033,-0.0074066,0.0266884,0.053114,-0.784962,-0.0466795,0.0347033,-0.00666594,0.000242016
1208,21.8793,0.42747,0,-0.0290879,0.0306369,-0.0562729,0.0432795,0.0868749,-0.790979,-0.0290879,0.0306369,-0.0506456,0.0011458
1209,21.8974,0.405701,0,-0.0150064,0.0289788,-0.10228,0.0636799,0.128314,-0.793454,-0.0150064,0.0289788,-0.092052,0.0010744
1210,21.9155,0.386461,0,-0.0031821,0.0294508,-0.145001,0.0887339,0.178984,-0.790949,-0.0031821,0.0294508,-0.130501,0.000322987
1211,21.9336,0.371019,0,0.00600099,0.0306754,-0.184612,0.119426,0.240546,-0.781315,0.00600099,0.0306754,-0.166151,-0.000775498
1212,21.9517,0.360912,0,0.0134146,0.0326178,-0.22222,0.15686,0.314565,-0.761387,0.0134146,0.0326178,-0.199998,-0.00208669
1213,21.9699,0.358022,0,0.0207482,0.0375765,-0.25893,0.202182,0.402094,-0.726634,0.0207482,0.0375765,-0.233037,-0.00376063
1214,21.988,0.367177,0,0.0279915,0.0451137,-0.293027,0.256416,0.502876,-0.670829,0.0279915,0.0451137,-0.263724,-0.00574159
1215,22.0061,0.392621,0,0.0354563,0.0546343,-0.324251,0.32013,0.614017,-0.585987,0.0354563,0.0546343,-0.291826,-0.00804773
1216,22.0242,0.436828,0,0.0433522,0.0660389,-0.353303,0.392871,0.728036,-0.463088,0.0433522,0.0660389,-0.317973,-0.0107215
1217,22.0423,0.499362,0,0.0515749,0.0797107,-0.379092,0.472301,0.830648,-0.294417,0.0515749,0.0797107,-0.341183,-0.0136861
1218,22.0604,0.575056,0,0.0608822,0.0961828,-0.40107,0.553172,0.899666,-0.0783762,0.0608822,0.0961828,-0.360963,-0.0170926
1219,22.0785,0.654775,0,0.0719773,0.116643,-0.420188,0.626602,0.90782,0.173632,0.0719773,0.116643,-0.378169,-0.0211708
1220,22.0966,0.726573,0,0.0858538,0.141417,-0.435499,0.680596,0.832348,0.432038,0.0858538,0.141417,-0.39195,-0.0261725
1221,22.1148,0.778852,0,0.101942,0.170988,-0.447153,0.702796,0.669648,0.652912,0.101942,0.170988,-0.402438,-0.0319087
1222,22.1329,0.803681,0,0.120456,0.205343,-0.454871,0.685078,0.444736,0.79477,0.120456,0.205343,-0.409384,-0.0383542
1223,22.151,0.799817,0,0.142627,0.246173,-0.457558,0.627549,0.203602,0.839422,0.142627,0.246173,-0.411802,-0.045682
1224,22.1691,0.774593,0,0.169564,0.294582,-0.454249,0.538873,-0.00886838,0.799351,0.169564,0.294582,-0.408824,-0.0539171
1225,22.1872,0.739338,0,0.201094,0.350725,-0.44197,0.432599,-0.167513,0.705939,0.201094,0.350725,-0.397773,-0.0622143
1226,22.2053,0.705847,0,0.237187,0.415002,-0.418094,0.322213,-0.2696,0.591237,0.237187,0.415002,-0.376285,-0.0694165
1227,22.2234,0.680959,0,0.278823,0.483519,-0.37846,0.217819,-0.326021,0.477132,0.278823,0.483519,-0.340614,-0.0738664
1228,22.2415,0.668571,0,0.32707,0.555011,-0.317592,0.125239,-0.351424,0.374219,0.32707,0.555011,-0.285833,-0.0727123
1229,22.2596,0.668594,0,0.378458,0.62282,-0.232136,0.0467119,-0.358583,0.285402,0.378458,0.62282,-0.208922,-0.0614975
1230,22.2778,0.678766,0,0.431316,0.678849,-0.118816,-0.0179194,-0.35671,0.209781,0.431316,0.678849,-0.106934,-0.035873
1231,22.2959,0.696057,0,0.482776,0.712081,0.018619,-0.070137,-0.351756,0.145204,0.482776,0.712081,0.0167571,0.00629217
1232,22.314,0.716142,0,0.528514,0.711625,0.173388,-0.111996,-0.347285,0.0895229,0.528514,0.711625,0.156049,0.0641465
1233,22.3321,0.733842,0,0.563417,0.669365,0.329557,-0.145667,-0.345295,0.0410488,0.563417,0.669365,0.296602,0.129975
1234,22.3502,0.738433,0,0.577436,0.578503,0.463579,-0.173193,-0.346822,-0.00137193,0.577436,0.578503,0.417222,0.187381
1235,22.3683,0.726989,0,0.568004,0.449458,0.560234,-0.196375,-0.352333,-0.0384268,0.568004,0.449458,0.504211,0.222751
1236,22.3864,0.700603,0,0.536596,0.308566,0.604389,-0.216741,-0.361977,-0.0704354,0.536596,0.308566,0.54395,0.227019
1237,22.4045,0.660721,0,0.486657,0.176989,0.597249,-0.235549,-0.375725,-0.0974335,0.486657,0.176989,0.537524,0.203459
1238,22.4227,0.610872,0,0.422488,0.0654873,0.552697,-0.253814,-0.393446,-0.119232,0.422488,0.0654873,0.497427,0.163455
1239,22.4408,0.558599,0,0.351804,-0.0195702,0.489234,-0.272337,-0.414925,-0.135458,0.351804,-0.0195702,0.440311,0.12048
1240,22.4589,0.507242,0,0.281377,-0.0771097,0.412862,-0.291724,-0.439851,-0.145579,0.281377,-0.0771097,0.371576,0.0813189
1241,22.477,0.462794,0,0.216456,-0.10782,0.334048,-0.312404,-0.467773,-0.148937,0.216456,-0.10782,0.300644,0.0506147
1242,22.4951,0.428775,0,0.160465,-0.122048,0.261501,-0.334627,-0.498025,-0.144785,0.160465,-0.122048,0.235351,0.0293732
1243,22.5132,0.403736,0,0.112634,-0.127545,0.192289,-0.358452,-0.529652,-0.132359,0.112634,-0.127545,0.17306,0.0151608
1244,22.5313,0.388494,0,0.0715243,-0.127732,0.128886,-0.383718,-0.561321,-0.110986,0.0715243,-0.127732,0.115998,0.00645294
1245,22.5494,0.383214,0,0.0380779,-0.125511,0.0709169,-0.410013,-0.59126,-0.0802531,0.0380779,-0.125511,0.0638252,0.00189026
1246,22.5676,0.386459,0,0.0114801,-0.123218,0.0160038,-0.436636,-0.617264,-0.0402274,0.0114801,-0.123218,0.0144034,0.000128607
1247,22.5857,0.397029,0,-0.00890017,-0.121717,-0.0337102,-0.46258,-0.636796,0.00828982,-0.00890017,-0.121717,-0.0303392,0.000210018
1248,22.6038,0.412087,0,-0.0254971,-0.121184,-0.07837,-0.48655,-0.647247,0.0635267,-0.0254971,-0.121184,-0.070533,0.00139874
1249,22.6219,0.429155,0,-0.0399102,-0.121968,-0.120982,-0.507035,-0.646349,0.122618,-0.0399102,-0.121968,-0.108884,0.00337989
1250,22.64,0.446188,0,-0.051594,-0.125357,-0.162024,-0.522461,-0.632691,0.1817,-0.051594,-0.125357,-0.145822,0.00585162
1251,22.6581,0.459421,0,-0.0629301,-0.132231,-0.19852,-0.531404,-0.606215,0.236309,-0.0629301,-0.132231,-0.178668,0.00874501
1252,22.6762,0.46776,0,-0.0740172,-0.142489,-0.232178,-0.532836,-0.568477,0.282038,-0.0740172,-0.142489,-0.20896,0.0120296
1253,22.6943,0.471792,0,-0.0839604,-0.153877,-0.264467,-0.526344,-0.522542,0.315314,-0.0839604,-0.153877,-0.23802,0.0155433
1254,22.7124,0.469833,0,-0.0941307,-0.167005,-0.293744,-0.512251,-0.472461,0.33403,-0.0941307,-0.167005,-0.26437,0.0193552
1255,22.7306,0.461252,0,-0.105343,-0.182973,-0.319231,-0.491583,-0.422497,0.337812,-0.105343,-0.182973,-0.287308,0.0235401
1256,22.7487,0.447357,0,-0.118353,-0.204658,-0.343042,-0.465914,-0.376363,0.327855,-0.118353,-0.204658,-0.308738,0.0284202
1257,22.7668,0.428992,0,-0.133115,-0.230387,-0.363187,-0.437112,-0.336706,0.306428,-0.133115,-0.230387,-0.326868,0.0338418
1258,22.7849,0.407043,0,-0.149827,-0.259305,-0.378546,-0.407069,-0.304949,0.276278,-0.149827,-0.259305,-0.340691,0.0397013
1259,22.803,0.38261,0,-0.169237,-0.293234,-0.388893,-0.377488,-0.28143,0.240124,-0.169237,-0.293234,-0.350003,0.0460705
1260,22.8211,0.356486,0,-0.192724,-0.334353,-0.392861,-0.349748,-0.265709,0.200331,-0.192724,-0.334353,-0.353575,0.0529998
1261,22.8392,0.329874,0,-0.22037,-0.382266,-0.388774,-0.324848,-0.256907,0.158784,-0.22037,-0.382266,-0.349897,0.0599721
1262,22.8573,0.303728,0,-0.251855,-0.435866,-0.374034,-0.303435,-0.253996,0.116898,-0.251855,-0.435866,-0.33663,0.0659417
1263,22.8755,0.279017,0,-0.286886,-0.494325,-0.344715,-0.285848,-0.255992,0.0756985,-0.286886,-0.494325,-0.310243,0.0692258
1264,22.8936,0.25842,0,-0.326434,-0.555224,-0.297929,-0.272204,-0.262066,0.0359273,-0.326434,-0.555224,-0.268136,0.0680778
1265,22.9117,0.246766,1,-0.370337,-0.615567,-0.231479,-0.262466,-0.271592,-0.00185965,-0.370337,-0.615567,-0.208331,0.0600078
1266,22.9298,0.249338,1,-0.416833,-0.670366,-0.145081,-0.256508,-0.284143,-0.037213,-0.416833,-0.670366,-0.130573,0.0423323
1267,22.9479,0.266112,0,-0.463462,-0.70902,-0.039494,-0.254168,-0.299473,-0.0697281,-0.463462,-0.70902,-0.0355446,0.0128128
1268,22.966,0.294762,0,-0.50656,-0.723011,0.0828163,-0.255282,-0.317477,-0.0989983,-0.50656,-0.723011,0.0745346,-0.029366
1269,22.9841,0.330302,0,-0.541591,-0.705985,0.210887,-0.259707,-0.338152,-0.12458,-0.541591,-0.705985,0.189799,-0.0799503
1270,23.0022,0.366878,0,-0.56528,-0.655678,0.332069,-0.267332,-0.361546,-0.145961,-0.56528,-0.655678,0.298862,-0.131398
1271,23.0204,0.397672,0,-0.571349,-0.572535,0.432655,-0.278074,-0.38771,-0.162542,-0.571349,-0.572535,0.389389,-0.173038
1272,23.0385,0.419129,0,-0.557806,-0.464343,0.500188,-0.291871,-0.416636,-0.173614,-0.557806,-0.464343,0.45017,-0.195306
1273,23.0566,0.431436,0,-0.527085,-0.351031,0.529642,-0.30866,-0.448186,-0.178356,-0.527085,-0.351031,0.476678,-0.195417
1274,23.0747,0.43412,0,-0.482346,-0.247778,0.521862,-0.328344,-0.482007,-0.175849,-0.482346,-0.247778,0.469676,-0.176203
1275,23.0928,0.431338,0,-0.428195,-0.159905,0.4863,-0.350754,-0.517428,-0.165113,-0.428195,-0.159905,0.43767,-0.145762
1276,23.1109,0.426217,0,-0.369388,-0.0927608,0.431681,-0.37559,-0.553357,-0.145204,-0.369388,-0.0927608,0.388513,-0.111621
1277,23.129,0.422354,0,-0.311334,-0.0461959,0.367462,-0.402362,-0.58818,-0.11536,-0.311334,-0.0461959,0.330715,-0.0800824
1278,23.1471,0.420824,0,-0.256981,-0.0182224,0.298172,-0.430323,-0.619718,-0.0752359,-0.256981,-0.0182224,0.268355,-0.0536371
1279,23.1652,0.423059,0,-0.209059,-0.00583836,0.231475,-0.458416,-0.645275,-0.0251946,-0.209059,-0.00583836,0.208327,-0.0338743
1280,23.1834,0.430679,0,-0.168509,-0.000408214,0.169834,-0.485254,-0.661851,0.0333759,-0.168509,-0.000408214,0.15285,-0.0200329
1281,23.2015,0.441526,0,-0.134709,0.000119373,0.1105,-0.509159,-0.66656,0.0978165,-0.134709,0.000119373,0.0994503,-0.0104197
1282,23.2196,0.453159,0,-0.107416,-0.00362899,0.055893,-0.528295,-0.657233,0.164164,-0.107416,-0.00362899,0.0503037,-0.00420268
1283,23.2377,0.463633,0,-0.0863846,-0.01005,0.00354062,-0.540881,-0.633075,0.227463,-0.0863846,-0.01005,0.00318655,-0.000214098
1284,23.2558,0.471664,0,-0.0695109,-0.0174421,-0.0448027,-0.545485,-0.595153,0.282457,-0.0695109,-0.0174421,-0.0403224,0.00217999
1285,23.2739,0.47647,0,-0.0569375,-0.0230483,-0.0907618,-0.541316,-0.546473,0.324538,-0.0569375,-0.0230483,-0.0816856,0.00361743
1286,23.292,0.476391,0,-0.0481014,-0.0278413,-0.134293,-0.528416,-0.491508,0.350636,-0.0481014,-0.0278413,-0.120864,0.00452179
1287,23.3101,0.471148,0,-0.0419954,-0.0325654,-0.175865,-0.507699,-0.435299,0.359735,-0.0419954,-0.0325654,-0.158279,0.00516987
1288,23.3283,0.46081,0,-0.0378851,-0.0374499,-0.214483,-0.480803,-0.382463,0.352816,-0.0378851,-0.0374499,-0.193034,0.005688
1289,23.3464,0.447045,0,-0.0347852,-0.0416248,-0.2511,-0.449801,-0.336438,0.332334,-0.0347852,-0.0416248,-0.22599,0.0061142
1290,23.3645,0.430587,0,-0.0329692,-0.0466015,-0.285936,-0.416878,-0.29917,0.301464,-0.0329692,-0.0466015,-0.257342,0.00659896
1291,23.3826,0.412082,0,-0.0326717,-0.0517646,-0.317787,-0.384041,-0.271229,0.263427,-0.0326717,-0.0517646,-0.286009,0.00726786
1292,23.4007,0.393401,0,-0.0334188,-0.0562355,-0.348007,-0.352935,-0.252163,0.221039,-0.0334188,-0.0562355,-0.313206,0.00814099
1293,23.4188,0.375112,0,-0.035028,-0.0607762,-0.376395,-0.324763,-0.240939,0.176525,-0.035028,-0.0607762,-0.338756,0.00922906
1294,23.4369,0.358231,0,-0.0371254,-0.0659624,-0.403938,-0.3003,-0.236305,0.131516,-0.0371254,-0.0659624,-0.363544,0.0104974
1295,23.455,0.342804,0,-0.0396007,-0.0711205,-0.429803,-0.279953,-0.237054,0.0871514,-0.0396007,-0.0711205,-0.386822,0.0119143
1296,23.4732,0.329107,0,-0.0423079,-0.0768407,-0.454303,-0.263851,-0.242164,0.0442151,-0.0423079,-0.0768407,-0.408873,0.0134544
1297,23.4913,0.31665,0,-0.0457641,-0.0840091,-0.476799,-0.251941,-0.250858,0.00325735,-0.0457641,-0.0840091,-0.429119,0.0152742
1298,23.5094,0.305331,0,-0.0505463,-0.0935119,-0.497519,-0.244057,-0.262608,-0.0353061,-0.0505463,-0.0935119,-0.447767,0.0176034
1299,23.5275,0.295784,0,-0.0564617,-0.10508,-0.517425,-0.239994,-0.277109,-0.0711206,-0.0564617,-0.10508,-0.465682,0.0204503
1300,23.5456,0.287708,0,-0.0635539,-0.118922,-0.535836,-0.239542,-0.294236,-0.103839,-0.0635539,-0.118922,-0.482252,0.0238381
1301,23.5637,0.280955,0,-0.071939,-0.135798,-0.552548,-0.242522,-0.314002,-0.133082,-0.071939,-0.135798,-0.497293,0.0278248
1302,23.5818,0.275461,0,-0.0821633,-0.156402,-0.567586,-0.248801,-0.33651,-0.158404,-0.0821633,-0.156402,-0.510828,0.0326444
1303,23.5999,0.27103,0,-0.0946582,-0.181409,-0.580541,-0.258289,-0.361902,-0.179268,-0.0946582,-0.181409,-0.522487,0.0384671
1304,23.618,0.267563,0,-0.109976,-0.212121,-0.591391,-0.27094,-0.390305,-0.195019,-0.109976,-0.212121,-0.532252,0.0455274
1305,23.6362,0.264907,0,-0.128588,-0.248752,-0.599302,-0.286734,-0.421769,-0.204862,-0.128588,-0.248752,-0.539371,0.0539442
1306,23.6543,0.261837,0,-0.150856,-0.293094,-0.601709,-0.305647,-0.456182,-0.207859,-0.150856,-0.293094,-0.541538,0.0635398
1307,23.6724,0.257389,0,-0.177892,-0.346457,-0.596388,-0.32762,-0.49317,-0.202937,-0.177892,-0.346457,-0.53675,0.0742649
1308,23.6905,0.250529,0,-0.210782,-0.409393,-0.580326,-0.3525,-0.531978,-0.188939,-0.210782,-0.409393,-0.522293,0.0856255
1309,23.7086,0.240353,1,-0.250138,-0.482111,-0.55008,-0.379979,-0.571329,-0.164736,-0.250138,-0.482111,-0.495072,0.096317
1310,23.7267,0.226292,1,-0.296402,-0.562817,-0.501794,-0.409516,-0.609311,-0.129414,-0.296402,-0.562817,-0.451615,0.104113
1311,23.7448,0.207123,1,-0.349743,-0.649352,-0.429656,-0.440255,-0.643309,-0.0825673,-0.349743,-0.649352,-0.386691,0.105189
1312,23.7629,0.1831,1,-0.409789,-0.736233,-0.328747,-0.470961,-0.67008,-0.024677,-0.409789,-0.736233,-0.295872,0.0943018
1313,23.7811,0.154997,1,-0.473692,-0.809507,-0.194445,-0.499995,-0.686042,0.0424875,-0.473692,-0.809507,-0.175001,0.0644751
1314,23.7992,0.12765,1,-0.53515,-0.856837,-0.0266466,-0.525378,-0.687835,0.115572,-0.53515,-0.856837,-0.023982,0.00998196
1315,23.8173,0.111997,1,-0.590468,-0.860232,0.166314,-0.54496,-0.673109,0.189649,-0.590468,-0.860232,0.149683,-0.0687424
1316,23.8354,0.120662,1,-0.633124,-0.806448,0.361588,-0.55672,-0.641361,0.258698,-0.633124,-0.806448,0.325429,-0.160251
1317,23.8535,0.144969,1,-0.652043,-0.689753,0.529506,-0.559128,-0.594467,0.316585,-0.652043,-0.689753,0.476555,-0.241682
1318,23.8716,0.175083,1,-0.64238,-0.529009,0.647506,-0.551496,-0.536609,0.358293,-0.64238,-0.529009,0.582756,-0.291162
1319,23.8897,0.199267,1,-0.600369,-0.345076,0.694419,-0.534175,-0.473485,0.380969,-0.600369,-0.345076,0.624977,-0.291836
1320,23.9078,0.214362,1,-0.535808,-0.180324,0.673942,-0.508532,-0.411072,0.384349,-0.535808,-0.180324,0.606548,-0.252773
1321,23.926,0.223464,1,-0.455496,-0.0491956,0.607524,-0.476698,-0.354403,0.370443,-0.455496,-0.0491956,0.546772,-0.193707
1322,23.9441,0.230326,1,-0.368736,0.0409404,0.524272,-0.441176,-0.306813,0.342695,-0.368736,0.0409404,0.471845,-0.135322
1323,23.9622,0.235469,1,-0.284987,0.0980932,0.434361,-0.404447,-0.269787,0.305014,-0.284987,0.0980932,0.390924,-0.086651
1324,23.9803,0.236242,1,-0.209331,0.124323,0.344147,-0.368658,-0.243286,0.261028,-0.209331,0.124323,0.309732,-0.0504284
1325,23.9984,0.23561,1,-0.145626,0.131638,0.262574,-0.335462,-0.226283,0.213677,-0.145626,0.131638,0.236316,-0.0267662
1326,24.0165,0.238458,1,-0.0918122,0.134821,0.192251,-0.305976,-0.217294,0.165128,-0.0918122,0.134821,0.173026,-0.0123557
1327,24.0346,0.243485,1,-0.0462837,0.13545,0.130479,-0.280834,-0.214773,0.116861,-0.0462837,0.13545,0.117431,-0.00422735
1328,24.0527,0.248689,1,-0.0106409,0.133644,0.0744373,-0.260288,-0.217347,0.0698429,-0.0106409,0.133644,0.0669935,-0.000554458
1329,24.0708,0.255982,0,0.0191955,0.132631,0.0250748,-0.244323,-0.223934,0.0246952,0.0191955,0.132631,0.0225673,0.000336926
1330,24.089,0.26511,0,0.043011,0.133379,-0.020871,-0.232759,-0.233763,-0.0181679,0.043011,0.133379,-0.0187839,-0.000628377
1331,24.1071,0.276523,0,0.0627332,0.136251,-0.0633698,-0.225336,-0.246353,-0.0584391,0.0627332,0.136251,-0.0570328,-0.00278278
1332,24.1252,0.290875,0,0.080037,0.141928,-0.0982643,-0.22178,-0.261465,-0.0958482,0.080037,0.141928,-0.0884379,-0.00550535
1333,24.1433,0.308946,0,0.0950167,0.152158,-0.129503,-0.221839,-0.279055,-0.130114,0.0950167,0.152158,-0.116553,-0.00861349
1334,24.1614,0.330505,0,0.10872,0.165645,-0.156627,-0.225315,-0.299223,-0.160908,0.10872,0.165645,-0.140964,-0.0119199
1335,24.1795,0.357215,0,0.124234,0.183631,-0.183001,-0.232072,-0.322165,-0.187824,0.124234,0.183631,-0.164701,-0.0159145
1336,24.1976,0.389237,0,0.141334,0.206411,-0.20507,-0.242043,-0.348125,-0.210345,0.141334,0.206411,-0.184563,-0.0202884
1337,24.2157,0.426703,0,0.159429,0.234407,-0.220379,-0.255214,-0.377346,-0.227821,0.159429,0.234407,-0.198341,-0.0245944
1338,24.2339,0.468448,0,0.178699,0.264842,-0.228273,-0.271614,-0.410008,-0.239436,0.178699,0.264842,-0.205446,-0.0285544
1339,24.252,0.514503,0,0.199971,0.297231,-0.230206,-0.291289,-0.446145,-0.244187,0.199971,0.297231,-0.207185,-0.0322242
1340,24.2701,0.56481,0,0.223595,0.331488,-0.226294,-0.314259,-0.485537,-0.240884,0.223595,0.331488,-0.203665,-0.0354187
1341,24.2882,0.620252,0,0.250384,0.369547,-0.213913,-0.340466,-0.527577,-0.228177,0.250384,0.369547,-0.192521,-0.0374922
1342,24.3063,0.680061,0,0.27987,0.411379,-0.189374,-0.369705,-0.571101,-0.20465,0.27987,0.411379,-0.170437,-0.0371001
1343,24.3244,0.740819,0,0.310386,0.453192,-0.152893,-0.401529,-0.614213,-0.169003,0.310386,0.453192,-0.137604,-0.0332192
1344,24.3425,0.80039,0,0.343332,0.492814,-0.103539,-0.435152,-0.654161,-0.120364,0.343332,0.492814,-0.0931853,-0.0248839
1345,24.3606,0.85311,0,0.376928,0.523842,-0.0416502,-0.469346,-0.687322,-0.0587315,0.376928,0.523842,-0.0374851,-0.0109894
1346,24.3788,0.894685,0,0.409071,0.543687,0.0316644,-0.502385,-0.709444,0.0144899,0.409071,0.543687,0.028498,0.0090671
1347,24.3969,0.919226,0,0.437335,0.546656,0.113649,-0.532069,-0.716227,0.0960128,0.437335,0.546656,0.102284,0.0347918
1348,24.415,0.924584,0,0.460304,0.533288,0.199365,-0.555886,-0.704277,0.180494,0.460304,0.533288,0.179428,0.064238
1349,24.4331,0.905917,0,0.473333,0.498436,0.277361,-0.571337,-0.672227,0.260943,0.473333,0.498436,0.249624,0.0918988
1350,24.4512,0.864369,0,0.475688,0.443476,0.340776,-0.576392,-0.62161,0.329833,0.475688,0.443476,0.306699,0.113472
1351,24.4693,0.805561,0,0.467019,0.376504,0.386418,-0.569957,-0.557002,0.380691,0.467019,0.376504,0.347776,0.126325
1352,24.4874,0.735923,0,0.447292,0.305902,0.409446,-0.55219,-0.485163,0.409585,0.447292,0.305902,0.368501,0.128199
1353,24.5055,0.661973,0,0.418461,0.238734,0.409041,-0.524527,-0.413458,0.415857,0.418461,0.238734,0.368137,0.119817
1354,24.5236,0.588732,0,0.383814,0.178292,0.390725,-0.489403,-0.348192,0.401817,0.383814,0.178292,0.351652,0.104976
1355,24.5418,0.518459,0,0.344395,0.125518,0.361458,-0.449764,-0.293538,0.371666,0.344395,0.125518,0.325312,0.0871388
1356,24.5599,0.454802,0,0.303796,0.0848839,0.321382,-0.408555,-0.251291,0.330202,0.303796,0.0848839,0.289244,0.0683441
1357,24.578,0.399923,0,0.265362,0.0582812,0.271741,-0.368318,-0.221298,0.281816,0.265362,0.0582812,0.244567,0.0504768
1358,24.5961,0.353263,0,0.229723,0.0425929,0.220944,-0.330982,-0.202179,0.229977,0.229723,0.0425929,0.19885,0.0355291
1359,24.6142,0.315041,0,0.198482,0.0346703,0.170121,-0.297818,-0.192021,0.17714,0.198482,0.0346703,0.153109,0.0236362
1360,24.6323,0.285107,0,0.171959,0.0323691,0.121393,-0.26951,-0.188877,0.124894,0.171959,0.0323691,0.109254,0.0146123
1361,24.6504,0.262305,0,0.149618,0.0318141,0.0745814,-0.246284,-0.19106,0.0742013,0.149618,0.0318141,0.0671232,0.00781112
1362,24.6685,0.24778,1,0.132349,0.0357488,0.0271027,-0.228057,-0.197255,0.0256184,0.132349,0.0357488,0.0243924,0.00251091
1363,24.6867,0.240742,1,0.119404,0.0431149,-0.0170947,-0.214558,-0.206542,-0.0205304,0.119404,0.0431149,-0.0153852,-0.00142882
1364,24.7048,0.240033,1,0.109887,0.0525471,-0.0580049,-0.205431,-0.218352,-0.0640365,0.109887,0.0525471,-0.0522044,-0.00446181
1365,24.7229,0.244375,1,0.10325,0.0624939,-0.0982269,-0.200312,-0.232404,-0.104731,0.10325,0.0624939,-0.0884042,-0.00709935
1366,24.741,0.253875,0,0.0998775,0.0739499,-0.136504,-0.198873,-0.248649,-0.142435,0.0998775,0.0739499,-0.122853,-0.00954356
1367,24.7591,0.268812,0,0.0997557,0.0882968,-0.171637,-0.200853,-0.26721,-0.176929,0.0997557,0.0882968,-0.154473,-0.0119852
1368,24.7772,0.288474,0,0.1025,0.104617,-0.203158,-0.206075,-0.288334,-0.20792,0.1025,0.104617,-0.182842,-0.0145766
1369,24.7953,0.313275,0,0.107895,0.124116,-0.231218,-0.214445,-0.312354,-0.235017,0.107895,0.124116,-0.208096,-0.0174631
1370,24.8134,0.343116,0,0.116038,0.14639,-0.256514,-0.225951,-0.339643,-0.257699,0.116038,0.14639,-0.230863,-0.0208357
1371,24.8316,0.378862,0,0.127396,0.172694,-0.277896,-0.240655,-0.370574,-0.275279,0.127396,0.172694,-0.250106,-0.0247821
1372,24.8497,0.420669,0,0.142033,0.203045,-0.294157,-0.258666,-0.405457,-0.286871,0.142033,0.203045,-0.264742,-0.0292461
1373,24.8678,0.468286,0,0.159706,0.236888,-0.305645,-0.28012,-0.444453,-0.29135,0.159706,0.236888,-0.275081,-0.0341693
1374,24.8859,0.521969,0,0.180527,0.274721,-0.311229,-0.305134,-0.487458,-0.287338,0.180527,0.274721,-0.280106,-0.0393296
1375,24.904,0.582168,0,0.204685,0.317836,-0.309776,-0.333746,-0.533936,-0.273214,0.204685,0.317836,-0.278798,-0.0443845
1376,24.9221,0.648426,0,0.233013,0.366061,-0.298065,-0.365836,-0.582707,-0.247204,0.233013,0.366061,-0.268259,-0.0486173
1377,24.9402,0.718224,0,0.265242,0.416722,-0.274153,-0.40101,-0.63171,-0.207573,0.265242,0.416722,-0.246738,-0.0509019
1378,24.9583,0.789351,0,0.301388,0.468893,-0.236284,-0.438474,-0.677795,-0.152991,0.301388,0.468893,-0.212656,-0.0498492
1379,24.9764,0.857342,0,0.339536,0.519862,-0.181099,-0.476896,-0.716642,-0.0831012,0.339536,0.519862,-0.162989,-0.0430426
1380,24.9946,0.917111,0,0.380004,0.565264,-0.108486,-0.514309,-0.742998,0.000765774,0.380004,0.565264,-0.097637,-0.0288574
1381,25.0127,0.962566,0,0.420877,0.600386,-0.0207684,-0.548112,-0.751385,0.0948888,0.420877,0.600386,-0.0186915,-0.00611864
1382,25.0308,0.986742,0,0.459182,0.618421,0.0797846,-0.57526,-0.737355,0.192831,0.459182,0.618421,0.0718062,0.025645
1383,25.0489,0.981407,0,0.489956,0.607824,0.18842,-0.592671,-0.69904,0.285911,0.489956,0.607824,0.169578,0.0646222
1384,25.067,0.946074,0,0.510806,0.5663,0.295616,-0.597829,-0.638409,0.364703,0.510806,0.5663,0.266055,0.105702
1385,25.0851,0.88706,0,0.519272,0.501634,0.385276,-0.589417,-0.561448,0.421242,0.519272,0.501634,0.346748,0.140044
1386,25.1032,0.808909,0,0.511527,0.416507,0.449493,-0.567729,-0.476916,0.45105,0.511527,0.416507,0.404544,0.16095
1387,25.1213,0.719584,0,0.487557,0.318371,0.483266,-0.534677,-0.394081,0.454014,0.487557,0.318371,0.43494,0.164934
1388,25.1395,0.630318,0,0.45103,0.224963,0.483851,-0.493373,-0.320471,0.433762,0.45103,0.224963,0.435466,0.152762
1389,25.1576,0.545887,0,0.40521,0.143237,0.458164,-0.447455,-0.260592,0.396015,0.40521,0.143237,0.412347,0.129957
1390,25.1757,0.469037,0,0.354383,0.0763972,0.416428,-0.400423,-0.215855,0.346831,0.354383,0.0763972,0.374785,0.103303
1391,25.1938,0.401408,0,0.302407,0.0284258,0.364057,-0.355165,-0.185354,0.291382,0.302407,0.0284258,0.327651,0.0770653
1392,25.2119,0.34373,0,0.253958,-0.00139224,0.302523,-0.313749,-0.166897,0.23347,0.253958,-0.00139224,0.272271,0.0537798
1393,25.23,0.294888,0,0.209344,-0.0174477,0.240496,-0.277418,-0.157891,0.175567,0.209344,-0.0174477,0.216446,0.0352424
1394,25.2481,0.254804,0,0.170487,-0.025614,0.180181,-0.246731,-0.155903,0.119117,0.170487,-0.025614,0.162163,0.0215029
1395,25.2662,0.223408,1,0.137812,-0.0281909,0.12282,-0.221744,-0.158941,0.0648775,0.137812,-0.0281909,0.110538,0.0118483
1396,25.2844,0.20061,1,0.11138,-0.0264146,0.0684841,-0.202187,-0.165527,0.013201,0.11138,-0.0264146,0.0616357,0.00533943
1397,25.3025,0.185934,1,0.0905524,-0.0212493,0.0171165,-0.187621,-0.174668,-0.035769,0.0905524,-0.0212493,0.0154049,0.00108496
1398,25.3206,0.179072,1,0.0749434,-0.0130218,-0.0309288,-0.177542,-0.18578,-0.0819788,0.0749434,-0.0130218,-0.0278359,-0.00162253
1399,25.3387,0.178545,1,0.063645,-0.00408931,-0.0751549,-0.171467,-0.198597,-0.125396,0.063645,-0.00408931,-0.0676394,-0.00334826
1400,25.3568,0.182155,1,0.0549562,0.00366129,-0.116855,-0.168972,-0.213099,-0.16597,0.0549562,0.00366129,-0.105169,-0.00449532
1401,25.3749,0.189804,1,0.0490265,0.0113682,-0.156384,-0.169728,-0.229449,-0.203607,0.0490265,0.0113682,-0.140746,-0.00536687
1402,25.393,0.201286,1,0.0460775,0.0193235,-0.194558,-0.173506,-0.247942,-0.238153,0.0460775,0.0193235,-0.175102,-0.00627532
1403,25.4111,0.217312,1,0.0459408,0.029419,-0.230628,-0.180183,-0.268977,-0.269371,0.0459408,0.029419,-0.207565,-0.00741667
1404,25.4292,0.236997,1,0.047468,0.0403746,-0.264034,-0.189737,-0.293025,-0.296915,0.047468,0.0403746,-0.237631,-0.00877321
1405,25.4474,0.260777,0,0.0505183,0.052853,-0.29469,-0.202241,-0.320605,-0.320296,0.0505183,0.052853,-0.265221,-0.0104211
1406,25.4655,0.289298,0,0.0553795,0.0675052,-0.323725,-0.217851,-0.352252,-0.338845,0.0553795,0.0675052,-0.291353,-0.0125494
1407,25.4836,0.322765,0,0.0621947,0.083912,-0.350885,-0.236788,-0.388466,-0.351655,0.0621947,0.083912,-0.315796,-0.0152762
1408,25.5017,0.361724,0,0.0710517,0.102425,-0.374699,-0.259318,-0.42964,-0.357532,0.0710517,0.102425,-0.337229,-0.0186361
1409,25.5198,0.406948,0,0.081848,0.124165,-0.394942,-0.285706,-0.475938,-0.354942,0.081848,0.124165,-0.355448,-0.0226277
1410,25.5379,0.459051,0,0.0949225,0.149821,-0.412347,-0.316169,-0.52711,-0.341983,0.0949225,0.149821,-0.371112,-0.0273987
1411,25.556,0.517944,0,0.110578,0.179284,-0.426119,-0.350776,-0.58224,-0.316425,0.110578,0.179284,-0.383507,-0.0329835
1412,25.5741,0.583955,0,0.129378,0.214144,-0.435173,-0.389334,-0.639419,-0.275861,0.129378,0.214144,-0.391656,-0.0394112
1413,25.5923,0.656124,0,0.151455,0.255215,-0.437984,-0.431214,-0.695382,-0.218076,0.151455,0.255215,-0.394186,-0.0464345
1414,25.6104,0.732657,0,0.177753,0.302958,-0.433797,-0.475162,-0.745248,-0.141691,0.177753,0.302958,-0.390417,-0.053976
1415,25.6285,0.810069,0,0.208495,0.357381,-0.420955,-0.519114,-0.782565,-0.0471296,0.208495,0.357381,-0.378859,-0.0614367
1416,25.6466,0.884592,0,0.244696,0.420075,-0.39737,-0.56011,-0.799979,0.0622654,0.244696,0.420075,-0.357633,-0.0680642
1417,25.6647,0.948474,0,0.287014,0.488005,-0.355982,-0.594423,-0.790759,0.179407,0.287014,0.488005,-0.320384,-0.0715203
1418,25.6828,0.992671,0,0.33339,0.556431,-0.290792,-0.618012,-0.751038,0.293629,0.33339,0.556431,-0.261712,-0.0678628
1419,25.7009,1.01024,0,0.382054,0.61836,-0.200907,-0.627315,-0.681979,0.392425,0.382054,0.61836,-0.180816,-0.05373
1420,25.719,1.00092,0,0.433186,0.670133,-0.0890826,-0.620178,-0.590591,0.464582,0.433186,0.670133,-0.0801743,-0.0270125
1421,25.7372,0.966542,0,0.485,0.703496,0.0424878,-0.596559,-0.488298,0.503429,0.485,0.703496,0.038239,0.0144246
1422,25.7553,0.905651,0,0.528449,0.696788,0.187868,-0.558655,-0.387657,0.508482,0.528449,0.696788,0.169081,0.0694951
1423,25.7734,0.82641,0,0.556712,0.643241,0.334357,-0.510367,-0.298888,0.484676,0.556712,0.643241,0.300922,0.130299
1424,25.7915,0.742249,0,0.567031,0.550064,0.457895,-0.456349,-0.227864,0.439887,0.567031,0.550064,0.412106,0.181748
1425,25.8096,0.660514,0,0.556424,0.428989,0.543514,-0.401052,-0.176048,0.382256,0.556424,0.428989,0.489163,0.211697
1426,25.8277,0.583856,0,0.524065,0.296286,0.583325,-0.348068,-0.141755,0.318437,0.524065,0.296286,0.524993,0.21399
1427,25.8458,0.513577,0,0.475041,0.172172,0.576187,-0.299861,-0.121714,0.253014,0.475041,0.172172,0.518569,0.191599
1428,25.8639,0.447656,0,0.412957,0.0679648,0.533318,-0.257809,-0.112319,0.188706,0.412957,0.0679648,0.479986,0.154166
1429,25.882,0.388163,0,0.346081,-0.00940897,0.471323,-0.222417,-0.110347,0.126889,0.346081,-0.00940897,0.424191,0.114181
1430,25.9002,0.335535,0,0.279902,-0.0614058,0.401108,-0.193572,-0.113257,0.068114,0.279902,-0.0614058,0.360997,0.0785895
1431,25.9183,0.288058,0,0.218105,-0.0909928,0.323775,-0.170792,-0.119222,0.0124968,0.218105,-0.0909928,0.291398,0.049432
1432,25.9364,0.249493,1,0.163738,-0.106055,0.252729,-0.153411,-0.12704,-0.0400438,0.163738,-0.106055,0.227456,0.028967
1433,25.9545,0.217707,1,0.117735,-0.112362,0.183909,-0.140712,-0.136,-0.0896518,0.117735,-0.112362,0.165518,0.0151567
1434,25.9726,0.19351,1,0.0787842,-0.112709,0.122004,-0.132017,-0.145761,-0.136471,0.0787842,-0.112709,0.109804,0.0067284
1435,25.9907,0.175309,1,0.0472278,-0.109352,0.0637944,-0.126735,-0.156242,-0.180619,0.0472278,-0.109352,0.057415,0.00210901
1436,26.0088,0.162575,1,0.0229737,-0.105408,0.00959034,-0.124385,-0.167551,-0.222177,0.0229737,-0.105408,0.00863131,0.000154228
1437,26.0269,0.154513,1,0.0039948,-0.101698,-0.0399062,-0.124606,-0.179924,-0.261188,0.0039948,-0.101698,-0.0359155,-0.000111592
1438,26.0451,0.150694,1,-0.0107826,-0.0983583,-0.0843546,-0.127155,-0.193696,-0.297649,-0.0107826,-0.0983583,-0.0759191,0.000636691
1439,26.0632,0.149151,1,-0.0231619,-0.0966084,-0.126034,-0.131901,-0.209281,-0.331506,-0.0231619,-0.0966084,-0.113431,0.00204343
1440,26.0813,0.149255,1,-0.0326617,-0.0970758,-0.166072,-0.138819,-0.227162,-0.36264,-0.0326617,-0.0970758,-0.149465,0.00379694
1441,26.0994,0.151067,1,-0.0415447,-0.100034,-0.203033,-0.147982,-0.247891,-0.390844,-0.0415447,-0.100034,-0.18273,0.00590447
1442,26.1175,0.154479,1,-0.0503902,-0.106409,-0.23628,-0.159557,-0.272086,-0.415795,-0.0503902,-0.106409,-0.212652,0.00833435
1443,26.1356,0.159897,1,-0.0578141,-0.113138,-0.269174,-0.173797,-0.300433,-0.437013,-0.0578141,-0.113138,-0.242257,0.0108934
1444,26.1537,0.167537,1,-0.0649442,-0.121625,-0.301019,-0.19104,-0.333666,-0.453808,-0.0649442,-0.121625,-0.270917,0.0136846
1445,26.1718,0.177959,1,-0.0729685,-0.132639,-0.33026,-0.211699,-0.37254,-0.4652,-0.0729685,-0.132639,-0.297234,0.016869
1446,26.19,0.190663,1,-0.082629,-0.14837,-0.356311,-0.236245,-0.417758,-0.469841,-0.082629,-0.14837,-0.32068,0.0206091
1447,26.2081,0.206874,1,-0.093339,-0.167469,-0.37969,-0.265175,-0.469843,-0.465904,-0.093339,-0.167469,-0.341721,0.0248079
1448,26.2262,0.227653,1,-0.105404,-0.189079,-0.400847,-0.29896,-0.528929,-0.450999,-0.105404,-0.189079,-0.360762,0.0295757
1449,26.2443,0.253832,0,-0.118918,-0.213228,-0.418509,-0.337948,-0.594417,-0.422125,-0.118918,-0.213228,-0.376658,0.0348377
1450,26.2624,0.28437,0,-0.134795,-0.242405,-0.432607,-0.382209,-0.664489,-0.375769,-0.134795,-0.242405,-0.389346,0.0408194
1451,26.2805,0.318467,0,-0.154062,-0.278035,-0.442914,-0.431308,-0.735494,-0.308268,-0.154062,-0.278035,-0.398622,0.0477653
1452,26.2986,0.355457,0,-0.177057,-0.319976,-0.447137,-0.484007,-0.801333,-0.216648,-0.177057,-0.319976,-0.402423,0.0554182
1453,26.3167,0.393395,0,-0.204455,-0.367933,-0.442983,-0.53793,-0.853187,-0.100053,-0.204455,-0.367933,-0.398685,0.0633991
1454,26.3348,0.429431,0,-0.235961,-0.421998,-0.429088,-0.589318,-0.880168,0.0382993,-0.235961,-0.421998,-0.386179,0.0708737
1455,26.353,0.45881,0,-0.271765,-0.483152,-0.402403,-0.633087,-0.871507,0.189328,-0.271765,-0.483152,-0.362163,0.0765513
1456,26.3711,0.475651,0,-0.313374,-0.550547,-0.357478,-0.663422,-0.820347,0.337795,-0.313374,-0.550547,-0.32173,0.0784171
1457,26.3892,0.476779,0,-0.359754,-0.619005,-0.290529,-0.675019,-0.727812,0.464934,-0.359754,-0.619005,-0.261476,0.0731633
1458,26.4073,0.462412,0,-0.410126,-0.683862,-0.201325,-0.664654,-0.604767,0.553945,-0.410126,-0.683862,-0.181193,0.0577981
1459,26.4254,0.435949,0,-0.462191,-0.735508,-0.0899198,-0.632398,-0.469197,0.595836,-0.462191,-0.735508,-0.0809278,0.0290921
1460,26.4435,0.400963,0,-0.511391,-0.760387,0.0436291,-0.58176,-0.340083,0.591997,-0.511391,-0.760387,0.0392662,-0.0156181
1461,26.4616,0.366194,0,-0.553647,-0.75201,0.191418,-0.518657,-0.231411,0.552038,-0.553647,-0.75201,0.172276,-0.0741846
1462,26.4797,0.339655,0,-0.582581,-0.7007,0.331986,-0.449759,-0.149479,0.488865,-0.582581,-0.7007,0.298787,-0.135386
1463,26.4979,0.323799,0,-0.59371,-0.611418,0.452138,-0.381006,-0.0938693,0.414229,-0.59371,-0.611418,0.406924,-0.187907
1464,26.516,0.312816,0,-0.582193,-0.488658,0.535368,-0.316771,-0.0602058,0.336519,-0.582193,-0.488658,0.481831,-0.218181
1465,26.5341,0.305754,0,-0.549339,-0.356713,0.573687,-0.259685,-0.0427934,0.260617,-0.549339,-0.356713,0.516319,-0.220604
1466,26.5522,0.297933,0,-0.500278,-0.237059,0.565918,-0.210886,-0.0362831,0.18878,-0.500278,-0.237059,0.509326,-0.198181
1467,26.5703,0.286278,0,-0.439865,-0.137326,0.525511,-0.170428,-0.0363886,0.121678,-0.439865,-0.137326,0.47296,-0.161808
1468,26.5884,0.27103,0,-0.374113,-0.0615559,0.46418,-0.137691,-0.0400033,0.059196,-0.374113,-0.0615559,0.417762,-0.121559
1469,26.6065,0.254638,0,-0.309361,-0.0104596,0.393674,-0.111701,-0.0450405,0.000919554,-0.309361,-0.0104596,0.354306,-0.085251
1470,26.6246,0.236753,1,-0.2489,0.0195485,0.318503,-0.0913615,-0.0501923,-0.0536175,-0.2489,0.0195485,0.286653,-0.0554929
1471,26.6428,0.220098,1,-0.19512,0.0334209,0.246277,-0.0755907,-0.0546997,-0.10483,-0.19512,0.0334209,0.22165,-0.0336376
1472,26.6609,0.206543,1,-0.149592,0.0398027,0.18004,-0.0634021,-0.0581652,-0.153057,-0.149592,0.0398027,0.162036,-0.0188529
1473,26.679,0.19573,1,-0.111616,0.040572,0.11988,-0.0539385,-0.0604133,-0.198562,-0.111616,0.040572,0.107892,-0.00936639
1474,26.6971,0.186153,1,-0.0815603,0.0370078,0.0634773,-0.0464791,-0.0613911,-0.241556,-0.0815603,0.0370078,0.0571296,-0.00362406
1475,26.7152,0.176763,1,-0.0582671,0.0310971,0.00919961,-0.0404301,-0.0611012,-0.282206,-0.0582671,0.0310971,0.00827965,-0.000375224
1476,26.7333,0.169284,1,-0.0389959,0.0258761,-0.0401853,-0.0353073,-0.0595575,-0.320648,-0.0389959,0.0258761,-0.0361668,0.00109694
1477,26.7514,0.162455,1,-0.0243478,0.0229573,-0.0872181,-0.0307158,-0.0567563,-0.356995,-0.0243478,0.0229573,-0.0784963,0.0014865
1478,26.7695,0.156396,1,-0.0123297,0.0221006,-0.131353,-0.0263283,-0.0526587,-0.391342,-0.0123297,0.0221006,-0.118217,0.00113368
1479,26.7876,0.151324,1,-0.00248417,0.0226607,-0.171884,-0.0218655,-0.0471787,-0.423764,-0.00248417,0.0226607,-0.154695,0.000298892
1480,26.8058,0.14664,1,0.00495135,0.0235898,-0.209452,-0.0170781,-0.0401737,-0.454317,0.00495135,0.0235898,-0.188507,-0.000725949
1481,26.8239,0.140886,1,0.0118821,0.026356,-0.247132,-0.0117301,-0.0314369,-0.483032,0.0118821,0.026356,-0.222419,-0.00205552
1482,26.842,0.135575,1,0.0185618,0.0317459,-0.282295,-0.00558434,-0.0206888,-0.509912,0.0185618,0.0317459,-0.254066,-0.00366794
1483,26.8601,0.130499,1,0.0250426,0.0392546,-0.315032,0.0016119,-0.00756674,-0.534916,0.0250426,0.0392546,-0.283529,-0.00552246
1484,26.8782,0.125421,1,0.0321548,0.0487313,-0.345632,0.0101397,0.0083861,-0.55795,0.0321548,0.0487313,-0.311069,-0.00777961
1485,26.8963,0.120449,1,0.039391,0.0599044,-0.373593,0.0203221,0.0277343,-0.578837,0.039391,0.0599044,-0.336233,-0.0103013
1486,26.9144,0.115938,1,0.0470486,0.0731069,-0.398212,0.0325367,0.0511633,-0.597292,0.0470486,0.0731069,-0.358391,-0.0131147
1487,26.9325,0.111867,1,0.0560106,0.0893976,-0.419559,0.0472296,0.0794908,-0.612865,0.0560106,0.0893976,-0.377603,-0.0164498
1488,26.9507,0.107794,1,0.0672726,0.109746,-0.438227,0.0649266,0.11367,-0.624877,0.0672726,0.109746,-0.394404,-0.0206365
1489,26.9688,0.104057,1,0.0807534,0.13452,-0.453314,0.0862428,0.154773,-0.632321,0.0807534,0.13452,-0.407983,-0.0256247
1490,26.9869,0.100532,1,0.0961672,0.163019,-0.465216,0.111884,0.203944,-0.633734,0.0961672,0.163019,-0.418694,-0.031317
1491,27.005,0.0978463,1,0.114081,0.196353,-0.473523,0.142633,0.262278,-0.627017,0.114081,0.196353,-0.426171,-0.0378142
1492,27.0231,0.0970701,1,0.135807,0.236294,-0.47702,0.179309,0.330591,-0.609245,0.135807,0.236294,-0.429318,-0.0453478
1493,27.0412,0.0994304,1,0.162071,0.284068,-0.474589,0.222672,0.409003,-0.576462,0.162071,0.284068,-0.42713,-0.0538421
1494,27.0593,0.106627,1,0.193491,0.34054,-0.464417,0.27325,0.496244,-0.523604,0.193491,0.34054,-0.417975,-0.0629022
1495,27.0774,0.120876,1,0.229547,0.405524,-0.443054,0.331036,0.588637,-0.444733,0.229547,0.405524,-0.398749,-0.0711913
1496,27.0956,0.14349,1,0.270533,0.476196,-0.406143,0.395034,0.678825,-0.333968,0.270533,0.476196,-0.365528,-0.0769126
1497,27.1137,0.170737,1,0.318949,0.551024,-0.346702,0.462658,0.754681,-0.187563,0.318949,0.551024,-0.312032,-0.0774062
1498,27.1318,0.200942,1,0.371695,0.623443,-0.26301,0.529139,0.799464,-0.00735278,0.371695,0.623443,-0.236709,-0.0684317
1499,27.1499,0.228873,1,0.426405,0.684584,-0.149861,0.587314,0.794805,0.195259,0.426405,0.684584,-0.134875,-0.044731
1500,27.168,0.250009,0,0.480172,0.724429,-0.00947389,0.62834,0.727436,0.397406,0.480172,0.724429,-0.0085265,-0.00318436
1501,27.1861,0.262415,0,0.529293,0.730983,0.14948,0.643733,0.597656,0.56866,0.529293,0.730983,0.134532,0.0553833
1502,27.2042,0.266002,0,0.567944,0.694067,0.313562,0.628274,0.423611,0.681644,0.567944,0.694067,0.282206,0.12466
1503,27.2223,0.262427,0,0.586182,0.605425,0.458962,0.58231,0.236033,0.723798,0.586182,0.605425,0.413066,0.188325
1504,27.2404,0.252099,0,0.579986,0.474782,0.565511,0.511881,0.0655056,0.701585,0.579986,0.474782,0.50896,0.229592
1505,27.2586,0.23956,1,0.550195,0.327084,0.619234,0.426529,-0.068699,0.634381,0.550195,0.327084,0.55731,0.238489
1506,27.2767,0.226287,1,0.500431,0.186752,0.617108,0.336209,-0.161541,0.544028,0.500431,0.186752,0.555397,0.216174
1507,27.2948,0.209614,1,0.434561,0.067408,0.573235,0.248948,-0.218124,0.447408,0.434561,0.067408,0.515912,0.174374
1508,27.3129,0.192424,1,0.361824,-0.0235617,0.509224,0.169916,-0.24779,0.354387,0.361824,-0.0235617,0.458301,0.128974
1509,27.331,0.174139,1,0.288097,-0.0861738,0.430464,0.101606,-0.259908,0.269186,0.288097,-0.0861738,0.387417,0.0868108
1510,27.3491,0.158702,1,0.220167,-0.119593,0.348934,0.044517,-0.262007,0.192651,0.220167,-0.119593,0.314041,0.0537767
1511,27.3672,0.146524,1,0.161081,-0.135534,0.273848,-0.00210029,-0.259435,0.124089,0.161081,-0.135534,0.246463,0.0308782
1512,27.3853,0.135806,1,0.110503,-0.141738,0.203047,-0.0396502,-0.255699,0.0623475,0.110503,-0.141738,0.182742,0.0157061
1513,27.4035,0.127103,1,0.0672467,-0.142041,0.138186,-0.0697851,-0.252965,0.00633694,0.0672467,-0.142041,0.124367,0.00650478
1514,27.4216,0.121618,1,0.0324396,-0.139406,0.0799245,-0.0941602,-0.252501,-0.0447929,0.0324396,-0.139406,0.0719321,0.00181491
1515,27.4397,0.11765,1,0.00412792,-0.137151,0.0250133,-0.114305,-0.255022,-0.0916268,0.00412792,-0.137151,0.022512,7.2277e-05
1516,27.4578,0.116264,1,-0.0176079,-0.136108,-0.0250344,-0.131566,-0.260923,-0.134517,-0.0176079,-0.136108,-0.022531,0.000308563
1517,27.4759,0.117023,1,-0.0355201,-0.1368,-0.0698322,-0.147105,-0.270441,-0.173621,-0.0355201,-0.1368,-0.062849,0.00173631
1518,27.494,0.11906,1,-0.0512364,-0.138801,-0.112674,-0.161905,-0.283758,-0.208935,-0.0512364,-0.138801,-0.101407,0.00404113
1519,27.5121,0.12246,1,-0.0642001,-0.143473,-0.153839,-0.176807,-0.301059,-0.240301,-0.0642001,-0.143473,-0.138455,0.00691353
1520,27.5302,0.126789,1,-0.0768671,-0.152561,-0.190276,-0.192533,-0.322559,-0.267405,-0.0768671,-0.152561,-0.171248,0.0102382
1521,27.5484,0.132456,1,-0.089149,-0.164879,-0.223582,-0.209719,-0.348505,-0.289754,-0.089149,-0.164879,-0.201224,0.0139525
1522,27.5665,0.140767,1,-0.100475,-0.179021,-0.252862,-0.228929,-0.379151,-0.306651,-0.100475,-0.179021,-0.227576,0.0177844
1523,27.5846,0.151488,1,-0.112563,-0.194867,-0.279146,-0.250669,-0.414703,-0.317151,-0.112563,-0.194867,-0.251232,0.0219952
1524,27.6027,0.164556,1,-0.125622,-0.213379,-0.302224,-0.27538,-0.45523,-0.320024,-0.125622,-0.213379,-0.272002,0.0265763
1525,27.6208,0.178852,1,-0.140339,-0.237306,-0.32324,-0.30341,-0.50052,-0.313731,-0.140339,-0.237306,-0.290916,0.0317542
1526,27.6389,0.195115,1,-0.157056,-0.265724,-0.338993,-0.334965,-0.549885,-0.296443,-0.157056,-0.265724,-0.305094,0.0372686
1527,27.657,0.213486,1,-0.17647,-0.298129,-0.349708,-0.370026,-0.601906,-0.266133,-0.17647,-0.298129,-0.314737,0.043199
1528,27.6751,0.232702,1,-0.199226,-0.336258,-0.353937,-0.408227,-0.65414,-0.220821,-0.199226,-0.336258,-0.318543,0.0493592
1529,27.6932,0.251197,0,-0.226004,-0.381847,-0.350466,-0.44871,-0.702861,-0.159019,-0.226004,-0.381847,-0.315419,0.0554448
1530,27.7114,0.26849,0,-0.256469,-0.433287,-0.336994,-0.489967,-0.742985,-0.0804286,-0.256469,-0.433287,-0.303295,0.0605
1531,27.7295,0.282505,0,-0.290567,-0.489213,-0.309752,-0.529736,-0.768388,0.0131816,-0.290567,-0.489213,-0.278776,0.0630025
1532,27.7476,0.291014,0,-0.328118,-0.546086,-0.265639,-0.565025,-0.772838,0.117148,-0.328118,-0.546086,-0.239075,0.0610127
1533,27.7657,0.291143,0,-0.369426,-0.601427,-0.203039,-0.592368,-0.751594,0.223622,-0.369426,-0.601427,-0.182735,0.0525055
1534,27.7838,0.281959,0,-0.412843,-0.650009,-0.121993,-0.608357,-0.703292,0.322346,-0.412843,-0.650009,-0.109794,0.0352547
1535,27.8019,0.263243,0,-0.455923,-0.683708,-0.0230842,-0.610383,-0.631274,0.40269,-0.455923,-0.683708,-0.0207757,0.00736723
1536,27.82,0.236425,1,-0.495534,-0.69434,0.0895811,-0.597362,-0.543439,0.456393,-0.495534,-0.69434,0.080623,-0.0310733
1537,27.8381,0.207235,1,-0.527373,-0.677334,0.205031,-0.570121,-0.450323,0.479763,-0.527373,-0.677334,0.184528,-0.0756895
1538,27.8563,0.181349,1,-0.548741,-0.632312,0.31485,-0.531268,-0.362209,0.474228,-0.548741,-0.632312,0.283365,-0.12094
1539,27.8744,0.163276,1,-0.554298,-0.557932,0.405935,-0.484578,-0.286668,0.445077,-0.554298,-0.557932,0.365342,-0.157506
1540,27.8925,0.154657,1,-0.542629,-0.462606,0.467946,-0.43416,-0.227495,0.399289,-0.542629,-0.462606,0.421151,-0.177745
1541,27.9106,0.154717,1,-0.515374,-0.361069,0.496893,-0.383739,-0.185084,0.343554,-0.515374,-0.361069,0.447204,-0.17926
1542,27.9287,0.158412,1,-0.475494,-0.266475,0.492968,-0.336204,-0.157575,0.283153,-0.475494,-0.266475,0.443671,-0.164082
1543,27.9468,0.161041,1,-0.426339,-0.184379,0.463255,-0.293471,-0.142084,0.221678,-0.426339,-0.184379,0.41693,-0.138253
1544,27.9649,0.161829,1,-0.372348,-0.120066,0.416066,-0.256563,-0.135603,0.161276,-0.372348,-0.120066,0.37446,-0.108445
1545,27.983,0.160384,1,-0.318906,-0.0741918,0.357513,-0.225805,-0.135515,0.103071,-0.318906,-0.0741918,0.321761,-0.0798092
1546,28.0012,0.157118,1,-0.268226,-0.0452389,0.293742,-0.20104,-0.139783,0.0475598,-0.268226,-0.0452389,0.264368,-0.0551526
1547,28.0193,0.153344,1,-0.223105,-0.0319126,0.230703,-0.181829,-0.146967,-0.00509767,-0.223105,-0.0319126,0.207633,-0.0360297
1548,28.0374,0.150956,1,-0.184544,-0.0255213,0.170967,-0.167599,-0.15614,-0.054897,-0.184544,-0.0255213,0.15387,-0.0220857
1549,28.0555,0.148419,1,-0.152344,-0.0245008,0.112145,-0.157755,-0.16679,-0.101886,-0.152344,-0.0245008,0.100931,-0.0119593
1550,28.0736,0.147608,1,-0.125954,-0.0275612,0.0584657,-0.151747,-0.178716,-0.146111,-0.125954,-0.0275612,0.0526191,-0.00515479
1551,28.0917,0.146687,1,-0.105853,-0.0345579,0.00711202,-0.14911,-0.191945,-0.187592,-0.105853,-0.0345579,0.00640082,-0.000526981
1552,28.1098,0.146731,1,-0.0905359,-0.0436694,-0.0404446,-0.149485,-0.206674,-0.226305,-0.0905359,-0.0436694,-0.0364002,0.00256318
1553,28.1279,0.14863,1,-0.0787411,-0.0507729,-0.0858944,-0.152627,-0.223224,-0.262173,-0.0787411,-0.0507729,-0.077305,0.0047344
1554,28.146,0.152306,1,-0.0706197,-0.0571881,-0.128538,-0.158402,-0.242015,-0.295046,-0.0706197,-0.0571881,-0.115685,0.00635414
1555,28.1642,0.15721,1,-0.06557,-0.0636133,-0.169993,-0.166784,-0.26354,-0.324686,-0.06557,-0.0636133,-0.152994,0.00780251
1556,28.1823,0.163384,1,-0.0635208,-0.0719507,-0.208686,-0.177849,-0.288361,-0.350736,-0.0635208,-0.0719507,-0.187817,0.00927912
1557,28.2004,0.171626,1,-0.063287,-0.0815873,-0.244611,-0.191763,-0.317084,-0.37268,-0.063287,-0.0815873,-0.22015,0.0108365
1558,28.2185,0.182558,1,-0.0645091,-0.092059,-0.278165,-0.208777,-0.350338,-0.389795,-0.0645091,-0.092059,-0.250349,0.0125609
1559,28.2366,0.196498,1,-0.0672164,-0.103838,-0.309263,-0.229206,-0.388728,-0.40109,-0.0672164,-0.103838,-0.278337,0.0145513
1560,28.2547,0.213776,1,-0.0721483,-0.11697,-0.337966,-0.253413,-0.432752,-0.405232,-0.0721483,-0.11697,-0.30417,0.0170686
1561,28.2728,0.235375,1,-0.0783515,-0.131166,-0.364822,-0.281763,-0.482671,-0.400481,-0.0783515,-0.131166,-0.32834,0.0200091
1562,28.2909,0.261094,0,-0.0863839,-0.147883,-0.389769,-0.314565,-0.538289,-0.384637,-0.0863839,-0.147883,-0.350792,0.0235689
1563,28.3091,0.291508,0,-0.0963433,-0.167016,-0.412344,-0.351968,-0.598648,-0.355069,-0.0963433,-0.167016,-0.37111,0.0278086
1564,28.3272,0.326088,0,-0.108521,-0.190147,-0.432653,-0.393821,-0.661616,-0.308878,-0.108521,-0.190147,-0.389388,0.0328663
1565,28.3453,0.364949,0,-0.122483,-0.216823,-0.449359,-0.439463,-0.723418,-0.24333,-0.122483,-0.216823,-0.404423,0.0385271
1566,28.3634,0.406241,0,-0.139253,-0.248244,-0.461439,-0.487487,-0.778276,-0.156655,-0.139253,-0.248244,-0.415296,0.0449799
1567,28.3815,0.44771,0,-0.158709,-0.284919,-0.467278,-0.535502,-0.818435,-0.0492828,-0.158709,-0.284919,-0.42055,0.0519127
1568,28.3996,0.48588,0,-0.182145,-0.327868,-0.466338,-0.580018,-0.835022,0.0747084,-0.182145,-0.327868,-0.419704,0.0594588
1569,28.4177,0.516737,0,-0.210135,-0.378913,-0.457701,-0.616615,-0.82006,0.206539,-0.210135,-0.378913,-0.411931,0.0673253
1570,28.4358,0.536835,0,-0.243124,-0.438106,-0.439521,-0.640542,-0.769411,0.333053,-0.243124,-0.438106,-0.395569,0.0748007
1571,28.454,0.543139,0,-0.282003,-0.505422,-0.408616,-0.647742,-0.685498,0.439209,-0.282003,-0.505422,-0.367754,0.0806617
1572,28.4721,0.533502,0,-0.325948,-0.577392,-0.358176,-0.636025,-0.577995,0.512298,-0.325948,-0.577392,-0.322358,0.0817227
1573,28.4902,0.50928,0,-0.375029,-0.648381,-0.284629,-0.605865,-0.461431,0.545949,-0.375029,-0.648381,-0.256166,0.0747209
1574,28.5083,0.474462,0,-0.427525,-0.71128,-0.184775,-0.560383,-0.350643,0.541609,-0.427525,-0.71128,-0.166297,0.055297
1575,28.5264,0.437158,0,-0.480767,-0.758358,-0.0597439,-0.504505,-0.25657,0.506795,-0.480767,-0.758358,-0.0537696,0.020106
1576,28.5445,0.404704,0,-0.529913,-0.776698,0.086736,-0.443718,-0.18439,0.45156,-0.529913,-0.776698,0.0780624,-0.0321738
1577,28.5626,0.384021,0,-0.570917,-0.755721,0.241232,-0.382949,-0.134162,0.385278,-0.570917,-0.755721,0.217108,-0.0964062
1578,28.5807,0.373495,0,-0.594874,-0.686995,0.384423,-0.325914,-0.10276,0.314946,-0.594874,-0.686995,0.345981,-0.160078
1579,28.5988,0.372854,0,-0.600194,-0.580495,0.502947,-0.274948,-0.0858204,0.24493,-0.600194,-0.580495,0.452652,-0.211306
1580,28.617,0.371235,0,-0.580736,-0.444501,0.574625,-0.231163,-0.0790608,0.177513,-0.580736,-0.444501,0.517163,-0.233594
1581,28.6351,0.366253,0,-0.540263,-0.307396,0.594092,-0.194757,-0.0789245,0.113625,-0.540263,-0.307396,0.534683,-0.224676
1582,28.6532,0.353872,0,-0.483558,-0.187844,0.566644,-0.16533,-0.0827542,0.0534542,-0.483558,-0.187844,0.50998,-0.191804
1583,28.6713,0.337153,0,-0.417307,-0.0924083,0.511918,-0.142155,-0.0887228,-0.00314914,-0.417307,-0.0924083,0.460726,-0.149539
1584,28.6894,0.318776,0,-0.348286,-0.0258136,0.443386,-0.124368,-0.0956719,-0.0564489,-0.348286,-0.0258136,0.399047,-0.108097
1585,28.7075,0.299844,0,-0.282168,0.0177531,0.368561,-0.111101,-0.10294,-0.106717,-0.282168,0.0177531,0.331705,-0.0727974
1586,28.7256,0.281137,0,-0.222206,0.0392496,0.293268,-0.10156,-0.110212,-0.15419,-0.222206,0.0392496,0.263942,-0.0456162
1587,28.7437,0.265839,0,-0.170432,0.0506913,0.222919,-0.0950593,-0.11741,-0.199067,-0.170432,0.0506913,0.200627,-0.0265948
1588,28.7619,0.254656,0,-0.125859,0.0563708,0.159226,-0.0910397,-0.124606,-0.241504,-0.125859,0.0563708,0.143304,-0.0140281
1589,28.78,0.246122,1,-0.0887463,0.0560221,0.100976,-0.0890654,-0.131967,-0.28163,-0.0887463,0.0560221,0.0908783,-0.00627287
1590,28.7981,0.23852,1,-0.0602352,0.0525504,0.0449933,-0.0888167,-0.139727,-0.319545,-0.0602352,0.0525504,0.040494,-0.00189713
1591,28.8162,0.232308,1,-0.0377039,0.0469902,-0.00736892,-0.0900782,-0.14816,-0.355327,-0.0377039,0.0469902,-0.00663203,0.000194486
1592,28.8343,0.228691,1,-0.0195052,0.0440091,-0.0560137,-0.0927272,-0.157582,-0.389027,-0.0195052,0.0440091,-0.0504123,0.000764792
1593,28.8524,0.227165,1,-0.00452452,0.0427052,-0.101661,-0.0967238,-0.168346,-0.420672,-0.00452452,0.0427052,-0.0914952,0.000321978
1594,28.8705,0.22892,1,0.00810149,0.0442854,-0.143036,-0.102104,-0.180852,-0.450252,0.00810149,0.0442854,-0.128733,-0.000811166
1595,28.8886,0.232856,1,0.0179086,0.0467382,-0.181299,-0.108974,-0.195559,-0.477709,0.0179086,0.0467382,-0.163169,-0.00227277
1596,28.9068,0.238732,1,0.0262438,0.0500662,-0.218124,-0.117512,-0.212996,-0.502925,0.0262438,0.0500662,-0.196311,-0.00400707
1597,28.9249,0.24887,1,0.0350844,0.0581411,-0.253646,-0.127967,-0.233776,-0.525691,0.0350844,0.0581411,-0.228281,-0.0062293
1598,28.943,0.263579,0,0.0437402,0.0685119,-0.286044,-0.140661,-0.258611,-0.545675,0.0437402,0.0685119,-0.257439,-0.00875812
1599,28.9611,0.283502,0,0.0529157,0.0811689,-0.315485,-0.155999,-0.288322,-0.56237,0.0529157,0.0811689,-0.283937,-0.0116859
1600,28.9792,0.309014,0,0.062248,0.0957304,-0.341779,-0.174471,-0.323829,-0.575022,0.062248,0.0957304,-0.307601,-0.0148925
1601,28.9973,0.341671,0,0.0721854,0.113636,-0.363983,-0.196652,-0.366133,-0.582536,0.0721854,0.113636,-0.327584,-0.018392
1602,29.0154,0.382552,0,0.0847045,0.135305,-0.383261,-0.223196,-0.41624,-0.583345,0.0847045,0.135305,-0.344935,-0.0227248
1603,29.0335,0.432347,0,0.099442,0.160849,-0.399349,-0.254814,-0.475021,-0.575256,0.099442,0.160849,-0.359414,-0.0277985
1604,29.0516,0.492744,0,0.116989,0.191967,-0.410915,-0.29221,-0.542951,-0.555281,0.116989,0.191967,-0.369823,-0.0336508
1605,29.0698,0.56395,0,0.13684,0.228864,-0.416662,-0.335977,-0.619655,-0.519509,0.13684,0.228864,-0.374996,-0.0399111
1606,29.0879,0.646059,0,0.160172,0.272101,-0.416328,-0.386403,-0.703215,-0.463141,0.160172,0.272101,-0.374695,-0.0466787
1607,29.106,0.738832,0,0.188989,0.323104,-0.40848,-0.443154,-0.789216,-0.380895,0.188989,0.323104,-0.367632,-0.0540387
1608,29.1241,0.83774,0,0.221782,0.380359,-0.389793,-0.504842,-0.869697,-0.268131,0.221782,0.380359,-0.350814,-0.0605143
1609,29.1422,0.935843,0,0.259225,0.441058,-0.358725,-0.568495,-0.932523,-0.123012,0.259225,0.441058,-0.322852,-0.0650933
1610,29.1603,1.02491,0,0.302091,0.504998,-0.31213,-0.629139,-0.962216,0.0503508,0.302091,0.504998,-0.280917,-0.0660042
1611,29.1784,1.09198,0,0.34912,0.56825,-0.24418,-0.679831,-0.943437,0.238883,0.34912,0.56825,-0.219762,-0.0596737
1612,29.1965,1.12363,0,0.397579,0.624971,-0.152734,-0.712606,-0.867304,0.420174,0.397579,0.624971,-0.137461,-0.0425068
1613,29.2147,1.11064,0,0.446122,0.666385,-0.0388167,-0.720477,-0.737952,0.567373,0.446122,0.666385,-0.0349351,-0.0121219
1614,29.2328,1.05115,0,0.491166,0.681496,0.0938974,-0.699889,-0.574299,0.658792,0.491166,0.681496,0.0845077,0.0322835
1615,29.2509,0.954992,0,0.528683,0.663357,0.236971,-0.652313,-0.403884,0.686721,0.528683,0.663357,0.213273,0.0876976
1616,29.269,0.837851,0,0.551716,0.604615,0.371813,-0.583896,-0.252028,0.659094,0.551716,0.604615,0.334632,0.143595
1617,29.2871,0.717817,0,0.555846,0.506859,0.476628,-0.503356,-0.133641,0.593392,0.555846,0.506859,0.428966,0.185453
1618,29.3052,0.607914,0,0.538195,0.384182,0.547304,-0.419408,-0.0518704,0.508162,0.538195,0.384182,0.492574,0.206189
1619,29.3233,0.516325,0,0.50249,0.260863,0.568356,-0.338935,-0.00183944,0.417479,0.50249,0.260863,0.51152,0.199915
1620,29.3414,0.439102,0,0.451501,0.149104,0.547904,-0.266319,0.024577,0.329595,0.451501,0.149104,0.493114,0.173165
1621,29.3596,0.373091,0,0.390094,0.056529,0.502351,-0.203646,0.0354387,0.248147,0.390094,0.056529,0.452116,0.137175
1622,29.3777,0.316346,0,0.325473,-0.0132413,0.439254,-0.151296,0.0372542,0.17399,0.325473,-0.0132413,0.395329,0.100076
1623,29.3958,0.267919,0,0.262817,-0.058391,0.368857,-0.108574,0.0347001,0.106665,0.262817,-0.058391,0.331972,0.0678593
1624,29.4139,0.226586,1,0.204874,-0.0830145,0.296606,-0.0742147,0.0308834,0.0452882,0.204874,-0.0830145,0.266945,0.0425367
1625,29.432,0.194503,1,0.156172,-0.093342,0.229109,-0.0467345,0.0277468,-0.011017,0.156172,-0.093342,0.206198,0.0250463
1626,29.4501,0.169282,1,0.114452,-0.0968765,0.163785,-0.0246455,0.0264433,-0.062959,0.114452,-0.0968765,0.147407,0.0131218
1627,29.4682,0.152011,1,0.07807,-0.0971882,0.104772,-0.0065711,0.0276282,-0.111049,0.07807,-0.0971882,0.0942952,0.0057257
1628,29.4863,0.140289,1,0.0491391,-0.0948204,0.0478672,0.00870527,0.0316705,-0.155622,0.0491391,-0.0948204,0.0430804,0.00164651
1629,29.5044,0.133763,1,0.026936,-0.0914825,-0.0053403,0.0222314,0.0387986,-0.196867,0.026936,-0.0914825,-0.00480627,-0.000100693
1630,29.5226,0.132228,1,0.0094006,-0.0887392,-0.0538089,0.0349014,0.0491963,-0.23485,0.0094006,-0.0887392,-0.048428,-0.000354085
1631,29.5407,0.134466,1,-0.0044328,-0.0858687,-0.0981559,0.0474811,0.063064,-0.269525,-0.0044328,-0.0858687,-0.0883403,0.000304574
1632,29.5588,0.140055,1,-0.0154309,-0.0844045,-0.140057,0.0606388,0.0806547,-0.300728,-0.0154309,-0.0844045,-0.126052,0.00151285
1633,29.5769,0.14879,1,-0.0241178,-0.0845877,-0.180943,0.0749734,0.10229,-0.328162,-0.0241178,-0.0845877,-0.162849,0.00305477
1634,29.595,0.162759,1,-0.032579,-0.086882,-0.217723,0.0910404,0.128359,-0.351371,-0.032579,-0.086882,-0.195951,0.00496524
1635,29.6131,0.181319,1,-0.0398666,-0.0907756,-0.252124,0.10937,0.159299,-0.369689,-0.0398666,-0.0907756,-0.226912,0.00703594
1636,29.6312,0.203676,1,-0.045649,-0.0948966,-0.28695,0.130476,0.195551,-0.382193,-0.045649,-0.0948966,-0.258255,0.0091693
1637,29.6493,0.232628,1,-0.0517082,-0.101868,-0.320411,0.154856,0.237483,-0.387637,-0.0517082,-0.101868,-0.28837,0.0115975
1638,29.6675,0.268516,0,-0.0585352,-0.110793,-0.35085,0.182964,0.285256,-0.384389,-0.0585352,-0.110793,-0.315765,0.0143759
1639,29.6856,0.31229,0,-0.0663215,-0.1232,-0.377668,0.21517,0.338627,-0.370391,-0.0663215,-0.1232,-0.339901,0.0175333
1640,29.7037,0.363293,0,-0.0748974,-0.137932,-0.402461,0.251669,0.396657,-0.343184,-0.0748974,-0.137932,-0.362215,0.0211003
1641,29.7218,0.421159,0,-0.0842588,-0.154698,-0.425373,0.29236,0.457331,-0.300059,-0.0842588,-0.154698,-0.382836,0.025089
1642,29.7399,0.484984,0,-0.0946299,-0.173398,-0.445294,0.336658,0.517134,-0.238447,-0.0946299,-0.173398,-0.400765,0.0294967
1643,29.758,0.554497,0,-0.106934,-0.196264,-0.463003,0.383278,0.570703,-0.156646,-0.106934,-0.196264,-0.416703,0.0346574
1644,29.7761,0.627309,0,-0.121806,-0.224327,-0.477472,0.43002,0.610838,-0.0549346,-0.121806,-0.224327,-0.429725,0.0407112
1645,29.7942,0.6992,0,-0.139617,-0.258081,-0.487551,0.473652,0.629228,0.0631068,-0.139617,-0.258081,-0.438796,0.0476493
1646,29.8124,0.764823,0,-0.161168,-0.298158,-0.492015,0.510053,0.618224,0.189577,-0.161168,-0.298158,-0.442813,0.055508
1647,29.8305,0.81771,0,-0.186727,-0.344606,-0.489172,0.534728,0.573487,0.312426,-0.186727,-0.344606,-0.440255,0.063939
1648,29.8486,0.852633,0,-0.217011,-0.398105,-0.477894,0.54373,0.496562,0.417535,-0.217011,-0.398105,-0.430105,0.0725958
1649,29.8667,0.865901,0,-0.252442,-0.460044,-0.454759,0.534752,0.395768,0.492481,-0.252442,-0.460044,-0.409283,0.0803602
1650,29.8848,0.857329,0,-0.294104,-0.530732,-0.417011,0.507918,0.284337,0.530335,-0.294104,-0.530732,-0.37531,0.0858511
1651,29.9029,0.827817,0,-0.341329,-0.606604,-0.358077,0.46588,0.176399,0.531395,-0.341329,-0.606604,-0.322269,0.0855555
1652,29.921,0.782675,0,-0.393685,-0.681372,-0.274301,0.413125,0.0829544,0.501976,-0.393685,-0.681372,-0.246871,0.0755916
1653,29.9391,0.729328,0,-0.449414,-0.746122,-0.163127,0.354847,0.00978948,0.451302,-0.449414,-0.746122,-0.146814,0.051318
1654,29.9572,0.675613,0,-0.50443,-0.7882,-0.0268826,0.295863,-0.0422685,0.388422,-0.50443,-0.7882,-0.0241943,0.00949227
1655,29.9754,0.628931,0,-0.554264,-0.796815,0.130886,0.239931,-0.0757001,0.320384,-0.554264,-0.796815,0.117797,-0.0507816
1656,29.9935,0.593451,0,-0.592858,-0.759882,0.292419,0.189515,-0.0944551,0.25179,-0.592858,-0.759882,0.263177,-0.121354
1657,30.0116,0.568251,0,-0.613274,-0.676172,0.437037,0.145889,-0.102612,0.185187,-0.613274,-0.676172,0.393333,-0.187616
1658,30.0297,0.547253,0,-0.610538,-0.550855,0.546181,0.109404,-0.103669,0.121724,-0.610538,-0.550855,0.491563,-0.233425
1659,30.0478,0.524422,0,-0.581764,-0.402623,0.605809,0.0797903,-0.100298,0.0617493,-0.581764,-0.402623,0.545228,-0.246707
1660,30.0659,0.498081,0,-0.533305,-0.261766,0.612226,0.0564175,-0.094376,0.00521575,-0.533305,-0.261766,0.551004,-0.228552
1661,30.084,0.464986,0,-0.469481,-0.144139,0.574293,0.0384949,-0.0871112,-0.0480761,-0.469481,-0.144139,0.516864,-0.188734
1662,30.1021,0.428677,0,-0.398514,-0.0539733,0.510838,0.0252054,-0.0792068,-0.098357,-0.398514,-0.0539733,0.459754,-0.142503
1663,30.1203,0.392641,0,-0.326833,0.00754819,0.436348,0.0157888,-0.0710018,-0.145838,-0.326833,0.00754819,0.392713,-0.099829
1664,30.1384,0.357409,0,-0.259215,0.0459993,0.356279,0.00958621,-0.0625839,-0.190693,-0.259215,0.0459993,0.320651,-0.0646471
1665,30.1565,0.324761,0,-0.198265,0.0627497,0.277879,0.00605909,-0.0538725,-0.233062,-0.198265,0.0627497,0.250092,-0.0385657
1666,30.1746,0.297876,0,-0.146471,0.0711156,0.206435,0.00479238,-0.0446741,-0.273046,-0.146471,0.0711156,0.185792,-0.0211657
1667,30.1927,0.276341,0,-0.102875,0.0733082,0.1428,0.00548908,-0.0347169,-0.310721,-0.102875,0.0733082,0.12852,-0.0102834
1668,30.2108,0.258565,0,-0.0681526,0.0708247,0.0849721,0.00796104,-0.0236694,-0.346125,-0.0681526,0.0708247,0.0764749,-0.00405375
1669,30.2289,0.241734,1,-0.0411073,0.0659852,0.0288093,0.0121193,-0.011147,-0.379263,-0.0411073,0.0659852,0.0259283,-0.000828989
1670,30.247,0.227823,1,-0.0188665,0.0615358,-0.0215586,0.0179659,0.00328952,-0.410095,-0.0188665,0.0615358,-0.0194028,0.000284715
1671,30.2652,0.214955,1,-0.00111454,0.0606463,-0.0693818,0.0255876,0.0201408,-0.438521,-0.00111454,0.0606463,-0.0624436,5.41302e-05
1672,30.2833,0.203712,1,0.0137463,0.0618071,-0.112845,0.0351528,0.039979,-0.464359,0.0137463,0.0618071,-0.101561,-0.00108585
1673,30.3014,0.193731,1,0.0259309,0.0650206,-0.152426,0.0469105,0.063457,-0.487317,0.0259309,0.0650206,-0.137183,-0.00276677
1674,30.3195,0.184317,1,0.0359272,0.0695889,-0.189449,0.0611911,0.0913158,-0.506952,0.0359272,0.0695889,-0.170504,-0.00476445
1675,30.3376,0.174165,1,0.0459854,0.0779551,-0.226301,0.0784075,0.124381,-0.522601,0.0459854,0.0779551,-0.203671,-0.00728457
1676,30.3557,0.165451,1,0.0564255,0.0900014,-0.259639,0.0990538,0.163539,-0.533313,0.0564255,0.0900014,-0.233675,-0.0102552
1677,30.3738,0.159043,1,0.0673334,0.104548,-0.289433,0.123697,0.209686,-0.537734,0.0673334,0.104548,-0.26049,-0.013642
1678,30.3919,0.156783,1,0.0781719,0.121022,-0.315306,0.152956,0.263607,-0.533983,0.0781719,0.121022,-0.283775,-0.0172537
1679,30.41,0.160369,1,0.090143,0.141258,-0.336098,0.187455,0.325768,-0.519515,0.090143,0.141258,-0.302488,-0.0212078
1680,30.4282,0.170839,1,0.104317,0.165459,-0.35246,0.22773,0.395959,-0.491012,0.104317,0.165459,-0.317214,-0.0257373
1681,30.4463,0.189325,1,0.120785,0.193567,-0.366338,0.274081,0.472747,-0.444383,0.120785,0.193567,-0.329705,-0.0309738
1682,30.4644,0.216217,1,0.140831,0.227374,-0.375044,0.326317,0.552711,-0.375055,0.140831,0.227374,-0.337539,-0.0369724
1683,30.4825,0.250761,0,0.163606,0.268289,-0.377778,0.38341,0.629576,-0.278776,0.163606,0.268289,-0.34,-0.0432648
1684,30.5006,0.291309,0,0.190228,0.315809,-0.372214,0.443055,0.69357,-0.153221,0.190228,0.315809,-0.334993,-0.049564
1685,30.5187,0.334841,0,0.221163,0.36868,-0.355506,0.501282,0.731754,-0.000447174,0.221163,0.36868,-0.319955,-0.0550375
1686,30.5368,0.377968,0,0.256097,0.424248,-0.326708,0.552353,0.730273,0.170445,0.256097,0.424248,-0.294037,-0.0585683
1687,30.5549,0.415555,0,0.295717,0.482644,-0.284981,0.589329,0.679015,0.342145,0.295717,0.482644,-0.256483,-0.0589917
1688,30.5731,0.441801,0,0.339063,0.540133,-0.224656,0.605504,0.577337,0.491717,0.339063,0.540133,-0.20219,-0.0533207
1689,30.5912,0.454944,0,0.383717,0.593105,-0.145014,0.596454,0.4373,0.597543,0.383717,0.593105,-0.130513,-0.038951
1690,30.6093,0.454863,0,0.428961,0.633312,-0.0445101,0.561764,0.280933,0.647511,0.428961,0.633312,-0.0400591,-0.0133652
1691,30.6274,0.444944,0,0.471051,0.649871,0.073238,0.505401,0.132143,0.643066,0.471051,0.649871,0.0659142,0.0241492
1692,30.6455,0.43128,0,0.506756,0.638714,0.202204,0.434442,0.00839267,0.596504,0.506756,0.638714,0.181983,0.0717275
1693,30.6636,0.418478,0,0.530623,0.592674,0.327479,0.356907,-0.0829688,0.524204,0.530623,0.592674,0.294731,0.121638
1694,30.6817,0.406609,0,0.537798,0.512002,0.427581,0.279845,-0.143194,0.44062,0.537798,0.512002,0.384823,0.160967
1695,30.6998,0.392884,0,0.525957,0.406051,0.499546,0.208296,-0.178271,0.355556,0.525957,0.406051,0.449592,0.183918
1696,30.718,0.378856,0,0.497416,0.294517,0.532021,0.145141,-0.195444,0.274268,0.497416,0.294517,0.478819,0.185245
1697,30.7361,0.361377,0,0.454773,0.191188,0.524125,0.0914781,-0.201206,0.198821,0.454773,0.191188,0.471713,0.16685
1698,30.7542,0.339469,0,0.401123,0.101476,0.488948,0.0471618,-0.200563,0.129502,0.401123,0.101476,0.440053,0.13729
1699,30.7723,0.315684,0,0.342446,0.0310447,0.436358,0.0113098,-0.197024,0.0658158,0.342446,0.0310447,0.392723,0.104601
1700,30.7904,0.292001,0,0.284323,-0.0183172,0.373571,-0.0173182,-0.192883,0.00705581,0.284323,-0.0183172,0.336214,0.0743505
1701,30.8085,0.269966,0,0.230199,-0.0468931,0.306464,-0.0400658,-0.189553,-0.0474429,0.230199,-0.0468931,0.275818,0.0493834
1702,30.8266,0.25096,0,0.182125,-0.0609561,0.241003,-0.0582303,-0.187858,-0.0982131,0.182125,-0.0609561,0.216903,0.0307248
1703,30.8447,0.234885,1,0.141259,-0.0671714,0.178314,-0.0729857,-0.188253,-0.145648,0.141259,-0.0671714,0.160483,0.0176319
1704,30.8628,0.221932,1,0.106455,-0.0681477,0.119625,-0.0853545,-0.19099,-0.190022,0.106455,-0.0681477,0.107662,0.00891425
1705,30.881,0.211426,1,0.0766437,-0.0673713,0.0644989,-0.0962094,-0.196226,-0.23151,0.0766437,-0.0673713,0.058049,0.0034604
1706,30.8991,0.20368,1,0.0548949,-0.0632109,0.0101935,-0.106291,-0.204102,-0.27021,0.0548949,-0.0632109,0.00917415,0.0003917
1707,30.9172,0.199046,1,0.0373077,-0.058917,-0.0397102,-0.116233,-0.214787,-0.306145,0.0373077,-0.058917,-0.0357392,-0.00103705
1708,30.9353,0.198349,1,0.0239554,-0.0539747,-0.0845151,-0.126591,-0.228518,-0.339265,0.0239554,-0.0539747,-0.0760636,-0.00141722
1709,30.9534,0.200343,1,0.0137257,-0.0494019,-0.126667,-0.137869,-0.24561,-0.36943,0.0137257,-0.0494019,-0.114,-0.00121702
1710,30.9715,0.20461,1,0.0065969,-0.0456147,-0.16809,-0.150548,-0.266472,-0.396395,0.0065969,-0.0456147,-0.151281,-0.000776211
1711,30.9896,0.211875,1,0.00088317,-0.042055,-0.208006,-0.165102,-0.291609,-0.419771,0.00088317,-0.042055,-0.187205,-0.000128593
1712,31.0077,0.222839,1,-0.00378436,-0.0394089,-0.245161,-0.18202,-0.321611,-0.43898,-0.00378436,-0.0394089,-0.220645,0.000649443
1713,31.0259,0.237871,1,-0.00714548,-0.0376979,-0.280515,-0.201817,-0.357123,-0.453195,-0.00714548,-0.0376979,-0.252464,0.00140309
1714,31.044,0.257591,0,-0.00934172,-0.0367061,-0.314874,-0.22503,-0.398797,-0.461255,-0.00934172,-0.0367061,-0.283387,0.00205903
1715,31.0621,0.28283,0,-0.0111593,-0.0364213,-0.346912,-0.252211,-0.447183,-0.461578,-0.0111593,-0.0364213,-0.312221,0.00270992
1716,31.0802,0.315227,0,-0.0117865,-0.0351101,-0.377493,-0.283889,-0.502555,-0.452059,-0.0117865,-0.0351101,-0.339743,0.00311453
1717,31.0983,0.354148,0,-0.0124525,-0.0347502,-0.405773,-0.320501,-0.564638,-0.43001,-0.0124525,-0.0347502,-0.365195,0.00353702
1718,31.1164,0.400218,0,-0.01325,-0.0345497,-0.431449,-0.362271,-0.632184,-0.39218,-0.01325,-0.0345497,-0.388304,0.0040017
1719,31.1345,0.453682,0,-0.0137372,-0.0339371,-0.454819,-0.409022,-0.702424,-0.33499,-0.0137372,-0.0339371,-0.409337,0.00437355
1720,31.1526,0.514052,0,-0.0138287,-0.032868,-0.478153,-0.459915,-0.770442,-0.255127,-0.0138287,-0.032868,-0.430337,0.00462856
1721,31.1708,0.57859,0,-0.0143073,-0.0329481,-0.500275,-0.513134,-0.828722,-0.150685,-0.0143073,-0.0329481,-0.450248,0.00501032
1722,31.1889,0.644625,0,-0.0146705,-0.0338962,-0.521399,-0.56559,-0.86732,-0.0228838,-0.0146705,-0.0338962,-0.469259,0.00535442
1723,31.207,0.70783,0,-0.0153315,-0.0351517,-0.541489,-0.612824,-0.875297,0.122009,-0.0153315,-0.0351517,-0.48734,0.00581129
1724,31.2251,0.763064,0,-0.0160739,-0.0359492,-0.560992,-0.64934,-0.843779,0.271586,-0.0160739,-0.0359492,-0.504892,0.00631213
1725,31.2432,0.804373,0,-0.016741,-0.0367518,-0.580026,-0.669544,-0.77004,0.408501,-0.016741,-0.0367518,-0.522023,0.00679716
1726,31.2613,0.826971,0,-0.0172266,-0.0379609,-0.598381,-0.6692,-0.660512,0.514725,-0.0172266,-0.0379609,-0.538543,0.00721566
1727,31.2794,0.828951,0,-0.0177426,-0.0393325,-0.616137,-0.64685,-0.530226,0.577483,-0.0177426,-0.0393325,-0.554523,0.00765233
1728,31.2975,0.811148,0,-0.0186941,-0.0412907,-0.632625,-0.604483,-0.39809,0.59352,-0.0186941,-0.0412907,-0.569362,0.00827846
1729,31.3156,0.777768,0,-0.0197501,-0.0434897,-0.647757,-0.547008,-0.280543,0.569032,-0.0197501,-0.0434897,-0.582981,0.00895527
1730,31.3338,0.734245,0,-0.0208629,-0.0460269,-0.66147,-0.480828,-0.187273,0.515742,-0.0208629,-0.0460269,-0.595323,0.00966012
1731,31.3519,0.685981,0,-0.02248,-0.0492464,-0.674082,-0.412244,-0.12066,0.446049,-0.02248,-0.0492464,-0.606674,0.0106074
1732,31.37,0.637292,0,-0.0244099,-0.0530585,-0.685743,-0.346317,-0.0779045,0.369805,-0.0244099,-0.0530585,-0.617169,0.0117173
1733,31.3881,0.59074,0,-0.0265207,-0.0571342,-0.696283,-0.286422,-0.0538038,0.293344,-0.0265207,-0.0571342,-0.626655,0.0129261
1734,31.4062,0.547637,0,-0.0290088,-0.061775,-0.705868,-0.234324,-0.0428456,0.219985,-0.0290088,-0.061775,-0.635281,0.0143335
1735,31.4243,0.508278,0,-0.0320985,-0.0675229,-0.714524,-0.190536,-0.0403073,0.151038,-0.0320985,-0.0675229,-0.643072,0.0160546
1736,31.4424,0.472439,0,-0.0358706,-0.074732,-0.722266,-0.154724,-0.0426073,0.0867069,-0.0358706,-0.074732,-0.650039,0.0181357
1737,31.4605,0.439657,0,-0.0404941,-0.0838121,-0.729096,-0.12607,-0.0472509,0.0267047,-0.0404941,-0.0838121,-0.656186,0.0206669
1738,31.4787,0.409437,0,-0.0463403,-0.0954831,-0.73496,-0.10354,-0.0526203,-0.0294054,-0.0463403,-0.0954831,-0.661464,0.0238408
1739,31.4968,0.381474,0,-0.053681,-0.110313,-0.739892,-0.0860542,-0.0577406,-0.0820512,-0.053681,-0.110313,-0.665903,0.0278027
1740,31.5149,0.355655,0,-0.0628865,-0.128923,-0.743894,-0.0725984,-0.0620759,-0.131596,-0.0628865,-0.128923,-0.669505,0.0327466
1741,31.533,0.332158,0,-0.0743106,-0.151997,-0.746957,-0.0622726,-0.0653718,-0.17833,-0.0743106,-0.151997,-0.672262,0.0388548
1742,31.5511,0.310963,0,-0.0882959,-0.180181,-0.748081,-0.0543107,-0.0675405,-0.222485,-0.0882959,-0.180181,-0.673273,0.0462367
1743,31.5692,0.292414,0,-0.105303,-0.214777,-0.745774,-0.0480792,-0.068581,-0.264244,-0.105303,-0.214777,-0.671196,0.0549725
1744,31.5873,0.277922,0,-0.12597,-0.257064,-0.738851,-0.0430627,-0.068527,-0.303761,-0.12597,-0.257064,-0.664966,0.0651512
1745,31.6054,0.270426,0,-0.151546,-0.308771,-0.726437,-0.0388459,-0.0674123,-0.341163,-0.151546,-0.308771,-0.653793,0.0770619
1746,31.6236,0.273194,0,-0.18264,-0.371351,-0.705859,-0.0350933,-0.06525,-0.376561,-0.18264,-0.371351,-0.635273,0.0902427
1747,31.6417,0.290065,0,-0.220689,-0.445094,-0.674408,-0.0315294,-0.0620194,-0.410049,-0.220689,-0.445094,-0.606967,0.104184
1748,31.6598,0.323164,0,-0.265595,-0.529299,-0.627105,-0.0279213,-0.0576577,-0.44171,-0.265595,-0.529299,-0.564394,0.116589
1749,31.6779,0.372796,0,-0.318001,-0.620918,-0.554816,-0.0240623,-0.0520529,-0.471609,-0.318001,-0.620918,-0.499335,0.123503
1750,31.696,0.44108,0,-0.378583,-0.717782,-0.451664,-0.0197577,-0.0450384,-0.499798,-0.378583,-0.717782,-0.406498,0.119695
1751,31.7141,0.526482,0,-0.445943,-0.811382,-0.314043,-0.0148124,-0.0363856,-0.526305,-0.445943,-0.811382,-0.282638,0.0980316
1752,31.7322,0.622839,0,-0.516897,-0.884995,-0.141718,-0.0090187,-0.0257955,-0.551131,-0.516897,-0.884995,-0.127547,0.0512777
1753,31.7503,0.72394,0,-0.583302,-0.920238,0.0670409,-0.00214495,-0.0128879,-0.574237,-0.583302,-0.920238,0.0603368,-0.0273736
1754,31.7684,0.820654,0,-0.639243,-0.890421,0.302307,0.00607609,0.00281181,-0.595535,-0.639243,-0.890421,0.272076,-0.135273
1755,31.7866,0.897087,0,-0.674038,-0.783639,0.520628,0.0159592,0.0218873,-0.614855,-0.674038,-0.783639,0.468566,-0.245646
1756,31.8047,0.942667,0,-0.676421,-0.607953,0.688461,0.0278794,0.0450476,-0.631923,-0.676421,-0.607953,0.619615,-0.325983
1757,31.8228,0.949475,0,-0.640679,-0.394821,0.774639,0.0422852,0.0731412,-0.646304,-0.640679,-0.394821,0.697175,-0.347407
1758,31.8409,0.919368,0,-0.572789,-0.1835,0.774853,0.0597112,0.107163,-0.657337,-0.572789,-0.1835,0.697368,-0.310679
1759,31.859,0.858909,0,-0.482095,-0.00925962,0.704004,0.080789,0.148248,-0.664034,-0.482095,-0.00925962,0.633603,-0.237578
1760,31.8771,0.784628,0,-0.379449,0.113956,0.601556,0.106251,0.197623,-0.664942,-0.379449,0.113956,0.541401,-0.159782
1761,31.8952,0.70987,0,-0.279704,0.183236,0.496508,0.13692,0.256502,-0.657962,-0.279704,0.183236,0.446858,-0.0972126
1762,31.9133,0.636705,0,-0.189466,0.211004,0.394819,0.173674,0.325862,-0.640129,-0.189466,0.211004,0.355337,-0.0523632
1763,31.9315,0.569721,0,-0.113814,0.215699,0.30248,0.217353,0.406024,-0.607383,-0.113814,0.215699,0.272232,-0.0240985
1764,31.9496,0.51419,0,-0.0515385,0.21291,0.226966,0.26859,0.495943,-0.554434,-0.0515385,0.21291,0.204269,-0.00818823
1765,31.9677,0.469044,0,-0.00144249,0.20912,0.161535,0.327505,0.592137,-0.474939,-0.00144249,0.20912,0.145381,-0.000163108
1766,31.9858,0.438008,0,0.0414089,0.21039,0.111282,0.393225,0.687272,-0.362387,0.0414089,0.21039,0.100154,0.00322565
1767,32.0039,0.424667,0,0.0765102,0.2102,0.0694954,0.463239,0.768866,-0.212214,0.0765102,0.2102,0.0625459,0.00372198
1768,32.022,0.431397,0,0.103081,0.210712,0.0334702,0.532719,0.819188,-0.025497,0.103081,0.210712,0.0301232,0.00241511
1769,32.0401,0.453685,0,0.125597,0.215194,0.00132133,0.594206,0.818183,0.186523,0.125597,0.215194,0.00118919,0.000116168
1770,32.0582,0.483468,0,0.145884,0.225383,-0.0276819,0.638275,0.750674,0.399923,0.145884,0.225383,-0.0249137,-0.00282684
1771,32.0764,0.510975,0,0.165374,0.240859,-0.0523267,0.655684,0.615914,0.581879,0.165374,0.240859,-0.047094,-0.00605745
1772,32.0945,0.529807,0,0.184352,0.257781,-0.0744682,0.640571,0.432897,0.702246,0.184352,0.257781,-0.0670214,-0.00960986
1773,32.1126,0.534545,0,0.202537,0.276325,-0.0914952,0.593085,0.23491,0.74694,0.202537,0.276325,-0.0823457,-0.0129718
1774,32.1307,0.525473,0,0.221483,0.298399,-0.101898,0.519616,0.0553307,0.722966,0.221483,0.298399,-0.0917083,-0.0157981
1775,32.1488,0.508165,0,0.241289,0.323146,-0.10491,0.430396,-0.0850069,0.651625,0.241289,0.323146,-0.0944187,-0.0177195
1776,32.1669,0.488972,0,0.261748,0.348177,-0.100318,0.336083,-0.181017,0.556726,0.261748,0.348177,-0.0902863,-0.0183806
1777,32.185,0.473248,0,0.282036,0.374146,-0.0868081,0.245193,-0.238633,0.456364,0.282036,0.374146,-0.0781273,-0.0171381
1778,32.2031,0.463478,0,0.302857,0.397965,-0.0648455,0.163126,-0.26816,0.360817,0.302857,0.397965,-0.058361,-0.0137472
1779,32.2212,0.461906,0,0.324934,0.420253,-0.0357082,0.092405,-0.279704,0.274233,0.324934,0.420253,-0.0321374,-0.00812197
1780,32.2394,0.467657,0,0.347471,0.439614,0.00257936,0.0334514,-0.281231,0.197216,0.347471,0.439614,0.00232143,0.000627376
1781,32.2575,0.479773,0,0.369147,0.454166,0.0465942,-0.0146076,-0.278308,0.128818,0.369147,0.454166,0.0419348,0.0120401
1782,32.2756,0.495709,0,0.388995,0.460861,0.0952038,-0.0533024,-0.274529,0.0676968,0.388995,0.460861,0.0856834,0.0259237
1783,32.2937,0.513978,0,0.406168,0.458429,0.147629,-0.0843976,-0.27208,0.0126374,0.406168,0.458429,0.132866,0.0419735
1784,32.3118,0.531501,0,0.417807,0.444783,0.197633,-0.109641,-0.272222,-0.0372768,0.417807,0.444783,0.17787,0.0578008
1785,32.3299,0.546679,0,0.423381,0.420006,0.242465,-0.130634,-0.27565,-0.0826544,0.423381,0.420006,0.218219,0.0718586
1786,32.348,0.558251,0,0.422518,0.385633,0.278441,-0.148782,-0.282737,-0.123839,0.422518,0.385633,0.250597,0.0823526
1787,32.3661,0.566026,0,0.41532,0.345412,0.303363,-0.165286,-0.2937,-0.160955,0.41532,0.345412,0.273027,0.088195
1788,32.3843,0.569401,0,0.401259,0.301059,0.317572,-0.18116,-0.308689,-0.193943,0.401259,0.301059,0.285815,0.0892001
1789,32.4024,0.568239,0,0.381304,0.255521,0.319304,-0.197262,-0.327848,-0.222569,0.381304,0.255521,0.287374,0.0852264
1790,32.4205,0.564781,0,0.357932,0.214812,0.3094,-0.214321,-0.351332,-0.246425,0.357932,0.214812,0.27846,0.0775209
1791,32.4386,0.560336,0,0.332829,0.181342,0.289617,-0.232962,-0.37929,-0.26491,0.332829,0.181342,0.260655,0.0674751
1792,32.4567,0.556114,0,0.30705,0.155954,0.262196,-0.25372,-0.411827,-0.277203,0.30705,0.155954,0.235976,0.0563551
1793,32.4748,0.553132,0,0.281913,0.137632,0.229018,-0.277041,-0.448925,-0.282242,0.281913,0.137632,0.206116,0.0451941
1794,32.4929,0.552402,0,0.257767,0.124574,0.193069,-0.30327,-0.490329,-0.278708,0.257767,0.124574,0.173762,0.0348368
1795,32.511,0.555302,0,0.236138,0.116548,0.15519,-0.332605,-0.535381,-0.265047,0.236138,0.116548,0.139671,0.0256524
1796,32.5292,0.563353,0,0.217647,0.113395,0.118032,-0.365038,-0.582814,-0.239558,0.217647,0.113395,0.106229,0.0179825
1797,32.5473,0.577448,0,0.20251,0.115849,0.0821578,-0.400254,-0.63052,-0.200591,0.20251,0.115849,0.073942,0.0116464
1798,32.5654,0.597041,0,0.191022,0.122618,0.0468865,-0.437521,-0.675348,-0.14691,0.191022,0.122618,0.0421978,0.00626943
1799,32.5835,0.620457,0,0.182412,0.131777,0.012629,-0.475561,-0.71304,-0.0782379,0.182412,0.131777,0.0113661,0.00161257
1800,32.6016,0.646684,0,0.177316,0.143709,-0.0197021,-0.512471,-0.738465,0.00405101,0.177316,0.143709,-0.0177319,-0.00244545
1801,32.6197,0.67325,0,0.175568,0.158161,-0.0501963,-0.545729,-0.746315,0.0962677,0.175568,0.158161,-0.0451767,-0.00616901
1802,32.6378,0.697484,0,0.177402,0.175699,-0.0776749,-0.572383,-0.732313,0.192114,0.177402,0.175699,-0.0699074,-0.0096458
1803,32.6559,0.716285,0,0.182916,0.196958,-0.101023,-0.589456,-0.694692,0.283154,0.182916,0.196958,-0.0909211,-0.0129352
1804,32.674,0.725686,0,0.191134,0.220694,-0.119043,-0.594524,-0.635383,0.36026,0.191134,0.220694,-0.107139,-0.0159272
1805,32.6922,0.723933,0,0.202134,0.246461,-0.131923,-0.586322,-0.560174,0.415719,0.202134,0.246461,-0.118731,-0.0186663
1806,32.7103,0.711023,0,0.215745,0.274109,-0.139582,-0.565141,-0.477521,0.445165,0.215745,0.274109,-0.125624,-0.0210799
1807,32.7284,0.688751,0,0.232132,0.303979,-0.141025,-0.532832,-0.396386,0.448427,0.232132,0.303979,-0.126923,-0.0229156
1808,32.7465,0.659942,0,0.251132,0.335418,-0.135648,-0.49241,-0.324093,0.428943,0.251132,0.335418,-0.122083,-0.0238458
1809,32.7646,0.628098,0,0.27248,0.367231,-0.123029,-0.447411,-0.265078,0.392205,0.27248,0.367231,-0.110726,-0.023466
1810,32.7827,0.596468,0,0.295765,0.398302,-0.101133,-0.401248,-0.220798,0.344076,0.295765,0.398302,-0.0910201,-0.0209382
1811,32.8008,0.568943,0,0.320539,0.427821,-0.071085,-0.356755,-0.190452,0.289606,0.320539,0.427821,-0.0639765,-0.0159499
1812,32.8189,0.547796,0,0.346387,0.454017,-0.0313931,-0.315973,-0.171968,0.232541,0.346387,0.454017,-0.0282538,-0.0076119
1813,32.8371,0.533472,0,0.371375,0.473189,0.0180531,-0.280149,-0.162854,0.175347,0.371375,0.473189,0.0162478,0.00469313
1814,32.8552,0.525872,0,0.393866,0.482164,0.0758222,-0.249856,-0.160751,0.119486,0.393866,0.482164,0.0682399,0.0209046
1815,32.8733,0.523863,0,0.412217,0.477777,0.140039,-0.225173,-0.163714,0.0657435,0.412217,0.477777,0.126035,0.0404086
1816,32.8914,0.526879,0,0.426099,0.4607,0.202344,-0.205858,-0.170291,0.0145017,0.426099,0.4607,0.18211,0.0603532
1817,32.9095,0.532351,0,0.433549,0.431785,0.258909,-0.191495,-0.179505,-0.0340707,0.433549,0.431785,0.233018,0.0785749
1818,32.9276,0.53657,0,0.433282,0.391041,0.303677,-0.181605,-0.190773,-0.0798978,0.433282,0.391041,0.273309,0.0921045
1819,32.9457,0.536746,0,0.42454,0.340495,0.332794,-0.175719,-0.203834,-0.122927,0.42454,0.340495,0.299515,0.0988991
1820,32.9638,0.53246,0,0.407126,0.28547,0.346165,-0.173433,-0.218666,-0.163089,0.407126,0.28547,0.311548,0.0986529
1821,32.982,0.524768,0,0.383091,0.233975,0.342847,-0.174427,-0.235428,-0.200272,0.383091,0.233975,0.308563,0.0919391
1822,33.0001,0.515086,0,0.354719,0.188716,0.327192,-0.178482,-0.254416,-0.234298,0.354719,0.188716,0.294473,0.0812428
1823,33.0182,0.504318,0,0.324235,0.151983,0.300788,-0.185483,-0.276022,-0.264906,0.324235,0.151983,0.27071,0.0682683
1824,33.0363,0.493458,0,0.293622,0.124708,0.265384,-0.195412,-0.300711,-0.291721,0.293622,0.124708,0.238845,0.0545457
1825,33.0544,0.484272,0,0.264463,0.10587,0.225143,-0.208345,-0.328986,-0.314218,0.264463,0.10587,0.202629,0.0416793
1826,33.0725,0.478361,0,0.237048,0.0933494,0.184805,-0.224435,-0.361357,-0.331685,0.237048,0.0933494,0.166325,0.0306655
1827,33.0906,0.476098,0,0.212993,0.0862287,0.143152,-0.243897,-0.398284,-0.343169,0.212993,0.0862287,0.128837,0.0213433
1828,33.1087,0.479379,0,0.193369,0.0855427,0.101131,-0.266978,-0.44009,-0.347426,0.193369,0.0855427,0.0910175,0.0136888
1829,33.1268,0.489883,0,0.178184,0.0909052,0.0612126,-0.293918,-0.486837,-0.342877,0.178184,0.0909052,0.0550914,0.00763498
1830,33.145,0.507114,0,0.166266,0.099706,0.0237345,-0.324885,-0.538126,-0.3276,0.166266,0.099706,0.021361,0.00276236
1831,33.1631,0.530587,0,0.158086,0.110284,-0.0132121,-0.35988,-0.59284,-0.299385,0.158086,0.110284,-0.0118908,-0.00146205
1832,33.1812,0.560446,0,0.153435,0.122155,-0.0482099,-0.39861,-0.648816,-0.255934,0.153435,0.122155,-0.0433889,-0.00517794
1833,33.1993,0.596764,0,0.152171,0.136658,-0.080746,-0.440319,-0.702522,-0.195273,0.152171,0.136658,-0.0726714,-0.00860102
1834,33.2174,0.638743,0,0.154619,0.154808,-0.109769,-0.4836,-0.748856,-0.116446,0.154619,0.154808,-0.0987921,-0.0118807
1835,33.2355,0.683735,0,0.160495,0.17675,-0.134375,-0.526241,-0.781323,-0.0204858,0.160495,0.17675,-0.120937,-0.0150965
1836,33.2536,0.726983,0,0.169038,0.201128,-0.153176,-0.56518,-0.792856,0.0885542,0.169038,0.201128,-0.137859,-0.0181248
1837,33.2717,0.76382,0,0.180625,0.226911,-0.167532,-0.5967,-0.777453,0.202984,0.180625,0.226911,-0.150779,-0.0211824
1838,33.2899,0.790196,0,0.194875,0.254712,-0.17781,-0.61694,-0.732361,0.311956,0.194875,0.254712,-0.160029,-0.0242555
1839,33.308,0.802575,0,0.211736,0.284929,-0.182481,-0.622699,-0.659935,0.403463,0.211736,0.284929,-0.164233,-0.0270464
1840,33.3261,0.799192,0,0.231238,0.318098,-0.180194,-0.612305,-0.567975,0.467443,0.231238,0.318098,-0.162174,-0.0291674
1841,33.3442,0.779807,0,0.253133,0.352589,-0.169639,-0.586185,-0.467926,0.498642,0.253133,0.352589,-0.152675,-0.0300588
1842,33.3623,0.747443,0,0.277437,0.387534,-0.150573,-0.54685,-0.371602,0.497716,0.277437,0.387534,-0.135515,-0.0292421
1843,33.3804,0.707119,0,0.303977,0.422978,-0.122187,-0.498279,-0.288098,0.470101,0.303977,0.422978,-0.109969,-0.0259995
1844,33.3985,0.663797,0,0.332277,0.45643,-0.0835564,-0.444988,-0.222243,0.423537,0.332277,0.45643,-0.0752008,-0.0194347
1845,33.4166,0.62199,0,0.361422,0.484841,-0.0331808,-0.391158,-0.174832,0.365653,0.361422,0.484841,-0.0298627,-0.0083946
1846,33.4348,0.585721,0,0.389636,0.505231,0.0280697,-0.34008,-0.143922,0.302519,0.389636,0.505231,0.0252627,0.00765586
1847,33.4529,0.555817,0,0.413864,0.510972,0.0978894,-0.293952,-0.126286,0.238239,0.413864,0.510972,0.0881004,0.028359
1848,33.471,0.534012,0,0.433218,0.500587,0.171397,-0.253962,-0.118505,0.175223,0.433218,0.500587,0.154258,0.0519767
1849,33.4891,0.520711,0,0.446802,0.475566,0.242372,-0.220493,-0.117589,0.11468,0.446802,0.475566,0.218135,0.0758047
1850,33.5072,0.512781,0,0.45263,0.436662,0.302619,-0.193381,-0.121211,0.0570941,0.45263,0.436662,0.272357,0.095882
1851,33.5253,0.505281,0,0.448663,0.383621,0.347646,-0.17213,-0.127717,0.00256959,0.448663,0.383621,0.312882,0.109183
1852,33.5434,0.495376,0,0.434043,0.321244,0.373923,-0.156092,-0.136034,-0.0489593,0.434043,0.321244,0.336531,0.113609
1853,33.5615,0.482833,0,0.410121,0.258408,0.380406,-0.144588,-0.145547,-0.0976107,0.410121,0.258408,0.342365,0.109209
1854,33.5796,0.467845,0,0.37966,0.200805,0.368771,-0.136982,-0.155983,-0.1435,0.37966,0.200805,0.331894,0.0980051
1855,33.5978,0.451884,0,0.345796,0.152336,0.34379,-0.132729,-0.167312,-0.186715,0.345796,0.152336,0.309411,0.0832168
1856,33.6159,0.43623,0,0.310323,0.115366,0.310022,-0.131395,-0.179683,-0.227306,0.310323,0.115366,0.27902,0.0673449
1857,33.634,0.420904,0,0.276603,0.0904138,0.26712,-0.132663,-0.193369,-0.265281,0.276603,0.0904138,0.240408,0.0517204
1858,33.6521,0.40678,0,0.243842,0.073414,0.221196,-0.136334,-0.208739,-0.300594,0.243842,0.073414,0.199076,0.0377557
1859,33.6702,0.395297,0,0.214235,0.0631975,0.17467,-0.142318,-0.226245,-0.33314,0.214235,0.0631975,0.157203,0.0261943
1860,33.6883,0.387118,0,0.189525,0.0589901,0.12779,-0.15063,-0.246405,-0.36273,0.189525,0.0589901,0.115011,0.0169536
1861,33.7064,0.383541,0,0.170013,0.0610301,0.0821371,-0.161385,-0.269809,-0.389065,0.170013,0.0610301,0.0739234,0.00977504
1862,33.7245,0.385469,0,0.154773,0.0682198,0.0396139,-0.174787,-0.297103,-0.411704,0.154773,0.0682198,0.0356525,0.00429182
1863,33.7427,0.392127,0,0.143337,0.0781448,-0.00144415,-0.191126,-0.328986,-0.43001,0.143337,0.0781448,-0.00129973,-0.0001449
1864,33.7608,0.403743,0,0.135474,0.0883746,-0.0399361,-0.210768,-0.366173,-0.443083,0.135474,0.0883746,-0.0359424,-0.00378721
1865,33.7789,0.420645,0,0.130796,0.0993354,-0.0769906,-0.234141,-0.409335,-0.449685,0.130796,0.0993354,-0.0692915,-0.00704903
1866,33.797,0.444643,0,0.129245,0.112583,-0.111121,-0.261704,-0.458989,-0.448147,0.129245,0.112583,-0.100008,-0.0100533
1867,33.8151,0.477745,0,0.131751,0.13046,-0.142123,-0.293896,-0.515309,-0.436282,0.131751,0.13046,-0.127911,-0.0131074
1868,33.8332,0.519705,0,0.137033,0.151727,-0.168605,-0.331056,-0.577827,-0.411343,0.137033,0.151727,-0.151744,-0.0161731
1869,33.8513,0.569221,0,0.144985,0.174464,-0.191486,-0.373284,-0.645009,-0.370091,0.144985,0.174464,-0.172338,-0.0194339
1870,33.8694,0.625802,0,0.15585,0.199103,-0.210088,-0.420239,-0.713697,-0.309095,0.15585,0.199103,-0.189079,-0.0229195
1871,33.8876,0.688157,0,0.169542,0.226713,-0.224568,-0.470874,-0.778547,-0.225423,0.169542,0.226713,-0.202111,-0.0266515
1872,33.9057,0.753771,0,0.18625,0.258181,-0.233846,-0.523126,-0.831703,-0.11787,0.18625,0.258181,-0.210462,-0.0304877
1873,33.9238,0.818025,0,0.206056,0.293519,-0.236599,-0.573675,-0.863222,0.0113187,0.206056,0.293519,-0.212939,-0.0341268
1874,33.9419,0.873896,0,0.228403,0.331547,-0.230448,-0.617924,-0.862795,0.154723,0.228403,0.331547,-0.207403,-0.0368445
1875,33.96,0.915047,0,0.254008,0.37215,-0.216198,-0.650456,-0.822974,0.299123,0.254008,0.37215,-0.194578,-0.0384412
1876,33.9781,0.934822,0,0.282562,0.413972,-0.191775,-0.666056,-0.742984,0.4273,0.282562,0.413972,-0.172597,-0.0379318
1877,33.9962,0.929432,0,0.313762,0.456551,-0.15444,-0.661142,-0.630971,0.522606,0.313762,0.456551,-0.138996,-0.0339201
1878,34.0143,0.898547,0,0.347248,0.496662,-0.102915,-0.635012,-0.502562,0.574487,0.347248,0.496662,-0.0926238,-0.025016
1879,34.0324,0.846389,0,0.381357,0.529403,-0.0392639,-0.590241,-0.375824,0.581771,0.381357,0.529403,-0.0353375,-0.0104815
1880,34.0506,0.780518,0,0.414076,0.551261,0.0363415,-0.53197,-0.26544,0.551727,0.414076,0.551261,0.0327073,0.0105337
1881,34.0687,0.708026,0,0.441895,0.554343,0.121123,-0.46646,-0.179334,0.495973,0.441895,0.554343,0.109011,0.0374665
1882,34.0868,0.638142,0,0.463548,0.536559,0.208853,-0.399626,-0.118743,0.426081,0.463548,0.536559,0.187968,0.0677694
1883,34.1049,0.578209,0,0.477593,0.500226,0.289867,-0.33608,-0.0804503,0.350925,0.477593,0.500226,0.260881,0.096907
1884,34.123,0.529297,0,0.481396,0.44667,0.356787,-0.278803,-0.0593446,0.276073,0.481396,0.44667,0.321108,0.120229
1885,34.1411,0.487336,0,0.471631,0.376657,0.401804,-0.229279,-0.0502361,0.20438,0.471631,0.376657,0.361623,0.132652
1886,34.1592,0.451079,0,0.449697,0.300043,0.423775,-0.187854,-0.0487665,0.136935,0.449697,0.300043,0.381398,0.133399
1887,34.1773,0.418668,0,0.418054,0.226472,0.421872,-0.154123,-0.0516683,0.0738779,0.418054,0.226472,0.379685,0.123456
1888,34.1955,0.38853,0,0.379901,0.161294,0.399823,-0.127258,-0.0566859,0.0149307,0.379901,0.161294,0.359841,0.106325
1889,34.2136,0.361331,0,0.338321,0.108653,0.36563,-0.106252,-0.0623708,-0.0403071,0.338321,0.108653,0.329067,0.0865904
1890,34.2317,0.336819,0,0.296472,0.0714104,0.321932,-0.0900753,-0.0678637,-0.0922236,0.296472,0.0714104,0.289738,0.0668106
1891,34.2498,0.314207,0,0.257465,0.0473743,0.270403,-0.0777707,-0.0727077,-0.141149,0.257465,0.0473743,0.243363,0.0487336
1892,34.2679,0.293108,0,0.220316,0.0317675,0.215835,-0.0684968,-0.0767045,-0.18735,0.220316,0.0317675,0.194251,0.0332863
1893,34.286,0.27525,0,0.188057,0.0239239,0.161675,-0.0615448,-0.07981,-0.231041,0.188057,0.0239239,0.145508,0.0212829
1894,34.3041,0.261485,0,0.161555,0.0216805,0.110857,-0.0563351,-0.0820634,-0.272398,0.161555,0.0216805,0.0997715,0.0125367
1895,34.3222,0.250293,0,0.140469,0.0251249,0.0611662,-0.0524042,-0.0835405,-0.311568,0.140469,0.0251249,0.0550496,0.00601438
1896,34.3404,0.242327,1,0.123909,0.0325626,0.0152871,-0.0493874,-0.0843246,-0.348681,0.123909,0.0325626,0.0137584,0.00132594
1897,34.3585,0.236613,1,0.111854,0.0419445,-0.027849,-0.0470005,-0.0844893,-0.38385,0.111854,0.0419445,-0.0250641,-0.00218052
1898,34.3766,0.232226,1,0.103431,0.0514579,-0.06879,-0.0450226,-0.0840894,-0.41718,0.103431,0.0514579,-0.061911,-0.00498054
1899,34.3947,0.228261,1,0.0976111,0.0610318,-0.108665,-0.0432804,-0.0831561,-0.448767,0.0976111,0.0610318,-0.0977986,-0.00742484
1900,34.4128,0.22617,1,0.0948439,0.0726096,-0.1455,-0.0416355,-0.0816949,-0.478699,0.0948439,0.0726096,-0.13095,-0.00965982
1901,34.4309,0.226576,1,0.0955899,0.0874329,-0.178877,-0.0399729,-0.0796841,-0.50706,0.0955899,0.0874329,-0.160989,-0.0119692
1902,34.449,0.228516,1,0.0988908,0.103709,-0.209603,-0.0381921,-0.0770741,-0.533925,0.0988908,0.103709,-0.188642,-0.0145094
1903,34.4671,0.232276,1,0.104544,0.122008,-0.237318,-0.0361988,-0.0737852,-0.559363,0.104544,0.122008,-0.213586,-0.0173671
1904,34.4852,0.238708,1,0.113126,0.143798,-0.261341,-0.0338985,-0.0697048,-0.583436,0.113126,0.143798,-0.235207,-0.0206952
1905,34.5034,0.247984,1,0.124709,0.169907,-0.281925,-0.0311899,-0.0646835,-0.606195,0.124709,0.169907,-0.253733,-0.0246111
1906,34.5215,0.260599,0,0.139384,0.20007,-0.297745,-0.0279592,-0.0585283,-0.627682,0.139384,0.20007,-0.26797,-0.0290506
1907,34.5396,0.276359,0,0.157232,0.233636,-0.308457,-0.0240735,-0.0509953,-0.647923,0.157232,0.233636,-0.277612,-0.0339495
1908,34.5577,0.294971,0,0.177606,0.270472,-0.313764,-0.0193741,-0.041779,-0.666924,0.177606,0.270472,-0.282388,-0.0390085
1909,34.5758,0.317495,0,0.20128,0.312452,-0.312386,-0.0136691,-0.0304992,-0.684663,0.20128,0.312452,-0.281147,-0.044014
1910,34.5939,0.344932,0,0.228974,0.359615,-0.301354,-0.00672418,-0.0166856,-0.701078,0.228974,0.359615,-0.271218,-0.0483015
1911,34.612,0.376957,0,0.260466,0.409606,-0.278126,0.00174776,0.000241715,-0.716047,0.260466,0.409606,-0.250313,-0.0507096
1912,34.6301,0.413583,0,0.296212,0.46151,-0.241124,0.0120987,0.020993,-0.729363,0.296212,0.46151,-0.217012,-0.0499968
1913,34.6483,0.454523,0,0.334077,0.512833,-0.187004,0.0247596,0.0464322,-0.740689,0.334077,0.512833,-0.168303,-0.0437316
1914,34.6664,0.498436,0,0.374221,0.558715,-0.11522,0.0402559,0.0775977,-0.749499,0.374221,0.558715,-0.103698,-0.0301824
1915,34.6845,0.542545,0,0.414995,0.594607,-0.0289319,0.0592237,0.115715,-0.754986,0.414995,0.594607,-0.0260387,-0.00840461
1916,34.7026,0.584895,0,0.453784,0.614715,0.0708831,0.0824227,0.162185,-0.755927,0.453784,0.614715,0.0637948,0.0225159
1917,34.7207,0.620598,0,0.485378,0.607145,0.179045,0.110742,0.21853,-0.750499,0.485378,0.607145,0.16114,0.0608331
1918,34.7388,0.64738,0,0.507051,0.568255,0.287117,0.145184,0.286241,-0.736027,0.507051,0.568255,0.258405,0.101908
1919,34.7569,0.660705,0,0.516652,0.505467,0.378281,0.186817,0.366456,-0.708676,0.516652,0.505467,0.340453,0.136808
1920,34.775,0.6596,0,0.510361,0.422242,0.445421,0.23664,0.459354,-0.663145,0.510361,0.422242,0.400879,0.159128
1921,34.7932,0.644955,0,0.487822,0.324857,0.481768,0.295338,0.563109,-0.592516,0.487822,0.324857,0.433591,0.164512
1922,34.8113,0.619099,0,0.452457,0.231435,0.484724,0.362833,0.672307,-0.488646,0.452457,0.231435,0.436252,0.153522
1923,34.8294,0.589347,0,0.407506,0.148965,0.461228,0.437585,0.775969,-0.343726,0.407506,0.148965,0.415106,0.131567
1924,34.8475,0.564241,0,0.357338,0.0812763,0.420401,0.515695,0.856062,-0.153824,0.357338,0.0812763,0.378361,0.105158
1925,34.8656,0.548096,0,0.305417,0.031832,0.369176,0.590084,0.888513,0.0754244,0.305417,0.031832,0.332258,0.0789269
1926,34.8837,0.540376,0,0.256735,0.000501172,0.308725,0.650475,0.849489,0.323078,0.256735,0.000501172,0.277852,0.0554824
1927,34.9018,0.538889,0,0.211922,-0.0167221,0.24667,0.685077,0.727418,0.552586,0.211922,-0.0167221,0.222003,0.0365924
1928,34.9199,0.536285,0,0.172637,-0.0254395,0.186412,0.684268,0.534601,0.722501,0.172637,-0.0254395,0.167771,0.0225271
1929,34.938,0.524585,0,0.139657,-0.0283849,0.128706,0.644764,0.307193,0.805332,0.139657,-0.0283849,0.115835,0.0125822
1930,34.9562,0.500497,0,0.112801,-0.0267879,0.0743247,0.571493,0.0894608,0.800671,0.112801,-0.0267879,0.0668922,0.00586871
1931,34.9743,0.466898,0,0.0916063,-0.0218786,0.0226771,0.475646,-0.08617,0.73145,0.0916063,-0.0218786,0.0204094,0.00145415
1932,34.9924,0.429154,0,0.0756117,-0.0138749,-0.0256861,0.37033,-0.208178,0.62846,0.0756117,-0.0138749,-0.0231175,-0.00135952
1933,35.0105,0.392603,0,0.0640174,-0.00484733,-0.0702999,0.266679,-0.281723,0.516794,0.0640174,-0.00484733,-0.0632699,-0.00315029
1934,35.0286,0.361229,0,0.0551975,0.00300998,-0.112228,0.172048,-0.319399,0.411085,0.0551975,0.00300998,-0.101005,-0.0043363
1935,35.0467,0.337069,0,0.0490153,0.0106605,-0.152082,0.0900635,-0.334183,0.31722,0.0490153,0.0106605,-0.136874,-0.00521805
1936,35.0648,0.320542,0,0.0458614,0.0185032,-0.190351,0.0215739,-0.336336,0.235958,0.0458614,0.0185032,-0.171316,-0.00611085
1937,35.0829,0.311547,0,0.0455438,0.0284569,-0.226848,-0.0342835,-0.332915,0.165864,0.0455438,0.0284569,-0.204163,-0.00723206
1938,35.1011,0.30801,0,0.0469441,0.0392694,-0.260434,-0.0792385,-0.328371,0.104981,0.0469441,0.0392694,-0.23439,-0.00855808
1939,35.1192,0.309299,0,0.0498469,0.0514874,-0.291522,-0.115332,-0.325333,0.0515826,0.0498469,0.0514874,-0.262369,-0.010172
1940,35.1373,0.315345,0,0.0545324,0.0659611,-0.320607,-0.144594,-0.325257,0.0043918,0.0545324,0.0659611,-0.288546,-0.0122384
1941,35.1554,0.325777,0,0.0612212,0.0821442,-0.348054,-0.168878,-0.32889,-0.0374145,0.0612212,0.0821442,-0.313249,-0.0149158
1942,35.1735,0.340159,0,0.0698971,0.100429,-0.372136,-0.189795,-0.336571,-0.0742828,0.0698971,0.100429,-0.334922,-0.0182078
1943,35.1916,0.359082,0,0.080547,0.121824,-0.392768,-0.208701,-0.348416,-0.106361,0.080547,0.121824,-0.353492,-0.0221454
1944,35.2097,0.383327,0,0.0933844,0.147126,-0.410446,-0.226719,-0.364425,-0.133556,0.0933844,0.147126,-0.369402,-0.0268305
1945,35.2278,0.413033,0,0.108819,0.176152,-0.424654,-0.244758,-0.384533,-0.155571,0.108819,0.176152,-0.382188,-0.0323473
1946,35.246,0.449013,0,0.127285,0.210513,-0.434189,-0.263546,-0.408607,-0.171929,0.127285,0.210513,-0.39077,-0.0386861
1947,35.2641,0.491645,0,0.149081,0.250939,-0.437742,-0.283647,-0.436428,-0.181976,0.149081,0.250939,-0.393967,-0.0456813
1948,35.2822,0.541367,0,0.174925,0.29807,-0.43425,-0.305471,-0.467621,-0.184906,0.174925,0.29807,-0.390825,-0.0531728
1949,35.3003,0.597977,0,0.20523,0.351783,-0.42234,-0.329263,-0.501572,-0.179786,0.20523,0.351783,-0.380106,-0.0606736
1950,35.3184,0.661886,0,0.240841,0.413604,-0.39994,-0.355083,-0.537317,-0.165624,0.240841,0.413604,-0.359946,-0.0674252
1951,35.3365,0.730945,0,0.282581,0.481167,-0.360574,-0.382761,-0.573426,-0.141493,0.282581,0.481167,-0.324516,-0.0713238
1952,35.3546,0.800985,0,0.32859,0.549684,-0.297675,-0.41185,-0.607907,-0.106723,0.32859,0.549684,-0.267907,-0.0684691
1953,35.3727,0.867255,0,0.37703,0.612463,-0.210146,-0.441565,-0.638178,-0.0611773,0.37703,0.612463,-0.189131,-0.055462
1954,35.3908,0.926605,0,0.42792,0.665168,-0.100525,-0.470748,-0.66117,-0.0055957,0.42792,0.665168,-0.0904724,-0.0301116
1955,35.409,0.974035,0,0.479875,0.700923,0.0289069,-0.49787,-0.673631,0.0580729,0.479875,0.700923,0.0260162,0.00971018
1956,35.4271,0.996158,0,0.52454,0.698974,0.173479,-0.521115,-0.672663,0.126465,0.52454,0.698974,0.156131,0.0636976
1957,35.4452,0.985839,0,0.554164,0.649634,0.32067,-0.538556,-0.656419,0.194891,0.554164,0.649634,0.288603,0.124393
1958,35.4633,0.945692,0,0.56649,0.56016,0.447142,-0.548436,-0.624791,0.25784,0.56649,0.56016,0.402427,0.177311
1959,35.4814,0.879506,0,0.558037,0.44133,0.536367,-0.549493,-0.579782,0.309876,0.558037,0.44133,0.48273,0.209519
1960,35.4995,0.794494,0,0.527716,0.308986,0.580919,-0.541246,-0.525354,0.346695,0.527716,0.308986,0.522827,0.214592
1961,35.5176,0.70172,0,0.480335,0.1839,0.578099,-0.524149,-0.466672,0.365964,0.480335,0.1839,0.520289,0.194377
1962,35.5357,0.608147,0,0.419065,0.0774611,0.537973,-0.499536,-0.409035,0.367617,0.419065,0.0774611,0.484176,0.157812
1963,35.5539,0.52153,0,0.352471,-0.00309545,0.477548,-0.469391,-0.35685,0.353535,0.352471,-0.00309545,0.429793,0.117825
1964,35.572,0.444685,0,0.285951,-0.0573791,0.408405,-0.436004,-0.313031,0.32681,0.285951,-0.0573791,0.367564,0.0817486
1965,35.5901,0.378244,0,0.22394,-0.0884545,0.331118,-0.401622,-0.278885,0.290932,0.22394,-0.0884545,0.298006,0.0519054
1966,35.6082,0.3219,0,0.168776,-0.104682,0.259447,-0.368195,-0.2544,0.249151,0.168776,-0.104682,0.233503,0.030652
1967,35.6263,0.275103,0,0.121906,-0.112005,0.19043,-0.33723,-0.2387,0.204138,0.121906,-0.112005,0.171387,0.0162502
1968,35.6444,0.236938,1,0.0822502,-0.112831,0.127804,-0.309754,-0.2305,0.157896,0.0822502,-0.112831,0.115024,0.00735835
1969,35.6625,0.207408,1,0.049975,-0.109681,0.069133,-0.286368,-0.228446,0.111833,0.049975,-0.109681,0.0622197,0.00241844
1970,35.6806,0.186327,1,0.0252697,-0.105595,0.0146293,-0.267327,-0.231325,0.0669021,0.0252697,-0.105595,0.0131664,0.000258774
1971,35.6988,0.172068,1,0.00569717,-0.101858,-0.0354116,-0.252644,-0.238174,0.023746,0.00569717,-0.101858,-0.0318704,-0.000141222
1972,35.7169,0.16398,1,-0.00932977,-0.0984096,-0.0802852,-0.24218,-0.248301,-0.0171831,-0.00932977,-0.0984096,-0.0722566,0.00052433
1973,35.735,0.160456,1,-0.0220387,-0.0965522,-0.12222,-0.235719,-0.261271,-0.0555319,-0.0220387,-0.0965522,-0.109998,0.00188549
1974,35.7531,0.161315,1,-0.0317094,-0.0967711,-0.162422,-0.233028,-0.276866,-0.090981,-0.0317094,-0.0967711,-0.14618,0.00360521
1975,35.7712,0.16482,1,-0.0405611,-0.0994357,-0.199741,-0.233893,-0.29504,-0.123198,-0.0405611,-0.0994357,-0.179767,0.0056712
1976,35.7893,0.169776,1,-0.0494292,-0.105561,-0.233218,-0.238143,-0.315872,-0.151802,-0.0494292,-0.105561,-0.209896,0.00806944
1977,35.8074,0.178238,1,-0.0570582,-0.112228,-0.266197,-0.245659,-0.339517,-0.176332,-0.0570582,-0.112228,-0.239577,0.0106321
1978,35.8255,0.189559,1,-0.0640272,-0.120387,-0.298179,-0.256376,-0.366157,-0.196218,-0.0640272,-0.120387,-0.268362,0.0133641
1979,35.8436,0.202626,1,-0.0719338,-0.131113,-0.327791,-0.270273,-0.395945,-0.210758,-0.0719338,-0.131113,-0.295012,0.0165055
1980,35.8618,0.216364,1,-0.0814578,-0.1464,-0.354086,-0.287351,-0.428935,-0.219096,-0.0814578,-0.1464,-0.318678,0.0201901
1981,35.8799,0.231802,1,-0.0920219,-0.165161,-0.377762,-0.307604,-0.464993,-0.220215,-0.0920219,-0.165161,-0.339986,0.0243337
1982,35.898,0.24956,1,-0.103934,-0.186497,-0.399184,-0.330979,-0.503686,-0.212953,-0.103934,-0.186497,-0.359265,0.029042
1983,35.9161,0.269629,0,-0.117223,-0.210249,-0.417354,-0.357313,-0.544146,-0.196065,-0.117223,-0.210249,-0.375619,0.0342464
1984,35.9342,0.290678,0,-0.132784,-0.238731,-0.431754,-0.386264,-0.584923,-0.168352,-0.132784,-0.238731,-0.388579,0.040131
1985,35.9523,0.311757,0,-0.151623,-0.273697,-0.442609,-0.417224,-0.623855,-0.128885,-0.151623,-0.273697,-0.398348,0.0469769
1986,35.9704,0.331904,0,-0.174194,-0.314874,-0.447595,-0.449232,-0.658018,-0.0773427,-0.174194,-0.314874,-0.402836,0.0545778
1987,35.9885,0.349603,0,-0.201111,-0.362285,-0.444536,-0.480907,-0.683837,-0.0144379,-0.201111,-0.362285,-0.400083,0.0625807
1988,36.0067,0.363496,0,-0.232237,-0.415644,-0.431828,-0.510434,-0.697451,0.0576401,-0.232237,-0.415644,-0.388645,0.0702003
1989,36.0248,0.371343,0,-0.267399,-0.476068,-0.406919,-0.535654,-0.695397,0.134948,-0.267399,-0.476068,-0.366228,0.0761669
1990,36.0429,0.369611,0,-0.308523,-0.543114,-0.364231,-0.554278,-0.675509,0.211889,-0.308523,-0.543114,-0.327807,0.0786614
1991,36.061,0.357325,0,-0.35437,-0.611771,-0.299782,-0.564233,-0.637808,0.281873,-0.35437,-0.611771,-0.269804,0.0743636
1992,36.0791,0.335797,0,-0.40449,-0.677413,-0.213103,-0.564071,-0.584964,0.3385,-0.40449,-0.677413,-0.191793,0.0603387
1993,36.0972,0.307999,0,-0.456561,-0.731549,-0.104043,-0.553325,-0.522014,0.376916,-0.456561,-0.731549,-0.0936384,0.0332513
1994,36.1153,0.275966,0,-0.506385,-0.759838,0.027345,-0.532666,-0.455316,0.394833,-0.506385,-0.759838,0.0246105,-0.00969298
1995,36.1334,0.246627,1,-0.549892,-0.755825,0.175176,-0.50381,-0.391127,0.392768,-0.549892,-0.755825,0.157658,-0.0674293
1996,36.1516,0.227982,1,-0.580516,-0.709041,0.31741,-0.469185,-0.334358,0.373484,-0.580516,-0.709041,0.285669,-0.128983
1997,36.1697,0.223084,1,-0.594081,-0.623886,0.440975,-0.431486,-0.28794,0.340965,-0.594081,-0.623886,0.396878,-0.183382
1998,36.1878,0.22538,1,-0.585146,-0.503696,0.528835,-0.393265,-0.25285,0.299386,-0.585146,-0.503696,0.475952,-0.216612
1999,36.2059,0.232209,1,-0.554285,-0.371213,0.572346,-0.356641,-0.228589,0.252411,-0.554285,-0.371213,0.515111,-0.22207
2000,36.224,0.237595,1,-0.5068,-0.249206,0.569453,-0.323169,-0.213791,0.202875,-0.5068,-0.249206,0.512507,-0.202019
