step,lt,err,locked,pred_x,pred_y,pred_z,true_x,true_y,true_z,drive_x,drive_y,drive_z,drive_xz
1,0.018112,0.00810697,1,-0.352403,-0.277307,0.2283,-0.365192,-0.276308,0.23401,-0.352403,-0.277307,0.20547,-0.0563175
2,0.036224,0.0106212,1,-0.331962,-0.253682,0.20982,-0.347243,-0.252499,0.219995,-0.331962,-0.253682,0.188838,-0.0487565
3,0.054336,0.0127475,1,-0.312472,-0.23475,0.185604,-0.328627,-0.233011,0.200554,-0.312472,-0.23475,0.167044,-0.0405972
4,0.072448,0.014317,1,-0.294292,-0.222585,0.15864,-0.31029,-0.218223,0.177078,-0.294292,-0.222585,0.142776,-0.0326806
5,0.09056,0.0159139,1,-0.277799,-0.216791,0.129614,-0.29304,-0.208139,0.150889,-0.277799,-0.216791,0.116652,-0.0252046
6,0.108672,0.0163539,1,-0.263938,-0.216096,0.10233,-0.277511,-0.202513,0.123154,-0.263938,-0.216096,0.0920969,-0.0189061
7,0.126784,0.016597,1,-0.252526,-0.21879,0.0755458,-0.264165,-0.200964,0.0948639,-0.252526,-0.21879,0.0679912,-0.0133541
8,0.144896,0.0170963,1,-0.244264,-0.225069,0.0492003,-0.253306,-0.203071,0.0668399,-0.244264,-0.225069,0.0442802,-0.0084125
9,0.163008,0.017444,1,-0.238688,-0.234112,0.0251993,-0.245108,-0.208431,0.039764,-0.238688,-0.234112,0.0226794,-0.00421035
10,0.18112,0.0172843,1,-0.235854,-0.244541,0.00388935,-0.239644,-0.216697,0.0142148,-0.235854,-0.244541,0.00350042,-0.000642125
11,0.199232,0.0172074,1,-0.235012,-0.256815,-0.0148127,-0.236919,-0.227588,-0.00929614,-0.235012,-0.256815,-0.0133315,0.00243682
12,0.217344,0.0173411,1,-0.237096,-0.270911,-0.030793,-0.23689,-0.24088,-0.0302939,-0.237096,-0.270911,-0.0277137,0.00511062
13,0.235456,0.0179522,1,-0.24136,-0.287129,-0.044026,-0.239486,-0.25639,-0.0483152,-0.24136,-0.287129,-0.0396234,0.0074383
14,0.253568,0.0193762,1,-0.248861,-0.305846,-0.0533663,-0.244617,-0.273947,-0.0628907,-0.248861,-0.305846,-0.0480296,0.00929655
15,0.27168,0.0213001,1,-0.258425,-0.326443,-0.0584509,-0.252178,-0.293359,-0.0735348,-0.258425,-0.326443,-0.0526059,0.0105736
16,0.289792,0.023675,1,-0.27056,-0.348507,-0.0586795,-0.262041,-0.314372,-0.0797459,-0.27056,-0.348507,-0.0528115,0.0111134
17,0.307904,0.0260746,1,-0.284474,-0.371614,-0.0544275,-0.274048,-0.336629,-0.0810173,-0.284474,-0.371614,-0.0489848,0.0108382
18,0.326016,0.0286693,1,-0.300384,-0.394982,-0.0442812,-0.287991,-0.35962,-0.076866,-0.300384,-0.394982,-0.0398531,0.00931094
19,0.344128,0.031735,1,-0.317311,-0.418169,-0.0272387,-0.30359,-0.382649,-0.0668796,-0.317311,-0.418169,-0.0245148,0.00605018
20,0.36224,0.0347684,1,-0.335406,-0.439505,-0.00389919,-0.320469,-0.404795,-0.0507885,-0.335406,-0.439505,-0.00350927,0.00091547
21,0.380352,0.0373296,1,-0.353796,-0.45758,0.0249959,-0.338131,-0.424917,-0.0285596,-0.353796,-0.45758,0.0224963,-0.00619041
22,0.398464,0.0391973,1,-0.371508,-0.469857,0.0592704,-0.355946,-0.441683,-0.000507203,-0.371508,-0.469857,0.0533433,-0.0154136
23,0.416576,0.0404901,1,-0.387074,-0.474886,0.0979746,-0.373145,-0.453668,0.0325977,-0.387074,-0.474886,0.0881771,-0.0265464
24,0.434688,0.0409483,1,-0.399848,-0.471296,0.138516,-0.388842,-0.459509,0.0694488,-0.399848,-0.471296,0.124664,-0.0387697
25,0.4528,0.0406236,1,-0.408875,-0.45934,0.178218,-0.402089,-0.458117,0.108195,-0.408875,-0.45934,0.160396,-0.0510083
26,0.470912,0.0394129,1,-0.413713,-0.438753,0.214018,-0.411954,-0.448911,0.146536,-0.413713,-0.438753,0.192616,-0.0619794
27,0.489024,0.0368782,1,-0.412837,-0.411368,0.242191,-0.417634,-0.432019,0.181937,-0.412837,-0.411368,0.217972,-0.0699899
28,0.507136,0.0337346,1,-0.406638,-0.379266,0.261191,-0.418569,-0.408363,0.211946,-0.406638,-0.379266,0.235072,-0.074347
29,0.525248,0.0306632,1,-0.395363,-0.34504,0.270006,-0.414539,-0.379601,0.234531,-0.395363,-0.34504,0.243005,-0.0747252
30,0.54336,0.0283465,1,-0.380233,-0.311462,0.269205,-0.405716,-0.347891,0.248369,-0.380233,-0.311462,0.242285,-0.0716525
31,0.561472,0.027047,1,-0.361821,-0.280709,0.258359,-0.392651,-0.315569,0.252988,-0.361821,-0.280709,0.232523,-0.0654358
32,0.579584,0.0272067,1,-0.341476,-0.254054,0.240458,-0.376212,-0.284802,0.248739,-0.341476,-0.254054,0.216412,-0.0574774
33,0.597696,0.0277085,1,-0.320778,-0.233309,0.217095,-0.357461,-0.257318,0.23662,-0.320778,-0.233309,0.195386,-0.0487476
34,0.615808,0.0281461,1,-0.300733,-0.218636,0.190137,-0.33753,-0.23428,0.218028,-0.300733,-0.218636,0.171124,-0.0400265
35,0.63392,0.0281625,1,-0.282151,-0.209981,0.161494,-0.317502,-0.216274,0.194511,-0.282151,-0.209981,0.145345,-0.0318961
36,0.652032,0.0276178,1,-0.266287,-0.205536,0.132113,-0.298324,-0.203413,0.167572,-0.266287,-0.205536,0.118902,-0.024626
37,0.670144,0.0272627,1,-0.252692,-0.204919,0.101772,-0.280757,-0.195475,0.138555,-0.252692,-0.204919,0.0915952,-0.0180019
38,0.688256,0.0271595,1,-0.241619,-0.207741,0.0711391,-0.265364,-0.192045,0.108592,-0.241619,-0.207741,0.0640252,-0.012032
39,0.706368,0.0272092,1,-0.233067,-0.213797,0.041264,-0.252525,-0.192638,0.0786103,-0.233067,-0.213797,0.0371376,-0.0067321
40,0.72448,0.0271557,1,-0.227667,-0.223036,0.0132495,-0.242459,-0.196782,0.0493634,-0.227667,-0.223036,0.0119246,-0.00211154
41,0.742592,0.0272671,1,-0.225154,-0.235666,-0.0121362,-0.235269,-0.204065,0.0214715,-0.225154,-0.235666,-0.0109226,0.00191276
42,0.760704,0.0273914,1,-0.225342,-0.250431,-0.0345879,-0.23097,-0.214155,-0.00453359,-0.225342,-0.250431,-0.0311291,0.00545587
43,0.778816,0.0276833,1,-0.228169,-0.267568,-0.0533784,-0.229521,-0.226803,-0.0281707,-0.228169,-0.267568,-0.0480406,0.00852552
44,0.796928,0.0282083,1,-0.234204,-0.286767,-0.0678373,-0.230853,-0.24182,-0.0489779,-0.234204,-0.286767,-0.0610536,0.0111215
45,0.81504,0.0296399,1,-0.243087,-0.308445,-0.0778449,-0.234875,-0.259057,-0.0664884,-0.243087,-0.308445,-0.0700604,0.0132461
46,0.833152,0.0321704,1,-0.254752,-0.332392,-0.0833821,-0.241489,-0.278366,-0.0802142,-0.254752,-0.332392,-0.0750439,0.0148693
47,0.851264,0.0354307,1,-0.268654,-0.35794,-0.08403,-0.250584,-0.299562,-0.089638,-0.268654,-0.35794,-0.075627,0.0158025
48,0.869376,0.0392803,1,-0.285024,-0.384616,-0.0791665,-0.26203,-0.322377,-0.0942161,-0.285024,-0.384616,-0.0712498,0.015795
49,0.887488,0.0435426,1,-0.303166,-0.411846,-0.0679114,-0.275657,-0.346411,-0.0933957,-0.303166,-0.411846,-0.0611203,0.0144119
50,0.9056,0.0481736,1,-0.322487,-0.438194,-0.0481661,-0.291241,-0.371076,-0.0866509,-0.322487,-0.438194,-0.0433495,0.0108731
51,0.923712,0.0530847,1,-0.342905,-0.462692,-0.0209977,-0.308468,-0.395558,-0.073544,-0.342905,-0.462692,-0.0188979,0.00504015
52,0.941824,0.0575143,1,-0.363966,-0.482761,0.0129445,-0.32691,-0.418779,-0.0538152,-0.363966,-0.482761,0.0116501,-0.00329796
53,0.959936,0.0613266,1,-0.384203,-0.49705,0.0531261,-0.345997,-0.439406,-0.0274985,-0.384203,-0.49705,0.0478135,-0.0142878
54,0.978048,0.0640985,1,-0.402346,-0.502546,0.0985177,-0.365001,-0.455906,0.00494486,-0.402346,-0.502546,0.0886659,-0.0277468
55,0.99616,0.0653263,1,-0.41685,-0.497594,0.145959,-0.383038,-0.466674,0.0425017,-0.41685,-0.497594,0.131363,-0.0425899
56,1.01427,0.065278,1,-0.426933,-0.481767,0.192509,-0.399103,-0.470239,0.0835306,-0.426933,-0.481767,0.173258,-0.0575319
57,1.03238,0.0636744,1,-0.432009,-0.456931,0.233923,-0.412138,-0.465529,0.125782,-0.432009,-0.456931,0.210531,-0.0707399
58,1.0505,0.0593464,1,-0.430682,-0.424389,0.265068,-0.421144,-0.452141,0.166555,-0.430682,-0.424389,0.238562,-0.0799122
59,1.06861,0.0538131,1,-0.422886,-0.386962,0.285351,-0.425308,-0.430546,0.202997,-0.422886,-0.386962,0.256816,-0.0844697
60,1.08672,0.0484912,1,-0.409528,-0.347178,0.294314,-0.424137,-0.40213,0.232499,-0.409528,-0.347178,0.264882,-0.0843708
61,1.10483,0.0440252,1,-0.391443,-0.308667,0.291658,-0.417553,-0.369041,0.253085,-0.391443,-0.308667,0.262492,-0.0799172
62,1.12294,0.0412629,1,-0.369883,-0.273846,0.27809,-0.405928,-0.333857,0.263692,-0.369883,-0.273846,0.250281,-0.0720025
63,1.14106,0.0405564,1,-0.346363,-0.244706,0.256491,-0.390042,-0.299171,0.264245,-0.346363,-0.244706,0.230842,-0.0621873
64,1.15917,0.0407642,1,-0.322757,-0.222566,0.229721,-0.370975,-0.267215,0.255539,-0.322757,-0.222566,0.206749,-0.0519007
65,1.17728,0.0411647,1,-0.300099,-0.207564,0.199345,-0.349959,-0.239615,0.238971,-0.300099,-0.207564,0.179411,-0.0418763
66,1.19539,0.0413261,1,-0.279468,-0.198584,0.167305,-0.328237,-0.217313,0.216236,-0.279468,-0.198584,0.150575,-0.0327295
67,1.2135,0.0408339,1,-0.26192,-0.194453,0.134862,-0.306936,-0.20064,0.18906,-0.26192,-0.194453,0.121376,-0.0247261
68,1.23162,0.0404608,1,-0.247239,-0.194288,0.101507,-0.286993,-0.18946,0.159018,-0.247239,-0.194288,0.0913564,-0.0175676
69,1.24973,0.040476,1,-0.235065,-0.197986,0.0679444,-0.269121,-0.183352,0.127451,-0.235065,-0.197986,0.06115,-0.01118
70,1.26784,0.0403802,1,-0.225976,-0.204751,0.0355404,-0.253814,-0.181766,0.0954442,-0.225976,-0.204751,0.0319864,-0.00562191
71,1.28595,0.0398825,1,-0.220117,-0.214838,0.00574591,-0.241372,-0.184138,0.0638624,-0.220117,-0.214838,0.00517132,-0.000885343
72,1.30406,0.0394353,1,-0.217409,-0.227514,-0.0217771,-0.231946,-0.189961,0.0333943,-0.217409,-0.227514,-0.0195994,0.00331418
73,1.32218,0.0390004,1,-0.217193,-0.242411,-0.0463189,-0.225575,-0.198828,0.00460649,-0.217193,-0.242411,-0.041687,0.00704209
74,1.34029,0.0383638,1,-0.219943,-0.25951,-0.0667462,-0.222226,-0.210432,-0.0220085,-0.219943,-0.25951,-0.0600716,0.0102762
75,1.3584,0.0381946,1,-0.225832,-0.279099,-0.083216,-0.221827,-0.224557,-0.045993,-0.225832,-0.279099,-0.0748944,0.013155
76,1.37651,0.0388059,1,-0.234805,-0.301238,-0.0949109,-0.224284,-0.241055,-0.0668925,-0.234805,-0.301238,-0.0854198,0.0155999
77,1.39462,0.0407548,1,-0.246476,-0.325943,-0.102167,-0.2295,-0.259815,-0.0842319,-0.246476,-0.325943,-0.0919507,0.0176273
78,1.41274,0.0439269,1,-0.260938,-0.352746,-0.104218,-0.237374,-0.280717,-0.0974997,-0.260938,-0.352746,-0.0937966,0.0190362
79,1.43085,0.0481135,1,-0.277815,-0.381146,-0.100767,-0.247797,-0.303592,-0.106141,-0.277815,-0.381146,-0.0906903,0.0195962
80,1.44896,0.0525469,1,-0.296613,-0.409644,-0.090821,-0.260642,-0.328167,-0.10956,-0.296613,-0.409644,-0.0817389,0.0188571
81,1.46707,0.057557,1,-0.316668,-0.43811,-0.0726372,-0.27574,-0.354012,-0.107146,-0.316668,-0.43811,-0.0653735,0.0161013
82,1.48518,0.0632312,1,-0.338103,-0.465363,-0.0459568,-0.292855,-0.380474,-0.0983116,-0.338103,-0.465363,-0.0413611,0.0108767
83,1.5033,0.0690323,1,-0.360566,-0.489175,-0.0112269,-0.311653,-0.406627,-0.0825687,-0.360566,-0.489175,-0.0101042,0.00283364
84,1.52141,0.0741839,1,-0.383118,-0.507316,0.0302218,-0.33166,-0.431242,-0.059637,-0.383118,-0.507316,0.0271996,-0.00810495
85,1.53952,0.0782728,1,-0.403622,-0.517155,0.0781053,-0.35224,-0.452789,-0.029584,-0.403622,-0.517155,0.0702948,-0.0220675
86,1.55763,0.0805409,1,-0.420972,-0.515931,0.129341,-0.372572,-0.469516,0.00701524,-0.420972,-0.515931,0.116407,-0.0381143
87,1.57574,0.0812547,1,-0.433679,-0.502786,0.181234,-0.391655,-0.479609,0.0489322,-0.433679,-0.502786,0.163111,-0.0550182
88,1.59386,0.0803841,1,-0.441198,-0.478723,0.229478,-0.408358,-0.481451,0.0942048,-0.441198,-0.478723,0.20653,-0.0708717
89,1.61197,0.0763478,1,-0.44215,-0.445648,0.267698,-0.421502,-0.473946,0.140184,-0.44215,-0.445648,0.240929,-0.082854
90,1.63008,0.0701911,1,-0.43611,-0.406119,0.294076,-0.429999,-0.456835,0.183754,-0.43611,-0.406119,0.264668,-0.0897745
91,1.64819,0.0636741,1,-0.42341,-0.362973,0.308066,-0.433009,-0.430907,0.221717,-0.42341,-0.362973,0.277259,-0.0913068
92,1.6663,0.0580921,1,-0.405284,-0.319881,0.309652,-0.430085,-0.397995,0.251281,-0.405284,-0.319881,0.278686,-0.0878479
93,1.68442,0.0539355,1,-0.382838,-0.280222,0.298209,-0.421274,-0.360732,0.270497,-0.382838,-0.280222,0.268388,-0.0799161
94,1.70253,0.0522405,1,-0.357672,-0.246359,0.276809,-0.407133,-0.322107,0.278534,-0.357672,-0.246359,0.249128,-0.0693049
95,1.72064,0.0521889,1,-0.331663,-0.220053,0.249064,-0.388654,-0.284972,0.275686,-0.331663,-0.220053,0.224158,-0.0578238
96,1.73875,0.0524564,1,-0.306574,-0.201621,0.217456,-0.367118,-0.251627,0.263159,-0.306574,-0.201621,0.19571,-0.0466664
97,1.75686,0.0526227,1,-0.283202,-0.190442,0.183383,-0.343924,-0.223605,0.242717,-0.283202,-0.190442,0.165044,-0.0363541
98,1.77498,0.0521861,1,-0.263107,-0.184326,0.148608,-0.320416,-0.201654,0.216325,-0.263107,-0.184326,0.133747,-0.0273699
99,1.79309,0.0514674,1,-0.24629,-0.183028,0.113145,-0.297771,-0.185867,0.185866,-0.24629,-0.183028,0.10183,-0.0195066
100,1.8112,0.0508933,1,-0.232326,-0.185739,0.0775837,-0.276921,-0.175891,0.152981,-0.232326,-0.185739,0.0698254,-0.0126173
101,1.82931,0.0506122,1,-0.221335,-0.192031,0.0424297,-0.25854,-0.171132,0.119005,-0.221335,-0.192031,0.0381867,-0.00657383
102,1.84742,0.0493034,1,-0.213999,-0.201329,0.0106718,-0.243064,-0.170916,0.0849871,-0.213999,-0.201329,0.00960466,-0.00159863
103,1.86554,0.048405,1,-0.209872,-0.213337,-0.01964,-0.23073,-0.174612,0.0517351,-0.209872,-0.213337,-0.017676,0.00288532
104,1.88365,0.0473666,1,-0.208503,-0.227426,-0.0469484,-0.221625,-0.181687,0.0198836,-0.208503,-0.227426,-0.0422535,0.00685222
105,1.90176,0.0462283,1,-0.209854,-0.243703,-0.0706767,-0.215736,-0.191736,-0.0100468,-0.209854,-0.243703,-0.063609,0.0103822
106,1.91987,0.0452628,1,-0.214558,-0.262464,-0.0903351,-0.212992,-0.204477,-0.0375985,-0.214558,-0.262464,-0.0813016,0.0135675
107,1.93798,0.0450311,1,-0.222208,-0.284068,-0.105515,-0.213292,-0.219729,-0.0623351,-0.222208,-0.284068,-0.0949632,0.0164123
108,1.9561,0.0458906,1,-0.23288,-0.308133,-0.116148,-0.21653,-0.237389,-0.0838095,-0.23288,-0.308133,-0.104534,0.018934
109,1.97421,0.0482971,1,-0.246353,-0.334993,-0.121803,-0.222601,-0.257385,-0.10154,-0.246353,-0.334993,-0.109623,0.0210046
110,1.99232,0.0522233,1,-0.262888,-0.36412,-0.122343,-0.231409,-0.27964,-0.114992,-0.262888,-0.36412,-0.110109,0.0225138
111,2.01043,0.0566852,1,-0.281342,-0.394069,-0.116556,-0.242857,-0.304018,-0.123571,-0.281342,-0.394069,-0.1049,0.0229544
112,2.02854,0.0615495,1,-0.301626,-0.424128,-0.103217,-0.256828,-0.330266,-0.126628,-0.301626,-0.424128,-0.0928952,0.021793
113,2.04666,0.0670815,1,-0.323273,-0.453818,-0.0810649,-0.273168,-0.357951,-0.123476,-0.323273,-0.453818,-0.0729584,0.0183443
114,2.06477,0.0734165,1,-0.346367,-0.48232,-0.0504127,-0.291647,-0.386388,-0.113442,-0.346367,-0.48232,-0.0453714,0.0122229
115,2.08288,0.0799064,1,-0.370484,-0.506607,-0.0107636,-0.311926,-0.414577,-0.0959493,-0.370484,-0.506607,-0.00968726,0.00279142
116,2.10099,0.0855847,1,-0.394414,-0.524536,0.0357268,-0.333512,-0.44116,-0.0706388,-0.394414,-0.524536,0.0321541,-0.00986381
117,2.1191,0.0898255,1,-0.415728,-0.532704,0.0887259,-0.35572,-0.464422,-0.0375373,-0.415728,-0.532704,0.0798533,-0.0258201
118,2.13722,0.0917533,1,-0.433253,-0.528208,0.144398,-0.377654,-0.482372,0.002751,-0.433253,-0.528208,0.129958,-0.0437925
119,2.15533,0.0922183,1,-0.445431,-0.51062,0.200422,-0.398203,-0.492936,0.0488653,-0.445431,-0.51062,0.18038,-0.062492
120,2.17344,0.0906759,1,-0.451884,-0.481498,0.250977,-0.416102,-0.494263,0.0985863,-0.451884,-0.481498,0.22588,-0.0793889
121,2.19155,0.0853768,1,-0.450729,-0.442848,0.289077,-0.430029,-0.485117,0.14889,-0.450729,-0.442848,0.26017,-0.091207
122,2.20966,0.0782054,1,-0.442089,-0.398315,0.313928,-0.438764,-0.465256,0.196216,-0.442089,-0.398315,0.282535,-0.0971489
123,2.22778,0.0712675,1,-0.426425,-0.350799,0.325307,-0.441381,-0.435683,0.236943,-0.426425,-0.350799,0.292776,-0.0971033
124,2.24589,0.0653281,1,-0.405408,-0.30478,0.322502,-0.43742,-0.398616,0.267975,-0.405408,-0.30478,0.290252,-0.0915214
125,2.264,0.0615993,1,-0.379902,-0.263353,0.306379,-0.426996,-0.357162,0.287261,-0.379902,-0.263353,0.275741,-0.0814757
126,2.28211,0.0604177,1,-0.352137,-0.229153,0.280698,-0.410808,-0.314764,0.294084,-0.352137,-0.229153,0.252628,-0.0691909
127,2.30022,0.0605579,1,-0.323961,-0.203606,0.249079,-0.390035,-0.274603,0.289022,-0.323961,-0.203606,0.224171,-0.0564844
128,2.31834,0.0606773,1,-0.29731,-0.186726,0.213987,-0.366157,-0.239133,0.273642,-0.29731,-0.186726,0.192588,-0.0445343
129,2.33645,0.0605194,1,-0.272963,-0.176782,0.177271,-0.340744,-0.209875,0.250061,-0.272963,-0.176782,0.159544,-0.0338719
130,2.35456,0.0595323,1,-0.252596,-0.172101,0.140091,-0.315269,-0.187443,0.220521,-0.252596,-0.172101,0.126082,-0.0247705
131,2.37267,0.0584503,1,-0.235539,-0.172334,0.102381,-0.290982,-0.171743,0.187088,-0.235539,-0.172334,0.0921433,-0.0168804
132,2.39078,0.0575613,1,-0.221558,-0.176526,0.0648899,-0.268841,-0.162227,0.151491,-0.221558,-0.176526,0.0584009,-0.0100638
133,2.4089,0.056486,1,-0.211009,-0.18413,0.0289894,-0.249508,-0.158134,0.115094,-0.211009,-0.18413,0.0260904,-0.00428191
134,2.42701,0.0548071,1,-0.204229,-0.194535,-0.00398999,-0.233383,-0.158671,0.078927,-0.204229,-0.194535,-0.00359099,0.00057041
135,2.44512,0.0535129,1,-0.200568,-0.207307,-0.0352028,-0.220655,-0.163126,0.0437619,-0.200568,-0.207307,-0.0316825,0.00494239
136,2.46323,0.052022,1,-0.199768,-0.221862,-0.0632279,-0.211363,-0.170929,0.0101903,-0.199768,-0.221862,-0.0569051,0.00884165
137,2.48134,0.0507428,1,-0.20178,-0.238831,-0.0879641,-0.20545,-0.181665,-0.0213082,-0.20178,-0.238831,-0.0791677,0.0124246
138,2.49946,0.0496121,1,-0.207178,-0.258461,-0.108154,-0.202807,-0.195065,-0.05031,-0.207178,-0.258461,-0.0973386,0.015685
139,2.51757,0.049364,1,-0.215397,-0.280872,-0.124149,-0.203309,-0.210981,-0.0764043,-0.215397,-0.280872,-0.111734,0.0187189
140,2.53568,0.0503179,1,-0.22674,-0.306097,-0.135342,-0.206835,-0.229349,-0.0991596,-0.22674,-0.306097,-0.121808,0.0214813
141,2.55379,0.0530362,1,-0.241189,-0.334392,-0.14182,-0.21328,-0.250149,-0.118097,-0.241189,-0.334392,-0.127638,0.0239438
142,2.5719,0.0570222,1,-0.258473,-0.364814,-0.142716,-0.222553,-0.273362,-0.132671,-0.258473,-0.364814,-0.128444,0.0258218
143,2.59002,0.0615462,1,-0.277816,-0.396194,-0.136792,-0.234574,-0.29891,-0.142259,-0.277816,-0.396194,-0.123112,0.026602
144,2.60813,0.0664473,1,-0.299046,-0.427749,-0.123013,-0.249252,-0.326602,-0.146156,-0.299046,-0.427749,-0.110712,0.0257506
145,2.62624,0.0719676,1,-0.321788,-0.459122,-0.100542,-0.266461,-0.356054,-0.143599,-0.321788,-0.459122,-0.0904878,0.0226473
146,2.64435,0.0784259,1,-0.346137,-0.489574,-0.0687208,-0.286006,-0.386616,-0.133803,-0.346137,-0.489574,-0.0618488,0.0166508
147,2.66246,0.0854816,1,-0.37181,-0.516851,-0.0272717,-0.307576,-0.417283,-0.116049,-0.37181,-0.516851,-0.0245445,0.00709792
148,2.68058,0.0918878,1,-0.397662,-0.537659,0.0222614,-0.330696,-0.446638,-0.0898135,-0.397662,-0.537659,0.0200353,-0.00619677
149,2.69869,0.0967026,1,-0.421094,-0.548441,0.078931,-0.354681,-0.472827,-0.054957,-0.421094,-0.548441,0.0710379,-0.0232662
150,2.7168,0.0987532,1,-0.440554,-0.545354,0.138854,-0.378597,-0.493629,-0.0119519,-0.440554,-0.545354,0.124968,-0.0428209
151,2.73491,0.0990495,1,-0.454501,-0.528286,0.19953,-0.401255,-0.506644,0.0378861,-0.454501,-0.528286,0.179577,-0.0634807
152,2.75302,0.0974101,1,-0.462003,-0.497538,0.255516,-0.421257,-0.509641,0.0922391,-0.462003,-0.497538,0.229965,-0.0826345
153,2.77114,0.0920727,1,-0.461641,-0.456013,0.298814,-0.437104,-0.501016,0.147801,-0.461641,-0.456013,0.268933,-0.0965614
154,2.78925,0.0842877,1,-0.453113,-0.407986,0.327257,-0.447379,-0.480279,0.200553,-0.453113,-0.407986,0.294532,-0.103799
155,2.80736,0.0767451,1,-0.436806,-0.356372,0.341176,-0.450962,-0.448394,0.246303,-0.436806,-0.356372,0.307059,-0.104319
156,2.82547,0.0701959,1,-0.41455,-0.305964,0.339219,-0.447253,-0.4078,0.281406,-0.41455,-0.305964,0.305297,-0.0984362
157,2.84358,0.0660529,1,-0.38729,-0.260546,0.322989,-0.436317,-0.362045,0.303413,-0.38729,-0.260546,0.29069,-0.0875634
158,2.8617,0.0647033,1,-0.357182,-0.222881,0.295871,-0.4189,-0.315119,0.311452,-0.357182,-0.222881,0.266284,-0.0739758
159,2.87981,0.0647553,1,-0.326577,-0.194742,0.262105,-0.396319,-0.270713,0.306198,-0.326577,-0.194742,0.235895,-0.0599183
160,2.89792,0.0648559,1,-0.297562,-0.176086,0.224321,-0.370249,-0.23165,0.289498,-0.297562,-0.176086,0.201889,-0.0467246
161,2.91603,0.0644663,1,-0.271024,-0.165303,0.185177,-0.342465,-0.199626,0.263826,-0.271024,-0.165303,0.166659,-0.0351311
162,2.93414,0.0632105,1,-0.24882,-0.160168,0.145574,-0.314627,-0.175257,0.231762,-0.24882,-0.160168,0.131016,-0.0253552
163,2.95226,0.0616484,1,-0.230226,-0.160099,0.105935,-0.288124,-0.158336,0.195636,-0.230226,-0.160099,0.0953418,-0.0170723
164,2.97037,0.0604339,1,-0.214953,-0.16424,0.066292,-0.264,-0.148147,0.157353,-0.214953,-0.16424,0.0596628,-0.00997478
165,2.98848,0.059023,1,-0.203392,-0.171825,0.0283805,-0.242961,-0.143755,0.118367,-0.203392,-0.171825,0.0255425,-0.00404067
166,3.00659,0.0570171,1,-0.195685,-0.182299,-0.00639477,-0.225407,-0.144216,0.0797401,-0.195685,-0.182299,-0.00575529,0.000875953
167,3.0247,0.0553258,1,-0.191272,-0.194577,-0.0394256,-0.211507,-0.148706,0.0422393,-0.191272,-0.194577,-0.0354831,0.00527871
168,3.04282,0.0535546,1,-0.189906,-0.208673,-0.0694731,-0.201265,-0.156576,0.00642974,-0.189906,-0.208673,-0.0625258,0.00923537
169,3.06093,0.0522569,1,-0.191299,-0.225179,-0.0968145,-0.194586,-0.167373,-0.0272448,-0.191299,-0.225179,-0.0871331,0.0129643
170,3.07904,0.0511492,1,-0.196034,-0.244478,-0.119828,-0.191326,-0.180814,-0.0583992,-0.196034,-0.244478,-0.107845,0.0164432
171,3.09715,0.0507138,1,-0.203573,-0.266632,-0.13847,-0.191329,-0.196765,-0.0866594,-0.203573,-0.266632,-0.124623,0.0197321
172,3.11526,0.0514294,1,-0.214224,-0.291652,-0.152836,-0.194455,-0.215194,-0.111626,-0.214224,-0.291652,-0.137553,0.0229188
173,3.13338,0.0538575,1,-0.228254,-0.320201,-0.162338,-0.20059,-0.236136,-0.132848,-0.228254,-0.320201,-0.146104,0.025938
174,3.15149,0.0575078,1,-0.245247,-0.351211,-0.166209,-0.209648,-0.259644,-0.149793,-0.245247,-0.351211,-0.149588,0.0285335
175,3.1696,0.0620105,1,-0.264723,-0.384071,-0.163525,-0.221568,-0.285732,-0.161836,-0.264723,-0.384071,-0.147172,0.0303021
176,3.18771,0.0666807,1,-0.286282,-0.417336,-0.153152,-0.236292,-0.314321,-0.16825,-0.286282,-0.417336,-0.137837,0.0306913
177,3.20582,0.0718198,1,-0.309512,-0.451027,-0.134209,-0.253745,-0.345155,-0.168203,-0.309512,-0.451027,-0.120788,0.0290776
178,3.22394,0.0776636,1,-0.334683,-0.484097,-0.105379,-0.273796,-0.377718,-0.160796,-0.334683,-0.484097,-0.0948406,0.0246879
179,3.24205,0.0845054,1,-0.361411,-0.515922,-0.0664457,-0.296211,-0.41113,-0.145129,-0.361411,-0.515922,-0.0598012,0.0168099
180,3.26016,0.0919536,1,-0.389391,-0.543173,-0.0164502,-0.320598,-0.444055,-0.120419,-0.389391,-0.543173,-0.0148052,0.0044839
181,3.27827,0.0980231,1,-0.416539,-0.56192,0.0414008,-0.346345,-0.474638,-0.086193,-0.416539,-0.56192,0.0372607,-0.0120715
182,3.29638,0.101532,1,-0.440228,-0.567229,0.105434,-0.372567,-0.500512,-0.0425417,-0.440228,-0.567229,0.094891,-0.0324906
183,3.3145,0.102119,1,-0.458753,-0.557035,0.171298,-0.398072,-0.518947,0.00958216,-0.458753,-0.557035,0.154169,-0.0550086
184,3.33261,0.100942,1,-0.470782,-0.531024,0.235771,-0.421378,-0.527171,0.0681037,-0.470782,-0.531024,0.212194,-0.0776978
185,3.35072,0.0970645,1,-0.474843,-0.490681,0.291175,-0.440806,-0.522882,0.129716,-0.474843,-0.490681,0.262058,-0.0967839
186,3.36883,0.0897423,1,-0.469985,-0.440749,0.330822,-0.454657,-0.504864,0.190055,-0.469985,-0.440749,0.297739,-0.108837
187,3.38694,0.0811515,1,-0.456397,-0.385884,0.354011,-0.461463,-0.47352,0.244233,-0.456397,-0.385884,0.31861,-0.113099
188,3.40506,0.0735445,1,-0.435282,-0.329412,0.360231,-0.460268,-0.431083,0.287671,-0.435282,-0.329412,0.324208,-0.109761
189,3.42317,0.0678829,1,-0.408106,-0.276872,0.349876,-0.450848,-0.381346,0.316974,-0.408106,-0.276872,0.314888,-0.0999504
190,3.44128,0.0653591,1,-0.376486,-0.231416,0.325895,-0.433798,-0.32893,0.330556,-0.376486,-0.231416,0.293306,-0.0858866
191,3.45939,0.064987,1,-0.342991,-0.195898,0.292411,-0.410447,-0.278349,0.328763,-0.342991,-0.195898,0.26317,-0.0702062
192,3.4775,0.0652064,1,-0.310497,-0.170859,0.252959,-0.382624,-0.233211,0.313503,-0.310497,-0.170859,0.227663,-0.0549802
193,3.49562,0.0649702,1,-0.280112,-0.155855,0.211108,-0.352361,-0.195781,0.287589,-0.280112,-0.155855,0.189997,-0.0413937
194,3.51373,0.0637849,1,-0.253635,-0.147627,0.169138,-0.321602,-0.166976,0.254059,-0.253635,-0.147627,0.152224,-0.0300294
195,3.53184,0.0617146,1,-0.231888,-0.145354,0.127305,-0.291998,-0.146642,0.215686,-0.231888,-0.145354,0.114575,-0.0206644
196,3.54995,0.0601664,1,-0.213508,-0.147582,0.085043,-0.264806,-0.133952,0.174724,-0.213508,-0.147582,0.0765387,-0.0127102
197,3.56806,0.0589711,1,-0.198929,-0.153711,0.0434133,-0.240871,-0.127776,0.132862,-0.198929,-0.153711,0.039072,-0.00604532
198,3.58618,0.0568285,1,-0.188537,-0.163087,0.00556108,-0.220673,-0.12696,0.0912966,-0.188537,-0.163087,0.00500497,-0.00073393
199,3.60429,0.0547895,1,-0.181904,-0.17461,-0.0300957,-0.20441,-0.130488,0.0508516,-0.181904,-0.17461,-0.0270861,0.00383217
200,3.6224,0.0530795,1,-0.178638,-0.187459,-0.06394,-0.192076,-0.137561,0.0120985,-0.178638,-0.187459,-0.057546,0.00799549
201,3.64051,0.0517252,1,-0.178324,-0.202425,-0.0952184,-0.183546,-0.147614,-0.0245433,-0.178324,-0.202425,-0.0856966,0.0118858
202,3.65862,0.05061,1,-0.180819,-0.219885,-0.122987,-0.178635,-0.160299,-0.0587309,-0.180819,-0.219885,-0.110688,0.0155669
203,3.67674,0.0500252,1,-0.186425,-0.240512,-0.146611,-0.177146,-0.175452,-0.0901433,-0.186425,-0.240512,-0.13195,0.0191324
204,3.69485,0.0501211,1,-0.194972,-0.263776,-0.166142,-0.178902,-0.193046,-0.11844,-0.194972,-0.263776,-0.149528,0.0226751
205,3.71296,0.0514692,1,-0.206754,-0.290476,-0.18118,-0.183763,-0.213155,-0.14323,-0.206754,-0.290476,-0.163062,0.0262217
206,3.73107,0.0541618,1,-0.221989,-0.320525,-0.19084,-0.191632,-0.235903,-0.164044,-0.221989,-0.320525,-0.171756,0.0296551
207,3.74918,0.0581638,1,-0.240316,-0.353699,-0.194458,-0.202457,-0.26142,-0.180308,-0.240316,-0.353699,-0.175012,0.0327119
208,3.7673,0.0626081,1,-0.26118,-0.388455,-0.190635,-0.21621,-0.289781,-0.191327,-0.26118,-0.388455,-0.171571,0.034853
209,3.78541,0.0670635,1,-0.284065,-0.423831,-0.17937,-0.232876,-0.32094,-0.196271,-0.284065,-0.423831,-0.161433,0.0356669
210,3.80352,0.0720615,1,-0.309099,-0.460053,-0.158781,-0.252412,-0.354639,-0.194179,-0.309099,-0.460053,-0.142903,0.0343553
211,3.82163,0.0780231,1,-0.336372,-0.496704,-0.127962,-0.274712,-0.390302,-0.183993,-0.336372,-0.496704,-0.115166,0.0301299
212,3.83974,0.0847087,1,-0.365472,-0.531444,-0.0855663,-0.299541,-0.42691,-0.16464,-0.365472,-0.531444,-0.0770096,0.0218905
213,3.85786,0.0919223,1,-0.39562,-0.561369,-0.0309235,-0.326476,-0.462886,-0.135179,-0.39562,-0.561369,-0.0278311,0.00856376
214,3.87597,0.0980069,1,-0.425214,-0.582607,0.0328616,-0.35482,-0.496007,-0.0950492,-0.425214,-0.582607,0.0295754,-0.00978125
215,3.89408,0.101266,1,-0.45111,-0.589144,0.103531,-0.383543,-0.523427,-0.0443901,-0.45111,-0.589144,0.0931775,-0.0326926
216,3.91219,0.101316,1,-0.471511,-0.577789,0.176423,-0.41124,-0.541873,0.0155752,-0.471511,-0.577789,0.158781,-0.0582298
217,3.9303,0.0993809,1,-0.484696,-0.549022,0.247363,-0.436159,-0.548081,0.0822178,-0.484696,-0.549022,0.222627,-0.0839272
218,3.94842,0.0947145,1,-0.489,-0.503659,0.308123,-0.45633,-0.539478,0.1514,-0.489,-0.503659,0.277311,-0.105471
219,3.96653,0.086689,1,-0.483164,-0.44768,0.351332,-0.469796,-0.514968,0.217771,-0.483164,-0.44768,0.316199,-0.118826
220,3.98464,0.0776184,1,-0.467897,-0.386646,0.376132,-0.474951,-0.47556,0.275541,-0.467897,-0.386646,0.338518,-0.123194
221,4.00275,0.0696162,1,-0.444315,-0.324536,0.381563,-0.470873,-0.4245,0.319587,-0.444315,-0.324536,0.343407,-0.118674
222,4.02086,0.064139,1,-0.414168,-0.267045,0.369271,-0.457569,-0.366748,0.34653,-0.414168,-0.267045,0.332344,-0.107058
223,4.03898,0.0619222,1,-0.3791,-0.217953,0.342291,-0.436024,-0.30791,0.355348,-0.3791,-0.217953,0.308062,-0.0908338
224,4.05709,0.0616319,1,-0.342417,-0.180007,0.305401,-0.408025,-0.253053,0.347298,-0.342417,-0.180007,0.274861,-0.0732021
225,4.0752,0.0619439,1,-0.306835,-0.153692,0.261746,-0.375829,-0.205829,0.32525,-0.306835,-0.153692,0.235572,-0.0562191
226,4.09331,0.0614711,1,-0.273975,-0.138388,0.216296,-0.341788,-0.16816,0.292789,-0.273975,-0.138388,0.194667,-0.0414819
227,4.11142,0.0599216,1,-0.245482,-0.130331,0.171219,-0.308022,-0.140417,0.25343,-0.245482,-0.130331,0.154097,-0.0294217
228,4.12954,0.0575507,1,-0.221926,-0.128153,0.126779,-0.276227,-0.121885,0.210136,-0.221926,-0.128153,0.114101,-0.019695
229,4.14765,0.0562566,1,-0.201958,-0.130646,0.0812698,-0.2476,-0.111275,0.165151,-0.201958,-0.130646,0.0731428,-0.0114892
230,4.16576,0.0546542,1,-0.186362,-0.136943,0.0379424,-0.222866,-0.107137,0.120042,-0.186362,-0.136943,0.0341482,-0.00494973
231,4.18387,0.0526823,1,-0.175229,-0.146621,-0.00230844,-0.202365,-0.108126,0.0758458,-0.175229,-0.146621,-0.00207759,0.000283154
232,4.20198,0.0507181,1,-0.168063,-0.157962,-0.0401275,-0.186151,-0.113144,0.0332291,-0.168063,-0.157962,-0.0361148,0.00472078
233,4.2201,0.0493833,1,-0.164162,-0.170689,-0.0765537,-0.174097,-0.121381,-0.00737183,-0.164162,-0.170689,-0.0688983,0.00879702
234,4.23821,0.0483264,1,-0.163347,-0.184882,-0.110725,-0.165979,-0.132305,-0.0456467,-0.163347,-0.184882,-0.0996522,0.0126606
235,4.25632,0.0474614,1,-0.165364,-0.201797,-0.141239,-0.16154,-0.145628,-0.081338,-0.165364,-0.201797,-0.127115,0.0163492
236,4.27443,0.0470575,1,-0.170158,-0.221976,-0.167704,-0.160537,-0.161256,-0.114191,-0.170158,-0.221976,-0.150934,0.0199754
237,4.29254,0.0471837,1,-0.177831,-0.244931,-0.190144,-0.162767,-0.179241,-0.143917,-0.177831,-0.244931,-0.171129,0.0236694
238,4.31066,0.0481517,1,-0.189208,-0.270853,-0.208283,-0.168086,-0.199743,-0.170164,-0.189208,-0.270853,-0.187454,0.0275861
239,4.32877,0.0500227,1,-0.203655,-0.300091,-0.22109,-0.17641,-0.222978,-0.192486,-0.203655,-0.300091,-0.198981,0.0315183
240,4.34688,0.0532355,1,-0.22153,-0.333148,-0.22786,-0.187711,-0.249179,-0.210322,-0.22153,-0.333148,-0.205074,0.0353344
241,4.36499,0.0572229,1,-0.241945,-0.369078,-0.228502,-0.202006,-0.278538,-0.222962,-0.241945,-0.369078,-0.205652,0.0386996
242,4.3831,0.0614115,1,-0.26514,-0.406836,-0.221924,-0.219336,-0.311138,-0.229532,-0.26514,-0.406836,-0.199732,0.0411886
243,4.40122,0.0660381,1,-0.290892,-0.44649,-0.205743,-0.23973,-0.346863,-0.228979,-0.290892,-0.44649,-0.185169,0.0418943
244,4.41933,0.0713238,1,-0.319389,-0.487171,-0.178643,-0.263164,-0.385278,-0.220088,-0.319389,-0.487171,-0.160779,0.0399397
245,4.43744,0.0773969,1,-0.350162,-0.528107,-0.140241,-0.2895,-0.425481,-0.20155,-0.350162,-0.528107,-0.126217,0.0343749
246,4.45555,0.0834949,1,-0.382746,-0.564775,-0.088392,-0.318402,-0.465943,-0.172095,-0.382746,-0.564775,-0.0795528,0.0236821
247,4.47366,0.090088,1,-0.415878,-0.594735,-0.0223904,-0.349249,-0.504366,-0.130749,-0.415878,-0.594735,-0.0201513,0.00651816
248,4.49178,0.0952645,1,-0.447339,-0.613285,0.0535896,-0.38104,-0.537627,-0.0772011,-0.447339,-0.613285,0.0482306,-0.0167809
249,4.50989,0.0970896,1,-0.474023,-0.612994,0.135572,-0.412317,-0.561917,-0.0122885,-0.474023,-0.612994,0.122015,-0.0449849
250,4.528,0.0957912,1,-0.493765,-0.591786,0.217777,-0.441166,-0.573171,0.0615251,-0.493765,-0.591786,0.195999,-0.0752716
251,4.54611,0.0926143,1,-0.504685,-0.550428,0.294397,-0.465319,-0.567857,0.139869,-0.504685,-0.550428,0.264957,-0.104004
252,4.56422,0.0857677,1,-0.504179,-0.491888,0.354052,-0.482405,-0.543992,0.21665,-0.504179,-0.491888,0.318647,-0.124954
253,4.58234,0.0764855,1,-0.492377,-0.42481,0.392464,-0.490349,-0.50209,0.284882,-0.492377,-0.42481,0.353217,-0.135268
254,4.60045,0.0671684,1,-0.470581,-0.354636,0.408589,-0.487816,-0.445544,0.338066,-0.470581,-0.354636,0.36773,-0.134592
255,4.61856,0.0599667,1,-0.440369,-0.28746,0.40379,-0.474562,-0.380129,0.371676,-0.440369,-0.28746,0.363411,-0.124471
256,4.63667,0.0563325,1,-0.403489,-0.227837,0.381067,-0.451561,-0.312689,0.384112,-0.403489,-0.227837,0.34296,-0.10763
257,4.65478,0.0555234,1,-0.363004,-0.179778,0.344508,-0.420822,-0.249547,0.376725,-0.363004,-0.179778,0.310057,-0.0875404
258,4.6729,0.0554133,1,-0.322792,-0.145256,0.299684,-0.384989,-0.195276,0.35299,-0.322792,-0.145256,0.269716,-0.067715
259,4.69101,0.05536,1,-0.284796,-0.12331,0.250171,-0.346845,-0.152232,0.31731,-0.284796,-0.12331,0.225154,-0.0498734
260,4.70912,0.0541928,1,-0.250901,-0.11147,0.200756,-0.308905,-0.120787,0.273964,-0.250901,-0.11147,0.180681,-0.035259
261,4.72723,0.0518967,1,-0.222559,-0.106771,0.152496,-0.273157,-0.0999481,0.226476,-0.222559,-0.106771,0.137246,-0.0237576
262,4.74534,0.0502786,1,-0.198377,-0.106637,0.103783,-0.240976,-0.0880343,0.177424,-0.198377,-0.106637,0.0934045,-0.0144117
263,4.76346,0.0489352,1,-0.178792,-0.111211,0.0562807,-0.213159,-0.0832086,0.128522,-0.178792,-0.111211,0.0506527,-0.00704379
264,4.78157,0.04691,1,-0.164129,-0.119304,0.0124878,-0.19004,-0.083806,0.0808259,-0.164129,-0.119304,0.011239,-0.00143472
265,4.79968,0.0451898,1,-0.154018,-0.130229,-0.0288732,-0.171621,-0.0884891,0.0349567,-0.154018,-0.130229,-0.0259859,0.0031129
266,4.81779,0.0434959,1,-0.147379,-0.141459,-0.0681323,-0.157693,-0.0962874,-0.00872864,-0.147379,-0.141459,-0.0613191,0.00702887
267,4.8359,0.0423966,1,-0.143863,-0.153295,-0.106515,-0.147944,-0.106572,-0.0500102,-0.143863,-0.153295,-0.0958633,0.0107265
268,4.85402,0.0414596,1,-0.143427,-0.166966,-0.14215,-0.14203,-0.119004,-0.0887241,-0.143427,-0.166966,-0.127935,0.0142717
269,4.87213,0.0411954,1,-0.145681,-0.184144,-0.174582,-0.139633,-0.133473,-0.124711,-0.145681,-0.184144,-0.157124,0.0178032
270,4.89024,0.0410637,1,-0.15063,-0.20417,-0.202799,-0.140488,-0.150049,-0.157779,-0.15063,-0.20417,-0.182519,0.0213833
271,4.90835,0.0412356,1,-0.159025,-0.226802,-0.226898,-0.144405,-0.168928,-0.187682,-0.159025,-0.226802,-0.204208,0.0252577
272,4.92646,0.0419112,1,-0.170381,-0.252267,-0.246898,-0.151272,-0.190398,-0.214085,-0.170381,-0.252267,-0.222208,0.0294467
273,4.94458,0.0433197,1,-0.184495,-0.281428,-0.261863,-0.161055,-0.214799,-0.236546,-0.184495,-0.281428,-0.235676,0.0338187
274,4.96269,0.0457955,1,-0.201801,-0.314779,-0.271219,-0.17379,-0.242483,-0.254477,-0.201801,-0.314779,-0.244097,0.0383124
275,4.9808,0.0486607,1,-0.222055,-0.351157,-0.274738,-0.189567,-0.273762,-0.267116,-0.222055,-0.351157,-0.247264,0.0427049
276,4.99891,0.0520934,1,-0.2459,-0.390907,-0.270671,-0.208508,-0.308839,-0.273488,-0.2459,-0.390907,-0.243604,0.0465906
277,5.01702,0.0565922,1,-0.273284,-0.434764,-0.257596,-0.230732,-0.34771,-0.272387,-0.273284,-0.434764,-0.231836,0.0492778
278,5.03514,0.0612235,1,-0.303358,-0.480332,-0.232805,-0.256304,-0.390018,-0.262372,-0.303358,-0.480332,-0.209525,0.0494364
279,5.05325,0.0661483,1,-0.336191,-0.526877,-0.196446,-0.285167,-0.434876,-0.241824,-0.336191,-0.526877,-0.176801,0.0462303
280,5.07136,0.0710939,1,-0.371014,-0.571087,-0.14528,-0.317047,-0.48065,-0.209091,-0.371014,-0.571087,-0.130752,0.0377307
281,5.08947,0.07636,1,-0.407486,-0.609156,-0.0778374,-0.351335,-0.524741,-0.162772,-0.407486,-0.609156,-0.0700537,0.0222024
282,5.10758,0.0823947,1,-0.444463,-0.63679,0.00590702,-0.386961,-0.563469,-0.102186,-0.444463,-0.63679,0.00531632,-0.00183782
283,5.1257,0.0857104,1,-0.477609,-0.647409,0.0981963,-0.422286,-0.592172,-0.0280063,-0.477609,-0.647409,0.0883767,-0.0328296
284,5.14381,0.0849367,1,-0.503802,-0.633687,0.193024,-0.455068,-0.605724,0.0570611,-0.503802,-0.633687,0.173721,-0.068072
285,5.16192,0.0816233,1,-0.520334,-0.594855,0.283976,-0.482574,-0.599539,0.147817,-0.520334,-0.594855,0.255578,-0.103434
286,5.18003,0.0764203,1,-0.525504,-0.533962,0.36161,-0.501895,-0.57098,0.23674,-0.525504,-0.533962,0.325449,-0.133019
287,5.19814,0.0683046,1,-0.516207,-0.457554,0.41498,-0.510461,-0.520678,0.315086,-0.516207,-0.457554,0.373482,-0.149951
288,5.21626,0.0586522,1,-0.495196,-0.376523,0.440569,-0.506645,-0.45309,0.374792,-0.495196,-0.376523,0.396512,-0.152718
289,5.23437,0.0504297,1,-0.463459,-0.298247,0.44064,-0.490227,-0.375746,0.410527,-0.463459,-0.298247,0.396576,-0.142953
290,5.25248,0.0462438,1,-0.423417,-0.227476,0.419683,-0.46254,-0.297357,0.420909,-0.423417,-0.227476,0.377714,-0.124391
291,5.27059,0.0452458,1,-0.378231,-0.169463,0.382096,-0.426185,-0.225611,0.408351,-0.378231,-0.169463,0.343887,-0.101164
292,5.2887,0.0449183,1,-0.332693,-0.127516,0.333934,-0.384463,-0.165639,0.377747,-0.332693,-0.127516,0.300541,-0.0777684
293,5.30682,0.0452014,1,-0.289058,-0.0999599,0.279336,-0.340725,-0.119607,0.334779,-0.289058,-0.0999599,0.251402,-0.056521
294,5.32493,0.0443971,1,-0.249811,-0.0852679,0.224599,-0.29787,-0.08725,0.284597,-0.249811,-0.0852679,0.202139,-0.0392751
295,5.34304,0.042616,1,-0.216419,-0.078186,0.171278,-0.258067,-0.0668086,0.231148,-0.216419,-0.078186,0.15415,-0.0259474
296,5.36115,0.0405973,1,-0.188093,-0.0764268,0.119427,-0.222704,-0.0559194,0.177098,-0.188093,-0.0764268,0.107484,-0.0157243
297,5.37926,0.0392354,1,-0.164668,-0.0798088,0.0685215,-0.192486,-0.0522358,0.124057,-0.164668,-0.0798088,0.0616693,-0.0078983
298,5.39738,0.0373035,1,-0.146685,-0.0871503,0.0216855,-0.167592,-0.0537623,0.0728985,-0.146685,-0.0871503,0.0195169,-0.00222665
299,5.41549,0.0360552,1,-0.133754,-0.09732,-0.0231826,-0.147853,-0.0589742,0.0240483,-0.133754,-0.09732,-0.0208644,0.00217054
300,5.4336,0.0342361,1,-0.124396,-0.106866,-0.0652071,-0.132895,-0.0668132,-0.0223134,-0.124396,-0.106866,-0.0586864,0.00567804
301,5.45171,0.0327799,1,-0.117953,-0.116688,-0.106118,-0.122261,-0.0766244,-0.0661181,-0.117953,-0.116688,-0.0955058,0.00876185
302,5.46982,0.0313131,1,-0.115183,-0.127375,-0.14471,-0.11549,-0.0880762,-0.107334,-0.115183,-0.127375,-0.130239,0.0116677
303,5.48794,0.0309492,1,-0.115699,-0.141139,-0.181371,-0.112168,-0.101085,-0.14592,-0.115699,-0.141139,-0.163234,0.0146891
304,5.50605,0.0308961,1,-0.118324,-0.157378,-0.214829,-0.111959,-0.115755,-0.181804,-0.118324,-0.157378,-0.193346,0.0177936
305,5.52416,0.0305747,1,-0.123629,-0.175301,-0.244464,-0.11462,-0.132324,-0.214861,-0.123629,-0.175301,-0.220017,0.0211559
306,5.54227,0.0301263,1,-0.131441,-0.195628,-0.269651,-0.120007,-0.151139,-0.244897,-0.131441,-0.195628,-0.242686,0.0248102
307,5.56038,0.0300559,1,-0.141479,-0.218884,-0.291359,-0.12807,-0.172617,-0.271621,-0.141479,-0.218884,-0.262223,0.0288548
308,5.5785,0.0307834,1,-0.154324,-0.245982,-0.30968,-0.138851,-0.19723,-0.294625,-0.154324,-0.245982,-0.278712,0.0334538
309,5.59661,0.0321088,1,-0.170206,-0.277063,-0.32416,-0.152472,-0.225475,-0.313341,-0.170206,-0.277063,-0.291744,0.0386217
310,5.61472,0.0335387,1,-0.189307,-0.31206,-0.332139,-0.169123,-0.257832,-0.326996,-0.189307,-0.31206,-0.298925,0.0440134
311,5.63283,0.0358478,1,-0.212166,-0.352322,-0.333775,-0.189038,-0.294706,-0.334569,-0.212166,-0.352322,-0.300398,0.0495711
312,5.65094,0.0385283,1,-0.23881,-0.397204,-0.32741,-0.21247,-0.336327,-0.334731,-0.23881,-0.397204,-0.294669,0.0547322
313,5.66906,0.0414173,1,-0.268718,-0.446435,-0.310786,-0.23964,-0.382602,-0.32582,-0.268718,-0.446435,-0.279708,0.0584598
314,5.68717,0.0443235,1,-0.302185,-0.498565,-0.281602,-0.270665,-0.432895,-0.305845,-0.302185,-0.498565,-0.253442,0.0595672
315,5.70528,0.0469568,1,-0.338534,-0.55185,-0.238676,-0.305452,-0.485745,-0.272597,-0.338534,-0.55185,-0.214809,0.0565599
316,5.72339,0.0497606,1,-0.378055,-0.60288,-0.178113,-0.343557,-0.538532,-0.223911,-0.378055,-0.60288,-0.160302,0.0471355
317,5.7415,0.0530555,1,-0.419563,-0.646306,-0.0974818,-0.38401,-0.587188,-0.158192,-0.419563,-0.646306,-0.0877336,0.0286299
318,5.75962,0.0574724,1,-0.461439,-0.67729,0.00207049,-0.425134,-0.626128,-0.0752184,-0.461439,-0.67729,0.00186344,-0.000668784
319,5.77773,0.0593493,1,-0.498966,-0.685592,0.11233,-0.464429,-0.648661,0.0228292,-0.498966,-0.685592,0.101097,-0.0392341
320,5.79584,0.0566816,1,-0.52788,-0.66505,0.22264,-0.498619,-0.648161,0.130461,-0.52788,-0.66505,0.200376,-0.082269
321,5.81395,0.0523858,1,-0.544655,-0.61432,0.326841,-0.523973,-0.619991,0.238677,-0.544655,-0.61432,0.294157,-0.124611
322,5.83206,0.0472078,1,-0.547833,-0.537184,0.412711,-0.536953,-0.56365,0.336115,-0.547833,-0.537184,0.371439,-0.158268
323,5.85018,0.0406938,1,-0.533472,-0.442298,0.468421,-0.535075,-0.484035,0.411645,-0.533472,-0.442298,0.421578,-0.174922
324,5.86829,0.0324112,1,-0.50532,-0.34542,0.48822,-0.517659,-0.390775,0.457526,-0.50532,-0.34542,0.439398,-0.172695
325,5.8864,0.0260131,1,-0.464798,-0.256309,0.477171,-0.486141,-0.295586,0.471526,-0.464798,-0.256309,0.429454,-0.155252
326,5.90451,0.0243594,1,-0.416196,-0.179485,0.444416,-0.443745,-0.208907,0.456888,-0.416196,-0.179485,0.399974,-0.129475
327,5.92262,0.0248856,1,-0.363802,-0.120698,0.395445,-0.394684,-0.137512,0.420375,-0.363802,-0.120698,0.355901,-0.100705
328,5.94074,0.0260055,1,-0.312026,-0.07995,0.337465,-0.343233,-0.0839307,0.3697,-0.312026,-0.07995,0.303718,-0.0737083
329,5.95885,0.0271934,1,-0.263619,-0.055514,0.275691,-0.293016,-0.0473361,0.311571,-0.263619,-0.055514,0.248122,-0.0508742
330,5.97696,0.0272764,1,-0.221404,-0.0425555,0.214976,-0.246652,-0.0249992,0.250842,-0.221404,-0.0425555,0.193478,-0.0333177
331,5.99507,0.0261551,1,-0.185604,-0.0373692,0.15764,-0.205715,-0.0135719,0.190526,-0.185604,-0.0373692,0.141876,-0.020481
332,6.01318,0.0247733,1,-0.155066,-0.0368763,0.102852,-0.170899,-0.00990646,0.132231,-0.155066,-0.0368763,0.092567,-0.0111642
333,6.0313,0.0235902,1,-0.130338,-0.0411338,0.0512522,-0.142249,-0.0114359,0.0766617,-0.130338,-0.0411338,0.0461269,-0.00467607
334,6.04941,0.023252,1,-0.111941,-0.0490829,0.00190197,-0.119403,-0.016265,0.0240216,-0.111941,-0.0490829,0.00171177,-0.000149037
335,6.06752,0.023018,1,-0.0979551,-0.0577551,-0.0450801,-0.101778,-0.0231107,-0.0257245,-0.0979551,-0.0577551,-0.0405721,0.00309108
336,6.08563,0.0220461,1,-0.0873825,-0.0656302,-0.0891294,-0.0887121,-0.0311861,-0.0726999,-0.0873825,-0.0656302,-0.0802165,0.00545184
337,6.10374,0.0204257,1,-0.0801494,-0.0726397,-0.130866,-0.0795593,-0.0400798,-0.117041,-0.0801494,-0.0726397,-0.11778,0.00734219
338,6.12186,0.0194724,1,-0.076818,-0.0809578,-0.171033,-0.0737418,-0.0496525,-0.158866,-0.076818,-0.0809578,-0.153929,0.00919687
339,6.13997,0.0194961,1,-0.0759464,-0.0916346,-0.208753,-0.0707806,-0.0599568,-0.198259,-0.0759464,-0.0916346,-0.187878,0.0110978
340,6.15808,0.0194818,1,-0.0769966,-0.103211,-0.243516,-0.0703065,-0.0711812,-0.235271,-0.0769966,-0.103211,-0.219164,0.0131249
341,6.17619,0.0196349,1,-0.0799278,-0.116319,-0.274913,-0.072061,-0.0836128,-0.269913,-0.0799278,-0.116319,-0.247421,0.0153812
342,6.1943,0.0198421,1,-0.084624,-0.130802,-0.304048,-0.075892,-0.0976162,-0.302147,-0.084624,-0.130802,-0.273643,0.0180108
343,6.21242,0.0202555,1,-0.0910315,-0.147447,-0.33113,-0.0817475,-0.113623,-0.331881,-0.0910315,-0.147447,-0.298017,0.0211003
344,6.23053,0.0207192,1,-0.100039,-0.166413,-0.356735,-0.0896691,-0.132128,-0.358947,-0.100039,-0.166413,-0.321062,0.0249811
345,6.24864,0.0211122,1,-0.110981,-0.188337,-0.379696,-0.0997864,-0.15369,-0.383079,-0.110981,-0.188337,-0.341726,0.0294972
346,6.26675,0.0213005,1,-0.124354,-0.213482,-0.399161,-0.112313,-0.178928,-0.403875,-0.124354,-0.213482,-0.359245,0.034746
347,6.28486,0.021504,1,-0.140084,-0.243124,-0.415074,-0.12754,-0.208516,-0.420752,-0.140084,-0.243124,-0.373567,0.0407015
348,6.30298,0.0213893,1,-0.158637,-0.2771,-0.425392,-0.145833,-0.243152,-0.432883,-0.158637,-0.2771,-0.382853,0.047238
349,6.32109,0.0207519,1,-0.180008,-0.31574,-0.429135,-0.167615,-0.283511,-0.439116,-0.180008,-0.31574,-0.386222,0.0540736
350,6.3392,0.0203026,1,-0.205161,-0.360955,-0.425743,-0.193345,-0.330142,-0.437889,-0.205161,-0.360955,-0.383169,0.0611423
351,6.35731,0.0207577,1,-0.234875,-0.414258,-0.412855,-0.223474,-0.383293,-0.42713,-0.234875,-0.414258,-0.371569,0.0678783
352,6.37542,0.0222024,1,-0.270217,-0.475943,-0.389087,-0.258367,-0.442631,-0.404211,-0.270217,-0.475943,-0.350179,0.0735967
353,6.39354,0.0241116,1,-0.31031,-0.543353,-0.349753,-0.298177,-0.506834,-0.365979,-0.31031,-0.543353,-0.314778,0.0759723
354,6.41165,0.0257775,1,-0.35542,-0.611061,-0.289401,-0.342654,-0.57304,-0.309019,-0.35542,-0.611061,-0.260461,0.0720012
355,6.42976,0.0264575,1,-0.404116,-0.672659,-0.20579,-0.390884,-0.636261,-0.230287,-0.404116,-0.672659,-0.185211,0.0582142
356,6.44787,0.0273419,1,-0.454608,-0.722983,-0.0982508,-0.440981,-0.688996,-0.128283,-0.454608,-0.722983,-0.0884257,0.0312659
357,6.46598,0.0282959,1,-0.503151,-0.751795,0.0314188,-0.489822,-0.721537,-0.00475811,-0.503151,-0.751795,0.0282769,-0.0110659
358,6.4841,0.0284458,1,-0.5459,-0.748712,0.173834,-0.532995,-0.723563,0.13348,-0.5459,-0.748712,0.156451,-0.0664274
359,6.50221,0.0239358,1,-0.575248,-0.703051,0.310772,-0.5652,-0.687298,0.273763,-0.575248,-0.703051,0.279695,-0.12514
360,6.52032,0.0201162,1,-0.587957,-0.618443,0.432622,-0.581238,-0.611422,0.399163,-0.587957,-0.618443,0.38936,-0.178054
361,6.53843,0.0163567,1,-0.580176,-0.503667,0.521183,-0.577438,-0.503554,0.492985,-0.580176,-0.503667,0.469065,-0.211665
362,6.55654,0.0116783,1,-0.550957,-0.374079,0.563952,-0.552949,-0.379019,0.544439,-0.550957,-0.374079,0.507557,-0.217499
363,6.57466,0.00462499,1,-0.505408,-0.255936,0.558563,-0.510191,-0.255808,0.552139,-0.505408,-0.255936,0.502707,-0.197612
364,6.59277,0.00636025,1,-0.44696,-0.156084,0.519596,-0.454176,-0.148613,0.523268,-0.44696,-0.156084,0.467637,-0.162567
365,6.61088,0.010258,1,-0.382919,-0.0787857,0.461177,-0.391056,-0.0653161,0.469425,-0.382919,-0.0787857,0.415059,-0.123615
366,6.62899,0.0127725,1,-0.319305,-0.026328,0.394106,-0.326647,-0.00706035,0.402123,-0.319305,-0.026328,0.354695,-0.0880879
367,6.6471,0.0153802,1,-0.259595,0.00477744,0.321961,-0.265457,0.0294544,0.330105,-0.259595,0.00477744,0.289765,-0.0585056
368,6.66522,0.0176592,1,-0.20695,0.0197585,0.251894,-0.210376,0.0493659,0.258764,-0.20695,0.0197585,0.226704,-0.0364905
369,6.68333,0.017665,1,-0.16199,0.0275054,0.186782,-0.162815,0.0578281,0.190783,-0.16199,0.0275054,0.168104,-0.0211798
370,6.70144,0.0166985,1,-0.123191,0.030208,0.127594,-0.123069,0.0591265,0.127118,-0.123191,0.030208,0.114834,-0.0110029
371,6.71955,0.0165494,1,-0.0919584,0.0280369,0.0714156,-0.0907046,0.0564464,0.0678135,-0.0919584,0.0280369,0.064274,-0.00459708
372,6.73766,0.0174082,1,-0.0682236,0.0224255,0.017539,-0.0648878,0.0519712,0.0125335,-0.0682236,0.0224255,0.0157851,-0.000837603
373,6.75578,0.0181705,1,-0.049228,0.0166237,-0.0327803,-0.0446157,0.0470969,-0.0391534,-0.049228,0.0166237,-0.0295023,0.00112959
374,6.77389,0.0184239,1,-0.0346855,0.0121527,-0.0802838,-0.0288709,0.0426528,-0.0876494,-0.0346855,0.0121527,-0.0722554,0.00194928
375,6.792,0.0182512,1,-0.0231646,0.00924492,-0.1251,-0.016708,0.0390874,-0.133288,-0.0231646,0.00924492,-0.11259,0.00202851
376,6.81011,0.0178583,1,-0.0138208,0.00818148,-0.166039,-0.00729605,0.0366102,-0.176334,-0.0138208,0.00818148,-0.149435,0.00160636
377,6.82822,0.0183233,1,-0.00677142,0.00716258,-0.203992,6.90593e-05,0.0352936,-0.216995,-0.00677142,0.00716258,-0.183593,0.00096692
378,6.84634,0.0183811,1,-0.000816443,0.007694,-0.240804,0.00596988,0.0351428,-0.255436,-0.000816443,0.007694,-0.216724,0.000137622
379,6.86445,0.0181788,1,0.00485569,0.00986771,-0.275522,0.0108818,0.0361422,-0.291793,0.00485569,0.00986771,-0.247969,-0.000936493
380,6.88256,0.0175871,1,0.00910416,0.0140842,-0.308707,0.0151915,0.0382854,-0.326176,0.00910416,0.0140842,-0.277836,-0.00196736
381,6.90067,0.0163258,1,0.0144644,0.0206105,-0.34033,0.0192172,0.0415939,-0.358679,0.0144644,0.0206105,-0.306297,-0.00344586
382,6.91878,0.0157028,1,0.0196982,0.0281599,-0.369271,0.0232265,0.0461294,-0.38938,0.0196982,0.0281599,-0.332344,-0.00509176
383,6.9369,0.0154442,1,0.0251144,0.0371247,-0.39623,0.0274544,0.0520029,-0.418337,0.0251144,0.0371247,-0.356607,-0.00696576
384,6.95501,0.0156497,1,0.0312532,0.0480107,-0.421,0.0321186,0.0593815,-0.445591,0.0312532,0.0480107,-0.3789,-0.00921031
385,6.97312,0.0164345,1,0.0387628,0.0613752,-0.443627,0.0374335,0.0684964,-0.471155,0.0387628,0.0613752,-0.399265,-0.0120374
386,6.99123,0.0181114,1,0.0478162,0.0776642,-0.463989,0.0436231,0.0796512,-0.495014,0.0478162,0.0776642,-0.41759,-0.0155303
387,7.00934,0.0209335,1,0.0584709,0.0974395,-0.481887,0.0509334,0.0932324,-0.517102,0.0584709,0.0974395,-0.433698,-0.0197234
388,7.02746,0.0249491,1,0.0707765,0.120622,-0.496989,0.0596447,0.109721,-0.537296,0.0707765,0.120622,-0.44729,-0.0246226
389,7.04557,0.0298963,1,0.0851934,0.148098,-0.509393,0.0700833,0.129705,-0.555379,0.0851934,0.148098,-0.458454,-0.0303778
390,7.06368,0.0358044,1,0.102206,0.180644,-0.518597,0.0826342,0.153892,-0.571011,0.102206,0.180644,-0.466737,-0.0371025
391,7.08179,0.0431519,1,0.123451,0.219426,-0.523602,0.0977528,0.183118,-0.583666,0.123451,0.219426,-0.471242,-0.0452474
392,7.0999,0.0522462,1,0.148492,0.266427,-0.523139,0.115975,0.218339,-0.59256,0.148492,0.266427,-0.470825,-0.0543775
393,7.11802,0.0636481,1,0.178589,0.322472,-0.514856,0.137922,0.260608,-0.59654,0.178589,0.322472,-0.463371,-0.0643633
394,7.13613,0.0778846,1,0.215036,0.389543,-0.496713,0.164297,0.310994,-0.593943,0.215036,0.389543,-0.447041,-0.0747677
395,7.15424,0.0943017,1,0.256912,0.465428,-0.464406,0.195861,0.370425,-0.582412,0.256912,0.465428,-0.417965,-0.0835179
396,7.17235,0.114183,1,0.305346,0.546018,-0.408502,0.233366,0.439386,-0.558709,0.305346,0.546018,-0.367652,-0.0873141
397,7.19046,0.136667,1,0.36008,0.626855,-0.325628,0.27744,0.517399,-0.518563,0.36008,0.626855,-0.293065,-0.0820763
398,7.20858,0.161111,1,0.418493,0.699153,-0.211062,0.328355,0.602209,-0.456719,0.418493,0.699153,-0.189956,-0.0618296
399,7.22669,0.186105,1,0.47749,0.753078,-0.0652521,0.385675,0.688673,-0.367456,0.47749,0.753078,-0.0587269,-0.0218101
400,7.2448,0.208064,1,0.533464,0.773014,0.103999,0.447743,0.767561,-0.245993,0.533464,0.773014,0.0935995,0.038836
401,7.26291,0.224934,1,0.579493,0.745347,0.284037,0.511091,0.825002,-0.0911465,0.579493,0.745347,0.255633,0.115218
402,7.28102,0.235554,1,0.605862,0.660408,0.453592,0.570017,0.843861,0.0909388,0.605862,0.660408,0.408233,0.19237
403,7.29914,0.237478,1,0.606098,0.52496,0.581479,0.616785,0.808482,0.283674,0.606098,0.52496,0.523331,0.246703
404,7.31725,0.233812,1,0.579146,0.361715,0.653007,0.642965,0.712418,0.460813,0.579146,0.361715,0.587706,0.26473
405,7.33536,0.22304,1,0.528379,0.201719,0.659436,0.641916,0.565098,0.593822,0.528379,0.201719,0.593493,0.243903
406,7.35347,0.209975,1,0.45843,0.0643953,0.618574,0.611425,0.391262,0.663502,0.45843,0.0643953,0.556717,0.198501
407,7.37158,0.193413,1,0.38004,-0.0388661,0.549932,0.554887,0.221333,0.668047,0.38004,-0.0388661,0.494939,0.146297
408,7.3897,0.176129,1,0.298963,-0.110607,0.465606,0.480122,0.0790701,0.621389,0.298963,-0.110607,0.419045,0.0974393
409,7.40781,0.156028,1,0.224181,-0.148758,0.376929,0.39664,-0.0249853,0.544181,0.224181,-0.148758,0.339237,0.0591504
410,7.42592,0.135076,1,0.158478,-0.167912,0.296416,0.312969,-0.0920811,0.454904,0.158478,-0.167912,0.266775,0.0328828
411,7.44403,0.116194,1,0.102158,-0.175457,0.221758,0.235183,-0.129858,0.365731,0.102158,-0.175457,0.199583,0.015858
412,7.46214,0.0993901,1,0.0547925,-0.175373,0.154887,0.166673,-0.147451,0.282708,0.0547925,-0.175373,0.139398,0.00594064
413,7.48026,0.0843747,1,0.0170049,-0.171583,0.0954877,0.108643,-0.152803,0.207768,0.0170049,-0.171583,0.085939,0.00113663
414,7.49837,0.0724043,1,-0.0142857,-0.168278,0.0416531,0.0608304,-0.151821,0.140718,-0.0142857,-0.168278,0.0374878,-0.00041653
415,7.51648,0.0626708,1,-0.0386715,-0.168423,-0.00712019,0.0221298,-0.148499,0.0805675,-0.0386715,-0.168423,-0.00640817,0.000192744
416,7.53459,0.0557745,1,-0.0593557,-0.171248,-0.0520105,-0.00894143,-0.145365,0.0262255,-0.0593557,-0.171248,-0.0468095,0.00216099
417,7.5527,0.051815,1,-0.077522,-0.175865,-0.0948873,-0.0339543,-0.143931,-0.0232183,-0.077522,-0.175865,-0.0853985,0.00514909
418,7.57082,0.0501281,1,-0.093091,-0.183321,-0.13608,-0.0544034,-0.145058,-0.0684215,-0.093091,-0.183321,-0.122472,0.00886747
419,7.58893,0.0490816,1,-0.107948,-0.195803,-0.170948,-0.0716295,-0.149224,-0.109805,-0.107948,-0.195803,-0.153853,0.0129174
420,7.60704,0.0482282,1,-0.121573,-0.211707,-0.199962,-0.0867952,-0.156702,-0.147591,-0.121573,-0.211707,-0.179966,0.017017
421,7.62515,0.047974,1,-0.135583,-0.230328,-0.223967,-0.100892,-0.167671,-0.181835,-0.135583,-0.230328,-0.20157,0.0212563
422,7.64326,0.0493607,1,-0.152027,-0.251691,-0.24569,-0.114762,-0.182295,-0.212448,-0.152027,-0.251691,-0.221121,0.026146
423,7.66138,0.0507519,1,-0.169144,-0.275503,-0.262407,-0.129125,-0.200757,-0.239193,-0.169144,-0.275503,-0.236167,0.0310692
424,7.67949,0.0531955,1,-0.187531,-0.30374,-0.274758,-0.144607,-0.223268,-0.261679,-0.187531,-0.30374,-0.247283,0.036068
425,7.6976,0.0565435,1,-0.208061,-0.336325,-0.281558,-0.16176,-0.250054,-0.279332,-0.208061,-0.336325,-0.253402,0.0410068
426,7.71571,0.0610423,1,-0.231685,-0.373468,-0.280161,-0.181076,-0.281318,-0.291363,-0.231685,-0.373468,-0.252145,0.0454363
427,7.73382,0.0677196,1,-0.258659,-0.417032,-0.270559,-0.202987,-0.317167,-0.296738,-0.258659,-0.417032,-0.243503,0.0489879
428,7.75194,0.076591,1,-0.289721,-0.466681,-0.251132,-0.227848,-0.3575,-0.29414,-0.289721,-0.466681,-0.226018,0.0509307
429,7.77005,0.0854658,1,-0.323395,-0.516859,-0.217716,-0.255901,-0.401847,-0.28198,-0.323395,-0.516859,-0.195945,0.0492858
430,7.78816,0.0938986,1,-0.359035,-0.563697,-0.168059,-0.287206,-0.449152,-0.258451,-0.359035,-0.563697,-0.151253,0.0422374
431,7.80627,0.10195,1,-0.39632,-0.604407,-0.102685,-0.321547,-0.497514,-0.221698,-0.39632,-0.604407,-0.0924168,0.0284874
432,7.82438,0.108911,1,-0.433449,-0.633746,-0.02227,-0.358302,-0.543936,-0.170161,-0.433449,-0.633746,-0.020043,0.00675702
433,7.8425,0.113642,1,-0.467938,-0.645751,0.0695618,-0.396304,-0.584176,-0.103125,-0.467938,-0.645751,0.0626056,-0.0227854
434,7.86061,0.114967,1,-0.496431,-0.637052,0.165964,-0.433718,-0.612899,-0.0214816,-0.496431,-0.637052,0.149368,-0.0576727
435,7.87872,0.112797,1,-0.516354,-0.605541,0.259835,-0.468021,-0.624313,0.0714707,-0.516354,-0.605541,0.233852,-0.093917
436,7.89683,0.106685,1,-0.52539,-0.552589,0.341554,-0.496148,-0.613431,0.169541,-0.52539,-0.552589,0.307398,-0.125614
437,7.91494,0.0976288,1,-0.520445,-0.480592,0.402259,-0.514891,-0.57775,0.263971,-0.520445,-0.480592,0.362033,-0.146548
438,7.93306,0.0881575,1,-0.502113,-0.39846,0.436938,-0.521528,-0.518741,0.344901,-0.502113,-0.39846,0.393244,-0.153575
439,7.95117,0.0797508,1,-0.472858,-0.317003,0.444455,-0.514512,-0.442251,0.403733,-0.472858,-0.317003,0.40001,-0.147115
440,7.96928,0.0747248,1,-0.434233,-0.242644,0.429474,-0.493963,-0.35731,0.43544,-0.434233,-0.242644,0.386527,-0.130544
441,7.98739,0.0717941,1,-0.389895,-0.181263,0.397705,-0.461727,-0.273688,0.439669,-0.389895,-0.181263,0.357935,-0.108544
442,8.0055,0.070018,1,-0.343911,-0.134276,0.352834,-0.420951,-0.199394,0.420154,-0.343911,-0.134276,0.317551,-0.0849405
443,8.02362,0.0684856,1,-0.299336,-0.101321,0.300127,-0.375374,-0.139195,0.38292,-0.299336,-0.101321,0.270114,-0.0628873
444,8.04173,0.0667314,1,-0.258167,-0.0819213,0.243561,-0.3286,-0.0945176,0.334334,-0.258167,-0.0819213,0.219205,-0.0440156
445,8.05984,0.064113,1,-0.221866,-0.0727545,0.187845,-0.283589,-0.0643136,0.279772,-0.221866,-0.0727545,0.169061,-0.0291736
446,8.07795,0.0609164,1,-0.191407,-0.0694847,0.133732,-0.242436,-0.0461979,0.223098,-0.191407,-0.0694847,0.120359,-0.0179181
447,8.09606,0.0584036,1,-0.165972,-0.0711394,0.0803631,-0.206372,-0.0374026,0.166749,-0.165972,-0.0711394,0.0723268,-0.0093366
448,8.11418,0.055352,1,-0.146264,-0.0774629,0.0312079,-0.17592,-0.0353723,0.112081,-0.146264,-0.0774629,0.0280871,-0.00319521
449,8.13229,0.0527708,1,-0.131651,-0.0868722,-0.0150326,-0.151087,-0.0380381,0.0597455,-0.131651,-0.0868722,-0.0135293,0.00138534
450,8.1504,0.0504908,1,-0.121062,-0.097058,-0.0586323,-0.131556,-0.0438821,0.00999838,-0.121062,-0.097058,-0.052769,0.0049687
451,8.16851,0.0478853,1,-0.11376,-0.106387,-0.0995504,-0.116838,-0.0518896,-0.0371035,-0.11376,-0.106387,-0.0895954,0.00792738
452,8.18662,0.0459925,1,-0.109454,-0.115908,-0.139652,-0.106393,-0.0614605,-0.081582,-0.109454,-0.115908,-0.125686,0.0106998
453,8.20474,0.0454949,1,-0.10877,-0.128288,-0.178191,-0.0996991,-0.0723145,-0.123474,-0.10877,-0.128288,-0.160372,0.0135673
454,8.22285,0.0452577,1,-0.110494,-0.143344,-0.212497,-0.0963012,-0.0844104,-0.162797,-0.110494,-0.143344,-0.191247,0.0164358
455,8.24096,0.0453954,1,-0.11468,-0.159911,-0.244028,-0.0958374,-0.0978819,-0.199535,-0.11468,-0.159911,-0.219625,0.0195896
456,8.25907,0.0459796,1,-0.121659,-0.179178,-0.271098,-0.0980484,-0.112992,-0.233623,-0.121659,-0.179178,-0.243988,0.0230871
457,8.27718,0.0471029,1,-0.13036,-0.200673,-0.295186,-0.102779,-0.130103,-0.264933,-0.13036,-0.200673,-0.265668,0.0269363
458,8.2953,0.049013,1,-0.141669,-0.225101,-0.31584,-0.109975,-0.149653,-0.29326,-0.141669,-0.225101,-0.284256,0.0313214
459,8.31341,0.0520228,1,-0.155612,-0.253504,-0.332728,-0.119677,-0.172144,-0.31829,-0.155612,-0.253504,-0.299456,0.0362435
460,8.33152,0.0563722,1,-0.172974,-0.286634,-0.344261,-0.132016,-0.198125,-0.339574,-0.172974,-0.286634,-0.309835,0.0416837
461,8.34963,0.0618488,1,-0.193765,-0.32437,-0.349249,-0.1472,-0.228166,-0.356479,-0.193765,-0.32437,-0.314324,0.0473705
462,8.36774,0.0686033,1,-0.218528,-0.367045,-0.347033,-0.165501,-0.262824,-0.368137,-0.218528,-0.367045,-0.31233,0.0530854
463,8.38586,0.0761796,1,-0.246397,-0.414184,-0.335271,-0.187237,-0.30257,-0.373382,-0.246397,-0.414184,-0.301744,0.0578268
464,8.40397,0.0849283,1,-0.278149,-0.465483,-0.311678,-0.212738,-0.347676,-0.370682,-0.278149,-0.465483,-0.28051,0.0606849
465,8.42208,0.0945963,1,-0.313632,-0.520396,-0.275737,-0.242291,-0.398035,-0.358102,-0.313632,-0.520396,-0.248163,0.0605359
466,8.44019,0.104664,1,-0.352653,-0.575764,-0.224221,-0.276055,-0.452893,-0.333304,-0.352653,-0.575764,-0.201799,0.0553506
467,8.4583,0.114826,1,-0.394312,-0.625847,-0.153015,-0.313935,-0.510489,-0.293681,-0.394312,-0.625847,-0.137713,0.0422348
468,8.47642,0.125044,1,-0.437346,-0.665828,-0.0619046,-0.355409,-0.567646,-0.236703,-0.437346,-0.665828,-0.0557141,0.0189516
469,8.49453,0.134533,1,-0.478813,-0.688621,0.0472346,-0.399309,-0.619411,-0.160579,-0.478813,-0.688621,0.0425111,-0.0158316
470,8.51264,0.138191,1,-0.514298,-0.685227,0.16186,-0.443609,-0.659013,-0.0653107,-0.514298,-0.685227,0.145674,-0.0582709
471,8.53075,0.135914,1,-0.538853,-0.650486,0.273534,-0.485295,-0.678485,0.0460144,-0.538853,-0.650486,0.246181,-0.103176
472,8.54886,0.130954,1,-0.550469,-0.585237,0.374281,-0.520461,-0.670301,0.166168,-0.550469,-0.585237,0.336853,-0.144221
473,8.56698,0.123265,1,-0.545715,-0.49554,0.449713,-0.544784,-0.629917,0.283808,-0.545715,-0.49554,0.404742,-0.17179
474,8.58509,0.113967,1,-0.52384,-0.394312,0.490815,-0.554393,-0.558356,0.385357,-0.52384,-0.394312,0.441734,-0.179976
475,8.6032,0.103406,1,-0.488883,-0.297779,0.495049,-0.546924,-0.463252,0.458607,-0.488883,-0.297779,0.445544,-0.169415
476,8.62131,0.096832,1,-0.442787,-0.211631,0.471822,-0.522337,-0.357206,0.496503,-0.442787,-0.211631,0.42464,-0.146242
477,8.63942,0.0937101,1,-0.390308,-0.140664,0.428905,-0.483051,-0.253929,0.499009,-0.390308,-0.140664,0.386015,-0.117184
478,8.65754,0.0904577,1,-0.336627,-0.0897775,0.373784,-0.433311,-0.16424,0.472046,-0.336627,-0.0897775,0.336406,-0.0880782
479,8.67565,0.0874104,1,-0.284719,-0.0559699,0.311525,-0.378094,-0.0939109,0.4245,-0.284719,-0.0559699,0.280373,-0.0620881
480,8.69376,0.0830573,1,-0.237927,-0.0381024,0.248598,-0.322052,-0.0438513,0.365155,-0.237927,-0.0381024,0.223738,-0.0414037
481,8.71187,0.0774027,1,-0.197802,-0.0285222,0.188407,-0.268821,-0.0117019,0.300866,-0.197802,-0.0285222,0.169566,-0.0260871
482,8.72998,0.0706969,1,-0.16354,-0.0252651,0.132574,-0.220792,0.00635503,0.236095,-0.16354,-0.0252651,0.119317,-0.0151768
483,8.7481,0.0651965,1,-0.134666,-0.026653,0.0779335,-0.179203,0.0142732,0.173292,-0.134666,-0.026653,0.0701401,-0.0073465
484,8.76621,0.0601431,1,-0.11239,-0.0323665,0.0267036,-0.144394,0.0154416,0.113546,-0.11239,-0.0323665,0.0240333,-0.00210085
485,8.78432,0.0565503,1,-0.0956419,-0.0406493,-0.0225571,-0.116106,0.0124494,0.0571646,-0.0956419,-0.0406493,-0.0203014,0.00151018
486,8.80243,0.0530907,1,-0.0826112,-0.0482568,-0.0684944,-0.0937308,0.00711067,0.00407745,-0.0826112,-0.0482568,-0.061645,0.00396089
487,8.82054,0.0497841,1,-0.0732146,-0.054972,-0.11178,-0.0765026,0.000597728,-0.0459274,-0.0732146,-0.054972,-0.100602,0.00572875
488,8.83866,0.0470713,1,-0.0671916,-0.061408,-0.153163,-0.0636311,-0.00640376,-0.093088,-0.0671916,-0.061408,-0.137846,0.00720387
489,8.85677,0.0457001,1,-0.0645491,-0.06977,-0.19241,-0.0543791,-0.0135552,-0.13762,-0.0645491,-0.06977,-0.173169,0.00869393
490,8.87488,0.0451799,1,-0.0636103,-0.0793264,-0.229227,-0.0481052,-0.0207551,-0.179703,-0.0636103,-0.0793264,-0.206305,0.0102069
491,8.89299,0.0447659,1,-0.0643139,-0.0894793,-0.262355,-0.0442816,-0.0280587,-0.219481,-0.0643139,-0.0894793,-0.236119,0.0118111
492,8.9111,0.0451946,1,-0.0665944,-0.100599,-0.293469,-0.0424964,-0.0356232,-0.257067,-0.0665944,-0.100599,-0.264122,0.0136804
493,8.92922,0.0465759,1,-0.0705222,-0.113072,-0.322612,-0.0424477,-0.0436743,-0.292549,-0.0705222,-0.113072,-0.290351,0.0159259
494,8.94733,0.0490249,1,-0.0765121,-0.126942,-0.350594,-0.043934,-0.0524871,-0.325987,-0.0765121,-0.126942,-0.315535,0.0187773
495,8.96544,0.0522991,1,-0.0840273,-0.142716,-0.376623,-0.0468443,-0.0623791,-0.357416,-0.0840273,-0.142716,-0.33896,0.0221526
496,8.98355,0.0562301,1,-0.0932417,-0.160561,-0.3999,-0.0511491,-0.0737104,-0.386839,-0.0932417,-0.160561,-0.35991,0.0261012
497,9.00166,0.0615163,1,-0.104578,-0.18193,-0.421041,-0.0568941,-0.0868905,-0.414218,-0.104578,-0.18193,-0.378937,0.0308221
498,9.01978,0.0681257,1,-0.118034,-0.207387,-0.439556,-0.0641962,-0.102388,-0.439463,-0.118034,-0.207387,-0.395601,0.0363179
499,9.03789,0.0756041,1,-0.133415,-0.236739,-0.453931,-0.0732426,-0.120742,-0.462407,-0.133415,-0.236739,-0.408538,0.0423928
500,9.056,0.0846101,1,-0.151854,-0.271085,-0.462871,-0.0842918,-0.142573,-0.482782,-0.151854,-0.271085,-0.416584,0.0492022
501,9.07411,0.0954638,1,-0.173408,-0.311266,-0.464832,-0.0976762,-0.168593,-0.500173,-0.173408,-0.311266,-0.418349,0.0564241
502,9.09222,0.109071,1,-0.199501,-0.358896,-0.459457,-0.113806,-0.199601,-0.513964,-0.199501,-0.358896,-0.413512,0.0641637
503,9.11034,0.125636,1,-0.230406,-0.415069,-0.445795,-0.133167,-0.236471,-0.523258,-0.230406,-0.415069,-0.401216,0.0718997
504,9.12845,0.145181,1,-0.267071,-0.479304,-0.420551,-0.156322,-0.280095,-0.526771,-0.267071,-0.479304,-0.378496,0.0786221
505,9.14656,0.167259,1,-0.308721,-0.549533,-0.378802,-0.183885,-0.33128,-0.522708,-0.308721,-0.549533,-0.340921,0.0818608
506,9.16467,0.191853,1,-0.355879,-0.621955,-0.315115,-0.216482,-0.390547,-0.508614,-0.355879,-0.621955,-0.283604,0.0785001
507,9.18278,0.217393,1,-0.407285,-0.688662,-0.225947,-0.25467,-0.457785,-0.481257,-0.407285,-0.688662,-0.203352,0.0644174
508,9.2009,0.24272,1,-0.460602,-0.742945,-0.111136,-0.298781,-0.531713,-0.436611,-0.460602,-0.742945,-0.100023,0.0358327
509,9.21901,0.265543,0,-0.511751,-0.7742,0.0270088,-0.348691,-0.609111,-0.370101,-0.511751,-0.7742,0.024308,-0.00967527
510,9.23712,0.282865,0,-0.556759,-0.77058,0.179808,-0.403457,-0.683921,-0.277387,-0.556759,-0.77058,0.161827,-0.0700767
511,9.25523,0.289478,0,-0.588271,-0.720511,0.328294,-0.460888,-0.746548,-0.155946,-0.588271,-0.720511,0.295464,-0.135188
512,9.27334,0.288145,0,-0.601129,-0.627497,0.458791,-0.517124,-0.784115,-0.00757392,-0.601129,-0.627497,0.412912,-0.193055
513,9.29146,0.278707,0,-0.591876,-0.501858,0.550666,-0.566519,-0.78269,0.158846,-0.591876,-0.501858,0.495599,-0.228148
514,9.30957,0.264371,0,-0.559105,-0.361501,0.59162,-0.602186,-0.732041,0.326064,-0.559105,-0.361501,0.532458,-0.231544
515,9.32768,0.245813,1,-0.508763,-0.234786,0.580707,-0.617452,-0.631572,0.471076,-0.508763,-0.234786,0.522636,-0.206809
516,9.34579,0.231027,1,-0.445329,-0.129967,0.534771,-0.607956,-0.493647,0.572325,-0.445329,-0.129967,0.481294,-0.166704
517,9.3639,0.218818,1,-0.376826,-0.052071,0.470711,-0.573397,-0.340635,0.61814,-0.376826,-0.052071,0.42364,-0.124163
518,9.38202,0.205787,1,-0.309476,0.000491526,0.398955,-0.51787,-0.19643,0.610708,-0.309476,0.000491526,0.35906,-0.0864269
519,9.40013,0.191454,1,-0.246793,0.0301722,0.322989,-0.448501,-0.07797,0.562954,-0.246793,0.0301722,0.29069,-0.055798
520,9.41824,0.175281,1,-0.192018,0.0443473,0.250557,-0.373233,0.00818179,0.491438,-0.192018,0.0443473,0.225502,-0.0336782
521,9.43635,0.158121,1,-0.145014,0.0517266,0.184114,-0.298908,0.06395,0.410332,-0.145014,0.0517266,0.165703,-0.0186894
522,9.45446,0.14085,1,-0.104722,0.0536539,0.124036,-0.230307,0.0956713,0.328924,-0.104722,0.0536539,0.111633,-0.00909252
523,9.47258,0.125088,1,-0.0730362,0.0511362,0.06761,-0.170067,0.110635,0.251962,-0.0730362,0.0511362,0.060849,-0.00345659
524,9.49069,0.112436,1,-0.0486483,0.045687,0.0134024,-0.119093,0.11519,0.181129,-0.0486483,0.045687,0.0120621,-0.000456402
525,9.5088,0.101571,1,-0.0289258,0.0414839,-0.0363355,-0.0771201,0.114132,0.11647,-0.0289258,0.0414839,-0.0327019,0.000735722
526,9.52691,0.0927293,1,-0.0129879,0.0393288,-0.0832765,-0.0432042,0.110763,0.0573657,-0.0129879,0.0393288,-0.0749488,0.00075711
527,9.54502,0.0851525,1,0.000229037,0.0394185,-0.126905,-0.0160887,0.107217,0.0030564,0.000229037,0.0394185,-0.114215,-2.03462e-05
528,9.56314,0.078187,1,0.0111508,0.041452,-0.166702,0.00555862,0.104789,-0.0471324,0.0111508,0.041452,-0.150031,-0.0013012
529,9.58125,0.0726084,1,0.019599,0.043688,-0.203896,0.0230087,0.104232,-0.09372,0.019599,0.043688,-0.183506,-0.00279731
530,9.59936,0.068322,1,0.0278394,0.0490945,-0.240407,0.0374045,0.105965,-0.137073,0.0278394,0.0490945,-0.216366,-0.00468495
531,9.61747,0.0640294,1,0.0362132,0.0577695,-0.274196,0.0497395,0.110231,-0.177428,0.0362132,0.0577695,-0.246777,-0.00695067
532,9.63558,0.0599933,1,0.0445786,0.0686923,-0.30536,0.0608623,0.117196,-0.214918,0.0445786,0.0686923,-0.274824,-0.00952877
533,9.6537,0.0561822,1,0.0535116,0.0817026,-0.333796,0.0714966,0.127021,-0.249582,0.0535116,0.0817026,-0.300417,-0.0125034
534,9.67181,0.0522447,1,0.0625475,0.0970032,-0.358568,0.0822673,0.139904,-0.281372,0.0625475,0.0970032,-0.322711,-0.0156993
535,9.68992,0.0478469,1,0.0732823,0.116014,-0.379735,0.0937273,0.156107,-0.310147,0.0732823,0.116014,-0.341762,-0.0194795
536,9.70803,0.043515,1,0.0862332,0.138854,-0.398077,0.106384,0.175967,-0.335649,0.0862332,0.138854,-0.358269,-0.0240292
537,9.72614,0.0390253,1,0.101803,0.166183,-0.412928,0.120721,0.199899,-0.357482,0.101803,0.166183,-0.371635,-0.029426
538,9.74426,0.0338965,1,0.119737,0.198859,-0.422706,0.137216,0.228375,-0.375059,0.119737,0.198859,-0.380436,-0.0354296
539,9.76237,0.0283361,1,0.140419,0.237629,-0.427133,0.156347,0.2619,-0.387559,0.140419,0.237629,-0.384419,-0.0419843
540,9.78048,0.0223476,1,0.165039,0.282729,-0.425202,0.178598,0.300936,-0.393851,0.165039,0.282729,-0.382682,-0.0491224
541,9.79859,0.0155577,1,0.195054,0.335398,-0.415443,0.204435,0.345804,-0.392425,0.195054,0.335398,-0.373899,-0.0567236
542,9.8167,0.00803406,1,0.229018,0.394867,-0.394114,0.23427,0.396495,-0.381331,0.229018,0.394867,-0.354703,-0.0631814
543,9.83482,0.00320971,1,0.268117,0.457726,-0.359759,0.268391,0.452408,-0.358161,0.268117,0.457726,-0.323783,-0.0675201
544,9.85293,0.0104342,1,0.312911,0.523895,-0.307991,0.306837,0.511973,-0.320139,0.312911,0.523895,-0.277192,-0.0674616
545,9.87104,0.021065,1,0.361103,0.587638,-0.233578,0.349231,0.57219,-0.264426,0.361103,0.587638,-0.21022,-0.059042
546,9.88915,0.0338747,1,0.4108,0.643198,-0.13441,0.394549,0.628191,-0.188754,0.4108,0.643198,-0.120969,-0.0386511
547,9.90726,0.0473564,1,0.45987,0.680269,-0.0130269,0.44088,0.673054,-0.0924952,0.45987,0.680269,-0.0117242,-0.00419347
548,9.92538,0.0619479,1,0.504548,0.689077,0.127052,0.485239,0.698281,0.0219091,0.504548,0.689077,0.114347,0.0448728
549,9.94349,0.0756502,1,0.540483,0.661621,0.273111,0.523608,0.695353,0.147627,0.540483,0.661621,0.2458,0.103328
550,9.9616,0.0859335,1,0.559717,0.591074,0.405576,0.551359,0.658437,0.273114,0.559717,0.591074,0.365018,0.158905
551,9.97971,0.0927707,1,0.558443,0.482613,0.50546,0.564141,0.587414,0.38379,0.558443,0.482613,0.454914,0.197589
552,9.99782,0.0985499,1,0.535576,0.353748,0.566621,0.559052,0.489498,0.465838,0.535576,0.353748,0.509959,0.212428
553,10.0159,0.0969144,1,0.494615,0.228724,0.57575,0.535631,0.377895,0.510611,0.494615,0.228724,0.518175,0.199342
554,10.034,0.0936767,1,0.439068,0.118582,0.546064,0.496142,0.267691,0.517166,0.439068,0.118582,0.491457,0.167831
555,10.0522,0.0907433,1,0.374964,0.0304959,0.49384,0.44497,0.171196,0.49146,0.374964,0.0304959,0.444456,0.129621
556,10.0703,0.0881236,1,0.308648,-0.0344442,0.426541,0.387447,0.0952244,0.443099,0.308648,-0.0344442,0.383887,0.0921558
557,10.0884,0.083217,1,0.24599,-0.0736023,0.353642,0.328636,0.0410817,0.381791,0.24599,-0.0736023,0.318278,0.0608947
558,10.1065,0.0780179,1,0.188802,-0.0943743,0.281807,0.27254,0.00630477,0.315155,0.188802,-0.0943743,0.253626,0.037244
559,10.1246,0.0722259,1,0.141182,-0.102562,0.213793,0.221798,-0.0132753,0.248124,0.141182,-0.102562,0.192414,0.0211286
560,10.1427,0.068236,1,0.100338,-0.104544,0.149319,0.177783,-0.0220097,0.18336,0.100338,-0.104544,0.134387,0.0104876
561,10.1608,0.0665524,1,0.0649159,-0.104537,0.0908357,0.140879,-0.0236281,0.121995,0.0649159,-0.104537,0.0817521,0.00412767
562,10.1789,0.0649905,1,0.0378418,-0.101401,0.0346582,0.110809,-0.0209736,0.0643001,0.0378418,-0.101401,0.0311923,0.00091807
563,10.1971,0.0646312,1,0.0162919,-0.0983684,-0.0175408,0.0869081,-0.0160354,0.0101392,0.0162919,-0.0983684,-0.0157867,-0.000200041
564,10.2152,0.0649949,1,-0.000467876,-0.0959113,-0.0647407,0.0683436,-0.0101021,-0.0407658,-0.000467876,-0.0959113,-0.0582666,2.12034e-05
565,10.2333,0.0664342,1,-0.0141847,-0.0943423,-0.108314,0.0542497,-0.00393817,-0.0887095,-0.0141847,-0.0943423,-0.0974822,0.00107548
566,10.2514,0.0689547,1,-0.0249823,-0.0941859,-0.150312,0.0438164,0.00206052,-0.133953,-0.0249823,-0.0941859,-0.135281,0.00262859
567,10.2695,0.0726576,1,-0.0340541,-0.09576,-0.189755,0.0363329,0.0077434,-0.176713,-0.0340541,-0.09576,-0.170779,0.00452335
568,10.2876,0.0785597,1,-0.043273,-0.100476,-0.225198,0.031206,0.013116,-0.217166,-0.043273,-0.100476,-0.202678,0.0068215
569,10.3057,0.0851064,1,-0.0511089,-0.106063,-0.259498,0.0279606,0.0182788,-0.255457,-0.0511089,-0.106063,-0.233548,0.00928385
570,10.3238,0.092343,1,-0.0577291,-0.112734,-0.293423,0.0262316,0.023388,-0.291706,-0.0577291,-0.112734,-0.264081,0.0118573
571,10.342,0.101608,1,-0.06513,-0.122075,-0.32547,0.0257518,0.0286324,-0.326017,-0.06513,-0.122075,-0.292923,0.0148385
572,10.3601,0.113442,1,-0.0736864,-0.134846,-0.354217,0.0263385,0.0342226,-0.358475,-0.0736864,-0.134846,-0.318795,0.0182707
573,10.3782,0.128237,1,-0.0834318,-0.151569,-0.379339,0.0278824,0.0403879,-0.389154,-0.0834318,-0.151569,-0.341405,0.0221543
574,10.3963,0.145331,1,-0.0942649,-0.1708,-0.402752,0.0303374,0.0473786,-0.418112,-0.0942649,-0.1708,-0.362477,0.0265757
575,10.4144,0.164745,1,-0.106213,-0.192217,-0.423179,0.0337134,0.0554734,-0.445386,-0.106213,-0.192217,-0.380861,0.031463
576,10.4325,0.187572,1,-0.119995,-0.217184,-0.440293,0.0380726,0.0649882,-0.470994,-0.119995,-0.217184,-0.396263,0.0369831
577,10.4506,0.215338,1,-0.136348,-0.247904,-0.454242,0.0435276,0.0762889,-0.494921,-0.136348,-0.247904,-0.408818,0.0433544
578,10.4687,0.248894,1,-0.156293,-0.284751,-0.463291,0.0502427,0.0898045,-0.51711,-0.156293,-0.284751,-0.416962,0.0506864
579,10.4868,0.289113,0,-0.180042,-0.328432,-0.4659,0.0584371,0.106043,-0.537446,-0.180042,-0.328432,-0.41931,0.058717
580,10.505,0.336318,0,-0.208355,-0.377854,-0.459463,0.0683912,0.125608,-0.55573,-0.208355,-0.377854,-0.413516,0.0670118
581,10.5231,0.391545,0,-0.240699,-0.434159,-0.44334,0.0804541,0.149211,-0.57164,-0.240699,-0.434159,-0.399006,0.074698
582,10.5412,0.456783,0,-0.278498,-0.49853,-0.413975,0.0950517,0.177688,-0.584687,-0.278498,-0.49853,-0.372577,0.0807037
583,10.5593,0.532689,0,-0.321888,-0.569058,-0.365284,0.112696,0.211993,-0.59413,-0.321888,-0.569058,-0.328755,0.0823064
584,10.5774,0.618106,0,-0.370386,-0.640367,-0.293354,0.133988,0.25318,-0.598882,-0.370386,-0.640367,-0.264018,0.0760579
585,10.5955,0.711252,0,-0.422714,-0.707163,-0.198071,0.159617,0.302339,-0.597365,-0.422714,-0.707163,-0.178264,0.0586093
586,10.6136,0.807147,0,-0.476578,-0.757923,-0.0784825,0.190336,0.360446,-0.58734,-0.476578,-0.757923,-0.0706343,0.0261821
587,10.6317,0.898566,0,-0.526727,-0.779608,0.0633715,0.226911,0.428099,-0.565704,-0.526727,-0.779608,0.0570344,-0.0233656
588,10.6499,0.978905,0,-0.569204,-0.765114,0.218154,0.270001,0.505025,-0.528335,-0.569204,-0.765114,0.196339,-0.0869219
589,10.668,1.03418,0,-0.596791,-0.704384,0.363265,0.319961,0.589321,-0.470082,-0.596791,-0.704384,0.326938,-0.151755
590,10.6861,1.05743,0,-0.604615,-0.603193,0.483482,0.376499,0.676365,-0.385193,-0.604615,-0.603193,0.435134,-0.204624
591,10.7042,1.0412,0,-0.588298,-0.46995,0.56316,0.438187,0.757596,-0.268549,-0.588298,-0.46995,0.506844,-0.231914
592,10.7223,0.990064,0,-0.550573,-0.33197,0.593588,0.501865,0.819767,-0.118142,-0.550573,-0.33197,0.534229,-0.22877
593,10.7404,0.913249,0,-0.496524,-0.210169,0.57696,0.562162,0.845919,0.0612728,-0.496524,-0.210169,0.519264,-0.200532
594,10.7585,0.822232,0,-0.431854,-0.110441,0.527759,0.611561,0.81958,0.254736,-0.431854,-0.110441,0.474983,-0.15954
595,10.7766,0.730835,0,-0.362742,-0.0379192,0.461133,0.641543,0.732266,0.437015,-0.362742,-0.0379192,0.41502,-0.117091
596,10.7948,0.64804,0,-0.29622,0.0102413,0.38664,0.644958,0.590802,0.578992,-0.29622,0.0102413,0.347976,-0.0801713
597,10.8129,0.576433,0,-0.234754,0.0359684,0.309553,0.618763,0.418194,0.659176,-0.234754,0.0359684,0.278597,-0.0508681
598,10.831,0.511778,0,-0.180451,0.0482621,0.236456,0.565532,0.245071,0.672948,-0.180451,0.0482621,0.21281,-0.0298681
599,10.8491,0.450875,0,-0.13511,0.0531614,0.169965,0.49262,0.097008,0.632455,-0.13511,0.0531614,0.152968,-0.0160748
600,10.8672,0.392246,0,-0.097481,0.0525804,0.110761,0.409531,-0.0133223,0.55816,-0.097481,0.0525804,0.0996849,-0.00755796
601,10.8853,0.339003,0,-0.0679395,0.0487265,0.0544385,0.325119,-0.0857407,0.4694,-0.0679395,0.0487265,0.0489946,-0.00258897
602,10.9034,0.292486,0,-0.0446986,0.0428035,0.000955279,0.245897,-0.127363,0.379429,-0.0446986,0.0428035,0.000859751,-2.98898e-05
603,10.9215,0.253825,0,-0.0259371,0.0387868,-0.0483631,0.175649,-0.1474,0.295116,-0.0259371,0.0387868,-0.0435268,0.000878078
604,10.9396,0.224367,1,-0.0109452,0.0373582,-0.0946396,0.115861,-0.154111,0.218859,-0.0109452,0.0373582,-0.0851757,0.000725094
605,10.9578,0.203435,1,0.00167112,0.0381535,-0.137679,0.0664359,-0.153741,0.15066,0.00167112,0.0381535,-0.123911,-0.000161055
606,10.9759,0.189641,1,0.0116389,0.0401034,-0.177489,0.0263523,-0.150562,0.0895707,0.0116389,0.0401034,-0.15974,-0.00144604
607,10.994,0.181651,1,0.0196623,0.0428326,-0.214907,-0.00584859,-0.147292,0.0344782,0.0196623,0.0428326,-0.193416,-0.0029579
608,11.0121,0.180053,1,0.0278118,0.0490616,-0.25185,-0.0317461,-0.145572,-0.0155713,0.0278118,0.0490616,-0.226665,-0.00490308
609,11.0302,0.182486,1,0.0360125,0.0577487,-0.285671,-0.0528601,-0.14634,-0.0612775,0.0360125,0.0577487,-0.257104,-0.0072014
610,11.0483,0.188441,1,0.0443225,0.0685116,-0.316478,-0.0705622,-0.150119,-0.103095,0.0443225,0.0685116,-0.28483,-0.00981895
611,11.0664,0.198039,1,0.0530578,0.0813607,-0.344736,-0.0860464,-0.157199,-0.141272,0.0530578,0.0813607,-0.310262,-0.0128036
612,11.0845,0.211144,1,0.061998,0.0968318,-0.369226,-0.100332,-0.167768,-0.175884,0.061998,0.0968318,-0.332303,-0.0160239
613,11.1027,0.228989,1,0.0729444,0.115862,-0.389995,-0.114283,-0.181988,-0.206857,0.0729444,0.115862,-0.350996,-0.0199136
614,11.1208,0.252465,0,0.0858913,0.139008,-0.407879,-0.128638,-0.200034,-0.233971,0.0858913,0.139008,-0.367091,-0.0245233
615,11.1389,0.282165,0,0.101678,0.166891,-0.421642,-0.144036,-0.222106,-0.25685,0.101678,0.166891,-0.379478,-0.0300101
616,11.157,0.318433,0,0.11963,0.20007,-0.430746,-0.161039,-0.248425,-0.274938,0.11963,0.20007,-0.387672,-0.0360711
617,11.1751,0.362059,0,0.140601,0.239153,-0.434809,-0.180144,-0.279185,-0.287472,0.140601,0.239153,-0.391328,-0.0427943
618,11.1932,0.413822,0,0.165749,0.28496,-0.43242,-0.201787,-0.314496,-0.293441,0.165749,0.28496,-0.389178,-0.0501713
619,11.2113,0.474233,0,0.195951,0.338062,-0.422142,-0.226329,-0.354267,-0.291566,0.195951,0.338062,-0.379928,-0.0579036
620,11.2294,0.542804,0,0.230471,0.39864,-0.40053,-0.254019,-0.398055,-0.280293,0.230471,0.39864,-0.360477,-0.0646173
621,11.2476,0.617326,0,0.270056,0.462746,-0.36522,-0.284929,-0.444853,-0.25785,0.270056,0.462746,-0.328698,-0.0690408
622,11.2657,0.697024,0,0.315734,0.53032,-0.311573,-0.318865,-0.492843,-0.222409,0.315734,0.53032,-0.280416,-0.068862
623,11.2838,0.776514,0,0.364662,0.595202,-0.235148,-0.355243,-0.539135,-0.172401,0.364662,0.595202,-0.211634,-0.0600247
624,11.3019,0.850171,0,0.415079,0.651146,-0.132823,-0.392946,-0.579628,-0.107055,0.415079,0.651146,-0.119541,-0.0385925
625,11.32,0.909873,0,0.464774,0.687896,-0.00787729,-0.430208,-0.609118,-0.0271234,0.464774,0.687896,-0.00708956,-0.00256281
626,11.3381,0.94675,0,0.509798,0.695101,0.135788,-0.464581,-0.621898,0.0643204,0.509798,0.695101,0.122209,0.0484572
627,11.3562,0.95341,0,0.545722,0.664841,0.284488,-0.493066,-0.612943,0.161376,0.545722,0.664841,0.256039,0.108676
628,11.3743,0.922588,0,0.564068,0.590096,0.418206,-0.512491,-0.579551,0.255561,0.564068,0.590096,0.376385,0.165128
629,11.3924,0.8567,0,0.561181,0.477102,0.51813,-0.520107,-0.522834,0.337165,0.561181,0.477102,0.466317,0.203535
630,11.4106,0.767093,0,0.536499,0.345017,0.576197,-0.514276,-0.448232,0.39752,0.536499,0.345017,0.518577,0.21639
631,11.4287,0.66822,0,0.49372,0.218081,0.581925,-0.494976,-0.364457,0.431312,0.49372,0.218081,0.523733,0.201116
632,11.4468,0.569552,0,0.436096,0.107156,0.549063,-0.463895,-0.281177,0.437793,0.436096,0.107156,0.494157,0.167611
633,11.4649,0.478779,0,0.37044,0.0192896,0.494331,-0.424058,-0.206511,0.420335,0.37044,0.0192896,0.444898,0.128184
634,11.483,0.398732,0,0.302915,-0.0446044,0.42468,-0.379135,-0.145472,0.384747,0.302915,-0.0446044,0.382212,0.0900495
635,11.5011,0.330758,0,0.239744,-0.0817899,0.350147,-0.332721,-0.0997575,0.337335,0.239744,-0.0817899,0.315132,0.0587621
636,11.5192,0.272274,0,0.182617,-0.101121,0.278053,-0.287815,-0.0685251,0.283525,0.182617,-0.101121,0.250248,0.035544
637,11.5373,0.223046,1,0.134777,-0.108801,0.209778,-0.246573,-0.0495154,0.227282,0.134777,-0.108801,0.1888,0.0197913
638,11.5555,0.180747,1,0.0936434,-0.11051,0.145414,-0.210291,-0.0400128,0.171144,0.0936434,-0.11051,0.130873,0.00953196
639,11.5736,0.144745,1,0.0585706,-0.110012,0.0867443,-0.179551,-0.037465,0.116551,0.0585706,-0.110012,0.0780699,0.00355646
640,11.5917,0.115771,1,0.0316693,-0.10676,0.03106,-0.154404,-0.039781,0.0642122,0.0316693,-0.10676,0.027954,0.000688553
641,11.6098,0.0924268,1,0.0102525,-0.104018,-0.0205241,-0.134565,-0.045411,0.0144208,0.0102525,-0.104018,-0.0184717,-0.000147297
642,11.6279,0.0738605,1,-0.00643028,-0.10194,-0.0673988,-0.119568,-0.0533089,-0.0327439,-0.00643028,-0.10194,-0.060659,0.000303375
643,11.646,0.0589166,1,-0.0203346,-0.101064,-0.110643,-0.108882,-0.062847,-0.0772905,-0.0203346,-0.101064,-0.0995784,0.00157491
644,11.6641,0.0479354,1,-0.0312844,-0.101546,-0.152717,-0.101989,-0.0737237,-0.119247,-0.0312844,-0.101546,-0.137445,0.00334436
645,11.6822,0.0396624,1,-0.0408235,-0.104077,-0.191322,-0.0984367,-0.0858814,-0.158627,-0.0408235,-0.104077,-0.17219,0.00546731
646,11.7004,0.0332182,1,-0.0505711,-0.110153,-0.226382,-0.0978605,-0.0994424,-0.195409,-0.0505711,-0.110153,-0.203744,0.00801388
647,11.7185,0.0297518,1,-0.0588754,-0.117167,-0.260477,-0.0999976,-0.114662,-0.229522,-0.0588754,-0.117167,-0.23443,0.010735
648,11.7366,0.0294254,1,-0.0663987,-0.125561,-0.293871,-0.104689,-0.131895,-0.260836,-0.0663987,-0.125561,-0.264484,0.0136589
649,11.7547,0.0309841,1,-0.0746063,-0.136489,-0.324682,-0.111875,-0.151578,-0.289137,-0.0746063,-0.136489,-0.292213,0.0169563
650,11.7728,0.0333561,1,-0.0843917,-0.151701,-0.352152,-0.121595,-0.174205,-0.314107,-0.0843917,-0.151701,-0.316937,0.0208031
651,11.7909,0.0367494,1,-0.0954177,-0.170946,-0.376548,-0.133973,-0.200319,-0.335288,-0.0954177,-0.170946,-0.338893,0.0251505
652,11.809,0.0420177,1,-0.107704,-0.192764,-0.398419,-0.149211,-0.230482,-0.35204,-0.107704,-0.192764,-0.358577,0.0300379
653,11.8271,0.0493925,1,-0.121396,-0.21704,-0.416994,-0.167577,-0.265237,-0.363485,-0.121396,-0.21704,-0.375294,0.0354348
654,11.8452,0.0581189,1,-0.137352,-0.246169,-0.431386,-0.18938,-0.305036,-0.368448,-0.137352,-0.246169,-0.388247,0.0414763
655,11.8634,0.0681976,1,-0.156618,-0.281809,-0.442109,-0.214939,-0.35012,-0.365396,-0.156618,-0.281809,-0.397898,0.0484696
656,11.8815,0.0794454,1,-0.179904,-0.324236,-0.447086,-0.244526,-0.400344,-0.352395,-0.179904,-0.324236,-0.402377,0.0563027
657,11.8996,0.0917949,1,-0.20743,-0.372817,-0.44341,-0.278278,-0.454902,-0.327127,-0.20743,-0.372817,-0.399069,0.0643836
658,11.9177,0.105485,1,-0.239274,-0.427392,-0.429607,-0.316074,-0.511977,-0.287029,-0.239274,-0.427392,-0.386646,0.0719555
659,11.9358,0.119605,1,-0.275123,-0.488905,-0.402406,-0.357359,-0.568335,-0.22965,-0.275123,-0.488905,-0.362165,0.0774979
660,11.9539,0.132275,1,-0.316881,-0.556191,-0.356993,-0.400932,-0.618996,-0.153325,-0.316881,-0.556191,-0.321294,0.0791871
661,11.972,0.142827,1,-0.363416,-0.624761,-0.28959,-0.444737,-0.65722,-0.0582201,-0.363416,-0.624761,-0.260631,0.0736692
662,11.9901,0.151437,1,-0.413962,-0.68944,-0.19947,-0.485751,-0.675171,0.0524065,-0.413962,-0.68944,-0.179523,0.0578011
663,12.0083,0.158723,1,-0.466048,-0.740821,-0.0876155,-0.520097,-0.665572,0.171218,-0.466048,-0.740821,-0.0788539,0.0285831
664,12.0264,0.161596,1,-0.515299,-0.765019,0.0466752,-0.543529,-0.624207,0.286915,-0.515299,-0.765019,0.0420076,-0.0168362
665,12.0445,0.161311,1,-0.557407,-0.755714,0.194598,-0.552293,-0.552391,0.386164,-0.557407,-0.755714,0.175139,-0.0759293
666,12.0626,0.160072,1,-0.586218,-0.703293,0.335207,-0.544167,-0.457877,0.457154,-0.586218,-0.703293,0.301686,-0.137553
667,12.0807,0.158114,1,-0.59685,-0.612942,0.454884,-0.519218,-0.353129,0.493233,-0.59685,-0.612942,0.409396,-0.190048
668,12.0988,0.152109,1,-0.584865,-0.489313,0.537681,-0.479913,-0.251532,0.494601,-0.584865,-0.489313,0.483913,-0.22013
669,12.1169,0.145824,1,-0.55156,-0.357066,0.575251,-0.430468,-0.163535,0.467193,-0.55156,-0.357066,0.517726,-0.2221
670,12.135,0.139141,1,-0.502265,-0.237473,0.566988,-0.375779,-0.0946479,0.419735,-0.502265,-0.237473,0.510289,-0.199345
671,12.1532,0.129761,1,-0.441503,-0.137845,0.52617,-0.320396,-0.0456645,0.360793,-0.441503,-0.137845,0.473553,-0.162614
672,12.1713,0.118304,1,-0.375576,-0.0623398,0.464581,-0.267866,-0.0142357,0.297034,-0.375576,-0.0623398,0.418123,-0.12214
673,12.1894,0.106891,1,-0.310611,-0.0114417,0.39386,-0.220515,0.00338043,0.2328,-0.310611,-0.0114417,0.354474,-0.0856361
674,12.2075,0.0947913,1,-0.250114,0.0183569,0.318542,-0.179541,0.0110453,0.170481,-0.250114,0.0183569,0.286688,-0.0557702
675,12.2256,0.084083,1,-0.196329,0.0317948,0.246105,-0.145271,0.012065,0.111146,-0.196329,0.0317948,0.221494,-0.0338222
676,12.2437,0.0764087,1,-0.150969,0.0377893,0.17985,-0.117447,0.00896483,0.0551095,-0.150969,0.0377893,0.161865,-0.0190063
677,12.2618,0.0714084,1,-0.113089,0.0383396,0.119677,-0.09547,0.00351368,0.00231308,-0.113089,0.0383396,0.107709,-0.00947389
678,12.2799,0.0676711,1,-0.0831995,0.0346233,0.0634211,-0.0785917,-0.00314737,-0.0474404,-0.0831995,0.0346233,0.057079,-0.00369362
679,12.298,0.0639572,1,-0.0599648,0.0285838,0.00915474,-0.0660386,-0.0103539,-0.0943756,-0.0599648,0.0285838,0.00823927,-0.000384274
680,12.3162,0.0623585,1,-0.0408162,0.023297,-0.040141,-0.057091,-0.017783,-0.138697,-0.0408162,0.023297,-0.0361269,0.00114688
681,12.3343,0.0615884,1,-0.0262811,0.0201148,-0.0873248,-0.0511244,-0.0253458,-0.180575,-0.0262811,0.0201148,-0.0785923,0.00160649
682,12.3524,0.0623338,1,-0.0145364,0.0189087,-0.131511,-0.0476272,-0.0331101,-0.220143,-0.0145364,0.0189087,-0.11836,0.00133819
683,12.3705,0.0648038,1,-0.00489298,0.0190736,-0.172339,-0.046203,-0.041247,-0.257506,-0.00489298,0.0190736,-0.155105,0.000590277
684,12.3886,0.0685253,1,0.00226294,0.019581,-0.209906,-0.0465653,-0.0499982,-0.292741,0.00226294,0.019581,-0.188915,-0.000332503
685,12.4067,0.0731502,1,0.00889843,0.0217679,-0.247634,-0.0485286,-0.0596587,-0.325894,0.00889843,0.0217679,-0.22287,-0.00154249
686,12.4248,0.0804505,1,0.0151746,0.0263856,-0.282793,-0.0519986,-0.0705695,-0.356984,0.0151746,0.0263856,-0.254514,-0.0030039
687,12.4429,0.0905236,1,0.0212833,0.033201,-0.315774,-0.0569646,-0.0831196,-0.385991,0.0212833,0.033201,-0.284197,-0.00470449
688,12.4611,0.103721,1,0.0279882,0.0419989,-0.346704,-0.0634932,-0.097752,-0.412846,0.0279882,0.0419989,-0.312034,-0.00679254
689,12.4792,0.119985,1,0.0347576,0.0522207,-0.374993,-0.071725,-0.114973,-0.437415,0.0347576,0.0522207,-0.337494,-0.00912371
690,12.4973,0.139867,1,0.0417248,0.0643587,-0.400127,-0.0818738,-0.135365,-0.459472,0.0417248,0.0643587,-0.360114,-0.0116866
691,12.5154,0.164456,1,0.0500377,0.0794084,-0.422061,-0.0942277,-0.15959,-0.478668,0.0500377,0.0794084,-0.379855,-0.0147833
692,12.5335,0.194628,1,0.0603442,0.098165,-0.441627,-0.109151,-0.1884,-0.494475,0.0603442,0.098165,-0.397465,-0.0186547
693,12.5516,0.231191,1,0.0729027,0.120962,-0.458083,-0.127085,-0.222616,-0.506123,0.0729027,0.120962,-0.412275,-0.0233769
694,12.5697,0.27432,0,0.0870146,0.147461,-0.471207,-0.148544,-0.263101,-0.512508,0.0870146,0.147461,-0.424087,-0.0287013
695,12.5878,0.325201,0,0.103669,0.17835,-0.481035,-0.174105,-0.310674,-0.512076,0.103669,0.17835,-0.432931,-0.0349078
696,12.606,0.385314,0,0.123406,0.215182,-0.486993,-0.20437,-0.365953,-0.502694,0.123406,0.215182,-0.438293,-0.0420684
697,12.6241,0.456174,0,0.14775,0.259373,-0.487469,-0.239909,-0.429081,-0.481519,0.14775,0.259373,-0.438722,-0.0504163
698,12.6422,0.538306,0,0.176566,0.312215,-0.481012,-0.281133,-0.499285,-0.444941,0.176566,0.312215,-0.432911,-0.0594512
699,12.6603,0.631498,0,0.211109,0.3743,-0.46569,-0.328105,-0.57422,-0.388713,0.211109,0.3743,-0.419121,-0.0688179
700,12.6784,0.732403,0,0.250019,0.444232,-0.437058,-0.380239,-0.64915,-0.308474,0.250019,0.444232,-0.393352,-0.076491
701,12.6965,0.835675,0,0.295386,0.518829,-0.388219,-0.435908,-0.71616,-0.200947,0.295386,0.518829,-0.349397,-0.080272
702,12.7146,0.933116,0,0.346829,0.594959,-0.314505,-0.492027,-0.763968,-0.0659997,0.346829,0.594959,-0.283054,-0.0763554
703,12.7327,1.01145,0,0.401827,0.663852,-0.213344,-0.54379,-0.779213,0.0907118,0.401827,0.663852,-0.19201,-0.0600093
704,12.7508,1.05769,0,0.457608,0.718021,-0.0819983,-0.584913,-0.750047,0.25574,0.457608,0.718021,-0.0737984,-0.0262661
705,12.769,1.05929,0,0.510972,0.742414,0.0720786,-0.608671,-0.671593,0.408643,0.510972,0.742414,0.0648708,0.0257811
706,12.7871,1.01185,0,0.556118,0.72608,0.23989,-0.609718,-0.550565,0.527179,0.556118,0.72608,0.215901,0.0933849
707,12.8052,0.92092,0,0.585682,0.659906,0.402791,-0.58602,-0.405131,0.595382,0.585682,0.659906,0.362512,0.165135
708,12.8233,0.802235,0,0.591428,0.544324,0.530524,-0.539815,-0.258655,0.609643,0.591428,0.544324,0.477472,0.219637
709,12.8414,0.677997,0,0.571681,0.396459,0.613369,-0.476958,-0.130972,0.578543,0.571681,0.396459,0.552032,0.245456
710,12.8595,0.567334,0,0.529764,0.246816,0.633772,-0.405027,-0.0327955,0.517207,0.529764,0.246816,0.570395,0.235025
711,12.8776,0.473848,0,0.468651,0.113219,0.606618,-0.331265,0.0344658,0.440703,0.468651,0.113219,0.545956,0.199004
712,12.8957,0.397211,0,0.396675,0.00697931,0.549345,-0.261241,0.0753975,0.360153,0.396675,0.00697931,0.494411,0.152538
713,12.9139,0.333481,0,0.320469,-0.06999,0.473186,-0.198421,0.0968475,0.282012,0.320469,-0.06999,0.425867,0.106149
714,12.932,0.280401,0,0.24796,-0.115909,0.390608,-0.144395,0.105445,0.209131,0.24796,-0.115909,0.351548,0.0677987
715,12.9501,0.237214,1,0.182979,-0.139585,0.311086,-0.0993778,0.106516,0.142207,0.182979,-0.139585,0.279977,0.0398454
716,12.9682,0.20411,1,0.127998,-0.148952,0.23801,-0.0627206,0.103891,0.0809105,0.127998,-0.148952,0.214209,0.0213253
717,12.9863,0.179915,1,0.0806408,-0.15171,0.168443,-0.0333216,0.100126,0.0245694,0.0806408,-0.15171,0.151599,0.00950838
718,13.0044,0.164894,1,0.0414222,-0.149487,0.107651,-0.00990944,0.096825,-0.0274983,0.0414222,-0.149487,0.0968855,0.00312138
719,13.0225,0.15717,1,0.0102254,-0.145772,0.0512789,0.00878225,0.0949387,-0.0758568,0.0102254,-0.145772,0.046151,0.000367042
720,13.0406,0.156401,1,-0.0148703,-0.144709,-0.000857609,0.0239207,0.0950043,-0.120927,-0.0148703,-0.144709,-0.000771848,8.92704e-06
721,13.0588,0.160602,1,-0.0348964,-0.145615,-0.0478518,0.0365343,0.097319,-0.163002,-0.0348964,-0.145615,-0.0430667,0.0011689
722,13.0769,0.168137,1,-0.0522716,-0.147919,-0.0910754,0.0475062,0.102061,-0.20227,-0.0522716,-0.147919,-0.0819678,0.00333246
723,13.095,0.177782,1,-0.0668247,-0.152053,-0.133965,0.0575875,0.109374,-0.238833,-0.0668247,-0.152053,-0.120568,0.00626652
724,13.1131,0.191835,1,-0.0802624,-0.160505,-0.171545,0.06742,0.119417,-0.272716,-0.0802624,-0.160505,-0.154391,0.00963803
725,13.1312,0.20976,1,-0.0935075,-0.172769,-0.205875,0.0775626,0.132403,-0.303866,-0.0935075,-0.172769,-0.185287,0.0134756
726,13.1493,0.231089,1,-0.105603,-0.187754,-0.235295,0.0885179,0.148615,-0.332144,-0.105603,-0.187754,-0.211766,0.0173935
727,13.1674,0.25573,0,-0.118374,-0.20429,-0.261073,0.100757,0.168422,-0.357303,-0.118374,-0.20429,-0.234965,0.021633
728,13.1855,0.284428,0,-0.132338,-0.223225,-0.284031,0.114739,0.192273,-0.378959,-0.132338,-0.223225,-0.255628,0.0263116
729,13.2036,0.31848,0,-0.147448,-0.246473,-0.304054,0.130929,0.22069,-0.396542,-0.147448,-0.246473,-0.273649,0.0313825
730,13.2218,0.358906,0,-0.164341,-0.27466,-0.319687,0.149807,0.254236,-0.409246,-0.164341,-0.27466,-0.287719,0.0367763
731,13.2399,0.406261,0,-0.184155,-0.307342,-0.32971,0.171868,0.293454,-0.41595,-0.184155,-0.307342,-0.296739,0.0425025
732,13.258,0.460938,0,-0.207099,-0.344522,-0.333144,0.197605,0.338766,-0.415141,-0.207099,-0.344522,-0.29983,0.0482956
733,13.2761,0.524863,0,-0.233679,-0.389446,-0.328823,0.227475,0.3903,-0.404836,-0.233679,-0.389446,-0.295941,0.0537873
734,13.2942,0.597238,0,-0.264258,-0.440502,-0.314965,0.261825,0.447613,-0.382539,-0.264258,-0.440502,-0.283468,0.0582624
735,13.3123,0.676206,0,-0.298248,-0.495451,-0.287139,0.30078,0.50931,-0.345306,-0.298248,-0.495451,-0.258425,0.0599472
736,13.3304,0.758301,0,-0.335352,-0.550463,-0.241737,0.344057,0.57254,-0.290006,-0.335352,-0.550463,-0.217563,0.0567467
737,13.3485,0.839612,0,-0.375787,-0.602859,-0.178776,0.390733,0.632477,-0.213939,-0.375787,-0.602859,-0.160898,0.0470272
738,13.3667,0.912993,0,-0.417814,-0.646999,-0.098077,0.438962,0.682018,-0.115932,-0.417814,-0.646999,-0.0882693,0.0286846
739,13.3848,0.969097,0,-0.458917,-0.675326,-0.00055327,0.485754,0.71213,0.00210807,-0.458917,-0.675326,-0.000497943,0.000177734
740,13.4029,0.998322,0,-0.495813,-0.680637,0.107904,0.526949,0.713362,0.13362,-0.495813,-0.680637,0.097114,-0.0374503
741,13.421,0.994509,0,-0.524901,-0.660284,0.217696,0.557608,0.678713,0.266752,-0.524901,-0.660284,0.195927,-0.0799882
742,13.4391,0.955576,0,-0.543138,-0.613346,0.320389,0.572924,0.607101,0.385878,-0.543138,-0.613346,0.28835,-0.121811
743,13.4572,0.883834,0,-0.546253,-0.540099,0.403291,0.569512,0.505522,0.475629,-0.546253,-0.540099,0.362962,-0.154209
744,13.4753,0.789619,0,-0.533238,-0.448709,0.458619,0.546565,0.387944,0.525928,-0.533238,-0.448709,0.412757,-0.171187
745,13.4934,0.686941,0,-0.505673,-0.352717,0.482695,0.506274,0.270881,0.53515,-0.505673,-0.352717,0.434425,-0.17086
746,13.5116,0.58682,0,-0.466467,-0.263355,0.476411,0.453236,0.168063,0.509508,-0.466467,-0.263355,0.42877,-0.155561
747,13.5297,0.494689,0,-0.418711,-0.186422,0.446992,0.393162,0.0871799,0.459461,-0.418711,-0.186422,0.402292,-0.131012
748,13.5478,0.413205,0,-0.366939,-0.126236,0.400901,0.331527,0.0297557,0.395669,-0.366939,-0.126236,0.360811,-0.102974
749,13.5659,0.342836,0,-0.315923,-0.0834368,0.344521,0.272658,-0.00691323,0.326463,-0.315923,-0.0834368,0.310069,-0.0761896
750,13.584,0.282039,0,-0.267569,-0.0562694,0.282959,0.219401,-0.0274196,0.257163,-0.267569,-0.0562694,0.254663,-0.0529977
751,13.6021,0.230438,1,-0.224604,-0.0436614,0.222083,0.173216,-0.0365305,0.190562,-0.224604,-0.0436614,0.199874,-0.0349164
752,13.6202,0.187333,1,-0.188012,-0.0378216,0.163447,0.134492,-0.0383017,0.127777,-0.188012,-0.0378216,0.147103,-0.021511
753,13.6383,0.151704,1,-0.157287,-0.0370965,0.105607,0.102906,-0.0358016,0.0690042,-0.157287,-0.0370965,0.0950463,-0.0116275
754,13.6564,0.12356,1,-0.132458,-0.0409638,0.0531146,0.0777251,-0.031164,0.0140221,-0.132458,-0.0409638,0.0478032,-0.00492484
755,13.6746,0.102654,1,-0.113631,-0.0487016,0.00270227,0.0580366,-0.0257681,-0.0375215,-0.113631,-0.0487016,0.00243205,-0.000214944
756,13.6927,0.0884098,1,-0.0994628,-0.0581718,-0.0440463,0.0428982,-0.0204364,-0.0859782,-0.0994628,-0.0581718,-0.0396417,0.00306668
757,13.7108,0.0791472,1,-0.0886822,-0.0658216,-0.088696,0.0314277,-0.0156086,-0.131651,-0.0886822,-0.0658216,-0.0798264,0.00550603
758,13.7289,0.0743402,1,-0.0813103,-0.072993,-0.130672,0.022848,-0.0114753,-0.174786,-0.0813103,-0.072993,-0.117605,0.00743749
759,13.747,0.073095,1,-0.077331,-0.0807455,-0.171506,0.0165038,-0.00807589,-0.215583,-0.077331,-0.0807455,-0.154355,0.00928391
760,13.7651,0.075498,1,-0.076388,-0.0908073,-0.209352,0.0118601,-0.00536556,-0.254206,-0.076388,-0.0908073,-0.188417,0.0111944
761,13.7832,0.0803908,1,-0.0774024,-0.102573,-0.244454,0.0084914,-0.00325923,-0.290791,-0.0774024,-0.102573,-0.220009,0.0132449
762,13.8013,0.0871333,1,-0.080265,-0.115587,-0.277046,0.00606622,-0.00165871,-0.32546,-0.080265,-0.115587,-0.249341,0.015566
763,13.8195,0.0956733,1,-0.0848965,-0.130395,-0.307157,0.00433093,-0.00046823,-0.358319,-0.0848965,-0.130395,-0.276441,0.0182536
764,13.8376,0.106253,1,-0.0914348,-0.147404,-0.333898,0.00309434,0.000397586,-0.389467,-0.0914348,-0.147404,-0.300508,0.0213709
765,13.8557,0.118557,1,-0.100183,-0.166684,-0.359323,0.00221416,0.00101051,-0.418994,-0.100183,-0.166684,-0.323391,0.0251986
766,13.8738,0.133119,1,-0.111241,-0.188842,-0.381956,0.00158555,0.0014283,-0.446987,-0.111241,-0.188842,-0.34376,0.0297424
767,13.8919,0.150297,1,-0.124612,-0.214417,-0.401059,0.00113193,0.00169572,-0.473526,-0.124612,-0.214417,-0.360953,0.0349836
768,13.91,0.170715,1,-0.140716,-0.244523,-0.416788,0.000797613,0.00184618,-0.498686,-0.140716,-0.244523,-0.375109,0.041054
769,13.9281,0.194491,1,-0.159094,-0.278577,-0.425959,0.000542143,0.00190358,-0.522539,-0.159094,-0.278577,-0.383363,0.0474374
770,13.9462,0.222446,1,-0.180942,-0.317548,-0.428755,0.000335968,0.00188391,-0.545153,-0.180942,-0.317548,-0.385879,0.054306
771,13.9644,0.255593,0,-0.20631,-0.363185,-0.424667,0.000157162,0.00179663,-0.566592,-0.20631,-0.363185,-0.3822,0.061329
772,13.9825,0.295616,0,-0.236591,-0.416942,-0.410905,-1.10374e-05,0.00164577,-0.586918,-0.236591,-0.416942,-0.369814,0.0680515
773,14.0006,0.343174,0,-0.272159,-0.479073,-0.386076,-0.000182075,0.00143061,-0.606188,-0.272159,-0.479073,-0.347469,0.0735518
774,14.0187,0.398123,0,-0.312572,-0.546282,-0.344534,-0.000367498,0.00114613,-0.624457,-0.312572,-0.546282,-0.310081,0.0753844
775,14.0368,0.45978,0,-0.35782,-0.613601,-0.282467,-0.000578065,0.000783087,-0.641777,-0.35782,-0.613601,-0.25422,0.0707506
776,14.0549,0.526757,0,-0.406641,-0.674192,-0.196943,-0.00082466,0.000327904,-0.658196,-0.406641,-0.674192,-0.177248,0.0560594
777,14.073,0.598211,0,-0.456934,-0.723131,-0.0879064,-0.0011191,-0.000237826,-0.673763,-0.456934,-0.723131,-0.0791158,0.0281172
778,14.0911,0.670546,0,-0.505004,-0.749308,0.0431202,-0.00147491,-0.00093805,-0.688519,-0.505004,-0.749308,0.0388082,-0.0152431
779,14.1092,0.7381,0,-0.546717,-0.743154,0.185162,-0.00190808,-0.00180333,-0.702508,-0.546717,-0.743154,0.166645,-0.0708617
780,14.1274,0.791558,0,-0.574618,-0.694257,0.320712,-0.00243801,-0.00287223,-0.715768,-0.574618,-0.694257,0.288641,-0.129001
781,14.1455,0.830625,0,-0.585931,-0.607707,0.440372,-0.00308842,-0.00419324,-0.728335,-0.585931,-0.607707,0.396335,-0.180619
782,14.1636,0.849336,0,-0.576365,-0.491309,0.524939,-0.00388866,-0.00582707,-0.740245,-0.576365,-0.491309,0.472445,-0.21179
783,14.1817,0.846145,0,-0.545523,-0.362402,0.563719,-0.00487514,-0.0078497,-0.751528,-0.545523,-0.362402,0.507347,-0.215265
784,14.1998,0.823209,0,-0.499021,-0.245957,0.554804,-0.00609314,-0.0103562,-0.762212,-0.499021,-0.245957,0.499323,-0.193801
785,14.2179,0.787341,0,-0.440081,-0.148088,0.513972,-0.00759916,-0.0134655,-0.772323,-0.440081,-0.148088,0.462575,-0.158333
786,14.236,0.745217,0,-0.376189,-0.0732948,0.454415,-0.00946367,-0.0173263,-0.78188,-0.376189,-0.0732948,0.408973,-0.119662
787,14.2541,0.702007,0,-0.31295,-0.0227291,0.387125,-0.0117747,-0.0221249,-0.790897,-0.31295,-0.0227291,0.348412,-0.0848053
788,14.2723,0.658347,0,-0.253891,0.00676457,0.314985,-0.0146424,-0.0280945,-0.799379,-0.253891,0.00676457,0.283486,-0.0559803
789,14.2904,0.617908,0,-0.202017,0.0211464,0.245502,-0.0182045,-0.0355265,-0.807319,-0.202017,0.0211464,0.220951,-0.0347169
790,14.3085,0.58173,0,-0.157775,0.0283832,0.18111,-0.022633,-0.0447861,-0.814688,-0.157775,0.0283832,0.162999,-0.0200022
791,14.3266,0.549649,0,-0.119469,0.0306478,0.122199,-0.0281434,-0.0563294,-0.821431,-0.119469,0.0306478,0.109979,-0.0102193
792,14.3447,0.520169,0,-0.0890601,0.0282872,0.0664194,-0.035005,-0.0707256,-0.827449,-0.0890601,0.0282872,0.0597775,-0.00414072
793,14.3628,0.492397,0,-0.0657289,0.0225236,0.0127112,-0.043554,-0.0886832,-0.832574,-0.0657289,0.0225236,0.0114401,-0.000584844
794,14.3809,0.467523,0,-0.047207,0.0170341,-0.0369889,-0.0542095,-0.111079,-0.836534,-0.047207,0.0170341,-0.03329,0.00122229
795,14.399,0.444791,0,-0.0328971,0.0127429,-0.0843789,-0.0674918,-0.138992,-0.838896,-0.0328971,0.0127429,-0.075941,0.00194308
796,14.4172,0.425177,0,-0.0215579,0.0102231,-0.128638,-0.0840438,-0.17373,-0.838977,-0.0215579,0.0102231,-0.115774,0.00194121
797,14.4353,0.409808,0,-0.0122893,0.00934777,-0.169282,-0.104652,-0.216847,-0.835716,-0.0122893,0.00934777,-0.152354,0.00145625
798,14.4534,0.399336,0,-0.00532413,0.00859372,-0.206894,-0.130263,-0.270121,-0.82747,-0.00532413,0.00859372,-0.186205,0.000771071
799,14.4715,0.394978,0,0.000742953,0.00937504,-0.243734,-0.16199,-0.33546,-0.811739,0.000742953,0.00937504,-0.21936,-0.000126758
800,14.4896,0.400731,0,0.00637545,0.0119556,-0.278081,-0.201081,-0.41463,-0.784778,0.00637545,0.0119556,-0.250273,-0.00124103
801,14.5077,0.419665,0,0.0108972,0.0167824,-0.311305,-0.248828,-0.508705,-0.741145,0.0108972,0.0167824,-0.280174,-0.00237465
802,14.5258,0.45611,0,0.0164237,0.0237334,-0.342528,-0.306335,-0.616989,-0.673301,0.0164237,0.0237334,-0.308275,-0.0039379
803,14.5439,0.511532,0,0.0219124,0.0316435,-0.3713,-0.37408,-0.7352,-0.571636,0.0219124,0.0316435,-0.33417,-0.00569526
804,14.562,0.585676,0,0.0274949,0.0411064,-0.397936,-0.451142,-0.852864,-0.425713,0.0274949,0.0411064,-0.358143,-0.00765886
805,14.5802,0.675093,0,0.0340805,0.052732,-0.42215,-0.534066,-0.950638,-0.227962,0.0340805,0.052732,-0.379935,-0.010071
806,14.5983,0.771501,0,0.0419475,0.0669693,-0.444261,-0.615624,-1,0.0192248,0.0419475,0.0669693,-0.399835,-0.0130449
807,14.6164,0.861795,0,0.0516409,0.08419,-0.464251,-0.684292,-0.969575,0.294729,0.0516409,0.08419,-0.417826,-0.016782
808,14.6345,0.929441,0,0.0627787,0.105082,-0.481402,-0.725854,-0.840655,0.555527,0.0627787,0.105082,-0.433262,-0.0211553
809,14.6526,0.959945,0,0.0758613,0.129526,-0.495703,-0.727935,-0.624955,0.748947,0.0758613,0.129526,-0.446132,-0.0263233
810,14.6707,0.94718,0,0.0909343,0.158543,-0.50704,-0.685776,-0.3672,0.838977,0.0909343,0.158543,-0.456336,-0.0322751
811,14.6888,0.896206,0,0.109261,0.192885,-0.51527,-0.605103,-0.123688,0.826006,0.109261,0.192885,-0.463743,-0.0394092
812,14.7069,0.819255,0,0.131618,0.233998,-0.518437,-0.499561,0.0661651,0.741318,0.131618,0.233998,-0.466593,-0.0477648
813,14.7251,0.73127,0,0.158231,0.283569,-0.516122,-0.384808,0.191377,0.624437,0.158231,0.283569,-0.46451,-0.0571665
814,14.7432,0.643288,0,0.190128,0.342773,-0.504893,-0.273537,0.261568,0.504998,0.190128,0.342773,-0.454404,-0.067196
815,14.7613,0.563598,0,0.228606,0.412966,-0.483297,-0.173538,0.293643,0.398161,0.228606,0.412966,-0.434968,-0.0773393
816,14.7794,0.493604,0,0.271757,0.49004,-0.444211,-0.0881721,0.303123,0.308416,0.271757,0.49004,-0.39979,-0.0845023
817,14.7975,0.434695,0,0.322392,0.570764,-0.380429,-0.0177642,0.301217,0.234808,0.322392,0.570764,-0.342386,-0.0858532
818,14.8156,0.389305,0,0.378214,0.649198,-0.288286,0.0390516,0.295023,0.174535,0.378214,0.649198,-0.259458,-0.0763238
819,14.8337,0.360845,0,0.436886,0.715774,-0.164994,0.0843839,0.288658,0.124731,0.436886,0.715774,-0.148494,-0.0504584
820,14.8518,0.353493,0,0.49468,0.759589,-0.0117475,0.120512,0.284328,0.0831121,0.49468,0.759589,-0.0105728,-0.0040679
821,14.87,0.3669,0,0.547814,0.765094,0.161846,0.149587,0.283098,0.0480786,0.547814,0.765094,0.145661,0.0620628
822,14.8881,0.394038,0,0.588494,0.720905,0.340922,0.173494,0.285369,0.0186191,0.588494,0.720905,0.30683,0.140442
823,14.9062,0.420194,0,0.606643,0.618684,0.496156,0.193811,0.291167,-0.00583176,0.606643,0.618684,0.44654,0.210693
824,14.9243,0.439479,0,0.597593,0.471569,0.60794,0.211813,0.300307,-0.0255187,0.597593,0.471569,0.547146,0.25431
825,14.9424,0.446646,0,0.562914,0.309059,0.657127,0.228498,0.31247,-0.0404634,0.562914,0.309059,0.591414,0.258934
826,14.9605,0.441601,0,0.505544,0.155956,0.647755,0.244614,0.327239,-0.0505372,0.505544,0.155956,0.582979,0.229228
827,14.9786,0.42864,0,0.432648,0.0305327,0.595095,0.260691,0.344105,-0.0555196,0.432648,0.0305327,0.535586,0.180227
828,14.9967,0.415909,0,0.353552,-0.0621281,0.521759,0.27706,0.362447,-0.055152,0.353552,-0.0621281,0.469583,0.129128
829,15.0148,0.40362,0,0.274714,-0.122157,0.435238,0.293866,0.381514,-0.0491956,0.274714,-0.122157,0.391714,0.0836962
830,15.033,0.394545,0,0.202694,-0.15294,0.348584,0.311081,0.400402,-0.0375006,0.202694,-0.15294,0.313725,0.0494591
831,15.0511,0.392957,0,0.140926,-0.167753,0.271283,0.3285,0.418051,-0.0200869,0.140926,-0.167753,0.244155,0.0267616
832,15.0692,0.396887,0,0.087521,-0.172953,0.198658,0.345751,0.433265,0.00276349,0.087521,-0.172953,0.178792,0.0121707
833,15.0873,0.404549,0,0.0439243,-0.170645,0.134649,0.362306,0.44478,0.0304168,0.0439243,-0.170645,0.121184,0.00414004
834,15.1054,0.415532,0,0.00862854,-0.166448,0.0769025,0.377504,0.451375,0.0618182,0.00862854,-0.166448,0.0692122,0.000464489
835,15.1235,0.429968,0,-0.0202256,-0.165028,0.0241584,0.390599,0.452026,0.0954713,-0.0202256,-0.165028,0.0217426,-0.000342033
836,15.1416,0.445365,0,-0.0430211,-0.165983,-0.0235277,0.400827,0.44609,0.129492,-0.0430211,-0.165983,-0.0211749,0.000708533
837,15.1597,0.460701,0,-0.0627433,-0.169087,-0.067465,0.407496,0.433465,0.161756,-0.0627433,-0.169087,-0.0607185,0.00296308
838,15.1779,0.474925,0,-0.0797822,-0.173947,-0.110221,0.410078,0.414689,0.190121,-0.0797822,-0.173947,-0.099199,0.00615557
839,15.196,0.487624,0,-0.0946914,-0.182711,-0.149606,0.4083,0.39093,0.2127,-0.0946914,-0.182711,-0.134645,0.00991646
840,15.2141,0.498294,0,-0.109467,-0.196384,-0.183266,0.402199,0.36385,0.228105,-0.109467,-0.196384,-0.16494,0.0140431
841,15.2322,0.504903,0,-0.122491,-0.212859,-0.210923,0.392134,0.335368,0.23561,-0.122491,-0.212859,-0.18983,0.0180852
842,15.2503,0.509245,0,-0.137235,-0.231979,-0.234741,0.378751,0.307392,0.235183,-0.137235,-0.231979,-0.211267,0.0225503
843,15.2684,0.511947,0,-0.153462,-0.253608,-0.255525,0.362903,0.281574,0.227403,-0.153462,-0.253608,-0.229972,0.0274494
844,15.2865,0.513298,0,-0.170584,-0.278399,-0.271555,0.34555,0.25915,0.213286,-0.170584,-0.278399,-0.244399,0.032426
845,15.3046,0.515058,0,-0.189179,-0.307662,-0.283216,0.32766,0.240892,0.194088,-0.189179,-0.307662,-0.254895,0.037505
846,15.3228,0.518226,0,-0.210413,-0.341326,-0.288844,0.310123,0.227136,0.171122,-0.210413,-0.341326,-0.25996,0.0425436
847,15.3409,0.523714,0,-0.234594,-0.379807,-0.286233,0.293694,0.217879,0.145636,-0.234594,-0.379807,-0.25761,0.0470041
848,15.359,0.534119,0,-0.262705,-0.425293,-0.275169,0.27897,0.21289,0.118736,-0.262705,-0.425293,-0.247652,0.0506018
849,15.3771,0.549967,0,-0.294583,-0.476346,-0.253803,0.266383,0.211815,0.091367,-0.294583,-0.476346,-0.228422,0.0523361
850,15.3952,0.569044,0,-0.32906,-0.527171,-0.217033,0.256218,0.214264,0.0643183,-0.32906,-0.527171,-0.19533,0.0499918
851,15.4133,0.591247,0,-0.365467,-0.574364,-0.163721,0.24864,0.219863,0.0382533,-0.365467,-0.574364,-0.147349,0.0418843
852,15.4314,0.616642,0,-0.403513,-0.614397,-0.0944872,0.24372,0.228288,0.0137409,-0.403513,-0.614397,-0.0850385,0.0266888
853,15.4495,0.643635,0,-0.441034,-0.642206,-0.0100416,0.241462,0.239268,-0.0087118,-0.441034,-0.642206,-0.00903743,0.00310007
854,15.4676,0.669286,0,-0.475449,-0.65101,0.0847912,0.241826,0.252585,-0.0286314,-0.475449,-0.65101,0.0763121,-0.0282197
855,15.4858,0.691199,0,-0.503124,-0.638394,0.183193,0.244741,0.268049,-0.0455558,-0.503124,-0.638394,0.164874,-0.0645181
856,15.5039,0.706479,0,-0.521818,-0.602308,0.277567,0.250118,0.285477,-0.0590192,-0.521818,-0.602308,0.24981,-0.101388
857,15.522,0.711983,0,-0.52862,-0.54433,0.357429,0.257847,0.304656,-0.0685443,-0.52862,-0.54433,0.321686,-0.132261
858,15.5401,0.704839,0,-0.521173,-0.468084,0.414682,0.267794,0.325303,-0.0736452,-0.521173,-0.468084,0.373214,-0.151285
859,15.5582,0.68593,0,-0.500102,-0.383682,0.44513,0.279788,0.347029,-0.073842,-0.500102,-0.383682,0.400617,-0.155827
860,15.5763,0.657906,0,-0.468663,-0.301675,0.448286,0.293607,0.369294,-0.0686915,-0.468663,-0.301675,0.403457,-0.147066
861,15.5944,0.62292,0,-0.427878,-0.228132,0.429381,0.308951,0.391374,-0.0578382,-0.427878,-0.228132,0.386443,-0.128606
862,15.6125,0.585285,0,-0.382172,-0.168488,0.394369,0.325428,0.412335,-0.041086,-0.382172,-0.168488,0.354932,-0.105502
863,15.6307,0.547917,0,-0.335511,-0.123476,0.346765,0.342525,0.431045,-0.0184898,-0.335511,-0.123476,0.312089,-0.0814406
864,15.6488,0.514184,0,-0.290795,-0.0925281,0.292196,0.359603,0.446216,0.00954116,-0.290795,-0.0925281,0.262976,-0.0594783
865,15.6669,0.486978,0,-0.249686,-0.0753962,0.234934,0.375898,0.456507,0.0421486,-0.249686,-0.0753962,0.211441,-0.0410618
866,15.685,0.467024,0,-0.213928,-0.0672675,0.179022,0.390549,0.460682,0.077967,-0.213928,-0.0672675,0.16112,-0.0268085
867,15.7031,0.453647,0,-0.183823,-0.0650125,0.124297,0.402652,0.457817,0.115137,-0.183823,-0.0650125,0.111867,-0.0159941
868,15.7212,0.446138,0,-0.159188,-0.0674224,0.0710572,0.411346,0.447506,0.151422,-0.159188,-0.0674224,0.0639515,-0.00791801
869,15.7393,0.443549,0,-0.140115,-0.0746332,0.022071,0.415913,0.430026,0.184424,-0.140115,-0.0746332,0.0198639,-0.00216473
870,15.7574,0.443486,0,-0.126117,-0.0842599,-0.0237533,0.415888,0.406395,0.211891,-0.126117,-0.0842599,-0.0213779,0.00209698
871,15.7756,0.443735,0,-0.115943,-0.0940385,-0.0676675,0.411134,0.378274,0.232022,-0.115943,-0.0940385,-0.0609007,0.00549188
872,15.7937,0.442703,0,-0.108853,-0.103074,-0.108243,0.401886,0.347742,0.243707,-0.108853,-0.103074,-0.0974186,0.00824781
873,15.8118,0.441484,0,-0.105011,-0.112733,-0.148705,0.388726,0.316984,0.246632,-0.105011,-0.112733,-0.133835,0.010931
874,15.8299,0.440165,0,-0.104645,-0.125135,-0.186431,0.372514,0.287979,0.241228,-0.104645,-0.125135,-0.167788,0.0136564
875,15.848,0.438167,0,-0.106543,-0.140054,-0.220664,0.354273,0.262283,0.228497,-0.106543,-0.140054,-0.198597,0.0164571
876,15.8661,0.43586,0,-0.111012,-0.156393,-0.25182,0.335074,0.240916,0.209781,-0.111012,-0.156393,-0.226638,0.0195685
877,15.8842,0.433921,0,-0.117831,-0.17538,-0.279189,0.315931,0.224379,0.186541,-0.117831,-0.17538,-0.25127,0.023028
878,15.9023,0.432944,0,-0.126573,-0.196651,-0.303164,0.297721,0.212745,0.160184,-0.126573,-0.196651,-0.272847,0.0268607
879,15.9204,0.434191,0,-0.137753,-0.220941,-0.324088,0.281146,0.205794,0.131967,-0.137753,-0.220941,-0.29168,0.031251
880,15.9386,0.43862,0,-0.151774,-0.249248,-0.341308,0.266725,0.203136,0.102955,-0.151774,-0.249248,-0.307177,0.0362611
881,15.9567,0.446919,0,-0.169059,-0.282394,-0.353356,0.254803,0.204324,0.074027,-0.169059,-0.282394,-0.31802,0.0418166
882,15.9748,0.459282,0,-0.189785,-0.319711,-0.358844,0.245582,0.208923,0.0459044,-0.189785,-0.319711,-0.322959,0.0476722
883,15.9929,0.476823,0,-0.214151,-0.362087,-0.357329,0.239157,0.216554,0.0191911,-0.214151,-0.362087,-0.321596,0.0535656
884,16.011,0.499481,0,-0.241934,-0.409215,-0.345895,0.235538,0.226911,-0.00558849,-0.241934,-0.409215,-0.311305,0.0585787
885,16.0291,0.528284,0,-0.27361,-0.461521,-0.323079,0.234689,0.239754,-0.0279543,-0.27361,-0.461521,-0.290771,0.0618784
886,16.0472,0.563633,0,-0.309589,-0.517789,-0.28775,0.236539,0.254897,-0.0474426,-0.309589,-0.517789,-0.258975,0.0623589
887,16.0653,0.604244,0,-0.34897,-0.574718,-0.236875,0.241003,0.272181,-0.0635852,-0.34897,-0.574718,-0.213188,0.0578635
888,16.0835,0.64802,0,-0.391397,-0.626645,-0.166004,0.247977,0.291434,-0.0758956,-0.391397,-0.626645,-0.149403,0.0454813
889,16.1016,0.693491,0,-0.435181,-0.668941,-0.0747466,0.257345,0.312441,-0.0838645,-0.435181,-0.668941,-0.067272,0.0227698
890,16.1197,0.737605,0,-0.477801,-0.694429,0.0356113,0.268964,0.334892,-0.0869668,-0.477801,-0.694429,0.0320502,-0.0119106
891,16.1378,0.774452,0,-0.514902,-0.693631,0.153228,0.282648,0.358338,-0.0846835,-0.514902,-0.693631,0.137905,-0.0552282
892,16.1559,0.797987,0,-0.541118,-0.6605,0.26825,0.298146,0.382143,-0.0765429,-0.541118,-0.6605,0.241425,-0.101608
893,16.174,0.805358,0,-0.553873,-0.59542,0.37247,0.315117,0.405447,-0.0621858,-0.553873,-0.59542,0.335223,-0.144411
894,16.1921,0.794458,0,-0.550579,-0.504903,0.452379,0.333105,0.427149,-0.0414575,-0.550579,-0.504903,0.407141,-0.174349
895,16.2102,0.764697,0,-0.529092,-0.400851,0.497138,0.351513,0.445922,-0.0145203,-0.529092,-0.400851,0.447424,-0.184122
896,16.2284,0.721418,0,-0.494202,-0.300951,0.503507,0.369598,0.46029,0.0180246,-0.494202,-0.300951,0.453157,-0.174184
897,16.2465,0.668272,0,-0.447379,-0.212163,0.480215,0.386478,0.468767,0.0550342,-0.447379,-0.212163,0.432194,-0.150387
898,16.2646,0.611128,0,-0.394097,-0.138791,0.437212,0.40118,0.470067,0.0947784,-0.394097,-0.138791,0.393491,-0.120613
899,16.2827,0.556095,0,-0.33912,-0.0860524,0.381242,0.41271,0.463349,0.134996,-0.33912,-0.0860524,0.343118,-0.0905007
900,16.3008,0.506308,0,-0.286043,-0.0507902,0.318223,0.420162,0.448459,0.173077,-0.286043,-0.0507902,0.2864,-0.0637178
901,16.3189,0.465155,0,-0.237947,-0.0323687,0.254194,0.422847,0.426076,0.206371,-0.237947,-0.0323687,0.228775,-0.0423392
902,16.337,0.431582,0,-0.196799,-0.0221958,0.193263,0.420398,0.397701,0.232551,-0.196799,-0.0221958,0.173937,-0.0266239
903,16.3551,0.404266,0,-0.161462,-0.0186755,0.136447,0.412853,0.365473,0.249957,-0.161462,-0.0186755,0.122803,-0.0154217
904,16.3732,0.382165,0,-0.131751,-0.0196668,0.0813818,0.400665,0.33184,0.257806,-0.131751,-0.0196668,0.0732436,-0.00750552
905,16.3914,0.365061,0,-0.108591,-0.0249522,0.029355,0.384648,0.299176,0.256216,-0.108591,-0.0249522,0.0264195,-0.00223138
906,16.4095,0.351803,0,-0.0911941,-0.03285,-0.020394,0.365863,0.269463,0.246067,-0.0911941,-0.03285,-0.0183546,0.00130187
907,16.4276,0.340199,0,-0.077578,-0.0403181,-0.0667706,0.345488,0.244102,0.228738,-0.077578,-0.0403181,-0.0600935,0.00362595
908,16.4457,0.330328,0,-0.067908,-0.0468258,-0.110303,0.324683,0.223869,0.205841,-0.067908,-0.0468258,-0.0992723,0.0052433
909,16.4638,0.322414,0,-0.0611813,-0.0526031,-0.152241,0.304483,0.208995,0.17898,-0.0611813,-0.0526031,-0.137017,0.00652002
910,16.4819,0.317266,0,-0.0579644,-0.0601398,-0.191746,0.285739,0.199313,0.149612,-0.0579644,-0.0601398,-0.172571,0.00778009
911,16.5,0.31403,0,-0.0562452,-0.0685567,-0.228656,0.269093,0.194414,0.118973,-0.0562452,-0.0685567,-0.20579,0.00900256
912,16.5181,0.312518,0,-0.0561624,-0.0772355,-0.262265,0.254985,0.193787,0.0880716,-0.0561624,-0.0772355,-0.236039,0.0103106
913,16.5363,0.313588,0,-0.0574967,-0.0869458,-0.294029,0.24368,0.196918,0.0577187,-0.0574967,-0.0869458,-0.264626,0.011834
914,16.5544,0.317464,0,-0.060553,-0.0975549,-0.323953,0.235307,0.203349,0.028572,-0.060553,-0.0975549,-0.291558,0.0137314
915,16.5725,0.324387,0,-0.0652307,-0.108784,-0.352681,0.229897,0.212714,0.00118334,-0.0652307,-0.108784,-0.317413,0.0161039
916,16.5906,0.334344,0,-0.0713079,-0.121581,-0.37919,0.227417,0.224731,-0.0239586,-0.0713079,-0.121581,-0.341271,0.0189275
917,16.6087,0.347462,0,-0.0784624,-0.136026,-0.403604,0.227797,0.2392,-0.0463926,-0.0784624,-0.136026,-0.363244,0.0221674
918,16.6268,0.364687,0,-0.0875963,-0.153239,-0.426304,0.230949,0.255971,-0.0656574,-0.0875963,-0.153239,-0.383673,0.0261398
919,16.6449,0.386392,0,-0.0984063,-0.174317,-0.446975,0.236775,0.274915,-0.0812713,-0.0984063,-0.174317,-0.402277,0.0307896
920,16.663,0.41201,0,-0.111083,-0.198481,-0.464128,0.245171,0.295881,-0.0927197,-0.111083,-0.198481,-0.417716,0.0360898
921,16.6812,0.442328,0,-0.126199,-0.227321,-0.477321,0.256018,0.318654,-0.099453,-0.126199,-0.227321,-0.429589,0.0421661
922,16.6993,0.477615,0,-0.144302,-0.26145,-0.485797,0.269172,0.342899,-0.100896,-0.144302,-0.26145,-0.437217,0.0490712
923,16.7174,0.517981,0,-0.165685,-0.301936,-0.488063,0.284436,0.368113,-0.0964785,-0.165685,-0.301936,-0.439257,0.0566054
924,16.7355,0.563735,0,-0.191617,-0.349756,-0.482746,0.301539,0.393567,-0.0856827,-0.191617,-0.349756,-0.434471,0.0647517
925,16.7536,0.614998,0,-0.222248,-0.405928,-0.469664,0.320102,0.418266,-0.0681286,-0.222248,-0.405928,-0.422698,0.0730674
926,16.7717,0.67063,0,-0.258548,-0.470201,-0.445288,0.339608,0.44093,-0.0436838,-0.258548,-0.470201,-0.400759,0.0805898
927,16.7898,0.728676,0,-0.300546,-0.541526,-0.405407,0.359377,0.460029,-0.0126018,-0.300546,-0.541526,-0.364867,0.0852906
928,16.8079,0.785554,0,-0.348106,-0.616275,-0.342816,0.378559,0.473882,0.0243345,-0.348106,-0.616275,-0.308534,0.0835354
929,16.826,0.836892,0,-0.400557,-0.686917,-0.254871,0.396153,0.480838,0.0656996,-0.400557,-0.686917,-0.229384,0.0714633
930,16.8442,0.878547,0,-0.455112,-0.746498,-0.139804,0.411062,0.479542,0.109393,-0.455112,-0.746498,-0.125824,0.0445387
931,16.8623,0.905623,0,-0.508586,-0.784133,0.000506278,0.422195,0.469236,0.152741,-0.508586,-0.784133,0.00045565,-0.00018024
932,16.8804,0.912808,0,-0.556194,-0.786378,0.158583,0.428598,0.450016,0.192754,-0.556194,-0.786378,0.142725,-0.0617421
933,16.8985,0.895847,0,-0.591934,-0.741505,0.316544,0.4296,0.422965,0.226525,-0.591934,-0.741505,0.28489,-0.131161
934,16.9166,0.854148,0,-0.607831,-0.649257,0.456351,0.424934,0.390073,0.251664,-0.607831,-0.649257,0.410715,-0.194169
935,16.9347,0.792805,0,-0.60183,-0.521905,0.558135,0.414807,0.353945,0.266665,-0.60183,-0.521905,0.502322,-0.235132
936,16.9528,0.714608,0,-0.569922,-0.374804,0.606283,0.399884,0.31737,0.271071,-0.569922,-0.374804,0.545655,-0.241874
937,16.9709,0.631289,0,-0.519386,-0.239893,0.598939,0.381197,0.282886,0.265426,-0.519386,-0.239893,0.539045,-0.217756
938,16.9891,0.547371,0,-0.454252,-0.127874,0.553003,0.360002,0.252451,0.251026,-0.454252,-0.127874,0.497703,-0.175842
939,17.0072,0.469212,0,-0.383388,-0.0450539,0.487392,0.337613,0.2273,0.229593,-0.383388,-0.0450539,0.438652,-0.130802
940,17.0253,0.399207,0,-0.313163,0.0110131,0.413637,0.315266,0.207971,0.202961,-0.313163,0.0110131,0.372273,-0.0906749
941,17.0434,0.338073,0,-0.247812,0.0431393,0.33537,0.294012,0.194448,0.172854,-0.247812,0.0431393,0.301833,-0.0581761
942,17.0615,0.28702,0,-0.190379,0.05783,0.260539,0.274676,0.186347,0.140753,-0.190379,0.05783,0.234485,-0.0347209
943,17.0796,0.245008,1,-0.14113,0.0657587,0.192368,0.25784,0.183103,0.107868,-0.14113,0.0657587,0.173131,-0.0190042
944,17.0977,0.211477,1,-0.0989434,0.0681333,0.131671,0.243874,0.184102,0.075151,-0.0989434,0.0681333,0.118504,-0.00911961
945,17.1158,0.187299,1,-0.065686,0.0660341,0.0746428,0.232974,0.188779,0.0433523,-0.065686,0.0660341,0.0671786,-0.00343209
946,17.134,0.172024,1,-0.0399754,0.0609819,0.0198312,0.225204,0.196668,0.0130728,-0.0399754,0.0609819,0.017848,-0.000554931
947,17.1521,0.163319,1,-0.018973,0.0576441,-0.0300023,0.220544,0.207415,-0.0151796,-0.018973,0.0576441,-0.027002,0.000398463
948,17.1702,0.160203,1,-0.00171741,0.0564173,-0.076993,0.218925,0.220772,-0.0409463,-0.00171741,0.0564173,-0.0692937,9.25602e-05
949,17.1883,0.161597,1,0.0126557,0.0574339,-0.11993,0.220252,0.236576,-0.0637808,0.0126557,0.0574339,-0.107937,-0.00106246
950,17.2064,0.166675,1,0.0244575,0.0607612,-0.158949,0.224424,0.25472,-0.0832213,0.0244575,0.0607612,-0.143054,-0.00272125
951,17.2245,0.175482,1,0.0340368,0.0651158,-0.19549,0.23134,0.275111,-0.0987704,0.0340368,0.0651158,-0.175941,-0.0046577
952,17.2426,0.185993,1,0.0439319,0.0735385,-0.231406,0.2409,0.297628,-0.109882,0.0439319,0.0735385,-0.208266,-0.00711628
953,17.2607,0.198077,1,0.053941,0.0851834,-0.264175,0.252993,0.322069,-0.115961,0.053941,0.0851834,-0.237758,-0.00997492
954,17.2788,0.211693,1,0.0644092,0.0995628,-0.293673,0.267479,0.348096,-0.116372,0.0644092,0.0995628,-0.264306,-0.0132407
955,17.297,0.227015,1,0.0750426,0.115825,-0.319321,0.284165,0.375168,-0.110474,0.0750426,0.115825,-0.287389,-0.0167739
956,17.3151,0.242713,1,0.0865901,0.135642,-0.340147,0.302771,0.402484,-0.0976799,0.0865901,0.135642,-0.306133,-0.0206174
957,17.3332,0.258464,0,0.10041,0.159398,-0.357312,0.322893,0.428928,-0.0775515,0.10041,0.159398,-0.321581,-0.0251144
958,17.3513,0.274466,0,0.116407,0.186921,-0.371467,0.343969,0.453052,-0.0499333,0.116407,0.186921,-0.334321,-0.030269
959,17.3694,0.288986,0,0.135851,0.219988,-0.380965,0.365244,0.473114,-0.0151174,0.135851,0.219988,-0.342868,-0.0362282
960,17.3875,0.30098,0,0.158076,0.260186,-0.384368,0.385769,0.487197,0.025984,0.158076,0.260186,-0.345931,-0.0425314
961,17.4056,0.309502,0,0.184174,0.307244,-0.380178,0.404418,0.493439,0.0717052,0.184174,0.307244,-0.34216,-0.0490132
962,17.4237,0.313013,0,0.214808,0.360292,-0.365097,0.419962,0.490352,0.119597,0.214808,0.360292,-0.328587,-0.0548979
963,17.4419,0.311852,0,0.249297,0.416201,-0.33836,0.431188,0.477183,0.166568,0.249297,0.416201,-0.304524,-0.0590464
964,17.46,0.30575,0,0.28851,0.474813,-0.298681,0.437062,0.454219,0.209214,0.28851,0.474813,-0.268813,-0.0603206
965,17.4781,0.293608,0,0.331878,0.533512,-0.240817,0.436897,0.422902,0.244315,0.331878,0.533512,-0.216735,-0.0559454
966,17.4962,0.27739,0,0.376913,0.588357,-0.162955,0.430489,0.385685,0.269352,0.376913,0.588357,-0.146659,-0.0429939
967,17.5143,0.259988,0,0.422977,0.632534,-0.0641576,0.418183,0.345641,0.282903,0.422977,0.632534,-0.0577419,-0.018996
968,17.5324,0.244324,1,0.466466,0.653682,0.0527481,0.400835,0.305925,0.284785,0.466466,0.653682,0.0474733,0.0172236
969,17.5505,0.236089,1,0.50401,0.647464,0.182511,0.379683,0.269267,0.275916,0.50401,0.647464,0.16426,0.0643912
970,17.5686,0.237821,1,0.530868,0.606679,0.312451,0.356168,0.23764,0.257977,0.530868,0.606679,0.281206,0.116109
971,17.5868,0.244048,1,0.54091,0.529252,0.418422,0.331746,0.212154,0.23301,0.54091,0.529252,0.37658,0.15843
972,17.6049,0.251265,0,0.531797,0.42404,0.496135,0.307738,0.193144,0.203068,0.531797,0.42404,0.446521,0.18469
973,17.623,0.257231,0,0.505121,0.309584,0.535307,0.285228,0.180378,0.169991,0.505121,0.309584,0.481777,0.189276
974,17.6411,0.256632,0,0.463354,0.202823,0.532002,0.265025,0.173281,0.135299,0.463354,0.202823,0.478801,0.172553
975,17.6592,0.251259,0,0.410245,0.109518,0.49914,0.247672,0.171139,0.100184,0.410245,0.109518,0.449226,0.143339
976,17.6773,0.244316,1,0.351039,0.0354292,0.447998,0.233485,0.173246,0.0655596,0.351039,0.0354292,0.403198,0.110085
977,17.6954,0.236721,1,0.291547,-0.0177452,0.385188,0.2226,0.178986,0.0321242,0.291547,-0.0177452,0.346669,0.0786103
978,17.7135,0.228557,1,0.236303,-0.048624,0.317179,0.21503,0.187878,0.000431858,0.236303,-0.048624,0.285461,0.0524653
979,17.7316,0.222551,1,0.186329,-0.0644399,0.250749,0.210712,0.199579,-0.0290492,0.186329,-0.0644399,0.225674,0.0327052
980,17.7498,0.21969,1,0.144093,-0.0714075,0.187269,0.209542,0.213869,-0.0558887,0.144093,-0.0714075,0.168542,0.0188889
981,17.7679,0.220067,1,0.108405,-0.0724189,0.12733,0.211407,0.230624,-0.0796571,0.108405,-0.0724189,0.114597,0.0096623
982,17.786,0.225354,1,0.0771953,-0.0719996,0.0718288,0.216196,0.249782,-0.0998961,0.0771953,-0.0719996,0.0646459,0.00388139
983,17.8041,0.232137,1,0.054411,-0.0681931,0.016995,0.223812,0.271296,-0.116098,0.054411,-0.0681931,0.0152955,0.000647298
984,17.8222,0.243177,1,0.0358761,-0.064383,-0.0335387,0.234162,0.295093,-0.12769,0.0358761,-0.064383,-0.0301849,-0.000842268
985,17.8403,0.25747,0,0.0217839,-0.0598424,-0.0789724,0.247152,0.321011,-0.13403,0.0217839,-0.0598424,-0.0710751,-0.00120423
986,17.8584,0.275135,0,0.0108649,-0.0556476,-0.121518,0.262661,0.348742,-0.134418,0.0108649,-0.0556476,-0.109366,-0.0009242
987,17.8765,0.296128,0,0.00308223,-0.0522224,-0.163168,0.280516,0.377752,-0.128126,0.00308223,-0.0522224,-0.146851,-0.000352045
988,17.8947,0.320616,0,-0.00303675,-0.049277,-0.203305,0.30045,0.407216,-0.11446,-0.00303675,-0.049277,-0.182975,0.000432172
989,17.9128,0.348696,0,-0.00845705,-0.0475744,-0.240289,0.322063,0.435944,-0.0928676,-0.00845705,-0.0475744,-0.21626,0.00142249
990,17.9309,0.379432,0,-0.0124918,-0.0466518,-0.275639,0.344776,0.462354,-0.0630857,-0.0124918,-0.0466518,-0.248075,0.00241026
991,17.949,0.412478,0,-0.0154235,-0.0467347,-0.310561,0.367791,0.484498,-0.0253387,-0.0154235,-0.0467347,-0.279505,0.00335295
992,17.9671,0.446617,0,-0.0181574,-0.0480059,-0.342793,0.390078,0.500194,0.0194517,-0.0181574,-0.0480059,-0.308513,0.00435696
993,17.9852,0.479604,0,-0.0199004,-0.0485401,-0.373192,0.410395,0.507279,0.0694927,-0.0199004,-0.0485401,-0.335872,0.00519867
994,18.0033,0.510872,0,-0.0217696,-0.0503188,-0.401374,0.427363,0.503995,0.122065,-0.0217696,-0.0503188,-0.361237,0.00611643
995,18.0214,0.538485,0,-0.0240467,-0.0525942,-0.427283,0.439608,0.48942,0.173669,-0.0240467,-0.0525942,-0.384555,0.00719232
996,18.0396,0.560508,0,-0.026081,-0.0549732,-0.450783,0.445947,0.463853,0.220424,-0.026081,-0.0549732,-0.405704,0.00822979
997,18.0577,0.576601,0,-0.0279156,-0.0574521,-0.473878,0.445594,0.428959,0.258649,-0.0279156,-0.0574521,-0.426491,0.00926001
998,18.0758,0.586855,0,-0.0306393,-0.0619409,-0.496271,0.438325,0.387601,0.285509,-0.0306393,-0.0619409,-0.446644,0.0106438
999,18.0939,0.591107,0,-0.0340914,-0.0687947,-0.517844,0.424549,0.343341,0.299478,-0.0340914,-0.0687947,-0.46606,0.0123578
1000,18.112,0.589335,0,-0.0383393,-0.0772247,-0.537973,0.405262,0.299794,0.300491,-0.0383393,-0.0772247,-0.484176,0.0144379
1001,18.1301,0.582664,0,-0.0434757,-0.0874961,-0.556885,0.381891,0.260012,0.289751,-0.0434757,-0.0874961,-0.501197,0.0169477
1002,18.1482,0.57274,0,-0.0499455,-0.100124,-0.574989,0.356072,0.226115,0.269292,-0.0499455,-0.100124,-0.51749,0.0201027
1003,18.1663,0.560863,0,-0.0575762,-0.115336,-0.592178,0.329433,0.199193,0.241487,-0.0575762,-0.115336,-0.53296,0.0238668
1004,18.1844,0.548349,0,-0.066849,-0.133441,-0.608084,0.303418,0.179458,0.208651,-0.066849,-0.133441,-0.547276,0.0284549
1005,18.2026,0.536343,0,-0.0778455,-0.155025,-0.622288,0.279185,0.166496,0.172788,-0.0778455,-0.155025,-0.560059,0.0339096
1006,18.2207,0.52585,0,-0.0912506,-0.18127,-0.633729,0.257571,0.159555,0.135502,-0.0912506,-0.18127,-0.570356,0.0404797
1007,18.2388,0.518155,0,-0.107381,-0.213417,-0.642001,0.239113,0.157769,0.0980096,-0.107381,-0.213417,-0.577801,0.0482569
1008,18.2569,0.513969,0,-0.126655,-0.252148,-0.645428,0.224095,0.16032,0.06121,-0.126655,-0.252148,-0.580885,0.0572228
1009,18.275,0.514531,0,-0.149859,-0.298704,-0.642367,0.212612,0.166521,0.0257702,-0.149859,-0.298704,-0.57813,0.0673851
1010,18.2931,0.522096,0,-0.178581,-0.355053,-0.631523,0.204635,0.175854,-0.00779428,-0.178581,-0.355053,-0.568371,0.0789444
1011,18.3112,0.538409,0,-0.213627,-0.422153,-0.610251,0.20006,0.187968,-0.0390529,-0.213627,-0.422153,-0.549226,0.0912561
1012,18.3293,0.564405,0,-0.255412,-0.499503,-0.57393,0.198754,0.202658,-0.0676087,-0.255412,-0.499503,-0.516537,0.102612
1013,18.3475,0.60218,0,-0.304869,-0.587275,-0.518453,0.200581,0.219833,-0.0930582,-0.304869,-0.587275,-0.466607,0.110642
1014,18.3656,0.651158,0,-0.362075,-0.680465,-0.436953,0.205421,0.239474,-0.114961,-0.362075,-0.680465,-0.393257,0.110747
1015,18.3837,0.708922,0,-0.425896,-0.769435,-0.323258,0.213176,0.261597,-0.132815,-0.425896,-0.769435,-0.290932,0.0963721
1016,18.4018,0.772465,0,-0.493003,-0.843168,-0.175811,0.223768,0.286195,-0.146038,-0.493003,-0.843168,-0.15823,0.0606729
1017,18.4199,0.836167,0,-0.557622,-0.886874,0.0065304,0.237124,0.313187,-0.153958,-0.557622,-0.886874,0.00587736,-0.00254905
1018,18.438,0.890386,0,-0.613104,-0.87892,0.213585,0.253161,0.342346,-0.155816,-0.613104,-0.87892,0.192226,-0.0916648
1019,18.4561,0.926141,0,-0.653744,-0.807154,0.417887,0.271746,0.373221,-0.15079,-0.653744,-0.807154,0.376099,-0.191234
1020,18.4742,0.931362,0,-0.666974,-0.669524,0.587694,0.292662,0.405048,-0.138047,-0.666974,-0.669524,0.528925,-0.274384
1021,18.4924,0.903062,0,-0.647929,-0.487589,0.698023,0.315557,0.436665,-0.116848,-0.647929,-0.487589,0.628221,-0.316588
1022,18.5105,0.840012,0,-0.595945,-0.290655,0.73053,0.339889,0.466446,-0.0867058,-0.595945,-0.290655,0.657477,-0.304749
1023,18.5286,0.755285,0,-0.521344,-0.120517,0.694312,0.364876,0.4923,-0.047603,-0.521344,-0.120517,0.62488,-0.253383
1024,18.5467,0.659111,0,-0.432079,0.010396,0.613735,0.389461,0.511773,-0.000249633,-0.432079,0.010396,0.552362,-0.185627
1025,18.5648,0.566807,0,-0.339218,0.0963141,0.520079,0.41232,0.522303,0.0536727,-0.339218,0.0963141,0.468072,-0.123494
1026,18.5829,0.485325,0,-0.251945,0.145549,0.423628,0.431924,0.521639,0.111376,-0.251945,0.145549,0.381265,-0.0747117
1027,18.601,0.421281,0,-0.1749,0.162176,0.330959,0.446685,0.508371,0.169057,-0.1749,0.162176,0.297863,-0.0405195
1028,18.6191,0.374722,0,-0.110649,0.165639,0.249408,0.455169,0.482442,0.22229,-0.110649,0.165639,0.224468,-0.0193178
1029,18.6372,0.341705,0,-0.0578699,0.165626,0.17961,0.456341,0.445427,0.266703,-0.0578699,0.165626,0.161649,-0.00727581
1030,18.6554,0.317338,0,-0.0134971,0.165012,0.119712,0.449787,0.400415,0.298777,-0.0134971,0.165012,0.10774,-0.00113103
1031,18.6735,0.298435,0,0.0226556,0.165157,0.0679579,0.435828,0.351476,0.316482,0.0226556,0.165157,0.0611621,0.00107774
1032,18.6916,0.282469,0,0.0520244,0.165016,0.0224677,0.415498,0.302859,0.319541,0.0520244,0.165016,0.020221,0.00081821
1033,18.7097,0.268107,0,0.0753664,0.167083,-0.0195663,0.390365,0.258216,0.309241,0.0753664,0.167083,-0.0176097,-0.00103225
1034,18.7278,0.252441,0,0.095646,0.171764,-0.0552402,0.362278,0.220099,0.287909,0.095646,0.171764,-0.0497162,-0.00369845
1035,18.7459,0.235911,1,0.113297,0.18112,-0.0860427,0.333095,0.189815,0.258305,0.113297,0.18112,-0.0774384,-0.00682384
1036,18.764,0.219014,1,0.129474,0.195266,-0.112318,0.30447,0.167595,0.223109,0.129474,0.195266,-0.101087,-0.0101796
1037,18.7821,0.203409,1,0.145215,0.211257,-0.136575,0.277725,0.152918,0.184614,0.145215,0.211257,-0.122918,-0.0138829
1038,18.8003,0.188516,1,0.162668,0.231447,-0.156734,0.253802,0.144859,0.144616,0.162668,0.231447,-0.141061,-0.0178469
1039,18.8184,0.174556,1,0.181455,0.257344,-0.170342,0.233293,0.142371,0.104437,0.181455,0.257344,-0.153308,-0.0216366
1040,18.8365,0.16247,1,0.201195,0.286192,-0.177617,0.216493,0.144473,0.0650162,0.201195,0.286192,-0.159856,-0.025015
1041,18.8546,0.152576,1,0.222514,0.316681,-0.177458,0.203485,0.150355,0.027021,0.222514,0.316681,-0.159712,-0.0276407
1042,18.8727,0.146473,1,0.245653,0.349032,-0.169559,0.194206,0.159413,-0.00905777,0.245653,0.349032,-0.152603,-0.0291569
1043,18.8908,0.145187,1,0.270284,0.38159,-0.153764,0.188515,0.171247,-0.0428266,0.270284,0.38159,-0.138388,-0.0290921
1044,18.9089,0.150722,1,0.296941,0.416022,-0.127031,0.186243,0.185635,-0.0739309,0.296941,0.416022,-0.114328,-0.0264044
1045,18.927,0.163805,1,0.324855,0.450332,-0.0905938,0.187222,0.202495,-0.102011,0.324855,0.450332,-0.0815344,-0.0206009
1046,18.9452,0.182425,1,0.353696,0.479498,-0.0425018,0.191313,0.221848,-0.12667,0.353696,0.479498,-0.0382517,-0.0105229
1047,18.9633,0.205104,1,0.382431,0.500817,0.0146218,0.198409,0.243768,-0.147442,0.382431,0.500817,0.0131596,0.00391427
1048,18.9814,0.229052,1,0.408309,0.5105,0.0787242,0.20844,0.268339,-0.163774,0.408309,0.5105,0.0708518,0.0225006
1049,18.9995,0.254089,0,0.430888,0.507256,0.149006,0.221358,0.295598,-0.175003,0.430888,0.507256,0.134105,0.0449434
1050,19.0176,0.275697,0,0.446295,0.487432,0.217194,0.237123,0.325467,-0.180349,0.446295,0.487432,0.195474,0.0678528
1051,19.0357,0.292043,0,0.453258,0.451939,0.277083,0.255669,0.357674,-0.178922,0.453258,0.451939,0.249375,0.0879133
1052,19.0538,0.302402,0,0.451616,0.403034,0.32388,0.276869,0.391652,-0.169753,0.451616,0.403034,0.291492,0.102389
1053,19.0719,0.307364,0,0.44098,0.347635,0.355539,0.300478,0.426432,-0.151875,0.44098,0.347635,0.319985,0.10975
1054,19.09,0.306359,0,0.421555,0.290168,0.368925,0.326076,0.460539,-0.124457,0.421555,0.290168,0.332032,0.108865
1055,19.1082,0.301276,0,0.395819,0.234894,0.365087,0.352996,0.491923,-0.0870235,0.395819,0.234894,0.328578,0.101156
1056,19.1263,0.29578,0,0.365301,0.184683,0.349026,0.38027,0.517986,-0.0397433,0.365301,0.184683,0.314124,0.0892498
1057,19.1444,0.29078,0,0.331862,0.142374,0.32173,0.406594,0.535758,0.016241,0.331862,0.142374,0.289557,0.0747389
1058,19.1625,0.28654,0,0.297887,0.111084,0.285507,0.430355,0.542281,0.0785334,0.297887,0.111084,0.256956,0.0595342
1059,19.1806,0.284036,0,0.265709,0.0898844,0.242662,0.449745,0.535201,0.143395,0.265709,0.0898844,0.218396,0.0451342
1060,19.1987,0.283733,0,0.236195,0.0775284,0.19859,0.462967,0.513456,0.205995,0.236195,0.0775284,0.178731,0.0328343
1061,19.2168,0.285397,0,0.209956,0.0706137,0.153022,0.468523,0.477829,0.261065,0.209956,0.0706137,0.13772,0.0224895
1062,19.2349,0.286382,0,0.187955,0.0691367,0.108958,0.465518,0.431099,0.303856,0.187955,0.0691367,0.098062,0.0143354
1063,19.2531,0.285614,0,0.170147,0.0711357,0.0659804,0.453883,0.377627,0.33109,0.170147,0.0711357,0.0593823,0.00785846
1064,19.2712,0.281628,0,0.15673,0.0785244,0.0232474,0.434431,0.322469,0.341551,0.15673,0.0785244,0.0209227,0.0025505
1065,19.2893,0.274665,0,0.147134,0.0879036,-0.0169192,0.408725,0.270333,0.336084,0.147134,0.0879036,-0.0152273,-0.00174258
1066,19.3074,0.265093,0,0.140316,0.0984976,-0.0544013,0.378802,0.224766,0.317087,0.140316,0.0984976,-0.0489612,-0.00534335
1067,19.3255,0.253558,0,0.136549,0.110763,-0.0900517,0.346828,0.1878,0.287735,0.136549,0.110763,-0.0810465,-0.00860753
1068,19.3436,0.240001,1,0.136703,0.127016,-0.122883,0.314812,0.160039,0.251266,0.136703,0.127016,-0.110595,-0.0117589
1069,19.3617,0.225297,1,0.140478,0.147253,-0.152153,0.284399,0.141034,0.210509,0.140478,0.147253,-0.136938,-0.0149619
1070,19.3798,0.210148,1,0.14717,0.169204,-0.177154,0.256794,0.129732,0.16768,0.14717,0.169204,-0.159439,-0.0182503
1071,19.398,0.195195,1,0.156627,0.193546,-0.197779,0.232766,0.124855,0.124381,0.156627,0.193546,-0.178001,-0.0216843
1072,19.4161,0.181292,1,0.168785,0.220265,-0.214305,0.212712,0.125172,0.0817154,0.168785,0.220265,-0.192875,-0.0253201
1073,19.4342,0.168981,1,0.184185,0.250341,-0.225923,0.196755,0.129643,0.0404183,0.184185,0.250341,-0.20333,-0.029128
1074,19.4523,0.15932,1,0.202751,0.284445,-0.231878,0.184825,0.137478,0.000991346,0.202751,0.284445,-0.208691,-0.0329095
1075,19.4704,0.152862,1,0.224524,0.322275,-0.229839,0.176749,0.148145,-0.0361998,0.224524,0.322275,-0.206855,-0.0361231
1076,19.4885,0.150806,1,0.249364,0.36261,-0.218424,0.172311,0.161333,-0.0708515,0.249364,0.36261,-0.196582,-0.038127
1077,19.5066,0.155211,1,0.277111,0.404933,-0.197976,0.171292,0.176919,-0.10267,0.277111,0.404933,-0.178178,-0.0384029
1078,19.5247,0.166269,1,0.307614,0.447564,-0.164846,0.173509,0.194921,-0.131333,0.307614,0.447564,-0.148361,-0.0354961
1079,19.5428,0.184771,1,0.340477,0.488971,-0.118017,0.178822,0.215454,-0.156458,0.340477,0.488971,-0.106216,-0.0281275
1080,19.561,0.209097,1,0.374756,0.524362,-0.0577637,0.187144,0.238685,-0.177578,0.374756,0.524362,-0.0519873,-0.0151531
1081,19.5791,0.237169,1,0.408067,0.549889,0.0144971,0.198434,0.264786,-0.194112,0.408067,0.549889,0.0130474,0.00414106
1082,19.5972,0.265684,0,0.437257,0.558163,0.0971191,0.212688,0.293873,-0.205344,0.437257,0.558163,0.0874072,0.0297262
1083,19.6153,0.292899,0,0.46055,0.545353,0.184601,0.229912,0.325942,-0.210411,0.46055,0.545353,0.166141,0.0595126
1084,19.6334,0.317588,0,0.476921,0.513623,0.268956,0.25009,0.360769,-0.208296,0.476921,0.513623,0.242061,0.0897896
1085,19.6515,0.33545,0,0.483598,0.464324,0.339596,0.273141,0.3978,-0.197864,0.483598,0.464324,0.305636,0.11496
1086,19.6696,0.344983,0,0.477733,0.398489,0.390948,0.298857,0.436015,-0.177941,0.477733,0.398489,0.351853,0.130738
1087,19.6877,0.347351,0,0.458463,0.321727,0.419547,0.326828,0.473792,-0.147468,0.458463,0.321727,0.377592,0.134643
1088,19.7059,0.343707,0,0.429357,0.247263,0.42403,0.356357,0.508802,-0.105755,0.429357,0.247263,0.381627,0.127442
1089,19.724,0.336795,0,0.392096,0.178623,0.40661,0.386388,0.538017,-0.0528428,0.392096,0.178623,0.365949,0.111601
1090,19.7421,0.330159,0,0.351288,0.122114,0.37475,0.415451,0.557901,0.0100762,0.351288,0.122114,0.337275,0.0921517
1091,19.7602,0.324688,0,0.308979,0.0807074,0.333719,0.441693,0.564878,0.0802783,0.308979,0.0807074,0.300347,0.0721784
1092,19.7783,0.319744,0,0.26927,0.0537771,0.283244,0.462999,0.556082,0.153367,0.26927,0.0537771,0.25492,0.0533884
1093,19.7964,0.31877,0,0.231243,0.0359834,0.229101,0.477254,0.530242,0.223576,0.231243,0.0359834,0.20619,0.0370845
1094,19.8145,0.319925,0,0.197263,0.0263412,0.174743,0.482709,0.488405,0.284617,0.197263,0.0263412,0.157268,0.0241292
1095,19.8326,0.320498,0,0.16927,0.0225025,0.12307,0.478354,0.434107,0.330929,0.16927,0.0225025,0.110763,0.0145824
1096,19.8508,0.318122,0,0.146818,0.0246491,0.0730819,0.464197,0.372773,0.358886,0.146818,0.0246491,0.0657737,0.00751083
1097,19.8689,0.311811,0,0.129177,0.0311395,0.0266084,0.441313,0.310523,0.367482,0.129177,0.0311395,0.0239476,0.00240603
1098,19.887,0.302029,0,0.115743,0.0402247,-0.0171612,0.411647,0.252823,0.358215,0.115743,0.0402247,-0.0154451,-0.0013904
1099,19.9051,0.289551,0,0.106523,0.0499457,-0.0586545,0.377643,0.20353,0.334315,0.106523,0.0499457,-0.052789,-0.00437362
1100,19.9232,0.275771,0,0.10007,0.0592915,-0.0985505,0.34182,0.164572,0.299722,0.10007,0.0592915,-0.0886954,-0.00690338
1101,19.9413,0.260887,0,0.0962216,0.0699564,-0.13626,0.306426,0.136192,0.258219,0.0962216,0.0699564,-0.122634,-0.00917781
1102,19.9594,0.244531,1,0.0961852,0.084126,-0.170384,0.273228,0.117487,0.212929,0.0961852,0.084126,-0.153345,-0.0114719
1103,19.9775,0.228177,1,0.0989174,0.100318,-0.201615,0.243449,0.106979,0.166162,0.0989174,0.100318,-0.181453,-0.0139602
1104,19.9956,0.212448,1,0.103914,0.117989,-0.230093,0.217804,0.103063,0.11949,0.103914,0.117989,-0.207084,-0.0167368
1105,20.0138,0.197073,1,0.111769,0.138907,-0.254898,0.1966,0.104285,0.073916,0.111769,0.138907,-0.229408,-0.0199428
1106,20.0319,0.182682,1,0.122506,0.16384,-0.276326,0.179847,0.109476,0.0300633,0.122506,0.16384,-0.248693,-0.0236961
1107,20.05,0.169337,1,0.136442,0.193187,-0.293429,0.167375,0.117787,-0.0116791,0.136442,0.193187,-0.264087,-0.0280253
1108,20.0681,0.15706,1,0.153505,0.225987,-0.305023,0.158918,0.128675,-0.051045,0.153505,0.225987,-0.27452,-0.0327757
1109,20.0862,0.147123,1,0.173273,0.262051,-0.311698,0.154184,0.141849,-0.0878175,0.173273,0.262051,-0.280528,-0.0378062
1110,20.1043,0.140413,1,0.196069,0.302664,-0.311865,0.152903,0.157228,-0.121779,0.196069,0.302664,-0.280678,-0.0428029
1111,20.1224,0.138385,1,0.222779,0.348535,-0.303289,0.154853,0.174886,-0.152678,0.222779,0.348535,-0.27296,-0.0472965
1112,20.1405,0.141936,1,0.253338,0.397962,-0.282731,0.159878,0.195011,-0.180196,0.253338,0.397962,-0.254458,-0.0501387
1113,20.1587,0.15281,1,0.288122,0.449243,-0.249289,0.167891,0.217857,-0.203924,0.288122,0.449243,-0.22436,-0.050278
1114,20.1768,0.171495,1,0.325399,0.500975,-0.199353,0.17887,0.24371,-0.223333,0.325399,0.500975,-0.179417,-0.0454083
1115,20.1949,0.197261,1,0.36494,0.548218,-0.131531,0.192847,0.27283,-0.237745,0.36494,0.548218,-0.118378,-0.0336006
1116,20.213,0.228302,1,0.405639,0.586493,-0.0487384,0.20989,0.305394,-0.246303,0.405639,0.586493,-0.0438646,-0.0138391
1117,20.2311,0.262284,0,0.445114,0.610818,0.0479396,0.230072,0.341407,-0.247955,0.445114,0.610818,0.0431456,0.014937
1118,20.2492,0.294381,0,0.478388,0.610158,0.154367,0.253427,0.380583,-0.241447,0.478388,0.610158,0.13893,0.051693
1119,20.2673,0.322721,0,0.502117,0.577481,0.263452,0.279893,0.4222,-0.225375,0.502117,0.577481,0.237107,0.0925986
1120,20.2854,0.344065,0,0.514795,0.520448,0.358312,0.309234,0.464912,-0.198288,0.514795,0.520448,0.322481,0.12912
1121,20.3036,0.356894,0,0.512344,0.442098,0.431492,0.34094,0.506576,-0.158917,0.512344,0.442098,0.388343,0.15475
1122,20.3217,0.361035,0,0.4935,0.347482,0.474937,0.374119,0.544131,-0.10654,0.4935,0.347482,0.427444,0.164067
1123,20.3398,0.357304,0,0.4612,0.252961,0.485076,0.407403,0.573644,-0.0414842,0.4612,0.252961,0.436568,0.156602
1124,20.3579,0.349939,0,0.417985,0.167464,0.467704,0.4389,0.590657,0.0342961,0.417985,0.167464,0.420934,0.136845
1125,20.376,0.34247,0,0.369141,0.096552,0.429844,0.466261,0.590935,0.116777,0.369141,0.096552,0.38686,0.111071
1126,20.3941,0.33728,0,0.317358,0.0427173,0.381073,0.486901,0.571571,0.199848,0.317358,0.0427173,0.342966,0.0846555
1127,20.4122,0.332111,0,0.267726,0.00734794,0.323558,0.498394,0.532156,0.275998,0.267726,0.00734794,0.291202,0.0606376
1128,20.4303,0.327266,0,0.222121,-0.0131431,0.260939,0.498977,0.47549,0.337737,0.222121,-0.0131431,0.234845,0.0405721
1129,20.4484,0.322277,0,0.181298,-0.0234887,0.200691,0.488003,0.407331,0.379337,0.181298,-0.0234887,0.180622,0.0254694
1130,20.4666,0.315645,0,0.1472,-0.0274963,0.141907,0.466168,0.335112,0.398169,0.1472,-0.0274963,0.127716,0.0146221
1131,20.4847,0.305847,0,0.119142,-0.0265213,0.0868559,0.435403,0.266116,0.395027,0.119142,-0.0265213,0.0781704,0.00724376
1132,20.5028,0.293274,0,0.0965065,-0.0224058,0.0346593,0.398464,0.205902,0.373372,0.0965065,-0.0224058,0.0311934,0.0023414
1133,20.5209,0.278041,0,0.079456,-0.0150434,-0.0146052,0.358389,0.157559,0.337991,0.079456,-0.0150434,-0.0131447,-0.00081233
1134,20.539,0.261079,0,0.0670135,-0.00593028,-0.0600845,0.318,0.12183,0.293708,0.0670135,-0.00593028,-0.054076,-0.00281853
1135,20.5571,0.244123,1,0.0577703,0.00222366,-0.102511,0.279573,0.0977805,0.244564,0.0577703,0.00222366,-0.09226,-0.00414547
1136,20.5752,0.228275,1,0.0508564,0.00969573,-0.143065,0.244705,0.0835896,0.193522,0.0508564,0.00969573,-0.128759,-0.00509304
1137,20.5933,0.213306,1,0.0470609,0.0172682,-0.181383,0.214346,0.0771904,0.142535,0.0470609,0.0172682,-0.163245,-0.00597524
1138,20.6115,0.199833,1,0.0460883,0.0268917,-0.218543,0.188908,0.076678,0.0927827,0.0460883,0.0268917,-0.196689,-0.00705059
1139,20.6296,0.187103,1,0.0472841,0.0376271,-0.252585,0.168414,0.0805054,0.0449232,0.0472841,0.0376271,-0.227327,-0.00836029
1140,20.6477,0.175625,1,0.0498086,0.049579,-0.284447,0.152644,0.0875367,-0.000693278,0.0498086,0.049579,-0.256002,-0.00991754
1141,20.6658,0.164825,1,0.0542665,0.0637908,-0.313754,0.141245,0.0970216,-0.0438797,0.0542665,0.0637908,-0.282378,-0.0119184
1142,20.6839,0.155193,1,0.0604961,0.0796876,-0.341511,0.133827,0.108536,-0.084518,0.0604961,0.0796876,-0.30736,-0.0144621
1143,20.702,0.145818,1,0.0688519,0.0977112,-0.366352,0.130015,0.121914,-0.122503,0.0688519,0.0977112,-0.329717,-0.0176568
1144,20.7201,0.136286,1,0.0791425,0.118531,-0.387569,0.129496,0.137192,-0.157704,0.0791425,0.118531,-0.348812,-0.0214712
1145,20.7382,0.12702,1,0.0916706,0.143279,-0.405921,0.132031,0.154552,-0.189945,0.0916706,0.143279,-0.365329,-0.0260477
1146,20.7564,0.117833,1,0.106579,0.17162,-0.420696,0.137471,0.174286,-0.218973,0.106579,0.17162,-0.378627,-0.0313861
1147,20.7745,0.108599,1,0.124571,0.205032,-0.43116,0.145753,0.196759,-0.244441,0.124571,0.205032,-0.388044,-0.0375969
1148,20.7926,0.0990808,1,0.14575,0.244384,-0.435705,0.156895,0.222377,-0.265874,0.14575,0.244384,-0.392134,-0.0444529
1149,20.8107,0.0899252,1,0.170923,0.290348,-0.43348,0.170988,0.251551,-0.282635,0.170923,0.290348,-0.390132,-0.0518642
1150,20.8288,0.0820722,1,0.200414,0.342884,-0.42298,0.188177,0.284642,-0.293885,0.200414,0.342884,-0.380682,-0.0593399
1151,20.8469,0.0777453,1,0.23506,0.403101,-0.402653,0.208636,0.321885,-0.298543,0.23506,0.403101,-0.362387,-0.0662531
1152,20.865,0.0780534,1,0.275699,0.469927,-0.366245,0.232527,0.363276,-0.29526,0.275699,0.469927,-0.32962,-0.0706812
1153,20.8831,0.0840806,1,0.321003,0.53824,-0.307429,0.259952,0.408411,-0.282414,0.321003,0.53824,-0.276686,-0.0690797
1154,20.9012,0.0974765,1,0.368965,0.601981,-0.223918,0.290863,0.45627,-0.258173,0.368965,0.601981,-0.201526,-0.0578325
1155,20.9194,0.118601,1,0.419321,0.655985,-0.118269,0.324962,0.504963,-0.220675,0.419321,0.655985,-0.106442,-0.0347149
1156,20.9375,0.145731,1,0.471318,0.695708,0.00730816,0.361556,0.551476,-0.168368,0.471318,0.695708,0.00657734,0.00241112
1157,20.9556,0.172109,1,0.517704,0.701124,0.150154,0.399418,0.591545,-0.100576,0.517704,0.701124,0.135139,0.0544149
1158,20.9737,0.194832,1,0.549485,0.658867,0.297366,0.436661,0.61981,-0.0182657,0.549485,0.658867,0.26763,0.114379
1159,20.9918,0.213209,1,0.564858,0.575701,0.428012,0.470715,0.630494,0.0751552,0.564858,0.575701,0.385211,0.169237
1160,21.0099,0.223918,1,0.559961,0.461469,0.522554,0.498483,0.618678,0.173377,0.559961,0.461469,0.470298,0.204827
1161,21.028,0.229187,1,0.533238,0.330563,0.574295,0.516756,0.581998,0.267556,0.533238,0.330563,0.516866,0.214365
1162,21.0461,0.227836,1,0.48867,0.204277,0.579212,0.522835,0.522112,0.347823,0.48867,0.204277,0.521291,0.19813
1163,21.0643,0.223072,1,0.429267,0.0948306,0.544409,0.515229,0.445041,0.405679,0.429267,0.0948306,0.489968,0.163588
1164,21.0824,0.217862,1,0.363569,0.00953541,0.487096,0.494127,0.35991,0.436271,0.363569,0.00953541,0.438387,0.123965
1165,21.1005,0.210817,1,0.29668,-0.0487839,0.41968,0.461441,0.276477,0.439441,0.29668,-0.0487839,0.377712,0.0871576
1166,21.1186,0.201482,1,0.234379,-0.0826558,0.342906,0.420358,0.202645,0.419062,0.234379,-0.0826558,0.308615,0.056259
1167,21.1367,0.192084,1,0.178047,-0.101314,0.270153,0.374629,0.143042,0.381217,0.178047,-0.101314,0.243138,0.03367
1168,21.1548,0.182487,1,0.129872,-0.109857,0.201486,0.32784,0.0989739,0.332263,0.129872,-0.109857,0.181338,0.0183172
1169,21.1729,0.172982,1,0.0892895,-0.11152,0.137609,0.282922,0.0693102,0.277521,0.0892895,-0.11152,0.123848,0.00860094
1170,21.191,0.164039,1,0.0557507,-0.108937,0.0783898,0.241933,0.0516303,0.220798,0.0557507,-0.108937,0.0705508,0.0030592
1171,21.2092,0.155525,1,0.0303312,-0.104478,0.0234774,0.206073,0.0431623,0.164478,0.0303312,-0.104478,0.0211297,0.000498469
1172,21.2273,0.149014,1,0.00980866,-0.100542,-0.0276429,0.175838,0.0413646,0.10988,0.00980866,-0.100542,-0.0248787,-0.000189798
1173,21.2454,0.143306,1,-0.00555692,-0.0967821,-0.0733555,0.151218,0.0441891,0.0576341,-0.00555692,-0.0967821,-0.06602,0.000285341
1174,21.2635,0.140112,1,-0.0185712,-0.0946263,-0.115711,0.131884,0.0501387,0.00798393,-0.0185712,-0.0946263,-0.10414,0.00150422
1175,21.2816,0.139345,1,-0.0285437,-0.0942584,-0.156148,0.117344,0.0582172,-0.0390199,-0.0285437,-0.0942584,-0.140533,0.00311993
1176,21.2997,0.141394,1,-0.0372397,-0.0961693,-0.194114,0.107055,0.0678391,-0.0834012,-0.0372397,-0.0961693,-0.174702,0.00506011
1177,21.3178,0.146634,1,-0.0459533,-0.101446,-0.228114,0.100496,0.0787354,-0.125197,-0.0459533,-0.101446,-0.205303,0.00733781
1178,21.3359,0.154538,1,-0.0537722,-0.107783,-0.261299,0.0972171,0.0908728,-0.164425,-0.0537722,-0.107783,-0.235169,0.00983544
1179,21.354,0.164708,1,-0.0602702,-0.11506,-0.293471,0.0968586,0.104391,-0.201068,-0.0602702,-0.11506,-0.264124,0.0123813
1180,21.3722,0.178495,1,-0.0678657,-0.124951,-0.323924,0.0991651,0.119559,-0.235058,-0.0678657,-0.124951,-0.291532,0.0153883
1181,21.3903,0.196488,1,-0.0767606,-0.138887,-0.351026,0.103985,0.136739,-0.266267,-0.0767606,-0.138887,-0.315923,0.0188615
1182,21.4084,0.218776,1,-0.0868556,-0.15639,-0.375187,0.111269,0.156376,-0.294484,-0.0868556,-0.15639,-0.337668,0.022811
1183,21.4265,0.245268,1,-0.0979897,-0.176552,-0.397423,0.12106,0.178972,-0.319394,-0.0979897,-0.176552,-0.357681,0.0272604
1184,21.4446,0.276039,0,-0.110585,-0.19891,-0.416784,0.133493,0.205077,-0.340542,-0.110585,-0.19891,-0.375105,0.0322631
1185,21.4627,0.312369,0,-0.12499,-0.225304,-0.432467,0.148778,0.235264,-0.357288,-0.12499,-0.225304,-0.38922,0.0378379
1186,21.4808,0.356076,0,-0.142501,-0.257804,-0.444856,0.16719,0.270088,-0.368756,-0.142501,-0.257804,-0.40037,0.0443748
1187,21.4989,0.407495,0,-0.163486,-0.2964,-0.452089,0.18905,0.310017,-0.373766,-0.163486,-0.2964,-0.40688,0.0517372
1188,21.5171,0.467185,0,-0.188625,-0.341453,-0.452258,0.214686,0.355315,-0.370777,-0.188625,-0.341453,-0.407032,0.0597149
1189,21.5352,0.53473,0,-0.217899,-0.392166,-0.443017,0.244384,0.40586,-0.357834,-0.217899,-0.392166,-0.398715,0.0675731
1190,21.5533,0.610512,0,-0.251414,-0.449813,-0.423324,0.278297,0.460872,-0.332589,-0.251414,-0.449813,-0.380991,0.0745007
1191,21.5714,0.694198,0,-0.290372,-0.515101,-0.388436,0.316322,0.518552,-0.292426,-0.290372,-0.515101,-0.349592,0.0789535
1192,21.5895,0.782107,0,-0.334637,-0.584397,-0.333267,0.357918,0.575667,-0.234821,-0.334637,-0.584397,-0.29994,0.0780663
1193,21.6076,0.868929,0,-0.383574,-0.652877,-0.255741,0.401895,0.627203,-0.15802,-0.383574,-0.652877,-0.230167,0.0686669
1194,21.6257,0.947317,0,-0.435535,-0.714335,-0.154611,0.446194,0.666325,-0.0620978,-0.435535,-0.714335,-0.13915,0.0471371
1195,21.6438,1.00521,0,-0.48741,-0.755046,-0.0311327,0.487765,0.685042,0.0497364,-0.48741,-0.755046,-0.0280194,0.0106221
1196,21.662,1.03259,0,-0.534528,-0.765588,0.113161,0.522677,0.675866,0.170107,-0.534528,-0.765588,0.101845,-0.0423414
1197,21.6801,1.02189,0,-0.571874,-0.737151,0.261952,0.546601,0.63439,0.287545,-0.571874,-0.737151,0.235757,-0.104863
1198,21.6982,0.971019,0,-0.593349,-0.66627,0.396934,0.555691,0.561846,0.388438,-0.593349,-0.66627,0.35724,-0.164864
1199,21.7163,0.885443,0,-0.593904,-0.557221,0.502408,0.547647,0.46608,0.460671,-0.593904,-0.557221,0.452167,-0.208867
1200,21.7344,0.777797,0,-0.570902,-0.424203,0.56573,0.52251,0.359816,0.497398,-0.570902,-0.424203,0.509157,-0.226083
1201,21.7525,0.666784,0,-0.529064,-0.29386,0.581368,0.482775,0.256747,0.498809,-0.529064,-0.29386,0.523231,-0.215307
1202,21.7706,0.562595,0,-0.472891,-0.182368,0.554236,0.432735,0.167561,0.470989,-0.472891,-0.182368,0.498812,-0.183465
1203,21.7887,0.46882,0,-0.408208,-0.0923121,0.500748,0.377379,0.0978608,0.422877,-0.408208,-0.0923121,0.450673,-0.143087
1204,21.8068,0.387289,0,-0.34133,-0.0292896,0.432604,0.321336,0.048416,0.363227,-0.34133,-0.0292896,0.389344,-0.103363
1205,21.825,0.317023,0,-0.277639,0.0119731,0.358307,0.268208,0.0167857,0.298822,-0.277639,0.0119731,0.322476,-0.069636
1206,21.8431,0.256407,0,-0.219802,0.0323159,0.283063,0.220347,-0.000876652,0.234052,-0.219802,0.0323159,0.254757,-0.0435524
1207,21.8612,0.204543,1,-0.169056,0.0424443,0.213796,0.178954,-0.00851962,0.171313,-0.169056,0.0424443,0.192416,-0.0253005
1208,21.8793,0.161374,1,-0.126864,0.0460027,0.150229,0.144347,-0.0095114,0.111656,-0.126864,0.0460027,0.135206,-0.0133411
1209,21.8974,0.125829,1,-0.0925107,0.0442574,0.0921214,0.116249,-0.00641664,0.0553707,-0.0925107,0.0442574,0.0829093,-0.00596555
1210,21.9155,0.0971903,1,-0.0656457,0.0398011,0.036594,0.0940418,-0.0010273,0.00237721,-0.0656457,0.0398011,0.0329346,-0.00168157
1211,21.9336,0.0741569,1,-0.0440591,0.0335663,-0.0149031,0.0769575,0.00550218,-0.0475397,-0.0440591,0.0335663,-0.0134128,0.000459632
1212,21.9517,0.0566921,1,-0.0271991,0.0299243,-0.063255,0.0642046,0.0124992,-0.0946187,-0.0271991,0.0299243,-0.0569295,0.00120434
1213,21.9699,0.0435451,1,-0.0134244,0.0287512,-0.108793,0.0550477,0.0196341,-0.139075,-0.0134244,0.0287512,-0.097914,0.00102234
1214,21.988,0.0341605,1,-0.00191206,0.0295254,-0.150808,0.048848,0.0268114,-0.181088,-0.00191206,0.0295254,-0.135727,0.000201848
1215,22.0061,0.0284178,1,0.00689285,0.03074,-0.189927,0.0450807,0.0340897,-0.2208,0.00689285,0.03074,-0.170934,-0.000916396
1216,22.0242,0.0249248,1,0.0142944,0.0329834,-0.227576,0.043337,0.0416284,-0.258325,0.0142944,0.0329834,-0.204818,-0.00227714
1217,22.0423,0.0222432,1,0.0217013,0.0384801,-0.263881,0.0433176,0.0496539,-0.29375,0.0217013,0.0384801,-0.237493,-0.00400858
1218,22.0604,0.0206489,1,0.0289009,0.0463451,-0.297482,0.0448234,0.0584416,-0.327135,0.0289009,0.0463451,-0.267734,-0.00601825
1219,22.0785,0.0198452,1,0.0364902,0.056193,-0.328381,0.047745,0.0683087,-0.358515,0.0364902,0.056193,-0.295543,-0.00838787
1220,22.0966,0.0195302,1,0.0444272,0.0679707,-0.357063,0.0520547,0.0796151,-0.387893,0.0444272,0.0679707,-0.321356,-0.0111043
1221,22.1148,0.0202555,1,0.0528017,0.0820409,-0.382206,0.057799,0.0927698,-0.415233,0.0528017,0.0820409,-0.343985,-0.0141268
1222,22.1329,0.0219799,1,0.062294,0.0988518,-0.403656,0.065096,0.108241,-0.440443,0.062294,0.0988518,-0.36329,-0.0176017
1223,22.151,0.023971,1,0.073778,0.119895,-0.422381,0.0741332,0.126567,-0.463359,0.073778,0.119895,-0.380143,-0.0218137
1224,22.1691,0.0270295,1,0.0880647,0.145426,-0.437078,0.0851697,0.148369,-0.483712,0.0880647,0.145426,-0.393371,-0.0269438
1225,22.1872,0.0307118,1,0.104527,0.175653,-0.44825,0.0985384,0.174358,-0.50109,0.104527,0.175653,-0.403425,-0.0327981
1226,22.2053,0.0349114,1,0.123429,0.21088,-0.455308,0.114649,0.205337,-0.514878,0.123429,0.21088,-0.409777,-0.0393387
1227,22.2234,0.0398155,1,0.146326,0.252829,-0.457171,0.133991,0.242177,-0.52418,0.146326,0.252829,-0.411454,-0.0468274
1228,22.2415,0.0453815,1,0.173945,0.302474,-0.452773,0.157123,0.285775,-0.527717,0.173945,0.302474,-0.407496,-0.0551304
1229,22.2596,0.0522126,1,0.206246,0.359962,-0.438942,0.184664,0.336941,-0.523693,0.206246,0.359962,-0.395048,-0.063371
1230,22.2778,0.0601342,1,0.24289,0.424855,-0.412862,0.217241,0.396205,-0.509659,0.24289,0.424855,-0.371575,-0.070196
1231,22.2959,0.0692639,1,0.285687,0.494012,-0.370385,0.255414,0.463464,-0.48238,0.285687,0.494012,-0.333347,-0.0740699
1232,22.314,0.0803509,1,0.334482,0.565227,-0.306012,0.29952,0.537452,-0.437826,0.334482,0.565227,-0.275411,-0.071649
1233,22.3321,0.0926002,1,0.386153,0.631562,-0.216169,0.349441,0.614964,-0.371415,0.386153,0.631562,-0.194552,-0.0584321
1234,22.3502,0.105837,1,0.439008,0.6854,-0.0988498,0.404244,0.689957,-0.27878,0.439008,0.6854,-0.0889648,-0.0303771
1235,22.3683,0.117988,1,0.489939,0.713987,0.0412778,0.461745,0.752844,-0.157365,0.489939,0.713987,0.0371501,0.0141566
1236,22.3864,0.128837,1,0.53438,0.707664,0.197559,0.518092,0.790731,-0.00891562,0.53438,0.707664,0.177803,0.0739002
1237,22.4045,0.135707,1,0.566664,0.658084,0.352514,0.567638,0.789637,0.157727,0.566664,0.658084,0.317263,0.13983
1238,22.4227,0.137569,1,0.5773,0.560528,0.480724,0.603482,0.739247,0.325324,0.5773,0.560528,0.432652,0.194265
1239,22.4408,0.138626,1,0.56411,0.42764,0.570958,0.618928,0.638875,0.470823,0.56411,0.42764,0.513862,0.225458
1240,22.4589,0.13291,1,0.529843,0.28745,0.605787,0.609576,0.500837,0.572564,0.529843,0.28745,0.545209,0.224681
1241,22.477,0.123765,1,0.477376,0.158617,0.592069,0.575097,0.347538,0.618764,0.477376,0.158617,0.532862,0.197847
1242,22.4951,0.114189,1,0.411893,0.0512162,0.544497,0.519574,0.202962,0.611547,0.411893,0.0512162,0.490048,0.156992
1243,22.5132,0.103687,1,0.340897,-0.029851,0.47827,0.450142,0.084145,0.563847,0.340897,-0.029851,0.430443,0.114129
1244,22.5313,0.0921863,1,0.271122,-0.0826641,0.401211,0.374764,-0.0022877,0.492276,0.271122,-0.0826641,0.361089,0.0761439
1245,22.5494,0.0799838,1,0.207237,-0.110509,0.322757,0.300306,-0.0582448,0.411067,0.207237,-0.110509,0.290481,0.0468209
1246,22.5676,0.0669816,1,0.1527,-0.123029,0.251109,0.23157,-0.0900767,0.329551,0.1527,-0.123029,0.225998,0.026841
1247,22.5857,0.0567132,1,0.106178,-0.127593,0.182395,0.171205,-0.105096,0.252498,0.106178,-0.127593,0.164155,0.0135564
1248,22.6038,0.0483988,1,0.0659812,-0.127378,0.120092,0.120122,-0.109676,0.181597,0.0659812,-0.127378,0.108083,0.00554668
1249,22.6219,0.0415942,1,0.033841,-0.124587,0.0622979,0.0780564,-0.108626,0.116892,0.033841,-0.124587,0.0560681,0.00147576
1250,22.64,0.0366172,1,0.00824923,-0.122531,0.00834714,0.0440638,-0.105264,0.0577599,0.00824923,-0.122531,0.00751242,4.82002e-05
1251,22.6581,0.0323143,1,-0.0113555,-0.121326,-0.040733,0.0168842,-0.101725,0.00343679,-0.0113555,-0.121326,-0.0366597,0.000323782
1252,22.6762,0.0284316,1,-0.0276337,-0.120898,-0.084684,-0.0048177,-0.0993135,-0.046755,-0.0276337,-0.120898,-0.0762156,0.00163809
1253,22.6943,0.0262419,1,-0.0415538,-0.121997,-0.12735,-0.0223162,-0.0987821,-0.0933368,-0.0415538,-0.121997,-0.114615,0.00370431
1254,22.7124,0.0249095,1,-0.0530958,-0.125904,-0.167527,-0.0367575,-0.100553,-0.136676,-0.0530958,-0.125904,-0.150775,0.00622649
1255,22.7306,0.0241531,1,-0.0643872,-0.133256,-0.203687,-0.0491375,-0.104868,-0.17701,-0.0643872,-0.133256,-0.183318,0.00918039
1256,22.7487,0.0241561,1,-0.0753779,-0.143806,-0.236946,-0.0603073,-0.111896,-0.214469,-0.0753779,-0.143806,-0.213251,0.0125023
1257,22.7668,0.0239596,1,-0.0852656,-0.155284,-0.26902,-0.070993,-0.121797,-0.249093,-0.0852656,-0.155284,-0.242118,0.0160567
1258,22.7849,0.0232698,1,-0.0954707,-0.16874,-0.297691,-0.0818209,-0.134772,-0.28083,-0.0954707,-0.16874,-0.267922,0.0198946
1259,22.803,0.0227359,1,-0.1069,-0.185541,-0.322942,-0.093346,-0.151083,-0.309536,-0.1069,-0.185541,-0.290648,0.0241657
1260,22.8211,0.0237273,1,-0.120193,-0.207916,-0.346432,-0.106077,-0.171067,-0.334949,-0.120193,-0.207916,-0.311789,0.0291472
1261,22.8392,0.0246075,1,-0.135155,-0.234064,-0.365967,-0.120499,-0.195138,-0.356665,-0.135155,-0.234064,-0.32937,0.0346236
1262,22.8573,0.024771,1,-0.152199,-0.263383,-0.380664,-0.137089,-0.223768,-0.374092,-0.152199,-0.263383,-0.342598,0.0405557
1263,22.8755,0.0254503,1,-0.172083,-0.298443,-0.390266,-0.156328,-0.257455,-0.386397,-0.172083,-0.298443,-0.351239,0.0470107
1264,22.8936,0.0272063,1,-0.196168,-0.340415,-0.39316,-0.178697,-0.296656,-0.392439,-0.196168,-0.340415,-0.353844,0.0539877
1265,22.9117,0.0298394,1,-0.224418,-0.389356,-0.387988,-0.204659,-0.341676,-0.390695,-0.224418,-0.389356,-0.349189,0.06095
1266,22.9298,0.0323526,1,-0.256347,-0.443541,-0.371394,-0.234621,-0.392482,-0.379204,-0.256347,-0.443541,-0.334254,0.066644
1267,22.9479,0.0351372,1,-0.291872,-0.502601,-0.340034,-0.268861,-0.448439,-0.35555,-0.291872,-0.502601,-0.30603,0.0694725
1268,22.966,0.0383772,1,-0.332163,-0.563708,-0.290624,-0.307401,-0.507926,-0.316962,-0.332163,-0.563708,-0.261562,0.0675742
1269,22.9841,0.0422966,1,-0.376529,-0.623737,-0.221443,-0.349843,-0.567884,-0.260627,-0.376529,-0.623737,-0.199299,0.0583659
1270,23.0022,0.0461782,1,-0.423342,-0.677206,-0.132339,-0.395131,-0.623378,-0.184339,-0.423342,-0.677206,-0.119105,0.0392174
1271,23.0204,0.0479707,1,-0.46969,-0.712889,-0.0240773,-0.441318,-0.66744,-0.087583,-0.46969,-0.712889,-0.0216696,0.00791622
1272,23.0385,0.0485035,1,-0.51205,-0.723036,0.10024,-0.485386,-0.691578,0.0270471,-0.51205,-0.723036,0.0902156,-0.0359294
1273,23.0566,0.0462935,1,-0.545802,-0.701508,0.228205,-0.5233,-0.687377,0.152553,-0.545802,-0.701508,0.205384,-0.0871882
1274,23.0747,0.0418103,1,-0.567533,-0.646613,0.347606,-0.550446,-0.649217,0.277282,-0.567533,-0.646613,0.312846,-0.138095
1275,23.0928,0.0353865,1,-0.570997,-0.559069,0.444599,-0.562532,-0.577256,0.386684,-0.570997,-0.559069,0.400139,-0.177705
1276,23.1109,0.0289711,1,-0.554894,-0.448889,0.507284,-0.556752,-0.478944,0.467144,-0.554894,-0.448889,0.456555,-0.197042
1277,23.129,0.0227148,1,-0.522015,-0.336037,0.531269,-0.532752,-0.367566,0.510329,-0.522015,-0.336037,0.478142,-0.194131
1278,23.1471,0.0170871,1,-0.475532,-0.234367,0.519075,-0.492878,-0.25809,0.515579,-0.475532,-0.234367,0.467167,-0.172786
1279,23.1652,0.0155207,1,-0.420244,-0.148669,0.480358,-0.441554,-0.162589,0.489008,-0.420244,-0.148669,0.432323,-0.141308
1280,23.1834,0.0164328,1,-0.361325,-0.0847437,0.423377,-0.38409,-0.0876347,0.440214,-0.361325,-0.0847437,0.381039,-0.107084
1281,23.2015,0.0178492,1,-0.303389,-0.0406753,0.358139,-0.325502,-0.03437,0.378803,-0.303389,-0.0406753,0.322325,-0.0760587
1282,23.2196,0.0197857,1,-0.24983,-0.0152841,0.288752,-0.269728,-0.000264677,0.312266,-0.24983,-0.0152841,0.259877,-0.0504972
1283,23.2377,0.0209179,1,-0.202651,-0.00410307,0.222912,-0.219352,0.0188473,0.24543,-0.202651,-0.00410307,0.200621,-0.0316213
1284,23.2558,0.0204256,1,-0.163215,0.000407549,0.16156,-0.175705,0.0272791,0.180887,-0.163215,0.000407549,0.145404,-0.0184583
1285,23.2739,0.019711,1,-0.130179,0.000386868,0.102918,-0.139146,0.0287128,0.119735,-0.130179,0.000386868,0.0926265,-0.00937848
1286,23.292,0.0191685,1,-0.103827,-0.00382156,0.0486227,-0.109383,0.0259484,0.0622307,-0.103827,-0.00382156,0.0437605,-0.00353386
1287,23.3101,0.0194762,1,-0.0834654,-0.0106243,-0.00344273,-0.0857509,0.0209406,0.0082366,-0.0834654,-0.0106243,-0.00309846,0.000201144
1288,23.3283,0.0194886,1,-0.0670915,-0.0176667,-0.0511983,-0.0674165,0.014953,-0.0425228,-0.0670915,-0.0176667,-0.0460784,0.00240448
1289,23.3464,0.0187751,1,-0.0550659,-0.0230987,-0.0968132,-0.0535211,0.00873199,-0.0903375,-0.0550659,-0.0230987,-0.0871319,0.00373177
1290,23.3645,0.0177812,1,-0.0465688,-0.0276103,-0.140071,-0.0432617,0.0026612,-0.135464,-0.0465688,-0.0276103,-0.126064,0.00456605
1291,23.3826,0.0172304,1,-0.0407082,-0.032396,-0.181382,-0.0359359,-0.00311769,-0.178116,-0.0407082,-0.032396,-0.163244,0.00516861
1292,23.4007,0.0168332,1,-0.0368098,-0.0371561,-0.219632,-0.0309583,-0.00861711,-0.218467,-0.0368098,-0.0371561,-0.197669,0.00565923
1293,23.4188,0.0161192,1,-0.0336999,-0.0412384,-0.256033,-0.0278615,-0.0139435,-0.256659,-0.0336999,-0.0412384,-0.23043,0.0060398
1294,23.4369,0.0160068,1,-0.0320886,-0.0462716,-0.290502,-0.0262877,-0.0192592,-0.29281,-0.0320886,-0.0462716,-0.261451,0.00652526
1295,23.455,0.0158127,1,-0.0318852,-0.0510701,-0.322225,-0.0259769,-0.02476,-0.327021,-0.0318852,-0.0510701,-0.290003,0.00719194
1296,23.4732,0.0152113,1,-0.032604,-0.0553042,-0.352106,-0.0267538,-0.0306648,-0.359374,-0.032604,-0.0553042,-0.316895,0.00803604
1297,23.4913,0.0144392,1,-0.0341765,-0.0596703,-0.3805,-0.0285167,-0.0372129,-0.38994,-0.0341765,-0.0596703,-0.34245,0.00910291
1298,23.5094,0.0135026,1,-0.0362506,-0.0646268,-0.407663,-0.0312277,-0.0446673,-0.418769,-0.0362506,-0.0646268,-0.366897,0.0103446
1299,23.5275,0.0119284,1,-0.0385364,-0.0694496,-0.433502,-0.0349061,-0.0533219,-0.445895,-0.0385364,-0.0694496,-0.390152,0.0116939
1300,23.5456,0.0102049,1,-0.0410713,-0.0748213,-0.457817,-0.0396249,-0.0635116,-0.471323,-0.0410713,-0.0748213,-0.412035,0.0131622
1301,23.5637,0.00930307,1,-0.0443682,-0.0817173,-0.480152,-0.0455092,-0.0756247,-0.495026,-0.0443682,-0.0817173,-0.432137,0.0149124
1302,23.5818,0.00945395,1,-0.0490115,-0.0908312,-0.500998,-0.0527378,-0.0901172,-0.516927,-0.0490115,-0.0908312,-0.450898,0.0171883
1303,23.5999,0.0104965,1,-0.0546285,-0.101989,-0.521009,-0.0615477,-0.107528,-0.536883,-0.0546285,-0.101989,-0.468908,0.0199233
1304,23.618,0.0132308,1,-0.0614152,-0.115225,-0.539427,-0.0722392,-0.128496,-0.554654,-0.0614152,-0.115225,-0.485484,0.0231903
1305,23.6362,0.017618,1,-0.0693939,-0.131431,-0.556347,-0.0851847,-0.153771,-0.569865,-0.0693939,-0.131431,-0.500713,0.027025
1306,23.6543,0.0236209,1,-0.0792268,-0.15108,-0.571536,-0.100836,-0.184225,-0.581942,-0.0792268,-0.15108,-0.514383,0.0316967
1307,23.6724,0.0312983,1,-0.0911626,-0.17506,-0.584872,-0.119732,-0.220841,-0.590035,-0.0911626,-0.17506,-0.526385,0.0373229
1308,23.6905,0.0407191,1,-0.10584,-0.204522,-0.596203,-0.142501,-0.264681,-0.592897,-0.10584,-0.204522,-0.536583,0.0441715
1309,23.7086,0.0526547,1,-0.123624,-0.239823,-0.604746,-0.169849,-0.316795,-0.58874,-0.123624,-0.239823,-0.544271,0.0523329
1310,23.7267,0.0671577,1,-0.145118,-0.282492,-0.608299,-0.202531,-0.378037,-0.575049,-0.145118,-0.282492,-0.547469,0.0617928
1311,23.7448,0.0840745,1,-0.171125,-0.334168,-0.604614,-0.241277,-0.448727,-0.548396,-0.171125,-0.334168,-0.544153,0.0724253
1312,23.7629,0.10351,1,-0.202839,-0.395469,-0.591112,-0.286649,-0.52808,-0.504319,-0.202839,-0.395469,-0.532001,0.0839305
1313,23.7811,0.125272,1,-0.240979,-0.466614,-0.56388,-0.338795,-0.613334,-0.43745,-0.240979,-0.466614,-0.507492,0.095118
1314,23.7992,0.14955,1,-0.2858,-0.546088,-0.519536,-0.397063,-0.6986,-0.342177,-0.2858,-0.546088,-0.467582,0.103938
1315,23.8173,0.174628,1,-0.337985,-0.632278,-0.452424,-0.459465,-0.77375,-0.214278,-0.337985,-0.632278,-0.407182,0.107039
1316,23.8354,0.198392,1,-0.396897,-0.721078,-0.356777,-0.522108,-0.824148,-0.0538291,-0.396897,-0.721078,-0.321099,0.0991224
1317,23.8535,0.219732,1,-0.461155,-0.799147,-0.229318,-0.578859,-0.832638,0.131058,-0.461155,-0.799147,-0.206387,0.0740259
1318,23.8716,0.234917,1,-0.523869,-0.85405,-0.0671771,-0.621753,-0.784978,0.321675,-0.523869,-0.85405,-0.0604594,0.0246344
1319,23.8897,0.241201,1,-0.5814,-0.868498,0.124172,-0.642583,-0.677692,0.490756,-0.5814,-0.868498,0.111755,-0.0505357
1320,23.9078,0.241334,1,-0.627691,-0.826623,0.323174,-0.635494,-0.523627,0.611027,-0.627691,-0.826623,0.290857,-0.141998
1321,23.926,0.237196,1,-0.652556,-0.721555,0.500915,-0.599423,-0.349407,0.666651,-0.652556,-0.721555,0.450823,-0.228812
1322,23.9441,0.230157,1,-0.649213,-0.566778,0.632528,-0.538798,-0.184678,0.659457,-0.649213,-0.566778,0.569275,-0.287452
1323,23.9622,0.216988,1,-0.613273,-0.382507,0.695694,-0.46195,-0.0505508,0.605371,-0.613273,-0.382507,0.626125,-0.298655
1324,23.9803,0.200673,1,-0.55182,-0.209062,0.686373,-0.378289,0.0451837,0.524959,-0.55182,-0.209062,0.617736,-0.265128
1325,23.9984,0.181077,1,-0.472967,-0.0688827,0.626746,-0.295855,0.105454,0.435422,-0.472967,-0.0688827,0.564071,-0.207501
1326,24.0165,0.16089,1,-0.385925,0.0301574,0.543599,-0.220133,0.138418,0.347513,-0.385925,0.0301574,0.489239,-0.146852
1327,24.0346,0.141927,1,-0.300454,0.0931201,0.454403,-0.154008,0.153019,0.266268,-0.300454,0.0931201,0.408963,-0.0955692
1328,24.0527,0.122443,1,-0.222375,0.125042,0.362144,-0.0983382,0.156751,0.193069,-0.222375,0.125042,0.32593,-0.0563723
1329,24.0708,0.106257,1,-0.155809,0.134014,0.278467,-0.0526579,0.155077,0.127511,-0.155809,0.134014,0.25062,-0.0303713
1330,24.089,0.0934927,1,-0.0998735,0.137326,0.206205,-0.0157704,0.151641,0.0685668,-0.0998735,0.137326,0.185585,-0.0144161
1331,24.1071,0.0832131,1,-0.0526983,0.138412,0.142626,0.0138299,0.148725,0.0151862,-0.0526983,0.138412,0.128363,-0.00526131
1332,24.1252,0.0753963,1,-0.0148039,0.137006,0.0856119,0.0376964,0.147685,-0.0334824,-0.0148039,0.137006,0.0770507,-0.000887174
1333,24.1433,0.0701592,1,0.0162565,0.135873,0.035551,0.0572872,0.149289,-0.0780424,0.0162565,0.135873,0.0319959,0.000404555
1334,24.1614,0.0660394,1,0.0412299,0.136319,-0.0106815,0.0739003,0.153962,-0.118871,0.0412299,0.136319,-0.00961339,-0.00030828
1335,24.1795,0.0625309,1,0.0616839,0.138821,-0.053846,0.0886567,0.161951,-0.156158,0.0616839,0.138821,-0.0484614,-0.002325
1336,24.1976,0.0618387,1,0.0796458,0.143978,-0.0895285,0.102511,0.173432,-0.189936,0.0796458,0.143978,-0.0805757,-0.0049914
1337,24.2157,0.0618169,1,0.0951993,0.153631,-0.121105,0.116275,0.188573,-0.220094,0.0951993,0.153631,-0.108995,-0.00807039
1338,24.2339,0.062452,1,0.109054,0.166621,-0.148613,0.130647,0.207566,-0.246378,0.109054,0.166621,-0.133752,-0.0113447
1339,24.252,0.0616208,1,0.124246,0.183818,-0.175016,0.146235,0.230638,-0.268374,0.124246,0.183818,-0.157514,-0.0152215
1340,24.2701,0.0603892,1,0.141333,0.205737,-0.19767,0.16358,0.258026,-0.285485,0.141333,0.205737,-0.177903,-0.0195562
1341,24.2882,0.0597953,1,0.159363,0.233158,-0.213618,0.183167,0.289944,-0.296895,0.159363,0.233158,-0.192256,-0.0238299
1342,24.3063,0.0606357,1,0.178553,0.263295,-0.222073,0.205424,0.326499,-0.301529,0.178553,0.263295,-0.199866,-0.0277562
1343,24.3244,0.0621547,1,0.1995,0.29516,-0.224737,0.2307,0.367579,-0.298029,0.1995,0.29516,-0.202264,-0.0313845
1344,24.3425,0.0642447,1,0.222815,0.329001,-0.221085,0.259229,0.412682,-0.284753,0.222815,0.329001,-0.198976,-0.0344826
1345,24.3606,0.0665149,1,0.248975,0.365877,-0.209718,0.291058,0.460688,-0.259845,0.248975,0.365877,-0.188746,-0.0365502
1346,24.3788,0.0684892,1,0.278104,0.406887,-0.186275,0.325941,0.509596,-0.221414,0.278104,0.406887,-0.167647,-0.0362626
1347,24.3969,0.0707656,1,0.308064,0.448051,-0.151392,0.363214,0.556261,-0.167899,0.308064,0.448051,-0.136252,-0.0326469
1348,24.415,0.0721923,1,0.340375,0.487375,-0.10368,0.401641,0.596262,-0.0986545,0.340375,0.487375,-0.0933116,-0.0247029
1349,24.4331,0.0738021,1,0.37355,0.518361,-0.043732,0.439302,0.624082,-0.0147452,0.37355,0.518361,-0.0393588,-0.0114353
1350,24.4512,0.0740005,1,0.405443,0.538912,0.0275026,0.473569,0.633812,0.0802389,0.405443,0.538912,0.0247524,0.00780554
1351,24.4693,0.0726808,1,0.433503,0.542888,0.107416,0.50129,0.620499,0.179728,0.433503,0.542888,0.0966747,0.0325957
1352,24.4874,0.0667137,1,0.456741,0.531445,0.191503,0.519208,0.581894,0.274599,0.456741,0.531445,0.172353,0.0612272
1353,24.5055,0.0599329,1,0.470312,0.498825,0.268882,0.524628,0.519924,0.354791,0.470312,0.498825,0.241994,0.0885209
1354,24.5236,0.0521091,1,0.4735,0.446466,0.332416,0.516118,0.440969,0.411786,0.4735,0.446466,0.299175,0.110179
1355,24.5418,0.0424114,1,0.465927,0.381602,0.378686,0.49398,0.354464,0.440918,0.465927,0.381602,0.340818,0.123508
1356,24.5599,0.0339421,1,0.447516,0.312629,0.403557,0.460256,0.270322,0.442339,0.447516,0.312629,0.363202,0.126419
1357,24.578,0.0300425,1,0.419861,0.24618,0.40513,0.418257,0.196412,0.420239,0.419861,0.24618,0.364617,0.119069
1358,24.5961,0.0298929,1,0.386441,0.186229,0.388806,0.371809,0.137193,0.380921,0.386441,0.186229,0.349925,0.105175
1359,24.6142,0.0318875,1,0.34803,0.133439,0.361224,0.324528,0.0937583,0.330834,0.34803,0.133439,0.325102,0.0880017
1360,24.6323,0.0358304,1,0.308198,0.0922056,0.322904,0.279331,0.0647962,0.275291,0.308198,0.0922056,0.290613,0.0696627
1361,24.6504,0.038877,1,0.270021,0.0644903,0.274996,0.238237,0.0477632,0.218038,0.270021,0.0644903,0.247497,0.0519783
1362,24.6685,0.041237,1,0.234549,0.0476629,0.22468,0.202397,0.0398237,0.161384,0.234549,0.0476629,0.202212,0.0368889
1363,24.6867,0.0431345,1,0.203374,0.0391879,0.174503,0.172262,0.0384147,0.106583,0.203374,0.0391879,0.157053,0.0248426
1364,24.7048,0.0447118,1,0.176806,0.0365042,0.125839,0.147781,0.0414924,0.0542143,0.176806,0.0365042,0.113255,0.0155743
1365,24.7229,0.0463559,1,0.154278,0.0357141,0.0796287,0.128595,0.0475754,0.00448687,0.154278,0.0357141,0.0716658,0.00859949
1366,24.741,0.0462036,1,0.136975,0.0394578,0.0324075,0.114191,0.0556865,-0.0425714,0.136975,0.0394578,0.0291668,0.00310731
1367,24.7591,0.0461581,1,0.12377,0.0465483,-0.0118251,0.104011,0.0652578,-0.087,0.12377,0.0465483,-0.0106426,-0.00102451
1368,24.7772,0.0464296,1,0.11415,0.055972,-0.0527662,0.0975263,0.0760344,-0.128847,0.11415,0.055972,-0.0474896,-0.00421628
1369,24.7953,0.0459742,1,0.107336,0.0658545,-0.092772,0.09428,0.0879937,-0.16814,0.107336,0.0658545,-0.0834948,-0.00697044
1370,24.8134,0.0453494,1,0.103853,0.0773209,-0.130729,0.0939113,0.101282,-0.204869,0.103853,0.0773209,-0.117656,-0.00950367
1371,24.8316,0.0446515,1,0.103672,0.092191,-0.165836,0.0961632,0.116172,-0.238978,0.103672,0.092191,-0.149252,-0.0120347
1372,24.8497,0.0445135,1,0.106555,0.108876,-0.197351,0.100884,0.133031,-0.270349,0.106555,0.108876,-0.177616,-0.0147201
1373,24.8678,0.044609,1,0.112103,0.128805,-0.225293,0.108024,0.152302,-0.298786,0.112103,0.128805,-0.202764,-0.0176793
1374,24.8859,0.0446256,1,0.120277,0.151345,-0.25029,0.117628,0.174492,-0.323989,0.120277,0.151345,-0.225261,-0.0210729
1375,24.904,0.0447398,1,0.131735,0.17785,-0.271339,0.12983,0.200158,-0.345525,0.131735,0.17785,-0.244205,-0.0250213
1376,24.9221,0.04541,1,0.146432,0.208251,-0.287178,0.144844,0.229883,-0.362781,0.146432,0.208251,-0.25846,-0.0294364
1377,24.9402,0.046027,1,0.164267,0.24239,-0.298252,0.162951,0.264244,-0.374908,0.164267,0.24239,-0.268427,-0.0342951
1378,24.9583,0.0466899,1,0.185392,0.280684,-0.303256,0.184478,0.303745,-0.380762,0.185392,0.280684,-0.27293,-0.0393549
1379,24.9764,0.0472594,1,0.20987,0.323985,-0.300799,0.209773,0.34871,-0.378832,0.20987,0.323985,-0.270719,-0.04419
1380,24.9946,0.0486245,1,0.238394,0.37194,-0.287472,0.239146,0.399102,-0.367188,0.238394,0.37194,-0.258725,-0.0479722
1381,25.0127,0.0503313,1,0.270738,0.422057,-0.262499,0.272792,0.454265,-0.343482,0.270738,0.422057,-0.236249,-0.049748
1382,25.0308,0.0524772,1,0.306606,0.473377,-0.223137,0.310667,0.512565,-0.305048,0.306606,0.473377,-0.200823,-0.0478905
1383,25.0489,0.0554224,1,0.344574,0.523026,-0.166417,0.352311,0.570954,-0.24923,0.344574,0.523026,-0.149775,-0.0401401
1384,25.067,0.0579218,1,0.384556,0.566416,-0.0931815,0.396633,0.624587,-0.174021,0.384556,0.566416,-0.0838634,-0.0250834
1385,25.0851,0.0586869,1,0.424635,0.598894,-0.00532473,0.441679,0.666705,-0.0791054,0.424635,0.598894,-0.00479225,-0.00158274
1386,25.1032,0.0581751,1,0.461159,0.612874,0.0943407,0.48448,0.689178,0.032803,0.461159,0.612874,0.0849066,0.0304543
1387,25.1213,0.0591375,1,0.490161,0.598285,0.20142,0.521119,0.684067,0.154785,0.490161,0.598285,0.181278,0.0691098
1388,25.1395,0.0595705,1,0.50932,0.554805,0.304883,0.547164,0.646207,0.275564,0.50932,0.554805,0.274395,0.108698
1389,25.1576,0.0560241,1,0.516018,0.48918,0.389967,0.558535,0.575968,0.381237,0.516018,0.48918,0.350971,0.140861
1390,25.1757,0.0519705,1,0.506322,0.403978,0.449328,0.552602,0.48059,0.458899,0.506322,0.403978,0.404396,0.159254
1391,25.1938,0.0482135,1,0.48121,0.307877,0.478931,0.529076,0.372756,0.500684,0.48121,0.307877,0.431038,0.161326
1392,25.2119,0.0426195,1,0.444066,0.21723,0.47644,0.490232,0.266694,0.505958,0.444066,0.21723,0.428796,0.148099
1393,25.23,0.0366311,1,0.398453,0.138501,0.448542,0.44031,0.173916,0.480468,0.398453,0.138501,0.403688,0.125106
1394,25.2481,0.0299925,1,0.348172,0.0745668,0.40685,0.384404,0.100772,0.433293,0.348172,0.0745668,0.366165,0.0991576
1395,25.2662,0.023285,1,0.297346,0.0293259,0.354609,0.327338,0.0484803,0.373587,0.297346,0.0293259,0.319148,0.073809
1396,25.2844,0.0175829,1,0.25005,0.00136971,0.293556,0.272926,0.0147437,0.308567,0.25005,0.00136971,0.2642,0.0513826
1397,25.3025,0.0128206,1,0.206621,-0.013684,0.232258,0.223696,-0.00434811,0.242954,0.206621,-0.013684,0.209032,0.0335925
1398,25.3206,0.009273,1,0.169058,-0.0212066,0.17249,0.180975,-0.0128995,0.179342,0.169058,-0.0212066,0.155241,0.0204126
1399,25.3387,0.0070025,1,0.137452,-0.0234155,0.116157,0.145151,-0.0144487,0.11888,0.137452,-0.0234155,0.104541,0.0111762
1400,25.3568,0.00595388,1,0.112094,-0.0212491,0.0623579,0.115977,-0.0117075,0.0618847,0.112094,-0.0212491,0.0561221,0.00489296
1401,25.3749,0.00558327,1,0.092174,-0.0155507,0.0118277,0.0928351,-0.00658119,0.00827392,0.092174,-0.0155507,0.0106449,0.000763145
1402,25.393,0.00560552,1,0.077402,-0.00689607,-0.0354935,0.0749393,-0.000306408,-0.042185,0.077402,-0.00689607,-0.0319441,-0.00192309
1403,25.4111,0.00722544,1,0.0666957,0.00214738,-0.0791977,0.0614719,0.0063864,-0.0897506,0.0666957,0.00214738,-0.0712779,-0.0036975
1404,25.4292,0.00916468,1,0.0583807,0.00995034,-0.120627,0.051667,0.0131265,-0.134656,0.0583807,0.00995034,-0.108565,-0.00492962
1405,25.4474,0.0111158,1,0.0530067,0.0178687,-0.159761,0.0448541,0.0197873,-0.177097,0.0530067,0.0178687,-0.143785,-0.00592789
1406,25.4655,0.0127139,1,0.0506333,0.026699,-0.197693,0.0404778,0.0264012,-0.217231,0.0506333,0.026699,-0.177924,-0.0070069
1407,25.4836,0.0150336,1,0.0509963,0.0374577,-0.232987,0.0380992,0.0331026,-0.255184,0.0509963,0.0374577,-0.209688,-0.00831703
1408,25.5017,0.0180303,1,0.0531097,0.0492875,-0.265691,0.0373899,0.0400906,-0.29106,0.0531097,0.0492875,-0.239122,-0.00987752
1409,25.5198,0.0220116,1,0.0570277,0.0631524,-0.295704,0.0381216,0.0476089,-0.324936,0.0570277,0.0631524,-0.266134,-0.0118043
1410,25.5379,0.0268255,1,0.062831,0.0793551,-0.323762,0.0401547,0.0559366,-0.356871,0.062831,0.0793551,-0.291386,-0.0142396
1411,25.556,0.032355,1,0.0705616,0.0975178,-0.349857,0.0434289,0.0653879,-0.386898,0.0705616,0.0975178,-0.314871,-0.0172805
1412,25.5741,0.0393045,1,0.0805229,0.118136,-0.372301,0.0479555,0.0763168,-0.415022,0.0805229,0.118136,-0.335071,-0.0209851
1413,25.5923,0.047773,1,0.0928054,0.142398,-0.391324,0.0538123,0.0891269,-0.441209,0.0928054,0.142398,-0.352191,-0.0254219
1414,25.6104,0.0574792,1,0.107368,0.170452,-0.407095,0.0611416,0.104283,-0.465373,0.107368,0.170452,-0.366385,-0.0305963
1415,25.6285,0.0688328,1,0.124719,0.202682,-0.418225,0.0701512,0.122325,-0.487356,0.124719,0.202682,-0.376403,-0.0365125
1416,25.6466,0.0823823,1,0.145281,0.240616,-0.423918,0.0811168,0.14388,-0.506898,0.145281,0.240616,-0.381526,-0.043111
1417,25.6647,0.0984281,1,0.169543,0.284858,-0.422858,0.0943873,0.169674,-0.523598,0.169543,0.284858,-0.380572,-0.0501847
1418,25.6828,0.117073,1,0.198318,0.335829,-0.414045,0.110389,0.200533,-0.536854,0.198318,0.335829,-0.372641,-0.0574789
1419,25.7009,0.138577,1,0.231906,0.394292,-0.395699,0.129629,0.237368,-0.545781,0.231906,0.394292,-0.356129,-0.0642355
1420,25.719,0.16413,1,0.271244,0.459239,-0.361918,0.152693,0.281131,-0.549107,0.271244,0.459239,-0.325727,-0.0687177
1421,25.7372,0.193686,1,0.315553,0.526379,-0.306863,0.18023,0.332712,-0.54503,0.315553,0.526379,-0.276177,-0.0677821
1422,25.7553,0.225722,1,0.362274,0.589137,-0.227799,0.21291,0.392747,-0.531068,0.362274,0.589137,-0.205019,-0.0577679
1423,25.7734,0.258666,0,0.411484,0.643097,-0.127058,0.25135,0.461266,-0.503911,0.411484,0.643097,-0.114352,-0.0365975
1424,25.7915,0.291169,0,0.462558,0.684754,-0.00682581,0.295961,0.537145,-0.45937,0.462558,0.684754,-0.00614323,-0.00221013
1425,25.8096,0.320219,0,0.509285,0.695909,0.131823,0.346707,0.617297,-0.392591,0.509285,0.695909,0.118641,0.046995
1426,25.8277,0.34188,0,0.542366,0.660453,0.275579,0.402737,0.695686,-0.298798,0.542366,0.660453,0.248021,0.104625
1427,25.8458,0.355666,0,0.559531,0.584157,0.406602,0.461912,0.762491,-0.174915,0.559531,0.584157,0.365942,0.159255
1428,25.8639,0.358403,0,0.557913,0.476621,0.503752,0.520344,0.804199,-0.0222129,0.557913,0.476621,0.453376,0.196735
1429,25.882,0.354664,0,0.534839,0.35,0.560736,0.5722,0.805792,0.150594,0.534839,0.35,0.504662,0.209932
1430,25.9002,0.344591,0,0.493459,0.225003,0.572438,0.610222,0.75576,0.325678,0.493459,0.225003,0.515195,0.197732
1431,25.9183,0.331528,0,0.437011,0.114849,0.544149,0.627231,0.652669,0.478582,0.437011,0.114849,0.489734,0.16646
1432,25.9364,0.316658,0,0.373484,0.0276189,0.491269,0.618394,0.509157,0.585911,0.373484,0.0276189,0.442142,0.128437
1433,25.9545,0.297726,0,0.307658,-0.0338981,0.42649,0.583193,0.349039,0.634727,0.307658,-0.0338981,0.383841,0.0918491
1434,25.9726,0.27493,0,0.245712,-0.0711717,0.351881,0.525858,0.198064,0.627182,0.245712,-0.0711717,0.316693,0.0605231
1435,25.9907,0.249528,1,0.189146,-0.0920176,0.278939,0.453924,0.074478,0.577208,0.189146,-0.0920176,0.251045,0.036932
1436,26.0088,0.222124,1,0.140593,-0.101545,0.210837,0.375814,-0.0147922,0.502663,0.140593,-0.101545,0.189754,0.0207496
1437,26.0269,0.195697,1,0.0998387,-0.103893,0.146103,0.298762,-0.0720136,0.418692,0.0998387,-0.103893,0.131493,0.0102107
1438,26.0451,0.171317,1,0.0655778,-0.102054,0.0865854,0.227774,-0.104122,0.335055,0.0655778,-0.102054,0.0779269,0.00397466
1439,26.0632,0.149731,1,0.039543,-0.0976416,0.0309309,0.165564,-0.118949,0.256592,0.039543,-0.0976416,0.0278378,0.000856171
1440,26.0813,0.132008,1,0.0184548,-0.0934373,-0.0211433,0.113021,-0.123226,0.184887,0.0184548,-0.0934373,-0.019029,-0.000273138
1441,26.0994,0.116425,1,0.00286871,-0.0891057,-0.0675189,0.0698086,-0.12197,0.119839,0.00286871,-0.0891057,-0.060767,-0.000135585
1442,26.1175,0.103901,1,-0.00992578,-0.08596,-0.110511,0.0348963,-0.118602,0.0606955,-0.00992578,-0.08596,-0.0994602,0.000767838
1443,26.1356,0.0939513,1,-0.0198674,-0.0843894,-0.1509,0.00694185,-0.115307,0.00659888,-0.0198674,-0.0843894,-0.13581,0.0020986
1444,26.1537,0.0865712,1,-0.0278991,-0.0845786,-0.189807,-0.0154633,-0.113404,-0.0431844,-0.0278991,-0.0845786,-0.170826,0.00370681
1445,26.1718,0.0796761,1,-0.0358059,-0.0876398,-0.224715,-0.0336553,-0.113655,-0.0892027,-0.0358059,-0.0876398,-0.202243,0.00563227
1446,26.19,0.0743101,1,-0.0428293,-0.0919875,-0.258041,-0.0488321,-0.116486,-0.131828,-0.0428293,-0.0919875,-0.232237,0.00773619
1447,26.2081,0.0710558,1,-0.0483957,-0.0971741,-0.29102,-0.0620334,-0.122149,-0.171282,-0.0483957,-0.0971741,-0.261918,0.00985886
1448,26.2262,0.0689759,1,-0.0546766,-0.104857,-0.322643,-0.0741476,-0.130822,-0.207666,-0.0546766,-0.104857,-0.290379,0.0123487
1449,26.2443,0.0669553,1,-0.0617829,-0.115162,-0.351008,-0.0859338,-0.142683,-0.240971,-0.0617829,-0.115162,-0.315908,0.0151804
1450,26.2624,0.0648941,1,-0.0700129,-0.12855,-0.37588,-0.0980487,-0.157947,-0.271078,-0.0700129,-0.12855,-0.338292,0.0184215
1451,26.2805,0.0641221,1,-0.0789516,-0.144141,-0.3989,-0.111074,-0.176887,-0.297752,-0.0789516,-0.144141,-0.35901,0.0220456
1452,26.2986,0.0652665,1,-0.0889884,-0.162062,-0.420694,-0.125542,-0.199841,-0.320616,-0.0889884,-0.162062,-0.378625,0.0262058
1453,26.3167,0.0680147,1,-0.10012,-0.182337,-0.439686,-0.141955,-0.227198,-0.339111,-0.10012,-0.182337,-0.395718,0.0308149
1454,26.3348,0.0722985,1,-0.113473,-0.207382,-0.456091,-0.160795,-0.259362,-0.352457,-0.113473,-0.207382,-0.410482,0.0362277
1455,26.353,0.0777485,1,-0.129652,-0.237861,-0.468575,-0.18253,-0.296693,-0.359592,-0.129652,-0.237861,-0.421717,0.0425262
1456,26.3711,0.0847025,1,-0.148961,-0.274076,-0.476666,-0.207595,-0.3394,-0.359115,-0.148961,-0.274076,-0.428999,0.0497031
1457,26.3892,0.0925981,1,-0.172121,-0.316383,-0.477916,-0.236356,-0.387375,-0.349241,-0.172121,-0.316383,-0.430124,0.0575816
1458,26.4073,0.101834,1,-0.199502,-0.365081,-0.471568,-0.269046,-0.439951,-0.327802,-0.199502,-0.365081,-0.424411,0.0658551
1459,26.4254,0.112117,1,-0.231668,-0.421094,-0.455719,-0.305659,-0.495577,-0.292353,-0.231668,-0.421094,-0.410147,0.0739027
1460,26.4435,0.122469,1,-0.269218,-0.485638,-0.427011,-0.345794,-0.551431,-0.240454,-0.269218,-0.485638,-0.38431,0.0804712
1461,26.4616,0.131946,1,-0.312793,-0.557624,-0.38105,-0.388464,-0.603068,-0.170247,-0.312793,-0.557624,-0.342945,0.0834327
1462,26.4797,0.139121,1,-0.36124,-0.631251,-0.311382,-0.43189,-0.64431,-0.0813785,-0.36124,-0.631251,-0.280244,0.0787386
1463,26.4979,0.145084,1,-0.414275,-0.700709,-0.218193,-0.473365,-0.6677,0.0238132,-0.414275,-0.700709,-0.196374,0.0632744
1464,26.516,0.148265,1,-0.469045,-0.755413,-0.0980558,-0.509296,-0.665833,0.139227,-0.469045,-0.755413,-0.0882502,0.0321948
1465,26.5341,0.148853,1,-0.520773,-0.781781,0.04429,-0.535579,-0.633614,0.254764,-0.520773,-0.781781,0.039861,-0.0161455
1466,26.5522,0.147164,1,-0.565648,-0.772839,0.203337,-0.548346,-0.570749,0.357714,-0.565648,-0.772839,0.183003,-0.080512
1467,26.5703,0.145115,1,-0.595537,-0.715209,0.353626,-0.544952,-0.483138,0.43584,-0.595537,-0.715209,0.318263,-0.147418
1468,26.5884,0.14309,1,-0.606111,-0.616056,0.480737,-0.524826,-0.381926,0.481043,-0.606111,-0.616056,0.432663,-0.203966
1469,26.6065,0.137346,1,-0.59198,-0.481598,0.566494,-0.489767,-0.280247,0.491645,-0.59198,-0.481598,0.509845,-0.234747
1470,26.6246,0.131283,1,-0.555044,-0.338865,0.602062,-0.443501,-0.189334,0.472044,-0.555044,-0.338865,0.541856,-0.23392
1471,26.6428,0.124054,1,-0.50095,-0.211592,0.587947,-0.390722,-0.115987,0.43022,-0.50095,-0.211592,0.529152,-0.206172
1472,26.6609,0.113758,1,-0.4354,-0.108007,0.538625,-0.336048,-0.062216,0.374751,-0.4354,-0.108007,0.484763,-0.164162
1473,26.679,0.102881,1,-0.364892,-0.0318894,0.471062,-0.283268,-0.026488,0.312752,-0.364892,-0.0318894,0.423956,-0.120321
1474,26.6971,0.0928333,1,-0.296703,0.0186054,0.39565,-0.23501,-0.00544435,0.249125,-0.296703,0.0186054,0.356085,-0.0821733
1475,26.7152,0.0826254,1,-0.233524,0.0460306,0.317545,-0.192762,0.00470736,0.186733,-0.233524,0.0460306,0.28579,-0.051908
1476,26.7333,0.0742483,1,-0.177519,0.0593566,0.242818,-0.157078,0.00737568,0.126979,-0.177519,0.0593566,0.218536,-0.0301734
1477,26.7514,0.0698592,1,-0.130567,0.0648754,0.17563,-0.127863,0.00525189,0.0703748,-0.130567,0.0648754,0.158067,-0.016052
1478,26.7695,0.0685918,1,-0.0915162,0.0646297,0.11597,-0.104621,0.000272835,0.0169704,-0.0915162,0.0646297,0.104373,-0.00742922
1479,26.7876,0.0678511,1,-0.0608904,0.0612776,0.0592678,-0.0866563,-0.00627803,-0.0333803,-0.0608904,0.0612776,0.053341,-0.00252619
1480,26.8058,0.0673042,1,-0.0367051,0.055742,0.00539887,-0.073219,-0.0136278,-0.0808805,-0.0367051,0.055742,0.00485898,-0.000138716
1481,26.8239,0.0690412,1,-0.0170569,0.0526177,-0.0441213,-0.0635911,-0.0213773,-0.125726,-0.0170569,0.0526177,-0.0397092,0.000526801
1482,26.842,0.0726739,1,-0.00101185,0.0520274,-0.090202,-0.0571382,-0.0293891,-0.168084,-0.00101185,0.0520274,-0.0811818,6.38893e-05
1483,26.8601,0.0782884,1,0.012376,0.0535918,-0.132359,-0.0533339,-0.0377036,-0.208086,0.012376,0.0535918,-0.119123,-0.00114665
1484,26.8782,0.0852239,1,0.0230786,0.056801,-0.171532,-0.0517665,-0.0464807,-0.245832,0.0230786,0.056801,-0.154379,-0.0027711
1485,26.8963,0.0933541,1,0.0321646,0.0613376,-0.208734,-0.0521361,-0.0559632,-0.281389,0.0321646,0.0613376,-0.18786,-0.00469968
1486,26.9144,0.104523,1,0.0418278,0.0702228,-0.245057,-0.0542471,-0.0664557,-0.314797,0.0418278,0.0702228,-0.220551,-0.00717514
1487,26.9325,0.118738,1,0.0516168,0.0816411,-0.27754,-0.0579996,-0.0783157,-0.346056,0.0516168,0.0816411,-0.249786,-0.010028
1488,26.9507,0.135777,1,0.0615665,0.095273,-0.307003,-0.0633816,-0.0919532,-0.375127,0.0615665,0.095273,-0.276303,-0.0132308
1489,26.9688,0.155919,1,0.0716761,0.1111,-0.332657,-0.0704627,-0.107836,-0.401912,0.0716761,0.1111,-0.299391,-0.0166905
1490,26.9869,0.180543,1,0.0828788,0.130745,-0.353551,-0.0793907,-0.126496,-0.426238,0.0828788,0.130745,-0.318196,-0.0205113
1491,27.005,0.210184,1,0.0965359,0.154258,-0.370994,-0.0903901,-0.148541,-0.447826,0.0965359,0.154258,-0.333895,-0.02507
1492,27.0231,0.244948,1,0.112435,0.181286,-0.385234,-0.103762,-0.174656,-0.466252,0.112435,0.181286,-0.346711,-0.0303196
1493,27.0412,0.287034,0,0.131449,0.214476,-0.394087,-0.119884,-0.205599,-0.480893,0.131449,0.214476,-0.354678,-0.0362615
1494,27.0593,0.336997,0,0.153041,0.254304,-0.397074,-0.139208,-0.242182,-0.490848,0.153041,0.254304,-0.357367,-0.0425382
1495,27.0774,0.39626,0,0.179172,0.301441,-0.393195,-0.162253,-0.285212,-0.494847,0.179172,0.301441,-0.353876,-0.0493147
1496,27.0956,0.465168,0,0.21008,0.355241,-0.37953,-0.189581,-0.335383,-0.491129,0.21008,0.355241,-0.341577,-0.0558121
1497,27.1137,0.542138,0,0.244594,0.41257,-0.354024,-0.221751,-0.393073,-0.477326,0.244594,0.41257,-0.318621,-0.0606144
1498,27.1318,0.626955,0,0.284005,0.472503,-0.315291,-0.259238,-0.458013,-0.450367,0.284005,0.472503,-0.283762,-0.0626809
1499,27.1499,0.718383,0,0.328243,0.533612,-0.258192,-0.30228,-0.528777,-0.4065,0.328243,0.533612,-0.232373,-0.0593249
1500,27.168,0.811311,0,0.374231,0.590844,-0.179925,-0.350654,-0.602087,-0.341578,0.374231,0.590844,-0.161933,-0.0471336
1501,27.1861,0.899602,0,0.421582,0.638579,-0.0796995,-0.403345,-0.672036,-0.251836,0.421582,0.638579,-0.0717295,-0.0235199
1502,27.2042,0.970626,0,0.466779,0.663385,0.0393748,-0.458161,-0.729558,-0.135383,0.466779,0.663385,0.0354374,0.0128655
1503,27.2223,1.01437,0,0.506071,0.65974,0.172807,-0.511385,-0.762814,0.005561,0.506071,0.65974,0.155527,0.0612169
1504,27.2404,1.02001,0,0.53525,0.621008,0.308227,-0.557722,-0.759346,0.162313,0.53525,0.621008,0.277404,0.115485
1505,27.2586,0.979242,0,0.546999,0.543295,0.420953,-0.590844,-0.710352,0.318841,0.546999,0.543295,0.378857,0.161183
1506,27.2767,0.897271,0,0.539027,0.435242,0.504041,-0.604727,-0.615775,0.454288,0.539027,0.435242,0.453637,0.190184
1507,27.2948,0.790045,0,0.512489,0.316053,0.547102,-0.595496,-0.486989,0.549329,0.512489,0.316053,0.492392,0.196269
1508,27.3129,0.675855,0,0.470097,0.204385,0.545072,-0.562942,-0.3441,0.593424,0.470097,0.204385,0.490565,0.179366
1509,27.331,0.566806,0,0.415678,0.107039,0.511892,-0.510789,-0.20862,0.588221,0.415678,0.107039,0.460702,0.148947
1510,27.3491,0.470245,0,0.354641,0.0296925,0.459463,-0.445516,-0.0961136,0.544971,0.354641,0.0296925,0.413517,0.114061
1511,27.3672,0.388462,0,0.293055,-0.025898,0.394553,-0.374406,-0.0130527,0.478457,0.293055,-0.025898,0.355097,0.0809378
1512,27.3853,0.320009,0,0.235933,-0.0578981,0.324624,-0.303832,0.0417641,0.401682,0.235933,-0.0578981,0.292162,0.0536126
1513,27.4035,0.261363,0,0.18418,-0.0744279,0.256801,-0.238347,0.0737521,0.32347,0.18418,-0.0744279,0.231121,0.0331084
1514,27.4216,0.212565,1,0.140619,-0.0814217,0.192005,-0.180557,0.0894481,0.248583,0.140619,-0.0814217,0.172804,0.0188997
1515,27.4397,0.17224,1,0.103664,-0.0825239,0.130898,-0.131453,0.094717,0.178916,0.103664,-0.0825239,0.117808,0.00949861
1516,27.4578,0.140247,1,0.0714846,-0.0820265,0.0745083,-0.0909045,0.0940902,0.114762,0.0714846,-0.0820265,0.0670575,0.00372834
1517,27.4759,0.117071,1,0.0479623,-0.0782055,0.0194033,-0.0581133,0.0907529,0.0557032,0.0479623,-0.0782055,0.017463,0.000651439
1518,27.494,0.101479,1,0.0286455,-0.0749393,-0.0315131,-0.0319544,0.0867921,0.00111664,0.0286455,-0.0749393,-0.0283618,-0.000631896
1519,27.5121,0.0918528,1,0.0138949,-0.071127,-0.0773872,-0.011208,0.0834948,-0.0495887,0.0138949,-0.071127,-0.0696485,-0.000752704
1520,27.5302,0.0873598,1,0.00228921,-0.0678363,-0.120386,0.00530406,0.0816097,-0.0968921,0.00228921,-0.0678363,-0.108347,-0.000192912
1521,27.5484,0.0869769,1,-0.00628551,-0.0655458,-0.162041,0.0186477,0.0815493,-0.141152,-0.00628551,-0.0655458,-0.145837,0.000712956
1522,27.5665,0.0894176,1,-0.0132745,-0.0639972,-0.201838,0.0297509,0.0835362,-0.182623,-0.0132745,-0.0639972,-0.181655,0.00187551
1523,27.5846,0.094697,1,-0.0197358,-0.0644042,-0.237835,0.0394044,0.0877055,-0.221475,-0.0197358,-0.0644042,-0.214052,0.0032857
1524,27.6027,0.101503,1,-0.0246662,-0.0650762,-0.272893,0.0482772,0.0941729,-0.257811,-0.0246662,-0.0650762,-0.245604,0.00471187
1525,27.6208,0.110732,1,-0.0288401,-0.0676434,-0.308393,0.0569401,0.103081,-0.291674,-0.0288401,-0.0676434,-0.277554,0.00622587
1526,27.6389,0.122355,1,-0.0332998,-0.0718204,-0.340666,0.0658911,0.114628,-0.323045,-0.0332998,-0.0718204,-0.3066,0.00794089
1527,27.657,0.135813,1,-0.0373899,-0.0764164,-0.370328,0.0755806,0.129086,-0.351834,-0.0373899,-0.0764164,-0.333295,0.00969255
1528,27.6751,0.152458,1,-0.0420233,-0.0830513,-0.39761,0.0864349,0.146817,-0.377865,-0.0420233,-0.0830513,-0.357849,0.0116962
1529,27.6932,0.172198,1,-0.0469707,-0.0909363,-0.423128,0.098877,0.168271,-0.400851,-0.0469707,-0.0909363,-0.380815,0.0139122
1530,27.7114,0.195217,1,-0.0522742,-0.0996598,-0.446221,0.113343,0.19399,-0.42035,-0.0522742,-0.0996598,-0.401599,0.0163281
1531,27.7295,0.22235,1,-0.0581825,-0.109665,-0.468372,0.130297,0.224591,-0.435717,-0.0581825,-0.109665,-0.421535,0.0190758
1532,27.7476,0.255483,0,-0.0652822,-0.123273,-0.48972,0.150233,0.260731,-0.446034,-0.0652822,-0.123273,-0.440748,0.022379
1533,27.7657,0.295689,0,-0.0744019,-0.140982,-0.51003,0.173675,0.303038,-0.450025,-0.0744019,-0.140982,-0.459027,0.0265631
1534,27.7838,0.343536,0,-0.0856176,-0.162845,-0.528168,0.201154,0.351989,-0.445955,-0.0856176,-0.162845,-0.475351,0.0316543
1535,27.8019,0.399667,0,-0.0989777,-0.189292,-0.543276,0.233161,0.407702,-0.431543,-0.0989777,-0.189292,-0.488949,0.0376406
1536,27.82,0.464246,0,-0.114803,-0.220226,-0.554218,0.270061,0.469602,-0.403915,-0.114803,-0.220226,-0.498796,0.0445381
1537,27.8381,0.537002,0,-0.133118,-0.255911,-0.559644,0.311947,0.535953,-0.359691,-0.133118,-0.255911,-0.50368,0.0521493
1538,27.8563,0.61742,0,-0.154776,-0.297243,-0.558688,0.358427,0.603253,-0.295337,-0.154776,-0.297243,-0.502819,0.06053
1539,27.8744,0.704512,0,-0.181131,-0.346315,-0.550777,0.408328,0.665631,-0.20797,-0.181131,-0.346315,-0.495699,0.0698338
1540,27.8925,0.795659,0,-0.214139,-0.405831,-0.532969,0.459379,0.714576,-0.0967582,-0.214139,-0.405831,-0.479672,0.0798908
1541,27.9106,0.884421,0,-0.252958,-0.475673,-0.504059,0.50797,0.739573,0.0351678,-0.252958,-0.475673,-0.453653,0.0892542
1542,27.9287,0.962644,0,-0.298443,-0.555298,-0.460468,0.549207,0.730259,0.17897,-0.298443,-0.555298,-0.414422,0.0961966
1543,27.9468,1.01853,0,-0.350349,-0.640319,-0.39266,0.577506,0.680146,0.319847,-0.350349,-0.640319,-0.353394,0.0962976
1544,27.9649,1.04133,0,-0.407922,-0.721731,-0.294779,0.587804,0.59059,0.439679,-0.407922,-0.721731,-0.265301,0.0841727
1545,27.983,1.02693,0,-0.468946,-0.789908,-0.167563,0.577096,0.472405,0.522458,-0.468946,-0.789908,-0.150807,0.0550046
1546,28.0012,0.976504,0,-0.528474,-0.832479,-0.0101487,0.545584,0.343133,0.559953,-0.528474,-0.832479,-0.00913383,0.00375433
1547,28.0193,0.898685,0,-0.581014,-0.834132,0.16929,0.496772,0.220978,0.554025,-0.581014,-0.834132,0.152361,-0.0688517
1548,28.0374,0.807285,0,-0.620731,-0.781331,0.350289,0.436417,0.119038,0.514305,-0.620731,-0.781331,0.31526,-0.152205
1549,28.0555,0.715009,0,-0.637914,-0.673408,0.507063,0.370909,0.0429012,0.453314,-0.637914,-0.673408,0.456357,-0.226424
1550,28.0736,0.630174,0,-0.628055,-0.521713,0.617763,0.305863,-0.00822482,0.382212,-0.628055,-0.521713,0.555987,-0.271592
1551,28.0917,0.553758,0,-0.588156,-0.350651,0.666496,0.245347,-0.0387638,0.308804,-0.588156,-0.350651,0.599847,-0.274402
1552,28.1098,0.486596,0,-0.527853,-0.195648,0.652845,0.191758,-0.0542448,0.237522,-0.527853,-0.195648,0.58756,-0.241224
1553,28.1279,0.423244,0,-0.452142,-0.0717263,0.593884,0.146079,-0.0597616,0.170333,-0.452142,-0.0717263,0.534496,-0.187964
1554,28.146,0.366026,0,-0.370813,0.0163569,0.515988,0.108289,-0.0593435,0.107752,-0.370813,0.0163569,0.464389,-0.133935
1555,28.1642,0.315169,0,-0.291454,0.0743339,0.430029,0.0777455,-0.055882,0.0495954,-0.291454,0.0743339,0.387026,-0.0877335
1556,28.1823,0.270072,0,-0.218584,0.104101,0.342759,0.053494,-0.0513035,-0.00457334,-0.218584,0.104101,0.308483,-0.0524452
1557,28.2004,0.232988,1,-0.155868,0.114074,0.262176,0.0344745,-0.0468078,-0.0552153,-0.155868,0.114074,0.235959,-0.0286055
1558,28.2185,0.205894,1,-0.103229,0.118069,0.190706,0.0196525,-0.0430891,-0.102732,-0.103229,0.118069,0.171636,-0.0137805
1559,28.2366,0.188046,1,-0.0591139,0.1181,0.128981,0.00808798,-0.0405127,-0.147443,-0.0591139,0.1181,0.116082,-0.00533718
1560,28.2547,0.175896,1,-0.0245089,0.11555,0.0717553,-0.00103444,-0.0392468,-0.189598,-0.0245089,0.11555,0.0645798,-0.00123105
1561,28.2728,0.168922,1,0.00366562,0.112407,0.0204651,-0.00840196,-0.039354,-0.229388,0.00366562,0.112407,0.0184186,5.25121e-05
1562,28.2909,0.166362,1,0.026663,0.11265,-0.0266231,-0.0145838,-0.040855,-0.266964,0.026663,0.11265,-0.0239608,-0.000496897
1563,28.3091,0.166602,1,0.0456986,0.114864,-0.0705351,-0.0200492,-0.0437699,-0.302443,0.0456986,0.114864,-0.0634816,-0.00225635
1564,28.3272,0.170857,1,0.0620459,0.120135,-0.108654,-0.0251881,-0.0481448,-0.335916,0.0620459,0.120135,-0.0977888,-0.00471909
1565,28.3453,0.178457,1,0.076234,0.128655,-0.142073,-0.030332,-0.0540702,-0.367452,0.076234,0.128655,-0.127866,-0.00758156
1566,28.3634,0.188628,1,0.0889944,0.140432,-0.172772,-0.0357738,-0.061693,-0.397092,0.0889944,0.140432,-0.155495,-0.010763
1567,28.3815,0.202391,1,0.102976,0.1569,-0.201493,-0.0417862,-0.0712271,-0.424848,0.102976,0.1569,-0.181343,-0.0145242
1568,28.3996,0.220891,1,0.119119,0.177982,-0.226764,-0.0486382,-0.0829623,-0.450694,0.119119,0.177982,-0.204088,-0.0189083
1569,28.4177,0.244471,1,0.135546,0.203602,-0.246851,-0.0566103,-0.0972738,-0.474553,0.135546,0.203602,-0.222166,-0.0234218
1570,28.4358,0.27416,0,0.15364,0.232912,-0.258664,-0.066009,-0.114633,-0.496274,0.15364,0.232912,-0.232798,-0.0278189
1571,28.454,0.308983,0,0.173963,0.265435,-0.26562,-0.0771807,-0.135617,-0.515611,0.173963,0.265435,-0.239058,-0.0323457
1572,28.4721,0.349057,0,0.196677,0.300377,-0.267133,-0.0905238,-0.160916,-0.532174,0.196677,0.300377,-0.24042,-0.0367773
1573,28.4902,0.395462,0,0.222102,0.338895,-0.262455,-0.106501,-0.191335,-0.545379,0.222102,0.338895,-0.23621,-0.0408044
1574,28.5083,0.451438,0,0.25169,0.383479,-0.24554,-0.125645,-0.227778,-0.554361,0.25169,0.383479,-0.220986,-0.04326
1575,28.5264,0.51482,0,0.283529,0.429897,-0.216012,-0.148565,-0.271207,-0.55787,0.283529,0.429897,-0.194411,-0.042872
1576,28.5445,0.58451,0,0.317007,0.475462,-0.173132,-0.175931,-0.322539,-0.554132,0.317007,0.475462,-0.155818,-0.0384187
1577,28.5626,0.660031,0,0.353354,0.51845,-0.116811,-0.208437,-0.382461,-0.540688,0.353354,0.51845,-0.10513,-0.0288929
1578,28.5807,0.737441,0,0.389894,0.552331,-0.0459358,-0.246734,-0.451091,-0.514235,0.389894,0.552331,-0.0413422,-0.0125371
1579,28.5988,0.812274,0,0.424763,0.571486,0.0384017,-0.291279,-0.527427,-0.470562,0.424763,0.571486,0.0345616,0.0114181
1580,28.617,0.878738,0,0.454968,0.571716,0.132143,-0.342098,-0.608537,-0.404725,0.454968,0.571716,0.118929,0.0420846
1581,28.6351,0.930648,0,0.478521,0.551208,0.228905,-0.39842,-0.688542,-0.311756,0.478521,0.551208,0.206015,0.0766751
1582,28.6532,0.957373,0,0.490567,0.506166,0.313913,-0.458197,-0.757709,-0.18824,0.490567,0.506166,0.282522,0.107797
1583,28.6713,0.953373,0,0.489818,0.438469,0.379796,-0.517613,-0.802417,-0.0349866,0.489818,0.438469,0.341817,0.130222
1584,28.6894,0.920282,0,0.476643,0.35977,0.425549,-0.570848,-0.807207,0.139742,0.476643,0.35977,0.382994,0.141984
1585,28.7075,0.861054,0,0.451323,0.279962,0.44339,-0.610536,-0.759772,0.318282,0.451323,0.279962,0.399051,0.140078
1586,28.7256,0.783832,0,0.416914,0.206541,0.4349,-0.62925,-0.657779,0.475768,0.416914,0.206541,0.39141,0.126921
1587,28.7437,0.696895,0,0.375859,0.141762,0.407709,-0.621822,-0.513357,0.587819,0.375859,0.141762,0.366938,0.107269
1588,28.7619,0.607937,0,0.331006,0.0879692,0.370378,-0.587437,-0.350577,0.640378,0.331006,0.0879692,0.33334,0.0858183
1589,28.78,0.524307,0,0.286285,0.0488782,0.321801,-0.530191,-0.196073,0.634945,0.286285,0.0488782,0.289621,0.0644888
1590,28.7981,0.448875,0,0.244625,0.024412,0.265377,-0.457688,-0.0690729,0.585508,0.244625,0.024412,0.23884,0.0454426
1591,28.8162,0.37967,0,0.206958,0.012053,0.211271,-0.378556,0.0228796,0.510445,0.206958,0.012053,0.190144,0.0306069
1592,28.8343,0.317887,0,0.17457,0.00602056,0.157294,-0.300265,0.081891,0.425495,0.17457,0.00602056,0.141565,0.0192212
1593,28.8524,0.262836,0,0.146407,0.00396333,0.106912,-0.228012,0.115032,0.340842,0.146407,0.00396333,0.0962208,0.0109569
1594,28.8705,0.216712,1,0.123706,0.00402964,0.0571058,-0.164632,0.130372,0.261535,0.123706,0.00402964,0.0513952,0.00494501
1595,28.8886,0.179025,1,0.106034,0.00826382,0.00758819,-0.111069,0.134856,0.18922,0.106034,0.00826382,0.00682937,0.000563223
1596,28.9068,0.147789,1,0.0928429,0.0158941,-0.0377912,-0.0669993,0.133665,0.123781,0.0928429,0.0158941,-0.0340121,-0.00245605
1597,28.9249,0.122554,1,0.0831724,0.0256022,-0.0803873,-0.0313782,0.130324,0.0644221,0.0831724,0.0256022,-0.0723486,-0.0046802
1598,28.943,0.103519,1,0.0764284,0.0344845,-0.121251,-0.00283703,0.127081,0.0102465,0.0764284,0.0344845,-0.109126,-0.00648694
1599,28.9611,0.089728,1,0.0723322,0.0434588,-0.160855,0.0200634,0.125292,-0.0395107,0.0723322,0.0434588,-0.14477,-0.00814452
1600,28.9792,0.0791021,1,0.0709466,0.0543744,-0.197835,0.0386892,0.125741,-0.085417,0.0709466,0.0543744,-0.178051,-0.00982499
1601,28.9973,0.0697338,1,0.0725898,0.0684718,-0.230835,0.0542657,0.128864,-0.127852,0.0725898,0.0684718,-0.207752,-0.0117294
1602,29.0154,0.0619002,1,0.0764782,0.0844406,-0.261234,0.0678563,0.134918,-0.16704,0.0764782,0.0844406,-0.23511,-0.0139851
1603,29.0335,0.0554257,1,0.0829423,0.103001,-0.289795,0.0803702,0.144088,-0.20307,0.0829423,0.103001,-0.260815,-0.0168254
1604,29.0516,0.049216,1,0.0920666,0.124681,-0.314978,0.0925836,0.156552,-0.235918,0.0920666,0.124681,-0.28348,-0.0202993
1605,29.0698,0.0435001,1,0.103583,0.149679,-0.337223,0.105167,0.172523,-0.265443,0.103583,0.149679,-0.303501,-0.0244515
1606,29.0879,0.0376692,1,0.117943,0.178407,-0.355128,0.118714,0.192272,-0.291378,0.117943,0.178407,-0.319615,-0.0293195
1607,29.106,0.0319251,1,0.134826,0.210562,-0.368309,0.133764,0.216123,-0.313304,0.134826,0.210562,-0.331478,-0.0347603
1608,29.1241,0.026205,1,0.155013,0.247477,-0.375705,0.150823,0.244442,-0.330613,0.155013,0.247477,-0.338135,-0.0407675
1609,29.1422,0.0214869,1,0.178631,0.29008,-0.376534,0.17037,0.277591,-0.342463,0.178631,0.29008,-0.338881,-0.0470824
1610,29.1603,0.0200905,1,0.206534,0.339135,-0.369678,0.192858,0.315856,-0.347724,0.206534,0.339135,-0.33271,-0.0534456
1611,29.1784,0.0240127,1,0.239071,0.394665,-0.353058,0.218695,0.359331,-0.344927,0.239071,0.394665,-0.317752,-0.0590843
1612,29.1965,0.0322299,1,0.276444,0.454502,-0.32079,0.248199,0.407731,-0.332236,0.276444,0.454502,-0.288711,-0.0620762
1613,29.2147,0.0442291,1,0.318267,0.515641,-0.269549,0.281524,0.460142,-0.307477,0.318267,0.515641,-0.242595,-0.0600521
1614,29.2328,0.0583744,1,0.361851,0.571046,-0.19638,0.318546,0.514689,-0.268292,0.361851,0.571046,-0.176742,-0.0497423
1615,29.2509,0.0752921,1,0.407903,0.620879,-0.103825,0.358706,0.568172,-0.212491,0.407903,0.620879,-0.0934426,-0.0296454
1616,29.269,0.0924314,1,0.455261,0.65803,0.00580781,0.400816,0.615793,-0.1387,0.455261,0.65803,0.00522702,0.00185085
1617,29.2871,0.108008,1,0.49756,0.667049,0.130881,0.442886,0.651195,-0.047322,0.49756,0.667049,0.117793,0.045585
1618,29.3052,0.121911,1,0.527451,0.635695,0.262139,0.482033,0.667134,0.058336,0.527451,0.635695,0.235925,0.0967859
1619,29.3233,0.132361,1,0.544022,0.568718,0.380754,0.514616,0.657017,0.171239,0.544022,0.568718,0.342679,0.144997
1620,29.3414,0.137028,1,0.543784,0.474808,0.470592,0.536695,0.617165,0.280819,0.543784,0.474808,0.423533,0.17913
1621,29.3596,0.139305,1,0.524006,0.361185,0.524847,0.544828,0.548967,0.374775,0.524006,0.361185,0.472362,0.192516
1622,29.3777,0.1378,1,0.487435,0.247168,0.539088,0.536997,0.45962,0.442264,0.487435,0.247168,0.485179,0.183939
1623,29.3958,0.134485,1,0.436587,0.14451,0.518321,0.513293,0.360559,0.477123,0.436587,0.14451,0.466489,0.158405
1624,29.4139,0.12933,1,0.379385,0.0621106,0.472288,0.475999,0.264086,0.479373,0.379385,0.0621106,0.425059,0.125425
1625,29.432,0.123494,1,0.318647,0.00116612,0.414125,0.429017,0.179936,0.454273,0.318647,0.00116612,0.372713,0.0923717
1626,29.4501,0.116127,1,0.260893,-0.0382521,0.34655,0.376903,0.113423,0.409737,0.260893,-0.0382521,0.311895,0.0632888
1627,29.4682,0.108467,1,0.207402,-0.0601867,0.276855,0.323936,0.065558,0.35369,0.207402,-0.0601867,0.249169,0.0401942
1628,29.4863,0.0999296,1,0.161419,-0.0699512,0.211767,0.2735,0.0343896,0.292442,0.161419,-0.0699512,0.19059,0.0239282
1629,29.5044,0.0925225,1,0.122948,-0.0726316,0.148263,0.227862,0.0165763,0.230216,0.122948,-0.0726316,0.133437,0.0127601
1630,29.5226,0.0860303,1,0.0904895,-0.0714768,0.0904312,0.188238,0.00856921,0.169435,0.0904895,-0.0714768,0.0813881,0.00572815
1631,29.5407,0.0811302,1,0.0643857,-0.0681282,0.0347902,0.155014,0.00726986,0.111262,0.0643857,-0.0681282,0.0313112,0.00156799
1632,29.5588,0.0769995,1,0.0444738,-0.0629964,-0.0176405,0.128012,0.0102755,0.0561118,0.0444738,-0.0629964,-0.0158764,-0.000549177
1633,29.5769,0.0728972,1,0.029662,-0.0569506,-0.0645419,0.106714,0.0158826,0.0040174,0.029662,-0.0569506,-0.0580877,-0.00134011
1634,29.595,0.0695934,1,0.0184696,-0.0508329,-0.107603,0.0904455,0.0229826,-0.0451489,0.0184696,-0.0508329,-0.0968424,-0.00139117
1635,29.6131,0.0678115,1,0.00974466,-0.0457052,-0.148085,0.0784993,0.0309287,-0.0915584,0.00974466,-0.0457052,-0.133276,-0.00101013
1636,29.6312,0.0673432,1,0.00412874,-0.0413378,-0.187505,0.0702119,0.0394121,-0.135373,0.00412874,-0.0413378,-0.168755,-0.000541913
1637,29.6493,0.0686884,1,-0.000578265,-0.038021,-0.225622,0.0650079,0.0483621,-0.176727,-0.000578265,-0.038021,-0.20306,9.13284e-05
1638,29.6675,0.071225,1,-0.00396264,-0.0357113,-0.261046,0.0624195,0.0578723,-0.215719,-0.00396264,-0.0357113,-0.234941,0.000724102
1639,29.6856,0.0752215,1,-0.00662258,-0.0341124,-0.294787,0.0620923,0.0681509,-0.252416,-0.00662258,-0.0341124,-0.265308,0.00136657
1640,29.7037,0.0803658,1,-0.00837312,-0.0327887,-0.326388,0.0637819,0.0794887,-0.286847,-0.00837312,-0.0327887,-0.293749,0.00191302
1641,29.7218,0.0865885,1,-0.00918711,-0.0313789,-0.355785,0.067347,0.0922429,-0.319004,-0.00918711,-0.0313789,-0.320207,0.00228805
1642,29.7399,0.094621,1,-0.00965903,-0.0304366,-0.383857,0.0727428,0.10683,-0.348827,-0.00965903,-0.0304366,-0.345471,0.00259538
1643,29.758,0.104814,1,-0.0103251,-0.0302265,-0.409282,0.0800134,0.123729,-0.376195,-0.0103251,-0.0302265,-0.368354,0.00295813
1644,29.7761,0.116974,1,-0.0109073,-0.0297968,-0.43229,0.0892876,0.143479,-0.400901,-0.0109073,-0.0297968,-0.389061,0.00330058
1645,29.7942,0.131274,1,-0.0109827,-0.0287102,-0.45467,0.100775,0.166692,-0.422626,-0.0109827,-0.0287102,-0.409203,0.00349544
1646,29.8124,0.148445,1,-0.0109762,-0.0273988,-0.476382,0.114765,0.194044,-0.440888,-0.0109762,-0.0273988,-0.428744,0.00366019
1647,29.8305,0.169646,1,-0.0110429,-0.0271131,-0.497221,0.131622,0.22627,-0.454995,-0.0110429,-0.0271131,-0.447499,0.00384354
1648,29.8486,0.194789,1,-0.0107763,-0.0266843,-0.517193,0.151781,0.264125,-0.46396,-0.0107763,-0.0266843,-0.465474,0.00390139
1649,29.8667,0.224593,1,-0.0106665,-0.0257925,-0.53679,0.175732,0.308316,-0.466413,-0.0106665,-0.0257925,-0.483111,0.00400796
1650,29.8848,0.259646,0,-0.0104039,-0.0243149,-0.555726,0.203988,0.35937,-0.460493,-0.0104039,-0.0243149,-0.500153,0.00404721
1651,29.9029,0.300954,0,-0.00973689,-0.0228524,-0.574131,0.237034,0.417403,-0.443747,-0.00973689,-0.0228524,-0.516718,0.00391318
1652,29.921,0.349242,0,-0.00884036,-0.0214883,-0.59186,0.27522,0.481762,-0.41309,-0.00884036,-0.0214883,-0.532674,0.00366258
1653,29.9391,0.404784,0,-0.00776488,-0.0200162,-0.608928,0.318602,0.5505,-0.364909,-0.00776488,-0.0200162,-0.548035,0.00330978
1654,29.9572,0.467235,0,-0.00680153,-0.0182381,-0.624756,0.366703,0.61972,-0.295471,-0.00680153,-0.0182381,-0.56228,0.00297451
1655,29.9754,0.535204,0,-0.00545157,-0.015959,-0.639348,0.418189,0.682937,-0.201853,-0.00545157,-0.015959,-0.575413,0.00243981
1656,29.9935,0.606087,0,-0.00360894,-0.0129503,-0.652717,0.470527,0.730846,-0.0835197,-0.00360894,-0.0129503,-0.587445,0.00164893
1657,30.0116,0.675858,0,-0.00157575,-0.00897998,-0.665,0.519746,0.752172,0.0555717,-0.00157575,-0.00897998,-0.5985,0.000733513
1658,30.0297,0.738795,0,0.000924702,-0.00367087,-0.676181,0.560554,0.736232,0.205189,0.000924702,-0.00367087,-0.608563,-0.000437686
1659,30.0478,0.788638,0,0.00418189,0.00329231,-0.686492,0.587062,0.677136,0.348899,0.00418189,0.00329231,-0.617843,-0.00200958
1660,30.0659,0.819753,0,0.00836948,0.0119098,-0.695512,0.594171,0.577909,0.467444,0.00836948,0.0119098,-0.625961,-0.00407475
1661,30.084,0.829208,0,0.0135554,0.0223297,-0.703492,0.579209,0.451574,0.544923,0.0135554,0.0223297,-0.633143,-0.00667529
1662,30.1021,0.81733,0,0.0198515,0.0349161,-0.710182,0.543023,0.317402,0.574566,0.0198515,0.0349161,-0.639164,-0.00986873
1663,30.1203,0.78796,0,0.0276073,0.0499849,-0.715698,0.489847,0.194054,0.56032,0.0276073,0.0499849,-0.644128,-0.0138309
1664,30.1384,0.746895,0,0.0370637,0.0682619,-0.720023,0.425995,0.0938469,0.513523,0.0370637,0.0682619,-0.648021,-0.0186807
1665,30.1565,0.700135,0,0.0485988,0.09063,-0.722949,0.358107,0.0210256,0.447489,0.0485988,0.09063,-0.650654,-0.0245941
1666,30.1746,0.65208,0,0.0627669,0.118552,-0.723091,0.291761,-0.026427,0.373344,0.0627669,0.118552,-0.650782,-0.0317703
1667,30.1927,0.605821,0,0.0798857,0.15313,-0.719155,0.230816,-0.0537168,0.298436,0.0798857,0.15313,-0.64724,-0.0402151
1668,30.2108,0.563802,0,0.100579,0.195324,-0.71091,0.177395,-0.0667199,0.226667,0.100579,0.195324,-0.639819,-0.0500519
1669,30.2289,0.527624,0,0.125811,0.246517,-0.69749,0.132225,-0.0705885,0.159578,0.125811,0.246517,-0.627741,-0.0614261
1670,30.247,0.498009,0,0.15697,0.308564,-0.675549,0.0950783,-0.069269,0.0974007,0.15697,0.308564,-0.607994,-0.0742288
1671,30.2652,0.477567,0,0.194246,0.381932,-0.643828,0.0651654,-0.065525,0.0397888,0.194246,0.381932,-0.579445,-0.0875426
1672,30.2833,0.468644,0,0.239603,0.466317,-0.59805,0.0414329,-0.0611615,-0.0137745,0.239603,0.466317,-0.538245,-0.100306
1673,30.3014,0.475252,0,0.293477,0.562601,-0.532881,0.0227605,-0.0572835,-0.0637859,0.293477,0.562601,-0.479593,-0.109472
1674,30.3195,0.495899,0,0.355158,0.661622,-0.433798,0.00807806,-0.0545224,-0.110656,0.355158,0.661622,-0.390418,-0.107847
1675,30.3376,0.533419,0,0.422794,0.754374,-0.294781,-0.00357478,-0.0532112,-0.154703,0.422794,0.754374,-0.265303,-0.0872423
1676,30.3557,0.58973,0,0.495197,0.828816,-0.115235,-0.013027,-0.0535121,-0.196165,0.495197,0.828816,-0.103711,-0.0399447
1677,30.3738,0.655443,0,0.56389,0.859657,0.0952759,-0.0209781,-0.0555052,-0.235218,0.56389,0.859657,0.0857483,0.0376076
1678,30.3919,0.717812,0,0.616902,0.821947,0.322434,-0.0280122,-0.0592488,-0.271992,0.616902,0.821947,0.290191,0.139237
1679,30.41,0.77049,0,0.648899,0.709385,0.538634,-0.0346196,-0.0648191,-0.306575,0.648899,0.709385,0.48477,0.244663
1680,30.4282,0.795338,0,0.646938,0.528455,0.692084,-0.0412192,-0.0723362,-0.33902,0.646938,0.528455,0.622875,0.313415
1681,30.4463,0.793101,0,0.609278,0.319536,0.768005,-0.0481812,-0.0819828,-0.369342,0.609278,0.319536,0.691204,0.32755
1682,30.4644,0.761291,0,0.539518,0.118764,0.759623,-0.055849,-0.0940167,-0.397509,0.539518,0.118764,0.683661,0.286881
1683,30.4825,0.713172,0,0.451498,-0.0409653,0.696806,-0.0645581,-0.108782,-0.42343,0.451498,-0.0409653,0.627125,0.220224
1684,30.5006,0.655095,0,0.355996,-0.148775,0.602588,-0.0746545,-0.126717,-0.446937,0.355996,-0.148775,0.542329,0.150163
1685,30.5187,0.595601,0,0.262181,-0.209493,0.501216,-0.0865104,-0.148362,-0.467752,0.262181,-0.209493,0.451094,0.0919865
1686,30.5368,0.537314,0,0.176435,-0.240218,0.400594,-0.100538,-0.174362,-0.485447,0.176435,-0.240218,0.360534,0.0494751
1687,30.5549,0.488645,0,0.102497,-0.255637,0.316416,-0.117201,-0.205458,-0.499389,0.102497,-0.255637,0.284774,0.0227021
1688,30.5731,0.446788,0,0.0400063,-0.258956,0.244502,-0.137022,-0.242462,-0.508656,0.0400063,-0.258956,0.220052,0.00684714
1689,30.5912,0.410509,0,-0.00917418,-0.254907,0.182071,-0.160575,-0.286202,-0.511941,-0.00917418,-0.254907,0.163864,-0.00116924
1690,30.6093,0.378683,0,-0.0500047,-0.247417,0.127346,-0.188478,-0.3374,-0.507423,-0.0500047,-0.247417,0.114611,-0.00445752
1691,30.6274,0.352552,0,-0.081352,-0.243789,0.0817982,-0.221337,-0.396465,-0.492635,-0.081352,-0.243789,0.0736183,-0.00465811
1692,30.6455,0.329481,0,-0.107876,-0.243282,0.0399135,-0.259671,-0.463139,-0.464363,-0.107876,-0.243282,0.0359221,-0.00301399
1693,30.6636,0.310145,0,-0.129858,-0.247337,-0.000289041,-0.303752,-0.535953,-0.418658,-0.129858,-0.247337,-0.000260137,2.6274e-05
1694,30.6817,0.299241,0,-0.148824,-0.25279,-0.0378603,-0.353367,-0.611482,-0.351131,-0.148824,-0.25279,-0.0340742,0.00394415
1695,30.6998,0.301655,0,-0.16434,-0.261705,-0.0681313,-0.407469,-0.683497,-0.257781,-0.16434,-0.261705,-0.0613182,0.00783768
1696,30.718,0.316847,0,-0.178483,-0.275574,-0.0933162,-0.463759,-0.742393,-0.136602,-0.178483,-0.275574,-0.0839846,0.0116587
1697,30.7361,0.34302,0,-0.193951,-0.293646,-0.114477,-0.518318,-0.775604,0.00999061,-0.193951,-0.293646,-0.103029,0.0155421
1698,30.7542,0.375815,0,-0.211572,-0.31539,-0.130298,-0.565549,-0.769976,0.172625,-0.211572,-0.31539,-0.117268,0.0192971
1699,30.7723,0.409985,0,-0.230021,-0.339954,-0.141872,-0.598788,-0.716442,0.334081,-0.230021,-0.339954,-0.127685,0.0228436
1700,30.7904,0.438421,0,-0.248851,-0.366984,-0.146813,-0.611758,-0.615515,0.472195,-0.248851,-0.366984,-0.132132,0.0255743
1701,30.8085,0.45522,0,-0.269416,-0.396626,-0.143788,-0.600565,-0.479962,0.566895,-0.269416,-0.396626,-0.129409,0.0271171
1702,30.8266,0.458735,0,-0.292005,-0.427982,-0.131871,-0.565269,-0.331505,0.607948,-0.292005,-0.427982,-0.118684,0.0269549
1703,30.8447,0.451814,0,-0.31624,-0.459279,-0.111563,-0.510062,-0.192681,0.598201,-0.31624,-0.459279,-0.100407,0.0246965
1704,30.8628,0.44027,0,-0.341909,-0.491344,-0.0834154,-0.441902,-0.0791156,0.55029,-0.341909,-0.491344,-0.0750739,0.0199644
1705,30.881,0.427815,0,-0.368367,-0.519667,-0.0449558,-0.368402,0.00335484,0.479948,-0.368367,-0.519667,-0.0404602,0.0115922
1706,30.8991,0.417936,0,-0.394327,-0.54067,0.00373958,-0.296068,0.0567612,0.400517,-0.394327,-0.54067,0.00336562,-0.00103223
1707,30.9172,0.413849,0,-0.418715,-0.553258,0.0603071,-0.22942,0.0871798,0.320729,-0.418715,-0.553258,0.0542764,-0.017676
1708,30.9353,0.415309,0,-0.440236,-0.554006,0.121832,-0.170944,0.101537,0.245077,-0.440236,-0.554006,0.109649,-0.0375443
1709,30.9534,0.420628,0,-0.45674,-0.540904,0.18401,-0.121486,0.105865,0.175184,-0.45674,-0.540904,0.165609,-0.0588312
1710,30.9715,0.427335,0,-0.466358,-0.513618,0.240826,-0.0807777,0.10473,0.111137,-0.466358,-0.513618,0.216743,-0.0786176
1711,30.9896,0.433522,0,-0.4679,-0.474641,0.288471,-0.0479092,0.101288,0.0523831,-0.4679,-0.474641,0.259624,-0.094483
1712,31.0077,0.437688,0,-0.461549,-0.42773,0.322675,-0.0216714,0.0975829,-0.00177537,-0.461549,-0.42773,0.290407,-0.104251
1713,31.0259,0.438204,0,-0.4477,-0.375895,0.341385,-0.000783735,0.0948595,-0.0519665,-0.4477,-0.375895,0.307246,-0.106986
1714,31.044,0.434608,0,-0.426534,-0.323067,0.345196,0.0159754,0.0938388,-0.0986818,-0.426534,-0.323067,0.310676,-0.103066
1715,31.0621,0.427255,0,-0.399585,-0.27404,0.3344,0.0297042,0.0949207,-0.142276,-0.399585,-0.27404,0.30096,-0.0935347
1716,31.0802,0.41718,0,-0.369549,-0.232406,0.310863,0.041356,0.0983306,-0.182988,-0.369549,-0.232406,0.279777,-0.0804155
1717,31.0983,0.405873,0,-0.33802,-0.200049,0.278742,0.051744,0.10422,-0.220963,-0.33802,-0.200049,0.250867,-0.0659541
1718,31.1164,0.394404,0,-0.307468,-0.177187,0.240148,0.0615598,0.112732,-0.256266,-0.307468,-0.177187,0.216134,-0.0516866
1719,31.1345,0.384379,0,-0.279302,-0.163776,0.198356,0.071399,0.124049,-0.28889,-0.279302,-0.163776,0.17852,-0.0387808
1720,31.1526,0.377048,0,-0.254653,-0.157609,0.156309,0.0817871,0.138413,-0.318744,-0.254653,-0.157609,0.140678,-0.0278632
1721,31.1708,0.372944,0,-0.234216,-0.156562,0.115081,0.0932061,0.156146,-0.345647,-0.234216,-0.156562,0.103573,-0.0188677
1722,31.1889,0.371816,0,-0.217157,-0.159776,0.0738447,0.106117,0.177658,-0.369297,-0.217157,-0.159776,0.0664602,-0.0112251
1723,31.207,0.375925,0,-0.204254,-0.166601,0.0365101,0.120978,0.203433,-0.389234,-0.204254,-0.166601,0.0328591,-0.00522013
1724,31.2251,0.384675,0,-0.194899,-0.175815,0.00136002,0.13826,0.234023,-0.404797,-0.194899,-0.175815,0.00122402,-0.000185546
1725,31.2432,0.398807,0,-0.18893,-0.186947,-0.0307708,0.15845,0.269997,-0.415052,-0.18893,-0.186947,-0.0276937,0.00406947
1726,31.2613,0.418604,0,-0.186233,-0.199737,-0.0605036,0.182047,0.311869,-0.418717,-0.186233,-0.199737,-0.0544533,0.00788744
1727,31.2794,0.4443,0,-0.186424,-0.213914,-0.0883814,0.209537,0.35997,-0.41408,-0.186424,-0.213914,-0.0795433,0.0115335
1728,31.2975,0.47733,0,-0.189722,-0.230649,-0.112851,0.241346,0.414231,-0.39893,-0.189722,-0.230649,-0.101566,0.0149872
1729,31.3156,0.518186,0,-0.195974,-0.250528,-0.133068,0.277747,0.473863,-0.370549,-0.195974,-0.250528,-0.119761,0.0182546
1730,31.3338,0.566041,0,-0.204701,-0.273095,-0.14942,0.318721,0.536915,-0.325839,-0.204701,-0.273095,-0.134478,0.0214105
1731,31.3519,0.620427,0,-0.216771,-0.299014,-0.16157,0.363745,0.59974,-0.261726,-0.216771,-0.299014,-0.145413,0.0245165
1732,31.37,0.679089,0,-0.231896,-0.328072,-0.168652,0.411536,0.656524,-0.175967,-0.231896,-0.328072,-0.151787,0.0273769
1733,31.3881,0.738375,0,-0.249883,-0.35992,-0.169814,0.459771,0.69919,-0.0684772,-0.249883,-0.35992,-0.152832,0.0297035
1734,31.4062,0.792896,0,-0.270353,-0.393658,-0.163892,0.504926,0.718187,0.0570086,-0.270353,-0.393658,-0.147502,0.031016
1735,31.4243,0.835827,0,-0.2926,-0.427617,-0.149933,0.542401,0.704617,0.191595,-0.2926,-0.427617,-0.134939,0.0307092
1736,31.4424,0.861267,0,-0.316687,-0.46133,-0.127198,0.567138,0.653559,0.321376,-0.316687,-0.46133,-0.114478,0.0281974
1737,31.4605,0.864972,0,-0.34269,-0.494672,-0.0943747,0.57474,0.567296,0.430101,-0.34269,-0.494672,-0.0849373,0.0226389
1738,31.4787,0.844867,0,-0.370151,-0.525037,-0.051042,0.5628,0.45626,0.50399,-0.370151,-0.525037,-0.0459378,0.0132253
1739,31.4968,0.803214,0,-0.39833,-0.549993,0.00274015,0.53181,0.336312,0.536374,-0.39833,-0.549993,0.00246613,-0.000764037
1740,31.5149,0.745331,0,-0.424894,-0.565035,0.0639074,0.485146,0.22348,0.529337,-0.424894,-0.565035,0.0575167,-0.0190077
1741,31.533,0.677868,0,-0.447028,-0.564743,0.129402,0.4281,0.129177,0.491538,-0.447028,-0.564743,0.116462,-0.0404925
1742,31.5511,0.609438,0,-0.463579,-0.548755,0.195827,0.366466,0.0583002,0.434052,-0.463579,-0.548755,0.176244,-0.0635469
1743,31.5692,0.5462,0,-0.472824,-0.516797,0.258494,0.305331,0.0102222,0.366796,-0.472824,-0.516797,0.232645,-0.0855556
1744,31.5873,0.492102,0,-0.473596,-0.47171,0.309152,0.248409,-0.0188869,0.296831,-0.473596,-0.47171,0.278237,-0.102489
1745,31.6054,0.447599,0,-0.465213,-0.418761,0.343049,0.197922,-0.0338983,0.228296,-0.465213,-0.418761,0.308744,-0.111714
1746,31.6236,0.411059,0,-0.448372,-0.362068,0.360462,0.154821,-0.0393698,0.16315,-0.448372,-0.362068,0.324416,-0.113135
1747,31.6417,0.380105,0,-0.424585,-0.305901,0.359983,0.119141,-0.0389595,0.10202,-0.424585,-0.305901,0.323984,-0.10699
1748,31.6598,0.352833,0,-0.395153,-0.255105,0.34398,0.0903374,-0.0353264,0.0448653,-0.395153,-0.255105,0.309582,-0.0951474
1749,31.6779,0.32805,0,-0.362069,-0.212691,0.315381,0.0675696,-0.0302595,-0.00862593,-0.362069,-0.212691,0.283843,-0.0799328
1750,31.696,0.306314,0,-0.328316,-0.180843,0.278994,0.0498898,-0.0248771,-0.0588217,-0.328316,-0.180843,0.251094,-0.0641186
1751,31.7141,0.287622,0,-0.296064,-0.159529,0.237671,0.036367,-0.0198195,-0.10606,-0.296064,-0.159529,0.213904,-0.049256
1752,31.7322,0.272309,0,-0.266597,-0.14722,0.194892,0.0261548,-0.0154067,-0.15062,-0.266597,-0.14722,0.175403,-0.0363703
1753,31.7503,0.260578,0,-0.241773,-0.141312,0.152471,0.0185229,-0.0117567,-0.192731,-0.241773,-0.141312,0.137224,-0.0258044
1754,31.7684,0.251186,0,-0.220887,-0.140515,0.109936,0.0128639,-0.00886978,-0.232575,-0.220887,-0.140515,0.0989424,-0.0169984
1755,31.7866,0.243426,1,-0.20358,-0.144298,0.0670013,0.00868702,-0.00668494,-0.270303,-0.20358,-0.144298,0.0603011,-0.00954808
1756,31.8047,0.238397,1,-0.190359,-0.151627,0.0265674,0.0056042,-0.00511619,-0.306047,-0.190359,-0.151627,0.0239107,-0.00354014
1757,31.8228,0.236271,1,-0.181383,-0.162019,-0.0106583,0.00331384,-0.00407441,-0.339919,-0.181383,-0.162019,-0.00959248,0.00135326
1758,31.8409,0.23581,1,-0.175956,-0.17395,-0.0460817,0.00158447,-0.00347963,-0.372024,-0.175956,-0.17395,-0.0414736,0.00567586
1759,31.859,0.23691,1,-0.173763,-0.187554,-0.079749,0.00023971,-0.00326713,-0.402457,-0.173763,-0.187554,-0.0717741,0.00970019
1760,31.8771,0.240198,1,-0.174371,-0.203389,-0.110403,-0.000854774,-0.00338986,-0.431304,-0.174371,-0.203389,-0.0993628,0.0134757
1761,31.8952,0.24624,1,-0.17789,-0.221862,-0.137166,-0.00180212,-0.00381889,-0.45865,-0.17789,-0.221862,-0.12345,0.0170803
1762,31.9133,0.255156,0,-0.184448,-0.243478,-0.160249,-0.00268322,-0.00454303,-0.484572,-0.184448,-0.243478,-0.144224,0.0206903
1763,31.9315,0.267103,0,-0.193879,-0.267734,-0.178869,-0.00356385,-0.0055683,-0.509143,-0.193879,-0.267734,-0.160982,0.0242753
1764,31.9496,0.282553,0,-0.206901,-0.295557,-0.192976,-0.00450061,-0.00691776,-0.532432,-0.206901,-0.295557,-0.173679,0.0279489
1765,31.9677,0.301755,0,-0.223163,-0.326726,-0.201476,-0.00554558,-0.00863189,-0.554502,-0.223163,-0.326726,-0.181329,0.0314734
1766,31.9858,0.324859,0,-0.242489,-0.360993,-0.20343,-0.0067505,-0.0107698,-0.575413,-0.242489,-0.360993,-0.183087,0.0345307
1767,32.0039,0.351183,0,-0.264172,-0.396586,-0.198193,-0.00817034,-0.0134114,-0.59522,-0.264172,-0.396586,-0.178374,0.0366499
1768,32.022,0.380681,0,-0.287898,-0.432929,-0.184819,-0.00986676,-0.0166604,-0.613972,-0.287898,-0.432929,-0.166337,0.0372463
1769,32.0401,0.414179,0,-0.314092,-0.470391,-0.161552,-0.0119116,-0.020649,-0.631713,-0.314092,-0.470391,-0.145397,0.0355195
1770,32.0582,0.451636,0,-0.342595,-0.508197,-0.127658,-0.0143909,-0.0255437,-0.648477,-0.342595,-0.508197,-0.114892,0.0306145
1771,32.0764,0.492473,0,-0.372746,-0.54316,-0.0815515,-0.0174089,-0.0315526,-0.664289,-0.372746,-0.54316,-0.0733964,0.0212786
1772,32.0945,0.535952,0,-0.403802,-0.572537,-0.0230081,-0.0210933,-0.0389353,-0.679161,-0.403802,-0.572537,-0.0207073,0.0065035
1773,32.1126,0.57927,0,-0.433595,-0.591944,0.0447142,-0.0256015,-0.0480144,-0.693083,-0.433595,-0.591944,0.0402428,-0.0135715
1774,32.1307,0.619245,0,-0.45923,-0.594957,0.11865,-0.031128,-0.0591905,-0.706017,-0.45923,-0.594957,0.106785,-0.0381415
1775,32.1488,0.653936,0,-0.478836,-0.579499,0.194201,-0.037913,-0.0729595,-0.717886,-0.478836,-0.579499,0.174781,-0.0650933
1776,32.1669,0.68189,0,-0.490726,-0.545737,0.266244,-0.046254,-0.0899336,-0.728547,-0.490726,-0.545737,0.23962,-0.0914571
1777,32.185,0.69959,0,-0.492817,-0.495579,0.325209,-0.0565179,-0.110865,-0.737766,-0.492817,-0.495579,0.292688,-0.112188
1778,32.2031,0.706027,0,-0.484443,-0.435949,0.365412,-0.0691565,-0.136669,-0.745169,-0.484443,-0.435949,0.328871,-0.123915
1779,32.2212,0.702094,0,-0.466594,-0.372215,0.386254,-0.0847232,-0.168448,-0.750171,-0.466594,-0.372215,0.347628,-0.126157
1780,32.2394,0.688284,0,-0.440623,-0.308932,0.387218,-0.103889,-0.207503,-0.751872,-0.440623,-0.308932,0.348496,-0.119432
1781,32.2575,0.666384,0,-0.408147,-0.251503,0.370651,-0.127456,-0.255312,-0.748903,-0.408147,-0.251503,0.333586,-0.105896
1782,32.2756,0.638469,0,-0.371281,-0.203515,0.339979,-0.156362,-0.313457,-0.739211,-0.371281,-0.203515,0.305981,-0.0883595
1783,32.2937,0.607475,0,-0.333606,-0.167529,0.300186,-0.191656,-0.383428,-0.719773,-0.333606,-0.167529,0.270168,-0.0701008
1784,32.3118,0.575371,0,-0.297602,-0.143519,0.254514,-0.234427,-0.466213,-0.686247,-0.297602,-0.143519,0.229062,-0.0530206
1785,32.3299,0.545564,0,-0.264778,-0.130209,0.207835,-0.285646,-0.561534,-0.632666,-0.264778,-0.130209,0.187052,-0.0385212
1786,32.348,0.521357,0,-0.236963,-0.123743,0.162024,-0.345838,-0.666551,-0.551381,-0.236963,-0.123743,0.145821,-0.0268755
1787,32.3661,0.505848,0,-0.213589,-0.122433,0.11646,-0.414536,-0.77397,-0.433783,-0.213589,-0.122433,0.104814,-0.0174122
1788,32.3843,0.502672,0,-0.194054,-0.126006,0.0699834,-0.489445,-0.86992,-0.272615,-0.194054,-0.126006,0.0629851,-0.00950642
1789,32.4024,0.515706,0,-0.179149,-0.133062,0.0269786,-0.565458,-0.932967,-0.0666985,-0.179149,-0.133062,0.0242808,-0.00338324
1790,32.4205,0.54185,0,-0.168766,-0.143421,-0.0134448,-0.633982,-0.937043,0.172415,-0.168766,-0.143421,-0.0121003,0.00158832
1791,32.4386,0.574073,0,-0.162127,-0.154942,-0.0515687,-0.683524,-0.860988,0.415683,-0.162127,-0.154942,-0.0464118,0.00585249
1792,32.4567,0.601375,0,-0.1587,-0.167747,-0.0884866,-0.702424,-0.702712,0.62083,-0.1587,-0.167747,-0.0796379,0.00982997
1793,32.4748,0.613559,0,-0.158412,-0.182177,-0.12298,-0.683323,-0.487645,0.749099,-0.158412,-0.182177,-0.110682,0.013637
1794,32.4929,0.605867,0,-0.160753,-0.199479,-0.15321,-0.62685,-0.260306,0.785022,-0.160753,-0.199479,-0.137889,0.0172402
1795,32.511,0.581974,0,-0.16576,-0.219988,-0.179657,-0.541684,-0.0626679,0.742305,-0.16576,-0.219988,-0.161691,0.0208459
1796,32.5292,0.549659,0,-0.17408,-0.243267,-0.202151,-0.440839,0.0829346,0.65155,-0.17408,-0.243267,-0.181936,0.0246333
1797,32.5473,0.517427,0,-0.185883,-0.269557,-0.220345,-0.336963,0.175301,0.542852,-0.185883,-0.269557,-0.19831,0.0286709
1798,32.5654,0.49139,0,-0.200729,-0.299192,-0.232915,-0.239331,0.225454,0.43615,-0.200729,-0.299192,-0.209623,0.0327269
1799,32.5835,0.475334,0,-0.218845,-0.332855,-0.239657,-0.153151,0.24737,0.340732,-0.218845,-0.332855,-0.215691,0.0367133
1800,32.6016,0.469548,0,-0.239497,-0.369174,-0.240198,-0.0803048,0.252941,0.25886,-0.239497,-0.369174,-0.216178,0.0402686
1801,32.6197,0.47309,0,-0.263257,-0.407837,-0.233592,-0.0204968,0.25061,0.189442,-0.263257,-0.407837,-0.210233,0.0430462
1802,32.6378,0.484402,0,-0.289811,-0.448898,-0.216826,0.0277488,0.245765,0.130354,-0.289811,-0.448898,-0.195143,0.043987
1803,32.6559,0.502481,0,-0.319019,-0.491055,-0.189019,0.0663986,0.241601,0.079552,-0.319019,-0.491055,-0.170117,0.0422104
1804,32.674,0.526967,0,-0.350675,-0.533413,-0.149568,0.0974976,0.239884,0.0354576,-0.350675,-0.533413,-0.134611,0.0367148
1805,32.6922,0.555683,0,-0.384063,-0.571268,-0.0961185,0.122953,0.241512,-0.00299444,-0.384063,-0.571268,-0.0865066,0.0258409
1806,32.7103,0.588137,0,-0.418216,-0.602279,-0.027609,0.144435,0.246874,-0.0364304,-0.418216,-0.602279,-0.0248481,0.00808257
1807,32.7284,0.622067,0,-0.450725,-0.621522,0.0516526,0.163355,0.256072,-0.0651338,-0.450725,-0.621522,0.0464873,-0.0162968
1808,32.7465,0.652857,0,-0.47845,-0.621395,0.136891,0.180867,0.269045,-0.0891258,-0.47845,-0.621395,0.123202,-0.0458468
1809,32.7646,0.677656,0,-0.498779,-0.599286,0.222235,0.197899,0.285638,-0.108222,-0.498779,-0.599286,0.200011,-0.0775922
1810,32.7827,0.694624,0,-0.510086,-0.555853,0.301465,0.215173,0.305613,-0.122072,-0.510086,-0.555853,0.271318,-0.107641
1811,32.8008,0.700576,0,-0.509251,-0.494585,0.363224,0.233227,0.328635,-0.130189,-0.509251,-0.494585,0.326901,-0.129481
1812,32.8189,0.696001,0,-0.496776,-0.424411,0.402497,0.252432,0.354227,-0.131979,-0.496776,-0.424411,0.362248,-0.139966
1813,32.8371,0.681177,0,-0.473879,-0.351455,0.417882,0.272984,0.381714,-0.126789,-0.473879,-0.351455,0.376094,-0.138618
1814,32.8552,0.658076,0,-0.442253,-0.282037,0.412036,0.294898,0.410144,-0.113975,-0.442253,-0.282037,0.370833,-0.127557
1815,32.8733,0.62883,0,-0.403813,-0.220764,0.387636,0.317983,0.438225,-0.0930154,-0.403813,-0.220764,0.348873,-0.109573
1816,32.8914,0.59734,0,-0.36188,-0.171843,0.349377,0.341812,0.464285,-0.0636637,-0.36188,-0.171843,0.31444,-0.0885029
1817,32.9095,0.567876,0,-0.320408,-0.137025,0.302749,0.3657,0.486298,-0.0261508,-0.320408,-0.137025,0.272474,-0.0679022
1818,32.9276,0.542897,0,-0.281376,-0.115124,0.251778,0.388691,0.502005,0.0185979,-0.281376,-0.115124,0.2266,-0.049591
1819,32.9457,0.52395,0,-0.246698,-0.103494,0.201043,0.409594,0.50917,0.0687811,-0.246698,-0.103494,0.180938,-0.0347178
1820,32.9638,0.51075,0,-0.217704,-0.0990042,0.15164,0.427058,0.505959,0.121658,-0.217704,-0.0990042,0.136476,-0.0231088
1821,32.982,0.501325,0,-0.192892,-0.0990372,0.101698,0.439716,0.49139,0.173692,-0.192892,-0.0990372,0.0915285,-0.0137318
1822,33.0001,0.495223,0,-0.172949,-0.10374,0.0539459,0.446384,0.465712,0.22094,-0.172949,-0.10374,0.0485513,-0.00653091
1823,33.0182,0.490656,0,-0.158016,-0.112079,0.00946114,0.446268,0.430574,0.259657,-0.158016,-0.112079,0.00851503,-0.00104651
1824,33.0363,0.485855,0,-0.147655,-0.122881,-0.0323957,0.439137,0.38885,0.286937,-0.147655,-0.122881,-0.0291561,0.00334837
1825,33.0544,0.478994,0,-0.14065,-0.133678,-0.0723962,0.425399,0.344144,0.301208,-0.14065,-0.133678,-0.0651565,0.00712775
1826,33.0725,0.470318,0,-0.136652,-0.144993,-0.111063,0.406059,0.30012,0.302382,-0.136652,-0.144993,-0.0999566,0.0106238
1827,33.0906,0.460599,0,-0.135971,-0.158135,-0.147472,0.38256,0.259883,0.291665,-0.135971,-0.158135,-0.132725,0.0140363
1828,33.1087,0.450576,0,-0.138055,-0.174762,-0.180697,0.356558,0.225588,0.271114,-0.138055,-0.174762,-0.162628,0.0174623
1829,33.1268,0.44072,0,-0.142706,-0.194076,-0.210223,0.329704,0.198348,0.243137,-0.142706,-0.194076,-0.1892,0.0210001
1830,33.145,0.43202,0,-0.150656,-0.215784,-0.235279,0.303463,0.178372,0.210075,-0.150656,-0.215784,-0.211751,0.0248123
1831,33.1631,0.425598,0,-0.161367,-0.240269,-0.256193,0.279008,0.16524,0.173961,-0.161367,-0.240269,-0.230573,0.0289388
1832,33.1812,0.422733,0,-0.174733,-0.268414,-0.272937,0.257187,0.158185,0.136415,-0.174733,-0.268414,-0.245643,0.0333837
1833,33.1993,0.424342,0,-0.19119,-0.300811,-0.284164,0.238543,0.156325,0.0986626,-0.19119,-0.300811,-0.255748,0.0380305
1834,33.2174,0.431105,0,-0.210841,-0.336625,-0.289891,0.223361,0.158826,0.0616079,-0.210841,-0.336625,-0.260902,0.0427846
1835,33.2355,0.443614,0,-0.234005,-0.376353,-0.288153,0.211738,0.164992,0.0259178,-0.234005,-0.376353,-0.259337,0.0472004
1836,33.2536,0.462633,0,-0.260951,-0.420125,-0.277912,0.203639,0.174295,-0.007894,-0.260951,-0.420125,-0.25012,0.050765
1837,33.2717,0.488015,0,-0.291031,-0.467082,-0.257042,0.19896,0.186382,-0.0394002,-0.291031,-0.467082,-0.231338,0.0523651
1838,33.2899,0.519266,0,-0.323828,-0.51503,-0.224096,0.197563,0.201045,-0.0682075,-0.323828,-0.51503,-0.201686,0.050798
1839,33.308,0.55616,0,-0.358905,-0.562496,-0.176739,0.199311,0.218194,-0.0939162,-0.358905,-0.562496,-0.159066,0.0444029
1840,33.3261,0.597378,0,-0.396089,-0.605015,-0.112505,0.204082,0.237816,-0.11609,-0.396089,-0.605015,-0.101255,0.0311934
1841,33.3442,0.641807,0,-0.434549,-0.638559,-0.030653,0.211778,0.25993,-0.134228,-0.434549,-0.638559,-0.0275877,0.00932416
1842,33.3623,0.685672,0,-0.470877,-0.656245,0.0639988,0.222321,0.284539,-0.147752,-0.470877,-0.656245,0.0575989,-0.0210949
1843,33.3804,0.723596,0,-0.501008,-0.650979,0.162769,0.235644,0.311574,-0.15599,-0.501008,-0.650979,0.146492,-0.0570839
1844,33.3985,0.751699,0,-0.521758,-0.61954,0.259765,0.251664,0.340823,-0.158178,-0.521758,-0.61954,0.233788,-0.0948741
1845,33.4166,0.767705,0,-0.531675,-0.563187,0.347238,0.270257,0.37185,-0.153485,-0.531675,-0.563187,0.312514,-0.129232
1846,33.4348,0.767774,0,-0.526862,-0.486967,0.411675,0.291215,0.403909,-0.141064,-0.526862,-0.486967,0.370508,-0.151827
1847,33.4529,0.753253,0,-0.508672,-0.402383,0.447666,0.314195,0.435853,-0.120153,-0.508672,-0.402383,0.4029,-0.159401
1848,33.471,0.725881,0,-0.478761,-0.318812,0.454275,0.338666,0.466068,-0.0902302,-0.478761,-0.318812,0.408848,-0.152243
1849,33.4891,0.689042,0,-0.439156,-0.242163,0.438502,0.363855,0.49246,-0.051234,-0.439156,-0.242163,0.394651,-0.134799
1850,33.5072,0.646431,0,-0.393394,-0.177393,0.403484,0.388711,0.512555,-0.00382627,-0.393394,-0.177393,0.363136,-0.11111
1851,33.5253,0.603961,0,-0.345881,-0.12943,0.356003,0.411909,0.523746,0.0503556,-0.345881,-0.12943,0.320403,-0.0861942
1852,33.5434,0.564929,0,-0.29975,-0.0968843,0.300823,0.431909,0.523712,0.108551,-0.29975,-0.0968843,0.270741,-0.0631202
1853,33.5615,0.53229,0,-0.257477,-0.0786004,0.244352,0.4471,0.510958,0.166948,-0.257477,-0.0786004,0.219917,-0.0440404
1854,33.5796,0.505562,0,-0.221019,-0.0690659,0.188757,0.456011,0.485341,0.221074,-0.221019,-0.0690659,0.169882,-0.0292032
1855,33.5978,0.483465,0,-0.190221,-0.0659479,0.135843,0.457564,0.448374,0.266467,-0.190221,-0.0659479,0.122259,-0.0180882
1856,33.6159,0.464551,0,-0.164252,-0.0676406,0.0829754,0.451305,0.403136,0.299496,-0.164252,-0.0676406,0.0746778,-0.00954021
1857,33.634,0.447759,0,-0.144032,-0.0739498,0.0345735,0.437524,0.353732,0.318026,-0.144032,-0.0739498,0.0311161,-0.00348578
1858,33.6521,0.432121,0,-0.129059,-0.0834888,-0.0117843,0.417239,0.304492,0.321706,-0.129059,-0.0834888,-0.0106059,0.00106461
1859,33.6702,0.415913,0,-0.118205,-0.0928006,-0.0552795,0.392022,0.259162,0.311793,-0.118205,-0.0928006,-0.0497515,0.004574
1860,33.6883,0.399592,0,-0.110296,-0.101976,-0.0971823,0.363743,0.220376,0.29063,-0.110296,-0.101976,-0.087464,0.0075032
1861,33.7064,0.384145,0,-0.105734,-0.111395,-0.137161,0.334288,0.189501,0.261015,-0.105734,-0.111395,-0.123445,0.0101518
1862,33.7245,0.37108,0,-0.104973,-0.123145,-0.175166,0.305343,0.166795,0.225679,-0.104973,-0.123145,-0.157649,0.0128713
1863,33.7427,0.360406,0,-0.10662,-0.137812,-0.210162,0.278257,0.15174,0.186961,-0.10662,-0.137812,-0.189145,0.0156851
1864,33.7608,0.352209,0,-0.110332,-0.153692,-0.242099,0.253997,0.143396,0.146691,-0.110332,-0.153692,-0.217889,0.0186978
1865,33.7789,0.347166,0,-0.116679,-0.172073,-0.269761,0.233166,0.140697,0.106214,-0.116679,-0.172073,-0.242785,0.0220328
1866,33.797,0.345829,0,-0.124946,-0.192723,-0.294115,0.216071,0.14264,0.066484,-0.124946,-0.192723,-0.264703,0.0257239
1867,33.8151,0.349057,0,-0.13569,-0.216442,-0.315113,0.202795,0.148395,0.0281731,-0.13569,-0.216442,-0.283601,0.0299303
1868,33.8332,0.357904,0,-0.149284,-0.243926,-0.333685,0.193275,0.157342,-0.00822731,-0.149284,-0.243926,-0.300317,0.0348698
1869,33.8513,0.372537,0,-0.166044,-0.275863,-0.348079,0.187368,0.169071,-0.0423264,-0.166044,-0.275863,-0.313271,0.0404575
1870,33.8694,0.392632,0,-0.18574,-0.312031,-0.356091,0.184899,0.183352,-0.0737743,-0.18574,-0.312031,-0.320482,0.0462983
1871,33.8876,0.419273,0,-0.209382,-0.353274,-0.357282,0.185698,0.200102,-0.102218,-0.209382,-0.353274,-0.321554,0.052366
1872,33.9057,0.452308,0,-0.236282,-0.399496,-0.349521,0.189621,0.21934,-0.127265,-0.236282,-0.399496,-0.314569,0.0578098
1873,33.9238,0.492314,0,-0.266998,-0.451047,-0.330389,0.196559,0.241149,-0.148459,-0.266998,-0.451047,-0.29735,0.0617493
1874,33.9419,0.539344,0,-0.301949,-0.506587,-0.299089,0.20644,0.265621,-0.165252,-0.301949,-0.506587,-0.26918,0.0632168
1875,33.96,0.592431,0,-0.34063,-0.563758,-0.253062,0.219221,0.292807,-0.176988,-0.34063,-0.563758,-0.227756,0.0603403
1876,33.9781,0.649425,0,-0.382358,-0.617707,-0.187705,0.234864,0.32265,-0.182891,-0.382358,-0.617707,-0.168934,0.0502393
1877,33.9962,0.708174,0,-0.426121,-0.663121,-0.101257,0.253312,0.354903,-0.182067,-0.426121,-0.663121,-0.091131,0.0302033
1878,34.0143,0.765586,0,-0.469421,-0.69414,0.00467766,0.274449,0.389033,-0.17354,-0.469421,-0.69414,0.00420989,-0.00153705
1879,34.0324,0.815493,0,-0.508803,-0.701239,0.122385,0.298047,0.424107,-0.156317,-0.508803,-0.701239,0.110146,-0.0435889
1880,34.0506,0.850051,0,-0.538342,-0.676525,0.239152,0.323705,0.458688,-0.129529,-0.538342,-0.676525,0.215237,-0.0901221
1881,34.0687,0.865121,0,-0.5547,-0.618891,0.347926,0.35078,0.490755,-0.0926364,-0.5547,-0.618891,0.313134,-0.135096
1882,34.0868,0.85859,0,-0.556206,-0.534069,0.43586,0.378325,0.517719,-0.0457247,-0.556206,-0.534069,0.392274,-0.1697
1883,34.1049,0.828325,0,-0.539105,-0.431007,0.490483,0.405053,0.536581,0.0101627,-0.539105,-0.431007,0.441434,-0.185095
1884,34.123,0.780567,0,-0.507499,-0.328645,0.506449,0.429355,0.544306,0.0727256,-0.507499,-0.328645,0.455804,-0.179916
1885,34.1411,0.720191,0,-0.463135,-0.236116,0.489574,0.449406,0.53841,0.138288,-0.463135,-0.236116,0.440617,-0.158717
1886,34.1592,0.65389,0,-0.41084,-0.157808,0.45144,0.463368,0.517665,0.202018,-0.41084,-0.157808,0.406296,-0.129829
1887,34.1773,0.588712,0,-0.3557,-0.0996349,0.397813,0.469682,0.482688,0.25856,-0.3557,-0.0996349,0.358031,-0.0990513
1888,34.1955,0.528652,0,-0.301568,-0.0598733,0.336432,0.467373,0.436142,0.303,-0.301568,-0.0598733,0.302789,-0.07102
1889,34.2136,0.476438,0,-0.251706,-0.0373166,0.272017,0.456294,0.382368,0.331856,-0.251706,-0.0373166,0.244815,-0.0479278
1890,34.2317,0.431558,0,-0.20855,-0.0253967,0.20992,0.437202,0.326495,0.343721,-0.20855,-0.0253967,0.188928,-0.0306453
1891,34.2498,0.392585,0,-0.171913,-0.0208775,0.151552,0.411635,0.273377,0.339319,-0.171913,-0.0208775,0.136397,-0.0182377
1892,34.2679,0.358155,0,-0.140618,-0.0208592,0.0956638,0.381634,0.226725,0.321006,-0.140618,-0.0208592,0.0860974,-0.00941645
1893,34.286,0.328591,0,-0.115715,-0.025209,0.0433536,0.349403,0.188708,0.291989,-0.115715,-0.025209,0.0390183,-0.00351168
1894,34.3041,0.304229,0,-0.0970936,-0.0329681,-0.00700496,0.316996,0.160024,0.255577,-0.0970936,-0.0329681,-0.00630446,0.000476096
1895,34.3222,0.283532,0,-0.082629,-0.0410205,-0.0542809,0.286111,0.140262,0.214679,-0.082629,-0.0410205,-0.0488528,0.00313962
1896,34.3404,0.2665,0,-0.0720928,-0.0479831,-0.0986159,0.257998,0.128368,0.171582,-0.0720928,-0.0479831,-0.0887543,0.00497665
1897,34.3585,0.253226,0,-0.0645663,-0.0538344,-0.14088,0.23346,0.12304,0.127944,-0.0645663,-0.0538344,-0.126792,0.00636727
1898,34.3766,0.244596,1,-0.0606294,-0.0609208,-0.181224,0.212918,0.123014,0.0848972,-0.0606294,-0.0609208,-0.163102,0.00769126
1899,34.3947,0.240003,1,-0.058958,-0.0697687,-0.218985,0.196506,0.127215,0.0431981,-0.058958,-0.0697687,-0.197086,0.00903763
1900,34.4128,0.238377,1,-0.05869,-0.0787168,-0.253347,0.184159,0.134824,0.00335428,-0.05869,-0.0787168,-0.228012,0.0104082
1901,34.4309,0.240359,1,-0.0599332,-0.0885546,-0.285492,0.175704,0.145282,-0.0342684,-0.0599332,-0.0885546,-0.256943,0.0119773
1902,34.449,0.246061,1,-0.0627307,-0.0994964,-0.315556,0.170916,0.158262,-0.0693707,-0.0627307,-0.0994964,-0.284,0.0138565
1903,34.4671,0.255853,0,-0.0674612,-0.111373,-0.344502,0.169574,0.173631,-0.101667,-0.0674612,-0.111373,-0.310052,0.0162684
1904,34.4852,0.2695,0,-0.0736171,-0.124699,-0.371466,0.171484,0.191399,-0.130844,-0.0736171,-0.124699,-0.334319,0.0191424
1905,34.5034,0.287141,0,-0.0810974,-0.139861,-0.39614,0.176502,0.211681,-0.156534,-0.0810974,-0.139861,-0.356526,0.0224881
1906,34.5215,0.309298,0,-0.0903859,-0.157211,-0.418815,0.184536,0.234651,-0.17828,-0.0903859,-0.157211,-0.376933,0.0264984
1907,34.5396,0.337084,0,-0.101598,-0.178813,-0.439635,0.195544,0.260493,-0.195518,-0.101598,-0.178813,-0.395671,0.0312662
1908,34.5577,0.369858,0,-0.114533,-0.20374,-0.457028,0.209521,0.289344,-0.207546,-0.114533,-0.20374,-0.411325,0.0366414
1909,34.5758,0.408455,0,-0.130148,-0.233197,-0.47029,0.226479,0.32123,-0.213513,-0.130148,-0.233197,-0.423261,0.042845
1910,34.5939,0.453114,0,-0.148479,-0.267858,-0.47855,0.246416,0.355971,-0.212409,-0.148479,-0.267858,-0.430695,0.0497383
1911,34.612,0.504166,0,-0.17034,-0.308765,-0.480085,0.269267,0.393072,-0.203096,-0.17034,-0.308765,-0.432076,0.0572443
1912,34.6301,0.562074,0,-0.19666,-0.357242,-0.474118,0.294852,0.431583,-0.184373,-0.19666,-0.357242,-0.426706,0.0652679
1913,34.6483,0.626581,0,-0.227879,-0.414101,-0.460092,0.322796,0.46996,-0.155125,-0.227879,-0.414101,-0.414083,0.0733919
1914,34.6664,0.696046,0,-0.264726,-0.479061,-0.4344,0.352447,0.505948,-0.114562,-0.264726,-0.479061,-0.39096,0.0804979
1915,34.6845,0.767243,0,-0.307109,-0.550363,-0.392137,0.382794,0.536565,-0.0625799,-0.307109,-0.550363,-0.352924,0.0843002
1916,34.7026,0.835647,0,-0.35496,-0.624515,-0.327451,0.41241,0.55826,-0.000181296,-0.35496,-0.624515,-0.294706,0.0813624
1917,34.7207,0.894514,0,-0.407455,-0.693222,-0.236739,0.439463,0.56735,0.070111,-0.407455,-0.693222,-0.213065,0.0675223
1918,34.7388,0.938006,0,-0.461587,-0.749718,-0.119669,0.461827,0.560748,0.144059,-0.461587,-0.749718,-0.107702,0.0386664
1919,34.7569,0.959497,0,-0.514025,-0.78277,0.0219027,0.477331,0.536875,0.215944,-0.514025,-0.78277,0.0197124,-0.00788096
1920,34.775,0.953837,0,-0.560128,-0.779821,0.17887,0.484117,0.49645,0.27936,-0.560128,-0.779821,0.160983,-0.0701331
1921,34.7932,0.91772,0,-0.593034,-0.728992,0.332578,0.481035,0.442755,0.32846,-0.593034,-0.728992,0.29932,-0.138061
1922,34.8113,0.855355,0,-0.606357,-0.633328,0.46707,0.467946,0.38114,0.359241,-0.606357,-0.633328,0.420363,-0.198248
1923,34.8294,0.77439,0,-0.59705,-0.50375,0.561332,0.44581,0.317837,0.370335,-0.59705,-0.50375,0.505199,-0.2346
1924,34.8475,0.682657,0,-0.563033,-0.358819,0.602542,0.416514,0.25857,0.362998,-0.563033,-0.358819,0.542288,-0.237476
1925,34.8656,0.591839,0,-0.511145,-0.228164,0.590201,0.382504,0.207498,0.340378,-0.511145,-0.228164,0.531181,-0.211175
1926,34.8837,0.505237,0,-0.445841,-0.120855,0.541986,0.346354,0.166805,0.306463,-0.445841,-0.120855,0.487787,-0.169148
1927,34.9018,0.427065,0,-0.375612,-0.042081,0.476147,0.310396,0.136897,0.265163,-0.375612,-0.042081,0.428533,-0.125193
1928,34.9199,0.357993,0,-0.306512,0.0109827,0.402401,0.276485,0.116944,0.219746,-0.306512,0.0109827,0.362161,-0.0863386
1929,34.938,0.29782,0,-0.242596,0.0404778,0.325016,0.245923,0.105468,0.172646,-0.242596,0.0404778,0.292514,-0.0551933
1930,34.9562,0.246961,1,-0.186696,0.0543046,0.251314,0.219484,0.100822,0.125522,-0.186696,0.0543046,0.226183,-0.0328435
1931,34.9743,0.204705,1,-0.138828,0.061669,0.184314,0.197515,0.101494,0.0794369,-0.138828,0.061669,0.165883,-0.0179116
1932,34.9924,0.170235,1,-0.0977539,0.0632588,0.124015,0.180049,0.106256,0.0350418,-0.0977539,0.0632588,0.111613,-0.00848604
1933,35.0105,0.144464,1,-0.0658091,0.0608225,0.0675414,0.166923,0.114208,-0.00726182,-0.0658091,0.0608225,0.0607872,-0.00311138
1934,35.0286,0.126459,1,-0.0409221,0.0554362,0.0132289,0.157867,0.124762,-0.0472072,-0.0409221,0.0554362,0.011906,-0.000378949
1935,35.0467,0.115062,1,-0.0208152,0.0520648,-0.0362657,0.152584,0.1376,-0.084584,-0.0208152,0.0520648,-0.0326392,0.000528415
1936,35.0648,0.109111,1,-0.00417009,0.0506559,-0.0830351,0.150789,0.152617,-0.119187,-0.00417009,0.0506559,-0.0747316,0.000242384
1937,35.0829,0.107955,1,0.00960239,0.0516072,-0.125725,0.15225,0.169874,-0.150778,0.00960239,0.0516072,-0.113153,-0.000845084
1938,35.1011,0.110861,1,0.0208864,0.054642,-0.164951,0.156797,0.18955,-0.179059,0.0208864,0.054642,-0.148456,-0.00241166
1939,35.1192,0.117812,1,0.029933,0.058373,-0.201584,0.164333,0.211904,-0.203644,0.029933,0.058373,-0.181425,-0.0042238
1940,35.1373,0.126158,1,0.0394255,0.0662742,-0.237749,0.174828,0.237228,-0.224031,0.0394255,0.0662742,-0.213974,-0.00656137
1941,35.1554,0.136665,1,0.0488107,0.0770948,-0.270527,0.188313,0.265808,-0.239571,0.0488107,0.0770948,-0.243475,-0.00924323
1942,35.1735,0.149368,1,0.0587322,0.0905644,-0.300537,0.204856,0.297854,-0.24944,0.0587322,0.0905644,-0.270483,-0.0123558
1943,35.1916,0.164884,1,0.068716,0.105859,-0.326716,0.224541,0.333429,-0.252616,0.068716,0.105859,-0.294044,-0.0157154
1944,35.2097,0.182373,1,0.0794717,0.124456,-0.348518,0.247423,0.372331,-0.247867,0.0794717,0.124456,-0.313667,-0.0193881
1945,35.2278,0.201419,1,0.0924096,0.147009,-0.366709,0.273476,0.413946,-0.233788,0.0924096,0.147009,-0.330038,-0.0237212
1946,35.246,0.222495,1,0.107669,0.173156,-0.381907,0.302516,0.457075,-0.208888,0.107669,0.173156,-0.343717,-0.0287837
1947,35.2641,0.244341,1,0.125857,0.20482,-0.392622,0.334102,0.499738,-0.171795,0.125857,0.20482,-0.35336,-0.0345901
1948,35.2822,0.266227,0,0.14671,0.242776,-0.397539,0.367432,0.539028,-0.121591,0.14671,0.242776,-0.357786,-0.0408262
1949,35.3003,0.286943,0,0.171217,0.287737,-0.395649,0.401231,0.571111,-0.0583054,0.171217,0.287737,-0.356084,-0.0474195
1950,35.3184,0.304521,0,0.201247,0.340386,-0.384893,0.433693,0.591495,0.0164969,0.201247,0.340386,-0.346404,-0.054221
1951,35.3365,0.318626,0,0.23459,0.397037,-0.362482,0.462513,0.595705,0.0991996,0.23459,0.397037,-0.326234,-0.0595242
1952,35.3546,0.327728,0,0.27279,0.456051,-0.327574,0.485076,0.580362,0.18399,0.27279,0.456051,-0.294816,-0.0625511
1953,35.3727,0.329246,0,0.315962,0.517482,-0.276091,0.498832,0.544413,0.263392,0.315962,0.517482,-0.248482,-0.0610639
1954,35.3908,0.321991,0,0.361598,0.576078,-0.203295,0.501792,0.490017,0.329596,0.361598,0.576078,-0.182966,-0.0514578
1955,35.409,0.307909,0,0.408683,0.627068,-0.10902,0.493029,0.422529,0.376237,0.408683,0.627068,-0.0981176,-0.0311881
1956,35.4271,0.289836,0,0.45484,0.658901,0.00512735,0.472972,0.349362,0.399933,0.45484,0.658901,0.00461461,0.00163249
1957,35.4452,0.272054,0,0.49605,0.663872,0.135367,0.443363,0.278149,0.400851,0.49605,0.663872,0.121831,0.0470043
1958,35.4633,0.26066,0,0.528778,0.635481,0.271759,0.406895,0.215009,0.38212,0.528778,0.635481,0.244583,0.10059
1959,35.4814,0.256722,0,0.545547,0.568318,0.392181,0.366653,0.163586,0.348503,0.545547,0.568318,0.352963,0.149767
1960,35.4995,0.255879,0,0.543421,0.467404,0.483204,0.325588,0.125031,0.305014,0.543421,0.467404,0.434884,0.183808
1961,35.5176,0.257301,0,0.52172,0.349117,0.539454,0.286137,0.0986247,0.255966,0.52172,0.349117,0.485508,0.197011
1962,35.5357,0.255507,0,0.483091,0.234259,0.54888,0.250053,0.0825981,0.204579,0.483091,0.234259,0.493992,0.185611
1963,35.5539,0.248783,1,0.431898,0.132602,0.522817,0.21841,0.0748336,0.153001,0.431898,0.132602,0.470535,0.158062
1964,35.572,0.239266,1,0.372274,0.0501438,0.474832,0.19171,0.0733274,0.102536,0.372274,0.0501438,0.427349,0.123737
1965,35.5901,0.228405,1,0.310461,-0.0119043,0.41306,0.17003,0.0764226,0.0539161,0.310461,-0.0119043,0.371754,0.0897674
1966,35.6082,0.216791,1,0.251871,-0.0505297,0.344352,0.153171,0.0828833,0.0075221,0.251871,-0.0505297,0.309917,0.0607128
1967,35.6263,0.205991,1,0.197485,-0.0710995,0.275833,0.140787,0.0918763,-0.03645,0.197485,-0.0710995,0.24825,0.0381311
1968,35.6444,0.197359,1,0.152334,-0.0800234,0.210194,0.132474,0.102913,-0.0778876,0.152334,-0.0800234,0.189175,0.0224139
1969,35.6625,0.190696,1,0.11388,-0.0822194,0.147301,0.127842,0.115782,-0.116698,0.11388,-0.0822194,0.132571,0.0117423
1970,35.6806,0.188622,1,0.0800678,-0.0826001,0.0904752,0.126552,0.130483,-0.152772,0.0800678,-0.0826001,0.0814277,0.00507091
1971,35.6988,0.187648,1,0.0541157,-0.0795412,0.034783,0.128344,0.147175,-0.185955,0.0541157,-0.0795412,0.0313047,0.00131762
1972,35.7169,0.189639,1,0.0335901,-0.0760681,-0.0176943,0.133044,0.166135,-0.216027,0.0335901,-0.0760681,-0.0159249,-0.000416047
1973,35.735,0.195229,1,0.0176602,-0.0724059,-0.0649986,0.140569,0.187722,-0.242677,0.0176602,-0.0724059,-0.0584987,-0.000803524
1974,35.7531,0.204001,1,0.00522439,-0.0688808,-0.108848,0.150922,0.212347,-0.265475,0.00522439,-0.0688808,-0.0979636,-0.000398067
1975,35.7712,0.216198,1,-0.0041164,-0.066298,-0.150373,0.164179,0.240439,-0.283842,-0.0041164,-0.066298,-0.135335,0.000433296
1976,35.7893,0.232053,1,-0.011283,-0.0645965,-0.19114,0.180483,0.272397,-0.297003,-0.011283,-0.0645965,-0.172026,0.00150965
1977,35.8074,0.253315,0,-0.0182212,-0.0644475,-0.227991,0.200011,0.308526,-0.303952,-0.0182212,-0.0644475,-0.205192,0.002908
1978,35.8255,0.279174,0,-0.0235178,-0.0651108,-0.262991,0.222949,0.348935,-0.303413,-0.0235178,-0.0651108,-0.236692,0.00432948
1979,35.8436,0.310361,0,-0.0278885,-0.0670878,-0.298598,0.249441,0.393388,-0.29382,-0.0278885,-0.0670878,-0.268738,0.0058292
1980,35.8618,0.347834,0,-0.0322902,-0.0710669,-0.331848,0.279511,0.441108,-0.273359,-0.0322902,-0.0710669,-0.298663,0.00750081
1981,35.8799,0.390428,0,-0.0365176,-0.0754393,-0.361961,0.31297,0.490519,-0.240091,-0.0365176,-0.0754393,-0.325765,0.00925256
1982,35.898,0.438377,0,-0.0409782,-0.0815701,-0.390105,0.34928,0.538972,-0.192244,-0.0409782,-0.0815701,-0.351095,0.0111901
1983,35.9161,0.490474,0,-0.0459544,-0.0892989,-0.415961,0.387404,0.58255,-0.128706,-0.0459544,-0.0892989,-0.374365,0.0133807
1984,35.9342,0.544444,0,-0.0511394,-0.0979263,-0.439752,0.425662,0.616095,-0.0497605,-0.0511394,-0.0979263,-0.395776,0.015742
1985,35.9523,0.597822,0,-0.0569531,-0.107371,-0.461956,0.461662,0.633693,0.0420647,-0.0569531,-0.107371,-0.415761,0.0184169
1986,35.9704,0.648614,0,-0.0637133,-0.120142,-0.483537,0.492385,0.629786,0.141333,-0.0637133,-0.120142,-0.435184,0.0215654
1987,35.9885,0.693243,0,-0.0723522,-0.136802,-0.504065,0.514515,0.600842,0.239726,-0.0723522,-0.136802,-0.453659,0.0255291
1988,36.0067,0.72784,0,-0.0830611,-0.157767,-0.522915,0.525023,0.547063,0.327204,-0.0830611,-0.157767,-0.470623,0.0304037
1989,36.0248,0.748986,0,-0.0959358,-0.183104,-0.538714,0.521895,0.473227,0.394268,-0.0959358,-0.183104,-0.484843,0.0361774
1990,36.0429,0.755254,0,-0.111127,-0.212969,-0.550804,0.50473,0.387938,0.434517,-0.111127,-0.212969,-0.495723,0.0428463
1991,36.061,0.74686,0,-0.128904,-0.247538,-0.557486,0.474944,0.301345,0.446255,-0.128904,-0.247538,-0.501738,0.0503034
1992,36.0791,0.726468,0,-0.149658,-0.287403,-0.558096,0.435464,0.222411,0.432352,-0.149658,-0.287403,-0.502287,0.0584663
1993,36.0972,0.698562,0,-0.174785,-0.334368,-0.551909,0.390037,0.157001,0.398617,-0.174785,-0.334368,-0.496718,0.0675258
1994,36.1153,0.66797,0,-0.20623,-0.391305,-0.53643,0.34246,0.107416,0.351697,-0.20623,-0.391305,-0.482787,0.0774397
1995,36.1334,0.639656,0,-0.243885,-0.45898,-0.510561,0.295972,0.0731015,0.297475,-0.243885,-0.45898,-0.459505,0.0871627
1996,36.1516,0.617356,0,-0.287507,-0.536355,-0.470543,0.252952,0.0518246,0.240325,-0.287507,-0.536355,-0.423488,0.0946992
1997,36.1697,0.604131,0,-0.338185,-0.620934,-0.409576,0.214871,0.0407456,0.183073,-0.338185,-0.620934,-0.368618,0.0969588
1998,36.1878,0.600067,0,-0.394419,-0.703654,-0.318468,0.182423,0.0371318,0.127324,-0.394419,-0.703654,-0.286621,0.0879268
1999,36.2059,0.608169,0,-0.454962,-0.775311,-0.198237,0.155718,0.0387126,0.0738701,-0.454962,-0.775311,-0.178414,0.0631334
2000,36.224,0.627791,0,-0.515194,-0.825305,-0.0473747,0.134489,0.043786,0.0230249,-0.515194,-0.825305,-0.0426372,0.017085
