step,lt,err,locked,pred_x,pred_y,pred_z,true_x,true_y,true_z,drive_x,drive_y,drive_z,drive_xz
1,0.018112,0.0172071,1,0.318359,0.376552,-0.0394301,0.303214,0.381987,-0.0645166,0.318359,0.376552,-0.0354871,-0.00878705
2,0.036224,0.0268575,1,0.33625,0.397522,-0.0126427,0.318119,0.403953,-0.054997,0.33625,0.397522,-0.0113784,-0.00297578
3,0.054336,0.0342086,1,0.352373,0.413935,0.0156444,0.334234,0.425004,-0.039665,0.352373,0.413935,0.01408,0.00385887
4,0.072448,0.0416439,1,0.366917,0.422341,0.0484076,0.351074,0.444061,-0.0185243,0.366917,0.422341,0.0435668,0.0124331
5,0.09056,0.0504388,1,0.379699,0.423605,0.0867061,0.368033,0.459885,0.00809365,0.379699,0.423605,0.0780355,0.0230456
6,0.108672,0.0582049,1,0.389925,0.417941,0.124877,0.384379,0.471161,0.0394347,0.389925,0.417941,0.112389,0.0340848
7,0.126784,0.0655236,1,0.396166,0.404246,0.161599,0.399282,0.476645,0.0742569,0.396166,0.404246,0.145439,0.0448141
8,0.144896,0.072187,1,0.398322,0.383075,0.194099,0.411855,0.475356,0.110828,0.398322,0.383075,0.174689,0.0541196
9,0.163008,0.0783113,1,0.395153,0.355209,0.219613,0.421235,0.466776,0.147015,0.395153,0.355209,0.197652,0.0607465
10,0.18112,0.0828584,1,0.387824,0.324106,0.235043,0.426681,0.45103,0.180482,0.387824,0.324106,0.211538,0.0638086
11,0.199232,0.0872685,1,0.375625,0.29109,0.242578,0.427676,0.428959,0.208962,0.375625,0.29109,0.21832,0.0637829
12,0.217344,0.0908303,1,0.359625,0.258958,0.241753,0.424011,0.402066,0.230569,0.359625,0.258958,0.217578,0.0608583
13,0.235456,0.0930042,1,0.341112,0.230012,0.233318,0.415837,0.372316,0.244049,0.341112,0.230012,0.209986,0.0557112
14,0.253568,0.0938715,1,0.321184,0.205091,0.218386,0.403652,0.34185,0.24891,0.321184,0.205091,0.196547,0.0490994
15,0.27168,0.0932302,1,0.300692,0.185537,0.198028,0.388247,0.312677,0.24541,0.300692,0.185537,0.178225,0.0416817
16,0.289792,0.0916948,1,0.281037,0.170149,0.173751,0.370599,0.286434,0.234415,0.281037,0.170149,0.156376,0.0341812
17,0.307904,0.0886262,1,0.262881,0.159651,0.148458,0.351761,0.264254,0.217177,0.262881,0.159651,0.133612,0.0273188
18,0.326016,0.0845125,1,0.246711,0.153613,0.121974,0.332749,0.246752,0.195115,0.246711,0.153613,0.109776,0.0210645
19,0.344128,0.0799606,1,0.232699,0.151372,0.0944604,0.314466,0.234099,0.169636,0.232699,0.151372,0.0850143,0.0153866
20,0.36224,0.0751346,1,0.22124,0.153161,0.0660557,0.297647,0.226147,0.142021,0.22124,0.153161,0.0594501,0.0102299
21,0.380352,0.0701115,1,0.212242,0.158143,0.0384493,0.282849,0.22255,0.113371,0.212242,0.158143,0.0346043,0.00571239
22,0.398464,0.0647409,1,0.206129,0.165664,0.012754,0.270457,0.222883,0.0846019,0.206129,0.165664,0.0114786,0.00184028
23,0.416576,0.0594118,1,0.202549,0.175691,-0.0113816,0.260705,0.226713,0.0564705,0.202549,0.175691,-0.0102434,-0.00161373
24,0.434688,0.0540026,1,0.20173,0.188342,-0.0335881,0.253711,0.233654,0.0296071,0.20173,0.188342,-0.0302293,-0.00474301
25,0.4528,0.0481853,1,0.203599,0.203466,-0.0525777,0.249509,0.243385,0.00455578,0.203599,0.203466,-0.0473199,-0.00749334
26,0.470912,0.0421579,1,0.208241,0.220727,-0.0684458,0.248074,0.255651,-0.0181916,0.208241,0.220727,-0.0616012,-0.00997723
27,0.489024,0.0359254,1,0.215263,0.239859,-0.080434,0.249344,0.270254,-0.038166,0.215263,0.239859,-0.0723906,-0.0121201
28,0.507136,0.0293552,1,0.224724,0.260742,-0.0877881,0.253235,0.287022,-0.0548994,0.224724,0.260742,-0.0790093,-0.0138097
29,0.525248,0.0227673,1,0.236413,0.283102,-0.0902828,0.259651,0.305784,-0.0679098,0.236413,0.283102,-0.0812545,-0.0149408
30,0.54336,0.0165832,1,0.250232,0.306869,-0.0873506,0.268475,0.326329,-0.0766953,0.250232,0.306869,-0.0786155,-0.0153006
31,0.561472,0.0126407,1,0.265964,0.331261,-0.0793548,0.279568,0.34836,-0.080739,0.265964,0.331261,-0.0714193,-0.0147739
32,0.579584,0.0130016,1,0.283563,0.356022,-0.065943,0.292751,0.371454,-0.0795273,0.283563,0.356022,-0.0593487,-0.0130893
33,0.597696,0.0181332,1,0.302383,0.379642,-0.0457378,0.307785,0.395015,-0.0725877,0.302383,0.379642,-0.041164,-0.00968123
34,0.615808,0.0261667,1,0.321613,0.400097,-0.0181016,0.324346,0.41823,-0.0595481,0.321613,0.400097,-0.0162914,-0.00407519
35,0.63392,0.0350355,1,0.340755,0.416581,0.0157236,0.342001,0.440055,-0.0402217,0.340755,0.416581,0.0141512,0.00375052
36,0.652032,0.0447945,1,0.358612,0.426347,0.055545,0.360183,0.459223,-0.0147139,0.358612,0.426347,0.0499905,0.0139434
37,0.670144,0.0542041,1,0.374024,0.428355,0.0982255,0.378184,0.474305,0.0164603,0.374024,0.428355,0.088403,0.0257171
38,0.688256,0.0625456,1,0.386441,0.422499,0.141139,0.395157,0.483838,0.0522719,0.386441,0.422499,0.127025,0.0381793
39,0.706368,0.0701608,1,0.3944,0.407592,0.182176,0.410157,0.486514,0.0911226,0.3944,0.407592,0.163958,0.0502951
40,0.72448,0.0769551,1,0.397221,0.383848,0.218185,0.422204,0.481418,0.13088,0.397221,0.383848,0.196367,0.0606674
41,0.742592,0.0819595,1,0.395215,0.353463,0.244764,0.430388,0.468265,0.169031,0.395215,0.353463,0.220288,0.0677142
42,0.760704,0.0853092,1,0.388129,0.319867,0.261483,0.433983,0.447561,0.202964,0.388129,0.319867,0.235334,0.0710423
43,0.778816,0.087631,1,0.376002,0.285312,0.269392,0.432565,0.42063,0.230312,0.376002,0.285312,0.242453,0.0709044
44,0.796928,0.0887294,1,0.359816,0.25205,0.267871,0.426092,0.389459,0.249301,0.359816,0.25205,0.241084,0.067469
45,0.81504,0.0886947,1,0.340521,0.222011,0.257833,0.414929,0.356408,0.258978,0.340521,0.222011,0.23205,0.0614583
46,0.833152,0.0879756,1,0.319471,0.195801,0.240019,0.399809,0.323839,0.25928,0.319471,0.195801,0.216017,0.0536752
47,0.851264,0.0861198,1,0.298248,0.175406,0.215375,0.381736,0.293795,0.250922,0.298248,0.175406,0.193838,0.0449647
48,0.869376,0.0830781,1,0.278085,0.160594,0.188257,0.361852,0.267777,0.235169,0.278085,0.160594,0.169432,0.0366461
49,0.887488,0.0791675,1,0.259466,0.151122,0.159043,0.341308,0.246681,0.213566,0.259466,0.151122,0.143139,0.0288864
50,0.9056,0.074868,1,0.243092,0.145841,0.128582,0.321156,0.23085,0.187703,0.243092,0.145841,0.115724,0.0218801
51,0.923712,0.0703109,1,0.228983,0.144598,0.0978695,0.302275,0.220202,0.15905,0.228983,0.144598,0.0880826,0.0156873
52,0.941824,0.0657262,1,0.217149,0.147143,0.0673376,0.285346,0.214386,0.128879,0.217149,0.147143,0.0606039,0.0102356
53,0.959936,0.0610513,1,0.208038,0.152975,0.0378787,0.270847,0.212922,0.0982377,0.208038,0.152975,0.0340908,0.00551614
54,0.978048,0.0563762,1,0.201987,0.161296,0.0100211,0.259078,0.215304,0.0679745,0.201987,0.161296,0.00901902,0.0014169
55,0.99616,0.0516089,1,0.198745,0.172267,-0.0156371,0.250198,0.221072,0.0387785,0.198745,0.172267,-0.0140734,-0.00217546
56,1.01427,0.0466375,1,0.198407,0.186199,-0.0389543,0.24426,0.229843,0.011225,0.198407,0.186199,-0.0350589,-0.00541017
57,1.03238,0.0415292,1,0.200694,0.202492,-0.0591489,0.241245,0.241321,-0.0141816,0.200694,0.202492,-0.053234,-0.00830959
58,1.0505,0.0360618,1,0.205865,0.221122,-0.0756123,0.241093,0.255287,-0.0369715,0.205865,0.221122,-0.0680511,-0.0108961
59,1.06861,0.0302612,1,0.213732,0.241671,-0.0875582,0.24372,0.27158,-0.0566813,0.213732,0.241671,-0.0788024,-0.0130998
60,1.08672,0.0241736,1,0.224274,0.264165,-0.0945042,0.249031,0.290058,-0.072832,0.224274,0.264165,-0.0850538,-0.0148364
61,1.10483,0.0184727,1,0.237069,0.288233,-0.0963432,0.256923,0.310571,-0.0849164,0.237069,0.288233,-0.0867089,-0.015988
62,1.12294,0.0141845,1,0.252133,0.31357,-0.0930542,0.267276,0.332905,-0.0923947,0.252133,0.31357,-0.0837488,-0.0164234
63,1.14106,0.0132589,1,0.269166,0.339463,-0.0840961,0.279948,0.356744,-0.094703,0.269166,0.339463,-0.0756865,-0.015845
64,1.15917,0.0164416,1,0.288138,0.365466,-0.0687692,0.294749,0.381608,-0.0912787,0.288138,0.365466,-0.0618923,-0.0138705
65,1.17728,0.0224854,1,0.308096,0.390062,-0.0466035,0.311418,0.406809,-0.0816076,0.308096,0.390062,-0.0419431,-0.0100508
66,1.19539,0.0302288,1,0.328388,0.411185,-0.0170165,0.329593,0.431401,-0.0652989,0.328388,0.411185,-0.0153149,-0.00391162
67,1.2135,0.0384974,1,0.348469,0.427858,0.0190792,0.34878,0.454167,-0.0421902,0.348469,0.427858,0.0171713,0.00465395
68,1.23162,0.0477008,1,0.367136,0.437441,0.0617824,0.368331,0.473636,-0.0124782,0.367136,0.437441,0.0556041,0.0158778
69,1.24973,0.0564844,1,0.383105,0.438421,0.107268,0.38743,0.488177,0.0231423,0.383105,0.438421,0.0965412,0.0287664
70,1.26784,0.0643176,1,0.39543,0.430492,0.152828,0.405113,0.496162,0.0633635,0.39543,0.430492,0.137545,0.042303
71,1.28595,0.0713951,1,0.402895,0.413,0.196021,0.420312,0.496212,0.10622,0.402895,0.413,0.176419,0.0552831
72,1.30406,0.0774628,1,0.40513,0.385745,0.23242,0.43195,0.487485,0.149167,0.40513,0.385745,0.209178,0.0659123
73,1.32218,0.0819711,1,0.402049,0.352145,0.259399,0.439065,0.469937,0.189309,0.402049,0.352145,0.233459,0.0730037
74,1.34029,0.0846791,1,0.393297,0.315703,0.275325,0.440946,0.444475,0.223761,0.393297,0.315703,0.247793,0.0757992
75,1.3584,0.0864474,1,0.379266,0.278537,0.281697,0.437267,0.412909,0.250082,0.379266,0.278537,0.253527,0.0747865
76,1.37651,0.0867697,1,0.36109,0.243697,0.278101,0.428152,0.377704,0.266631,0.36109,0.243697,0.250291,0.0702937
77,1.39462,0.0861971,1,0.339831,0.212305,0.265773,0.414181,0.341583,0.272781,0.339831,0.212305,0.239196,0.0632227
78,1.41274,0.0849283,1,0.316985,0.185484,0.245295,0.396312,0.307093,0.268896,0.316985,0.185484,0.220765,0.0544283
79,1.43085,0.0824599,1,0.294438,0.165033,0.218507,0.375748,0.276266,0.256121,0.294438,0.165033,0.196656,0.0450357
80,1.44896,0.0788437,1,0.27324,0.150739,0.188959,0.353778,0.250449,0.236083,0.27324,0.150739,0.170063,0.0361418
81,1.46707,0.0747301,1,0.253837,0.141557,0.157409,0.331635,0.230297,0.210573,0.253837,0.141557,0.141668,0.0279692
82,1.48518,0.0702997,1,0.236828,0.136905,0.124964,0.310394,0.215894,0.18131,0.236828,0.136905,0.112468,0.0207165
83,1.5033,0.0656744,1,0.222216,0.136307,0.0929463,0.290909,0.206933,0.149803,0.222216,0.136307,0.0836516,0.0144579
84,1.52141,0.061105,1,0.210109,0.139743,0.0611113,0.273801,0.202893,0.117298,0.210109,0.139743,0.0550002,0.00898802
85,1.53952,0.0565544,1,0.201014,0.146354,0.0304902,0.259476,0.20318,0.0847877,0.201014,0.146354,0.0274411,0.00429027
86,1.55763,0.052229,1,0.194935,0.155114,0.00173149,0.248161,0.207232,0.0530573,0.194935,0.155114,0.00155834,0.000236269
87,1.57574,0.0476846,1,0.19202,0.167094,-0.0249118,0.239945,0.214574,0.0227358,0.19202,0.167094,-0.0224207,-0.0033485
88,1.59386,0.0430899,1,0.191934,0.181665,-0.0488545,0.234828,0.224834,-0.00564894,0.191934,0.181665,-0.0439691,-0.00656379
89,1.61197,0.0384196,1,0.194532,0.198534,-0.0694378,0.23275,0.237748,-0.0316252,0.194532,0.198534,-0.062494,-0.0094555
90,1.63008,0.0334783,1,0.200238,0.217823,-0.0863746,0.233623,0.253137,-0.05474,0.200238,0.217823,-0.0777371,-0.0121069
91,1.64819,0.0283222,1,0.208584,0.239323,-0.0986838,0.23735,0.270877,-0.0745308,0.208584,0.239323,-0.0888154,-0.0144087
92,1.6663,0.0232399,1,0.219599,0.262761,-0.106104,0.243829,0.290865,-0.0905043,0.219599,0.262761,-0.0954938,-0.0163103
93,1.68442,0.0187561,1,0.232966,0.288058,-0.108025,0.252957,0.312975,-0.102123,0.232966,0.288058,-0.0972223,-0.0176163
94,1.70253,0.0159136,1,0.248801,0.31482,-0.104677,0.264623,0.337009,-0.108804,0.248801,0.31482,-0.0942095,-0.0182307
95,1.72064,0.016152,1,0.266724,0.341998,-0.095313,0.278687,0.362639,-0.109925,0.266724,0.341998,-0.0857817,-0.0177956
96,1.73875,0.0193954,1,0.286693,0.369407,-0.0791178,0.294957,0.389348,-0.10486,0.286693,0.369407,-0.071206,-0.0158778
97,1.75686,0.0247658,1,0.307896,0.395712,-0.0558038,0.313163,0.416368,-0.0930282,0.307896,0.395712,-0.0502235,-0.0120273
98,1.77498,0.0318169,1,0.329451,0.418542,-0.0245478,0.332914,0.442632,-0.0739909,0.329451,0.418542,-0.022093,-0.00566111
99,1.79309,0.0392939,1,0.350822,0.436833,0.0134913,0.353668,0.466753,-0.047572,0.350822,0.436833,0.0121422,0.00331314
100,1.8112,0.0479459,1,0.370871,0.447589,0.0589521,0.374702,0.487051,-0.0140172,0.370871,0.447589,0.0530569,0.0153045
101,1.82931,0.0562913,1,0.388137,0.449224,0.107739,0.395098,0.501666,0.0258398,0.388137,0.449224,0.0969651,0.0292723
102,1.84742,0.0637182,1,0.401481,0.441037,0.156708,0.413769,0.508768,0.0704437,0.401481,0.441037,0.141037,0.0440407
103,1.86554,0.0704469,1,0.409626,0.422214,0.203085,0.429517,0.506855,0.117478,0.409626,0.422214,0.182777,0.0582322
104,1.88365,0.0761973,1,0.41213,0.392818,0.242171,0.441147,0.495103,0.16398,0.41213,0.392818,0.217954,0.0698643
105,1.90176,0.0803715,1,0.408871,0.356517,0.271089,0.447622,0.473666,0.206644,0.408871,0.356517,0.24398,0.0775882
106,1.91987,0.0825438,1,0.399511,0.317339,0.287793,0.448221,0.443816,0.242279,0.399511,0.317339,0.259013,0.0804834
107,1.93798,0.083828,1,0.384371,0.277448,0.2944,0.442687,0.407833,0.268317,0.384371,0.277448,0.26496,0.0792113
108,1.9561,0.0836832,1,0.364773,0.240075,0.290334,0.431287,0.368659,0.283213,0.364773,0.240075,0.261301,0.0741342
109,1.97421,0.0826101,1,0.341985,0.2066,0.276808,0.414798,0.329382,0.286619,0.341985,0.2066,0.249127,0.066265
110,1.99232,0.0808406,1,0.317528,0.178349,0.254562,0.394389,0.292746,0.279287,0.317528,0.178349,0.229106,0.0565814
111,2.01043,0.0780122,1,0.293336,0.156882,0.225927,0.371453,0.260798,0.262764,0.293336,0.156882,0.203334,0.0463908
112,2.02854,0.0740841,1,0.270919,0.14198,0.194219,0.347424,0.234752,0.239006,0.270919,0.14198,0.174797,0.0368324
113,2.04666,0.0698074,1,0.250385,0.132541,0.160562,0.323622,0.215052,0.210032,0.250385,0.132541,0.144506,0.0281415
114,2.06477,0.0653842,1,0.232366,0.127695,0.126318,0.30115,0.201557,0.177685,0.232366,0.127695,0.113686,0.0205464
115,2.08288,0.0608115,1,0.216928,0.127441,0.0924151,0.280848,0.193755,0.143512,0.216928,0.127441,0.0831736,0.0140332
116,2.10099,0.0563705,1,0.204099,0.131229,0.0591446,0.263292,0.190972,0.108741,0.204099,0.131229,0.0532301,0.00844995
117,2.1191,0.0520573,1,0.19454,0.138166,0.0271134,0.248829,0.192517,0.0743209,0.19454,0.138166,0.024402,0.00369225
118,2.13722,0.0480878,1,0.188102,0.14719,-0.00290543,0.237625,0.197774,0.0409825,0.188102,0.14719,-0.00261489,-0.000382562
119,2.15533,0.0439592,1,0.185013,0.159465,-0.0308242,0.229712,0.206251,0.00930454,0.185013,0.159465,-0.0277418,-0.00399201
120,2.17344,0.0398961,1,0.184785,0.17429,-0.0559967,0.225043,0.21759,-0.0202267,0.184785,0.17429,-0.050397,-0.00724313
121,2.19155,0.0358305,1,0.187324,0.191469,-0.077735,0.223524,0.231554,-0.0471691,0.187324,0.191469,-0.0699615,-0.0101931
122,2.20966,0.0317132,1,0.192964,0.210887,-0.0957932,0.225046,0.248003,-0.0710866,0.192964,0.210887,-0.0862138,-0.0129393
123,2.22778,0.0273948,1,0.201386,0.23288,-0.109032,0.229499,0.266857,-0.0915198,0.201386,0.23288,-0.0981288,-0.0153703
124,2.24589,0.0234244,1,0.212576,0.25697,-0.117637,0.236784,0.288058,-0.107964,0.212576,0.25697,-0.105873,-0.0175047
125,2.264,0.0202689,1,0.226225,0.283098,-0.120802,0.246806,0.311524,-0.119854,0.226225,0.283098,-0.108722,-0.0191299
126,2.28211,0.0186341,1,0.242414,0.310873,-0.118576,0.259464,0.337088,-0.126562,0.242414,0.310873,-0.106718,-0.0201212
127,2.30022,0.0193264,1,0.260771,0.339421,-0.110021,0.274636,0.364445,-0.127402,0.260771,0.339421,-0.0990188,-0.0200832
128,2.31834,0.0222643,1,0.281352,0.368135,-0.094302,0.292145,0.393074,-0.121663,0.281352,0.368135,-0.0848718,-0.0185725
129,2.33645,0.0268676,1,0.303528,0.396424,-0.0707853,0.311729,0.422172,-0.108672,0.303528,0.396424,-0.0637068,-0.0150397
130,2.35456,0.0329112,1,0.326327,0.421794,-0.039143,0.332993,0.450587,-0.0878869,0.326327,0.421794,-0.0352287,-0.0089414
131,2.37267,0.039324,1,0.349047,0.442608,-0.000474407,0.355372,0.476789,-0.059047,0.349047,0.442608,-0.000426966,-0.000115913
132,2.39078,0.0468587,1,0.370746,0.456247,0.0463056,0.378092,0.498894,-0.0223563,0.370746,0.456247,0.0416751,0.0120173
133,2.4089,0.0547939,1,0.389949,0.460192,0.0982732,0.40015,0.514783,0.0213135,0.389949,0.460192,0.0884459,0.0268251
134,2.42701,0.0618943,1,0.405157,0.453504,0.151016,0.42034,0.52235,0.070254,0.405157,0.453504,0.135914,0.0428296
135,2.44512,0.0682262,1,0.414996,0.435651,0.20171,0.437321,0.519853,0.121861,0.414996,0.435651,0.181539,0.0585963
136,2.46323,0.0737428,1,0.418899,0.405907,0.245394,0.449747,0.506343,0.172765,0.418899,0.405907,0.220854,0.0719567
137,2.48134,0.0777801,1,0.416525,0.367772,0.278372,0.456445,0.482025,0.219195,0.416525,0.367772,0.250534,0.0811641
138,2.49946,0.0796155,1,0.407765,0.326118,0.298416,0.456619,0.448422,0.257538,0.407765,0.326118,0.268575,0.0851785
139,2.51757,0.0804565,1,0.392522,0.283262,0.307237,0.450007,0.408235,0.284948,0.392522,0.283262,0.276513,0.084418
140,2.53568,0.0800325,1,0.372198,0.242422,0.3046,0.436959,0.364892,0.299817,0.372198,0.242422,0.27414,0.0793602
141,2.55379,0.078344,1,0.348323,0.206199,0.291443,0.418404,0.321922,0.30195,0.348323,0.206199,0.262298,0.0710614
142,2.5719,0.076203,1,0.322356,0.175157,0.269008,0.395702,0.282365,0.292404,0.322356,0.175157,0.242107,0.0607013
143,2.59002,0.073106,1,0.296255,0.151458,0.239406,0.370443,0.248386,0.273088,0.296255,0.151458,0.215465,0.0496476
144,2.60813,0.0691279,1,0.27208,0.134523,0.205979,0.344225,0.22116,0.246293,0.27208,0.134523,0.185381,0.03923
145,2.62624,0.0646817,1,0.250011,0.12385,0.17056,0.318485,0.200987,0.214291,0.250011,0.12385,0.153504,0.0298493
146,2.64435,0.0603805,1,0.2304,0.11797,0.134325,0.294392,0.187534,0.179083,0.2304,0.11797,0.120892,0.0216639
147,2.66246,0.0560062,1,0.213545,0.117169,0.0982756,0.272804,0.180107,0.14229,0.213545,0.117169,0.088448,0.0146904
148,2.68058,0.0517832,1,0.199416,0.120637,0.0632326,0.254283,0.177879,0.105156,0.199416,0.120637,0.0569094,0.00882673
149,2.69869,0.0477864,1,0.188792,0.1273,0.0294501,0.239138,0.180049,0.06861,0.188792,0.1273,0.0265051,0.00389196
150,2.7168,0.0441619,1,0.181412,0.1364,-0.00234936,0.227489,0.185933,0.0333463,0.181412,0.1364,-0.00211443,-0.000298342
151,2.73491,0.0406333,1,0.177465,0.148273,-0.0319852,0.219324,0.195008,-9.75621e-05,0.177465,0.148273,-0.0287867,-0.00397337
152,2.75302,0.037225,1,0.176544,0.162789,-0.0589447,0.214553,0.206911,-0.0312739,0.176544,0.162789,-0.0530502,-0.00728444
153,2.77114,0.0339918,1,0.178455,0.17971,-0.0827821,0.213051,0.221424,-0.0597729,0.178455,0.17971,-0.0745039,-0.010341
154,2.78925,0.030904,1,0.183366,0.198758,-0.102779,0.214687,0.238438,-0.0851827,0.183366,0.198758,-0.0925007,-0.0131923
155,2.80736,0.0277097,1,0.191283,0.220587,-0.118116,0.219343,0.257921,-0.107058,0.191283,0.220587,-0.106305,-0.0158155
156,2.82547,0.0249338,1,0.202068,0.244771,-0.128838,0.226917,0.279872,-0.124896,0.202068,0.244771,-0.115954,-0.0182238
157,2.84358,0.0229859,1,0.215466,0.271169,-0.134714,0.237327,0.304268,-0.138119,0.215466,0.271169,-0.121243,-0.0203184
158,2.8617,0.0220743,1,0.231498,0.299659,-0.135213,0.250495,0.331015,-0.146062,0.231498,0.299659,-0.121692,-0.0219111
159,2.87981,0.0226228,1,0.249883,0.329549,-0.1294,0.266327,0.359875,-0.147982,0.249883,0.329549,-0.11646,-0.0226344
160,2.89792,0.0248516,1,0.270513,0.359905,-0.116193,0.284684,0.39039,-0.143075,0.270513,0.359905,-0.104574,-0.0220022
161,2.91603,0.0285069,1,0.293314,0.390318,-0.0944487,0.305343,0.421795,-0.130537,0.293314,0.390318,-0.0850038,-0.0193922
162,2.93414,0.0334044,1,0.317312,0.419245,-0.063846,0.327946,0.452941,-0.109661,0.317312,0.419245,-0.0574614,-0.0141814
163,2.95226,0.0388027,1,0.341551,0.444125,-0.0256158,0.351952,0.48223,-0.0799922,0.341551,0.444125,-0.0230542,-0.00612436
164,2.97037,0.0445681,1,0.365328,0.462823,0.0203129,0.376584,0.507619,-0.0415379,0.365328,0.462823,0.0182816,0.0051946
165,2.98848,0.051659,1,0.38739,0.471971,0.0744686,0.400802,0.526724,0.00498372,0.38739,0.471971,0.0670218,0.0201939
166,3.00659,0.0584431,1,0.40578,0.469868,0.131564,0.423308,0.537064,0.0579145,0.40578,0.469868,0.118407,0.0373702
167,3.0247,0.0644117,1,0.418866,0.455847,0.187903,0.442613,0.536465,0.114532,0.418866,0.455847,0.169113,0.0550942
168,3.04282,0.0696029,1,0.42595,0.428745,0.238717,0.457169,0.523571,0.171137,0.42595,0.428745,0.214846,0.0711773
169,3.06093,0.073754,1,0.42609,0.390353,0.279124,0.465583,0.498326,0.223437,0.42609,0.390353,0.251211,0.0832523
170,3.07904,0.0759872,1,0.419473,0.346105,0.307073,0.466845,0.46224,0.267188,0.419473,0.346105,0.276366,0.0901662
171,3.09715,0.0762712,1,0.405785,0.300082,0.320897,0.460547,0.418283,0.298955,0.405785,0.300082,0.288808,0.0911506
172,3.11526,0.0756874,1,0.38587,0.254552,0.322561,0.44699,0.37038,0.316726,0.38587,0.254552,0.290305,0.0871267
173,3.13338,0.0736893,1,0.361384,0.213614,0.31154,0.427164,0.32265,0.320173,0.361384,0.213614,0.280386,0.07881
174,3.15149,0.0712087,1,0.334067,0.178045,0.290653,0.402584,0.278664,0.310484,0.334067,0.178045,0.261588,0.0679684
175,3.1696,0.0680332,1,0.305803,0.1499,0.261569,0.375044,0.240949,0.289876,0.305803,0.1499,0.235412,0.0559919
176,3.18771,0.0641892,1,0.278783,0.129334,0.227084,0.34636,0.210838,0.261011,0.278783,0.129334,0.204375,0.0443149
177,3.20582,0.0597292,1,0.254476,0.115765,0.1899,0.318159,0.188618,0.226502,0.254476,0.115765,0.17091,0.0338275
178,3.22394,0.0555107,1,0.23246,0.107803,0.151603,0.291749,0.173831,0.18861,0.23246,0.107803,0.136443,0.0246692
179,3.24205,0.0514525,1,0.213334,0.105193,0.11313,0.268075,0.16561,0.14912,0.213334,0.105193,0.101817,0.0168941
180,3.26016,0.0476222,1,0.197108,0.107463,0.075288,0.247738,0.162952,0.109364,0.197108,0.107463,0.0677592,0.0103879
181,3.27827,0.0439411,1,0.18437,0.113259,0.0395438,0.231052,0.164906,0.0702985,0.18437,0.113259,0.0355894,0.0051035
182,3.29638,0.0407241,1,0.175218,0.12182,0.00525413,0.218112,0.170678,0.0326096,0.175218,0.12182,0.00472871,0.000644433
183,3.3145,0.0378006,1,0.169641,0.132969,-0.0269917,0.208874,0.17967,-0.00319279,0.169641,0.132969,-0.0242925,-0.00320522
184,3.33261,0.0350717,1,0.167358,0.146502,-0.0562352,0.203208,0.191481,-0.0366981,0.167358,0.146502,-0.0506117,-0.00658798
185,3.35072,0.0326542,1,0.168026,0.162585,-0.083027,0.200956,0.205882,-0.0675367,0.168026,0.162585,-0.0747243,-0.0097655
186,3.36883,0.0306002,1,0.171505,0.180758,-0.106104,0.201956,0.222781,-0.0953363,0.171505,0.180758,-0.0954939,-0.0127382
187,3.38694,0.0287671,1,0.177962,0.201345,-0.124638,0.206073,0.242185,-0.119688,0.177962,0.201345,-0.112174,-0.0155266
188,3.40506,0.027077,1,0.187613,0.224866,-0.138882,0.213199,0.264151,-0.140117,0.187613,0.224866,-0.124994,-0.0182393
189,3.42317,0.0260462,1,0.199985,0.250865,-0.148417,0.223261,0.288745,-0.156065,0.199985,0.250865,-0.133575,-0.0207768
190,3.44128,0.0255806,1,0.215183,0.279472,-0.153136,0.236205,0.315978,-0.166866,0.215183,0.279472,-0.137823,-0.0230667
191,3.45939,0.0260324,1,0.23288,0.309931,-0.152104,0.251979,0.345743,-0.171745,0.23288,0.309931,-0.136893,-0.0247953
192,3.4775,0.027405,1,0.253115,0.342076,-0.143766,0.270504,0.377736,-0.169825,0.253115,0.342076,-0.12939,-0.0254725
193,3.49562,0.0298552,1,0.275658,0.374858,-0.127199,0.291635,0.411355,-0.160164,0.275658,0.374858,-0.114479,-0.0245444
194,3.51373,0.0335031,1,0.300313,0.407078,-0.101036,0.315107,0.445599,-0.141836,0.300313,0.407078,-0.0909323,-0.0212397
195,3.53184,0.0378769,1,0.326074,0.43741,-0.0653992,0.340476,0.47897,-0.114076,0.326074,0.43741,-0.0588593,-0.0149275
196,3.54995,0.0423816,1,0.351976,0.463012,-0.0216456,0.367057,0.509417,-0.0764883,0.351976,0.463012,-0.0194811,-0.00533311
197,3.56806,0.047461,1,0.37727,0.480717,0.0306859,0.393866,0.534377,-0.0293376,0.37727,0.480717,0.0276173,0.00810382
198,3.58618,0.0535954,1,0.400223,0.487443,0.0910071,0.4196,0.550962,0.0261442,0.400223,0.487443,0.0819064,0.0254962
199,3.60429,0.059294,1,0.418652,0.481488,0.153584,0.442667,0.556348,0.0875038,0.418652,0.481488,0.138226,0.0450087
200,3.6224,0.064046,1,0.431026,0.461918,0.213601,0.4613,0.548355,0.15101,0.431026,0.461918,0.192241,0.0644475
201,3.64051,0.0682758,1,0.436378,0.427854,0.266107,0.47377,0.526093,0.211925,0.436378,0.427854,0.239497,0.0812864
202,3.65862,0.0710704,1,0.434332,0.383173,0.306096,0.478665,0.490466,0.265162,0.434332,0.383173,0.275487,0.0930632
203,3.67674,0.0717501,1,0.424639,0.333673,0.331838,0.475171,0.444278,0.306202,0.424639,0.333673,0.298654,0.098638
204,3.69485,0.0708839,1,0.407303,0.282964,0.341729,0.463277,0.391801,0.331983,0.407303,0.282964,0.307556,0.0974311
205,3.71296,0.0691223,1,0.383601,0.2345,0.337884,0.443822,0.337914,0.341427,0.383601,0.2345,0.304096,0.0907289
206,3.73107,0.0663166,1,0.355695,0.19193,0.321082,0.418355,0.287123,0.335422,0.355695,0.19193,0.288973,0.0799449
207,3.74918,0.0631542,1,0.325409,0.156501,0.294146,0.388863,0.242801,0.316311,0.325409,0.156501,0.264732,0.0670025
208,3.7673,0.0594194,1,0.294779,0.129632,0.260737,0.357451,0.206872,0.287161,0.294779,0.129632,0.234663,0.0538019
209,3.78541,0.0554781,1,0.266503,0.110146,0.222451,0.326059,0.179905,0.251093,0.266503,0.110146,0.200206,0.0414988
210,3.80352,0.051078,1,0.241353,0.09853,0.181702,0.296279,0.161468,0.210836,0.241353,0.09853,0.163531,0.030698
211,3.82163,0.0473192,1,0.218695,0.0923135,0.14085,0.269278,0.150554,0.168539,0.218695,0.0923135,0.126765,0.0215623
212,3.83974,0.043898,1,0.199239,0.0916553,0.0999686,0.245802,0.145944,0.125769,0.199239,0.0916553,0.0899718,0.0139423
213,3.85786,0.040681,1,0.183111,0.0957105,0.0606116,0.226243,0.14646,0.0836115,0.183111,0.0957105,0.0545505,0.00776907
214,3.87597,0.0378651,1,0.170825,0.102807,0.023394,0.210722,0.151105,0.0428056,0.170825,0.102807,0.0210546,0.00279739
215,3.89408,0.0354174,1,0.162476,0.112632,-0.0120855,0.199183,0.159123,0.00386256,0.162476,0.112632,-0.010877,-0.00137452
216,3.91219,0.0332828,1,0.157824,0.124837,-0.0451723,0.191462,0.169999,-0.0328371,0.157824,0.124837,-0.040655,-0.0049905
217,3.9303,0.0312572,1,0.156475,0.139753,-0.0752885,0.187355,0.183437,-0.0669723,0.156475,0.139753,-0.0677596,-0.00824653
218,3.94842,0.0300485,1,0.157824,0.156207,-0.102588,0.186658,0.199316,-0.0982309,0.157824,0.156207,-0.0923296,-0.0113336
219,3.96653,0.0292852,1,0.16199,0.174844,-0.12568,0.189195,0.217651,-0.126271,0.16199,0.174844,-0.113112,-0.0142512
220,3.98464,0.028648,1,0.169321,0.196388,-0.144857,0.194833,0.238546,-0.15069,0.169321,0.196388,-0.130371,-0.0171691
221,4.00275,0.028159,1,0.179879,0.220932,-0.159933,0.203488,0.262151,-0.170998,0.179879,0.220932,-0.143939,-0.020138
222,4.02086,0.0278963,1,0.193321,0.248625,-0.170444,0.215118,0.288608,-0.186594,0.193321,0.248625,-0.1534,-0.0230654
223,4.03898,0.0281664,1,0.209416,0.278959,-0.175669,0.22971,0.317997,-0.196745,0.209416,0.278959,-0.158102,-0.0257515
224,4.05709,0.0289446,1,0.228258,0.311737,-0.174715,0.247256,0.350257,-0.200574,0.228258,0.311737,-0.157244,-0.0279162
225,4.0752,0.0308124,1,0.24967,0.346013,-0.165521,0.267717,0.385094,-0.197067,0.24967,0.346013,-0.148969,-0.0289279
226,4.09331,0.0333646,1,0.273694,0.381119,-0.147959,0.290978,0.421867,-0.185114,0.273694,0.381119,-0.133163,-0.0283468
227,4.11142,0.0366846,1,0.29977,0.416002,-0.120472,0.316786,0.459453,-0.163597,0.29977,0.416002,-0.108425,-0.0252798
228,4.12954,0.0405219,1,0.327339,0.448942,-0.0825868,0.344674,0.49613,-0.131565,0.327339,0.448942,-0.0743282,-0.0189237
229,4.14765,0.0442873,1,0.355354,0.477631,-0.0351009,0.373887,0.529489,-0.0884996,0.355354,0.477631,-0.0315908,-0.00873128
230,4.16576,0.0484195,1,0.382972,0.498249,0.0221537,0.403304,0.556483,-0.0346679,0.382972,0.498249,0.0199383,0.00593897
231,4.18387,0.0536919,1,0.408347,0.506322,0.0883187,0.431416,0.573659,0.0284697,0.408347,0.506322,0.0794868,0.0252453
232,4.20198,0.058371,1,0.428776,0.500605,0.157291,0.456358,0.577664,0.09794,0.428776,0.500605,0.141562,0.0472098
233,4.2201,0.0624409,1,0.442693,0.478943,0.224016,0.476064,0.565995,0.169198,0.442693,0.478943,0.201614,0.0694192
234,4.23821,0.0657366,1,0.448828,0.441398,0.282215,0.488534,0.537831,0.236519,0.448828,0.441398,0.253993,0.0886661
235,4.25632,0.0676538,1,0.446557,0.391931,0.327067,0.49219,0.494635,0.293892,0.446557,0.391931,0.29436,0.102238
236,4.27443,0.0675579,1,0.43561,0.336411,0.355229,0.486228,0.440184,0.336225,0.43561,0.336411,0.319706,0.108319
237,4.29254,0.0658643,1,0.41628,0.279789,0.36469,0.470841,0.379885,0.360427,0.41628,0.279789,0.328221,0.106269
238,4.31066,0.0633457,1,0.390156,0.226137,0.358982,0.447228,0.319586,0.365932,0.390156,0.226137,0.323084,0.0980413
239,4.32877,0.0600732,1,0.359114,0.179474,0.339309,0.417373,0.264341,0.354474,0.359114,0.179474,0.305379,0.0852956
240,4.34688,0.0564416,1,0.325844,0.141607,0.308358,0.383673,0.217596,0.329296,0.325844,0.141607,0.277523,0.0703337
241,4.36499,0.0525687,1,0.292219,0.113162,0.2714,0.348545,0.180972,0.294195,0.292219,0.113162,0.24426,0.0555157
242,4.3831,0.0488213,1,0.261164,0.0924914,0.230455,0.314108,0.154546,0.252742,0.261164,0.0924914,0.20741,0.0421305
243,4.40122,0.0446162,1,0.23392,0.0808947,0.186198,0.28201,0.137375,0.207858,0.23392,0.0808947,0.167579,0.0304888
244,4.41933,0.0414183,1,0.209395,0.0748605,0.142057,0.253372,0.128027,0.161696,0.209395,0.0748605,0.127851,0.0208222
245,4.43744,0.038766,1,0.188151,0.0744936,0.0983042,0.228844,0.124981,0.115724,0.188151,0.0744936,0.0884738,0.0129472
246,4.45555,0.0362251,1,0.170982,0.0788177,0.0565715,0.208692,0.126876,0.0708921,0.170982,0.0788177,0.0509144,0.00677089
247,4.47366,0.0339639,1,0.157976,0.0864516,0.0174182,0.192911,0.13263,0.0278005,0.157976,0.0864516,0.0156763,0.00192616
248,4.49178,0.0320595,1,0.149367,0.0967096,-0.0208309,0.181332,0.141463,-0.0131615,0.149367,0.0967096,-0.0187478,-0.002178
249,4.50989,0.0303272,1,0.144421,0.109512,-0.0562838,0.1737,0.152884,-0.0517149,0.144421,0.109512,-0.0506554,-0.00568999
250,4.528,0.0287393,1,0.142858,0.124758,-0.0885284,0.169744,0.166641,-0.087622,0.142858,0.124758,-0.0796756,-0.00885289
251,4.54611,0.0283106,1,0.143916,0.140792,-0.117418,0.169211,0.182676,-0.120639,0.143916,0.140792,-0.105677,-0.0118289
252,4.56422,0.028229,1,0.147973,0.159281,-0.142043,0.171901,0.201077,-0.150482,0.147973,0.159281,-0.127839,-0.014713
253,4.58234,0.0282872,1,0.155287,0.180493,-0.163597,0.177674,0.222028,-0.176796,0.155287,0.180493,-0.147237,-0.0177831
254,4.60045,0.0282117,1,0.165546,0.205296,-0.181464,0.186456,0.245774,-0.19913,0.165546,0.205296,-0.163318,-0.0210286
255,4.61856,0.0281264,1,0.178906,0.23358,-0.195007,0.198233,0.27257,-0.216906,0.178906,0.23358,-0.175507,-0.0244217
256,4.63667,0.0282325,1,0.195127,0.265334,-0.203327,0.213035,0.302629,-0.229396,0.195127,0.265334,-0.182995,-0.0277722
257,4.65478,0.0288981,1,0.214057,0.29976,-0.205623,0.230918,0.33605,-0.235691,0.214057,0.29976,-0.185061,-0.0308106
258,4.6729,0.0307747,1,0.236078,0.336215,-0.199238,0.251925,0.372723,-0.234696,0.236078,0.336215,-0.179314,-0.032925
259,4.69101,0.0338393,1,0.260807,0.373884,-0.183494,0.276045,0.412206,-0.225141,0.260807,0.373884,-0.165144,-0.0334995
260,4.70912,0.0374915,1,0.288063,0.412551,-0.157619,0.303145,0.453567,-0.205651,0.288063,0.412551,-0.141857,-0.0317828
261,4.72723,0.0414251,1,0.317286,0.450159,-0.121268,0.332886,0.495213,-0.174887,0.317286,0.450159,-0.109142,-0.0269338
262,4.74534,0.0452842,1,0.347806,0.4846,-0.0738928,0.364629,0.534738,-0.131816,0.347806,0.4846,-0.0665036,-0.0179902
263,4.76346,0.0491012,1,0.378321,0.512643,-0.0151902,0.397333,0.568861,-0.076107,0.378321,0.512643,-0.0136712,-0.00402274
264,4.78157,0.0538248,1,0.407947,0.528739,0.0547923,0.429477,0.593577,-0.00864131,0.407947,0.528739,0.0493131,0.0156467
265,4.79968,0.0587525,1,0.433637,0.529343,0.13156,0.459056,0.604614,0.0679695,0.433637,0.529343,0.118404,0.0399346
266,4.81779,0.0631524,1,0.452468,0.512016,0.20865,0.483693,0.598286,0.149092,0.452468,0.512016,0.187785,0.0660853
267,4.8359,0.0665863,1,0.463161,0.476262,0.279249,0.500915,0.572586,0.228282,0.463161,0.476262,0.251324,0.090536
268,4.85402,0.0683835,1,0.464444,0.425152,0.336491,0.508571,0.528183,0.298197,0.464444,0.425152,0.302842,0.109397
269,4.87213,0.0687569,1,0.455075,0.363331,0.375235,0.50531,0.468798,0.35209,0.455075,0.363331,0.337712,0.119532
270,4.89024,0.0668902,1,0.43641,0.298573,0.391277,0.490948,0.400621,0.385381,0.43641,0.298573,0.352149,0.11953
271,4.90835,0.0642139,1,0.409175,0.23589,0.389281,0.466576,0.33087,0.396633,0.409175,0.23589,0.350353,0.111499
272,4.92646,0.0605627,1,0.376018,0.180428,0.371302,0.434358,0.266088,0.387496,0.376018,0.180428,0.334172,0.0977313
273,4.94458,0.0564721,1,0.339305,0.135174,0.339487,0.397082,0.210887,0.361774,0.339305,0.135174,0.305538,0.0806327
274,4.96269,0.0518715,1,0.301957,0.101549,0.299258,0.357647,0.167516,0.324136,0.301957,0.101549,0.269332,0.0632541
275,4.9808,0.0476541,1,0.266023,0.0770437,0.255595,0.318635,0.136172,0.279017,0.266023,0.0770437,0.230036,0.047596
276,4.99891,0.0430732,1,0.234522,0.0623805,0.208424,0.282053,0.115681,0.230007,0.234522,0.0623805,0.187581,0.034216
277,5.01702,0.0396136,1,0.206453,0.0541462,0.16049,0.249262,0.104215,0.17968,0.206453,0.0541462,0.144441,0.0231935
278,5.03514,0.0369067,1,0.181824,0.0522836,0.112738,0.221029,0.0998357,0.129712,0.181824,0.0522836,0.101464,0.0143489
279,5.05325,0.034397,1,0.161576,0.0555523,0.0669976,0.197645,0.10082,0.0811142,0.161576,0.0555523,0.0602978,0.00757763
280,5.07136,0.0319894,1,0.146204,0.0624947,0.0237769,0.179071,0.105802,0.0344626,0.146204,0.0624947,0.0213992,0.0024334
281,5.08947,0.0298234,1,0.135347,0.072292,-0.0177972,0.165062,0.113805,-0.00992289,0.135347,0.072292,-0.0160175,-0.00168616
282,5.10758,0.0278473,1,0.128636,0.0843711,-0.0573454,0.155274,0.124204,-0.0518523,0.128636,0.0843711,-0.0516109,-0.00516368
283,5.1257,0.0261788,1,0.125288,0.0982741,-0.0929269,0.149343,0.136671,-0.0911859,0.125288,0.0982741,-0.0836342,-0.00814982
284,5.14381,0.0252994,1,0.124851,0.113341,-0.125336,0.146931,0.151112,-0.127784,0.124851,0.113341,-0.112802,-0.0109538
285,5.16192,0.0249245,1,0.127418,0.130327,-0.153747,0.147764,0.167611,-0.161474,0.127418,0.130327,-0.138373,-0.0137132
286,5.18003,0.0248219,1,0.133244,0.149882,-0.178699,0.151646,0.186382,-0.192024,0.133244,0.149882,-0.160829,-0.0166675
287,5.19814,0.024937,1,0.141708,0.172314,-0.200944,0.158463,0.207733,-0.21912,0.141708,0.172314,-0.18085,-0.0199328
288,5.21626,0.0253541,1,0.153079,0.197855,-0.219255,0.168185,0.232027,-0.242333,0.153079,0.197855,-0.197329,-0.0234943
289,5.23437,0.0258248,1,0.167211,0.227668,-0.232951,0.180853,0.259647,-0.261094,0.167211,0.227668,-0.209656,-0.0272664
290,5.25248,0.02623,1,0.18453,0.26169,-0.242046,0.196572,0.290945,-0.274652,0.18453,0.26169,-0.217841,-0.0312653
291,5.27059,0.0272261,1,0.205098,0.299092,-0.244863,0.21548,0.326178,-0.282043,0.205098,0.299092,-0.220377,-0.0351547
292,5.2887,0.030013,1,0.229124,0.339044,-0.238084,0.237724,0.365409,-0.282053,0.229124,0.339044,-0.214275,-0.0381856
293,5.30682,0.0346086,1,0.256255,0.381078,-0.220327,0.263403,0.40837,-0.273217,0.256255,0.381078,-0.198295,-0.0395221
294,5.32493,0.0401106,1,0.286424,0.425039,-0.191125,0.292508,0.454276,-0.253853,0.286424,0.425039,-0.172013,-0.03832
295,5.34304,0.0458217,1,0.318874,0.468429,-0.150338,0.32482,0.501597,-0.222195,0.318874,0.468429,-0.135304,-0.0335571
296,5.36115,0.0511685,1,0.352554,0.507962,-0.0978323,0.359797,0.547819,-0.176659,0.352554,0.507962,-0.0880491,-0.0241438
297,5.37926,0.0564456,1,0.386592,0.540526,-0.0321363,0.39643,0.589283,-0.116304,0.386592,0.540526,-0.0289227,-0.00869656
298,5.39738,0.0629932,1,0.419826,0.560135,0.0479286,0.433126,0.621228,-0.041487,0.419826,0.560135,0.0431357,0.0140852
299,5.41549,0.0693721,1,0.449598,0.561336,0.135931,0.467645,0.638243,0.0453929,0.449598,0.561336,0.122338,0.0427801
300,5.4336,0.0747136,1,0.471386,0.54104,0.224194,0.497184,0.635259,0.139319,0.471386,0.54104,0.201775,0.0739772
301,5.45171,0.0792064,1,0.483497,0.498046,0.30527,0.518677,0.609022,0.232691,0.483497,0.498046,0.274743,0.103318
302,5.46982,0.0813936,1,0.484279,0.43766,0.370914,0.529314,0.559592,0.316331,0.484279,0.43766,0.333823,0.125738
303,5.48794,0.0815904,1,0.472488,0.36465,0.412826,0.527188,0.49112,0.381456,0.472488,0.36465,0.371543,0.136539
304,5.50605,0.079449,1,0.449492,0.288697,0.427197,0.511837,0.41126,0.421927,0.449492,0.288697,0.384478,0.134415
305,5.52416,0.076196,1,0.41681,0.216849,0.421245,0.484452,0.32924,0.435757,0.41681,0.216849,0.37912,0.122905
306,5.54227,0.071377,1,0.378216,0.155202,0.396627,0.447637,0.25345,0.425125,0.378216,0.155202,0.356964,0.105007
307,5.56038,0.0659022,1,0.336594,0.106015,0.357927,0.404818,0.189657,0.395058,0.336594,0.106015,0.322134,0.0843332
308,5.5785,0.0597052,1,0.294223,0.0704543,0.312473,0.359545,0.140431,0.351593,0.294223,0.0704543,0.281225,0.0643556
309,5.59661,0.0540295,1,0.254012,0.0455885,0.262336,0.314925,0.105652,0.300277,0.254012,0.0455885,0.236102,0.0466455
310,5.61472,0.0476523,1,0.218963,0.0321129,0.210508,0.273307,0.0835141,0.245392,0.218963,0.0321129,0.189457,0.0322654
311,5.63283,0.0427532,1,0.188129,0.0249855,0.158078,0.236208,0.0715069,0.189822,0.188129,0.0249855,0.14227,0.0208173
312,5.65094,0.0390762,1,0.161168,0.0239925,0.106103,0.204406,0.0671092,0.135296,0.161168,0.0239925,0.0954928,0.0119703
313,5.66906,0.035092,1,0.139997,0.0284439,0.0569724,0.178111,0.068165,0.0827376,0.139997,0.0284439,0.0512752,0.00558317
314,5.68717,0.0314756,1,0.12383,0.0356957,0.0109262,0.157152,0.0730202,0.0325754,0.12383,0.0356957,0.00983355,0.00094709
315,5.70528,0.0285019,1,0.112188,0.045076,-0.0335443,0.141133,0.0805205,-0.0150257,0.112188,0.045076,-0.0301898,-0.00263428
316,5.72339,0.02616,1,0.104202,0.0557467,-0.0755265,0.129566,0.0899426,-0.0600231,0.104202,0.0557467,-0.0679738,-0.005509
317,5.7415,0.0241128,1,0.0996591,0.0674542,-0.113734,0.121951,0.100909,-0.102414,0.0996591,0.0674542,-0.10236,-0.00793421
318,5.75962,0.0221219,1,0.0983508,0.0808188,-0.147941,0.117839,0.113304,-0.142189,0.0983508,0.0808188,-0.133147,-0.0101851
319,5.77773,0.0203895,1,0.100173,0.096089,-0.178685,0.116858,0.127209,-0.17931,0.100173,0.096089,-0.160816,-0.0125296
320,5.79584,0.0189979,1,0.104743,0.113736,-0.207411,0.118733,0.14285,-0.21369,0.104743,0.113736,-0.18667,-0.0152074
321,5.81395,0.0184445,1,0.111598,0.133107,-0.233777,0.123292,0.160563,-0.24518,0.111598,0.133107,-0.210399,-0.0182624
322,5.83206,0.0183451,1,0.120571,0.155183,-0.257504,0.130462,0.180766,-0.273546,0.120571,0.155183,-0.231754,-0.0217333
323,5.85018,0.0185896,1,0.132337,0.181134,-0.277144,0.140264,0.203939,-0.298447,0.132337,0.181134,-0.24943,-0.0256734
324,5.86829,0.0195548,1,0.146769,0.21142,-0.292145,0.152809,0.230601,-0.319398,0.146769,0.21142,-0.26293,-0.0300144
325,5.8864,0.0212581,1,0.16436,0.24602,-0.302454,0.168282,0.261287,-0.33573,0.16436,0.24602,-0.272209,-0.034798
326,5.90451,0.0237172,1,0.186186,0.285646,-0.306919,0.186929,0.296492,-0.346533,0.186186,0.285646,-0.276227,-0.0400008
327,5.92262,0.0278038,1,0.212105,0.32977,-0.303036,0.209032,0.336601,-0.350607,0.212105,0.32977,-0.272732,-0.0449928
328,5.94074,0.0339309,1,0.241685,0.377797,-0.288165,0.234873,0.38176,-0.346404,0.241685,0.377797,-0.259348,-0.0487515
329,5.95885,0.0423107,1,0.275075,0.429965,-0.25948,0.26467,0.431691,-0.332002,0.275075,0.429965,-0.233532,-0.0499636
330,5.97696,0.0520362,1,0.3122,0.48331,-0.216091,0.298495,0.485423,-0.305147,0.3122,0.48331,-0.194481,-0.0472245
331,5.99507,0.0621114,1,0.351106,0.533417,-0.157156,0.336137,0.540952,-0.263423,0.351106,0.533417,-0.141441,-0.038625
332,6.01318,0.0713873,1,0.391314,0.576685,-0.0831924,0.376934,0.594873,-0.204645,0.391314,0.576685,-0.0748731,-0.022788
333,6.0313,0.0811605,1,0.43166,0.606701,0.00794469,0.419575,0.642126,-0.127555,0.43166,0.606701,0.00715022,0.00240059
334,6.04941,0.0908039,1,0.468393,0.615684,0.11223,0.461915,0.67609,-0.0328391,0.468393,0.615684,0.101007,0.0367976
335,6.06752,0.0992584,1,0.497054,0.597563,0.221026,0.50091,0.68937,0.0757224,0.497054,0.597563,0.198924,0.0769034
336,6.08563,0.106331,1,0.514628,0.550217,0.32428,0.532777,0.675478,0.190493,0.514628,0.550217,0.291852,0.116819
337,6.10374,0.110763,1,0.517989,0.477714,0.40983,0.553515,0.6312,0.300354,0.517989,0.477714,0.368847,0.148601
338,6.12186,0.112058,1,0.506087,0.386605,0.46469,0.559746,0.558703,0.392763,0.506087,0.386605,0.418221,0.164622
339,6.13997,0.11005,1,0.478941,0.291055,0.48393,0.549659,0.466022,0.457122,0.478941,0.291055,0.435537,0.162242
340,6.15808,0.106371,1,0.43938,0.201698,0.47662,0.523641,0.36515,0.487944,0.43938,0.201698,0.428958,0.146592
341,6.17619,0.100985,1,0.391912,0.125243,0.446703,0.484276,0.268464,0.486081,0.391912,0.125243,0.402033,0.122548
342,6.1943,0.0942973,1,0.341423,0.0652053,0.399489,0.435683,0.185341,0.457442,0.341423,0.0652053,0.35954,0.0954764
343,6.21242,0.0854977,1,0.290759,0.0241288,0.345317,0.38251,0.120541,0.410248,0.290759,0.0241288,0.310785,0.0702827
344,6.23053,0.0773343,1,0.242828,-0.00183207,0.284026,0.329009,0.0745675,0.35242,0.242828,-0.00183207,0.255623,0.0482786
345,6.24864,0.0686448,1,0.201046,-0.0154426,0.223207,0.278468,0.0451287,0.29009,0.201046,-0.0154426,0.200886,0.0314124
346,6.26675,0.061118,1,0.164281,-0.0218863,0.164656,0.233027,0.02872,0.22726,0.164281,-0.0218863,0.148191,0.018935
347,6.28486,0.0544879,1,0.133438,-0.022049,0.108321,0.193786,0.0217569,0.166166,0.133438,-0.022049,0.0974889,0.0101179
348,6.30298,0.047609,1,0.109695,-0.0168419,0.055695,0.161034,0.0211756,0.107838,0.109695,-0.0168419,0.0501255,0.00427664
349,6.32109,0.0418784,1,0.0909552,-0.0101611,0.00621623,0.134522,0.0246355,0.0526122,0.0909552,-0.0101611,0.0055946,0.000395779
350,6.3392,0.0378792,1,0.0761155,-0.00353389,-0.0411727,0.113688,0.0304982,0.000476444,0.0761155,-0.00353389,-0.0370554,-0.00219371
351,6.35731,0.0348119,1,0.0649156,0.00370954,-0.0860813,0.0978317,0.0377117,-0.0487185,0.0649156,0.00370954,-0.0774732,-0.00391161
352,6.37542,0.0316453,1,0.0575192,0.0115282,-0.126995,0.0862339,0.0456735,-0.0951539,0.0575192,0.0115282,-0.114295,-0.00511325
353,6.39354,0.0289611,1,0.0535131,0.0193902,-0.165456,0.0782281,0.0541072,-0.138997,0.0535131,0.0193902,-0.148911,-0.00619787
354,6.41165,0.0258437,1,0.0521246,0.0293771,-0.201111,0.0732413,0.062964,-0.180382,0.0521246,0.0293771,-0.181,-0.00733799
355,6.42976,0.0232638,1,0.0527579,0.0402271,-0.235713,0.070811,0.0723519,-0.219413,0.0527579,0.0402271,-0.212142,-0.00870501
356,6.44787,0.0209988,1,0.0551402,0.0522211,-0.269124,0.070589,0.0824871,-0.256157,0.0551402,0.0522211,-0.242212,-0.0103877
357,6.46598,0.0186629,1,0.0590526,0.0654551,-0.299171,0.072337,0.0936646,-0.290647,0.0590526,0.0654551,-0.269254,-0.0123668
358,6.4841,0.0158089,1,0.0647514,0.0814514,-0.326106,0.0759195,0.106243,-0.322879,0.0647514,0.0814514,-0.293495,-0.0147811
359,6.50221,0.013034,1,0.0723862,0.100087,-0.349989,0.0812962,0.120639,-0.352798,0.0723862,0.100087,-0.31499,-0.0177341
360,6.52032,0.0108854,1,0.0825373,0.121582,-0.371821,0.088515,0.13733,-0.380292,0.0825373,0.121582,-0.334639,-0.0214824
361,6.53843,0.0100126,1,0.0950297,0.146464,-0.391541,0.0977077,0.156857,-0.405163,0.0950297,0.146464,-0.352387,-0.0260456
362,6.55654,0.0122068,1,0.109943,0.174913,-0.406558,0.109087,0.179832,-0.427103,0.109943,0.174913,-0.365902,-0.0312887
363,6.57466,0.0164479,1,0.127911,0.208566,-0.417642,0.122944,0.206936,-0.445647,0.127911,0.208566,-0.375878,-0.0373947
364,6.59277,0.0230358,1,0.149289,0.247336,-0.422331,0.139647,0.238914,-0.460121,0.149289,0.247336,-0.380098,-0.0441347
365,6.61088,0.0315545,1,0.174098,0.291896,-0.419143,0.159636,0.27654,-0.469562,0.174098,0.291896,-0.377229,-0.0510805
366,6.62899,0.0412151,1,0.202878,0.342198,-0.407447,0.18341,0.320555,-0.472628,0.202878,0.342198,-0.366702,-0.0578634
367,6.6471,0.0529512,1,0.236831,0.399458,-0.383877,0.211499,0.371535,-0.467484,0.236831,0.399458,-0.345489,-0.0636399
368,6.66522,0.0664705,1,0.275712,0.463161,-0.346084,0.24441,0.429678,-0.451697,0.275712,0.463161,-0.311476,-0.0667936
369,6.68333,0.0817603,1,0.318861,0.528723,-0.289668,0.282531,0.494447,-0.42218,0.318861,0.528723,-0.260701,-0.0646546
370,6.70144,0.0975071,1,0.36564,0.589992,-0.213169,0.325975,0.564052,-0.37527,0.36564,0.589992,-0.191852,-0.0545601
371,6.71955,0.114025,1,0.414874,0.642617,-0.113966,0.374341,0.63478,-0.3071,0.414874,0.642617,-0.102569,-0.033097
372,6.73766,0.131523,1,0.462994,0.675126,0.00895089,0.426391,0.70031,-0.214478,0.462994,0.675126,0.0080558,0.00290095
373,6.75578,0.147121,1,0.506189,0.678501,0.146279,0.479691,0.751395,-0.0964505,0.506189,0.678501,0.131651,0.0518314
374,6.77389,0.159125,1,0.538211,0.641462,0.28366,0.530342,0.776564,0.0435598,0.538211,0.641462,0.255294,0.106868
375,6.792,0.169124,1,0.553143,0.566922,0.411077,0.573039,0.764562,0.195784,0.553143,0.566922,0.369969,0.159169
376,6.81011,0.173707,1,0.549473,0.460331,0.505628,0.601746,0.708584,0.343887,0.549473,0.460331,0.455065,0.19448
377,6.82822,0.173609,1,0.52558,0.335644,0.554459,0.611066,0.610694,0.468087,0.52558,0.335644,0.499013,0.203989
378,6.84634,0.168874,1,0.483681,0.214295,0.560204,0.597944,0.483408,0.551394,0.483681,0.214295,0.504184,0.189672
379,6.86445,0.161251,1,0.427595,0.10734,0.534691,0.562893,0.346262,0.585841,0.427595,0.10734,0.481222,0.160042
380,6.88256,0.149341,1,0.365457,0.0259327,0.480735,0.509987,0.218812,0.574634,0.365457,0.0259327,0.432662,0.122982
381,6.90067,0.134919,1,0.301909,-0.0297466,0.414229,0.445589,0.114409,0.529053,0.301909,-0.0297466,0.372806,0.0875418
382,6.91878,0.120141,1,0.241483,-0.0654766,0.343074,0.376544,0.0380282,0.46285,0.241483,-0.0654766,0.308766,0.0579924
383,6.9369,0.106081,1,0.186856,-0.0855045,0.271467,0.308693,-0.0120519,0.387743,0.186856,-0.0855045,0.24432,0.0355076
384,6.95501,0.0931302,1,0.139705,-0.0947366,0.202867,0.246125,-0.0410723,0.311562,0.139705,-0.0947366,0.18258,0.0198391
385,6.97312,0.0804738,1,0.100338,-0.0948035,0.140485,0.19113,-0.0551025,0.238509,0.100338,-0.0948035,0.126437,0.00986722
386,6.99123,0.0689153,1,0.0698482,-0.0908968,0.0825985,0.144534,-0.0595194,0.170265,0.0698482,-0.0908968,0.0743386,0.00403855
387,7.00934,0.0601027,1,0.0440351,-0.0878427,0.0288999,0.10615,-0.058462,0.107102,0.0440351,-0.0878427,0.02601,0.000890828
388,7.02746,0.0535984,1,0.0227175,-0.0853005,-0.0215993,0.0751912,-0.054838,0.048664,0.0227175,-0.0853005,-0.0194393,-0.000343477
389,7.04557,0.0485059,1,0.00619218,-0.08235,-0.0694381,0.0505859,-0.0505519,-0.00559026,0.00619218,-0.08235,-0.0624943,-0.000300981
390,7.06368,0.0442112,1,-0.00641822,-0.0800394,-0.114006,0.0311836,-0.0467743,-0.056184,-0.00641822,-0.0800394,-0.102606,0.000512203
391,7.08179,0.0406788,1,-0.0161139,-0.0791003,-0.155714,0.0158798,-0.0441787,-0.103549,-0.0161139,-0.0791003,-0.140143,0.00175641
392,7.0999,0.0378336,1,-0.0238765,-0.0800185,-0.19464,0.00367984,-0.0431258,-0.148017,-0.0238765,-0.0800185,-0.175176,0.00325313
393,7.11802,0.0352497,1,-0.0309046,-0.0819948,-0.230601,-0.00627744,-0.0437972,-0.189833,-0.0309046,-0.0819948,-0.207541,0.00498864
394,7.13613,0.0329579,1,-0.037311,-0.0853661,-0.264124,-0.0147209,-0.046289,-0.229177,-0.037311,-0.0853661,-0.237712,0.00689832
395,7.15424,0.0314994,1,-0.0429233,-0.0907419,-0.296904,-0.0222618,-0.0506749,-0.266173,-0.0429233,-0.0907419,-0.267214,0.00892088
396,7.17235,0.030119,1,-0.0487926,-0.0977745,-0.327122,-0.0294152,-0.0570481,-0.300905,-0.0487926,-0.0977745,-0.29441,0.0111728
397,7.19046,0.0292551,1,-0.0550647,-0.107384,-0.35526,-0.0366241,-0.0655495,-0.33341,-0.0550647,-0.107384,-0.319734,0.0136936
398,7.20858,0.0289253,1,-0.0624476,-0.119429,-0.381775,-0.0442822,-0.0763862,-0.363683,-0.0624476,-0.119429,-0.343598,0.0166887
399,7.22669,0.0284443,1,-0.0709952,-0.133006,-0.406887,-0.0527572,-0.0898452,-0.391664,-0.0709952,-0.133006,-0.366198,0.0202209
400,7.2448,0.0282671,1,-0.0808919,-0.149791,-0.430042,-0.0624102,-0.106304,-0.41722,-0.0808919,-0.149791,-0.387037,0.0243508
401,7.26291,0.0282011,1,-0.0921185,-0.170101,-0.451058,-0.0736143,-0.126237,-0.440126,-0.0921185,-0.170101,-0.405952,0.0290856
402,7.28102,0.0281036,1,-0.105331,-0.194205,-0.469532,-0.0867706,-0.150221,-0.460025,-0.105331,-0.194205,-0.422579,0.0346194
403,7.29914,0.028353,1,-0.121214,-0.223576,-0.484227,-0.102321,-0.178931,-0.476381,-0.121214,-0.223576,-0.435804,0.0410867
404,7.31725,0.0294976,1,-0.140284,-0.259957,-0.494363,-0.120759,-0.21312,-0.488412,-0.140284,-0.259957,-0.444927,0.0485458
405,7.33536,0.0315239,1,-0.163133,-0.304093,-0.49806,-0.142627,-0.253581,-0.495003,-0.163133,-0.304093,-0.448254,0.0568749
406,7.35347,0.0342044,1,-0.190801,-0.355945,-0.494477,-0.168512,-0.301054,-0.494592,-0.190801,-0.355945,-0.445029,0.0660427
407,7.37158,0.0365319,1,-0.22269,-0.414604,-0.481041,-0.199011,-0.356063,-0.485052,-0.22269,-0.414604,-0.432937,0.0749863
408,7.3897,0.0389017,1,-0.260229,-0.480353,-0.454739,-0.234667,-0.418639,-0.463573,-0.260229,-0.480353,-0.409265,0.0828353
409,7.40781,0.0413081,1,-0.303374,-0.552435,-0.412701,-0.275851,-0.487878,-0.426626,-0.303374,-0.552435,-0.371431,0.087642
410,7.42592,0.0435042,1,-0.351948,-0.62779,-0.350263,-0.322565,-0.561306,-0.370122,-0.351948,-0.62779,-0.315237,0.0862921
411,7.44403,0.0453377,1,-0.405553,-0.700356,-0.261827,-0.374158,-0.634105,-0.289963,-0.405553,-0.700356,-0.235644,0.0743294
412,7.46214,0.047244,1,-0.462326,-0.763149,-0.145953,-0.428942,-0.698413,-0.183245,-0.462326,-0.763149,-0.131357,0.0472345
413,7.48026,0.0487884,1,-0.518064,-0.803125,-0.00144855,-0.483812,-0.743238,-0.0502472,-0.518064,-0.803125,-0.00130369,0.000525308
414,7.49837,0.0471019,1,-0.566892,-0.803603,0.160492,-0.534033,-0.755833,0.103098,-0.566892,-0.803603,0.144443,-0.0636871
415,7.51648,0.042553,1,-0.601571,-0.756384,0.324069,-0.57351,-0.725204,0.263467,-0.601571,-0.756384,0.291662,-0.136465
416,7.53459,0.0352926,1,-0.619487,-0.66229,0.465454,-0.59583,-0.647236,0.411136,-0.619487,-0.66229,0.418909,-0.20184
417,7.5527,0.0277177,1,-0.611858,-0.528463,0.570341,-0.595993,-0.528837,0.525031,-0.611858,-0.528463,0.513307,-0.244277
418,7.57082,0.0177867,1,-0.578955,-0.379357,0.619188,-0.572203,-0.387543,0.590266,-0.578955,-0.379357,0.557269,-0.250937
419,7.58893,0.00803811,1,-0.526541,-0.235713,0.613488,-0.526723,-0.245551,0.603638,-0.526541,-0.235713,0.552139,-0.226118
420,7.60704,0.0057629,1,-0.459261,-0.117583,0.566432,-0.465217,-0.121628,0.573345,-0.459261,-0.117583,0.509789,-0.182098
421,7.62515,0.0117996,1,-0.384599,-0.0315478,0.496989,-0.39496,-0.0259657,0.513698,-0.384599,-0.0315478,0.44729,-0.133799
422,7.64326,0.0169152,1,-0.311986,0.0235795,0.417332,-0.32291,0.0399847,0.43901,-0.311986,0.0235795,0.375599,-0.0911413
423,7.66138,0.0209244,1,-0.244624,0.0549821,0.33612,-0.254437,0.0804657,0.359948,-0.244624,0.0549821,0.302508,-0.0575561
424,7.67949,0.0230879,1,-0.184225,0.0714428,0.258444,-0.192919,0.101937,0.28281,-0.184225,0.0714428,0.2326,-0.0333284
425,7.6976,0.0246444,1,-0.133947,0.075392,0.187278,-0.139937,0.110723,0.21047,-0.133947,0.075392,0.16855,-0.0175597
426,7.71571,0.0238565,1,-0.0926173,0.0748027,0.125907,-0.0957396,0.111956,0.143719,-0.0926173,0.0748027,0.113316,-0.0081628
427,7.73382,0.0235636,1,-0.0592271,0.0711814,0.067913,-0.0597357,0.109361,0.0823285,-0.0592271,0.0711814,0.0611217,-0.0028156
428,7.75194,0.0225803,1,-0.0327567,0.06854,0.0128814,-0.030883,0.10544,0.0257056,-0.0327567,0.06854,0.0115933,-0.000295367
429,7.77005,0.0219272,1,-0.0120308,0.0649806,-0.035269,-0.00796574,0.101774,-0.0267773,-0.0120308,0.0649806,-0.0317421,0.000297019
430,7.78816,0.0212879,1,0.00462944,0.0630428,-0.0793113,0.010234,0.099302,-0.0756533,0.00462944,0.0630428,-0.0713802,-0.000257017
431,7.80627,0.021036,1,0.0182473,0.06272,-0.121005,0.0248422,0.0985522,-0.121331,0.0182473,0.06272,-0.108905,-0.00154561
432,7.82438,0.0212706,1,0.0289321,0.0640048,-0.160562,0.0368514,0.0998105,-0.164104,0.0289321,0.0640048,-0.144506,-0.00325177
433,7.8425,0.0204737,1,0.0389886,0.0691742,-0.1986,0.0471132,0.103239,-0.204175,0.0389886,0.0691742,-0.17874,-0.00542019
434,7.86061,0.0196329,1,0.0483572,0.0770551,-0.233028,0.0563491,0.108958,-0.241671,0.0483572,0.0770551,-0.209725,-0.00788801
435,7.87872,0.0193828,1,0.0572714,0.0876646,-0.262571,0.0651721,0.117098,-0.276655,0.0572714,0.0876646,-0.236314,-0.0105265
436,7.89683,0.0181789,1,0.0676464,0.102512,-0.291571,0.0741115,0.127837,-0.309129,0.0676464,0.102512,-0.262414,-0.0138066
437,7.91494,0.0172365,1,0.0786496,0.119977,-0.318864,0.0836394,0.141422,-0.339026,0.0786496,0.119977,-0.286978,-0.017555
438,7.93306,0.0172818,1,0.0908646,0.140422,-0.342338,0.0941947,0.158185,-0.3662,0.0908646,0.140422,-0.308105,-0.0217745
439,7.95117,0.0183002,1,0.105591,0.16485,-0.361819,0.106205,0.178547,-0.390398,0.105591,0.16485,-0.325637,-0.0267434
440,7.96928,0.0208137,1,0.122665,0.194083,-0.376397,0.120107,0.203021,-0.411228,0.122665,0.194083,-0.338757,-0.0323195
441,7.98739,0.0252363,1,0.141927,0.228093,-0.384952,0.136356,0.232203,-0.42811,0.141927,0.228093,-0.346456,-0.0382445
442,8.0055,0.0309717,1,0.164092,0.26782,-0.387284,0.155441,0.266739,-0.440216,0.164092,0.26782,-0.348556,-0.0444852
443,8.02362,0.0381794,1,0.190326,0.313663,-0.38175,0.177879,0.307272,-0.446381,0.190326,0.313663,-0.343575,-0.0508598
444,8.04173,0.0462397,1,0.220843,0.366486,-0.367624,0.204202,0.354338,-0.445019,0.220843,0.366486,-0.330862,-0.056831
445,8.05984,0.0548703,1,0.256242,0.425386,-0.343013,0.234921,0.408183,-0.434017,0.256242,0.425386,-0.308712,-0.061526
446,8.07795,0.0659524,1,0.295935,0.487516,-0.300967,0.270446,0.468474,-0.41068,0.295935,0.487516,-0.270871,-0.0623467
447,8.09606,0.0784932,1,0.340158,0.549631,-0.239918,0.31097,0.533875,-0.371764,0.340158,0.549631,-0.215926,-0.057127
448,8.11418,0.092783,1,0.387186,0.605335,-0.156077,0.356268,0.601472,-0.313732,0.387186,0.605335,-0.140469,-0.0423015
449,8.13229,0.107807,1,0.434391,0.646505,-0.0499851,0.405432,0.666157,-0.233404,0.434391,0.646505,-0.0449866,-0.0151991
450,8.1504,0.121012,1,0.477744,0.663935,0.0716197,0.45655,0.720213,-0.129167,0.477744,0.663935,0.0644577,0.0239511
451,8.16851,0.131931,1,0.513882,0.649498,0.200523,0.506426,0.753602,-0.00275999,0.513882,0.649498,0.180471,0.0721317
452,8.18662,0.142485,1,0.536822,0.59943,0.329415,0.550527,0.755622,0.13883,0.536822,0.59943,0.296474,0.123786
453,8.20474,0.147316,1,0.544505,0.515658,0.432757,0.583385,0.718192,0.282511,0.544505,0.515658,0.389481,0.164947
454,8.22285,0.14951,1,0.533184,0.407539,0.503604,0.599633,0.639964,0.410744,0.533184,0.407539,0.453244,0.187959
455,8.24096,0.148666,1,0.502436,0.290715,0.536369,0.595493,0.528914,0.506268,0.502436,0.290715,0.482732,0.188644
456,8.25907,0.143796,1,0.45704,0.180731,0.531202,0.57012,0.401014,0.558037,0.45704,0.180731,0.478082,0.169947
457,8.27718,0.13539,1,0.401401,0.0893728,0.493944,0.526065,0.27491,0.564838,0.401401,0.0893728,0.444549,0.138789
458,8.2953,0.125548,1,0.340981,0.0186319,0.437419,0.468541,0.165682,0.534328,0.340981,0.0186319,0.393677,0.104406
459,8.31341,0.112533,1,0.280949,-0.0278343,0.373863,0.403904,0.0812554,0.478615,0.280949,-0.0278343,0.336477,0.0735257
460,8.33152,0.0986197,1,0.226074,-0.0553063,0.306822,0.338117,0.0225787,0.409574,0.226074,-0.0553063,0.27614,0.0485551
461,8.34963,0.0860203,1,0.177323,-0.0708759,0.239873,0.275768,-0.0139172,0.336116,0.177323,-0.0708759,0.215885,0.0297744
462,8.36774,0.0760353,1,0.134438,-0.076973,0.173196,0.219764,-0.0336065,0.263656,0.134438,-0.076973,0.155877,0.016299
463,8.38586,0.0656868,1,0.0986706,-0.0775217,0.115048,0.171493,-0.0418074,0.194833,0.0986706,-0.0775217,0.103543,0.0079463
464,8.40397,0.0565446,1,0.0697158,-0.0756152,0.0616843,0.131208,-0.0429021,0.130535,0.0697158,-0.0756152,0.0555159,0.00301026
465,8.42208,0.0492859,1,0.0468403,-0.0721411,0.0107408,0.098431,-0.0401252,0.0707465,0.0468403,-0.0721411,0.00966669,0.00035217
466,8.44019,0.0437234,1,0.0290119,-0.0681958,-0.037882,0.0722815,-0.0356818,0.0150877,0.0290119,-0.0681958,-0.0340938,-0.000769319
467,8.4583,0.0399742,1,0.0156136,-0.0643926,-0.0856223,0.0517186,-0.0309756,-0.0369032,0.0156136,-0.0643926,-0.0770601,-0.000935809
468,8.47642,0.0368489,1,0.0047538,-0.0613741,-0.129507,0.0356921,-0.0268385,-0.0856473,0.0047538,-0.0613741,-0.116556,-0.000430954
469,8.49453,0.0341856,1,-0.00344818,-0.059055,-0.170806,0.0232298,-0.0237223,-0.131489,-0.00344818,-0.059055,-0.153726,0.00041228
470,8.51264,0.0321738,1,-0.0103266,-0.0578966,-0.209897,0.0134775,-0.021843,-0.174698,-0.0103266,-0.0578966,-0.188907,0.00151727
471,8.53075,0.0307174,1,-0.0162644,-0.0579988,-0.247103,0.00571054,-0.0212844,-0.215483,-0.0162644,-0.0579988,-0.222393,0.00281329
472,8.54886,0.0295885,1,-0.0208015,-0.0598023,-0.282248,-0.000673015,-0.0220693,-0.254008,-0.0208015,-0.0598023,-0.254023,0.00410983
473,8.56698,0.0285497,1,-0.0250218,-0.0625723,-0.31526,-0.00616826,-0.0242068,-0.290403,-0.0250218,-0.0625723,-0.283734,0.00552187
474,8.58509,0.0282486,1,-0.0295865,-0.0674741,-0.346567,-0.0111834,-0.0277229,-0.32477,-0.0295865,-0.0674741,-0.31191,0.00717761
475,8.6032,0.0282266,1,-0.0341292,-0.0740352,-0.375994,-0.0160606,-0.0326807,-0.357191,-0.0341292,-0.0740352,-0.338394,0.00898267
476,8.62131,0.0279122,1,-0.0390096,-0.0810251,-0.404048,-0.0210959,-0.0391936,-0.387723,-0.0390096,-0.0810251,-0.363643,0.0110332
477,8.63942,0.0272124,1,-0.0438852,-0.0887398,-0.431072,-0.0265579,-0.0474361,-0.416399,-0.0438852,-0.0887398,-0.387965,0.0132424
478,8.65754,0.0266735,1,-0.0496059,-0.0984789,-0.456708,-0.0327045,-0.0576523,-0.443219,-0.0496059,-0.0984789,-0.411038,0.0158588
479,8.67565,0.0262317,1,-0.0563173,-0.110618,-0.480598,-0.0397985,-0.0701656,-0.468145,-0.0563173,-0.110618,-0.432538,0.0189462
480,8.69376,0.0250915,1,-0.0639148,-0.124521,-0.50147,-0.0481216,-0.0853884,-0.491079,-0.0639148,-0.124521,-0.451323,0.022436
481,8.71187,0.023659,1,-0.0727495,-0.141076,-0.520471,-0.0579886,-0.103833,-0.511847,-0.0727495,-0.141076,-0.468424,0.0265048
482,8.72998,0.0221357,1,-0.0836073,-0.161134,-0.537409,-0.0697603,-0.126123,-0.530167,-0.0836073,-0.161134,-0.483668,0.031452
483,8.7481,0.0203881,1,-0.0968147,-0.185259,-0.551782,-0.0838558,-0.152997,-0.545597,-0.0968147,-0.185259,-0.496603,0.0373944
484,8.76621,0.0182907,1,-0.11239,-0.214315,-0.562704,-0.100763,-0.185312,-0.557479,-0.11239,-0.214315,-0.506434,0.0442698
485,8.78432,0.0163231,1,-0.131188,-0.250128,-0.568699,-0.121048,-0.22402,-0.564843,-0.131188,-0.250128,-0.511829,0.0522246
486,8.80243,0.014966,1,-0.154092,-0.294251,-0.56989,-0.145349,-0.270115,-0.566291,-0.154092,-0.294251,-0.512901,0.061471
487,8.82054,0.014176,1,-0.181725,-0.347391,-0.564863,-0.174366,-0.32451,-0.559843,-0.181725,-0.347391,-0.508377,0.0718548
488,8.83866,0.01329,1,-0.214326,-0.408855,-0.550303,-0.208812,-0.387814,-0.542768,-0.214326,-0.408855,-0.495272,0.0825608
489,8.85677,0.0129635,1,-0.252692,-0.479817,-0.521298,-0.249324,-0.459931,-0.511432,-0.252692,-0.479817,-0.469168,0.0922094
490,8.87488,0.014126,1,-0.297695,-0.559256,-0.475525,-0.296292,-0.539421,-0.461268,-0.297695,-0.559256,-0.427972,0.099093
491,8.89299,0.0170746,1,-0.349466,-0.643288,-0.408195,-0.349579,-0.622596,-0.387066,-0.349466,-0.643288,-0.367375,0.099855
492,8.9111,0.0216654,1,-0.407882,-0.726873,-0.312379,-0.408107,-0.702434,-0.283903,-0.407882,-0.726873,-0.281141,0.0891896
493,8.92922,0.0286737,1,-0.470641,-0.801062,-0.185918,-0.46934,-0.767774,-0.149084,-0.470641,-0.801062,-0.167326,0.0612503
494,8.94733,0.0360252,1,-0.532804,-0.849924,-0.0269129,-0.528804,-0.803715,0.0148265,-0.532804,-0.849924,-0.0242216,0.0100375
495,8.96544,0.0411976,1,-0.588177,-0.854798,0.159397,-0.579994,-0.794541,0.196732,-0.588177,-0.854798,0.143457,-0.0656277
496,8.98355,0.0459688,1,-0.628452,-0.802336,0.346102,-0.615108,-0.7297,0.375857,-0.628452,-0.802336,0.311492,-0.152256
497,9.00166,0.0509276,1,-0.649308,-0.694593,0.509656,-0.6269,-0.610792,0.525659,-0.649308,-0.694593,0.45869,-0.231646
498,9.01978,0.0520907,1,-0.640391,-0.539829,0.626979,-0.611156,-0.454562,0.623078,-0.640391,-0.539829,0.564281,-0.281058
499,9.03789,0.0512515,1,-0.602047,-0.367415,0.678827,-0.568542,-0.287853,0.658153,-0.602047,-0.367415,0.610944,-0.28608
500,9.056,0.0466018,1,-0.541329,-0.201974,0.667274,-0.504567,-0.136798,0.637012,-0.541329,-0.201974,0.600547,-0.25285
501,9.07411,0.0412763,1,-0.463619,-0.0707363,0.608171,-0.427649,-0.0177067,0.576466,-0.463619,-0.0707363,0.547354,-0.197372
502,9.09222,0.0372404,1,-0.379786,0.020618,0.527954,-0.346489,0.0651633,0.49528,-0.379786,0.020618,0.475159,-0.140357
503,9.11034,0.0341311,1,-0.298552,0.0769564,0.440155,-0.268108,0.116153,0.408037,-0.298552,0.0769564,0.39614,-0.0919864
504,9.12845,0.0305276,1,-0.224157,0.106517,0.350059,-0.197055,0.143265,0.323398,-0.224157,0.106517,0.315053,-0.0549278
505,9.14656,0.026924,1,-0.1584,0.12122,0.268394,-0.135556,0.154616,0.245208,-0.1584,0.12122,0.241555,-0.0297595
506,9.16467,0.0263991,1,-0.104443,0.12271,0.197056,-0.0840921,0.156802,0.174378,-0.104443,0.12271,0.177351,-0.0144068
507,9.18278,0.0263158,1,-0.0596454,0.121172,0.13597,-0.0420333,0.154568,0.110434,-0.0596454,0.121172,0.122373,-0.00567698
508,9.2009,0.0263073,1,-0.0243934,0.116905,0.0778761,-0.00816072,0.151058,0.0524533,-0.0243934,0.116905,0.0700885,-0.00132976
509,9.21901,0.0250872,1,0.00447369,0.115222,0.0237689,0.0189773,0.148237,-0.00047464,0.00447369,0.115222,0.021392,7.44343e-05
510,9.23712,0.0255105,1,0.0279277,0.114841,-0.0219888,0.0408451,0.147269,-0.0490798,0.0279277,0.114841,-0.0197899,-0.000429867
511,9.25523,0.0269827,1,0.0468217,0.115573,-0.0632916,0.0588015,0.148815,-0.0938808,0.0468217,0.115573,-0.0569625,-0.00207439
512,9.27334,0.0278201,1,0.062604,0.119202,-0.103083,0.0740491,0.153244,-0.135207,0.062604,0.119202,-0.0927744,-0.00451737
513,9.29146,0.0288563,1,0.0762582,0.125585,-0.139619,0.0876245,0.160786,-0.173232,0.0762582,0.125585,-0.125657,-0.00745298
514,9.30957,0.0289981,1,0.0896448,0.137031,-0.173201,0.100412,0.171617,-0.207994,0.0896448,0.137031,-0.155881,-0.0108686
515,9.32768,0.0287685,1,0.102801,0.151736,-0.204676,0.113167,0.185924,-0.239412,0.102801,0.151736,-0.184208,-0.0147286
516,9.34579,0.029376,1,0.116558,0.170256,-0.230473,0.126546,0.203937,-0.267278,0.116558,0.170256,-0.207426,-0.0188044
517,9.3639,0.0291593,1,0.132544,0.194714,-0.252484,0.141135,0.225937,-0.291241,0.132544,0.194714,-0.227235,-0.0234256
518,9.38202,0.0292225,1,0.150066,0.223943,-0.269474,0.157466,0.252249,-0.310776,0.150066,0.223943,-0.242527,-0.0283073
519,9.40013,0.03013,1,0.169774,0.256611,-0.280689,0.176036,0.283211,-0.325149,0.169774,0.256611,-0.25262,-0.0333575
520,9.41824,0.0320603,1,0.191846,0.292593,-0.284882,0.197312,0.319114,-0.333363,0.191846,0.292593,-0.256394,-0.0382575
521,9.43635,0.0342976,1,0.216512,0.332694,-0.281665,0.221715,0.360104,-0.334111,0.216512,0.332694,-0.253499,-0.0426887
522,9.45446,0.0369557,1,0.244506,0.377126,-0.26886,0.249593,0.406032,-0.325744,0.244506,0.377126,-0.241974,-0.0460166
523,9.47258,0.0408959,1,0.276837,0.425786,-0.242463,0.281159,0.456232,-0.306273,0.276837,0.425786,-0.218217,-0.0469859
524,9.49069,0.0458448,1,0.312859,0.476007,-0.201444,0.316394,0.50923,-0.273478,0.312859,0.476007,-0.181299,-0.0441164
525,9.5088,0.0509561,1,0.350241,0.523794,-0.145938,0.354916,0.562411,-0.225162,0.350241,0.523794,-0.131344,-0.0357793
526,9.52691,0.0573312,1,0.388003,0.563008,-0.0734821,0.395805,0.611709,-0.159668,0.388003,0.563008,-0.0661338,-0.0199579
527,9.54502,0.0640884,1,0.425222,0.587991,0.0135196,0.437425,0.651521,-0.0766863,0.425222,0.587991,0.0121676,0.00402418
528,9.56314,0.0690954,1,0.459215,0.594191,0.108025,0.477301,0.675095,0.0217114,0.459215,0.594191,0.0972222,0.0347245
529,9.58125,0.0739221,1,0.486016,0.578499,0.209298,0.512162,0.675673,0.130132,0.486016,0.578499,0.188368,0.0712055
530,9.59936,0.0779202,1,0.502535,0.536426,0.305922,0.538247,0.648417,0.239609,0.502535,0.536426,0.27533,0.107616
531,9.61747,0.080937,1,0.50599,0.467941,0.383424,0.551959,0.592595,0.338698,0.50599,0.467941,0.345082,0.135806
532,9.63558,0.0823482,1,0.49476,0.383315,0.436329,0.550723,0.512933,0.416055,0.49476,0.383315,0.392696,0.151114
533,9.6537,0.0811366,1,0.469301,0.294168,0.461576,0.533767,0.419025,0.46365,0.469301,0.294168,0.415418,0.151633
534,9.67181,0.0774211,1,0.433205,0.209793,0.45814,0.502461,0.322713,0.47899,0.433205,0.209793,0.412326,0.138928
535,9.68992,0.0726606,1,0.38906,0.136822,0.430104,0.460008,0.234673,0.465178,0.38906,0.136822,0.387094,0.117136
536,9.70803,0.0668427,1,0.341018,0.0798532,0.38632,0.410651,0.161922,0.428979,0.341018,0.0798532,0.347688,0.0922195
537,9.72614,0.0599484,1,0.292831,0.0386774,0.336388,0.358727,0.107162,0.378209,0.292831,0.0386774,0.302749,0.0689534
538,9.74426,0.0533832,1,0.247258,0.0115313,0.281113,0.307933,0.0696488,0.319717,0.247258,0.0115313,0.253002,0.0486552
539,9.76237,0.0475621,1,0.206012,-0.00404554,0.223881,0.260955,0.0466571,0.25848,0.206012,-0.00404554,0.201493,0.0322856
540,9.78048,0.0421018,1,0.170706,-0.00918184,0.165814,0.219418,0.0347993,0.197601,0.170706,-0.00918184,0.149233,0.0198138
541,9.79859,0.0375919,1,0.140958,-0.00955131,0.111381,0.184049,0.0308719,0.138741,0.140958,-0.00955131,0.100243,0.0109901
542,9.8167,0.0335027,1,0.1173,-0.00657402,0.0615334,0.154911,0.0322541,0.0826298,0.1173,-0.00657402,0.05538,0.0050525
543,9.83482,0.0304222,1,0.0989669,-0.00149084,0.0144235,0.131646,0.0370055,0.0294788,0.0989669,-0.00149084,0.0129811,0.000999212
544,9.85293,0.0283116,1,0.0848267,0.00554362,-0.0311709,0.113667,0.0438088,-0.0207465,0.0848267,0.00554362,-0.0280538,-0.00185089
545,9.87104,0.0267357,1,0.0744339,0.0141388,-0.0754325,0.100305,0.0518529,-0.0681728,0.0744339,0.0141388,-0.0678892,-0.00393031
546,9.88915,0.0256167,1,0.067826,0.0229719,-0.116389,0.0909044,0.0607098,-0.112942,0.067826,0.0229719,-0.10475,-0.00552596
547,9.90726,0.0248574,1,0.0639476,0.0326049,-0.154799,0.0848755,0.0702287,-0.155175,0.0639476,0.0326049,-0.139319,-0.00692932
548,9.92538,0.0242833,1,0.0624922,0.0432786,-0.190856,0.0817294,0.0804551,-0.194964,0.0624922,0.0432786,-0.17177,-0.00834889
549,9.94349,0.0240734,1,0.0632161,0.0547679,-0.22432,0.0810869,0.0915718,-0.232363,0.0632161,0.0547679,-0.201888,-0.00992646
550,9.9616,0.0233698,1,0.0662304,0.0683841,-0.256941,0.082681,0.103862,-0.267388,0.0662304,0.0683841,-0.231247,-0.0119121
551,9.97971,0.0226993,1,0.0709895,0.083824,-0.287239,0.0863516,0.117687,-0.300011,0.0709895,0.083824,-0.258515,-0.0142737
552,9.99782,0.0219579,1,0.0776762,0.101448,-0.315498,0.0920396,0.133473,-0.330144,0.0776762,0.101448,-0.283949,-0.0171547
553,10.0159,0.0214058,1,0.086658,0.121894,-0.339935,0.09978,0.151714,-0.357633,0.086658,0.121894,-0.305942,-0.0206207
554,10.034,0.0215192,1,0.0985101,0.145202,-0.360013,0.109697,0.172965,-0.382223,0.0985101,0.145202,-0.324011,-0.0248254
555,10.0522,0.0219635,1,0.113465,0.172377,-0.376591,0.121998,0.197844,-0.403531,0.113465,0.172377,-0.338932,-0.0299109
556,10.0703,0.0227491,1,0.130387,0.204444,-0.389387,0.136972,0.227026,-0.420998,0.130387,0.204444,-0.350448,-0.0355398
557,10.0884,0.0244551,1,0.150098,0.2416,-0.396605,0.15498,0.26122,-0.433826,0.150098,0.2416,-0.356945,-0.0416706
558,10.1065,0.0276921,1,0.173923,0.283959,-0.396184,0.176445,0.301117,-0.440903,0.173923,0.283959,-0.356566,-0.0482338
559,10.1246,0.0321565,1,0.201832,0.332564,-0.386999,0.201834,0.347303,-0.44071,0.201832,0.332564,-0.348299,-0.054676
560,10.1427,0.0373195,1,0.23397,0.386867,-0.367997,0.23161,0.400092,-0.431225,0.23397,0.386867,-0.331198,-0.0602703
561,10.1608,0.043878,1,0.270719,0.446666,-0.335051,0.266163,0.459255,-0.409862,0.270719,0.446666,-0.301546,-0.0634934
562,10.1789,0.0521238,1,0.311927,0.509354,-0.284557,0.305693,0.523628,-0.373484,0.311927,0.509354,-0.256101,-0.0621327
563,10.1971,0.0614046,1,0.355713,0.569681,-0.214501,0.35002,0.590567,-0.318631,0.355713,0.569681,-0.193051,-0.0534106
564,10.2152,0.0707965,1,0.403242,0.621519,-0.124329,0.398334,0.655343,-0.242093,0.403242,0.621519,-0.111896,-0.0350944
565,10.2333,0.0810232,1,0.450674,0.657838,-0.0120383,0.448877,0.710696,-0.142027,0.450674,0.657838,-0.0108345,-0.00379775
566,10.2514,0.0908677,1,0.494298,0.668197,0.116527,0.498667,0.747008,-0.0196361,0.494298,0.668197,0.104875,0.0403195
567,10.2695,0.0992704,1,0.527326,0.642429,0.249033,0.543393,0.753717,0.118953,0.527326,0.642429,0.22413,0.0919252
568,10.2876,0.106187,1,0.545753,0.580801,0.374653,0.577751,0.722335,0.261642,0.545753,0.580801,0.337187,0.143127
569,10.3057,0.10998,1,0.54655,0.486169,0.474163,0.596372,0.650446,0.391594,0.54655,0.486169,0.426747,0.181408
570,10.3238,0.110854,1,0.528516,0.369233,0.532284,0.595237,0.544587,0.491477,0.528516,0.369233,0.479055,0.196924
571,10.342,0.108117,1,0.49191,0.250796,0.5477,0.57306,0.419556,0.549277,0.49191,0.250796,0.49293,0.188593
572,10.3601,0.102101,1,0.441306,0.145052,0.530953,0.53189,0.293659,0.562334,0.441306,0.145052,0.477857,0.164019
573,10.3782,0.0944406,1,0.382332,0.0589625,0.485949,0.476554,0.18252,0.537066,0.382332,0.0589625,0.437354,0.130056
574,10.3963,0.0849742,1,0.321712,-0.00246813,0.423575,0.413242,0.0950622,0.484991,0.321712,-0.00246813,0.381218,0.0953884
575,10.4144,0.0752305,1,0.262088,-0.0426382,0.35591,0.347961,0.0331705,0.41802,0.262088,-0.0426382,0.320319,0.0652957
576,10.4325,0.0664355,1,0.207544,-0.066092,0.285679,0.285477,-0.00612755,0.345442,0.207544,-0.066092,0.257111,0.0415036
577,10.4506,0.0584813,1,0.159915,-0.0781696,0.218543,0.228914,-0.0279569,0.273113,0.159915,-0.0781696,0.196688,0.0244637
578,10.4687,0.0510541,1,0.119323,-0.0805347,0.155926,0.179862,-0.0376206,0.204019,0.119323,-0.0805347,0.140333,0.0130238
579,10.4868,0.0441979,1,0.0874794,-0.0781118,0.0974338,0.138728,-0.0395982,0.139274,0.0874794,-0.0781118,0.0876904,0.00596641
580,10.505,0.0387692,1,0.0616467,-0.0741566,0.0435518,0.105141,-0.0372528,0.0789856,0.0616467,-0.0741566,0.0391966,0.00187938
581,10.5231,0.0358466,1,0.0399943,-0.070977,-0.00782345,0.0782821,-0.0329079,0.0228314,0.0399943,-0.070977,-0.0070411,-0.000219025
582,10.5412,0.0335226,1,0.022804,-0.0661602,-0.0568412,0.0571444,-0.0280601,-0.0296305,0.022804,-0.0661602,-0.051157,-0.000907345
583,10.5593,0.0317583,1,0.00981848,-0.0622818,-0.102839,0.0406902,-0.0236074,-0.0788185,0.00981848,-0.0622818,-0.0925552,-0.000706807
584,10.5774,0.0296259,1,0.000732538,-0.0586167,-0.145193,0.0279478,-0.0200426,-0.125082,0.000732538,-0.0586167,-0.130673,-7.44514e-05
585,10.5955,0.0280097,1,-0.0057638,-0.0562564,-0.185787,0.0180581,-0.0176036,-0.168696,-0.0057638,-0.0562564,-0.167208,0.000749588
586,10.6136,0.0264887,1,-0.0113157,-0.0545775,-0.223262,0.0102899,-0.0163804,-0.209878,-0.0113157,-0.0545775,-0.200936,0.00176846
587,10.6317,0.0254654,1,-0.0161252,-0.0541426,-0.259461,0.0040361,-0.0163898,-0.248797,-0.0161252,-0.0541426,-0.233514,0.0029287
588,10.6499,0.024714,1,-0.0200673,-0.0550987,-0.294086,-0.00120084,-0.0176253,-0.285593,-0.0200673,-0.0550987,-0.264678,0.00413107
589,10.668,0.0239112,1,-0.0231352,-0.0572701,-0.32614,-0.0058273,-0.0200888,-0.320376,-0.0231352,-0.0572701,-0.293526,0.00528172
590,10.6861,0.0231008,1,-0.0260895,-0.0603947,-0.356313,-0.0101789,-0.0238114,-0.35324,-0.0260895,-0.0603947,-0.320682,0.00650723
591,10.7042,0.0222377,1,-0.0294523,-0.0643762,-0.384747,-0.0145398,-0.0288668,-0.384258,-0.0294523,-0.0643762,-0.346273,0.00793219
592,10.7223,0.0210021,1,-0.032813,-0.0690894,-0.412681,-0.019161,-0.0353811,-0.413484,-0.032813,-0.0690894,-0.371413,0.00947892
593,10.7404,0.0190016,1,-0.0364772,-0.0740349,-0.438845,-0.0242761,-0.0435409,-0.44095,-0.0364772,-0.0740349,-0.394961,0.0112055
594,10.7585,0.0168403,1,-0.0407584,-0.0805551,-0.463337,-0.0301168,-0.0536011,-0.466658,-0.0407584,-0.0805551,-0.417004,0.0132194
595,10.7766,0.014216,1,-0.0455669,-0.0886083,-0.486607,-0.0369258,-0.0658948,-0.490571,-0.0455669,-0.0886083,-0.437947,0.0155212
596,10.7948,0.0110339,1,-0.0510481,-0.0986233,-0.509111,-0.0449705,-0.080843,-0.512599,-0.0510481,-0.0986233,-0.4582,0.0181924
597,10.8129,0.00736127,1,-0.0575315,-0.111105,-0.530054,-0.0545554,-0.0989673,-0.532579,-0.0575315,-0.111105,-0.477048,0.0213464
598,10.831,0.00302161,1,-0.0657139,-0.126075,-0.549521,-0.0660345,-0.120901,-0.550239,-0.0657139,-0.126075,-0.494569,0.0252778
599,10.8491,0.00340318,1,-0.0752145,-0.144399,-0.567279,-0.079824,-0.1474,-0.56516,-0.0752145,-0.144399,-0.510551,0.0298673
600,10.8672,0.0100655,1,-0.0864273,-0.166578,-0.58313,-0.0964129,-0.179343,-0.576705,-0.0864273,-0.166578,-0.524817,0.0352788
601,10.8853,0.0178831,1,-0.0998823,-0.194215,-0.595558,-0.116372,-0.217717,-0.583933,-0.0998823,-0.194215,-0.536002,0.04164
602,10.9034,0.0269996,1,-0.116682,-0.228096,-0.604664,-0.140353,-0.263572,-0.585478,-0.116682,-0.228096,-0.544197,0.0493873
603,10.9215,0.0374774,1,-0.137517,-0.26975,-0.609367,-0.16908,-0.317903,-0.579389,-0.137517,-0.26975,-0.54843,0.0586588
604,10.9396,0.0502222,1,-0.162523,-0.31923,-0.608041,-0.203303,-0.381444,-0.562951,-0.162523,-0.31923,-0.547237,0.0691744
605,10.9578,0.064736,1,-0.192791,-0.378497,-0.597599,-0.243717,-0.454269,-0.532504,-0.192791,-0.378497,-0.537839,0.0806485
606,10.9759,0.0815784,1,-0.228791,-0.446797,-0.574552,-0.290794,-0.535163,-0.483382,-0.228791,-0.446797,-0.517097,0.0920166
607,10.994,0.10073,1,-0.272045,-0.52486,-0.536649,-0.34451,-0.620685,-0.410135,-0.272045,-0.52486,-0.482984,0.102195
608,11.0121,0.121763,1,-0.323006,-0.612265,-0.479199,-0.403919,-0.704008,-0.307401,-0.323006,-0.612265,-0.43128,0.108349
609,11.0302,0.143796,1,-0.380512,-0.702808,-0.394435,-0.466612,-0.773947,-0.171819,-0.380512,-0.702808,-0.354992,0.105061
610,11.0483,0.165056,1,-0.444417,-0.788392,-0.277196,-0.528179,-0.815136,-0.00516771,-0.444417,-0.788392,-0.249476,0.0862332
611,11.0664,0.185733,1,-0.511391,-0.857085,-0.128402,-0.58202,-0.810769,0.182012,-0.511391,-0.857085,-0.115562,0.0459645
612,11.0845,0.199063,1,-0.574165,-0.888942,0.0571016,-0.620014,-0.748742,0.368743,-0.574165,-0.888942,0.0513915,-0.0229501
613,11.1027,0.205696,1,-0.6257,-0.865019,0.260141,-0.634375,-0.62932,0.527167,-0.6257,-0.865019,0.234127,-0.113939
614,11.1208,0.206839,1,-0.658574,-0.77811,0.455122,-0.620301,-0.469024,0.632175,-0.658574,-0.77811,0.40961,-0.209812
615,11.1389,0.203394,1,-0.665201,-0.630365,0.603882,-0.578071,-0.295904,0.672087,-0.665201,-0.630365,0.543494,-0.281192
616,11.157,0.195398,1,-0.637733,-0.45064,0.688622,-0.513181,-0.138025,0.652563,-0.637733,-0.45064,0.61976,-0.30741
617,11.1751,0.181037,1,-0.583496,-0.265743,0.702242,-0.434369,-0.0132639,0.591165,-0.583496,-0.265743,0.632018,-0.286829
618,11.1932,0.162062,1,-0.507039,-0.106365,0.656341,-0.350796,0.0734795,0.507896,-0.507039,-0.106365,0.590707,-0.232954
619,11.2113,0.143612,1,-0.419676,0.00860258,0.578047,-0.269897,0.12668,0.418369,-0.419676,0.00860258,0.520242,-0.169815
620,11.2294,0.126287,1,-0.330924,0.0814108,0.487979,-0.196502,0.15482,0.331817,-0.330924,0.0814108,0.439181,-0.113039
621,11.2476,0.109288,1,-0.249891,0.120067,0.393708,-0.13297,0.166511,0.252271,-0.249891,0.120067,0.354337,-0.0688687
622,11.2657,0.0932272,1,-0.176789,0.1397,0.306428,-0.0798131,0.168723,0.180622,-0.176789,0.1397,0.275785,-0.0379212
623,11.2838,0.0809226,1,-0.11606,0.143639,0.229322,-0.0363739,0.166439,0.116292,-0.11606,0.143639,0.206389,-0.0186305
624,11.3019,0.0718974,1,-0.0653561,0.142861,0.163187,-0.00137576,0.162942,0.0582535,-0.0653561,0.142861,0.146868,-0.00746567
625,11.32,0.066734,1,-0.0246443,0.139335,0.106933,0.0266983,0.160272,0.00551386,-0.0246443,0.139335,0.0962399,-0.0018447
626,11.3381,0.0614894,1,0.00788599,0.135162,0.0522788,0.0493755,0.159627,-0.0427102,0.00788599,0.135162,0.0470509,0.000288589
627,11.3562,0.0580021,1,0.034027,0.134306,0.00350191,0.0680709,0.161686,-0.0869639,0.034027,0.134306,0.00315172,8.34116e-05
628,11.3743,0.0566566,1,0.0560327,0.135902,-0.0387584,0.0840348,0.166825,-0.127582,0.0560327,0.135902,-0.0348826,-0.00152022
629,11.3924,0.0562712,1,0.0733411,0.139067,-0.0777561,0.0983435,0.175272,-0.164724,0.0733411,0.139067,-0.0699805,-0.00399191
630,11.4106,0.0551868,1,0.0892983,0.146301,-0.115021,0.111913,0.187201,-0.198403,0.0892983,0.146301,-0.103519,-0.00718984
631,11.4287,0.0554755,1,0.104239,0.157279,-0.14659,0.125526,0.202792,-0.228492,0.104239,0.157279,-0.131931,-0.0106962
632,11.4468,0.0544654,1,0.118209,0.172499,-0.177558,0.139857,0.222256,-0.254726,0.118209,0.172499,-0.159802,-0.0146922
633,11.4649,0.0544993,1,0.132638,0.190912,-0.203395,0.1555,0.245841,-0.27668,0.132638,0.190912,-0.183055,-0.0188846
634,11.483,0.0554089,1,0.148977,0.214859,-0.221919,0.172989,0.273814,-0.293739,0.148977,0.214859,-0.199728,-0.0231427
635,11.5011,0.055891,1,0.167633,0.243585,-0.23586,0.19281,0.30642,-0.305065,0.167633,0.243585,-0.212274,-0.0276766
636,11.5192,0.056387,1,0.187833,0.276003,-0.244874,0.215395,0.343795,-0.30955,0.187833,0.276003,-0.220387,-0.0321967
637,11.5373,0.0571309,1,0.210387,0.312398,-0.247035,0.241103,0.385857,-0.305789,0.210387,0.312398,-0.222331,-0.036381
638,11.5555,0.0591244,1,0.235011,0.351535,-0.239577,0.27018,0.432121,-0.292075,0.235011,0.351535,-0.215619,-0.0394122
639,11.5736,0.0614689,1,0.262412,0.393821,-0.22139,0.302685,0.481466,-0.266464,0.262412,0.393821,-0.199251,-0.0406667
640,11.5917,0.0633584,1,0.294057,0.438545,-0.189917,0.338379,0.531851,-0.226961,0.294057,0.438545,-0.170925,-0.0390924
641,11.6098,0.0644386,1,0.328252,0.483287,-0.144322,0.376589,0.580037,-0.17189,0.328252,0.483287,-0.12989,-0.0331618
642,11.6279,0.0655727,1,0.363192,0.522165,-0.0846413,0.41605,0.621429,-0.100518,0.363192,0.522165,-0.0761771,-0.0215187
643,11.646,0.0664289,1,0.397159,0.550668,-0.0132134,0.454778,0.650257,-0.01389,0.397159,0.550668,-0.0118921,-0.00367348
644,11.6641,0.066257,1,0.429773,0.564155,0.0672108,0.490043,0.66031,0.0842911,0.429773,0.564155,0.0604897,0.0202198
645,11.6822,0.0636623,1,0.457746,0.560465,0.154262,0.518551,0.646365,0.187166,0.457746,0.560465,0.138836,0.0494289
646,11.7004,0.0578433,1,0.477868,0.536473,0.243793,0.5369,0.606052,0.285164,0.477868,0.536473,0.219414,0.0815507
647,11.7185,0.0511734,1,0.487887,0.487517,0.323104,0.542271,0.541438,0.367725,0.487887,0.487517,0.290793,0.110347
648,11.7366,0.0437086,1,0.484653,0.41934,0.383781,0.533184,0.459303,0.42596,0.484653,0.41934,0.345402,0.1302
649,11.7547,0.0349094,1,0.469057,0.3416,0.420534,0.509988,0.369625,0.455106,0.469057,0.3416,0.37848,0.138078
650,11.7728,0.0258946,1,0.441622,0.263891,0.432083,0.474864,0.282798,0.455515,0.441622,0.263891,0.388875,0.133572
651,11.7909,0.0182094,1,0.406337,0.191998,0.419607,0.431301,0.206964,0.431754,0.406337,0.191998,0.377646,0.119351
652,11.809,0.0134007,1,0.365253,0.132291,0.387677,0.383298,0.146609,0.390525,0.365253,0.132291,0.348909,0.0991201
653,11.8271,0.0124722,1,0.322038,0.0867777,0.346036,0.334602,0.102686,0.338571,0.322038,0.0867777,0.311432,0.0780056
654,11.8452,0.0166992,1,0.279213,0.0531101,0.299615,0.288203,0.073673,0.281369,0.279213,0.0531101,0.269654,0.0585594
655,11.8634,0.0206842,1,0.239092,0.0319001,0.247463,0.246139,0.0568245,0.222712,0.239092,0.0319001,0.222717,0.0414166
656,11.8815,0.0236002,1,0.203579,0.0213164,0.194229,0.209549,0.0491501,0.164894,0.203579,0.0213164,0.174806,0.0276787
657,11.8996,0.0255913,1,0.173424,0.0184251,0.141706,0.178846,0.0479843,0.109123,0.173424,0.0184251,0.127535,0.0172026
658,11.9177,0.0279668,1,0.148386,0.0187263,0.0914212,0.153937,0.051223,0.0559308,0.148386,0.0187263,0.0822791,0.00949597
659,11.9358,0.030294,1,0.128669,0.0230959,0.0448043,0.134421,0.0573547,0.00547961,0.128669,0.0230959,0.0403239,0.00403543
660,11.9539,0.0325195,1,0.113737,0.0293683,0.000645187,0.119743,0.0653893,-0.0422381,0.113737,0.0293683,0.000580668,5.13671e-05
661,11.972,0.03412,1,0.102405,0.0377213,-0.0417576,0.109313,0.0747553,-0.0872909,0.102405,0.0377213,-0.0375818,-0.00299332
662,11.9901,0.0350929,1,0.0947578,0.0477974,-0.0824796,0.102574,0.0851981,-0.129751,0.0947578,0.0477974,-0.0742316,-0.0054709
663,12.0083,0.0359558,1,0.0906622,0.0593388,-0.120551,0.0990472,0.0966952,-0.169669,0.0906622,0.0593388,-0.108495,-0.00765056
664,12.0264,0.036988,1,0.0894735,0.0718071,-0.155942,0.0983529,0.109392,-0.207058,0.0894735,0.0718071,-0.140348,-0.00976688
665,12.0445,0.0383667,1,0.0908068,0.0862331,-0.187718,0.100219,0.123559,-0.241887,0.0908068,0.0862331,-0.168947,-0.0119323
666,12.0626,0.0391867,1,0.094765,0.102729,-0.217889,0.10448,0.139558,-0.274068,0.094765,0.102729,-0.1961,-0.0144538
667,12.0807,0.0394963,1,0.101449,0.122033,-0.245946,0.111074,0.157831,-0.303442,0.101449,0.122033,-0.221352,-0.0174658
668,12.0988,0.0398607,1,0.11017,0.143708,-0.271175,0.120038,0.178882,-0.329759,0.11017,0.143708,-0.244058,-0.0209129
669,12.1169,0.0403424,1,0.121399,0.168206,-0.293055,0.131496,0.203275,-0.352643,0.121399,0.168206,-0.263749,-0.0249036
670,12.135,0.0410912,1,0.13555,0.19642,-0.310525,0.14566,0.231614,-0.371555,0.13555,0.19642,-0.279473,-0.0294643
671,12.1532,0.0426336,1,0.152476,0.228838,-0.321921,0.162811,0.26452,-0.38574,0.152476,0.228838,-0.289729,-0.0343596
672,12.1713,0.0442029,1,0.172775,0.265494,-0.328011,0.183293,0.302579,-0.39416,0.172775,0.265494,-0.295209,-0.0396703
673,12.1894,0.045669,1,0.196838,0.307287,-0.327412,0.207481,0.346255,-0.395421,0.196838,0.307287,-0.294671,-0.045113
674,12.2075,0.0474569,1,0.224942,0.354644,-0.317339,0.235746,0.395737,-0.387704,0.224942,0.354644,-0.285605,-0.0499681
675,12.2256,0.0506028,1,0.256843,0.405345,-0.294621,0.268381,0.450708,-0.368723,0.256843,0.405345,-0.265159,-0.05297
676,12.2437,0.0551215,1,0.292182,0.459052,-0.256136,0.305497,0.510004,-0.33577,0.292182,0.459052,-0.230522,-0.0523868
677,12.2618,0.0597882,1,0.330771,0.51269,-0.202,0.346857,0.571174,-0.285933,0.330771,0.51269,-0.1818,-0.0467709
678,12.2799,0.0639764,1,0.371208,0.56037,-0.132869,0.391669,0.630006,-0.216602,0.371208,0.56037,-0.119582,-0.0345255
679,12.298,0.0664373,1,0.412748,0.599346,-0.0486351,0.438324,0.680215,-0.126403,0.412748,0.599346,-0.0437716,-0.0140518
680,12.3162,0.0695664,1,0.452786,0.620747,0.0534867,0.484184,0.713632,-0.0165489,0.452786,0.620747,0.0481381,0.0169526
681,12.3343,0.0728365,1,0.487025,0.617218,0.167577,0.525512,0.721376,0.107699,0.487025,0.617218,0.150819,0.05713
682,12.3524,0.0748832,1,0.51118,0.583018,0.279067,0.557751,0.696234,0.236221,0.51118,0.583018,0.25116,0.0998573
683,12.3705,0.075487,1,0.521716,0.519412,0.378942,0.576269,0.635789,0.354958,0.521716,0.519412,0.341047,0.13839
684,12.3886,0.0734528,1,0.516925,0.43296,0.452616,0.577483,0.544792,0.449114,0.516925,0.43296,0.407354,0.163778
685,12.4067,0.0700758,1,0.496338,0.333082,0.490161,0.560002,0.43492,0.507704,0.496338,0.333082,0.441145,0.1703
686,12.4248,0.0645402,1,0.460686,0.23601,0.494707,0.525201,0.321386,0.527035,0.460686,0.23601,0.445236,0.159533
687,12.4429,0.0579133,1,0.414323,0.148405,0.475139,0.476909,0.218072,0.511075,0.414323,0.148405,0.427625,0.137803
688,12.4611,0.0507114,1,0.36283,0.0786077,0.43201,0.420345,0.133896,0.468755,0.36283,0.0786077,0.388809,0.109722
689,12.4792,0.0431355,1,0.310075,0.0277972,0.377694,0.360847,0.0719116,0.410223,0.310075,0.0277972,0.339925,0.0819794
690,12.4973,0.0363493,1,0.258765,-0.00522662,0.317034,0.302884,0.0306537,0.344051,0.258765,-0.00522662,0.28533,0.0574261
691,12.5154,0.0308533,1,0.212383,-0.024276,0.252923,0.249594,0.00625897,0.276134,0.212383,-0.024276,0.227631,0.0376016
692,12.5335,0.0259807,1,0.172061,-0.0339255,0.192873,0.202768,-0.00575027,0.209849,0.172061,-0.0339255,0.173586,0.0232301
693,12.5516,0.0227478,1,0.13727,-0.0364336,0.134285,0.16309,-0.00941688,0.146767,0.13727,-0.0364336,0.120856,0.0129033
694,12.5697,0.0196226,1,0.109648,-0.0335364,0.079257,0.130464,-0.00792733,0.0873812,0.109648,-0.0335364,0.0713313,0.00608325
695,12.5878,0.0168473,1,0.0882539,-0.0276681,0.0280854,0.104319,-0.00356992,0.0316469,0.0882539,-0.0276681,0.0252769,0.00173505
696,12.606,0.0156454,1,0.0708397,-0.0216338,-0.0211424,0.0838473,0.00213472,-0.0206947,0.0708397,-0.0216338,-0.0190282,-0.00104841
697,12.6241,0.0146297,1,0.0572919,-0.0144744,-0.0672806,0.0681701,0.00825502,-0.0699487,0.0572919,-0.0144744,-0.0605526,-0.00269824
698,12.6422,0.0139869,1,0.0476991,-0.00766218,-0.11101,0.0564405,0.0142805,-0.116396,0.0476991,-0.00766218,-0.0999086,-0.00370654
699,12.6603,0.0135696,1,0.0417542,-0.000787132,-0.151154,0.047901,0.0199854,-0.160272,0.0417542,-0.000787132,-0.136039,-0.00441794
700,12.6784,0.0128426,1,0.0383975,0.00692787,-0.189773,0.0419093,0.0253276,-0.201769,0.0383975,0.00692787,-0.170795,-0.00510076
701,12.6965,0.0122729,1,0.0369259,0.0150126,-0.226391,0.0379429,0.0303771,-0.241046,0.0369259,0.0150126,-0.203751,-0.00585177
702,12.7146,0.0114099,1,0.0372108,0.0243255,-0.261857,0.0355936,0.0352701,-0.278232,0.0372108,0.0243255,-0.235671,-0.00682072
703,12.7327,0.0117466,1,0.0390658,0.0335402,-0.294745,0.0345559,0.04018,-0.31344,0.0390658,0.0335402,-0.26527,-0.0080601
704,12.7508,0.0134902,1,0.0422762,0.0447818,-0.324697,0.0346131,0.0453031,-0.346765,0.0422762,0.0447818,-0.292228,-0.00960888
705,12.769,0.0171229,1,0.047123,0.0582806,-0.351977,0.0356251,0.0508523,-0.378287,0.047123,0.0582806,-0.31678,-0.0116104
706,12.7871,0.0225637,1,0.0538062,0.0742897,-0.37701,0.0375173,0.0570577,-0.408076,0.0538062,0.0742897,-0.339309,-0.0141998
707,12.8052,0.0294297,1,0.0627306,0.0927307,-0.40043,0.0402724,0.0641717,-0.436184,0.0627306,0.0927307,-0.360387,-0.0175834
708,12.8233,0.0385186,1,0.0737555,0.115121,-0.420898,0.0439247,0.0724775,-0.462644,0.0737555,0.115121,-0.378808,-0.0217305
709,12.8414,0.0492262,1,0.0868644,0.140377,-0.438182,0.0485571,0.0822994,-0.487468,0.0868644,0.140377,-0.394363,-0.0266437
710,12.8595,0.0616915,1,0.102173,0.169424,-0.451986,0.0543015,0.0940157,-0.510633,0.102173,0.169424,-0.406788,-0.0323266
711,12.8776,0.0765185,1,0.120225,0.203786,-0.46181,0.0613403,0.108073,-0.532072,0.120225,0.203786,-0.415629,-0.0388648
712,12.8957,0.0943007,1,0.14194,0.24319,-0.464925,0.0699117,0.125004,-0.551654,0.14194,0.24319,-0.418432,-0.046194
713,12.9139,0.115284,1,0.167258,0.288279,-0.460026,0.0803163,0.145441,-0.569157,0.167258,0.288279,-0.414023,-0.0538602
714,12.932,0.139617,1,0.19669,0.340211,-0.447174,0.0929256,0.170132,-0.58423,0.19669,0.340211,-0.402456,-0.0615684
715,12.9501,0.168949,1,0.23131,0.400664,-0.422585,0.108191,0.199953,-0.596334,0.23131,0.400664,-0.380327,-0.0684237
716,12.9682,0.203222,1,0.271319,0.468515,-0.383616,0.126654,0.235905,-0.604663,0.271319,0.468515,-0.345255,-0.0728577
717,12.9863,0.241996,1,0.316799,0.540043,-0.326228,0.148946,0.279082,-0.608027,0.316799,0.540043,-0.293605,-0.0723441
718,13.0044,0.284608,0,0.367187,0.607311,-0.244429,0.175789,0.330599,-0.604709,0.367187,0.607311,-0.219986,-0.0628257
719,13.0225,0.329982,0,0.419995,0.666083,-0.138103,0.207964,0.391423,-0.592271,0.419995,0.666083,-0.124292,-0.0406017
720,13.0406,0.37713,0,0.471367,0.703948,-0.00388457,0.246249,0.462059,-0.56735,0.471367,0.703948,-0.00349611,-0.00128174
721,13.0588,0.420902,0,0.517922,0.708681,0.147048,0.291289,0.542003,-0.525508,0.517922,0.708681,0.132343,0.0533114
722,13.0769,0.453801,0,0.553269,0.668098,0.295167,0.343362,0.628886,-0.461278,0.553269,0.668098,0.26565,0.114315
723,13.095,0.479495,0,0.569518,0.583901,0.433705,0.402,0.717301,-0.368721,0.569518,0.583901,0.390335,0.172902
724,13.1131,0.491185,0,0.564612,0.466556,0.534516,0.465454,0.797551,-0.242915,0.564612,0.466556,0.481064,0.211256
725,13.1312,0.49133,0,0.5381,0.329585,0.586527,0.530076,0.855087,-0.0828005,0.5381,0.329585,0.527874,0.220927
726,13.1493,0.483596,0,0.491718,0.196946,0.590876,0.589886,0.87206,0.104895,0.491718,0.196946,0.531789,0.203381
727,13.1674,0.473201,0,0.430249,0.0821967,0.559776,0.636816,0.832445,0.302453,0.430249,0.0821967,0.503798,0.16859
728,13.1855,0.457147,0,0.362949,-0.00266117,0.498316,0.662169,0.73025,0.482267,0.362949,-0.00266117,0.448484,0.126604
729,13.2036,0.43695,0,0.294519,-0.0591911,0.42545,0.659258,0.576291,0.61493,0.294519,-0.0591911,0.382905,0.0877123
730,13.2218,0.41218,0,0.229573,-0.0955,0.350096,0.626131,0.397032,0.681506,0.229573,-0.0955,0.315086,0.0562609
731,13.2399,0.380908,0,0.171663,-0.114745,0.275884,0.566659,0.223999,0.681472,0.171663,-0.114745,0.248295,0.0331512
732,13.258,0.345275,0,0.122054,-0.123293,0.204631,0.489157,0.0809678,0.630257,0.122054,-0.123293,0.184168,0.0174832
733,13.2761,0.306286,0,0.080891,-0.123232,0.14058,0.403455,-0.0222749,0.549473,0.080891,-0.123232,0.126522,0.00796014
734,13.2942,0.267743,0,0.0486056,-0.119101,0.0818107,0.31819,-0.0878768,0.457854,0.0486056,-0.119101,0.0736296,0.00278352
735,13.3123,0.233069,1,0.0212971,-0.116228,0.027766,0.23938,-0.124127,0.367384,0.0212971,-0.116228,0.0249894,0.000413936
736,13.3304,0.202803,1,-0.000885616,-0.114304,-0.0218322,0.170283,-0.140489,0.283786,-0.000885616,-0.114304,-0.019649,1.35345e-05
737,13.3485,0.177599,1,-0.0182592,-0.113721,-0.0682171,0.111961,-0.145004,0.208709,-0.0182592,-0.113721,-0.0613954,0.000871914
738,13.3667,0.157903,1,-0.0321737,-0.112956,-0.112412,0.0640228,-0.143566,0.141771,-0.0321737,-0.112956,-0.101171,0.0025317
739,13.3848,0.142485,1,-0.0434238,-0.11427,-0.153751,0.0252715,-0.140111,0.0818743,-0.0434238,-0.11427,-0.138376,0.00467352
740,13.4029,0.1292,1,-0.0529287,-0.119155,-0.190158,-0.00584238,-0.137105,0.0278756,-0.0529287,-0.119155,-0.171142,0.00704538
741,13.421,0.1185,1,-0.0622698,-0.126384,-0.223766,-0.0309339,-0.13601,-0.021153,-0.0622698,-0.126384,-0.201389,0.00975369
742,13.4391,0.11018,1,-0.0712021,-0.135247,-0.255672,-0.0515257,-0.137652,-0.065868,-0.0712021,-0.135247,-0.230105,0.0127431
743,13.4572,0.103426,1,-0.0803815,-0.14671,-0.285403,-0.0689764,-0.142483,-0.106677,-0.0803815,-0.14671,-0.256863,0.0160588
744,13.4753,0.0972605,1,-0.089896,-0.160871,-0.31185,-0.0844593,-0.15076,-0.143782,-0.089896,-0.160871,-0.280665,0.0196239
745,13.4934,0.0922368,1,-0.101167,-0.179011,-0.336114,-0.0989726,-0.162654,-0.17721,-0.101167,-0.179011,-0.302503,0.0238027
746,13.5116,0.0880028,1,-0.114507,-0.200701,-0.357604,-0.113362,-0.178318,-0.206835,-0.114507,-0.200701,-0.321843,0.0286636
747,13.5297,0.0845824,1,-0.129492,-0.225724,-0.376212,-0.128348,-0.197922,-0.232378,-0.129492,-0.225724,-0.338591,0.0341015
748,13.5478,0.08204,1,-0.146315,-0.255826,-0.391307,-0.144556,-0.221652,-0.253391,-0.146315,-0.255826,-0.352176,0.040078
749,13.5659,0.0797674,1,-0.166115,-0.291136,-0.400991,-0.162528,-0.249696,-0.26924,-0.166115,-0.291136,-0.360892,0.0466275
750,13.584,0.0777031,1,-0.189353,-0.33291,-0.403552,-0.182742,-0.282188,-0.279065,-0.189353,-0.33291,-0.363197,0.0534897
751,13.6021,0.0759197,1,-0.216545,-0.380963,-0.397294,-0.205599,-0.319127,-0.281761,-0.216545,-0.380963,-0.357565,0.0602224
752,13.6202,0.0751212,1,-0.248307,-0.43484,-0.381219,-0.231407,-0.36025,-0.275955,-0.248307,-0.43484,-0.343097,0.0662614
753,13.6383,0.0755184,1,-0.284196,-0.494141,-0.352604,-0.260333,-0.404858,-0.260038,-0.284196,-0.494141,-0.317343,0.0701459
754,13.6564,0.0770744,1,-0.324636,-0.55591,-0.309046,-0.292328,-0.451596,-0.232259,-0.324636,-0.55591,-0.278142,0.0702293
755,13.6746,0.0791958,1,-0.368648,-0.616846,-0.245789,-0.327025,-0.498202,-0.190952,-0.368648,-0.616846,-0.22121,0.0634268
756,13.6927,0.0836956,1,-0.416247,-0.674069,-0.159845,-0.363613,-0.541313,-0.134939,-0.416247,-0.674069,-0.14386,0.0465745
757,13.7108,0.0889469,1,-0.463973,-0.716334,-0.0516047,-0.400709,-0.576422,-0.0641334,-0.463973,-0.716334,-0.0464443,0.0167602
758,13.7289,0.0944718,1,-0.509016,-0.734365,0.0739658,-0.43628,-0.598198,0.0197171,-0.509016,-0.734365,0.0665692,-0.0263548
759,13.747,0.098407,1,-0.546093,-0.719582,0.206788,-0.467676,-0.601316,0.112366,-0.546093,-0.719582,0.18611,-0.079048
760,13.7651,0.100284,1,-0.570209,-0.668527,0.335387,-0.491869,-0.581816,0.206879,-0.570209,-0.668527,0.301848,-0.133869
761,13.7832,0.0970157,1,-0.577126,-0.580286,0.440745,-0.505914,-0.538673,0.294344,-0.577126,-0.580286,0.396671,-0.178056
762,13.8013,0.0932302,1,-0.564291,-0.467554,0.516622,-0.507581,-0.474864,0.365604,-0.564291,-0.467554,0.464959,-0.204067
763,13.8195,0.0849054,1,-0.532221,-0.347867,0.547253,-0.495958,-0.397204,0.413546,-0.532221,-0.347867,0.492528,-0.203882
764,13.8376,0.0723085,1,-0.485064,-0.238199,0.533158,-0.471774,-0.314734,0.434917,-0.485064,-0.238199,0.479842,-0.181031
765,13.8557,0.0619901,1,-0.428833,-0.147094,0.48991,-0.437284,-0.236331,0.430802,-0.428833,-0.147094,0.440919,-0.147063
766,13.8738,0.0563207,1,-0.367034,-0.0792815,0.432202,-0.395761,-0.168633,0.405611,-0.367034,-0.0792815,0.388982,-0.111043
767,13.8919,0.0525703,1,-0.307655,-0.0349412,0.367022,-0.350791,-0.115111,0.365286,-0.307655,-0.0349412,0.330319,-0.0790413
768,13.91,0.0511551,1,-0.251494,-0.00824072,0.298828,-0.305659,-0.0763145,0.315638,-0.251494,-0.00824072,0.268945,-0.0526073
769,13.9281,0.0513393,1,-0.202127,0.00535205,0.228883,-0.262951,-0.0508025,0.261353,-0.202127,0.00535205,0.205995,-0.0323844
770,13.9462,0.0507592,1,-0.160795,0.00869346,0.164855,-0.224418,-0.0361727,0.205703,-0.160795,0.00869346,0.148369,-0.0185554
771,13.9644,0.0499136,1,-0.127492,0.00669296,0.104872,-0.191033,-0.0298494,0.150711,-0.127492,0.00669296,0.0943847,-0.00935922
772,13.9825,0.0487872,1,-0.100754,0.000627479,0.0491497,-0.163149,-0.0295453,0.0974932,-0.100754,0.000627479,0.0442347,-0.00346642
773,14.0006,0.0472106,1,-0.0796855,-0.0056621,-0.000244315,-0.140682,-0.0334563,0.0465899,-0.0796855,-0.0056621,-0.000219884,1.36279e-05
774,14.0187,0.0458396,1,-0.063834,-0.0123275,-0.0463581,-0.123286,-0.0402891,-0.0017782,-0.063834,-0.0123275,-0.0417223,0.00207145
775,14.0368,0.0462724,1,-0.0517907,-0.0181576,-0.0924253,-0.110487,-0.0492053,-0.0475459,-0.0517907,-0.0181576,-0.0831828,0.00335074
776,14.0549,0.0473291,1,-0.0438905,-0.0235198,-0.136062,-0.101781,-0.0597369,-0.0907062,-0.0438905,-0.0235198,-0.122456,0.00418029
777,14.073,0.0490077,1,-0.0381592,-0.0297241,-0.176162,-0.0966964,-0.0717013,-0.131256,-0.0381592,-0.0297241,-0.158546,0.00470555
778,14.0911,0.0527268,1,-0.033346,-0.0343986,-0.213728,-0.0948378,-0.0851294,-0.169169,-0.033346,-0.0343986,-0.192355,0.00498888
779,14.1092,0.0575623,1,-0.0302746,-0.0386278,-0.247282,-0.0959011,-0.10021,-0.204376,-0.0302746,-0.0386278,-0.222554,0.00524046
780,14.1274,0.0640415,1,-0.0291198,-0.0433249,-0.279869,-0.0996835,-0.117252,-0.236747,-0.0291198,-0.0433249,-0.251882,0.0057048
781,14.1455,0.0733448,1,-0.0290468,-0.0471189,-0.312853,-0.106083,-0.136649,-0.266077,-0.0290468,-0.0471189,-0.281568,0.00636116
782,14.1636,0.0853834,1,-0.0295297,-0.0506255,-0.345287,-0.115096,-0.158868,-0.292062,-0.0295297,-0.0506255,-0.310758,0.00713734
783,14.1817,0.0990139,1,-0.0308882,-0.056033,-0.375317,-0.126807,-0.184421,-0.314265,-0.0308882,-0.056033,-0.337786,0.00811502
784,14.1998,0.115561,1,-0.0326875,-0.0619121,-0.403951,-0.141381,-0.213841,-0.332075,-0.0326875,-0.0619121,-0.363556,0.0092429
785,14.2179,0.135189,1,-0.0350803,-0.0684434,-0.430378,-0.159049,-0.247644,-0.344664,-0.0350803,-0.0684434,-0.38734,0.0105685
786,14.236,0.158519,1,-0.0382337,-0.0757116,-0.455474,-0.180088,-0.286263,-0.350924,-0.0382337,-0.0757116,-0.409927,0.0121901
787,14.2541,0.186163,1,-0.0426793,-0.0834572,-0.479574,-0.204785,-0.329933,-0.349414,-0.0426793,-0.0834572,-0.431617,0.0143275
788,14.2723,0.218487,1,-0.0478667,-0.0924034,-0.5024,-0.233388,-0.378533,-0.338324,-0.0478667,-0.0924034,-0.45216,0.0168338
789,14.2904,0.2553,0,-0.0537244,-0.103254,-0.522418,-0.266028,-0.431338,-0.315484,-0.0537244,-0.103254,-0.470176,0.0196466
790,14.3085,0.296629,0,-0.0604528,-0.117079,-0.540629,-0.302595,-0.486697,-0.278492,-0.0604528,-0.117079,-0.486566,0.0228778
791,14.3266,0.342115,0,-0.0686458,-0.134247,-0.556829,-0.342588,-0.541664,-0.225024,-0.0686458,-0.134247,-0.501146,0.0267568
792,14.3447,0.391261,0,-0.0788774,-0.15496,-0.571609,-0.384914,-0.591685,-0.153435,-0.0788774,-0.15496,-0.514448,0.0315609
793,14.3628,0.44237,0,-0.0914108,-0.179891,-0.584162,-0.427695,-0.630555,-0.0636935,-0.0914108,-0.179891,-0.525746,0.0373791
794,14.3809,0.493147,0,-0.106899,-0.210018,-0.59465,-0.468149,-0.650955,0.0414751,-0.106899,-0.210018,-0.535185,0.0444974
795,14.399,0.540371,0,-0.125945,-0.246554,-0.60242,-0.502674,-0.645867,0.155622,-0.125945,-0.246554,-0.542178,0.0531101
796,14.4172,0.580254,0,-0.148877,-0.290479,-0.605729,-0.527246,-0.610803,0.268522,-0.148877,-0.290479,-0.545156,0.0631252
797,14.4353,0.608559,0,-0.176549,-0.343359,-0.601377,-0.538185,-0.546141,0.36771,-0.176549,-0.343359,-0.54124,0.0743209
798,14.4534,0.622629,0,-0.209691,-0.406473,-0.585905,-0.533106,-0.458243,0.441579,-0.209691,-0.406473,-0.527314,0.0860012
799,14.4715,0.622119,0,-0.248908,-0.478819,-0.555203,-0.511696,-0.358272,0.482827,-0.248908,-0.478819,-0.499682,0.0967362
800,14.4896,0.61115,0,-0.295039,-0.561121,-0.507825,-0.475923,-0.258937,0.490412,-0.295039,-0.561121,-0.457042,0.10488
801,14.5077,0.594681,0,-0.348134,-0.650062,-0.439105,-0.429549,-0.170823,0.46899,-0.348134,-0.650062,-0.395195,0.107007
802,14.5258,0.576312,0,-0.408172,-0.737033,-0.341575,-0.377183,-0.100142,0.42642,-0.408172,-0.737033,-0.307417,0.097595
803,14.5439,0.561402,0,-0.472338,-0.81444,-0.209321,-0.32329,-0.048557,0.370959,-0.472338,-0.81444,-0.188389,0.0692093
804,14.562,0.554504,0,-0.536738,-0.868064,-0.0418802,-0.27149,-0.0144318,0.309377,-0.536738,-0.868064,-0.0376922,0.0157351
805,14.5802,0.552993,0,-0.593648,-0.872923,0.149947,-0.224276,0.00553109,0.24631,-0.593648,-0.872923,0.134953,-0.0623112
806,14.5983,0.556847,0,-0.63744,-0.81991,0.347858,-0.183038,0.0149909,0.184474,-0.63744,-0.81991,0.313072,-0.155217
807,14.6164,0.558301,0,-0.659057,-0.705675,0.514611,-0.148283,0.0172141,0.1252,-0.659057,-0.705675,0.46315,-0.23741
808,14.6345,0.550266,0,-0.648925,-0.542704,0.632662,-0.119895,0.0147705,0.0689878,-0.648925,-0.542704,0.569396,-0.287385
809,14.6526,0.531965,0,-0.608984,-0.362909,0.685625,-0.0973837,0.00950475,0.0158981,-0.608984,-0.362909,0.617062,-0.292274
810,14.6707,0.502581,0,-0.544182,-0.194079,0.675502,-0.080072,0.00263346,-0.034194,-0.544182,-0.194079,0.607952,-0.257317
811,14.6888,0.464382,0,-0.463785,-0.058636,0.616266,-0.0672343,-0.00511786,-0.0814693,-0.463785,-0.058636,0.55464,-0.200071
812,14.7069,0.423954,0,-0.378418,0.0341359,0.532987,-0.0581803,-0.0133849,-0.126103,-0.378418,0.0341359,0.479689,-0.141184
813,14.7251,0.384264,0,-0.293984,0.0911814,0.441465,-0.0523043,-0.0220582,-0.168243,-0.293984,0.0911814,0.397319,-0.0908487
814,14.7432,0.348983,0,-0.218282,0.120111,0.352222,-0.0491077,-0.0312033,-0.208003,-0.218282,0.120111,0.317,-0.0538186
815,14.7613,0.320869,0,-0.152293,0.133295,0.271892,-0.0482063,-0.0410062,-0.245462,-0.152293,0.133295,0.244703,-0.028985
816,14.7794,0.29891,0,-0.0970503,0.134552,0.200019,-0.0493276,-0.0517386,-0.280667,-0.0970503,0.134552,0.180017,-0.0135883
817,14.7975,0.284658,0,-0.0514773,0.133361,0.138304,-0.0523041,-0.0637385,-0.313627,-0.0514773,0.133361,0.124474,-0.00498367
818,14.8156,0.274237,0,-0.0155792,0.128356,0.0817908,-0.0570657,-0.0774028,-0.344308,-0.0155792,0.128356,0.0736118,-0.000891966
819,14.8337,0.266854,0,0.0127806,0.123166,0.0286109,-0.0636322,-0.0931867,-0.372619,0.0127806,0.123166,0.0257498,0.000255965
820,14.8518,0.265034,0,0.0357996,0.122169,-0.0183555,-0.0721082,-0.111608,-0.398398,0.0357996,0.122169,-0.01652,-0.000459983
821,14.87,0.268922,0,0.0555137,0.125352,-0.0594651,-0.0826796,-0.133254,-0.421381,0.0555137,0.125352,-0.0535186,-0.00231079
822,14.8881,0.277478,0,0.0721856,0.131595,-0.0969168,-0.0956115,-0.158783,-0.441165,0.0721856,0.131595,-0.0872251,-0.0048972
823,14.9062,0.291098,0,0.0872801,0.139634,-0.130277,-0.111247,-0.188921,-0.45716,0.0872801,0.139634,-0.117249,-0.00795939
824,14.9243,0.310391,0,0.100718,0.150859,-0.160383,-0.130004,-0.224439,-0.468517,0.100718,0.150859,-0.144345,-0.0113075
825,14.9424,0.335501,0,0.113046,0.164768,-0.188406,-0.152363,-0.266106,-0.474042,0.113046,0.164768,-0.169566,-0.0149091
826,14.9605,0.369186,0,0.126665,0.183797,-0.21291,-0.178852,-0.314582,-0.472087,0.126665,0.183797,-0.191619,-0.0188778
827,14.9786,0.413144,0,0.142885,0.208951,-0.232248,-0.209997,-0.370243,-0.460443,0.142885,0.208951,-0.209023,-0.0232294
828,14.9967,0.466053,0,0.161134,0.23788,-0.247183,-0.246248,-0.432873,-0.436251,0.161134,0.23788,-0.222465,-0.0278808
829,15.0148,0.527276,0,0.181052,0.269836,-0.255732,-0.287846,-0.501212,-0.396016,0.181052,0.269836,-0.230158,-0.0324105
830,15.033,0.596306,0,0.203712,0.305556,-0.256641,-0.334612,-0.572326,-0.335854,0.203712,0.305556,-0.230977,-0.0365965
831,15.0511,0.670221,0,0.228376,0.344271,-0.249516,-0.385654,-0.640893,-0.252161,0.228376,0.344271,-0.224564,-0.0398884
832,15.0692,0.745078,0,0.255671,0.385277,-0.231613,-0.43901,-0.698686,-0.14292,0.255671,0.385277,-0.208452,-0.0414518
833,15.0873,0.815873,0,0.28689,0.429144,-0.200903,-0.491318,-0.734806,-0.00969389,0.28689,0.429144,-0.180813,-0.0403459
834,15.1054,0.874159,0,0.320869,0.473833,-0.156626,-0.537723,-0.73744,0.140186,0.320869,0.473833,-0.140964,-0.0351795
835,15.1235,0.909141,0,0.355592,0.513502,-0.0973006,-0.572301,-0.697554,0.292535,0.355592,0.513502,-0.0875706,-0.0242195
836,15.1416,0.913215,0,0.389446,0.543124,-0.0259531,-0.589199,-0.613579,0.428116,0.389446,0.543124,-0.0233578,-0.00707514
837,15.1597,0.884659,0,0.422494,0.55906,0.0543074,-0.584306,-0.494424,0.528007,0.422494,0.55906,0.0488767,0.0160612
838,15.1779,0.825638,0,0.450653,0.557466,0.141936,-0.556769,-0.357896,0.580394,0.450653,0.557466,0.127742,0.0447747
839,15.196,0.745212,0,0.471612,0.536429,0.231822,-0.509481,-0.224522,0.584573,0.471612,0.536429,0.20864,0.0765311
840,15.2141,0.65414,0,0.482702,0.49029,0.312546,-0.448213,-0.110464,0.549591,0.482702,0.49029,0.281292,0.105607
841,15.2322,0.564518,0,0.481188,0.42557,0.376025,-0.379873,-0.0237006,0.489036,0.481188,0.42557,0.338422,0.126657
842,15.2503,0.484747,0,0.467664,0.349934,0.41542,-0.310818,0.0354464,0.41578,0.467664,0.349934,0.373878,0.135994
843,15.2684,0.417013,0,0.44179,0.272853,0.430207,-0.24582,0.0713577,0.339143,0.44179,0.272853,0.387186,0.133043
844,15.2865,0.361077,0,0.407803,0.199964,0.420473,-0.187795,0.0900829,0.26453,0.407803,0.199964,0.378426,0.120029
845,15.3046,0.314401,0,0.368011,0.13932,0.391089,-0.138044,0.0973818,0.194384,0.368011,0.13932,0.35198,0.100747
846,15.3228,0.275271,0,0.325649,0.0929695,0.350568,-0.096686,0.0978756,0.129361,0.325649,0.0929695,0.315511,0.0799134
847,15.3409,0.242886,1,0.283188,0.0581112,0.305289,-0.0631014,0.0949043,0.069257,0.283188,0.0581112,0.27476,0.0605179
848,15.359,0.215292,1,0.243265,0.0355049,0.254088,-0.036285,0.0907064,0.0135538,0.243265,0.0355049,0.228679,0.0432674
849,15.3771,0.192413,1,0.20772,0.0238781,0.20145,-0.0150901,0.0866886,-0.0382965,0.20772,0.0238781,0.181305,0.0292917
850,15.3952,0.173758,1,0.17722,0.0202907,0.14929,0.00161972,0.0836801,-0.0867646,0.17722,0.0202907,0.134361,0.0185201
851,15.4133,0.15897,1,0.151908,0.0204433,0.0985052,0.0148877,0.0821372,-0.132219,0.151908,0.0204433,0.0886547,0.0104746
852,15.4314,0.148379,1,0.131842,0.0245206,0.0518481,0.0256277,0.0822949,-0.174933,0.131842,0.0245206,0.0466633,0.00478502
853,15.4495,0.1406,1,0.116601,0.030355,0.00777408,0.0346188,0.0842737,-0.215109,0.116601,0.030355,0.00699667,0.000634528
854,15.4676,0.134275,1,0.105012,0.0382931,-0.0344888,0.0425158,0.0881529,-0.252887,0.105012,0.0382931,-0.0310399,-0.00253523
855,15.4858,0.12861,1,0.097069,0.0484369,-0.075486,0.049869,0.0940194,-0.288361,0.097069,0.0484369,-0.0679374,-0.00512915
856,15.5039,0.123922,1,0.0925196,0.0599543,-0.114095,0.0571485,0.102,-0.321583,0.0925196,0.0599543,-0.102685,-0.00738922
857,15.522,0.12012,1,0.091095,0.0723759,-0.15007,0.0647673,0.112283,-0.352557,0.091095,0.0723759,-0.135063,-0.00956944
858,15.5401,0.117336,1,0.0921851,0.0866953,-0.182585,0.0731048,0.125133,-0.381236,0.0921851,0.0866953,-0.164327,-0.0117821
859,15.5582,0.114583,1,0.0958385,0.10285,-0.213179,0.0825278,0.140902,-0.407505,0.0958385,0.10285,-0.191861,-0.0143015
860,15.5763,0.111687,1,0.102465,0.122253,-0.241654,0.0934092,0.160041,-0.431159,0.102465,0.122253,-0.217489,-0.0173328
861,15.5944,0.109161,1,0.111201,0.144129,-0.26693,0.106145,0.183097,-0.451874,0.111201,0.144129,-0.240237,-0.020778
862,15.6125,0.106828,1,0.122334,0.16855,-0.288996,0.121169,0.210719,-0.469155,0.122334,0.16855,-0.260096,-0.0247477
863,15.6307,0.105031,1,0.136432,0.196837,-0.306501,0.138961,0.243638,-0.482279,0.136432,0.196837,-0.275851,-0.0292715
864,15.6488,0.104175,1,0.153322,0.229283,-0.317975,0.160052,0.282633,-0.490211,0.153322,0.229283,-0.286177,-0.0341267
865,15.6669,0.103599,1,0.173467,0.266023,-0.323667,0.185018,0.328454,-0.491498,0.173467,0.266023,-0.291301,-0.039302
866,15.685,0.102776,1,0.197516,0.307868,-0.323044,0.21445,0.381672,-0.48415,0.197516,0.307868,-0.29074,-0.0446645
867,15.7031,0.102327,1,0.22555,0.354902,-0.313192,0.248904,0.442437,-0.465523,0.22555,0.354902,-0.281873,-0.0494484
868,15.7212,0.103396,1,0.257281,0.40519,-0.290562,0.28879,0.51007,-0.432264,0.257281,0.40519,-0.261506,-0.0523292
869,15.7393,0.105828,1,0.292363,0.458324,-0.252222,0.334199,0.582481,-0.380415,0.292363,0.458324,-0.227,-0.0516182
870,15.7574,0.108405,1,0.330716,0.51126,-0.198322,0.384636,0.655421,-0.305863,0.330716,0.51126,-0.17849,-0.0459119
871,15.7756,0.111115,1,0.370699,0.558248,-0.129967,0.438665,0.721749,-0.205383,0.370699,0.558248,-0.11697,-0.0337251
872,15.7937,0.112667,1,0.411785,0.596823,-0.046787,0.493517,0.771178,-0.0784425,0.411785,0.596823,-0.0421083,-0.0134863
873,15.8118,0.114078,1,0.451392,0.617943,0.0539574,0.544828,0.791265,0.0704034,0.451392,0.617943,0.0485617,0.0170492
874,15.8299,0.113458,1,0.485295,0.614359,0.166586,0.586789,0.770425,0.229519,0.485295,0.614359,0.149928,0.0565905
875,15.848,0.110218,1,0.50923,0.580651,0.276723,0.613001,0.702779,0.380455,0.50923,0.580651,0.249051,0.098641
876,15.8661,0.102113,1,0.519861,0.517985,0.375403,0.618073,0.592713,0.502097,0.519861,0.517985,0.337862,0.13661
877,15.8842,0.0901128,1,0.51521,0.43289,0.448448,0.599451,0.455648,0.577856,0.51521,0.43289,0.403603,0.161731
878,15.9023,0.0772782,1,0.495048,0.334477,0.486002,0.558524,0.313187,0.601905,0.495048,0.334477,0.437402,0.168416
879,15.9204,0.0644162,1,0.459963,0.23861,0.49096,0.500297,0.185173,0.580213,0.459963,0.23861,0.441864,0.158076
880,15.9386,0.0511942,1,0.414257,0.151772,0.472082,0.431792,0.0836964,0.526126,0.414257,0.151772,0.424874,0.136895
881,15.9567,0.0430785,1,0.363397,0.0823688,0.429857,0.3601,0.0119088,0.454184,0.363397,0.0823688,0.386872,0.109346
882,15.9748,0.0392251,1,0.311219,0.0314119,0.376309,0.290944,-0.0334307,0.375869,0.311219,0.0314119,0.338678,0.0819802
883,15.9929,0.0391275,1,0.260306,-0.00166367,0.31654,0.228107,-0.0584491,0.298331,0.260306,-0.00166367,0.284886,0.0576779
884,16.011,0.040032,1,0.214267,-0.0208714,0.252962,0.17352,-0.0695494,0.225072,0.214267,-0.0208714,0.227665,0.0379409
885,16.0291,0.0415135,1,0.174279,-0.0307275,0.193126,0.127687,-0.0721074,0.157251,0.174279,-0.0307275,0.173814,0.0235605
886,16.0472,0.0423147,1,0.139574,-0.0335906,0.134784,0.0901749,-0.070115,0.0948172,0.139574,-0.0335906,0.121306,0.0131686
887,16.0653,0.0439693,1,0.11206,-0.030678,0.0799414,0.0600275,-0.0663006,0.037239,0.11206,-0.030678,0.0719472,0.00627079
888,16.0835,0.0462712,1,0.090787,-0.0247427,0.0287229,0.036064,-0.0624109,-0.0161051,0.090787,-0.0247427,0.0258506,0.00182537
889,16.1016,0.0480239,1,0.0734852,-0.0185937,-0.0203458,0.0170697,-0.0594995,-0.0657649,0.0734852,-0.0185937,-0.0183112,-0.00104658
890,16.1197,0.0505243,1,0.0600627,-0.0114221,-0.0664449,0.00190511,-0.0581652,-0.112171,0.0600627,-0.0114221,-0.0598004,-0.00279361
891,16.1378,0.05395,1,0.0504898,-0.0044154,-0.110158,-0.0104433,-0.058732,-0.155641,0.0504898,-0.0044154,-0.0991423,-0.0038933
892,16.1559,0.059189,1,0.0445858,0.00262512,-0.150221,-0.0208488,-0.0613769,-0.196395,0.0445858,0.00262512,-0.135199,-0.0046884
893,16.174,0.0660479,1,0.0413169,0.0105073,-0.188682,-0.0300516,-0.0662178,-0.234582,0.0413169,0.0105073,-0.169814,-0.00545704
894,16.1921,0.0748096,1,0.0400702,0.0190405,-0.22503,-0.0386785,-0.0733723,-0.270284,0.0400702,0.0190405,-0.202527,-0.00631189
895,16.2102,0.0858866,1,0.0406575,0.0289651,-0.260361,-0.0472671,-0.0829964,-0.303528,0.0406575,0.0289651,-0.234325,-0.00740992
896,16.2284,0.0991953,1,0.042816,0.0388642,-0.293118,-0.0562914,-0.0953101,-0.334277,0.042816,0.0388642,-0.263806,-0.00878511
897,16.2465,0.115951,1,0.0464074,0.0508988,-0.322802,-0.0661869,-0.110613,-0.362425,0.0464074,0.0508988,-0.290522,-0.0104863
898,16.2646,0.136546,1,0.0516251,0.0652401,-0.349695,-0.0773725,-0.129296,-0.38777,0.0516251,0.0652401,-0.314725,-0.0126371
899,16.2827,0.161501,1,0.0588254,0.0821145,-0.374186,-0.090271,-0.151842,-0.409992,0.0588254,0.0821145,-0.336767,-0.0154081
900,16.3008,0.191284,1,0.0682657,0.101618,-0.397192,-0.105325,-0.178825,-0.428607,0.0682657,0.101618,-0.357473,-0.0189802
901,16.3189,0.227047,1,0.07989,0.125005,-0.417227,-0.123006,-0.210888,-0.44291,0.07989,0.125005,-0.375505,-0.0233326
902,16.337,0.268844,0,0.0936497,0.151417,-0.433535,-0.143824,-0.248708,-0.451902,0.0936497,0.151417,-0.390182,-0.0284203
903,16.3551,0.317956,0,0.10995,0.182269,-0.446499,-0.168313,-0.292914,-0.454197,0.10995,0.182269,-0.401849,-0.0343648
904,16.3732,0.37532,0,0.129183,0.218328,-0.454504,-0.197011,-0.343944,-0.447923,0.129183,0.218328,-0.409054,-0.0411
905,16.3914,0.441335,0,0.152095,0.259566,-0.455112,-0.230403,-0.401816,-0.43063,0.152095,0.259566,-0.4096,-0.048454
906,16.4095,0.516222,0,0.178627,0.306831,-0.44781,-0.26882,-0.465756,-0.399262,0.178627,0.306831,-0.403029,-0.0559936
907,16.4276,0.599914,0,0.209687,0.361125,-0.431268,-0.312282,-0.533683,-0.350289,0.209687,0.361125,-0.388141,-0.0633019
908,16.4457,0.691285,0,0.246009,0.423705,-0.402119,-0.360254,-0.601572,-0.280139,0.246009,0.423705,-0.361907,-0.0692475
909,16.4638,0.786042,0,0.287827,0.492751,-0.357322,-0.411338,-0.662868,-0.186148,0.287827,0.492751,-0.32159,-0.0719927
910,16.4819,0.875311,0,0.334382,0.561594,-0.291852,-0.462947,-0.708336,-0.068131,0.334382,0.561594,-0.262667,-0.0683129
911,16.5,0.949716,0,0.385104,0.625185,-0.20295,-0.5111,-0.727002,0.0696073,0.385104,0.625185,-0.182655,-0.0547097
912,16.5181,0.997976,0,0.437067,0.676652,-0.0884904,-0.550575,-0.708742,0.216657,0.437067,0.676652,-0.0796414,-0.0270734
913,16.5363,1.00798,0,0.486347,0.703135,0.0507267,-0.575658,-0.648353,0.356785,0.486347,0.703135,0.045654,0.0172695
914,16.5544,0.974244,0,0.528978,0.691457,0.198145,-0.581503,-0.549362,0.471379,0.528978,0.691457,0.178331,0.0733701
915,16.5725,0.899986,0,0.557579,0.636778,0.342365,-0.565698,-0.424798,0.54541,0.557579,0.636778,0.308128,0.133627
916,16.5906,0.797405,0,0.565718,0.541872,0.468132,-0.529248,-0.29339,0.572786,0.565718,0.541872,0.421319,0.185381
917,16.6087,0.685655,0,0.553629,0.418096,0.551289,-0.476386,-0.173002,0.557631,0.553629,0.418096,0.49616,0.213647
918,16.6268,0.579038,0,0.520591,0.282924,0.584389,-0.413293,-0.0753082,0.510993,0.520591,0.282924,0.52595,0.212959
919,16.6449,0.48613,0,0.469328,0.158475,0.576269,-0.346414,-0.00426174,0.445691,0.469328,0.158475,0.518642,0.189322
920,16.663,0.407831,0,0.406041,0.0544849,0.535506,-0.281147,0.0421288,0.372421,0.406041,0.0544849,0.481955,0.152206
921,16.6812,0.342053,0,0.339572,-0.0183787,0.468241,-0.221226,0.0688839,0.298269,0.339572,-0.0183787,0.421417,0.111301
922,16.6993,0.286148,0,0.272951,-0.0669487,0.395831,-0.168708,0.0816665,0.227035,0.272951,-0.0669487,0.356248,0.0756298
923,16.7174,0.239263,1,0.21099,-0.0969944,0.321602,-0.124302,0.0854541,0.160256,0.21099,-0.0969944,0.289442,0.0474983
924,16.7355,0.200843,1,0.15688,-0.112321,0.248463,-0.0877918,0.0840719,0.0982009,0.15688,-0.112321,0.223617,0.0272852
925,16.7536,0.170233,1,0.110463,-0.117244,0.179965,-0.0584161,0.0802072,0.0405702,0.110463,-0.117244,0.161969,0.0139156
926,16.7717,0.148039,1,0.0732722,-0.115381,0.119211,-0.0351546,0.0756192,-0.0131127,0.0732722,-0.115381,0.10729,0.00611439
927,16.7898,0.132567,1,0.0433802,-0.111426,0.0618484,-0.0169204,0.0713849,-0.0633155,0.0433802,-0.111426,0.0556636,0.0018781
928,16.8079,0.124597,1,0.0178585,-0.110065,0.00958067,-0.00267528,0.0681164,-0.110431,0.0178585,-0.110065,0.0086226,0.000119767
929,16.826,0.120559,1,-0.00241743,-0.107481,-0.039254,0.00851208,0.0661299,-0.154767,-0.00241743,-0.107481,-0.0353286,6.64256e-05
930,16.8442,0.120396,1,-0.0183041,-0.107156,-0.0853235,0.0174437,0.0655692,-0.196561,-0.0183041,-0.107156,-0.0767912,0.00109324
931,16.8623,0.121885,1,-0.0309465,-0.106359,-0.128369,0.0247932,0.0664925,-0.235994,-0.0309465,-0.106359,-0.115532,0.00278079
932,16.8804,0.125844,1,-0.0410548,-0.108014,-0.168359,0.0311192,0.0689297,-0.273203,-0.0410548,-0.108014,-0.151523,0.00483837
933,16.8985,0.132989,1,-0.0500117,-0.113127,-0.203924,0.0368851,0.0729216,-0.308296,-0.0500117,-0.113127,-0.183532,0.00713901
934,16.9166,0.141875,1,-0.0587597,-0.119764,-0.237378,0.0424808,0.0785447,-0.34135,-0.0587597,-0.119764,-0.213641,0.0097638
935,16.9347,0.152634,1,-0.0671513,-0.128365,-0.269196,0.0482439,0.0859278,-0.372415,-0.0671513,-0.128365,-0.242276,0.0126538
936,16.9528,0.165978,1,-0.0756756,-0.139422,-0.298417,0.0544802,0.0952653,-0.401507,-0.0756756,-0.139422,-0.268575,0.015808
937,16.9709,0.182561,1,-0.0848447,-0.153518,-0.32471,0.0614823,0.106827,-0.428606,-0.0848447,-0.153518,-0.292239,0.0192849
938,16.9891,0.203046,1,-0.0958028,-0.171338,-0.349231,0.0695463,0.120967,-0.453637,-0.0958028,-0.171338,-0.314308,0.0234201
939,17.0072,0.22781,1,-0.108712,-0.19238,-0.370528,0.0789878,0.138135,-0.476459,-0.108712,-0.19238,-0.333475,0.0281965
940,17.0253,0.256641,0,-0.12287,-0.216298,-0.389815,0.0901562,0.158885,-0.496829,-0.12287,-0.216298,-0.350834,0.0335275
941,17.0434,0.291693,0,-0.139182,-0.245656,-0.405362,0.103448,0.183881,-0.514368,-0.139182,-0.245656,-0.364825,0.0394932
942,17.0615,0.333767,0,-0.158474,-0.280443,-0.415994,0.11932,0.213899,-0.528507,-0.158474,-0.280443,-0.374394,0.046147
943,17.0796,0.384007,0,-0.180996,-0.321382,-0.41932,0.138293,0.249807,-0.538406,-0.180996,-0.321382,-0.377388,0.0531267
944,17.0977,0.443448,0,-0.207599,-0.369057,-0.414772,0.160961,0.292531,-0.542853,-0.207599,-0.369057,-0.373295,0.0602743
945,17.1158,0.512651,0,-0.238916,-0.423034,-0.400618,0.187973,0.342952,-0.540135,-0.238916,-0.423034,-0.360557,0.0669999
946,17.134,0.591686,0,-0.274656,-0.482621,-0.374548,0.220004,0.40173,-0.527881,-0.274656,-0.482621,-0.337093,0.0720104
947,17.1521,0.680101,0,-0.315025,-0.546411,-0.333813,0.257682,0.468982,-0.502922,-0.315025,-0.546411,-0.300432,0.0736115
948,17.1702,0.775152,0,-0.359216,-0.60992,-0.273838,0.301451,0.543765,-0.461221,-0.359216,-0.60992,-0.246454,0.0688569
949,17.1883,0.874163,0,-0.407405,-0.670436,-0.190723,0.35135,0.623315,-0.398038,-0.407405,-0.670436,-0.17165,0.054391
950,17.2064,0.969103,0,-0.456841,-0.719627,-0.0836834,0.40666,0.702087,-0.308586,-0.456841,-0.719627,-0.0753151,0.026761
951,17.2245,1.04768,0,-0.504372,-0.744974,0.0439169,0.465457,0.770889,-0.189488,-0.504372,-0.744974,0.0395252,-0.0155053
952,17.2426,1.09651,0,-0.544857,-0.737264,0.180473,0.52414,0.816799,-0.0412544,-0.544857,-0.737264,0.162425,-0.0688323
953,17.2607,1.10429,0,-0.572732,-0.691821,0.316868,0.57719,0.824962,0.128666,-0.572732,-0.691821,0.285181,-0.127036
954,17.2788,1.06369,0,-0.584056,-0.607653,0.431074,0.617553,0.783139,0.303902,-0.584056,-0.607653,0.387967,-0.17624
955,17.297,0.978613,0,-0.57504,-0.494496,0.51606,0.637986,0.688118,0.460888,-0.57504,-0.494496,0.464454,-0.207728
956,17.3151,0.86329,0,-0.545348,-0.369715,0.5568,0.633223,0.550296,0.57575,-0.545348,-0.369715,0.50112,-0.212555
957,17.3332,0.738311,0,-0.499169,-0.252675,0.549543,0.602036,0.391981,0.633655,-0.499169,-0.252675,0.494588,-0.19202
958,17.3513,0.619367,0,-0.442124,-0.154497,0.508755,0.547944,0.238977,0.63441,-0.442124,-0.154497,0.45788,-0.157453
959,17.3694,0.513302,0,-0.378884,-0.0807978,0.451191,0.47804,0.110903,0.590362,-0.378884,-0.0807978,0.406072,-0.119664
960,17.3875,0.422526,0,-0.316901,-0.0314535,0.383519,0.400687,0.0164065,0.519018,-0.316901,-0.0314535,0.345167,-0.0850764
961,17.4056,0.344056,0,-0.25841,-0.00133424,0.31466,0.323342,-0.0455189,0.436055,-0.25841,-0.00133424,0.283194,-0.0569178
962,17.4237,0.277105,0,-0.206125,0.0141799,0.242656,0.25136,-0.081229,0.352046,-0.206125,0.0141799,0.21839,-0.0350122
963,17.4419,0.220232,1,-0.162272,0.0188321,0.176628,0.187796,-0.098485,0.27252,-0.162272,0.0188321,0.158965,-0.0200632
964,17.46,0.172894,1,-0.126615,0.017798,0.115968,0.1338,-0.104195,0.199505,-0.126615,0.017798,0.104371,-0.0102783
965,17.4781,0.134205,1,-0.0978603,0.0125511,0.0586916,0.0892115,-0.103622,0.13313,-0.0978603,0.0125511,0.0528225,-0.00402051
966,17.4962,0.103625,1,-0.0751273,0.00685117,0.00741517,0.0531012,-0.100413,0.0727323,-0.0751273,0.00685117,0.00667365,-0.000389957
967,17.5143,0.0805639,1,-0.0579216,0.000623352,-0.0392451,0.0241727,-0.096922,0.017474,-0.0579216,0.000623352,-0.0353205,0.0015912
968,17.5324,0.0652812,1,-0.0446821,-0.00507461,-0.0851853,0.00102883,-0.0945896,-0.0333927,-0.0446821,-0.00507461,-0.0766668,0.00266438
969,17.5505,0.0573505,1,-0.0356202,-0.00978618,-0.12954,-0.0176745,-0.0942523,-0.0804413,-0.0356202,-0.00978618,-0.116586,0.00322996
970,17.5686,0.0542558,1,-0.0290621,-0.0146553,-0.17028,-0.033152,-0.0963807,-0.12407,-0.0290621,-0.0146553,-0.153252,0.00346408
971,17.5868,0.0557849,1,-0.0231217,-0.0183249,-0.208294,-0.0464629,-0.101245,-0.16453,-0.0231217,-0.0183249,-0.187464,0.00337127
972,17.6049,0.0604839,1,-0.0187549,-0.0209156,-0.242319,-0.0585139,-0.109031,-0.201948,-0.0187549,-0.0209156,-0.218087,0.00318128
973,17.623,0.0676326,1,-0.0164232,-0.0232919,-0.275189,-0.0700786,-0.119909,-0.236345,-0.0164232,-0.0232919,-0.24767,0.00316364
974,17.6411,0.0775884,1,-0.014882,-0.0246599,-0.307702,-0.0818243,-0.134084,-0.267641,-0.014882,-0.0246599,-0.276931,0.00320544
975,17.6592,0.0905279,1,-0.0137461,-0.024951,-0.340299,-0.0943396,-0.151822,-0.295642,-0.0137461,-0.024951,-0.306269,0.00327444
976,17.6773,0.105671,1,-0.0129239,-0.0257377,-0.3711,-0.108161,-0.173455,-0.320027,-0.0129239,-0.0257377,-0.33399,0.00335725
977,17.6954,0.123657,1,-0.0121382,-0.0265531,-0.399797,-0.123793,-0.199375,-0.340308,-0.0121382,-0.0265531,-0.359817,0.00339696
978,17.7135,0.145234,1,-0.0113636,-0.0268173,-0.426465,-0.141726,-0.230016,-0.355789,-0.0113636,-0.0268173,-0.383819,0.00339233
979,17.7316,0.170712,1,-0.0108265,-0.0269414,-0.451482,-0.162438,-0.265794,-0.365513,-0.0108265,-0.0269414,-0.406334,0.00342156
980,17.7498,0.201254,1,-0.0105694,-0.0259908,-0.475965,-0.186389,-0.307029,-0.368195,-0.0105694,-0.0259908,-0.428369,0.00352148
981,17.7679,0.237286,1,-0.0100743,-0.0243226,-0.499198,-0.213992,-0.353797,-0.362165,-0.0100743,-0.0243226,-0.449278,0.00352034
982,17.786,0.279218,0,-0.00924317,-0.0220342,-0.52092,-0.245563,-0.405719,-0.345344,-0.00924317,-0.0220342,-0.468828,0.00337047
983,17.8041,0.32705,0,-0.00811663,-0.0197843,-0.541224,-0.281224,-0.461656,-0.315288,-0.00811663,-0.0197843,-0.487101,0.00307504
984,17.8222,0.380738,0,-0.00683159,-0.017864,-0.56071,-0.320767,-0.519323,-0.269391,-0.00683159,-0.017864,-0.504639,0.00268138
985,17.8403,0.440236,0,-0.0056826,-0.0156257,-0.580365,-0.36347,-0.574881,-0.205338,-0.0056826,-0.0156257,-0.522328,0.00230859
986,17.8584,0.504238,0,-0.00391495,-0.0129635,-0.599251,-0.407874,-0.622668,-0.121918,-0.00391495,-0.0129635,-0.539326,0.00164223
987,17.8765,0.570077,0,-0.00201778,-0.0102471,-0.617386,-0.451597,-0.65537,-0.0201791,-0.00201778,-0.0102471,-0.555648,0.000872024
988,17.8947,0.634724,0,0.000231681,-0.00658515,-0.635136,-0.491278,-0.664996,0.0952998,0.000231681,-0.00658515,-0.571622,-0.000103004
989,17.9128,0.693508,0,0.0027456,-0.00215991,-0.652404,-0.522801,-0.644886,0.215677,0.0027456,-0.00215991,-0.587164,-0.00125387
990,17.9309,0.741842,0,0.0058412,0.00391575,-0.66916,-0.541929,-0.592384,0.328518,0.0058412,0.00391575,-0.602244,-0.00273609
991,17.949,0.775046,0,0.0096558,0.0115381,-0.684649,-0.545264,-0.511002,0.420387,0.0096558,0.0115381,-0.616184,-0.00462758
992,17.9671,0.790455,0,0.014356,0.0209281,-0.698529,-0.53127,-0.410504,0.480715,0.014356,0.0209281,-0.628676,-0.00701967
993,17.9852,0.788319,0,0.020124,0.0324068,-0.71133,-0.500853,-0.304304,0.505038,0.020124,0.0324068,-0.640197,-0.0100204
994,18.0033,0.771213,0,0.0274905,0.0471786,-0.723096,-0.457205,-0.205329,0.495763,0.0274905,0.0471786,-0.650786,-0.0139148
995,18.0214,0.742229,0,0.0365149,0.0656999,-0.732402,-0.404952,-0.122583,0.460228,0.0365149,0.0656999,-0.659162,-0.0187205
996,18.0396,0.706089,0,0.047656,0.0891242,-0.73972,-0.349028,-0.0599081,0.407501,0.047656,0.0891242,-0.665748,-0.0246765
997,18.0577,0.666737,0,0.0613627,0.118233,-0.744808,-0.293746,-0.0168203,0.345731,0.0613627,0.118233,-0.670327,-0.0319924
998,18.0758,0.627047,0,0.0782006,0.154014,-0.746777,-0.242279,0.00972551,0.280861,0.0782006,0.154014,-0.672099,-0.0408789
999,18.0939,0.588682,0,0.0990789,0.197404,-0.743692,-0.196569,0.0236754,0.216543,0.0990789,0.197404,-0.669323,-0.051579
1000,18.112,0.55336,0,0.125265,0.250059,-0.733995,-0.157495,0.0287987,0.154663,0.125265,0.250059,-0.660596,-0.0643608
1001,18.1301,0.523026,0,0.157138,0.313068,-0.716313,-0.125154,0.0281825,0.0959798,0.157138,0.313068,-0.644682,-0.0787919
1002,18.1482,0.499301,0,0.196035,0.386651,-0.686918,-0.0991393,0.0241111,0.0406413,0.196035,0.386651,-0.618226,-0.0942621
1003,18.1663,0.485242,0,0.241626,0.471561,-0.64246,-0.0787749,0.018141,-0.0114821,0.241626,0.471561,-0.578214,-0.108665
1004,18.1844,0.483789,0,0.294391,0.566916,-0.575834,-0.0632819,0.0112456,-0.0606118,0.294391,0.566916,-0.518251,-0.118664
1005,18.2026,0.498338,0,0.356248,0.668666,-0.476598,-0.0518888,0.0039662,-0.106974,0.356248,0.668666,-0.428938,-0.118851
1006,18.2207,0.533323,0,0.426418,0.767958,-0.343172,-0.043896,-0.00345995,-0.150766,0.426418,0.767958,-0.308855,-0.102434
1007,18.2388,0.58709,0,0.499978,0.851256,-0.173382,-0.0387082,-0.0110017,-0.19215,0.499978,0.851256,-0.156044,-0.0606812
1008,18.2569,0.653194,0,0.571909,0.895301,0.0428033,-0.0358461,-0.0187642,-0.231252,0.571909,0.895301,0.0385229,0.0171357
1009,18.275,0.724017,0,0.633034,0.875472,0.290446,-0.0349454,-0.0269425,-0.268171,0.633034,0.875472,0.261401,0.128703
1010,18.2931,0.779882,0,0.672544,0.768537,0.519228,-0.0357491,-0.0357944,-0.302977,0.672544,0.768537,0.467305,0.244443
1011,18.3112,0.808031,0,0.677844,0.584747,0.688396,-0.0380984,-0.0456264,-0.335713,0.677844,0.584747,0.619556,0.326637
1012,18.3293,0.809664,0,0.642276,0.362993,0.783532,-0.0419232,-0.0567902,-0.366391,0.642276,0.362993,0.705179,0.352271
1013,18.3475,0.78345,0,0.574965,0.146085,0.791479,-0.0472339,-0.0696857,-0.394983,0.574965,0.146085,0.712331,0.318551
1014,18.3656,0.736089,0,0.482743,-0.0370458,0.734003,-0.054117,-0.0847688,-0.421412,0.482743,-0.0370458,0.660603,0.248035
1015,18.3837,0.671682,0,0.378903,-0.16718,0.628833,-0.0627319,-0.102562,-0.445529,0.378903,-0.16718,0.565949,0.166786
1016,18.4018,0.604,0,0.27656,-0.238033,0.512175,-0.0733108,-0.123666,-0.467089,0.27656,-0.238033,0.460958,0.0991532
1017,18.4199,0.546964,0,0.181603,-0.273595,0.414412,-0.0861607,-0.148766,-0.485716,0.181603,-0.273595,0.372971,0.0526809
1018,18.438,0.495094,0,0.102752,-0.282149,0.325506,-0.101666,-0.178635,-0.500843,0.102752,-0.282149,0.292955,0.0234125
1019,18.4561,0.452117,0,0.0391786,-0.282037,0.252024,-0.120287,-0.21412,-0.511643,0.0391786,-0.282037,0.226821,0.00691176
1020,18.4742,0.416556,0,-0.0171279,-0.279816,0.193175,-0.14256,-0.256097,-0.516938,-0.0171279,-0.279816,0.173857,-0.00231608
1021,18.4924,0.384563,0,-0.061774,-0.273046,0.14152,-0.169078,-0.305384,-0.515068,-0.061774,-0.273046,0.127368,-0.00611956
1022,18.5105,0.354975,0,-0.0942127,-0.264483,0.0938282,-0.200457,-0.362561,-0.503762,-0.0942127,-0.264483,0.0844454,-0.00618787
1023,18.5286,0.328502,0,-0.119927,-0.25886,0.0505332,-0.237261,-0.427672,-0.480011,-0.119927,-0.25886,0.0454799,-0.00424221
1024,18.5467,0.307115,0,-0.140617,-0.256575,0.0121281,-0.279873,-0.499735,-0.440022,-0.140617,-0.256575,0.0109153,-0.0011938
1025,18.5648,0.293794,0,-0.157778,-0.258503,-0.0201821,-0.32828,-0.576051,-0.3794,-0.157778,-0.258503,-0.0181639,0.00222901
1026,18.5829,0.290082,0,-0.17259,-0.264978,-0.0500046,-0.381753,-0.651339,-0.293764,-0.17259,-0.264978,-0.0450041,0.0060412
1027,18.601,0.298629,0,-0.187206,-0.276478,-0.0782369,-0.438434,-0.716981,-0.180112,-0.187206,-0.276478,-0.0704132,0.0102525
1028,18.6191,0.321574,0,-0.201692,-0.291671,-0.102175,-0.494914,-0.760997,-0.0390555,-0.201692,-0.291671,-0.0919576,0.0144255
1029,18.6372,0.354772,0,-0.216399,-0.311123,-0.119712,-0.546027,-0.769698,0.122455,-0.216399,-0.311123,-0.10774,0.0181338
1030,18.6554,0.391516,0,-0.231883,-0.33452,-0.131594,-0.585207,-0.73176,0.289379,-0.231883,-0.33452,-0.118434,0.0213601
1031,18.6735,0.424129,0,-0.248822,-0.361205,-0.136424,-0.605697,-0.643938,0.440082,-0.248822,-0.361205,-0.122781,0.0237616
1032,18.6916,0.446402,0,-0.268193,-0.390869,-0.133627,-0.602496,-0.515249,0.552373,-0.268193,-0.390869,-0.120264,0.0250864
1033,18.7097,0.456503,0,-0.290129,-0.420905,-0.123961,-0.574248,-0.365734,0.611849,-0.290129,-0.420905,-0.111565,0.0251753
1034,18.7278,0.454488,0,-0.313726,-0.449086,-0.10571,-0.52396,-0.219214,0.617227,-0.313726,-0.449086,-0.0951388,0.0232147
1035,18.7459,0.445262,0,-0.338383,-0.476805,-0.0800551,-0.45806,-0.0945311,0.578974,-0.338383,-0.476805,-0.0720496,0.0189625
1036,18.764,0.432977,0,-0.362584,-0.502011,-0.0444292,-0.384338,-0.000766728,0.512966,-0.362584,-0.502011,-0.0399863,0.0112765
1037,18.7821,0.422569,0,-0.386331,-0.522495,0.000274982,-0.309928,0.0620669,0.434032,-0.386331,-0.522495,0.000247484,-7.43638e-05
1038,18.8003,0.417367,0,-0.40952,-0.535862,0.0519405,-0.240111,0.0993419,0.352612,-0.40952,-0.535862,0.0467464,-0.0148895
1039,18.8184,0.418288,0,-0.430501,-0.540048,0.107366,-0.178028,0.118151,0.274478,-0.430501,-0.540048,0.096629,-0.0323547
1040,18.8365,0.423969,0,-0.446847,-0.533758,0.161669,-0.124994,0.125053,0.202003,-0.446847,-0.533758,0.145502,-0.0505689
1041,18.8546,0.430057,0,-0.45683,-0.513481,0.211255,-0.0810225,0.125184,0.135606,-0.45683,-0.513481,0.190129,-0.0675552
1042,18.8727,0.436591,0,-0.460795,-0.483147,0.255981,-0.045337,0.122174,0.0748313,-0.460795,-0.483147,0.230383,-0.0825685
1043,18.8908,0.442406,0,-0.458518,-0.44463,0.292839,-0.0167648,0.118412,0.0189644,-0.458518,-0.44463,0.263555,-0.0939904
1044,18.9089,0.446393,0,-0.449777,-0.401237,0.318289,0.00599744,0.11538,-0.0326779,-0.449777,-0.401237,0.28646,-0.100211
1045,18.927,0.446401,0,-0.433816,-0.354555,0.329874,0.0242241,0.113948,-0.0806446,-0.433816,-0.354555,0.296887,-0.100173
1046,18.9452,0.442306,0,-0.412395,-0.309813,0.325159,0.0390773,0.114604,-0.125337,-0.412395,-0.309813,0.292643,-0.0938657
1047,18.9633,0.435442,0,-0.38702,-0.269215,0.309229,0.0515751,0.11762,-0.167029,-0.38702,-0.269215,0.278307,-0.0837747
1048,18.9814,0.42684,0,-0.358856,-0.234123,0.285338,0.0625893,0.12317,-0.205888,-0.358856,-0.234123,0.256804,-0.0716767
1049,18.9995,0.417662,0,-0.329524,-0.20634,0.255337,0.0728618,0.131401,-0.241997,-0.329524,-0.20634,0.229803,-0.0588978
1050,19.0176,0.409107,0,-0.301777,-0.187239,0.219935,0.0830287,0.142487,-0.275355,-0.301777,-0.187239,0.197942,-0.04646
1051,19.0357,0.402358,0,-0.276486,-0.175835,0.1821,0.0936475,0.156661,-0.30588,-0.276486,-0.175835,0.16389,-0.0352436
1052,19.0538,0.398152,0,-0.25408,-0.170035,0.144053,0.105223,0.17423,-0.333395,-0.25408,-0.170035,0.129647,-0.0256206
1053,19.0719,0.396804,0,-0.235189,-0.168818,0.105714,0.118234,0.195585,-0.357603,-0.235189,-0.168818,0.0951423,-0.0174039
1054,19.09,0.3993,0,-0.22016,-0.172114,0.0678241,0.133148,0.221194,-0.37805,-0.22016,-0.172114,0.0610417,-0.0104525
1055,19.1082,0.405924,0,-0.208905,-0.178549,0.0303931,0.15044,0.251584,-0.394082,-0.208905,-0.178549,0.0273537,-0.00444449
1056,19.1263,0.417907,0,-0.20082,-0.188147,-0.00486254,0.170597,0.287305,-0.404777,-0.20082,-0.188147,-0.00437629,0.000683548
1057,19.1444,0.436232,0,-0.196231,-0.201161,-0.0379118,0.194115,0.328849,-0.408875,-0.196231,-0.201161,-0.0341206,0.00520763
1058,19.1625,0.461566,0,-0.195325,-0.217122,-0.0685456,0.221472,0.376522,-0.404693,-0.195325,-0.217122,-0.061691,0.00937207
1059,19.1806,0.494234,0,-0.197731,-0.235188,-0.0954968,0.253083,0.430241,-0.390068,-0.197731,-0.235188,-0.0859471,0.0132178
1060,19.1987,0.533891,0,-0.202855,-0.254856,-0.118737,0.289214,0.489215,-0.362346,-0.202855,-0.254856,-0.106863,0.0168605
1061,19.2168,0.580444,0,-0.210812,-0.276889,-0.139136,0.329838,0.551525,-0.318514,-0.210812,-0.276889,-0.125223,0.0205321
1062,19.2349,0.633318,0,-0.221426,-0.301765,-0.154009,0.37444,0.613604,-0.255587,-0.221426,-0.301765,-0.138608,0.0238711
1063,19.2531,0.690483,0,-0.235055,-0.329625,-0.163791,0.42176,0.669793,-0.171395,-0.235055,-0.329625,-0.147412,0.0269499
1064,19.2712,0.748623,0,-0.251521,-0.360614,-0.167629,0.469534,0.712247,-0.0658491,-0.251521,-0.360614,-0.150866,0.0295136
1065,19.2893,0.802338,0,-0.270604,-0.393469,-0.164227,0.51433,0.731685,0.0574607,-0.270604,-0.393469,-0.147804,0.0311083
1066,19.3074,0.846031,0,-0.292478,-0.428167,-0.1532,0.551671,0.719418,0.189972,-0.292478,-0.428167,-0.13788,0.0313653
1067,19.3255,0.87388,0,-0.31698,-0.464538,-0.133554,0.576616,0.670519,0.318256,-0.31698,-0.464538,-0.120199,0.0296338
1068,19.3436,0.88028,0,-0.343887,-0.49964,-0.104035,0.584837,0.586946,0.42651,-0.343887,-0.49964,-0.0936317,0.0250435
1069,19.3617,0.862879,0,-0.372108,-0.531422,-0.0634186,0.573896,0.478547,0.501133,-0.372108,-0.531422,-0.0570767,0.016519
1070,19.3798,0.823324,0,-0.400272,-0.556937,-0.0123066,0.544149,0.360589,0.535238,-0.400272,-0.556937,-0.011076,0.0034482
1071,19.398,0.766546,0,-0.426759,-0.572387,0.0488671,0.498774,0.248767,0.530398,-0.426759,-0.572387,0.0439804,-0.0145981
1072,19.4161,0.701096,0,-0.450116,-0.574473,0.112968,0.442874,0.154525,0.494724,-0.450116,-0.574473,0.101671,-0.0355941
1073,19.4342,0.635086,0,-0.468762,-0.563126,0.177281,0.382123,0.0830459,0.438927,-0.468762,-0.563126,0.159553,-0.0581718
1074,19.4523,0.573438,0,-0.480578,-0.536566,0.240716,0.321567,0.0340566,0.372797,-0.480578,-0.536566,0.216644,-0.080978
1075,19.4704,0.519987,0,-0.484233,-0.495827,0.296485,0.264948,0.00401334,0.303444,-0.484233,-0.495827,0.266837,-0.100498
1076,19.4885,0.475068,0,-0.478393,-0.443697,0.336841,0.214552,-0.0117817,0.235129,-0.478393,-0.443697,0.303157,-0.1128
1077,19.5066,0.437325,0,-0.463434,-0.386411,0.356683,0.171405,-0.0178097,0.169942,-0.463434,-0.386411,0.321015,-0.115709
1078,19.5247,0.404624,0,-0.440728,-0.329048,0.357752,0.135608,-0.0177141,0.108613,-0.440728,-0.329048,0.321977,-0.11037
1079,19.5428,0.375701,0,-0.411801,-0.276338,0.344263,0.106674,-0.0141692,0.0511705,-0.411801,-0.276338,0.309837,-0.0992376
1080,19.561,0.350533,0,-0.379375,-0.231756,0.320553,0.0838027,-0.00898887,-0.00265147,-0.379375,-0.231756,0.288498,-0.0851269
1081,19.5791,0.328132,0,-0.345407,-0.196826,0.287755,0.0660755,-0.00331446,-0.0531959,-0.345407,-0.196826,0.258979,-0.0695747
1082,19.5972,0.30854,0,-0.312519,-0.172152,0.248347,0.0525823,0.00219805,-0.100786,-0.312519,-0.172152,0.223513,-0.0543292
1083,19.6153,0.290934,0,-0.28201,-0.155,0.204034,0.0424915,0.00722221,-0.145694,-0.28201,-0.155,0.183631,-0.0402777
1084,19.6334,0.275413,0,-0.253967,-0.144692,0.157638,0.0350845,0.0116429,-0.188144,-0.253967,-0.144692,0.141874,-0.0280244
1085,19.6515,0.263641,0,-0.230307,-0.141753,0.112512,0.0297653,0.0154721,-0.228315,-0.230307,-0.141753,0.10126,-0.0181386
1086,19.6696,0.255415,0,-0.211336,-0.144363,0.0694055,0.0260551,0.0187924,-0.266358,-0.211336,-0.144363,0.062465,-0.0102675
1087,19.6877,0.249589,1,-0.196659,-0.150458,0.0273463,0.0235806,0.0217208,-0.3024,-0.196659,-0.150458,0.0246117,-0.00376454
1088,19.7059,0.246442,1,-0.18588,-0.159627,-0.0123636,0.0220589,0.0243875,-0.336556,-0.18588,-0.159627,-0.0111272,0.0016087
1089,19.724,0.246327,1,-0.178653,-0.171659,-0.0485797,0.0212823,0.026925,-0.368926,-0.178653,-0.171659,-0.0437217,0.00607525
1090,19.7421,0.249398,1,-0.175616,-0.186906,-0.0816667,0.0211045,0.0294634,-0.399603,-0.175616,-0.186906,-0.0735,0.0100394
1091,19.7602,0.255436,0,-0.176322,-0.204173,-0.111188,0.0214292,0.0321309,-0.428674,-0.176322,-0.204173,-0.100069,0.0137234
1092,19.7783,0.264449,0,-0.180387,-0.223866,-0.137285,0.0222008,0.0350562,-0.456216,-0.180387,-0.223866,-0.123557,0.0173351
1093,19.7964,0.276424,0,-0.187448,-0.246513,-0.160408,0.0233973,0.0383736,-0.482301,-0.187448,-0.246513,-0.144367,0.0210477
1094,19.8145,0.291781,0,-0.197392,-0.27176,-0.179354,0.0250263,0.0422283,-0.506995,-0.197392,-0.27176,-0.161419,0.0247822
1095,19.8326,0.310381,0,-0.209678,-0.298586,-0.193228,0.0271216,0.0467834,-0.530355,-0.209678,-0.298586,-0.173905,0.0283609
1096,19.8508,0.332808,0,-0.224751,-0.3282,-0.202013,0.0297431,0.0522281,-0.552428,-0.224751,-0.3282,-0.181812,0.0317818
1097,19.8689,0.35977,0,-0.242826,-0.360532,-0.203913,0.0329769,0.0587861,-0.573247,-0.242826,-0.360532,-0.183522,0.0346607
1098,19.887,0.390825,0,-0.26377,-0.394799,-0.199383,0.0369382,0.0667264,-0.592833,-0.26377,-0.394799,-0.179445,0.036814
1099,19.9051,0.426817,0,-0.287843,-0.431623,-0.187143,0.0417754,0.0763755,-0.611179,-0.287843,-0.431623,-0.168429,0.0377075
1100,19.9232,0.467917,0,-0.314681,-0.470721,-0.166493,0.0476755,0.0881319,-0.628251,-0.314681,-0.470721,-0.149843,0.0366744
1101,19.9413,0.514334,0,-0.343727,-0.510281,-0.134793,0.054872,0.102482,-0.643966,-0.343727,-0.510281,-0.121314,0.0324325
1102,19.9594,0.56461,0,-0.373751,-0.545505,-0.0906311,0.063654,0.120021,-0.658175,-0.373751,-0.545505,-0.0815679,0.0237114
1103,19.9775,0.617991,0,-0.404484,-0.574214,-0.0348428,0.0743774,0.14147,-0.67063,-0.404484,-0.574214,-0.0313585,0.00986536
1104,19.9956,0.672894,0,-0.433334,-0.592496,0.0326524,0.0874784,0.167699,-0.680941,-0.433334,-0.592496,0.0293871,-0.00990457
1105,20.0138,0.726117,0,-0.458821,-0.596697,0.106,0.103487,0.199743,-0.6885,-0.458821,-0.596697,0.0953997,-0.0340444
1106,20.0319,0.77459,0,-0.479576,-0.584578,0.178746,0.123039,0.2388,-0.692388,-0.479576,-0.584578,0.160871,-0.0600055
1107,20.05,0.816941,0,-0.492436,-0.554956,0.249988,0.146889,0.286209,-0.691227,-0.492436,-0.554956,0.224989,-0.0861721
1108,20.0681,0.850469,0,-0.49638,-0.509727,0.312098,0.1759,0.343351,-0.682984,-0.49638,-0.509727,0.280888,-0.108444
1109,20.0862,0.871938,0,-0.490086,-0.451778,0.357097,0.211021,0.411453,-0.66472,-0.490086,-0.451778,0.321387,-0.122506
1110,20.1043,0.88009,0,-0.473618,-0.387024,0.379705,0.253207,0.491175,-0.632306,-0.473618,-0.387024,0.341734,-0.125884
1111,20.1224,0.876888,0,-0.448503,-0.322788,0.38065,0.30325,0.581885,-0.580198,-0.448503,-0.322788,0.342585,-0.119506
1112,20.1405,0.866271,0,-0.416567,-0.265089,0.365574,0.361478,0.680483,-0.501501,-0.416567,-0.265089,0.329017,-0.1066
1113,20.1587,0.851264,0,-0.380759,-0.216123,0.338758,0.427236,0.779775,-0.388759,-0.380759,-0.216123,0.304882,-0.0902895
1114,20.1768,0.834704,0,-0.343406,-0.178307,0.302119,0.498168,0.866782,-0.236154,-0.343406,-0.178307,0.271907,-0.0726245
1115,20.1949,0.81978,0,-0.307515,-0.152769,0.25889,0.569386,0.922231,-0.043664,-0.307515,-0.152769,0.233001,-0.0557289
1116,20.213,0.805331,0,-0.274206,-0.135508,0.212382,0.632997,0.923471,0.177446,-0.274206,-0.135508,0.191144,-0.0407656
1117,20.2311,0.788421,0,-0.244301,-0.125316,0.163949,0.678729,0.85274,0.401107,-0.244301,-0.125316,0.147554,-0.0280369
1118,20.2492,0.764603,0,-0.218994,-0.122713,0.116481,0.696336,0.708765,0.590471,-0.218994,-0.122713,0.104833,-0.0178561
1119,20.2673,0.72787,0,-0.198634,-0.125808,0.0715794,0.679359,0.513424,0.711811,-0.198634,-0.125808,0.0644215,-0.00995268
1120,20.2854,0.676392,0,-0.183208,-0.131842,0.0272643,0.62821,0.304907,0.750708,-0.183208,-0.131842,0.0245379,-0.00349653
1121,20.3036,0.612085,0,-0.171143,-0.14058,-0.0143642,0.550307,0.120183,0.717385,-0.171143,-0.14058,-0.0129278,0.00172083
1122,20.3217,0.540978,0,-0.162783,-0.15162,-0.0527688,0.457079,-0.0195727,0.637381,-0.162783,-0.15162,-0.0474919,0.00601292
1123,20.3398,0.469888,0,-0.158704,-0.165531,-0.087608,0.359971,-0.111336,0.53723,-0.158704,-0.165531,-0.0788472,0.00973264
1124,20.3579,0.404076,0,-0.158666,-0.181744,-0.119085,0.267704,-0.163538,0.435632,-0.158666,-0.181744,-0.107177,0.0132263
1125,20.376,0.346935,0,-0.162288,-0.200617,-0.147751,0.185458,-0.188202,0.342158,-0.162288,-0.200617,-0.132976,0.0167847
1126,20.3941,0.2998,0,-0.168597,-0.222623,-0.174059,0.115356,-0.196193,0.25989,-0.168597,-0.222623,-0.156653,0.020542
1127,20.4122,0.262323,0,-0.177756,-0.247077,-0.196812,0.0574185,-0.195584,0.188521,-0.177756,-0.247077,-0.177131,0.0244892
1128,20.4303,0.233178,1,-0.189177,-0.273211,-0.215007,0.01046,-0.191749,0.126497,-0.189177,-0.273211,-0.193506,0.028472
1129,20.4484,0.211464,1,-0.203348,-0.302662,-0.227866,-0.027261,-0.188001,0.072128,-0.203348,-0.302662,-0.20508,0.0324353
1130,20.4666,0.196356,1,-0.220876,-0.335477,-0.234333,-0.0576318,-0.186264,0.0240355,-0.220876,-0.335477,-0.210899,0.0362309
1131,20.4847,0.187834,1,-0.241831,-0.371816,-0.234398,-0.082458,-0.187587,-0.0187487,-0.241831,-0.371816,-0.210958,0.0396793
1132,20.5028,0.18548,1,-0.265906,-0.411193,-0.226987,-0.103354,-0.192497,-0.0568159,-0.265906,-0.411193,-0.204288,0.04225
1133,20.5209,0.189455,1,-0.293101,-0.453911,-0.210691,-0.121709,-0.201232,-0.0904507,-0.293101,-0.453911,-0.189621,0.0432275
1134,20.539,0.199021,1,-0.323294,-0.497867,-0.183691,-0.138686,-0.213874,-0.119692,-0.323294,-0.497867,-0.165322,0.0415703
1135,20.5571,0.212692,1,-0.35549,-0.539646,-0.143062,-0.155244,-0.230433,-0.144375,-0.35549,-0.539646,-0.128756,0.0356
1136,20.5752,0.229874,1,-0.388966,-0.576345,-0.0893975,-0.172166,-0.250867,-0.164153,-0.388966,-0.576345,-0.0804578,0.0243408
1137,20.5933,0.249618,1,-0.42245,-0.604476,-0.0221972,-0.190081,-0.275085,-0.178509,-0.42245,-0.604476,-0.0199774,0.00656404
1138,20.6115,0.270349,0,-0.453275,-0.619614,0.0572154,-0.20948,-0.3029,-0.186756,-0.453275,-0.619614,0.0514938,-0.018154
1139,20.6296,0.289176,0,-0.479874,-0.617879,0.140862,-0.230715,-0.333968,-0.18805,-0.479874,-0.617879,0.126775,-0.047317
1140,20.6477,0.303103,0,-0.499116,-0.594901,0.22343,-0.253993,-0.367688,-0.181421,-0.499116,-0.594901,0.201087,-0.0780622
1141,20.6658,0.311808,0,-0.509506,-0.552957,0.299174,-0.27934,-0.403089,-0.165838,-0.509506,-0.552957,0.269257,-0.106702
1142,20.6839,0.313848,0,-0.508659,-0.493662,0.361293,-0.306555,-0.438703,-0.14034,-0.508659,-0.493662,0.325164,-0.128643
1143,20.702,0.307055,0,-0.496169,-0.422842,0.400197,-0.335155,-0.472465,-0.104244,-0.496169,-0.422842,0.360177,-0.138996
1144,20.7201,0.292307,0,-0.472611,-0.348814,0.412904,-0.364311,-0.501692,-0.057446,-0.472611,-0.348814,0.371614,-0.1366
1145,20.7382,0.27426,0,-0.440169,-0.279177,0.404016,-0.392808,-0.523201,-0.000784926,-0.440169,-0.279177,0.363615,-0.124485
1146,20.7564,0.256806,0,-0.401668,-0.219939,0.378442,-0.419051,-0.533662,0.0636041,-0.401668,-0.219939,0.340597,-0.106406
1147,20.7745,0.243904,1,-0.360432,-0.172322,0.341571,-0.441165,-0.530191,0.132096,-0.360432,-0.172322,0.307414,-0.0861792
1148,20.7926,0.23537,1,-0.31954,-0.139673,0.296061,-0.457192,-0.511112,0.199719,-0.31954,-0.139673,0.266455,-0.0662223
1149,20.8107,0.232626,1,-0.281467,-0.118419,0.247415,-0.465395,-0.476659,0.260762,-0.281467,-0.118419,0.222674,-0.0487474
1150,20.8288,0.234817,1,-0.247216,-0.10519,0.195308,-0.464605,-0.42931,0.309787,-0.247216,-0.10519,0.175777,-0.0337983
1151,20.8469,0.238419,1,-0.217509,-0.10006,0.143732,-0.454504,-0.373482,0.342743,-0.217509,-0.10006,0.129359,-0.0218842
1152,20.865,0.240623,1,-0.193452,-0.101597,0.0939447,-0.435748,-0.314639,0.357771,-0.193452,-0.101597,0.0845502,-0.0127216
1153,20.8831,0.240384,1,-0.174374,-0.107294,0.0469016,-0.409868,-0.258106,0.355368,-0.174374,-0.107294,0.0422115,-0.0057249
1154,20.9012,0.238004,1,-0.159763,-0.114827,0.00147372,-0.378988,-0.208062,0.337904,-0.159763,-0.114827,0.00132635,-0.000164813
1155,20.9194,0.232768,1,-0.148541,-0.124531,-0.0404575,-0.345453,-0.167023,0.308775,-0.148541,-0.124531,-0.0364118,0.00420671
1156,20.9375,0.225415,1,-0.141445,-0.135642,-0.0798985,-0.31148,-0.135869,0.27156,-0.141445,-0.135642,-0.0719086,0.00791084
1157,20.9556,0.215826,1,-0.138377,-0.149363,-0.115182,-0.278922,-0.114226,0.229427,-0.138377,-0.149363,-0.103663,0.0111569
1158,20.9737,0.205282,1,-0.139039,-0.164811,-0.147132,-0.249148,-0.100974,0.184866,-0.139039,-0.164811,-0.132419,0.0143199
1159,20.9918,0.19584,1,-0.143126,-0.183801,-0.177715,-0.223044,-0.0947006,0.139672,-0.143126,-0.183801,-0.159943,0.0178049
1160,21.0099,0.187877,1,-0.149755,-0.205464,-0.206342,-0.201078,-0.0940183,0.0950535,-0.149755,-0.205464,-0.185708,0.0216305
1161,21.028,0.180303,1,-0.158621,-0.228347,-0.23079,-0.183399,-0.0977425,0.051799,-0.158621,-0.228347,-0.207711,0.0256257
1162,21.0461,0.17324,1,-0.169839,-0.254186,-0.249906,-0.169939,-0.104966,0.0104211,-0.169839,-0.254186,-0.224915,0.0297107
1163,21.0643,0.167548,1,-0.184338,-0.283815,-0.263614,-0.160505,-0.115065,-0.0287263,-0.184338,-0.283815,-0.237253,0.0340159
1164,21.0824,0.163925,1,-0.202516,-0.317365,-0.271178,-0.15485,-0.127672,-0.0653653,-0.202516,-0.317365,-0.24406,0.0384425
1165,21.1005,0.163872,1,-0.224123,-0.355386,-0.273013,-0.152727,-0.142627,-0.0992369,-0.224123,-0.355386,-0.245712,0.0428319
1166,21.1186,0.168008,1,-0.248925,-0.397586,-0.268538,-0.153919,-0.159936,-0.13006,-0.248925,-0.397586,-0.241684,0.0467921
1167,21.1367,0.175631,1,-0.276759,-0.442769,-0.25395,-0.158261,-0.179721,-0.157498,-0.276759,-0.442769,-0.228555,0.0491981
1168,21.1548,0.187831,1,-0.308184,-0.490832,-0.228102,-0.16565,-0.20218,-0.181135,-0.308184,-0.490832,-0.205292,0.0492082
1169,21.1729,0.203018,1,-0.342169,-0.537201,-0.187851,-0.176039,-0.227537,-0.200441,-0.342169,-0.537201,-0.169066,0.0449937
1170,21.191,0.221506,1,-0.378397,-0.579761,-0.13314,-0.189429,-0.255995,-0.214754,-0.378397,-0.579761,-0.119826,0.0352658
1171,21.2092,0.24268,1,-0.415309,-0.615183,-0.063425,-0.20585,-0.28767,-0.223249,-0.415309,-0.615183,-0.0570825,0.0184387
1172,21.2273,0.264817,0,-0.450355,-0.638317,0.020051,-0.225336,-0.322507,-0.224929,-0.450355,-0.638317,0.0180459,-0.00632104
1173,21.2454,0.286331,0,-0.481897,-0.643551,0.114363,-0.247876,-0.360168,-0.21863,-0.481897,-0.643551,0.102926,-0.0385778
1174,21.2635,0.302832,0,-0.505892,-0.625192,0.209599,-0.273367,-0.3999,-0.203073,-0.505892,-0.625192,0.188639,-0.0742242
1175,21.2816,0.312577,0,-0.520853,-0.583936,0.296738,-0.301533,-0.440371,-0.176971,-0.520853,-0.583936,0.267065,-0.10819
1176,21.2997,0.31522,0,-0.523492,-0.521414,0.370263,-0.331844,-0.479521,-0.139254,-0.523492,-0.521414,0.333237,-0.135681
1177,21.3178,0.309619,0,-0.512913,-0.444139,0.420798,-0.363414,-0.514483,-0.0893919,-0.512913,-0.444139,0.378718,-0.151083
1178,21.3359,0.296101,0,-0.489479,-0.361074,0.442764,-0.394927,-0.541648,-0.0278527,-0.489479,-0.361074,0.398488,-0.151707
1179,21.354,0.278003,0,-0.455143,-0.281868,0.437401,-0.424606,-0.557003,0.0434153,-0.455143,-0.281868,0.393661,-0.139356
1180,21.3722,0.261339,0,-0.413544,-0.213151,0.412934,-0.450282,-0.556809,0.120626,-0.413544,-0.213151,0.37164,-0.119537
1181,21.3903,0.248574,1,-0.368503,-0.158112,0.372555,-0.469601,-0.538561,0.198184,-0.368503,-0.158112,0.3353,-0.0961014
1182,21.4084,0.240035,1,-0.323474,-0.120647,0.322417,-0.480376,-0.501975,0.269311,-0.323474,-0.120647,0.290175,-0.0730052
1183,21.4265,0.236419,1,-0.280903,-0.0969691,0.269856,-0.481027,-0.449581,0.327274,-0.280903,-0.0969691,0.24287,-0.0530623
1184,21.4446,0.235996,1,-0.243125,-0.0829374,0.215141,-0.470969,-0.38649,0.366881,-0.243125,-0.0829374,0.193627,-0.0366143
1185,21.4627,0.236458,1,-0.210032,-0.0771419,0.159545,-0.450813,-0.319319,0.385626,-0.210032,-0.0771419,0.143591,-0.0234567
1186,21.4808,0.234847,1,-0.183248,-0.0778209,0.106401,-0.422276,-0.254628,0.384005,-0.183248,-0.0778209,0.0957608,-0.0136485
1187,21.4989,0.230211,1,-0.161667,-0.0833609,0.0570316,-0.387837,-0.197559,0.364924,-0.161667,-0.0833609,0.0513284,-0.00645408
1188,21.5171,0.224225,1,-0.14495,-0.0907124,0.00849304,-0.350263,-0.151128,0.332573,-0.14495,-0.0907124,0.00764373,-0.000861747
1189,21.5352,0.216089,1,-0.132008,-0.0991558,-0.0363097,-0.312166,-0.116269,0.291308,-0.132008,-0.0991558,-0.0326788,0.00335522
1190,21.5533,0.206328,1,-0.123041,-0.10839,-0.0778339,-0.275699,-0.0923581,0.244893,-0.123041,-0.10839,-0.0700505,0.00670375
1191,21.5714,0.195759,1,-0.11795,-0.119751,-0.116419,-0.242419,-0.0778909,0.196183,-0.11795,-0.119751,-0.104777,0.00961211
1192,21.5895,0.185103,1,-0.116544,-0.132535,-0.152281,-0.213291,-0.0710619,0.147137,-0.116544,-0.132535,-0.137052,0.0124232
1193,21.6076,0.175346,1,-0.118275,-0.148466,-0.185842,-0.188784,-0.0701504,0.0989988,-0.118275,-0.148466,-0.167258,0.0153863
1194,21.6257,0.167031,1,-0.122239,-0.166769,-0.217404,-0.168993,-0.0737236,0.0525115,-0.122239,-0.166769,-0.195664,0.0186027
1195,21.6438,0.159215,1,-0.128736,-0.186123,-0.245483,-0.15377,-0.0807071,0.00810904,-0.128736,-0.186123,-0.220935,0.0221217
1196,21.662,0.152313,1,-0.137377,-0.207354,-0.270345,-0.142833,-0.0903761,-0.033946,-0.137377,-0.207354,-0.243311,0.0259975
1197,21.6801,0.146463,1,-0.149338,-0.233205,-0.290352,-0.135847,-0.10231,-0.0734689,-0.149338,-0.233205,-0.261317,0.0303525
1198,21.6982,0.141957,1,-0.164405,-0.26228,-0.30558,-0.132488,-0.116336,-0.110293,-0.164405,-0.26228,-0.275022,0.0351671
1199,21.7163,0.139534,1,-0.182404,-0.29574,-0.315285,-0.132476,-0.132472,-0.144231,-0.182404,-0.29574,-0.283756,0.0402564
1200,21.7344,0.140498,1,-0.203646,-0.333714,-0.320509,-0.135601,-0.150878,-0.175044,-0.203646,-0.333714,-0.288458,0.0456893
1201,21.7525,0.144653,1,-0.228356,-0.376192,-0.318601,-0.141728,-0.171816,-0.202415,-0.228356,-0.376192,-0.286741,0.050928
1202,21.7706,0.152271,1,-0.256236,-0.423258,-0.307283,-0.150802,-0.195608,-0.225926,-0.256236,-0.423258,-0.276555,0.0551158
1203,21.7887,0.164043,1,-0.288131,-0.474519,-0.284631,-0.162839,-0.222599,-0.245021,-0.288131,-0.474519,-0.256168,0.0574077
1204,21.8068,0.179407,1,-0.323709,-0.527339,-0.248953,-0.177911,-0.253107,-0.258979,-0.323709,-0.527339,-0.224057,0.0564118
1205,21.825,0.197723,1,-0.361863,-0.578546,-0.195997,-0.196129,-0.287355,-0.266875,-0.361863,-0.578546,-0.176397,0.0496469
1206,21.8431,0.218872,1,-0.402674,-0.624189,-0.125503,-0.217608,-0.325383,-0.267561,-0.402674,-0.624189,-0.112953,0.0353757
1207,21.8612,0.241279,1,-0.443025,-0.659057,-0.0381642,-0.242423,-0.366915,-0.259656,-0.443025,-0.659057,-0.0343478,0.0118354
1208,21.8793,0.263304,0,-0.480426,-0.675389,0.0652246,-0.270541,-0.411188,-0.241587,-0.480426,-0.675389,0.0587022,-0.0219349
1209,21.8974,0.282473,0,-0.512059,-0.667487,0.176515,-0.301736,-0.456744,-0.211718,-0.512059,-0.667487,0.158864,-0.0632704
1210,21.9155,0.29346,0,-0.533875,-0.6301,0.281278,-0.335476,-0.501218,-0.168592,-0.533875,-0.6301,0.25315,-0.105117
1211,21.9336,0.296523,0,-0.543112,-0.567545,0.371746,-0.3708,-0.54119,-0.11136,-0.543112,-0.567545,0.334571,-0.14133
1212,21.9517,0.291943,0,-0.53664,-0.48296,0.439955,-0.406203,-0.572234,-0.0403657,-0.53664,-0.48296,0.395959,-0.165268
1213,21.9699,0.280022,0,-0.515164,-0.388339,0.477062,-0.439585,-0.589326,0.0421728,-0.515164,-0.388339,0.429356,-0.172036
1214,21.988,0.263018,0,-0.480096,-0.295434,0.480874,-0.468327,-0.587733,0.131648,-0.480096,-0.295434,0.432787,-0.161606
1215,22.0061,0.246287,1,-0.435077,-0.214544,0.459096,-0.489555,-0.564326,0.221069,-0.435077,-0.214544,0.413186,-0.139819
1216,22.0242,0.233636,1,-0.385775,-0.14826,0.416637,-0.50061,-0.518954,0.301934,-0.385775,-0.14826,0.374973,-0.11251
1217,22.0423,0.225249,1,-0.335168,-0.101426,0.362303,-0.499632,-0.45519,0.365962,-0.335168,-0.101426,0.326072,-0.0850027
1218,22.0604,0.220041,1,-0.286021,-0.0720168,0.304984,-0.486074,-0.379907,0.407143,-0.286021,-0.0720168,0.274486,-0.0610624
1219,22.0785,0.216887,1,-0.241886,-0.0537014,0.245181,-0.460916,-0.301614,0.423183,-0.241886,-0.0537014,0.220663,-0.0415141
1220,22.0966,0.213051,1,-0.203489,-0.0447349,0.185988,-0.426486,-0.228291,0.415665,-0.203489,-0.0447349,0.167389,-0.0264926
1221,22.1148,0.206668,1,-0.171461,-0.0438532,0.129564,-0.385943,-0.165667,0.388974,-0.171461,-0.0438532,0.116607,-0.0155506
1222,22.1329,0.198215,1,-0.145886,-0.0481995,0.0757473,-0.342642,-0.116563,0.34866,-0.145886,-0.0481995,0.0681726,-0.00773534
1223,22.151,0.188839,1,-0.125675,-0.0555697,0.024189,-0.29959,-0.0812285,0.300007,-0.125675,-0.0555697,0.0217701,-0.00212796
1224,22.1691,0.178435,1,-0.109885,-0.0629651,-0.0233662,-0.25912,-0.0582149,0.247232,-0.109885,-0.0629651,-0.0210296,0.00179731
1225,22.1872,0.167483,1,-0.0980636,-0.0695023,-0.0675092,-0.222794,-0.0452813,0.193273,-0.0980636,-0.0695023,-0.0607583,0.00463414
1226,22.2053,0.157764,1,-0.0899252,-0.0763155,-0.111122,-0.191467,-0.0400771,0.139964,-0.0899252,-0.0763155,-0.10001,0.00699489
1227,22.2234,0.148427,1,-0.084812,-0.0847135,-0.151744,-0.165433,-0.0405345,0.0883387,-0.084812,-0.0847135,-0.13657,0.00900882
1228,22.2415,0.13981,1,-0.0826554,-0.0952441,-0.189732,-0.144601,-0.0450328,0.0389212,-0.0826554,-0.0952441,-0.170759,0.0109777
1229,22.2596,0.13182,1,-0.0825177,-0.107073,-0.224878,-0.128645,-0.0524184,-0.00804924,-0.0825177,-0.107073,-0.20239,0.0129895
1230,22.2778,0.124356,1,-0.0843342,-0.119363,-0.257465,-0.117129,-0.0619538,-0.0524728,-0.0843342,-0.119363,-0.231719,0.0151992
1231,22.2959,0.117228,1,-0.0880575,-0.132419,-0.287333,-0.109598,-0.0732417,-0.0943009,-0.0880575,-0.132419,-0.258599,0.0177113
1232,22.314,0.111464,1,-0.0943812,-0.148252,-0.31594,-0.10563,-0.0861483,-0.133487,-0.0943812,-0.148252,-0.284346,0.0208731
1233,22.3321,0.106598,1,-0.103168,-0.167982,-0.3419,-0.104876,-0.100739,-0.169954,-0.103168,-0.167982,-0.30771,0.0246911
1234,22.3502,0.102095,1,-0.113991,-0.190681,-0.364288,-0.107077,-0.117228,-0.20358,-0.113991,-0.190681,-0.327859,0.0290679
1235,22.3683,0.0981119,1,-0.127265,-0.216528,-0.383007,-0.112071,-0.135938,-0.234171,-0.127265,-0.216528,-0.344706,0.0341205
1236,22.3864,0.0947364,1,-0.142685,-0.245838,-0.397668,-0.11979,-0.157273,-0.261444,-0.142685,-0.245838,-0.357901,0.0397188
1237,22.4045,0.0928767,1,-0.161029,-0.279772,-0.408739,-0.130259,-0.181692,-0.284997,-0.161029,-0.279772,-0.367865,0.0460731
1238,22.4227,0.0926187,1,-0.182621,-0.318683,-0.415314,-0.143583,-0.209681,-0.304276,-0.182621,-0.318683,-0.373783,0.0530914
1239,22.4408,0.0937624,1,-0.208071,-0.363842,-0.41414,-0.159938,-0.241713,-0.318526,-0.208071,-0.363842,-0.372726,0.0603194
1240,22.4589,0.0963992,1,-0.237688,-0.415055,-0.402683,-0.179545,-0.278189,-0.326751,-0.237688,-0.415055,-0.362414,0.0669989
1241,22.477,0.101192,1,-0.271804,-0.472399,-0.377753,-0.202647,-0.319341,-0.327658,-0.271804,-0.472399,-0.339978,0.0718724
1242,22.4951,0.109427,1,-0.310679,-0.535272,-0.338704,-0.229455,-0.365091,-0.319627,-0.310679,-0.535272,-0.304833,0.0736597
1243,22.5132,0.119746,1,-0.353827,-0.59881,-0.281094,-0.260086,-0.414842,-0.300719,-0.353827,-0.59881,-0.252984,0.0696211
1244,22.5313,0.133014,1,-0.400877,-0.660307,-0.201967,-0.294456,-0.467201,-0.268775,-0.400877,-0.660307,-0.18177,0.0566747
1245,22.5494,0.148176,1,-0.449907,-0.711706,-0.0987032,-0.332144,-0.519663,-0.221668,-0.449907,-0.711706,-0.0888328,0.0310851
1246,22.5676,0.162333,1,-0.497578,-0.741485,0.0248461,-0.372224,-0.56832,-0.157792,-0.497578,-0.741485,0.0223615,-0.00865401
1247,22.5857,0.173244,1,-0.538163,-0.738214,0.162715,-0.413089,-0.60778,-0.0768346,-0.538163,-0.738214,0.146443,-0.061297
1248,22.6038,0.178748,1,-0.56828,-0.698514,0.298382,-0.45233,-0.631533,0.0192376,-0.56828,-0.698514,0.268544,-0.118695
1249,22.6219,0.176455,1,-0.58227,-0.620012,0.415308,-0.48677,-0.633034,0.125276,-0.58227,-0.620012,0.373778,-0.169275
1250,22.64,0.16895,1,-0.57664,-0.512454,0.501971,-0.512756,-0.607527,0.232689,-0.57664,-0.512454,0.451774,-0.20262
1251,22.6581,0.157661,1,-0.551247,-0.392689,0.549322,-0.526772,-0.554139,0.330448,-0.551247,-0.392689,0.49439,-0.211968
1252,22.6762,0.144749,1,-0.507995,-0.275052,0.554654,-0.526261,-0.477216,0.407506,-0.507995,-0.275052,0.499188,-0.197233
1253,22.6943,0.132707,1,-0.452541,-0.173895,0.523414,-0.510385,-0.385849,0.455865,-0.452541,-0.173895,0.471072,-0.165806
1254,22.7124,0.124072,1,-0.391197,-0.0959719,0.468685,-0.480369,-0.291453,0.472781,-0.391197,-0.0959719,0.421817,-0.128344
1255,22.7306,0.117794,1,-0.329419,-0.0434877,0.400615,-0.439244,-0.204501,0.460941,-0.329419,-0.0434877,0.360553,-0.092379
1256,22.7487,0.113274,1,-0.270318,-0.00952447,0.332422,-0.391097,-0.132063,0.426708,-0.270318,-0.00952447,0.299179,-0.0629016
1257,22.7668,0.109797,1,-0.216841,0.0098104,0.261821,-0.340163,-0.0770574,0.377631,-0.216841,0.0098104,0.235639,-0.0397415
1258,22.7849,0.10422,1,-0.171921,0.017993,0.196475,-0.290103,-0.0389951,0.320454,-0.171921,0.017993,0.176828,-0.0236447
1259,22.803,0.0980504,1,-0.133553,0.018557,0.135358,-0.243616,-0.0153662,0.260166,-0.133553,0.018557,0.121823,-0.0126542
1260,22.8211,0.0916834,1,-0.102308,0.0153817,0.0779974,-0.202369,-0.00292531,0.199941,-0.102308,0.0153817,0.0701977,-0.00558585
1261,22.8392,0.0857488,1,-0.0786973,0.00918989,0.0224562,-0.167143,0.00145521,0.14152,-0.0786973,0.00918989,0.0202105,-0.00123707
1262,22.8573,0.079148,1,-0.0602824,0.00317748,-0.0271528,-0.138055,0.000367216,0.0857044,-0.0602824,0.00317748,-0.0244375,0.00114578
1263,22.8755,0.0734641,1,-0.0454188,-0.000434953,-0.0738391,-0.114792,-0.00425137,0.0327618,-0.0454188,-0.000434953,-0.0664552,0.00234758
1264,22.8936,0.0696362,1,-0.03366,-0.0020284,-0.119669,-0.0968051,-0.0110733,-0.0173049,-0.03366,-0.0020284,-0.107702,0.00281964
1265,22.9117,0.0668791,1,-0.0250463,-0.00335638,-0.163356,-0.083454,-0.0192741,-0.0645956,-0.0250463,-0.00335638,-0.14702,0.00286403
1266,22.9298,0.0645041,1,-0.0181308,-0.00604506,-0.203303,-0.0741018,-0.0284147,-0.109232,-0.0181308,-0.00604506,-0.182972,0.00258023
1267,22.9479,0.0630184,1,-0.0125168,-0.00691731,-0.239803,-0.0681756,-0.0383374,-0.151322,-0.0125168,-0.00691731,-0.215822,0.00210109
1268,22.966,0.0630012,1,-0.00808022,-0.00669117,-0.273692,-0.0651978,-0.0490853,-0.19094,-0.00808022,-0.00669117,-0.246323,0.00154804
1269,22.9841,0.0662408,1,-0.00352991,-0.00426627,-0.306921,-0.0647989,-0.0608444,-0.228127,-0.00352991,-0.00426627,-0.276229,0.000758384
1270,23.0022,0.0727689,1,7.89955e-05,-0.00067068,-0.340728,-0.0667208,-0.0739052,-0.262879,7.89955e-05,-0.00067068,-0.306655,-1.88412e-05
1271,23.0204,0.0821044,1,0.00379187,0.00436045,-0.37266,-0.0708123,-0.08864,-0.295145,0.00379187,0.00436045,-0.335394,-0.000989155
1272,23.0385,0.0939918,1,0.00779367,0.00968941,-0.402545,-0.077024,-0.105491,-0.324809,0.00779367,0.00968941,-0.362291,-0.00219611
1273,23.0566,0.109323,1,0.0122793,0.0167874,-0.43054,-0.0854016,-0.124964,-0.351677,0.0122793,0.0167874,-0.387486,-0.00370073
1274,23.0747,0.128038,1,0.0172881,0.0247098,-0.456859,-0.0960803,-0.147628,-0.375443,0.0172881,0.0247098,-0.411173,-0.00552876
1275,23.0928,0.151173,1,0.0228074,0.0351759,-0.481174,-0.109279,-0.17411,-0.39566,0.0228074,0.0351759,-0.433057,-0.00768203
1276,23.1109,0.179732,1,0.0298061,0.0485836,-0.50393,-0.125296,-0.205078,-0.41168,0.0298061,0.0485836,-0.453537,-0.0105141
1277,23.129,0.214065,1,0.0383928,0.0647068,-0.524755,-0.144496,-0.241212,-0.422595,0.0383928,0.0647068,-0.47228,-0.0141028
1278,23.1471,0.255118,0,0.0488959,0.0845994,-0.542423,-0.1673,-0.283136,-0.427156,0.0488959,0.0845994,-0.48818,-0.0185656
1279,23.1652,0.303529,0,0.061328,0.108582,-0.556444,-0.19415,-0.3313,-0.423686,0.061328,0.108582,-0.5008,-0.0238879
1280,23.1834,0.360156,0,0.0758115,0.137094,-0.568027,-0.225457,-0.385783,-0.409997,0.0758115,0.137094,-0.511224,-0.0301441
1281,23.2015,0.42584,0,0.0933355,0.171167,-0.576296,-0.261518,-0.445984,-0.383366,0.0933355,0.171167,-0.518667,-0.0376523
1282,23.2196,0.500618,0,0.114461,0.211488,-0.57999,-0.302367,-0.510186,-0.340626,0.114461,0.211488,-0.521991,-0.0464702
1283,23.2377,0.584106,0,0.139626,0.259624,-0.577796,-0.347573,-0.575007,-0.278519,0.139626,0.259624,-0.520017,-0.0564728
1284,23.2558,0.674492,0,0.169823,0.316589,-0.567842,-0.395972,-0.634869,-0.19445,0.169823,0.316589,-0.511058,-0.0675029
1285,23.2739,0.768537,0,0.205461,0.384399,-0.547777,-0.445375,-0.681791,-0.0877795,0.205461,0.384399,-0.492999,-0.0787826
1286,23.292,0.85961,0,0.24802,0.461964,-0.513351,-0.492352,-0.706003,0.0384562,0.24802,0.461964,-0.462016,-0.089125
1287,23.3101,0.93809,0,0.297995,0.546327,-0.458443,-0.532305,-0.697913,0.175991,0.297995,0.546327,-0.412598,-0.0956296
1288,23.3283,0.992805,0,0.354625,0.633275,-0.374363,-0.560001,-0.651465,0.311123,0.354625,0.633275,-0.336926,-0.0929309
1289,23.3464,1.01478,0,0.416905,0.714034,-0.259365,-0.57068,-0.567694,0.427053,0.416905,0.714034,-0.233429,-0.0756915
1290,23.3645,0.999968,0,0.481039,0.779442,-0.112634,-0.561445,-0.456258,0.508719,0.481039,0.779442,-0.101371,-0.037927
1291,23.3826,0.946212,0,0.540633,0.810454,0.0716398,-0.53233,-0.333157,0.54793,0.540633,0.810454,0.0644758,0.0271116
1292,23.4007,0.866661,0,0.592148,0.791212,0.268748,-0.486445,-0.215392,0.545672,0.592148,0.791212,0.241874,0.111397
1293,23.4188,0.770799,0,0.625081,0.701735,0.455495,-0.429078,-0.115662,0.510315,0.625081,0.701735,0.409945,0.199305
1294,23.4369,0.675415,0,0.629156,0.557265,0.598744,-0.366236,-0.039899,0.453326,0.629156,0.557265,0.538869,0.263692
1295,23.455,0.590147,0,0.602372,0.384655,0.677998,-0.303321,0.0119988,0.385309,0.602372,0.384655,0.610198,0.285885
1296,23.4732,0.517727,0,0.549751,0.209984,0.695924,-0.244358,0.0437808,0.313967,0.549751,0.209984,0.626331,0.267809
1297,23.4913,0.453382,0,0.476008,0.0568321,0.657005,-0.19181,0.0604957,0.243883,0.476008,0.0568321,0.591304,0.218918
1298,23.5094,0.394067,0,0.391094,-0.0595319,0.577941,-0.146784,0.0669665,0.177254,0.391094,-0.0595319,0.520147,0.15822
1299,23.5275,0.341538,0,0.306405,-0.130487,0.486308,-0.109391,0.0671046,0.114804,0.306405,-0.130487,0.437677,0.104305
1300,23.5456,0.296943,0,0.225611,-0.171611,0.397482,-0.0791125,0.0637721,0.0565087,0.225611,-0.171611,0.357734,0.0627735
1301,23.5637,0.260944,0,0.154784,-0.193119,0.313019,-0.0550934,0.0589061,0.00203618,0.154784,-0.193119,0.281718,0.0339153
1302,23.5818,0.232904,1,0.0958473,-0.199234,0.236061,-0.0363537,0.0537273,-0.0490108,0.0958473,-0.199234,0.212455,0.0158381
1303,23.5999,0.2151,1,0.0438322,-0.201661,0.170728,-0.0219203,0.048945,-0.0969973,0.0438322,-0.201661,0.153656,0.00523839
1304,23.618,0.202694,1,0.00231839,-0.199277,0.109658,-0.0109023,0.044926,-0.142226,0.00231839,-0.199277,0.0986919,0.00017796
1305,23.6362,0.196813,1,-0.0299074,-0.195713,0.0580275,-0.00252529,0.041823,-0.184939,-0.0299074,-0.195713,0.0522248,-0.00121482
1306,23.6543,0.195388,1,-0.0559679,-0.194649,0.0114132,0.00385942,0.0396645,-0.22533,-0.0559679,-0.194649,0.0102719,-0.00044714
1307,23.6724,0.197574,1,-0.0787543,-0.197138,-0.0312713,0.0087817,0.0384175,-0.263559,-0.0787543,-0.197138,-0.0281442,0.00172392
1308,23.6905,0.20176,1,-0.0977205,-0.200907,-0.0698735,0.0126668,0.038027,-0.299758,-0.0977205,-0.200907,-0.0628862,0.00477965
1309,23.7086,0.208476,1,-0.114116,-0.208614,-0.105005,0.015853,0.0384414,-0.334042,-0.114116,-0.208614,-0.0945047,0.00838795
1310,23.7267,0.218357,1,-0.129651,-0.221258,-0.136305,0.0186094,0.0396275,-0.366515,-0.129651,-0.221258,-0.122674,0.0123704
1311,23.7448,0.229811,1,-0.144314,-0.235841,-0.164677,0.0211528,0.0415793,-0.397267,-0.144314,-0.235841,-0.148209,0.0166356
1312,23.7629,0.244053,1,-0.158987,-0.253423,-0.188322,0.0236624,0.044323,-0.426382,-0.158987,-0.253423,-0.16949,0.0209585
1313,23.7811,0.261646,0,-0.174887,-0.27458,-0.207162,0.0262934,0.0479214,-0.45393,-0.174887,-0.27458,-0.186446,0.025361
1314,23.7992,0.283317,0,-0.191965,-0.300497,-0.220543,0.0291875,0.052477,-0.479977,-0.191965,-0.300497,-0.198488,0.0296355
1315,23.8173,0.309696,0,-0.210916,-0.331165,-0.227198,0.0324836,0.0581365,-0.504571,-0.210916,-0.331165,-0.204478,0.0335437
1316,23.8354,0.340884,0,-0.232497,-0.366629,-0.227825,0.0363265,0.0650964,-0.527748,-0.232497,-0.366629,-0.205043,0.0370781
1317,23.8535,0.376791,0,-0.256908,-0.405564,-0.221452,0.0408757,0.0736107,-0.549525,-0.256908,-0.405564,-0.199307,0.0398249
1318,23.8716,0.417191,0,-0.284486,-0.445813,-0.206552,0.0463139,0.0840009,-0.569891,-0.284486,-0.445813,-0.185897,0.0411328
1319,23.8897,0.463384,0,-0.314609,-0.487409,-0.17892,0.0528562,0.0966677,-0.588797,-0.314609,-0.487409,-0.161028,0.0394029
1320,23.9078,0.515028,0,-0.347182,-0.528264,-0.137875,0.06076,0.112106,-0.606141,-0.347182,-0.528264,-0.124088,0.0335074
1321,23.926,0.570905,0,-0.380722,-0.564482,-0.0825247,0.0703358,0.130922,-0.621744,-0.380722,-0.564482,-0.0742722,0.0219933
1322,23.9441,0.627936,0,-0.413531,-0.590582,-0.0162641,0.0819594,0.15385,-0.635314,-0.413531,-0.590582,-0.0146377,0.00470801
1323,23.9622,0.685038,0,-0.44398,-0.604372,0.0593992,0.0960851,0.181768,-0.646395,-0.44398,-0.604372,0.0534592,-0.0184604
1324,23.9803,0.739324,0,-0.469938,-0.602297,0.139784,0.113258,0.215707,-0.654289,-0.469938,-0.602297,0.125806,-0.0459829
1325,23.9984,0.787457,0,-0.488902,-0.580773,0.219833,0.134125,0.256839,-0.657953,-0.488902,-0.580773,0.197849,-0.0752337
1326,24.0165,0.824691,0,-0.498143,-0.538848,0.289376,0.159439,0.306429,-0.655844,-0.498143,-0.538848,0.260438,-0.100905
1327,24.0346,0.852588,0,-0.497372,-0.484007,0.347333,0.190043,0.365709,-0.645723,-0.497372,-0.484007,0.312599,-0.120928
1328,24.0527,0.869573,0,-0.486244,-0.419419,0.389936,0.226831,0.435622,-0.624412,-0.486244,-0.419419,0.350942,-0.132723
1329,24.0708,0.872864,0,-0.465093,-0.352201,0.40743,0.270643,0.516343,-0.587557,-0.465093,-0.352201,0.366687,-0.132645
1330,24.089,0.86278,0,-0.435127,-0.285998,0.399645,0.322065,0.606468,-0.529511,-0.435127,-0.285998,0.35968,-0.121727
1331,24.1071,0.845249,0,-0.399488,-0.228248,0.374357,0.381082,0.701796,-0.443609,-0.399488,-0.228248,0.336921,-0.104686
1332,24.1252,0.824229,0,-0.360333,-0.180407,0.338483,0.446537,0.793787,-0.323309,-0.360333,-0.180407,0.304634,-0.0853764
1333,24.1433,0.804049,0,-0.320235,-0.145618,0.296842,0.515423,0.868309,-0.164799,-0.320235,-0.145618,0.267157,-0.0665413
1334,24.1614,0.786896,0,-0.28303,-0.12348,0.250108,0.582201,0.906074,0.0287285,-0.28303,-0.12348,0.225098,-0.0495518
1335,24.1795,0.772256,0,-0.250046,-0.111994,0.201204,0.638651,0.886835,0.242373,-0.250046,-0.111994,0.181084,-0.0352172
1336,24.1976,0.755138,0,-0.221342,-0.107174,0.151991,0.674949,0.798168,0.44817,-0.221342,-0.107174,0.136792,-0.0235493
1337,24.2157,0.730363,0,-0.197865,-0.108389,0.104184,0.682341,0.645293,0.611618,-0.197865,-0.108389,0.0937655,-0.0144301
1338,24.2339,0.692426,0,-0.178897,-0.113013,0.0583164,0.656563,0.453763,0.705721,-0.178897,-0.113013,0.0524847,-0.00730282
1339,24.252,0.639579,0,-0.163554,-0.118423,0.0156303,0.599977,0.259824,0.723538,-0.163554,-0.118423,0.0140673,-0.00178948
1340,24.2701,0.577241,0,-0.152268,-0.125919,-0.0266927,0.520804,0.0943638,0.67905,-0.152268,-0.125919,-0.0240234,0.00284512
1341,24.2882,0.510705,0,-0.144916,-0.137283,-0.0665003,0.429973,-0.0274654,0.59675,-0.144916,-0.137283,-0.0598503,0.00674586
1342,24.3063,0.44508,0,-0.141063,-0.151235,-0.10292,0.337678,-0.10583,0.499603,-0.141063,-0.151235,-0.0926284,0.0101628
1343,24.3244,0.385803,0,-0.141577,-0.166953,-0.137359,0.251312,-0.149553,0.402889,-0.141577,-0.166953,-0.123623,0.0136128
1344,24.3425,0.335112,0,-0.144572,-0.183394,-0.170235,0.175052,-0.169615,0.31407,-0.144572,-0.183394,-0.153211,0.0172278
1345,24.3606,0.293698,0,-0.150033,-0.201872,-0.200821,0.110427,-0.175554,0.235347,-0.150033,-0.201872,-0.180739,0.0210909
1346,24.3788,0.25972,0,-0.157045,-0.221961,-0.22641,0.0571945,-0.174367,0.166273,-0.157045,-0.221961,-0.203769,0.0248895
1347,24.3969,0.232957,1,-0.166814,-0.245204,-0.24741,0.0141143,-0.1707,0.105466,-0.166814,-0.245204,-0.222669,0.0288899
1348,24.415,0.212176,1,-0.179715,-0.272323,-0.262683,-0.0204957,-0.167428,0.0514864,-0.179715,-0.272323,-0.236415,0.0330456
1349,24.4331,0.196966,1,-0.195759,-0.304065,-0.271924,-0.0484147,-0.166233,0.0031743,-0.195759,-0.304065,-0.244732,0.0372621
1350,24.4512,0.187734,1,-0.215407,-0.3403,-0.275439,-0.0713276,-0.168043,-0.0402776,-0.215407,-0.3403,-0.247895,0.0415321
1351,24.4693,0.184802,1,-0.238509,-0.38102,-0.272978,-0.090737,-0.173343,-0.0793576,-0.238509,-0.38102,-0.24568,0.0455754
1352,24.4874,0.187509,1,-0.264839,-0.425584,-0.261636,-0.107936,-0.182375,-0.114292,-0.264839,-0.425584,-0.235473,0.048504
1353,24.5055,0.196027,1,-0.295026,-0.472843,-0.23987,-0.124014,-0.195262,-0.145091,-0.295026,-0.472843,-0.215883,0.0495375
1354,24.5236,0.209999,1,-0.328797,-0.52115,-0.204542,-0.139882,-0.212081,-0.171581,-0.328797,-0.52115,-0.184087,0.0470769
1355,24.5418,0.228446,1,-0.365237,-0.566506,-0.153372,-0.156294,-0.232885,-0.193413,-0.365237,-0.566506,-0.138035,0.039212
1356,24.5599,0.250882,0,-0.402627,-0.606039,-0.086931,-0.173878,-0.257702,-0.210061,-0.402627,-0.606039,-0.0782379,0.0245005
1357,24.578,0.275423,0,-0.438686,-0.634404,-0.00576897,-0.193147,-0.286496,-0.220813,-0.438686,-0.634404,-0.00519208,0.00177154
1358,24.5961,0.300065,0,-0.471869,-0.644957,0.0878075,-0.214504,-0.319102,-0.224761,-0.471869,-0.644957,0.0790267,-0.0290035
1359,24.6142,0.321837,0,-0.498905,-0.633051,0.186056,-0.238228,-0.355122,-0.220809,-0.498905,-0.633051,0.167451,-0.0649771
1360,24.6323,0.336859,0,-0.517426,-0.596163,0.277534,-0.264445,-0.393798,-0.207718,-0.517426,-0.596163,0.249781,-0.100522
1361,24.6504,0.344615,0,-0.524014,-0.537691,0.35632,-0.293073,-0.433844,-0.184199,-0.524014,-0.537691,0.320688,-0.130702
1362,24.6685,0.343779,0,-0.516517,-0.462297,0.414158,-0.32375,-0.473291,-0.149112,-0.516517,-0.462297,0.372742,-0.149744
1363,24.6867,0.33346,0,-0.495954,-0.37929,0.44321,-0.355749,-0.509374,-0.101775,-0.495954,-0.37929,0.398889,-0.153868
1364,24.7048,0.316664,0,-0.463488,-0.296758,0.444067,-0.387901,-0.538553,-0.0424006,-0.463488,-0.296758,0.39966,-0.144074
1365,24.7229,0.297885,0,-0.422929,-0.225261,0.422726,-0.41855,-0.556785,0.0274061,-0.422929,-0.225261,0.380454,-0.125148
1366,24.741,0.281298,0,-0.377986,-0.166807,0.383722,-0.445608,-0.560126,0.104235,-0.377986,-0.166807,0.34535,-0.101529
1367,24.7591,0.269123,0,-0.33258,-0.125685,0.334136,-0.46673,-0.545662,0.182791,-0.33258,-0.125685,0.300723,-0.077789
1368,24.7772,0.262838,0,-0.289255,-0.0997627,0.281263,-0.479647,-0.512537,0.256381,-0.289255,-0.0997627,0.253136,-0.0569497
1369,24.7953,0.262137,0,-0.250046,-0.0838232,0.225689,-0.4826,-0.462683,0.318056,-0.250046,-0.0838232,0.20312,-0.0395029
1370,24.8134,0.264452,0,-0.215742,-0.0760797,0.169028,-0.474765,-0.40078,0.362112,-0.215742,-0.0760797,0.152126,-0.0255265
1371,24.8316,0.26582,0,-0.18768,-0.0759173,0.114364,-0.456506,-0.333328,0.385388,-0.18768,-0.0759173,0.102928,-0.0150247
1372,24.8497,0.264336,0,-0.164978,-0.0805538,0.0638586,-0.429349,-0.267108,0.387782,-0.164978,-0.0805538,0.0574727,-0.00737469
1373,24.8678,0.260487,0,-0.147301,-0.0879432,0.014712,-0.395679,-0.207698,0.371821,-0.147301,-0.0879432,0.0132408,-0.00151697
1374,24.8859,0.253842,0,-0.13403,-0.0974305,-0.0316174,-0.358273,-0.158603,0.341585,-0.13403,-0.0974305,-0.0284557,0.00296638
1375,24.904,0.244375,1,-0.124538,-0.107694,-0.0737563,-0.319834,-0.121153,0.301525,-0.124538,-0.107694,-0.0663807,0.00642982
1376,24.9221,0.233224,1,-0.119071,-0.119447,-0.112938,-0.282644,-0.0949702,0.255608,-0.119071,-0.119447,-0.101644,0.00941337
1377,24.9402,0.221242,1,-0.117537,-0.133085,-0.149124,-0.248398,-0.0786497,0.206904,-0.117537,-0.133085,-0.134212,0.0122693
1378,24.9583,0.209481,1,-0.119047,-0.14908,-0.182482,-0.218183,-0.0703819,0.157555,-0.119047,-0.14908,-0.164233,0.0152068
1379,24.9764,0.199027,1,-0.12305,-0.167727,-0.213764,-0.19256,-0.0683838,0.108934,-0.12305,-0.167727,-0.192388,0.0184125
1380,24.9946,0.189193,1,-0.12977,-0.1878,-0.241474,-0.171684,-0.0711376,0.0618658,-0.12977,-0.1878,-0.217327,0.0219352
1381,25.0127,0.180497,1,-0.138597,-0.209278,-0.266163,-0.155443,-0.0774833,0.0168278,-0.138597,-0.209278,-0.239546,0.0258225
1382,25.0308,0.172678,1,-0.150266,-0.23454,-0.28576,-0.143567,-0.0866207,-0.0258976,-0.150266,-0.23454,-0.257184,0.030058
1383,25.0489,0.166494,1,-0.165505,-0.263733,-0.300277,-0.135722,-0.0980684,-0.0661219,-0.165505,-0.263733,-0.270249,0.0347881
1384,25.067,0.162776,1,-0.183562,-0.297047,-0.309589,-0.131571,-0.111606,-0.103685,-0.183562,-0.297047,-0.27863,0.0397801
1385,25.0851,0.163009,1,-0.204928,-0.334961,-0.314669,-0.13082,-0.127217,-0.138412,-0.204928,-0.334961,-0.283202,0.045139
1386,25.1032,0.166856,1,-0.229705,-0.377072,-0.312834,-0.133238,-0.145038,-0.170084,-0.229705,-0.377072,-0.281551,0.0503018
1387,25.1213,0.174359,1,-0.257557,-0.423413,-0.300666,-0.138675,-0.165316,-0.198409,-0.257557,-0.423413,-0.270599,0.054207
1388,25.1395,0.186851,1,-0.289124,-0.473928,-0.277882,-0.147056,-0.188368,-0.222999,-0.289124,-0.473928,-0.250094,0.0562396
1389,25.1576,0.203522,1,-0.324363,-0.525533,-0.242187,-0.158384,-0.214546,-0.243337,-0.324363,-0.525533,-0.217968,0.0549895
1390,25.1757,0.223759,1,-0.362012,-0.57524,-0.189627,-0.172723,-0.244187,-0.258748,-0.362012,-0.57524,-0.170665,0.0480532
1391,25.1938,0.247528,1,-0.401981,-0.619363,-0.119633,-0.190182,-0.277555,-0.26836,-0.401981,-0.619363,-0.10767,0.0336632
1392,25.2119,0.273157,0,-0.441439,-0.652735,-0.0334613,-0.210884,-0.31476,-0.271078,-0.441439,-0.652735,-0.0301152,0.0103398
1393,25.23,0.298858,0,-0.478009,-0.668258,0.0677837,-0.234927,-0.355631,-0.265569,-0.478009,-0.668258,0.0610053,-0.0226809
1394,25.2481,0.321953,0,-0.508688,-0.660008,0.176834,-0.26232,-0.39956,-0.250286,-0.508688,-0.660008,0.159151,-0.0629674
1395,25.2662,0.336818,0,-0.529812,-0.622988,0.279066,-0.292904,-0.445294,-0.223566,-0.529812,-0.622988,0.25116,-0.103497
1396,25.2844,0.343196,0,-0.538609,-0.56156,0.366822,-0.326245,-0.49072,-0.183845,-0.538609,-0.56156,0.330139,-0.138301
1397,25.3025,0.341091,0,-0.532145,-0.479158,0.433043,-0.361508,-0.532676,-0.130027,-0.532145,-0.479158,0.389739,-0.161309
1398,25.3206,0.330241,0,-0.510995,-0.387182,0.468937,-0.397334,-0.566938,-0.06205,-0.510995,-0.387182,0.422043,-0.167737
1399,25.3387,0.31281,0,-0.476683,-0.296535,0.472622,-0.431765,-0.588507,0.0184349,-0.476683,-0.296535,0.42536,-0.157703
1400,25.3568,0.294105,0,-0.432719,-0.217867,0.451488,-0.462277,-0.592379,0.107454,-0.432719,-0.217867,0.406339,-0.136757
1401,25.3749,0.278638,0,-0.38461,-0.153083,0.410197,-0.48599,-0.57479,0.19853,-0.38461,-0.153083,0.369177,-0.110436
1402,25.393,0.267964,0,-0.335156,-0.107113,0.356914,-0.500095,-0.534655,0.283311,-0.335156,-0.107113,0.321223,-0.0837353
1403,25.4111,0.262106,0,-0.287175,-0.0783449,0.300594,-0.502431,-0.47458,0.353132,-0.287175,-0.0783449,0.270535,-0.0604263
1404,25.4292,0.259853,0,-0.244167,-0.0605112,0.241916,-0.492055,-0.400778,0.401104,-0.244167,-0.0605112,0.217725,-0.0413476
1405,25.4474,0.258087,0,-0.206601,-0.0516514,0.18348,-0.469552,-0.321664,0.423848,-0.206601,-0.0516514,0.165132,-0.026535
1406,25.4655,0.253614,0,-0.175304,-0.0508466,0.127855,-0.436963,-0.245677,0.422023,-0.175304,-0.0508466,0.115069,-0.0156894
1407,25.4836,0.246181,1,-0.150431,-0.0552735,0.0747596,-0.397334,-0.179327,0.399514,-0.150431,-0.0552735,0.0672836,-0.00787233
1408,25.5017,0.23678,1,-0.130621,-0.0625266,0.0238649,-0.354068,-0.126218,0.361813,-0.130621,-0.0625266,0.0214784,-0.00218207
1409,25.5198,0.225614,1,-0.115257,-0.0701861,-0.0237102,-0.310341,-0.0871805,0.314459,-0.115257,-0.0701861,-0.0213392,0.00191293
1410,25.5379,0.212951,1,-0.1038,-0.0771094,-0.0675045,-0.268701,-0.0610725,0.262033,-0.1038,-0.0771094,-0.0607541,0.00490489
1411,25.556,0.200841,1,-0.0960737,-0.0846653,-0.11047,-0.230921,-0.045735,0.207825,-0.0960737,-0.0846653,-0.0994226,0.00742925
1412,25.5741,0.188728,1,-0.0915904,-0.0940905,-0.150147,-0.198028,-0.0387569,0.153932,-0.0915904,-0.0940905,-0.135132,0.00962641
1413,25.5923,0.177518,1,-0.090153,-0.105613,-0.187428,-0.17044,-0.0379439,0.101557,-0.090153,-0.105613,-0.168685,0.011828
1414,25.6104,0.16741,1,-0.090825,-0.119084,-0.222134,-0.148141,-0.0415333,0.051324,-0.090825,-0.119084,-0.19992,0.0141227
1415,25.6285,0.157857,1,-0.093545,-0.132972,-0.253749,-0.130843,-0.0482414,0.00351684,-0.093545,-0.132972,-0.228374,0.0166159
1416,25.6466,0.149001,1,-0.0982805,-0.14785,-0.282574,-0.118119,-0.0572233,-0.0417485,-0.0982805,-0.14785,-0.254316,0.0194401
1417,25.6647,0.141985,1,-0.105964,-0.166326,-0.309809,-0.109502,-0.0679978,-0.084425,-0.105964,-0.166326,-0.278828,0.02298
1418,25.6828,0.136377,1,-0.11635,-0.188335,-0.334239,-0.104551,-0.0803684,-0.124477,-0.11635,-0.188335,-0.300815,0.027222
1419,25.7009,0.131375,1,-0.12875,-0.213628,-0.353896,-0.10289,-0.094354,-0.161846,-0.12875,-0.213628,-0.318507,0.031895
1420,25.719,0.127865,1,-0.143765,-0.242466,-0.369561,-0.104229,-0.110134,-0.196432,-0.143765,-0.242466,-0.332605,0.037191
1421,25.7372,0.126123,1,-0.161387,-0.274871,-0.380851,-0.108377,-0.128007,-0.228071,-0.161387,-0.274871,-0.342766,0.0430252
1422,25.7553,0.127398,1,-0.182088,-0.312226,-0.388314,-0.115238,-0.148361,-0.256516,-0.182088,-0.312226,-0.349483,0.0494951
1423,25.7734,0.131837,1,-0.206434,-0.355006,-0.39032,-0.124813,-0.171646,-0.281415,-0.206434,-0.355006,-0.351288,0.0564027
1424,25.7915,0.139641,1,-0.234681,-0.404524,-0.382806,-0.137185,-0.19835,-0.30227,-0.234681,-0.404524,-0.344526,0.062886
1425,25.8096,0.15009,1,-0.266958,-0.458218,-0.362305,-0.152515,-0.228967,-0.318405,-0.266958,-0.458218,-0.326075,0.0677042
1426,25.8277,0.165176,1,-0.303864,-0.517319,-0.327673,-0.171018,-0.263942,-0.32891,-0.303864,-0.517319,-0.294905,0.0696976
1427,25.8458,0.183879,1,-0.344823,-0.577852,-0.276471,-0.192941,-0.303597,-0.332596,-0.344823,-0.577852,-0.248824,0.0667336
1428,25.8639,0.206405,1,-0.38924,-0.636896,-0.204652,-0.218525,-0.347997,-0.327949,-0.38924,-0.636896,-0.184187,0.0557613
1429,25.882,0.231726,1,-0.436276,-0.688207,-0.111404,-0.24794,-0.396775,-0.313117,-0.436276,-0.688207,-0.100264,0.0340221
1430,25.9002,0.256399,0,-0.482266,-0.720548,0.00209722,-0.281197,-0.448865,-0.285966,-0.482266,-0.720548,0.0018875,-0.000707994
1431,25.9183,0.278604,0,-0.522665,-0.725008,0.13168,-0.318026,-0.502197,-0.244271,-0.522665,-0.725008,0.118512,-0.048177
1432,25.9364,0.294184,0,-0.553734,-0.695381,0.262262,-0.357706,-0.553365,-0.186109,-0.553734,-0.695381,0.236036,-0.101656
1433,25.9545,0.299498,0,-0.570859,-0.628985,0.377848,-0.39889,-0.59744,-0.110545,-0.570859,-0.628985,0.340063,-0.150989
1434,25.9726,0.295922,0,-0.569995,-0.533763,0.468004,-0.439446,-0.628132,-0.018577,-0.569995,-0.533763,0.421204,-0.186732
1435,25.9907,0.285269,0,-0.550307,-0.421725,0.523618,-0.47642,-0.638602,0.0858497,-0.550307,-0.421725,0.471256,-0.201706
1436,26.0088,0.268779,0,-0.513535,-0.30879,0.538611,-0.506222,-0.623072,0.195246,-0.513535,-0.30879,0.48475,-0.193617
1437,26.0269,0.250769,0,-0.463245,-0.20861,0.517368,-0.525136,-0.578975,0.299071,-0.463245,-0.20861,0.465631,-0.167768
1438,26.0451,0.236418,1,-0.405993,-0.128029,0.471316,-0.530102,-0.508752,0.38572,-0.405993,-0.128029,0.424185,-0.133946
1439,26.0632,0.225925,1,-0.347085,-0.0708062,0.408867,-0.519567,-0.420131,0.445592,-0.347085,-0.0708062,0.367981,-0.0993381
1440,26.0813,0.218667,1,-0.289586,-0.0331947,0.343784,-0.494024,-0.324283,0.473856,-0.289586,-0.0331947,0.309405,-0.0696886
1441,26.0994,0.212499,1,-0.236713,-0.0108892,0.275871,-0.455969,-0.232585,0.471436,-0.236713,-0.0108892,0.248284,-0.0457115
1442,26.1175,0.204395,1,-0.191465,0.000123174,0.210903,-0.409285,-0.153635,0.443809,-0.191465,0.000123174,0.189813,-0.0282664
1443,26.1356,0.194154,1,-0.152771,0.00260015,0.149706,-0.358324,-0.0918355,0.398539,-0.152771,0.00260015,0.134735,-0.0160096
1444,26.1537,0.182353,1,-0.12098,0.000160954,0.0922756,-0.307068,-0.0477185,0.342948,-0.12098,0.000160954,0.0830481,-0.00781445
1445,26.1718,0.170373,1,-0.096521,-0.00553915,0.0365559,-0.258614,-0.0192479,0.282766,-0.096521,-0.00553915,0.0329004,-0.00246989
1446,26.19,0.15741,1,-0.0775163,-0.0123635,-0.013457,-0.215,-0.00323621,0.221805,-0.0775163,-0.0123635,-0.0121113,0.000730197
1447,26.2081,0.144988,1,-0.0624486,-0.0170851,-0.0601097,-0.177294,0.0036181,0.162256,-0.0624486,-0.0170851,-0.0540987,0.00262764
1448,26.2262,0.13466,1,-0.0507733,-0.0203548,-0.1064,-0.14581,0.00416661,0.105182,-0.0507733,-0.0203548,-0.0957601,0.0037816
1449,26.2443,0.125653,1,-0.0422798,-0.0233507,-0.150753,-0.120346,0.000606854,0.0509836,-0.0422798,-0.0233507,-0.135678,0.00446168
1450,26.2624,0.117359,1,-0.036171,-0.0275915,-0.191874,-0.100402,-0.00551282,-0.000285067,-0.036171,-0.0275915,-0.172687,0.0048582
1451,26.2805,0.109598,1,-0.0314554,-0.0315284,-0.229809,-0.0853409,-0.0131955,-0.0487148,-0.0314554,-0.0315284,-0.206828,0.00506011
1452,26.2986,0.102046,1,-0.0280044,-0.0344746,-0.264495,-0.0745014,-0.021874,-0.0944379,-0.0280044,-0.0344746,-0.238046,0.00518491
1453,26.3167,0.0955897,1,-0.0256203,-0.0369535,-0.297721,-0.0672717,-0.0312981,-0.137579,-0.0256203,-0.0369535,-0.267949,0.00533939
1454,26.3348,0.0913624,1,-0.0240683,-0.0382863,-0.331552,-0.0631273,-0.041444,-0.178236,-0.0240683,-0.0382863,-0.298397,0.00558592
1455,26.353,0.0882677,1,-0.0234005,-0.0396403,-0.363938,-0.0616506,-0.0524477,-0.216471,-0.0234005,-0.0396403,-0.327544,0.00596144
1456,26.3711,0.0857111,1,-0.0233057,-0.0425796,-0.393791,-0.0625354,-0.0645599,-0.252309,-0.0233057,-0.0425796,-0.354412,0.00642431
1457,26.3892,0.0851781,1,-0.0236203,-0.0451057,-0.423262,-0.0655851,-0.0781178,-0.28573,-0.0236203,-0.0451057,-0.380936,0.00699831
1458,26.4073,0.0860782,1,-0.0240264,-0.0477675,-0.450656,-0.0707065,-0.0935302,-0.31666,-0.0240264,-0.0477675,-0.405591,0.00757936
1459,26.4254,0.0891078,1,-0.0253452,-0.0513901,-0.47714,-0.0779038,-0.111271,-0.344957,-0.0253452,-0.0513901,-0.429426,0.00846526
1460,26.4435,0.0949108,1,-0.0274203,-0.0548213,-0.502693,-0.0872721,-0.131879,-0.37039,-0.0274203,-0.0548213,-0.452424,0.00964879
1461,26.4616,0.103888,1,-0.0294561,-0.0584647,-0.526913,-0.0989927,-0.155952,-0.392604,-0.0294561,-0.0584647,-0.474221,0.0108646
1462,26.4797,0.116144,1,-0.0317774,-0.0629579,-0.549394,-0.113328,-0.184149,-0.411081,-0.0317774,-0.0629579,-0.494455,0.0122208
1463,26.4979,0.132101,1,-0.0344186,-0.0682966,-0.569776,-0.130617,-0.21716,-0.425079,-0.0344186,-0.0682966,-0.512798,0.0137276
1464,26.516,0.152442,1,-0.0372326,-0.0753503,-0.589115,-0.151261,-0.255674,-0.433563,-0.0372326,-0.0753503,-0.530204,0.015354
1465,26.5341,0.177666,1,-0.0409318,-0.0834827,-0.606945,-0.175708,-0.300291,-0.435114,-0.0409318,-0.0834827,-0.54625,0.0173903
1466,26.5522,0.208099,1,-0.0457051,-0.0941493,-0.624217,-0.204414,-0.351373,-0.427841,-0.0457051,-0.0941493,-0.561795,0.019971
1467,26.5703,0.244404,1,-0.0518499,-0.106676,-0.640274,-0.237778,-0.40881,-0.409306,-0.0518499,-0.106676,-0.576247,0.0232387
1468,26.5884,0.286436,0,-0.0596934,-0.122255,-0.654474,-0.276035,-0.471652,-0.376528,-0.0596934,-0.122255,-0.589027,0.0273475
1469,26.6065,0.334602,0,-0.0693241,-0.141141,-0.667194,-0.319088,-0.537606,-0.326151,-0.0693241,-0.141141,-0.600474,0.0323768
1470,26.6246,0.388562,0,-0.0809617,-0.164072,-0.678449,-0.36627,-0.602452,-0.254936,-0.0809617,-0.164072,-0.610604,0.0384499
1471,26.6428,0.446394,0,-0.095442,-0.192627,-0.687037,-0.416047,-0.659556,-0.160736,-0.095442,-0.192627,-0.618333,0.0459005
1472,26.6609,0.506156,0,-0.113279,-0.227594,-0.693107,-0.465732,-0.699888,-0.0440346,-0.113279,-0.227594,-0.623797,0.0549601
1473,26.679,0.563921,0,-0.135055,-0.270572,-0.695015,-0.511337,-0.713123,0.0902128,-0.135055,-0.270572,-0.625514,0.0657057
1474,26.6971,0.614981,0,-0.161547,-0.322895,-0.690888,-0.5478,-0.690274,0.23131,-0.161547,-0.322895,-0.621799,0.0781278
1475,26.7152,0.653673,0,-0.193336,-0.385345,-0.676481,-0.569772,-0.627496,0.363481,-0.193336,-0.385345,-0.608833,0.0915517
1476,26.7333,0.676359,0,-0.231363,-0.458646,-0.648928,-0.572928,-0.529295,0.469431,-0.231363,-0.458646,-0.584035,0.105097
1477,26.7514,0.682062,0,-0.276667,-0.543254,-0.604224,-0.55537,-0.408704,0.535884,-0.276667,-0.543254,-0.543802,0.117018
1478,26.7695,0.67347,0,-0.329698,-0.637661,-0.537108,-0.518425,-0.283387,0.558135,-0.329698,-0.637661,-0.483398,0.123959
1479,26.7876,0.65644,0,-0.390769,-0.736578,-0.441908,-0.466336,-0.169626,0.540738,-0.390769,-0.736578,-0.397718,0.120879
1480,26.8058,0.636705,0,-0.459464,-0.828856,-0.31141,-0.405016,-0.0777537,0.494235,-0.459464,-0.828856,-0.280269,0.100157
1481,26.8239,0.621,0,-0.530435,-0.90139,-0.142345,-0.340511,-0.0110526,0.430499,-0.530435,-0.90139,-0.128111,0.0528534
1482,26.842,0.610437,0,-0.596516,-0.930758,0.0619338,-0.277831,0.0325127,0.35934,-0.596516,-0.930758,0.0557404,-0.0258612
1483,26.8601,0.605066,0,-0.651854,-0.897419,0.28278,-0.220421,0.0576511,0.287261,-0.651854,-0.897419,0.254502,-0.129032
1484,26.8782,0.60291,0,-0.685952,-0.795722,0.492851,-0.17017,0.0696162,0.217784,-0.685952,-0.795722,0.443566,-0.236651
1485,26.8963,0.590551,0,-0.688935,-0.624957,0.646458,-0.127724,0.0730229,0.152377,-0.688935,-0.624957,0.581812,-0.311757
1486,26.9144,0.567004,0,-0.653998,-0.424269,0.726875,-0.0928677,0.0714262,0.0913432,-0.653998,-0.424269,0.654188,-0.332763
1487,26.9325,0.531751,0,-0.589419,-0.225297,0.732672,-0.0648845,0.0673311,0.0344521,-0.589419,-0.225297,0.659405,-0.302296
1488,26.9507,0.486811,0,-0.503456,-0.0619637,0.676496,-0.0428158,0.0623799,-0.0187045,-0.503456,-0.0619637,0.608847,-0.23841
1489,26.9688,0.439055,0,-0.409753,0.0520356,0.587764,-0.0256426,0.057575,-0.06854,-0.409753,0.0520356,0.528988,-0.168587
1490,26.9869,0.392981,0,-0.31456,0.123671,0.490454,-0.0123931,0.0534775,-0.115409,-0.31456,0.123671,0.441408,-0.107994
1491,27.005,0.351928,0,-0.229329,0.15855,0.395621,-0.00219853,0.0503637,-0.159598,-0.229329,0.15855,0.356059,-0.0635092
1492,27.0231,0.318466,0,-0.154121,0.172482,0.311807,0.00568499,0.0483391,-0.201332,-0.154121,0.172482,0.280627,-0.0336392
1493,27.0412,0.290518,0,-0.0917297,0.173993,0.235075,0.0118761,0.0474188,-0.24079,-0.0917297,0.173993,0.211567,-0.0150943
1494,27.0593,0.270236,0,-0.0407605,0.173122,0.169093,0.01688,0.0475804,-0.278119,-0.0407605,0.173122,0.152184,-0.00482463
1495,27.0774,0.256461,0,0.00027838,0.165822,0.114565,0.0211055,0.0487985,-0.31344,0.00027838,0.165822,0.103109,2.23248e-05
1496,27.0956,0.245895,1,0.0325596,0.157639,0.0654237,0.0248841,0.051067,-0.346858,0.0325596,0.157639,0.0588813,0.00149112
1497,27.1137,0.238401,1,0.0575091,0.155821,0.0207614,0.0284891,0.0544124,-0.378461,0.0575091,0.155821,0.0186852,0.000835778
1498,27.1318,0.232527,1,0.0784117,0.158544,-0.0208479,0.032153,0.0589027,-0.408324,0.0784117,0.158544,-0.0187631,-0.0011443
1499,27.1499,0.228869,1,0.0970944,0.165418,-0.0579965,0.0360828,0.0646546,-0.436504,0.0970944,0.165418,-0.0521969,-0.0039418
1500,27.168,0.228265,1,0.114008,0.174251,-0.0883175,0.0404739,0.0718393,-0.463043,0.114008,0.174251,-0.0794857,-0.00704822
1501,27.1861,0.229984,1,0.129479,0.186842,-0.11331,0.0455236,0.0806903,-0.487958,0.129479,0.186842,-0.101979,-0.0102699
1502,27.2042,0.232021,1,0.143514,0.201984,-0.135979,0.0514416,0.0915114,-0.511238,0.143514,0.201984,-0.122381,-0.0136604
1503,27.2223,0.234714,1,0.15756,0.220275,-0.155878,0.0584624,0.104688,-0.532828,0.15756,0.220275,-0.14029,-0.0171921
1504,27.2404,0.239945,1,0.174092,0.244038,-0.170504,0.0668564,0.120697,-0.552614,0.174092,0.244038,-0.153454,-0.0207784
1505,27.2586,0.247594,1,0.193345,0.271315,-0.179059,0.0769415,0.140127,-0.5704,0.193345,0.271315,-0.161153,-0.0242341
1506,27.2767,0.256863,0,0.214054,0.30121,-0.181633,0.0890953,0.163684,-0.58587,0.214054,0.30121,-0.16347,-0.0272156
1507,27.2948,0.268262,0,0.2359,0.333605,-0.176112,0.103767,0.192207,-0.598534,0.2359,0.333605,-0.1585,-0.0290813
1508,27.3129,0.281913,0,0.259455,0.367413,-0.160911,0.121491,0.226667,-0.607656,0.259455,0.367413,-0.144819,-0.0292243
1509,27.331,0.297413,0,0.285191,0.40068,-0.135123,0.142888,0.268146,-0.612144,0.285191,0.40068,-0.121611,-0.0269752
1510,27.3491,0.313741,0,0.312657,0.433627,-0.0993874,0.168672,0.317774,-0.610413,0.312657,0.433627,-0.0894487,-0.0217519
1511,27.3672,0.329378,0,0.340971,0.463943,-0.0544318,0.199625,0.376586,-0.600196,0.340971,0.463943,-0.0489886,-0.0129918
1512,27.3853,0.343688,0,0.368501,0.487202,0.00061435,0.236545,0.445246,-0.578343,0.368501,0.487202,0.000552915,0.000158472
1513,27.4035,0.354555,0,0.395017,0.499763,0.0621598,0.280136,0.523562,-0.540636,0.395017,0.499763,0.0559438,0.0171879
1514,27.4216,0.361803,0,0.417645,0.498829,0.128863,0.330799,0.609693,-0.481769,0.417645,0.498829,0.115976,0.0376732
1515,27.4397,0.364905,0,0.433468,0.483436,0.196658,0.388288,0.699026,-0.395749,0.433468,0.483436,0.176992,0.0596714
1516,27.4578,0.363842,0,0.442973,0.452182,0.259251,0.451203,0.782875,-0.277142,0.442973,0.452182,0.233326,0.080389
1517,27.4759,0.359302,0,0.443691,0.407004,0.309806,0.516366,0.847639,-0.123614,0.443691,0.407004,0.278825,0.0962207
1518,27.494,0.353478,0,0.435312,0.352598,0.344397,0.578298,0.875709,0.0602337,0.435312,0.352598,0.309957,0.104944
1519,27.5121,0.347713,0,0.417952,0.295114,0.361239,0.629253,0.849772,0.259165,0.417952,0.295114,0.325116,0.105687
1520,27.5302,0.341648,0,0.393546,0.239787,0.359606,0.660383,0.76067,0.447063,0.393546,0.239787,0.323646,0.0990652
1521,27.5484,0.333306,0,0.364624,0.190448,0.342366,0.664203,0.615241,0.593526,0.364624,0.190448,0.30813,0.0873844
1522,27.5665,0.319321,0,0.332947,0.151659,0.313374,0.637483,0.437398,0.676016,0.332947,0.151659,0.282037,0.0730359
1523,27.5846,0.298406,0,0.300507,0.121363,0.27932,0.582862,0.259137,0.689724,0.300507,0.121363,0.251388,0.0587563
1524,27.6027,0.27204,0,0.269022,0.0994465,0.241446,0.50798,0.107114,0.647472,0.269022,0.0994465,0.217301,0.045468
1525,27.6208,0.244363,1,0.240242,0.0853849,0.199829,0.422704,-0.00564061,0.570721,0.240242,0.0853849,0.179846,0.033605
1526,27.6389,0.218552,1,0.214527,0.0787795,0.157819,0.33619,-0.0791776,0.479599,0.214527,0.0787795,0.142037,0.0236995
1527,27.657,0.197969,1,0.192927,0.0766289,0.114587,0.255131,-0.121076,0.387751,0.192927,0.0766289,0.103128,0.0154748
1528,27.6751,0.183801,1,0.174855,0.0785663,0.0717335,0.183373,-0.14097,0.302124,0.174855,0.0785663,0.0645602,0.0087801
1529,27.6932,0.175786,1,0.161159,0.0840949,0.0311199,0.12239,-0.147409,0.22504,0.161159,0.0840949,0.0280079,0.00351068
1530,27.7114,0.173169,1,0.151269,0.0923766,-0.00633385,0.0720346,-0.146804,0.156383,0.151269,0.0923766,-0.00570046,-0.000670683
1531,27.7295,0.175263,1,0.144576,0.10268,-0.0416282,0.0312218,-0.143503,0.0951033,0.144576,0.10268,-0.0374653,-0.00421291
1532,27.7476,0.181899,1,0.141093,0.116056,-0.0749325,-0.00156761,-0.140259,0.0400133,0.141093,0.116056,-0.0674392,-0.00740072
1533,27.7657,0.192267,1,0.141132,0.131768,-0.105513,-0.0279658,-0.138715,-0.00988571,0.141132,0.131768,-0.0949618,-0.0104239
1534,27.7838,0.20591,1,0.144035,0.14938,-0.133386,-0.0495358,-0.139811,-0.0553155,0.144035,0.14938,-0.120048,-0.0134486
1535,27.8019,0.222988,1,0.149862,0.169266,-0.157321,-0.0676843,-0.14406,-0.096736,0.149862,0.169266,-0.141589,-0.0165036
1536,27.82,0.244056,1,0.158698,0.191851,-0.178071,-0.0836319,-0.151746,-0.134387,0.158698,0.191851,-0.160264,-0.0197817
1537,27.8381,0.269643,0,0.170619,0.217776,-0.195062,-0.0984184,-0.163048,-0.168328,0.170619,0.217776,-0.175556,-0.0232969
1538,27.8563,0.300031,0,0.185773,0.247061,-0.206379,-0.112924,-0.178114,-0.198455,0.185773,0.247061,-0.185741,-0.0268378
1539,27.8744,0.335178,0,0.20352,0.279344,-0.210577,-0.127896,-0.197103,-0.224512,0.20352,0.279344,-0.18952,-0.0299997
1540,27.8925,0.375847,0,0.224364,0.315141,-0.20694,-0.143977,-0.220188,-0.246076,0.224364,0.315141,-0.186246,-0.0325009
1541,27.9106,0.42128,0,0.248027,0.352477,-0.19537,-0.161725,-0.247542,-0.26254,0.248027,0.352477,-0.175833,-0.0339201
1542,27.9287,0.470825,0,0.273613,0.39018,-0.175131,-0.181625,-0.279293,-0.27308,0.273613,0.39018,-0.157618,-0.0335427
1543,27.9468,0.524198,0,0.301338,0.427221,-0.144903,-0.204086,-0.31544,-0.276631,0.301338,0.427221,-0.130413,-0.0305654
1544,27.9649,0.580388,0,0.330418,0.461924,-0.102889,-0.229423,-0.355739,-0.271872,0.330418,0.461924,-0.0926003,-0.0237976
1545,27.983,0.637838,0,0.360401,0.492489,-0.0508092,-0.257815,-0.399536,-0.257245,0.360401,0.492489,-0.0457283,-0.0128182
1546,28.0012,0.693703,0,0.390167,0.515315,0.0114963,-0.289231,-0.44555,-0.231049,0.390167,0.515315,0.0103466,0.00313982
1547,28.0193,0.743601,0,0.417656,0.525083,0.0840746,-0.323341,-0.491642,-0.191646,0.417656,0.525083,0.0756672,0.02458
1548,28.0374,0.782742,0,0.439986,0.518956,0.16058,-0.359387,-0.53461,-0.137839,0.439986,0.518956,0.144522,0.0494569
1549,28.0555,0.805725,0,0.454364,0.493488,0.235589,-0.396064,-0.570141,-0.0694394,0.454364,0.493488,0.212031,0.0749304
1550,28.0736,0.80991,0,0.460602,0.450461,0.300391,-0.431435,-0.593078,0.0120188,0.460602,0.450461,0.270352,0.0968526
1551,28.0917,0.794636,0,0.457514,0.394721,0.350052,-0.462955,-0.598181,0.102621,0.457514,0.394721,0.315047,0.112108
1552,28.1098,0.76062,0,0.443893,0.33173,0.380207,-0.487681,-0.581398,0.195829,0.443893,0.33173,0.342187,0.11814
1553,28.1279,0.71164,0,0.421204,0.267643,0.388755,-0.502699,-0.541386,0.283075,0.421204,0.267643,0.349879,0.114621
1554,28.146,0.653084,0,0.391359,0.207975,0.380124,-0.505732,-0.480626,0.35535,0.391359,0.207975,0.342112,0.104135
1555,28.1642,0.590557,0,0.356977,0.15742,0.356459,-0.49573,-0.405403,0.405387,0.356977,0.15742,0.320813,0.0890732
1556,28.1823,0.528182,0,0.320504,0.117388,0.321125,-0.473226,-0.324394,0.429528,0.320504,0.117388,0.289012,0.0720452
1557,28.2004,0.468434,0,0.28363,0.0886327,0.279981,-0.440277,-0.246388,0.428342,0.28363,0.0886327,0.251982,0.0555877
1558,28.2185,0.413066,0,0.249571,0.067962,0.234535,-0.399999,-0.178203,0.405802,0.249571,0.067962,0.211081,0.0409731
1559,28.2366,0.363459,0,0.219496,0.0560001,0.186064,-0.355903,-0.123629,0.367603,0.219496,0.0560001,0.167458,0.0285882
1560,28.2547,0.3188,0,0.192725,0.0502121,0.137839,-0.31127,-0.083546,0.319495,0.192725,0.0502121,0.124055,0.0185955
1561,28.2728,0.279675,0,0.169835,0.0503367,0.0906159,-0.268735,-0.0567638,0.266232,0.169835,0.0503367,0.0815543,0.0107728
1562,28.2909,0.24665,1,0.151858,0.0549997,0.0457534,-0.230127,-0.0410297,0.211205,0.151858,0.0549997,0.0411781,0.00486363
1563,28.3091,0.219903,1,0.138485,0.0629467,0.003301,-0.196502,-0.0338309,0.156563,0.138485,0.0629467,0.0029709,0.000319997
1564,28.3272,0.199652,1,0.129018,0.0730774,-0.0377813,-0.168285,-0.0328856,0.103519,0.129018,0.0730774,-0.0340032,-0.00341212
1565,28.3453,0.18598,1,0.123449,0.085242,-0.0764321,-0.145449,-0.0363646,0.0526861,0.123449,0.085242,-0.0687889,-0.00660484
1566,28.3634,0.178504,1,0.120826,0.100047,-0.111369,-0.12769,-0.0429378,0.00433129,0.120826,0.100047,-0.100232,-0.00941934
1567,28.3815,0.177111,1,0.121498,0.115713,-0.143163,-0.114559,-0.0517293,-0.0414506,0.121498,0.115713,-0.128847,-0.0121758
1568,28.3996,0.18182,1,0.125511,0.133578,-0.170854,-0.105569,-0.0622382,-0.0846333,0.125511,0.133578,-0.153768,-0.0150108
1569,28.4177,0.192659,1,0.132467,0.154275,-0.195671,-0.100255,-0.0742554,-0.125201,0.132467,0.154275,-0.176104,-0.018144
1570,28.4358,0.208973,1,0.14202,0.177516,-0.217001,-0.0982238,-0.0877916,-0.163118,0.14202,0.177516,-0.195301,-0.021573
1571,28.454,0.231009,1,0.154263,0.204498,-0.234351,-0.0991693,-0.103021,-0.198305,0.154263,0.204498,-0.210916,-0.0253061
1572,28.4721,0.259013,0,0.169301,0.23602,-0.246688,-0.102885,-0.120239,-0.230624,0.169301,0.23602,-0.222019,-0.0292351
1573,28.4902,0.293022,0,0.187862,0.271595,-0.25433,-0.109264,-0.139832,-0.259861,0.187862,0.271595,-0.228897,-0.0334452
1574,28.5083,0.332903,0,0.209798,0.310894,-0.254754,-0.118296,-0.162256,-0.2857,0.209798,0.310894,-0.229279,-0.0374128
1575,28.5264,0.378461,0,0.23531,0.352583,-0.244756,-0.13006,-0.188011,-0.307691,0.23531,0.352583,-0.22028,-0.0403155
1576,28.5445,0.429999,0,0.264051,0.396539,-0.223112,-0.144713,-0.217616,-0.325213,0.264051,0.396539,-0.200801,-0.0412389
1577,28.5626,0.487435,0,0.295636,0.44201,-0.18954,-0.162476,-0.251564,-0.337421,0.295636,0.44201,-0.170586,-0.0392243
1578,28.5807,0.549178,0,0.329239,0.485689,-0.143987,-0.183612,-0.290253,-0.343198,0.329239,0.485689,-0.129588,-0.0331842
1579,28.5988,0.613745,0,0.364061,0.524968,-0.0866714,-0.208391,-0.333877,-0.341097,0.364061,0.524968,-0.0780043,-0.0220876
1580,28.617,0.679018,0,0.399007,0.555533,-0.0143441,-0.237038,-0.382251,-0.329313,0.399007,0.555533,-0.0129097,-0.00400638
1581,28.6351,0.74065,0,0.432579,0.570844,0.0707188,-0.269649,-0.434573,-0.30571,0.432579,0.570844,0.0636469,0.0214141
1582,28.6532,0.793141,0,0.461213,0.56602,0.162395,-0.306075,-0.489104,-0.267952,0.461213,0.56602,0.146155,0.0524291
1583,28.6713,0.830512,0,0.480929,0.538104,0.25247,-0.345763,-0.542816,-0.21384,0.480929,0.538104,0.227223,0.0849939
1584,28.6894,0.848533,0,0.490273,0.487814,0.332781,-0.387568,-0.591113,-0.141917,0.490273,0.487814,0.299503,0.114208
1585,28.7075,0.844207,0,0.487196,0.420105,0.394169,-0.429568,-0.627835,-0.0524001,0.487196,0.420105,0.354752,0.134426
1586,28.7256,0.816815,0,0.471184,0.342137,0.427943,-0.468968,-0.645858,0.0517274,0.471184,0.342137,0.385149,0.141148
1587,28.7437,0.770963,0,0.443807,0.26408,0.434969,-0.502205,-0.638531,0.163847,0.443807,0.26408,0.391472,0.13513
1588,28.7619,0.712523,0,0.407624,0.192091,0.422924,-0.525368,-0.601854,0.27378,0.407624,0.192091,0.380632,0.120676
1589,28.78,0.648335,0,0.366344,0.13279,0.392002,-0.534957,-0.536659,0.369404,0.366344,0.13279,0.352801,0.100525
1590,28.7981,0.583397,0,0.323029,0.0862941,0.3483,-0.528796,-0.449518,0.439697,0.323029,0.0862941,0.31347,0.0787578
1591,28.8162,0.520626,0,0.279313,0.0533187,0.300679,-0.506749,-0.351437,0.47797,0.279313,0.0533187,0.270611,0.0587885
1592,28.8343,0.462728,0,0.239534,0.0319886,0.24797,-0.470867,-0.25466,0.483588,0.239534,0.0319886,0.223173,0.0415781
1593,28.8524,0.40972,0,0.204853,0.0206518,0.194837,-0.424886,-0.169215,0.461277,0.204853,0.0206518,0.175353,0.027939
1594,28.8705,0.360769,0,0.174208,0.0155582,0.14096,-0.373301,-0.10088,0.418695,0.174208,0.0155582,0.126864,0.0171895
1595,28.8886,0.316182,0,0.148403,0.0164391,0.0889084,-0.320423,-0.0511036,0.363778,0.148403,0.0164391,0.0800176,0.00923601
1596,28.9068,0.276616,0,0.128696,0.0224292,0.0400291,-0.26973,-0.0182314,0.302999,0.128696,0.0224292,0.0360262,0.00360609
1597,28.9249,0.241825,1,0.113618,0.0300889,-0.00592834,-0.223603,0.000936534,0.240791,0.113618,0.0300889,-0.00533551,-0.000471495
1598,28.943,0.212634,1,0.102552,0.0392889,-0.0505175,-0.183369,0.00992209,0.179758,0.102552,0.0392889,-0.0454658,-0.00362646
1599,28.9611,0.188629,1,0.0951118,0.0495034,-0.092095,-0.149501,0.011861,0.12119,0.0951118,0.0495034,-0.0828855,-0.00613153
1600,28.9792,0.169427,1,0.0909735,0.0610725,-0.129657,-0.121882,0.00921843,0.0655852,0.0909735,0.0610725,-0.116692,-0.00825678
1601,28.9973,0.155118,1,0.0901564,0.0738376,-0.163335,-0.100035,0.00376206,0.0130216,0.0901564,0.0738376,-0.147002,-0.010308
1602,29.0154,0.146273,1,0.0923736,0.0889868,-0.194083,-0.0833043,-0.00334477,-0.0366041,0.0923736,0.0889868,-0.174675,-0.0125497
1603,29.0335,0.14332,1,0.0969172,0.106123,-0.2235,-0.0709926,-0.0114134,-0.083451,0.0969172,0.106123,-0.20115,-0.0151627
1604,29.0516,0.145764,1,0.103755,0.12498,-0.250444,-0.0624366,-0.0201059,-0.127675,0.103755,0.12498,-0.2254,-0.0181893
1605,29.0698,0.153807,1,0.112556,0.146977,-0.274835,-0.0570572,-0.0293338,-0.169406,0.112556,0.146977,-0.247352,-0.0216542
1606,29.0879,0.167587,1,0.124203,0.172596,-0.295427,-0.0543813,-0.0391814,-0.208739,0.124203,0.172596,-0.265884,-0.0256849
1607,29.106,0.187048,1,0.138512,0.202304,-0.311287,-0.0540489,-0.0498547,-0.245735,0.138512,0.202304,-0.280158,-0.0301819
1608,29.1241,0.212582,1,0.155953,0.236636,-0.322333,-0.0558113,-0.0616474,-0.280419,0.155953,0.236636,-0.2901,-0.0351881
1609,29.1422,0.244872,1,0.177746,0.276296,-0.32807,-0.0595248,-0.0749234,-0.31277,0.177746,0.276296,-0.295263,-0.0408193
1610,29.1603,0.283459,0,0.203483,0.32051,-0.32603,-0.0651435,-0.090109,-0.342719,0.203483,0.32051,-0.293427,-0.0464391
1611,29.1784,0.328697,0,0.232888,0.369298,-0.313455,-0.072713,-0.107693,-0.370126,0.232888,0.369298,-0.282109,-0.0511
1612,29.1965,0.381619,0,0.266473,0.422867,-0.287499,-0.0823653,-0.128227,-0.394764,0.266473,0.422867,-0.25875,-0.0536275
1613,29.2147,0.442188,0,0.304041,0.479319,-0.246218,-0.0943146,-0.152332,-0.416281,0.304041,0.479319,-0.221596,-0.0524022
1614,29.2328,0.508204,0,0.344146,0.532812,-0.188159,-0.108855,-0.180692,-0.434158,0.344146,0.532812,-0.169343,-0.0453278
1615,29.2509,0.578934,0,0.385813,0.580664,-0.113542,-0.126356,-0.214037,-0.447646,0.385813,0.580664,-0.102188,-0.0306642
1616,29.269,0.652221,0,0.428462,0.616322,-0.0211578,-0.147254,-0.253105,-0.455695,0.428462,0.616322,-0.019042,-0.00634572
1617,29.2871,0.723553,0,0.468179,0.631384,0.0871303,-0.172036,-0.298561,-0.456849,0.468179,0.631384,0.0784173,0.0285548
1618,29.3052,0.786598,0,0.500456,0.61846,0.20226,-0.2012,-0.350842,-0.449153,0.500456,0.61846,0.182034,0.0708556
1619,29.3233,0.835786,0,0.521567,0.57494,0.313568,-0.235197,-0.409918,-0.430058,0.521567,0.57494,0.282212,0.114483
1620,29.3414,0.865397,0,0.528077,0.502108,0.408803,-0.274315,-0.474896,-0.396409,0.528077,0.502108,0.367923,0.151116
1621,29.3596,0.870736,0,0.51845,0.40759,0.473625,-0.318508,-0.543488,-0.344602,0.51845,0.40759,0.426262,0.171886
1622,29.3777,0.851239,0,0.492382,0.305371,0.500066,-0.36714,-0.611353,-0.271078,0.492382,0.305371,0.45006,0.172357
1623,29.3958,0.81278,0,0.452349,0.209074,0.49575,-0.418664,-0.671534,-0.173355,0.452349,0.209074,0.446175,0.156976
1624,29.4139,0.760909,0,0.403141,0.124788,0.467725,-0.470298,-0.714409,-0.0516988,0.403141,0.124788,0.420952,0.131991
1625,29.432,0.703005,0,0.349679,0.0589586,0.419663,-0.517845,-0.728823,0.0888257,0.349679,0.0589586,0.377697,0.102723
1626,29.4501,0.647727,0,0.296205,0.0138733,0.362691,-0.555916,-0.704951,0.236872,0.296205,0.0138733,0.326421,0.0752015
1627,29.4682,0.598086,0,0.245059,-0.0151059,0.299484,-0.578774,-0.63852,0.375463,0.245059,-0.0151059,0.269536,0.0513739
1628,29.4863,0.556067,0,0.199966,-0.0308823,0.235005,-0.581771,-0.534433,0.485916,0.199966,-0.0308823,0.211504,0.032895
1629,29.5044,0.517678,0,0.160757,-0.0376141,0.174716,-0.5629,-0.406953,0.554033,0.160757,-0.0376141,0.157244,0.0196608
1630,29.5226,0.479915,0,0.127858,-0.0379861,0.116688,-0.523659,-0.275284,0.57513,0.127858,-0.0379861,0.105019,0.0104437
1631,29.5407,0.440664,0,0.102076,-0.0336801,0.0630948,-0.468684,-0.156847,0.554641,0.102076,-0.0336801,0.0567853,0.00450832
1632,29.5588,0.399485,0,0.0814772,-0.0280089,0.0128078,-0.404345,-0.062322,0.5043,0.0814772,-0.0280089,0.011527,0.000730481
1633,29.5769,0.358695,0,0.0650131,-0.0221129,-0.0359016,-0.337055,0.00532582,0.436936,0.0650131,-0.0221129,-0.0323114,-0.00163385
1634,29.595,0.320096,0,0.0522281,-0.0159903,-0.0821665,-0.272035,0.0487408,0.36286,0.0522281,-0.0159903,-0.0739498,-0.00300398
1635,29.6131,0.284615,0,0.043413,-0.0095408,-0.124265,-0.212791,0.0732193,0.288685,0.043413,-0.0095408,-0.111839,-0.0037763
1636,29.6312,0.253633,0,0.0381674,-0.00318246,-0.163712,-0.161172,0.0844396,0.217832,0.0381674,-0.00318246,-0.14734,-0.00437391
1637,29.6493,0.227223,1,0.0350395,0.00393596,-0.20141,-0.117727,0.0872689,0.151591,0.0350395,0.00393596,-0.181269,-0.00494011
1638,29.6675,0.205074,1,0.0337067,0.0119244,-0.237541,-0.0821328,0.0853874,0.0901033,0.0337067,0.0119244,-0.213787,-0.00560471
1639,29.6856,0.186576,1,0.0337214,0.0201305,-0.272054,-0.0535647,0.0813501,0.0330122,0.0337214,0.0201305,-0.244849,-0.00642184
1640,29.7037,0.170624,1,0.0352368,0.0286174,-0.304132,-0.0309734,0.0768123,-0.0201753,0.0352368,0.0286174,-0.273719,-0.00750166
1641,29.7218,0.156093,1,0.0380919,0.0391446,-0.333225,-0.0132641,0.0727772,-0.0699254,0.0380919,0.0391446,-0.299902,-0.00888522
1642,29.7399,0.142886,1,0.0427068,0.0521269,-0.359858,0.000597429,0.0698085,-0.116622,0.0427068,0.0521269,-0.323872,-0.0107579
1643,29.758,0.131387,1,0.0492095,0.0672873,-0.384993,0.0115322,0.0681948,-0.160566,0.0492095,0.0672873,-0.346493,-0.0132617
1644,29.7761,0.121405,1,0.0575773,0.0849974,-0.408244,0.0203304,0.0680672,-0.201983,0.0575773,0.0849974,-0.36742,-0.0164539
1645,29.7942,0.112975,1,0.0679873,0.106047,-0.429001,0.0276545,0.0694823,-0.241048,0.0679873,0.106047,-0.386101,-0.0204166
1646,29.8124,0.106377,1,0.0804266,0.12968,-0.446788,0.034055,0.072477,-0.277892,0.0804266,0.12968,-0.402109,-0.0251536
1647,29.8305,0.102172,1,0.0947808,0.157167,-0.460616,0.03999,0.0771049,-0.312613,0.0947808,0.157167,-0.414555,-0.0305603
1648,29.8486,0.102439,1,0.111569,0.189559,-0.471394,0.0458481,0.0834609,-0.345278,0.111569,0.189559,-0.424254,-0.0368149
1649,29.8667,0.107809,1,0.132046,0.227123,-0.476502,0.0519699,0.0916968,-0.375924,0.132046,0.227123,-0.428852,-0.0440442
1650,29.8848,0.119075,1,0.15612,0.270128,-0.473719,0.0586677,0.102034,-0.404553,0.15612,0.270128,-0.426347,-0.05177
1651,29.9029,0.138057,1,0.184212,0.320205,-0.463695,0.0662452,0.114775,-0.431121,0.184212,0.320205,-0.417325,-0.0597928
1652,29.921,0.165391,1,0.217269,0.378675,-0.443669,0.0750137,0.130309,-0.455521,0.217269,0.378675,-0.399302,-0.067477
1653,29.9391,0.201286,1,0.255683,0.445739,-0.410172,0.085308,0.149128,-0.477568,0.255683,0.445739,-0.369155,-0.0734119
1654,29.9572,0.24544,1,0.300409,0.519491,-0.360276,0.0975012,0.171828,-0.496957,0.300409,0.519491,-0.324249,-0.0757611
1655,29.9754,0.295594,0,0.350278,0.590996,-0.285651,0.112017,0.199115,-0.513224,0.350278,0.590996,-0.257086,-0.0700401
1656,29.9935,0.351593,0,0.404182,0.655448,-0.185331,0.12934,0.231798,-0.525679,0.404182,0.655448,-0.166798,-0.0524353
1657,30.0116,0.411993,0,0.457537,0.703351,-0.0563315,0.150022,0.270763,-0.533319,0.457537,0.703351,-0.0506984,-0.0180416
1658,30.0297,0.472976,0,0.507266,0.722031,0.0948724,0.174678,0.316905,-0.534712,0.507266,0.722031,0.0853851,0.0336879
1659,30.0478,0.525013,0,0.548161,0.69571,0.248672,0.203963,0.370997,-0.527863,0.548161,0.69571,0.223805,0.0954185
1660,30.0659,0.568462,0,0.57258,0.623569,0.396428,0.238526,0.433451,-0.510055,0.57258,0.623569,0.356785,0.158891
1661,30.084,0.598331,0,0.574158,0.512222,0.515612,0.278909,0.503915,-0.477746,0.574158,0.512222,0.46405,0.20723
1662,30.1021,0.611178,0,0.553847,0.374764,0.586332,0.325373,0.580647,-0.426598,0.553847,0.374764,0.527698,0.227316
1663,30.1203,0.60917,0,0.512398,0.233987,0.60414,0.37762,0.659665,-0.35184,0.512398,0.233987,0.543726,0.216692
1664,30.1384,0.600217,0,0.453304,0.109781,0.581997,0.434399,0.733813,-0.249271,0.453304,0.109781,0.523798,0.184675
1665,30.1565,0.587676,0,0.384986,0.0121561,0.527774,0.493041,0.792196,-0.117169,0.384986,0.0121561,0.474997,0.14223
1666,30.1746,0.574048,0,0.31522,-0.0529136,0.453703,0.549075,0.820878,0.0409158,0.31522,-0.0529136,0.408332,0.100111
1667,30.1927,0.565924,0,0.24709,-0.0952615,0.377077,0.596245,0.805918,0.213449,0.24709,-0.0952615,0.339369,0.0652202
1668,30.2108,0.559181,0,0.185164,-0.11919,0.301964,0.627332,0.738933,0.380463,0.185164,-0.11919,0.271768,0.0391391
1669,30.2289,0.549307,0,0.132391,-0.13043,0.227839,0.635906,0.623007,0.517703,0.132391,-0.13043,0.205055,0.0211147
1670,30.247,0.531755,0,0.0874212,-0.132602,0.160593,0.61854,0.474562,0.605064,0.0874212,-0.132602,0.144533,0.00982744
1671,30.2652,0.503417,0,0.0518741,-0.129363,0.100866,0.576294,0.318247,0.634642,0.0518741,-0.129363,0.0907798,0.00366265
1672,30.2833,0.467597,0,0.0228268,-0.125378,0.044781,0.514521,0.177352,0.612701,0.0228268,-0.125378,0.0403029,0.000715546
1673,30.3014,0.426375,0,-0.00125096,-0.123579,-0.00552226,0.441058,0.0661816,0.554603,-0.00125096,-0.123579,-0.00497004,4.83569e-06
1674,30.3195,0.383091,0,-0.0203276,-0.122964,-0.0521558,0.363896,-0.0116118,0.477231,-0.0203276,-0.122964,-0.0469402,0.00074214
1675,30.3376,0.341796,0,-0.0356174,-0.122854,-0.0969986,0.289471,-0.0599435,0.393749,-0.0356174,-0.122854,-0.0872988,0.00241839
1676,30.3557,0.304406,0,-0.0479896,-0.123632,-0.139213,0.221976,-0.0860089,0.312111,-0.0479896,-0.123632,-0.125292,0.00467654
1677,30.3738,0.270867,0,-0.0586204,-0.128755,-0.176056,0.16349,-0.0971709,0.235983,-0.0586204,-0.128755,-0.15845,0.00722433
1678,30.3919,0.242509,1,-0.0686136,-0.136742,-0.209813,0.11449,-0.0994862,0.166375,-0.0686136,-0.136742,-0.188831,0.0100772
1679,30.41,0.219621,1,-0.0784273,-0.146628,-0.24184,0.0744228,-0.097365,0.102993,-0.0784273,-0.146628,-0.217656,0.0132768
1680,30.4282,0.201277,1,-0.0885336,-0.159097,-0.271434,0.0421772,-0.0937691,0.0450847,-0.0885336,-0.159097,-0.244291,0.0168218
1681,30.4463,0.186398,1,-0.0988634,-0.174082,-0.29791,0.0164135,-0.0905671,-0.00813521,-0.0988634,-0.174082,-0.268119,0.0206167
1682,30.4644,0.175097,1,-0.110833,-0.193097,-0.321422,-0.00422844,-0.0888763,-0.0573188,-0.110833,-0.193097,-0.28928,0.0249368
1683,30.4825,0.167674,1,-0.125303,-0.216301,-0.34242,-0.0210164,-0.0893345,-0.102948,-0.125303,-0.216301,-0.308178,0.0300345
1684,30.5006,0.163614,1,-0.141389,-0.243597,-0.360091,-0.035075,-0.0922991,-0.145348,-0.141389,-0.243597,-0.324082,0.035639
1685,30.5187,0.162895,1,-0.159444,-0.275215,-0.37349,-0.0473749,-0.0979856,-0.184717,-0.159444,-0.275215,-0.336141,0.0416855
1686,30.5368,0.166208,1,-0.180688,-0.312391,-0.381264,-0.0587441,-0.10656,-0.221144,-0.180688,-0.312391,-0.343138,0.048223
1687,30.5549,0.174206,1,-0.205335,-0.356477,-0.38081,-0.0698911,-0.118201,-0.254623,-0.205335,-0.356477,-0.342729,0.0547355
1688,30.5731,0.18708,1,-0.233982,-0.405824,-0.370867,-0.081432,-0.133133,-0.285048,-0.233982,-0.405824,-0.33378,0.0607434
1689,30.5912,0.205508,1,-0.266779,-0.46054,-0.349716,-0.0939184,-0.15165,-0.312207,-0.266779,-0.46054,-0.314744,0.0653078
1690,30.6093,0.229242,1,-0.303813,-0.518862,-0.3155,-0.107862,-0.174117,-0.335751,-0.303813,-0.518862,-0.28395,0.0670972
1691,30.6274,0.257577,0,-0.344687,-0.577874,-0.264796,-0.123754,-0.200965,-0.355161,-0.344687,-0.577874,-0.238316,0.0638901
1692,30.6455,0.291048,0,-0.389594,-0.634857,-0.193355,-0.142079,-0.232658,-0.369702,-0.389594,-0.634857,-0.17402,0.052731
1693,30.6636,0.327656,0,-0.435239,-0.683522,-0.101159,-0.163316,-0.269644,-0.378357,-0.435239,-0.683522,-0.0910431,0.0308198
1694,30.6817,0.364592,0,-0.480232,-0.713043,0.0110256,-0.187932,-0.312262,-0.379764,-0.480232,-0.713043,0.00992301,-0.00370638
1695,30.6998,0.398173,0,-0.520712,-0.715993,0.134472,-0.216347,-0.360581,-0.372154,-0.520712,-0.715993,0.121025,-0.0490148
1696,30.718,0.425323,0,-0.550882,-0.686542,0.260932,-0.248876,-0.414176,-0.353321,-0.550882,-0.686542,0.234839,-0.10062
1697,30.7361,0.440709,0,-0.566712,-0.621796,0.372977,-0.285628,-0.471795,-0.320683,-0.566712,-0.621796,0.335679,-0.147959
1698,30.7542,0.44556,0,-0.565359,-0.527358,0.462279,-0.326355,-0.530944,-0.271503,-0.565359,-0.527358,0.416051,-0.182948
1699,30.7723,0.440391,0,-0.544522,-0.415148,0.518937,-0.370251,-0.58745,-0.203403,-0.544522,-0.415148,0.467043,-0.197801
1700,30.7904,0.421241,0,-0.507673,-0.305428,0.52904,-0.41572,-0.635207,-0.11526,-0.507673,-0.305428,0.476136,-0.188006
1701,30.8085,0.396337,0,-0.458609,-0.208536,0.502992,-0.460179,-0.666407,-0.00847644,-0.458609,-0.208536,0.452693,-0.161474
1702,30.8266,0.375488,0,-0.402389,-0.129246,0.455349,-0.500021,-0.6727,0.111692,-0.402389,-0.129246,0.409814,-0.128259
1703,30.8447,0.360907,0,-0.34361,-0.0731573,0.396326,-0.530899,-0.647447,0.235461,-0.34361,-0.0731573,0.356693,-0.0953271
1704,30.8628,0.352505,0,-0.287823,-0.0366714,0.334274,-0.548438,-0.588602,0.349469,-0.287823,-0.0366714,0.300847,-0.0673483
1705,30.881,0.34792,0,-0.23612,-0.016043,0.266457,-0.5493,-0.500826,0.439802,-0.23612,-0.016043,0.239811,-0.044041
1706,30.8991,0.343749,0,-0.191524,-0.00666854,0.20041,-0.53222,-0.39518,0.496172,-0.191524,-0.00666854,0.180369,-0.0268684
1707,30.9172,0.335299,0,-0.155043,-0.00592398,0.139781,-0.498537,-0.285976,0.515092,-0.155043,-0.00592398,0.125803,-0.0151705
1708,30.9353,0.322503,0,-0.125679,-0.00993642,0.0824576,-0.451889,-0.186298,0.5002,-0.125679,-0.00993642,0.0742118,-0.00725425
1709,30.9534,0.305442,0,-0.102123,-0.0165534,0.0296446,-0.397231,-0.104656,0.4598,-0.102123,-0.0165534,0.0266802,-0.00211919
1710,30.9715,0.284517,0,-0.0839864,-0.0233945,-0.0173528,-0.339647,-0.0441064,0.403429,-0.0839864,-0.0233945,-0.0156175,0.00102018
1711,30.9896,0.263471,0,-0.0701795,-0.0303867,-0.0633056,-0.283427,-0.00343747,0.339249,-0.0701795,-0.0303867,-0.056975,0.00310993
1712,31.0077,0.243617,1,-0.0607144,-0.03697,-0.108468,-0.231618,0.0208874,0.272965,-0.0607144,-0.03697,-0.0976215,0.00460991
1713,31.0259,0.224394,1,-0.0546671,-0.0442066,-0.149619,-0.185991,0.0330617,0.20793,-0.0546671,-0.0442066,-0.134657,0.00572545
1714,31.044,0.207698,1,-0.0501599,-0.0516628,-0.189104,-0.147259,0.0369255,0.145769,-0.0501599,-0.0516628,-0.170193,0.00663979
1715,31.0621,0.192468,1,-0.0472555,-0.0574185,-0.225756,-0.11538,0.0355388,0.0870533,-0.0472555,-0.0574185,-0.20318,0.00746774
1716,31.0802,0.178324,1,-0.0463502,-0.0644325,-0.258665,-0.0898417,0.0311184,0.0318113,-0.0463502,-0.0644325,-0.232799,0.00839243
1717,31.0983,0.166442,1,-0.0469225,-0.0718174,-0.290672,-0.0698974,0.0251476,-0.0201568,-0.0469225,-0.0718174,-0.261605,0.00954735
1718,31.1164,0.157221,1,-0.0490581,-0.0791589,-0.323237,-0.0547208,0.0185373,-0.0691122,-0.0490581,-0.0791589,-0.290913,0.0111002
1719,31.1345,0.149688,1,-0.0521083,-0.0882564,-0.354339,-0.043512,0.0117838,-0.115304,-0.0521083,-0.0882564,-0.318905,0.0129248
1720,31.1526,0.143234,1,-0.0564705,-0.0996973,-0.38284,-0.0355544,0.00509699,-0.158945,-0.0564705,-0.0996973,-0.344556,0.0151334
1721,31.1708,0.138199,1,-0.0621773,-0.112362,-0.40994,-0.0302423,-0.001502,-0.200209,-0.0621773,-0.112362,-0.368946,0.0178423
1722,31.1889,0.134294,1,-0.0691454,-0.127151,-0.434595,-0.0270883,-0.00811319,-0.239235,-0.0691454,-0.127151,-0.391135,0.0210352
1723,31.207,0.131963,1,-0.0779418,-0.144328,-0.457154,-0.0257189,-0.0149133,-0.276136,-0.0779418,-0.144328,-0.411439,0.024942
1724,31.2251,0.131017,1,-0.0884261,-0.163922,-0.476763,-0.0258656,-0.0221296,-0.311001,-0.0884261,-0.163922,-0.429087,0.0295108
1725,31.2432,0.13181,1,-0.100611,-0.186701,-0.492921,-0.0273532,-0.0300264,-0.343899,-0.100611,-0.186701,-0.443629,0.0347152
1726,31.2613,0.13528,1,-0.11513,-0.214229,-0.504995,-0.0300894,-0.038902,-0.374876,-0.11513,-0.214229,-0.454495,0.0406982
1727,31.2794,0.142921,1,-0.13254,-0.247964,-0.513629,-0.0340561,-0.0490916,-0.40395,-0.13254,-0.247964,-0.462267,0.0476535
1728,31.2975,0.155028,1,-0.153483,-0.287834,-0.518283,-0.0393033,-0.0609751,-0.431109,-0.153483,-0.287834,-0.466455,0.0556834
1729,31.3156,0.171989,1,-0.178792,-0.334592,-0.51711,-0.0459458,-0.0749882,-0.456293,-0.178792,-0.334592,-0.465399,0.0647186
1730,31.3338,0.194992,1,-0.209124,-0.390539,-0.506018,-0.0541629,-0.0916359,-0.479382,-0.209124,-0.390539,-0.455416,0.0740742
1731,31.3519,0.223342,1,-0.244701,-0.453168,-0.481961,-0.0642003,-0.111506,-0.500169,-0.244701,-0.453168,-0.433765,0.0825556
1732,31.37,0.257714,0,-0.285475,-0.522351,-0.442811,-0.0763746,-0.13528,-0.518327,-0.285475,-0.522351,-0.39853,0.088488
1733,31.3881,0.29897,0,-0.332147,-0.597728,-0.386072,-0.0910782,-0.163744,-0.533357,-0.332147,-0.597728,-0.347465,0.0897629
1734,31.4062,0.346094,0,-0.384683,-0.673536,-0.306027,-0.108784,-0.19778,-0.544518,-0.384683,-0.673536,-0.275424,0.0824064
1735,31.4243,0.398847,0,-0.440846,-0.743215,-0.196135,-0.130046,-0.23834,-0.550736,-0.440846,-0.743215,-0.176522,0.0605258
1736,31.4424,0.455004,0,-0.498606,-0.795765,-0.0566303,-0.155493,-0.286374,-0.550474,-0.498606,-0.795765,-0.0509672,0.0197653
1737,31.4605,0.507194,0,-0.550835,-0.810626,0.106122,-0.1858,-0.342689,-0.541582,-0.550835,-0.810626,0.09551,-0.0409191
1738,31.4787,0.550532,0,-0.592513,-0.777997,0.275454,-0.221632,-0.407677,-0.521142,-0.592513,-0.777997,0.247909,-0.114247
1739,31.4968,0.578136,0,-0.616667,-0.696465,0.42654,-0.263535,-0.480868,-0.485348,-0.616667,-0.696465,0.383886,-0.184123
1740,31.5149,0.589145,0,-0.617426,-0.570002,0.543954,-0.311735,-0.560241,-0.429561,-0.617426,-0.570002,0.489559,-0.235096
1741,31.533,0.582538,0,-0.591736,-0.422502,0.609963,-0.365834,-0.641289,-0.348761,-0.591736,-0.422502,0.548967,-0.252656
1742,31.5511,0.564655,0,-0.543196,-0.273683,0.625426,-0.424378,-0.716027,-0.238703,-0.543196,-0.273683,0.562884,-0.237811
1743,31.5692,0.538617,0,-0.478791,-0.145209,0.592408,-0.484354,-0.772488,-0.0981103,-0.478791,-0.145209,0.533168,-0.198548
1744,31.5873,0.513448,0,-0.405678,-0.0471776,0.528983,-0.540814,-0.795749,0.0682612,-0.405678,-0.0471776,0.476085,-0.150218
1745,31.6054,0.492954,0,-0.330472,0.0176246,0.447727,-0.586993,-0.771596,0.246881,-0.330472,0.0176246,0.402954,-0.103573
1746,31.6236,0.479114,0,-0.260297,0.0555956,0.365391,-0.615325,-0.692795,0.415582,-0.260297,0.0555956,0.328852,-0.0665772
1747,31.6417,0.468571,0,-0.196948,0.0768363,0.28791,-0.619458,-0.565071,0.548901,-0.196948,0.0768363,0.259119,-0.0396922
1748,31.6598,0.452651,0,-0.14412,0.0820929,0.215425,-0.596567,-0.407933,0.627547,-0.14412,0.0820929,0.193883,-0.0217329
1749,31.6779,0.430554,0,-0.0995398,0.0823901,0.150934,-0.548675,-0.247899,0.646229,-0.0995398,0.0823901,0.135841,-0.0105168
1750,31.696,0.401028,0,-0.0624679,0.0798704,0.0935023,-0.482069,-0.108053,0.614165,-0.0624679,0.0798704,0.0841521,-0.00408862
1751,31.7141,0.368229,0,-0.0345134,0.0761579,0.035309,-0.405155,-0.000980233,0.548585,-0.0345134,0.0761579,0.0317781,-0.000853042
1752,31.7322,0.332608,0,-0.0125491,0.0713784,-0.0165679,-0.326036,0.0716673,0.466764,-0.0125491,0.0713784,-0.0149111,0.000145539
1753,31.7503,0.297262,0,0.0060038,0.0694963,-0.0625407,-0.250921,0.115232,0.381298,0.0060038,0.0694963,-0.0562866,-0.000262838
1754,31.7684,0.263958,0,0.0216309,0.0720173,-0.103932,-0.183632,0.137589,0.29929,0.0216309,0.0720173,-0.0935387,-0.0015737
1755,31.7866,0.235366,1,0.0347981,0.0761849,-0.144371,-0.125875,0.146238,0.223689,0.0347981,0.0761849,-0.129934,-0.00351667
1756,31.8047,0.210386,1,0.0459919,0.0811511,-0.181285,-0.0778239,0.147105,0.155027,0.0459919,0.0811511,-0.163157,-0.00583635
1757,31.8228,0.189719,1,0.0563045,0.090285,-0.217125,-0.0387139,0.144386,0.0927528,0.0563045,0.090285,-0.195413,-0.00855759
1758,31.8409,0.170888,1,0.0662631,0.101731,-0.248024,-0.00729697,0.140835,0.0359966,0.0662631,0.101731,-0.223221,-0.0115044
1759,31.859,0.15449,1,0.077383,0.117085,-0.276086,0.0178437,0.138161,-0.0160627,0.077383,0.117085,-0.248477,-0.0149551
1760,31.8771,0.141063,1,0.0895643,0.136046,-0.302918,0.0381073,0.137368,-0.0640726,0.0895643,0.136046,-0.272626,-0.0189914
1761,31.8952,0.129226,1,0.103245,0.159492,-0.326045,0.0547771,0.139025,-0.108491,0.103245,0.159492,-0.293441,-0.0235638
1762,31.9133,0.118738,1,0.119259,0.186517,-0.344325,0.0689814,0.143452,-0.149611,0.119259,0.186517,-0.309893,-0.0287446
1763,31.9315,0.110648,1,0.13788,0.218573,-0.357839,0.0816896,0.150857,-0.187586,0.13788,0.218573,-0.322055,-0.0345371
1764,31.9496,0.105275,1,0.159259,0.254958,-0.364593,0.0937288,0.161411,-0.222454,0.159259,0.254958,-0.328134,-0.0406453
1765,31.9677,0.104107,1,0.183135,0.296237,-0.363288,0.105809,0.17531,-0.254145,0.183135,0.296237,-0.326959,-0.0465714
1766,31.9858,0.110235,1,0.211003,0.34365,-0.354248,0.118551,0.1928,-0.282471,0.211003,0.34365,-0.318823,-0.0523232
1767,32.0039,0.12486,1,0.243668,0.397688,-0.334364,0.132514,0.214189,-0.307114,0.243668,0.397688,-0.300927,-0.0570316
1768,32.022,0.146738,1,0.280819,0.455009,-0.300837,0.148216,0.239842,-0.327589,0.280819,0.455009,-0.270753,-0.0591364
1769,32.0401,0.17523,1,0.321499,0.513695,-0.250078,0.166153,0.270157,-0.343209,0.321499,0.513695,-0.22507,-0.0562799
1770,32.0582,0.209074,1,0.364885,0.568794,-0.179522,0.1868,0.305512,-0.353026,0.364885,0.568794,-0.161569,-0.0458533
1771,32.0764,0.247552,1,0.40959,0.614045,-0.0865161,0.210609,0.346182,-0.355779,0.40959,0.614045,-0.0778645,-0.0248053
1772,32.0945,0.286986,0,0.453104,0.640221,0.0233717,0.237977,0.392193,-0.349838,0.453104,0.640221,0.0210345,0.00741285
1773,32.1126,0.323538,0,0.490565,0.640692,0.142197,0.269195,0.443119,-0.333188,0.490565,0.640692,0.127978,0.0488299
1774,32.1307,0.356976,0,0.518383,0.609657,0.265707,0.304362,0.497784,-0.303482,0.518383,0.609657,0.239136,0.0964165
1775,32.1488,0.382221,0,0.532242,0.545788,0.376172,0.343244,0.553901,-0.258251,0.532242,0.545788,0.338555,0.14015
1776,32.1669,0.396133,0,0.530043,0.454049,0.457453,0.385102,0.607692,-0.195349,0.530043,0.454049,0.411708,0.169729
1777,32.185,0.401853,0,0.509571,0.347011,0.505815,0.428486,0.65366,-0.113739,0.509571,0.347011,0.455234,0.180424
1778,32.2031,0.401236,0,0.4727,0.239776,0.519207,0.471061,0.684784,-0.0145876,0.4727,0.239776,0.467286,0.1718
1779,32.2212,0.395905,0,0.424672,0.143639,0.49843,0.50957,0.693478,0.0975654,0.424672,0.143639,0.448587,0.148169
1780,32.2394,0.388962,0,0.369568,0.0668852,0.452535,0.54006,0.673503,0.214163,0.369568,0.0668852,0.407281,0.11707
1781,32.2575,0.382802,0,0.312466,0.0110894,0.396164,0.558488,0.622463,0.323313,0.312466,0.0110894,0.356547,0.0866513
1782,32.2756,0.374857,0,0.257474,-0.0244515,0.333794,0.561636,0.543776,0.41225,0.257474,-0.0244515,0.300415,0.0601603
1783,32.2937,0.364781,0,0.2078,-0.0459988,0.269334,0.548056,0.446727,0.47093,0.2078,-0.0459988,0.242401,0.0391773
1784,32.3118,0.351653,0,0.163883,-0.0566154,0.20415,0.518621,0.344034,0.495045,0.163883,-0.0566154,0.183735,0.0234196
1785,32.3299,0.33435,0,0.126369,-0.0592278,0.142538,0.476366,0.247999,0.486751,0.126369,-0.0592278,0.128284,0.0126087
1786,32.348,0.311907,0,0.0957097,-0.0584274,0.0895618,0.425705,0.167299,0.452891,0.0957097,-0.0584274,0.0806056,0.00600035
1787,32.3661,0.287816,0,0.0714349,-0.0548856,0.0377074,0.371369,0.105767,0.402047,0.0714349,-0.0548856,0.0339366,0.00188554
1788,32.3843,0.263171,0,0.0521509,-0.0505307,-0.0107309,0.317525,0.0631184,0.342025,0.0521509,-0.0505307,-0.00965777,-0.000391737
1789,32.4024,0.240638,1,0.0376394,-0.0449185,-0.0595471,0.26727,0.0365746,0.278608,0.0376394,-0.0449185,-0.0535924,-0.00156892
1790,32.4205,0.219973,1,0.0267686,-0.0401494,-0.105403,0.22253,0.0224259,0.215419,0.0267686,-0.0401494,-0.0948624,-0.00197504
1791,32.4386,0.20143,1,0.0185005,-0.0351228,-0.148165,0.184211,0.0170746,0.154388,0.0185005,-0.0351228,-0.133349,-0.00191879
1792,32.4567,0.185858,1,0.0127372,-0.0304903,-0.189674,0.152451,0.017541,0.0963381,0.0127372,-0.0304903,-0.170707,-0.00169115
1793,32.4748,0.172557,1,0.00827418,-0.0259572,-0.228692,0.126898,0.021601,0.0414819,0.00827418,-0.0259572,-0.205823,-0.00132457
1794,32.4929,0.161531,1,0.00530288,-0.0225379,-0.266037,0.106925,0.0277286,-0.0102586,0.00530288,-0.0225379,-0.239433,-0.000987533
1795,32.511,0.151716,1,0.00400261,-0.019015,-0.300791,0.0917983,0.034965,-0.0590651,0.00400261,-0.019015,-0.270712,-0.000842762
1796,32.5292,0.143452,1,0.00335959,-0.0160731,-0.333776,0.0807846,0.0427777,-0.105134,0.00335959,-0.0160731,-0.300399,-0.000784945
1797,32.5473,0.136113,1,0.00320518,-0.0131678,-0.364436,0.0732177,0.0509387,-0.148638,0.00320518,-0.0131678,-0.327993,-0.000817659
1798,32.5654,0.129485,1,0.00379858,-0.00931924,-0.393145,0.0685317,0.0594296,-0.189719,0.00379858,-0.00931924,-0.353831,-0.00104538
1799,32.5835,0.123773,1,0.00532728,-0.00437772,-0.420712,0.0662741,0.0683746,-0.228483,0.00532728,-0.00437772,-0.378641,-0.00156887
1800,32.6016,0.118659,1,0.00793029,0.00209961,-0.446925,0.0661064,0.0779954,-0.265004,0.00793029,0.00209961,-0.402233,-0.00248097
1801,32.6197,0.113819,1,0.0116484,0.00996372,-0.471168,0.0677988,0.0885848,-0.299324,0.0116484,0.00996372,-0.424051,-0.00384185
1802,32.6378,0.109286,1,0.0162938,0.0192642,-0.493362,0.0712217,0.100494,-0.33145,0.0162938,0.0192642,-0.444025,-0.00562711
1803,32.6559,0.105279,1,0.0216006,0.0306124,-0.513924,0.0763378,0.114127,-0.361345,0.0216006,0.0306124,-0.462531,-0.00777073
1804,32.674,0.102305,1,0.027713,0.0433334,-0.533203,0.0831952,0.129948,-0.388916,0.027713,0.0433334,-0.479883,-0.0103437
1805,32.6922,0.10038,1,0.0347406,0.0580376,-0.551029,0.0919231,0.148483,-0.413996,0.0347406,0.0580376,-0.495926,-0.0134002
1806,32.7103,0.0992835,1,0.0435607,0.0759524,-0.567324,0.102729,0.170332,-0.436316,0.0435607,0.0759524,-0.510592,-0.0172991
1807,32.7284,0.0990268,1,0.054432,0.097376,-0.581482,0.1159,0.196167,-0.455463,0.054432,0.097376,-0.523334,-0.0221559
1808,32.7465,0.0996236,1,0.0679076,0.123151,-0.593154,0.131798,0.226737,-0.470833,0.0679076,0.123151,-0.533839,-0.0281958
1809,32.7646,0.101129,1,0.0840765,0.154229,-0.601657,0.150861,0.262838,-0.481552,0.0840765,0.154229,-0.541491,-0.0354096
1810,32.7827,0.10401,1,0.103447,0.190746,-0.60647,0.173593,0.305265,-0.48639,0.103447,0.190746,-0.545823,-0.043916
1811,32.8008,0.108068,1,0.126446,0.23504,-0.607032,0.200544,0.354708,-0.483643,0.126446,0.23504,-0.546329,-0.0537295
1812,32.8189,0.112599,1,0.154254,0.289242,-0.601358,0.232264,0.411559,-0.471018,0.154254,0.289242,-0.541222,-0.0649335
1813,32.8371,0.11735,1,0.187644,0.353549,-0.586118,0.269222,0.475598,-0.445541,0.187644,0.353549,-0.527506,-0.0769869
1814,32.8552,0.121054,1,0.227687,0.428822,-0.556191,0.311671,0.545507,-0.40357,0.227687,0.428822,-0.500572,-0.0886464
1815,32.8733,0.122756,1,0.275627,0.514611,-0.506744,0.359422,0.618206,-0.341053,0.275627,0.514611,-0.456069,-0.0977704
1816,32.8914,0.121307,1,0.332028,0.608281,-0.431595,0.411539,0.688097,-0.254243,0.332028,0.608281,-0.388436,-0.100311
1817,32.9095,0.117701,1,0.393554,0.696851,-0.325087,0.465958,0.746522,-0.141102,0.393554,0.696851,-0.292578,-0.0895575
1818,32.9276,0.110333,1,0.45981,0.77246,-0.184822,0.519144,0.782047,-0.00341703,0.45981,0.77246,-0.16634,-0.0594881
1819,32.9457,0.0966271,1,0.525229,0.821755,-0.00659423,0.566006,0.782389,0.150879,0.525229,0.821755,-0.00593481,-0.00242444
1820,32.9638,0.0804856,1,0.581982,0.823003,0.197392,0.600371,0.738413,0.306663,0.581982,0.823003,0.177653,0.080415
1821,32.982,0.0674582,1,0.623602,0.754394,0.393626,0.616223,0.649097,0.443724,0.623602,0.754394,0.354263,0.171826
1822,33.0001,0.0585929,1,0.638245,0.619128,0.565364,0.609476,0.524494,0.542646,0.638245,0.619128,0.508828,0.252589
1823,33.0182,0.0634123,1,0.621459,0.444836,0.672972,0.579526,0.383681,0.591948,0.621459,0.444836,0.605675,0.292757
1824,33.0363,0.075125,1,0.576465,0.26101,0.71265,0.529661,0.247953,0.591943,0.576465,0.26101,0.641385,0.287573
1825,33.0544,0.0866627,1,0.506458,0.0921331,0.691345,0.466041,0.133463,0.552819,0.506458,0.0921331,0.622211,0.245096
1826,33.0725,0.0942247,1,0.421282,-0.0417032,0.62313,0.395835,0.0476141,0.488929,0.421282,-0.0417032,0.560817,0.183759
1827,33.0906,0.0949103,1,0.332601,-0.12822,0.527395,0.325486,-0.00999034,0.413399,0.332601,-0.12822,0.474655,0.122789
1828,33.1087,0.0960918,1,0.246419,-0.178302,0.433245,0.25972,-0.0442958,0.335438,0.246419,-0.178302,0.38992,0.0747319
1829,33.1268,0.0985531,1,0.168491,-0.205432,0.346183,0.201338,-0.0616752,0.2602,0.168491,-0.205432,0.311565,0.0408301
1830,33.145,0.0994079,1,0.103387,-0.216121,0.263332,0.151502,-0.0680163,0.189878,0.103387,-0.216121,0.236999,0.0190575
1831,33.1631,0.101446,1,0.0491791,-0.217722,0.193632,0.110211,-0.0679523,0.124945,0.0491791,-0.217722,0.174269,0.00666586
1832,33.1812,0.103841,1,0.00391686,-0.215094,0.131797,0.0767471,-0.0647844,0.0650782,0.00391686,-0.215094,0.118617,0.000361361
1833,33.1993,0.105295,1,-0.0315163,-0.20908,0.0774719,0.0500359,-0.0606991,0.00969394,-0.0315163,-0.20908,0.0697247,-0.00170914
1834,33.2174,0.108032,1,-0.0595706,-0.206675,0.027519,0.0288813,-0.0570574,-0.0417881,-0.0595706,-0.206675,0.0247671,-0.00114753
1835,33.2355,0.113017,1,-0.0832714,-0.208741,-0.0158342,0.0121142,-0.0546565,-0.0898506,-0.0832714,-0.208741,-0.0142508,0.000922975
1836,33.2536,0.118511,1,-0.103569,-0.213038,-0.0550583,-0.00133107,-0.053936,-0.134862,-0.103569,-0.213038,-0.0495525,0.00399162
1837,33.2717,0.124244,1,-0.120498,-0.219197,-0.0893237,-0.0123852,-0.0551284,-0.17709,-0.120498,-0.219197,-0.0803913,0.00753434
1838,33.2899,0.132131,1,-0.136652,-0.231236,-0.120232,-0.0218416,-0.0583651,-0.21672,-0.136652,-0.231236,-0.108209,0.011501
1839,33.308,0.141187,1,-0.152088,-0.247742,-0.148364,-0.0303701,-0.063748,-0.253876,-0.152088,-0.247742,-0.133527,0.015795
1840,33.3261,0.150859,1,-0.167569,-0.266489,-0.172154,-0.0385385,-0.0713972,-0.288623,-0.167569,-0.266489,-0.154938,0.0201934
1841,33.3442,0.162387,1,-0.184606,-0.289406,-0.190987,-0.046838,-0.0814824,-0.320975,-0.184606,-0.289406,-0.171888,0.0246801
1842,33.3623,0.175719,1,-0.20264,-0.316273,-0.203421,-0.0557077,-0.0942438,-0.350886,-0.20264,-0.316273,-0.183079,0.0288549
1843,33.3804,0.191432,1,-0.222883,-0.347958,-0.209223,-0.0655582,-0.110005,-0.378238,-0.222883,-0.347958,-0.188301,0.0326426
1844,33.3985,0.209145,1,-0.245409,-0.383675,-0.207809,-0.0767933,-0.129184,-0.402818,-0.245409,-0.383675,-0.187028,0.0356986
1845,33.4166,0.22787,1,-0.270482,-0.421814,-0.199578,-0.089828,-0.152293,-0.424292,-0.270482,-0.421814,-0.17962,0.0377876
1846,33.4348,0.247766,1,-0.298592,-0.461269,-0.182196,-0.105104,-0.179936,-0.442153,-0.298592,-0.461269,-0.163976,0.0380815
1847,33.4529,0.269661,0,-0.328736,-0.501105,-0.151137,-0.123098,-0.212789,-0.455666,-0.328736,-0.501105,-0.136024,0.0347789
1848,33.471,0.292251,0,-0.360372,-0.538183,-0.106848,-0.14433,-0.251559,-0.463786,-0.360372,-0.538183,-0.0961636,0.0269536
1849,33.4891,0.313766,0,-0.391889,-0.568247,-0.0501042,-0.169348,-0.296902,-0.465067,-0.391889,-0.568247,-0.0450938,0.0137447
1850,33.5072,0.333026,0,-0.422478,-0.588536,0.0172106,-0.198703,-0.349267,-0.457546,-0.422478,-0.588536,0.0154895,-0.00508977
1851,33.5253,0.34838,0,-0.450342,-0.596447,0.0919619,-0.232893,-0.408652,-0.438655,-0.450342,-0.596447,0.0827657,-0.02899
1852,33.5434,0.357075,0,-0.47261,-0.58712,0.168927,-0.272249,-0.47421,-0.405194,-0.47261,-0.58712,0.152034,-0.0558855
1853,33.5615,0.357426,0,-0.487727,-0.558878,0.241341,-0.31677,-0.543695,-0.353472,-0.487727,-0.558878,0.217207,-0.082396
1854,33.5796,0.348719,0,-0.492937,-0.514165,0.302391,-0.365865,-0.61279,-0.279795,-0.492937,-0.514165,0.272152,-0.104342
1855,33.5978,0.335403,0,-0.488644,-0.458227,0.353038,-0.41802,-0.674495,-0.181495,-0.488644,-0.458227,0.317735,-0.120757
1856,33.6159,0.317063,0,-0.47477,-0.395951,0.385423,-0.470462,-0.719029,-0.0586369,-0.47477,-0.395951,0.346881,-0.128091
1857,33.634,0.296122,0,-0.451504,-0.331748,0.393632,-0.518962,-0.734925,0.0838529,-0.451504,-0.331748,0.354269,-0.124409
1858,33.6521,0.279569,0,-0.420793,-0.270707,0.379381,-0.558031,-0.711924,0.234574,-0.420793,-0.270707,0.341443,-0.111749
1859,33.6702,0.271425,0,-0.385776,-0.218775,0.350994,-0.581773,-0.645347,0.376209,-0.385776,-0.218775,0.315895,-0.0947837
1860,33.6883,0.270078,0,-0.347441,-0.177003,0.314854,-0.585357,-0.539942,0.489491,-0.347441,-0.177003,0.283369,-0.0765754
1861,33.7064,0.269051,0,-0.309711,-0.147279,0.273242,-0.566634,-0.410218,0.559632,-0.309711,-0.147279,0.245918,-0.0592382
1862,33.7245,0.264836,0,-0.275368,-0.129768,0.227098,-0.527065,-0.275941,0.581636,-0.275368,-0.129768,0.204388,-0.0437749
1863,33.7427,0.25677,0,-0.245009,-0.120934,0.179728,-0.471362,-0.155119,0.561026,-0.245009,-0.120934,0.161755,-0.0308246
1864,33.7608,0.245984,1,-0.218746,-0.117988,0.131821,-0.406046,-0.0588003,0.509896,-0.218746,-0.117988,0.118639,-0.0201848
1865,33.7789,0.233395,1,-0.197865,-0.120577,0.085359,-0.337694,0.00997179,0.441483,-0.197865,-0.120577,0.0768231,-0.0118227
1866,33.797,0.221175,1,-0.181257,-0.126689,0.040892,-0.271655,0.0539612,0.36639,-0.181257,-0.126689,0.0368028,-0.00518838
1867,33.8151,0.210147,1,-0.168304,-0.133657,-0.00109659,-0.21151,0.0786537,0.29138,-0.168304,-0.133657,-0.000986933,0.000129192
1868,33.8332,0.202292,1,-0.159095,-0.143324,-0.0415741,-0.159134,0.0899018,0.219906,-0.159095,-0.143324,-0.0374167,0.00462997
1869,33.8513,0.198002,1,-0.153901,-0.157111,-0.0784964,-0.115071,0.0927001,0.153237,-0.153901,-0.157111,-0.0706468,0.00845648
1870,33.8694,0.197091,1,-0.152389,-0.17286,-0.112543,-0.0789752,0.0908106,0.0914729,-0.152389,-0.17286,-0.101289,0.0120052
1871,33.8876,0.19968,1,-0.154644,-0.189947,-0.144824,-0.0499919,0.0868361,0.0342167,-0.154644,-0.189947,-0.130342,0.0156773
1872,33.9057,0.205262,1,-0.159452,-0.208286,-0.175045,-0.0270404,0.0824584,-0.0190557,-0.159452,-0.208286,-0.157541,0.0195379
1873,33.9238,0.213891,1,-0.166597,-0.229269,-0.201375,-0.00899682,0.0786964,-0.068831,-0.166597,-0.229269,-0.181238,0.023484
1874,33.9419,0.225423,1,-0.176053,-0.252506,-0.22319,0.00519938,0.0761248,-0.115506,-0.176053,-0.252506,-0.200871,0.0275053
1875,33.96,0.240759,1,-0.188441,-0.279228,-0.239322,0.0164925,0.0750423,-0.159387,-0.188441,-0.279228,-0.21539,0.0315687
1876,33.9781,0.260526,0,-0.203776,-0.309926,-0.249082,0.025694,0.075593,-0.200701,-0.203776,-0.309926,-0.224174,0.0355298
1877,33.9962,0.285477,0,-0.222441,-0.345015,-0.252951,0.0334863,0.0778497,-0.239618,-0.222441,-0.345015,-0.227656,0.0393868
1878,34.0143,0.316011,0,-0.244762,-0.38458,-0.250336,0.0404395,0.0818709,-0.276261,-0.244762,-0.38458,-0.225302,0.0428909
1879,34.0324,0.3514,0,-0.270238,-0.426728,-0.239235,0.0470326,0.0877377,-0.310714,-0.270238,-0.426728,-0.215311,0.0452551
1880,34.0506,0.392586,0,-0.299396,-0.471982,-0.218186,0.0536766,0.0955791,-0.343025,-0.299396,-0.471982,-0.196367,0.0457267
1881,34.0687,0.439153,0,-0.331978,-0.517879,-0.184446,0.0607373,0.105589,-0.373203,-0.331978,-0.517879,-0.166001,0.0428624
1882,34.0868,0.489883,0,-0.366864,-0.56027,-0.136137,0.0685563,0.118038,-0.401209,-0.366864,-0.56027,-0.122524,0.0349608
1883,34.1049,0.544603,0,-0.40257,-0.597484,-0.0729443,0.0774705,0.133285,-0.426943,-0.40257,-0.597484,-0.0656499,0.0205556
1884,34.123,0.600453,0,-0.436569,-0.622981,0.00406301,0.0878299,0.151786,-0.450222,-0.436569,-0.622981,0.00365671,-0.00124165
1885,34.1411,0.655452,0,-0.467746,-0.632029,0.0919728,0.100013,0.174099,-0.470751,-0.467746,-0.632029,0.0827755,-0.0301139
1886,34.1592,0.705736,0,-0.493213,-0.620233,0.183271,0.114441,0.200888,-0.488076,-0.493213,-0.620233,0.164944,-0.063274
1887,34.1773,0.747567,0,-0.510594,-0.585892,0.269016,0.131587,0.232911,-0.501526,-0.510594,-0.585892,0.242114,-0.0961505
1888,34.1955,0.778584,0,-0.516681,-0.531115,0.343149,0.151985,0.270994,-0.510132,-0.516681,-0.531115,0.308834,-0.124109
1889,34.2136,0.796468,0,-0.509834,-0.460681,0.398104,0.176222,0.315966,-0.512515,-0.509834,-0.460681,0.358294,-0.142077
1890,34.2317,0.799577,0,-0.49059,-0.382707,0.425904,0.20492,0.368532,-0.506767,-0.49059,-0.382707,0.383314,-0.146261
1891,34.2498,0.78938,0,-0.460179,-0.305235,0.42718,0.238687,0.429043,-0.490308,-0.460179,-0.305235,0.384462,-0.137605
1892,34.2679,0.770478,0,-0.421973,-0.236771,0.407562,0.278025,0.49712,-0.459798,-0.421973,-0.236771,0.366805,-0.120386
1893,34.286,0.746643,0,-0.379401,-0.180863,0.372038,0.323163,0.571079,-0.411172,-0.379401,-0.180863,0.334834,-0.098806
1894,34.3041,0.722789,0,-0.336082,-0.140236,0.325864,0.3738,0.647152,-0.339991,-0.336082,-0.140236,0.293277,-0.0766617
1895,34.3222,0.703836,0,-0.294836,-0.114495,0.27577,0.428745,0.718645,-0.242365,-0.294836,-0.114495,0.248193,-0.0569149
1896,34.3404,0.690777,0,-0.25757,-0.0988444,0.222469,0.485489,0.775429,-0.116686,-0.25757,-0.0988444,0.200222,-0.040111
1897,34.3585,0.684065,0,-0.224673,-0.0906708,0.16754,0.539857,0.804568,0.0338402,-0.224673,-0.0906708,0.150786,-0.0263491
1898,34.3766,0.683431,0,-0.197568,-0.0901824,0.113843,0.586013,0.793011,0.198733,-0.197568,-0.0901824,0.102459,-0.0157442
1899,34.3947,0.683046,0,-0.175541,-0.0946004,0.0646749,0.617184,0.732563,0.35971,-0.175541,-0.0946004,0.0582074,-0.00794716
1900,34.4128,0.676617,0,-0.158349,-0.101595,0.0168185,0.627237,0.625299,0.494219,-0.158349,-0.101595,0.0151367,-0.00186423
1901,34.4309,0.65933,0,-0.145497,-0.111022,-0.0281058,0.612693,0.485605,0.582904,-0.145497,-0.111022,-0.0252953,0.00286252
1902,34.449,0.628772,0,-0.13641,-0.122261,-0.0692392,0.574181,0.336028,0.617126,-0.13641,-0.122261,-0.0623152,0.00661143
1903,34.4671,0.587085,0,-0.131715,-0.135425,-0.107344,0.516402,0.198758,0.601367,-0.131715,-0.135425,-0.09661,0.00989721
1904,34.4852,0.537871,0,-0.130872,-0.150179,-0.141883,0.446582,0.0883045,0.549195,-0.130872,-0.150179,-0.127695,0.0129979
1905,34.5034,0.486406,0,-0.13353,-0.167783,-0.173583,0.372337,0.00931731,0.476422,-0.13353,-0.167783,-0.156225,0.016225
1906,34.5215,0.437119,0,-0.138651,-0.188093,-0.203372,0.299993,-0.0410232,0.395946,-0.138651,-0.188093,-0.183035,0.0197384
1907,34.5396,0.392686,0,-0.146603,-0.210168,-0.229931,0.233827,-0.0691201,0.31595,-0.146603,-0.210168,-0.206938,0.023596
1908,34.5577,0.354007,0,-0.156454,-0.233749,-0.251771,0.176093,-0.0819128,0.240489,-0.156454,-0.233749,-0.226594,0.0275734
1909,34.5758,0.322526,0,-0.169336,-0.261108,-0.268477,0.127465,-0.0853034,0.170922,-0.169336,-0.261108,-0.241629,0.0318239
1910,34.5939,0.298742,0,-0.185753,-0.292184,-0.279543,0.0875607,-0.0836952,0.107203,-0.185753,-0.292184,-0.251589,0.0363482
1911,34.612,0.28319,0,-0.205573,-0.327613,-0.284767,0.0554039,-0.0801029,0.0487303,-0.205573,-0.327613,-0.25629,0.0409782
1912,34.6301,0.276976,0,-0.228676,-0.367679,-0.285471,0.0297548,-0.0764598,-0.00519901,-0.228676,-0.367679,-0.256924,0.0456963
1913,34.6483,0.278515,0,-0.254889,-0.410794,-0.277534,0.00932407,-0.0739366,-0.0552032,-0.254889,-0.410794,-0.24978,0.0495182
1914,34.6664,0.288528,0,-0.284285,-0.458321,-0.258616,-0.00710632,-0.0732061,-0.101759,-0.284285,-0.458321,-0.232754,0.0514644
1915,34.6845,0.306533,0,-0.317341,-0.507164,-0.22749,-0.0206247,-0.0746408,-0.145206,-0.317341,-0.507164,-0.204741,0.0505344
1916,34.7026,0.330897,0,-0.35264,-0.553602,-0.182086,-0.0321729,-0.0784533,-0.185772,-0.35264,-0.553602,-0.163878,0.0449477
1917,34.7207,0.361594,0,-0.390068,-0.595586,-0.120758,-0.0425535,-0.0847926,-0.223589,-0.390068,-0.595586,-0.108682,0.0329726
1918,34.7388,0.397017,0,-0.427341,-0.628851,-0.0441163,-0.0524497,-0.0938076,-0.258714,-0.427341,-0.628851,-0.0397047,0.0131969
1919,34.7569,0.434766,0,-0.462315,-0.647678,0.0456595,-0.0624513,-0.105689,-0.291123,-0.462315,-0.647678,0.0410936,-0.0147763
1920,34.775,0.472373,0,-0.492778,-0.646148,0.145291,-0.0730817,-0.120692,-0.320712,-0.492778,-0.646148,0.130762,-0.0501173
1921,34.7932,0.504089,0,-0.514716,-0.619234,0.241815,-0.084823,-0.139155,-0.34728,-0.514716,-0.619234,0.217634,-0.0871263
1922,34.8113,0.528116,0,-0.526437,-0.569321,0.327329,-0.0981393,-0.161499,-0.370497,-0.526437,-0.569321,0.294596,-0.120623
1923,34.8294,0.542583,0,-0.524697,-0.498686,0.396077,-0.113494,-0.188225,-0.389871,-0.524697,-0.498686,0.356469,-0.145474
1924,34.8475,0.545245,0,-0.50933,-0.41619,0.438211,-0.131365,-0.219889,-0.404692,-0.50933,-0.41619,0.39439,-0.156236
1925,34.8656,0.535975,0,-0.481107,-0.331194,0.450997,-0.152242,-0.257057,-0.413965,-0.481107,-0.331194,0.405897,-0.151885
1926,34.8837,0.517652,0,-0.442915,-0.253325,0.438524,-0.176628,-0.300221,-0.416333,-0.442915,-0.253325,0.394672,-0.13596
1927,34.9018,0.493292,0,-0.398878,-0.187881,0.40625,-0.205004,-0.349655,-0.409994,-0.398878,-0.187881,0.365625,-0.113431
1928,34.9199,0.466266,0,-0.352432,-0.137247,0.360542,-0.237775,-0.405182,-0.392636,-0.352432,-0.137247,0.324488,-0.0889466
1929,34.938,0.439452,0,-0.306751,-0.104771,0.307869,-0.275174,-0.465832,-0.361453,-0.306751,-0.104771,0.277082,-0.0661074
1930,34.9562,0.416791,0,-0.264936,-0.0848558,0.253102,-0.317105,-0.529379,-0.31331,-0.264936,-0.0848558,0.227792,-0.0469391
1931,34.9743,0.401047,0,-0.227899,-0.0734017,0.196994,-0.362926,-0.591805,-0.245207,-0.227899,-0.0734017,0.177294,-0.0314263
1932,34.9924,0.394397,0,-0.196421,-0.0705371,0.142091,-0.411178,-0.646864,-0.155186,-0.196421,-0.0705371,0.127882,-0.0195367
1933,35.0105,0.398464,0,-0.171153,-0.0733176,0.089539,-0.459324,-0.686112,-0.0437309,-0.171153,-0.0733176,0.0805851,-0.0107274
1934,35.0286,0.412791,0,-0.150871,-0.0796164,0.0398742,-0.503616,-0.699909,0.0845573,-0.150871,-0.0796164,0.0358868,-0.00421112
1935,35.0467,0.434258,0,-0.135386,-0.0875878,-0.00796251,-0.539306,-0.679799,0.219798,-0.135386,-0.0875878,-0.00716626,0.000754611
1936,35.0648,0.457395,0,-0.123489,-0.0961534,-0.0519259,-0.561352,-0.621949,0.34738,-0.123489,-0.0961534,-0.0467333,0.00448861
1937,35.0829,0.475837,0,-0.115698,-0.105221,-0.0932437,-0.565612,-0.530118,0.451094,-0.115698,-0.105221,-0.0839193,0.00755167
1938,35.1011,0.484439,0,-0.111591,-0.116655,-0.131573,-0.550146,-0.416005,0.51812,-0.111591,-0.116655,-0.118416,0.0102776
1939,35.1192,0.481747,0,-0.110984,-0.129843,-0.167056,-0.515987,-0.29592,0.543317,-0.110984,-0.129843,-0.15035,0.0129783
1940,35.1373,0.469247,0,-0.113111,-0.146233,-0.200488,-0.466945,-0.185374,0.53016,-0.113111,-0.146233,-0.180439,0.0158741
1941,35.1554,0.449821,0,-0.117347,-0.164112,-0.231283,-0.408509,-0.0946999,0.488038,-0.117347,-0.164112,-0.208154,0.0189982
1942,35.1735,0.426443,0,-0.124036,-0.182985,-0.258978,-0.346433,-0.027716,0.428038,-0.124036,-0.182985,-0.23308,0.0224858
1943,35.1916,0.402438,0,-0.13331,-0.204842,-0.283374,-0.285607,0.0169273,0.35966,-0.13331,-0.204842,-0.255037,0.0264436
1944,35.2097,0.380115,0,-0.145856,-0.230854,-0.303236,-0.22949,0.0433701,0.289444,-0.145856,-0.230854,-0.272912,0.0309602
1945,35.2278,0.361263,0,-0.161238,-0.260226,-0.31821,-0.180071,0.0565027,0.221105,-0.161238,-0.260226,-0.286389,0.0359153
1946,35.246,0.347604,0,-0.179373,-0.294269,-0.328176,-0.138122,0.0607566,0.156326,-0.179373,-0.294269,-0.295358,0.041206
1947,35.2641,0.339952,0,-0.200893,-0.332241,-0.332978,-0.103555,0.0596218,0.095589,-0.200893,-0.332241,-0.29968,0.0468251
1948,35.2822,0.339186,0,-0.225818,-0.3753,-0.331277,-0.0757619,0.0556007,0.0387895,-0.225818,-0.3753,-0.298149,0.0523659
1949,35.3003,0.345458,0,-0.254091,-0.423276,-0.320355,-0.0538698,0.0503567,-0.0144006,-0.254091,-0.423276,-0.288319,0.0569796
1950,35.3184,0.359306,0,-0.286436,-0.47533,-0.297566,-0.0369268,0.0449159,-0.0643463,-0.286436,-0.47533,-0.267809,0.0596636
1951,35.3365,0.381135,0,-0.32254,-0.529524,-0.261315,-0.0240118,0.0398546,-0.111375,-0.32254,-0.529524,-0.235183,0.0589991
1952,35.3546,0.410401,0,-0.361526,-0.582663,-0.207296,-0.0142964,0.03545,-0.155758,-0.361526,-0.582663,-0.186566,0.0524598
1953,35.3727,0.447006,0,-0.403263,-0.630436,-0.135045,-0.00707084,0.0317929,-0.197714,-0.403263,-0.630436,-0.121541,0.0381212
1954,35.3908,0.489195,0,-0.444978,-0.667248,-0.045302,-0.00174866,0.0288664,-0.237419,-0.444978,-0.667248,-0.0407718,0.0141109
1955,35.409,0.533981,0,-0.483632,-0.684744,0.0617619,0.00214137,0.0265986,-0.275022,-0.483632,-0.684744,0.0555857,-0.020909
1956,35.4271,0.578056,0,-0.516415,-0.677039,0.177092,0.00496962,0.0248957,-0.31065,-0.516415,-0.677039,0.159382,-0.0640169
1957,35.4452,0.6149,0,-0.539104,-0.638633,0.285994,0.00702191,0.023662,-0.344416,-0.539104,-0.638633,0.257394,-0.107926
1958,35.4633,0.642368,0,-0.548725,-0.573476,0.379776,0.00851565,0.0228108,-0.376422,-0.548725,-0.573476,0.341799,-0.145875
1959,35.4814,0.65736,0,-0.542057,-0.485421,0.450136,0.00961432,0.0222689,-0.406762,-0.542057,-0.485421,0.405123,-0.1708
1960,35.4995,0.658813,0,-0.519794,-0.387057,0.488405,0.0104399,0.0219785,-0.435524,-0.519794,-0.387057,0.439564,-0.177709
1961,35.5176,0.64646,0,-0.483453,-0.291157,0.491757,0.0110834,0.0218969,-0.462791,-0.483453,-0.291157,0.442582,-0.166419
1962,35.5357,0.624319,0,-0.436761,-0.207821,0.468159,0.0116126,0.0219952,-0.488641,-0.436761,-0.207821,0.421343,-0.143132
1963,35.5539,0.595039,0,-0.385811,-0.139997,0.42364,0.0120792,0.0222566,-0.513148,-0.385811,-0.139997,0.381276,-0.114411
1964,35.572,0.562849,0,-0.333639,-0.0926012,0.367654,0.0125234,0.0226758,-0.536381,-0.333639,-0.0926012,0.330888,-0.0858645
1965,35.5901,0.531274,0,-0.283128,-0.0626757,0.308597,0.0129781,0.0232576,-0.558406,-0.283128,-0.0626757,0.277737,-0.0611606
1966,35.6082,0.500238,0,-0.237719,-0.0443143,0.247122,0.0134722,0.0240165,-0.579286,-0.237719,-0.0443143,0.22241,-0.0411219
1967,35.6263,0.47149,0,-0.198396,-0.0353988,0.187139,0.0140327,0.0249773,-0.599078,-0.198396,-0.0353988,0.168425,-0.0259894
1968,35.6444,0.445497,0,-0.165624,-0.0348503,0.129935,0.0146874,0.0261749,-0.617839,-0.165624,-0.0348503,0.116942,-0.0150643
1969,35.6625,0.421885,0,-0.139253,-0.0389548,0.0754252,0.0154662,0.0276565,-0.63562,-0.139253,-0.0389548,0.0678827,-0.00735225
1970,35.6806,0.400321,0,-0.118615,-0.046413,0.0233846,0.0164037,0.0294829,-0.65247,-0.118615,-0.046413,0.0210461,-0.00194164
1971,35.6988,0.381389,0,-0.102428,-0.0533826,-0.0244337,0.0175406,0.0317312,-0.668434,-0.102428,-0.0533826,-0.0219903,0.00175188
1972,35.7169,0.364514,0,-0.0902033,-0.0595343,-0.0688488,0.0189259,0.0344987,-0.683552,-0.0902033,-0.0595343,-0.0619639,0.00434727
1973,35.735,0.347836,0,-0.0817153,-0.0655898,-0.113235,0.0206197,0.0379072,-0.69786,-0.0817153,-0.0655898,-0.101912,0.00647713
1974,35.7531,0.333037,0,-0.0759152,-0.0729263,-0.154806,0.0226961,0.0421091,-0.711388,-0.0759152,-0.0729263,-0.139325,0.00822648
1975,35.7712,0.320371,0,-0.0730566,-0.0823142,-0.193638,0.0252466,0.0472941,-0.724158,-0.0730566,-0.0823142,-0.174274,0.00990256
1976,35.7893,0.310074,0,-0.0720022,-0.0922712,-0.229178,0.028385,0.0536995,-0.736182,-0.0720022,-0.0922712,-0.20626,0.0115509
1977,35.8074,0.301662,0,-0.0728955,-0.102747,-0.262764,0.0322525,0.0616204,-0.747456,-0.0728955,-0.102747,-0.236488,0.013408
1978,35.8255,0.29579,0,-0.0754635,-0.113835,-0.293737,0.037025,0.071425,-0.757956,-0.0754635,-0.113835,-0.264363,0.0155165
1979,35.8436,0.292207,0,-0.0802566,-0.126769,-0.324071,0.0429213,0.0835711,-0.767625,-0.0802566,-0.126769,-0.291664,0.0182062
1980,35.8618,0.293227,0,-0.0872163,-0.143381,-0.351514,0.0502134,0.0986273,-0.776356,-0.0872163,-0.143381,-0.316362,0.0214604
1981,35.8799,0.299221,0,-0.0961214,-0.162594,-0.376388,0.0592396,0.117298,-0.78397,-0.0961214,-0.162594,-0.33875,0.0253253
1982,35.898,0.311264,0,-0.107029,-0.184643,-0.398409,0.0704191,0.140448,-0.790178,-0.107029,-0.184643,-0.358568,0.029849
1983,35.9161,0.330558,0,-0.119906,-0.20988,-0.417072,0.0842695,0.169136,-0.794516,-0.119906,-0.20988,-0.375364,0.0350064
1984,35.9342,0.358541,0,-0.135288,-0.239416,-0.43234,0.101426,0.204632,-0.796266,-0.135288,-0.239416,-0.389106,0.0409433
1985,35.9523,0.396764,0,-0.153633,-0.273473,-0.442823,0.12266,0.248428,-0.794316,-0.153633,-0.273473,-0.398541,0.0476226
1986,35.9704,0.446629,0,-0.175304,-0.312919,-0.447919,0.148893,0.302203,-0.786968,-0.175304,-0.312919,-0.403127,0.0549655
1987,35.9885,0.509735,0,-0.200851,-0.358428,-0.445686,0.18119,0.367705,-0.771667,-0.200851,-0.358428,-0.401118,0.0626616
1988,36.0067,0.587786,0,-0.230956,-0.411159,-0.433296,0.220729,0.446466,-0.744644,-0.230956,-0.411159,-0.389966,0.0700506
1989,36.0248,0.681168,0,-0.265922,-0.471058,-0.40811,0.268688,0.539219,-0.700514,-0.265922,-0.471058,-0.367299,0.0759678
1990,36.0429,0.788403,0,-0.306097,-0.536481,-0.367981,0.32601,0.644827,-0.631966,-0.306097,-0.536481,-0.331183,0.0788466
1991,36.061,0.90538,0,-0.350653,-0.604323,-0.309037,0.392955,0.758538,-0.529942,-0.350653,-0.604323,-0.278133,0.0758553
1992,36.0791,1.02459,0,-0.399601,-0.670263,-0.227293,0.468348,0.869595,-0.385033,-0.399601,-0.670263,-0.204564,0.0635787
1993,36.0972,1.13238,0,-0.451329,-0.726818,-0.120183,0.548533,0.959037,-0.191191,-0.451329,-0.726818,-0.108165,0.0379694
1994,36.1153,1.20816,0,-0.502016,-0.761955,0.0105295,0.626295,1,0.0476463,-0.502016,-0.761955,0.00947657,-0.00370019
1995,36.1334,1.22853,0,-0.545975,-0.760622,0.156361,0.690567,0.964254,0.309989,-0.545975,-0.760622,0.140725,-0.0597583
1996,36.1516,1.18253,0,-0.578651,-0.720229,0.302291,0.728137,0.836549,0.555063,-0.578651,-0.720229,0.272062,-0.122445
1997,36.1697,1.07219,0,-0.594447,-0.637428,0.427635,0.727902,0.629745,0.734931,-0.594447,-0.637428,0.384871,-0.177944
1998,36.1878,0.919734,0,-0.589258,-0.521855,0.52155,0.685977,0.385696,0.817959,-0.589258,-0.521855,0.469395,-0.215129
1999,36.2059,0.758323,0,-0.562159,-0.393303,0.571779,0.608025,0.155591,0.805329,-0.562159,-0.393303,0.514602,-0.225002
2000,36.224,0.612887,0,-0.516086,-0.266972,0.57729,0.506799,-0.024856,0.725541,-0.516086,-0.266972,0.519561,-0.208552
