step,lt,err,locked,pred_x,pred_y,pred_z,true_x,true_y,true_z,drive_x,drive_y,drive_z,drive_xz
1,0.018112,0.0294864,1,0.365385,0.0841959,0.350523,0.343053,0.111893,0.313883,0.365385,0.0841959,0.31547,0.0896529
2,0.036224,0.0416562,1,0.313863,0.0455618,0.305072,0.295004,0.0885237,0.25026,0.313863,0.0455618,0.274565,0.0670255
3,0.054336,0.0485351,1,0.26541,0.0202907,0.24795,0.25254,0.0764787,0.18676,0.26541,0.0202907,0.223155,0.046066
4,0.072448,0.0537633,1,0.222585,0.0055834,0.189442,0.2164,0.0726293,0.125114,0.222585,0.0055834,0.170498,0.0295169
5,0.09056,0.0573501,1,0.186462,0.000855816,0.132911,0.186675,0.074399,0.0661389,0.186462,0.000855816,0.119619,0.0173479
6,0.108672,0.0596272,1,0.157165,0.00342014,0.079318,0.163029,0.0798699,0.0101279,0.157165,0.00342014,0.0713862,0.00872624
7,0.126784,0.0618342,1,0.132777,0.00883996,0.0285209,0.144901,0.0877368,-0.0428843,0.132777,0.00883996,0.0256688,0.00265084
8,0.144896,0.0654596,1,0.113852,0.0128869,-0.0192818,0.131644,0.0972005,-0.0929672,0.113852,0.0128869,-0.0173536,-0.00153668
9,0.163008,0.069553,1,0.096995,0.0177684,-0.0644417,0.12262,0.107851,-0.140213,0.096995,0.0177684,-0.0579975,-0.00437536
10,0.18112,0.0730671,1,0.0872712,0.0249142,-0.106226,0.117263,0.119566,-0.184699,0.0872712,0.0249142,-0.0956036,-0.00648934
11,0.199232,0.0764243,1,0.0795545,0.0331768,-0.146424,0.115105,0.132431,-0.226466,0.0795545,0.0331768,-0.131781,-0.00815407
12,0.217344,0.0804563,1,0.0741821,0.0406716,-0.185204,0.115795,0.146683,-0.265514,0.0741821,0.0406716,-0.166684,-0.00961719
13,0.235456,0.0838544,1,0.0700381,0.0515774,-0.222125,0.119101,0.16267,-0.301787,0.0700381,0.0515774,-0.199912,-0.01089
14,0.253568,0.087669,1,0.0703798,0.0658686,-0.252285,0.124901,0.18083,-0.335164,0.0703798,0.0658686,-0.227057,-0.0124291
15,0.27168,0.0916117,1,0.0738176,0.0816846,-0.280261,0.133185,0.201677,-0.36544,0.0738176,0.0816846,-0.252235,-0.0144818
16,0.289792,0.0970322,1,0.0802611,0.098405,-0.303131,0.144043,0.225792,-0.392295,0.0802611,0.098405,-0.272818,-0.0170307
17,0.307904,0.103324,1,0.088252,0.116572,-0.323745,0.15766,0.253812,-0.415261,0.088252,0.116572,-0.291371,-0.0199998
18,0.326016,0.110056,1,0.0987353,0.137969,-0.340986,0.174306,0.286414,-0.433668,0.0987353,0.137969,-0.306887,-0.0235671
19,0.344128,0.117422,1,0.111037,0.162881,-0.355055,0.194328,0.324279,-0.446583,0.111037,0.162881,-0.31955,-0.027597
20,0.36224,0.125173,1,0.12636,0.191439,-0.366696,0.218126,0.368021,-0.452734,0.12636,0.191439,-0.330026,-0.0324349
21,0.380352,0.133918,1,0.143656,0.224209,-0.374788,0.246126,0.418069,-0.450422,0.143656,0.224209,-0.337309,-0.0376883
22,0.398464,0.143782,1,0.164351,0.262274,-0.374917,0.278721,0.474473,-0.437455,0.164351,0.262274,-0.337425,-0.0431327
23,0.416576,0.153436,1,0.18935,0.306868,-0.369109,0.316184,0.536598,-0.41112,0.18935,0.306868,-0.332198,-0.0489235
24,0.434688,0.162243,1,0.218947,0.359198,-0.354547,0.358529,0.602706,-0.368293,0.218947,0.359198,-0.319093,-0.054339
25,0.4528,0.17179,1,0.252257,0.415218,-0.327847,0.405304,0.669432,-0.305776,0.252257,0.415218,-0.295062,-0.0578912
26,0.470912,0.181281,1,0.289962,0.472262,-0.285412,0.45534,0.731285,-0.221028,0.289962,0.472262,-0.256871,-0.0579311
27,0.489024,0.190166,1,0.330333,0.525699,-0.2255,0.506463,0.780451,-0.113389,0.330333,0.525699,-0.20295,-0.0521431
28,0.507136,0.194049,1,0.373841,0.574531,-0.146438,0.555296,0.80735,0.0142909,0.373841,0.574531,-0.131795,-0.0383213
29,0.525248,0.191038,1,0.417791,0.614339,-0.0504667,0.597304,0.80246,0.154159,0.417791,0.614339,-0.04542,-0.0147592
30,0.54336,0.18133,1,0.459216,0.63409,0.0592096,0.627291,0.759425,0.293056,0.459216,0.63409,0.0532886,0.019033
31,0.561472,0.163475,1,0.49413,0.625739,0.177915,0.640426,0.678487,0.414531,0.49413,0.625739,0.160123,0.0615392
32,0.579584,0.136349,1,0.518529,0.586729,0.297843,0.633573,0.568208,0.503258,0.518529,0.586729,0.268059,0.108108
33,0.597696,0.104984,1,0.528168,0.513972,0.401651,0.606389,0.44373,0.550017,0.528168,0.513972,0.361486,0.148497
34,0.615808,0.0748659,1,0.520085,0.415723,0.474974,0.561585,0.321972,0.554367,0.520085,0.415723,0.427477,0.172919
35,0.63392,0.0535069,1,0.495315,0.307857,0.511484,0.504189,0.216391,0.52349,0.495315,0.307857,0.460335,0.177342
36,0.652032,0.0480054,1,0.454602,0.204149,0.510777,0.440182,0.134106,0.468355,0.454602,0.204149,0.459699,0.16254
37,0.670144,0.0547208,1,0.403178,0.113178,0.482368,0.375157,0.0761101,0.399761,0.403178,0.113178,0.434131,0.136136
38,0.688256,0.0666764,1,0.346854,0.0442842,0.436437,0.313458,0.0393443,0.325994,0.346854,0.0442842,0.392793,0.105966
39,0.706368,0.0768437,1,0.290507,-0.00409779,0.379251,0.257894,0.0190212,0.252299,0.290507,-0.00409779,0.341326,0.0771226
40,0.72448,0.0822873,1,0.236983,-0.0343786,0.314028,0.209872,0.0102796,0.181422,0.236983,-0.0343786,0.282625,0.0520934
41,0.742592,0.0852357,1,0.189987,-0.0501313,0.248206,0.169726,0.00902053,0.114468,0.189987,-0.0501313,0.223385,0.0330091
42,0.760704,0.0867654,1,0.148985,-0.0558883,0.185104,0.137079,0.0121565,0.0516389,0.148985,-0.0558883,0.166593,0.0193044
43,0.778816,0.0888711,1,0.115452,-0.0561765,0.127787,0.111156,0.0175479,-0.00727015,0.115452,-0.0561765,0.115008,0.0103273
44,0.796928,0.0922641,1,0.0874527,-0.0557621,0.075937,0.0910084,0.0238203,-0.0625981,0.0874527,-0.0557621,0.0683433,0.00464863
45,0.81504,0.0941603,1,0.0652467,-0.0516291,0.0260256,0.0756652,0.0301641,-0.114686,0.0652467,-0.0516291,0.0234231,0.00118866
46,0.833152,0.0956251,1,0.047781,-0.0457927,-0.0208432,0.0642248,0.0361616,-0.163831,0.047781,-0.0457927,-0.0187589,-0.000697138
47,0.851264,0.0977741,1,0.03471,-0.0406383,-0.0637895,0.0558988,0.0416523,-0.210277,0.03471,-0.0406383,-0.0574106,-0.00154989
48,0.869376,0.0988195,1,0.0251742,-0.0356748,-0.106225,0.050029,0.0466357,-0.254222,0.0251742,-0.0356748,-0.0956029,-0.0018719
49,0.887488,0.0983949,1,0.0182995,-0.0287422,-0.147909,0.0460857,0.0512051,-0.295831,0.0182995,-0.0287422,-0.133118,-0.00189466
50,0.9056,0.0977509,1,0.0138246,-0.0224506,-0.187937,0.0436578,0.0555045,-0.335242,0.0138246,-0.0224506,-0.169144,-0.00181871
51,0.923712,0.0984992,1,0.0109863,-0.0184325,-0.224212,0.0424372,0.0597042,-0.372575,0.0109863,-0.0184325,-0.201791,-0.00172429
52,0.941824,0.0991714,1,0.010223,-0.0137343,-0.258132,0.042204,0.0639872,-0.407937,0.010223,-0.0137343,-0.232319,-0.00184722
53,0.959936,0.0993952,1,0.00949446,-0.010057,-0.291922,0.0428122,0.068545,-0.441421,0.00949446,-0.010057,-0.26273,-0.00194015
54,0.978048,0.0996264,1,0.00921501,-0.00613285,-0.324114,0.0441778,0.0735785,-0.47311,0.00921501,-0.00613285,-0.291702,-0.0020907
55,0.99616,0.0997937,1,0.0100331,-0.0014056,-0.354588,0.0462695,0.0793033,-0.503078,0.0100331,-0.0014056,-0.319129,-0.00249033
56,1.01427,0.0995819,1,0.0122174,0.00524757,-0.38348,0.0491029,0.0859569,-0.531383,0.0122174,0.00524757,-0.345132,-0.00327959
57,1.03238,0.0990874,1,0.0158018,0.0138405,-0.410772,0.0527366,0.0938086,-0.558067,0.0158018,0.0138405,-0.369695,-0.00454366
58,1.0505,0.0980892,1,0.0201264,0.0242825,-0.437341,0.0572713,0.103171,-0.583153,0.0201264,0.0242825,-0.393607,-0.00616147
59,1.06861,0.0974335,1,0.0253097,0.0357914,-0.462104,0.0628512,0.114415,-0.606634,0.0253097,0.0357914,-0.415894,-0.00818699
60,1.08672,0.0971098,1,0.031396,0.0493669,-0.484777,0.069668,0.127981,-0.628464,0.031396,0.0493669,-0.436299,-0.010654
61,1.10483,0.0968136,1,0.0390829,0.0647579,-0.506191,0.0779668,0.144403,-0.648541,0.0390829,0.0647579,-0.455572,-0.0138484
62,1.12294,0.0961945,1,0.0486297,0.0824931,-0.527004,0.0880547,0.164319,-0.666683,0.0486297,0.0824931,-0.474304,-0.0179396
63,1.14106,0.0956223,1,0.0599365,0.104752,-0.545527,0.100311,0.1885,-0.682593,0.0599365,0.104752,-0.490974,-0.0228879
64,1.15917,0.0951803,1,0.0744824,0.133647,-0.560053,0.115199,0.217858,-0.695804,0.0744824,0.133647,-0.504047,-0.0291999
65,1.17728,0.0939547,1,0.0930063,0.171456,-0.570936,0.133277,0.253462,-0.705605,0.0930063,0.171456,-0.513842,-0.0371705
66,1.19539,0.0921381,1,0.115491,0.21745,-0.578125,0.155211,0.296526,-0.710931,0.115491,0.21745,-0.520312,-0.0467378
67,1.2135,0.0906275,1,0.142099,0.27154,-0.579202,0.181777,0.348359,-0.710215,0.142099,0.27154,-0.521282,-0.0576128
68,1.23162,0.0905106,1,0.173738,0.333045,-0.570771,0.213847,0.410247,-0.701184,0.173738,0.333045,-0.513694,-0.069415
69,1.24973,0.0921825,1,0.211733,0.403224,-0.548534,0.252347,0.483203,-0.68062,0.211733,0.403224,-0.493681,-0.0812998
70,1.26784,0.095725,1,0.256533,0.481316,-0.508723,0.298159,0.567492,-0.644113,0.256533,0.481316,-0.45785,-0.0913528
71,1.28595,0.0994867,1,0.308245,0.566957,-0.448884,0.351926,0.661844,-0.585929,0.308245,0.566957,-0.403996,-0.0968565
72,1.30406,0.102977,1,0.36856,0.656251,-0.363079,0.413704,0.762242,-0.499242,0.36856,0.656251,-0.326771,-0.0936715
73,1.32218,0.109024,1,0.432278,0.73941,-0.241141,0.482437,0.860381,-0.377187,0.432278,0.73941,-0.217027,-0.0729679
74,1.34029,0.116328,1,0.496508,0.803598,-0.0815165,0.555237,0.942307,-0.215335,0.496508,0.803598,-0.0733649,-0.0283315
75,1.3584,0.123122,1,0.560284,0.828407,0.108282,0.626672,0.988581,-0.0158708,0.560284,0.828407,0.0974535,0.042468
76,1.37651,0.131888,1,0.608959,0.789502,0.309167,0.688513,0.977981,0.207529,0.608959,0.789502,0.27825,0.131789
77,1.39462,0.138944,1,0.63462,0.68502,0.492584,0.730641,0.895908,0.427602,0.63462,0.68502,0.443325,0.218822
78,1.41274,0.140766,1,0.63346,0.527779,0.62592,0.743576,0.74464,0.608866,0.63346,0.527779,0.563328,0.277547
79,1.43085,0.137861,1,0.599501,0.344296,0.695425,0.721981,0.547653,0.721151,0.599501,0.344296,0.625883,0.291836
80,1.44896,0.127927,1,0.542404,0.170079,0.689517,0.667184,0.34168,0.753383,0.542404,0.170079,0.620565,0.261798
81,1.46707,0.11477,1,0.463821,0.0269164,0.636223,0.586907,0.16064,0.71675,0.463821,0.0269164,0.572601,0.206566
82,1.48518,0.0985161,1,0.377135,-0.0758356,0.558082,0.492317,0.0234202,0.635527,0.377135,-0.0758356,0.502274,0.147331
83,1.5033,0.0834577,1,0.290431,-0.146008,0.4717,0.394387,-0.0675494,0.534413,0.290431,-0.146008,0.42453,0.0958974
84,1.52141,0.0688837,1,0.212166,-0.180563,0.379797,0.301467,-0.120182,0.430928,0.212166,-0.180563,0.341817,0.056406
85,1.53952,0.0581787,1,0.141996,-0.198897,0.295977,0.218553,-0.145755,0.334308,0.141996,-0.198897,0.26638,0.0294194
86,1.55763,0.0495507,1,0.0833495,-0.206693,0.225279,0.147738,-0.15461,0.247802,0.0833495,-0.206693,0.202751,0.0131438
87,1.57574,0.043869,1,0.0341153,-0.206719,0.165539,0.089084,-0.154592,0.171426,0.0341153,-0.206719,0.148985,0.0039532
88,1.59386,0.0409732,1,-0.00459346,-0.204994,0.105821,0.0414616,-0.151033,0.103922,-0.00459346,-0.204994,0.095239,-0.000340259
89,1.61197,0.0391284,1,-0.0372545,-0.201416,0.0493377,0.0031722,-0.147303,0.0438102,-0.0372545,-0.201416,0.0444039,-0.00128664
90,1.63008,0.0372217,1,-0.0629621,-0.198088,0.00142338,-0.0276494,-0.145408,-0.0101604,-0.0629621,-0.198088,0.00128105,-6.27334e-05
91,1.64819,0.0356307,1,-0.0838114,-0.197524,-0.0433354,-0.0528063,-0.146482,-0.0588953,-0.0838114,-0.197524,-0.0390019,0.0025424
92,1.6663,0.0352133,1,-0.10135,-0.200659,-0.080267,-0.0739263,-0.151135,-0.102968,-0.10135,-0.200659,-0.0722403,0.00569451
93,1.68442,0.0364224,1,-0.118098,-0.209923,-0.114447,-0.092423,-0.159685,-0.142673,-0.118098,-0.209923,-0.103002,0.00946115
94,1.70253,0.0365522,1,-0.133567,-0.222679,-0.148222,-0.109496,-0.172307,-0.178079,-0.133567,-0.222679,-0.1334,0.0138583
95,1.72064,0.0370315,1,-0.147751,-0.240401,-0.177151,-0.126153,-0.189122,-0.209058,-0.147751,-0.240401,-0.159436,0.018322
96,1.73875,0.0382446,1,-0.162645,-0.262788,-0.199947,-0.14324,-0.210235,-0.235297,-0.162645,-0.262788,-0.179952,0.0227642
97,1.75686,0.0395233,1,-0.179783,-0.290447,-0.219441,-0.161468,-0.235745,-0.256299,-0.179783,-0.290447,-0.197496,0.0276162
98,1.77498,0.0403563,1,-0.199642,-0.321134,-0.232853,-0.181433,-0.265714,-0.271362,-0.199642,-0.321134,-0.209568,0.0325411
99,1.79309,0.0396886,1,-0.221372,-0.353069,-0.239488,-0.203627,-0.30011,-0.279564,-0.221372,-0.353069,-0.21554,0.0371113
100,1.8112,0.0387891,1,-0.245081,-0.388042,-0.237288,-0.228433,-0.338712,-0.279751,-0.245081,-0.388042,-0.21356,0.0407085
101,1.82931,0.0384371,1,-0.271573,-0.428178,-0.226233,-0.256094,-0.380973,-0.270553,-0.271573,-0.428178,-0.20361,0.0430072
102,1.84742,0.036721,1,-0.300352,-0.469961,-0.206725,-0.286666,-0.425845,-0.250448,-0.300352,-0.469961,-0.186052,0.0434632
103,1.86554,0.0351767,1,-0.332305,-0.512721,-0.17471,-0.319944,-0.471577,-0.217914,-0.332305,-0.512721,-0.157239,0.04064
104,1.88365,0.0342161,1,-0.366196,-0.555815,-0.129619,-0.35536,-0.51553,-0.171714,-0.366196,-0.555815,-0.116657,0.0332261
105,1.90176,0.0339463,1,-0.401545,-0.593522,-0.0688149,-0.391879,-0.554075,-0.11133,-0.401545,-0.593522,-0.0619334,0.0193426
106,1.91987,0.033466,1,-0.43688,-0.620926,0.00510917,-0.42791,-0.582717,-0.0375471,-0.43688,-0.620926,0.00459825,-0.00156247
107,1.93798,0.0301988,1,-0.467985,-0.62972,0.0868521,-0.46129,-0.596582,0.0469404,-0.467985,-0.62972,0.0781668,-0.0284518
108,1.9561,0.0255996,1,-0.492968,-0.618844,0.171727,-0.489397,-0.59133,0.13714,-0.492968,-0.618844,0.154554,-0.0592589
109,1.97421,0.0207786,1,-0.509273,-0.587275,0.253718,-0.509446,-0.564416,0.225921,-0.509273,-0.587275,0.228347,-0.0904484
110,1.99232,0.0163591,1,-0.515629,-0.535902,0.325152,-0.518962,-0.516275,0.304988,-0.515629,-0.535902,0.292636,-0.11736
111,2.01043,0.0142095,1,-0.51057,-0.470295,0.380516,-0.516324,-0.450854,0.366563,-0.51057,-0.470295,0.342464,-0.135996
112,2.02854,0.0141267,1,-0.494006,-0.397229,0.412566,-0.501212,-0.375026,0.40523,-0.494006,-0.397229,0.37131,-0.142667
113,2.04666,0.0167164,1,-0.466865,-0.324811,0.420244,-0.474765,-0.296978,0.419137,-0.466865,-0.324811,0.37822,-0.137338
114,2.06477,0.0197878,1,-0.43099,-0.257338,0.407164,-0.43936,-0.224225,0.410011,-0.43099,-0.257338,0.366447,-0.122838
115,2.08288,0.0226108,1,-0.390381,-0.200052,0.376218,-0.398121,-0.162117,0.382114,-0.390381,-0.200052,0.338597,-0.102808
116,2.10099,0.0269797,1,-0.349405,-0.158871,0.331707,-0.354323,-0.113288,0.340746,-0.349405,-0.158871,0.298536,-0.08113
117,2.1191,0.0302303,1,-0.308621,-0.129623,0.282547,-0.310891,-0.0779931,0.290964,-0.308621,-0.129623,0.254292,-0.0610398
118,2.13722,0.0317072,1,-0.270347,-0.109754,0.234228,-0.270103,-0.0548987,0.23685,-0.270347,-0.109754,0.210805,-0.0443259
119,2.15533,0.033489,1,-0.237162,-0.0997447,0.183881,-0.233503,-0.0419126,0.181311,-0.237162,-0.0997447,0.165492,-0.0305267
120,2.17344,0.0353606,1,-0.20905,-0.0971128,0.134283,-0.201955,-0.0368154,0.126221,-0.20905,-0.0971128,0.120855,-0.0196504
121,2.19155,0.0366098,1,-0.186173,-0.0990286,0.0846808,-0.175783,-0.0376355,0.072691,-0.186173,-0.0990286,0.0762127,-0.0110357
122,2.20966,0.0363357,1,-0.167099,-0.102644,0.0366038,-0.154932,-0.0428136,0.0213337,-0.167099,-0.102644,0.0329434,-0.00428152
123,2.22778,0.0361803,1,-0.152571,-0.109358,-0.00835427,-0.139116,-0.0512336,-0.0275258,-0.152571,-0.109358,-0.00751884,0.000892232
124,2.24589,0.0366193,1,-0.142053,-0.119654,-0.0508905,-0.127939,-0.0621817,-0.0737078,-0.142053,-0.119654,-0.0458015,0.00506039
125,2.264,0.0383556,1,-0.136491,-0.134197,-0.0906054,-0.120977,-0.0752783,-0.117089,-0.136491,-0.134197,-0.0815448,0.00865675
126,2.28211,0.0397586,1,-0.134645,-0.149361,-0.126173,-0.117841,-0.0904074,-0.157547,-0.134645,-0.149361,-0.113556,0.0118919
127,2.30022,0.0405595,1,-0.135122,-0.165827,-0.159357,-0.118212,-0.107654,-0.194926,-0.135122,-0.165827,-0.143421,0.0150729
128,2.31834,0.0403776,1,-0.13816,-0.182836,-0.189825,-0.121857,-0.12725,-0.229011,-0.13816,-0.182836,-0.170843,0.0183584
129,2.33645,0.0395971,1,-0.144314,-0.200688,-0.216585,-0.12864,-0.149537,-0.2595,-0.144314,-0.200688,-0.194927,0.0218794
130,2.35456,0.0385714,1,-0.153045,-0.221086,-0.239918,-0.138518,-0.174925,-0.285976,-0.153045,-0.221086,-0.215926,0.0257028
131,2.37267,0.0375226,1,-0.164542,-0.24576,-0.25993,-0.151532,-0.203858,-0.307876,-0.164542,-0.24576,-0.233937,0.0299386
132,2.39078,0.0361478,1,-0.179242,-0.275109,-0.276289,-0.167798,-0.23677,-0.324447,-0.179242,-0.275109,-0.24866,0.0346659
133,2.4089,0.0334838,1,-0.197139,-0.307863,-0.28861,-0.187483,-0.274018,-0.334705,-0.197139,-0.307863,-0.259749,0.0398273
134,2.42701,0.0308255,1,-0.218158,-0.346666,-0.294467,-0.210775,-0.315792,-0.337396,-0.218158,-0.346666,-0.26502,0.0449682
135,2.44512,0.0282381,1,-0.242322,-0.390802,-0.291711,-0.237834,-0.361974,-0.330966,-0.242322,-0.390802,-0.26254,0.0494816
136,2.46323,0.025216,1,-0.26979,-0.437431,-0.278127,-0.26873,-0.411952,-0.313584,-0.26979,-0.437431,-0.250314,0.0525251
137,2.48134,0.0223717,1,-0.301525,-0.487305,-0.252058,-0.30334,-0.464365,-0.283235,-0.301525,-0.487305,-0.226853,0.0532014
138,2.49946,0.0201018,1,-0.336612,-0.537214,-0.210115,-0.341227,-0.516825,-0.237958,-0.336612,-0.537214,-0.189103,0.0495091
139,2.51757,0.0183752,1,-0.374225,-0.584493,-0.151674,-0.381483,-0.565671,-0.176291,-0.374225,-0.584493,-0.136507,0.0397322
140,2.53568,0.0171727,1,-0.413149,-0.623922,-0.0762467,-0.422573,-0.605898,-0.0979503,-0.413149,-0.623922,-0.068622,0.0220509
141,2.55379,0.0158053,1,-0.449995,-0.649227,0.0121801,-0.46223,-0.631478,-0.00469353,-0.449995,-0.649227,0.0109621,-0.0038367
142,2.5719,0.0151754,1,-0.483353,-0.656173,0.108652,-0.497474,-0.636274,0.0988787,-0.483353,-0.656173,0.0977869,-0.0367621
143,2.59002,0.0160461,1,-0.509975,-0.639063,0.205567,-0.524864,-0.615601,0.205036,-0.509975,-0.639063,0.18501,-0.0733837
144,2.60813,0.0186238,1,-0.526318,-0.595896,0.296579,-0.541013,-0.568069,0.303668,-0.526318,-0.595896,0.266921,-0.109266
145,2.62624,0.021316,1,-0.52968,-0.53011,0.375659,-0.543321,-0.496899,0.384265,-0.52968,-0.53011,0.338093,-0.139285
146,2.64435,0.0251006,1,-0.519603,-0.450923,0.429853,-0.530676,-0.409798,0.438587,-0.519603,-0.450923,0.386868,-0.156347
147,2.66246,0.0295557,1,-0.496725,-0.367385,0.456227,-0.503851,-0.317125,0.462843,-0.496725,-0.367385,0.410605,-0.158634
148,2.68058,0.0325746,1,-0.462982,-0.285356,0.455115,-0.465385,-0.229075,0.458276,-0.462982,-0.285356,0.409604,-0.147497
149,2.69869,0.0349854,1,-0.421266,-0.213794,0.429191,-0.418987,-0.153246,0.429987,-0.421266,-0.213794,0.386272,-0.126562
150,2.7168,0.0350214,1,-0.372656,-0.153973,0.388409,-0.368734,-0.0935474,0.384823,-0.372656,-0.153973,0.349568,-0.10132
151,2.73491,0.0349159,1,-0.324509,-0.110266,0.336424,-0.318341,-0.0505132,0.329429,-0.324509,-0.110266,0.302782,-0.0764209
152,2.75302,0.0372836,1,-0.280275,-0.0851061,0.281243,-0.270716,-0.0224043,0.269107,-0.280275,-0.0851061,0.253119,-0.0551778
153,2.77114,0.0398207,1,-0.240646,-0.0721198,0.224086,-0.227809,-0.00641413,0.207502,-0.240646,-0.0721198,0.201677,-0.0377478
154,2.78925,0.0423044,1,-0.206907,-0.0677337,0.168277,-0.190681,0.000424073,0.146825,-0.206907,-0.0677337,0.151449,-0.0243724
155,2.80736,0.0436535,1,-0.178171,-0.0672911,0.115642,-0.159692,0.000719209,0.0882558,-0.178171,-0.0672911,0.104078,-0.0144229
156,2.82547,0.0439794,1,-0.153969,-0.0697515,0.0645995,-0.134715,-0.00348712,0.0323366,-0.153969,-0.0697515,0.0581395,-0.0069624
157,2.84358,0.0449459,1,-0.135585,-0.0754278,0.0175429,-0.115331,-0.0107404,-0.0207417,-0.135585,-0.0754278,0.0157886,-0.00166499
158,2.8617,0.0463584,1,-0.122612,-0.0850792,-0.0290297,-0.100984,-0.0201017,-0.0709516,-0.122612,-0.0850792,-0.0261267,0.00249158
159,2.87981,0.0474227,1,-0.113268,-0.0963288,-0.0736799,-0.0910882,-0.0310468,-0.118323,-0.113268,-0.0963288,-0.0663119,0.0058419
160,2.89792,0.0477022,1,-0.107278,-0.106952,-0.115019,-0.0851001,-0.0433672,-0.16289,-0.107278,-0.106952,-0.103517,0.00863726
161,2.91603,0.0486309,1,-0.104706,-0.119014,-0.152027,-0.0825602,-0.0570888,-0.204655,-0.104706,-0.119014,-0.136824,0.0111427
162,2.93414,0.0495507,1,-0.104693,-0.131917,-0.185626,-0.0831136,-0.0724096,-0.243583,-0.104693,-0.131917,-0.167063,0.0136037
163,2.95226,0.0500297,1,-0.107503,-0.144699,-0.216025,-0.0865184,-0.0896555,-0.279576,-0.107503,-0.144699,-0.194423,0.0162563
164,2.97037,0.0503641,1,-0.112036,-0.159723,-0.244009,-0.092645,-0.109251,-0.312465,-0.112036,-0.159723,-0.219608,0.0191365
165,2.98848,0.0501803,1,-0.118979,-0.177391,-0.27015,-0.101472,-0.131698,-0.341982,-0.118979,-0.177391,-0.243135,0.0224995
166,3.00659,0.0493154,1,-0.128523,-0.197821,-0.294001,-0.113079,-0.157561,-0.367735,-0.128523,-0.197821,-0.264601,0.0264502
167,3.0247,0.0468287,1,-0.140192,-0.221008,-0.316397,-0.127637,-0.187447,-0.389163,-0.140192,-0.221008,-0.284758,0.0310494
168,3.04282,0.0439535,1,-0.153882,-0.248239,-0.334537,-0.1454,-0.221972,-0.405486,-0.153882,-0.248239,-0.301083,0.0360354
169,3.06093,0.0403597,1,-0.171022,-0.28106,-0.348611,-0.16668,-0.26171,-0.415644,-0.171022,-0.28106,-0.31375,0.0417341
170,3.07904,0.0359328,1,-0.191317,-0.318779,-0.357096,-0.191832,-0.307102,-0.418226,-0.191317,-0.318779,-0.321387,0.0478232
171,3.09715,0.031362,1,-0.21542,-0.36219,-0.357534,-0.221197,-0.358304,-0.411407,-0.21542,-0.36219,-0.321781,0.053914
172,3.11526,0.0269439,1,-0.24343,-0.411108,-0.347878,-0.255042,-0.414956,-0.392915,-0.24343,-0.411108,-0.31309,0.0592788
173,3.13338,0.0232996,1,-0.276368,-0.464334,-0.325384,-0.293445,-0.475859,-0.360085,-0.276368,-0.464334,-0.292846,0.062948
174,3.15149,0.0208373,1,-0.312885,-0.521074,-0.288723,-0.336144,-0.538553,-0.310079,-0.312885,-0.521074,-0.259851,0.063236
175,3.1696,0.0210459,1,-0.352558,-0.578413,-0.235478,-0.382323,-0.598879,-0.240377,-0.352558,-0.578413,-0.21193,0.0581138
176,3.18771,0.0248305,1,-0.39474,-0.632201,-0.165095,-0.430376,-0.650686,-0.149667,-0.39474,-0.632201,-0.148585,0.0456186
177,3.20582,0.0304942,1,-0.438698,-0.673581,-0.0724811,-0.477697,-0.686026,-0.0391056,-0.438698,-0.673581,-0.065233,0.0222581
178,3.22394,0.036637,1,-0.480123,-0.695183,0.0374542,-0.520616,-0.696218,0.0863014,-0.480123,-0.695183,0.0337088,-0.0125878
179,3.24205,0.0430607,1,-0.516416,-0.694502,0.156224,-0.554655,-0.674052,0.216906,-0.516416,-0.694502,0.140602,-0.0564736
180,3.26016,0.0492244,1,-0.543674,-0.661668,0.273948,-0.575206,-0.616704,0.339164,-0.543674,-0.661668,0.246553,-0.104257
181,3.27827,0.053699,1,-0.55705,-0.595797,0.378484,-0.578593,-0.528072,0.438483,-0.55705,-0.595797,0.340635,-0.147584
182,3.29638,0.0568534,1,-0.551695,-0.504676,0.456555,-0.563172,-0.418844,0.503438,-0.551695,-0.504676,0.410899,-0.176315
183,3.3145,0.0596372,1,-0.531,-0.403283,0.502112,-0.52996,-0.30363,0.52928,-0.531,-0.403283,0.451901,-0.186635
184,3.33261,0.0599119,1,-0.494876,-0.298915,0.508021,-0.482451,-0.196449,0.51873,-0.494876,-0.298915,0.457219,-0.175985
185,3.35072,0.0589488,1,-0.447368,-0.206757,0.481951,-0.425683,-0.107006,0.479822,-0.447368,-0.206757,0.433756,-0.150927
186,3.36883,0.0582161,1,-0.393663,-0.134593,0.439244,-0.365013,-0.0393899,0.422425,-0.393663,-0.134593,0.39532,-0.12104
187,3.38694,0.0559626,1,-0.337151,-0.0801599,0.383156,-0.305106,0.00699612,0.355363,-0.337151,-0.0801599,0.344841,-0.0904269
188,3.40506,0.0543492,1,-0.283213,-0.0439254,0.32259,-0.249386,0.0354972,0.285049,-0.283213,-0.0439254,0.290331,-0.0639533
189,3.42317,0.055017,1,-0.235241,-0.0265813,0.25907,-0.199938,0.0504112,0.215407,-0.235241,-0.0265813,0.233163,-0.0426607
190,3.44128,0.055496,1,-0.19409,-0.0199423,0.195075,-0.157696,0.0558264,0.148449,-0.19409,-0.0199423,0.175568,-0.0265035
191,3.45939,0.0561416,1,-0.159131,-0.0189191,0.136514,-0.122751,0.0550822,0.0849785,-0.159131,-0.0189191,0.122863,-0.0152065
192,3.4775,0.0565541,1,-0.130415,-0.0202447,0.082506,-0.0946517,0.0506448,0.0251411,-0.130415,-0.0202447,0.0742554,-0.00753202
193,3.49562,0.0564252,1,-0.107108,-0.0231636,0.0306599,-0.0726595,0.0441913,-0.0312113,-0.107108,-0.0231636,0.0275939,-0.00229874
194,3.51373,0.0574168,1,-0.08953,-0.0291796,-0.0179031,-0.0559264,0.036769,-0.0843232,-0.08953,-0.0291796,-0.0161128,0.00112201
195,3.53184,0.058459,1,-0.0759283,-0.0378572,-0.0655678,-0.0436141,0.0289594,-0.134442,-0.0759283,-0.0378572,-0.059011,0.00348492
196,3.54995,0.0591763,1,-0.0662518,-0.0440995,-0.109076,-0.0349637,0.0210165,-0.181784,-0.0662518,-0.0440995,-0.0981685,0.00505854
197,3.56806,0.060029,1,-0.0593886,-0.0503332,-0.149719,-0.0293297,0.0129733,-0.226525,-0.0593886,-0.0503332,-0.134747,0.00622412
198,3.58618,0.0613986,1,-0.0553377,-0.057823,-0.187881,-0.0261922,0.00471727,-0.268805,-0.0553377,-0.057823,-0.169093,0.00727785
199,3.60429,0.0624962,1,-0.0536706,-0.0659415,-0.224692,-0.0251558,-0.00396045,-0.308731,-0.0536706,-0.0659415,-0.202223,0.00844156
200,3.6224,0.0639862,1,-0.0536599,-0.0752535,-0.258745,-0.0259409,-0.0133348,-0.346383,-0.0536599,-0.0752535,-0.232871,0.00971897
201,3.64051,0.0655382,1,-0.0551336,-0.0842935,-0.289604,-0.0283733,-0.0237324,-0.38181,-0.0551336,-0.0842935,-0.260643,0.0111768
202,3.65862,0.0651912,1,-0.0569977,-0.0905499,-0.319553,-0.0323744,-0.0355272,-0.41503,-0.0569977,-0.0905499,-0.287598,0.0127497
203,3.67674,0.0644397,1,-0.0597982,-0.0979319,-0.34804,-0.037952,-0.0491441,-0.446019,-0.0597982,-0.0979319,-0.313236,0.0145685
204,3.69485,0.0636725,1,-0.064615,-0.108226,-0.375089,-0.045195,-0.0650675,-0.474702,-0.064615,-0.108226,-0.33758,0.0169655
205,3.71296,0.0622593,1,-0.0709561,-0.121179,-0.401145,-0.0542705,-0.0838529,-0.50093,-0.0709561,-0.121179,-0.361031,0.0199246
206,3.73107,0.0609449,1,-0.0792821,-0.137307,-0.42456,-0.0654236,-0.106139,-0.524456,-0.0792821,-0.137307,-0.382104,0.023562
207,3.74918,0.0595998,1,-0.0882976,-0.155368,-0.444625,-0.0789792,-0.132657,-0.544893,-0.0882976,-0.155368,-0.400162,0.0274815
208,3.7673,0.0581699,1,-0.0982804,-0.17563,-0.461598,-0.0953454,-0.164236,-0.561662,-0.0982804,-0.17563,-0.415438,0.0317562
209,3.78541,0.0575439,1,-0.110488,-0.19936,-0.474374,-0.115014,-0.201789,-0.57391,-0.110488,-0.19936,-0.426936,0.0366887
210,3.80352,0.0571632,1,-0.125228,-0.227154,-0.484191,-0.13856,-0.246273,-0.580418,-0.125228,-0.227154,-0.435772,0.0424441
211,3.82163,0.0573145,1,-0.143027,-0.261034,-0.490655,-0.166622,-0.2986,-0.579464,-0.143027,-0.261034,-0.44159,0.0491239
212,3.83974,0.0577259,1,-0.164775,-0.302564,-0.494331,-0.199875,-0.359462,-0.568678,-0.164775,-0.302564,-0.444898,0.0570176
213,3.85786,0.0604591,1,-0.191221,-0.351874,-0.492596,-0.238951,-0.429023,-0.544901,-0.191221,-0.351874,-0.443336,0.0659362
214,3.87597,0.0678512,1,-0.222746,-0.409211,-0.480215,-0.284312,-0.506422,-0.50411,-0.222746,-0.409211,-0.432193,0.0748762
215,3.89408,0.080022,1,-0.259714,-0.474022,-0.454093,-0.336026,-0.589044,-0.441566,-0.259714,-0.474022,-0.408684,0.0825542
216,3.91219,0.095374,1,-0.302613,-0.546271,-0.410161,-0.393441,-0.671583,-0.352406,-0.302613,-0.546271,-0.369145,0.0868841
217,3.9303,0.114276,1,-0.350593,-0.618955,-0.344358,-0.454735,-0.745172,-0.232999,-0.350593,-0.618955,-0.309922,0.0845105
218,3.94842,0.134709,1,-0.402652,-0.689218,-0.256002,-0.516449,-0.797171,-0.0832713,-0.402652,-0.689218,-0.230401,0.0721557
219,3.96653,0.152436,1,-0.457082,-0.748258,-0.137895,-0.573207,-0.812665,0.090308,-0.457082,-0.748258,-0.124105,0.0441205
220,3.98464,0.167391,1,-0.510498,-0.786609,0.0033658,-0.617991,-0.778562,0.272512,-0.510498,-0.786609,0.00302922,-0.00120276
221,4.00275,0.175965,1,-0.559125,-0.789744,0.165046,-0.643338,-0.689772,0.440373,-0.559125,-0.789744,0.148542,-0.0645971
222,4.02086,0.177956,1,-0.595108,-0.742641,0.330012,-0.643399,-0.554309,0.569186,-0.595108,-0.742641,0.297011,-0.137475
223,4.03898,0.176808,1,-0.609805,-0.645451,0.468589,-0.616087,-0.392869,0.64164,-0.609805,-0.645451,0.42173,-0.200024
224,4.05709,0.171839,1,-0.60107,-0.513591,0.566835,-0.564094,-0.231554,0.654436,-0.60107,-0.513591,0.510151,-0.238495
225,4.0752,0.16409,1,-0.56902,-0.366188,0.613218,-0.494075,-0.0920723,0.617749,-0.56902,-0.366188,0.551896,-0.244253
226,4.09331,0.152766,1,-0.515019,-0.225032,0.600046,-0.414481,0.0142671,0.548656,-0.515019,-0.225032,0.540042,-0.216325
227,4.11142,0.142616,1,-0.448868,-0.112974,0.552624,-0.333281,0.0864459,0.463801,-0.448868,-0.112974,0.497361,-0.173639
228,4.12954,0.133552,1,-0.37671,-0.0314685,0.489372,-0.256515,0.129882,0.375235,-0.37671,-0.0314685,0.440435,-0.129046
229,4.14765,0.123304,1,-0.305424,0.0229529,0.412562,-0.187878,0.15228,0.289806,-0.305424,0.0229529,0.371306,-0.0882046
230,4.16576,0.113665,1,-0.239552,0.0559211,0.33496,-0.129008,0.160957,0.210435,-0.239552,0.0559211,0.301464,-0.0561683
231,4.18387,0.105409,1,-0.181234,0.0700481,0.258953,-0.0800527,0.161719,0.137741,-0.181234,0.0700481,0.233058,-0.0328517
232,4.20198,0.0983361,1,-0.131365,0.0732926,0.187082,-0.0402382,0.158708,0.0712799,-0.131365,0.0732926,0.168374,-0.0172032
233,4.2201,0.0943113,1,-0.0909647,0.0717065,0.124158,-0.00831591,0.154668,0.0102704,-0.0909647,0.0717065,0.111742,-0.0079058
234,4.23821,0.0920622,1,-0.0600849,0.067985,0.0658463,0.0171314,0.151309,-0.0460514,-0.0600849,0.067985,0.0592617,-0.00276946
235,4.25632,0.0899797,1,-0.0328412,0.0673103,0.0137757,0.037504,0.149641,-0.098306,-0.0328412,0.0673103,0.0123981,-0.000316687
236,4.27443,0.0892686,1,-0.0110376,0.0670379,-0.0340603,0.0540867,0.150233,-0.146949,-0.0110376,0.0670379,-0.0306543,0.000263161
237,4.29254,0.0908973,1,0.00583281,0.0673834,-0.076011,0.068009,0.153405,-0.192292,0.00583281,0.0673834,-0.0684099,-0.00031035
238,4.31066,0.0925864,1,0.0199558,0.0701185,-0.115699,0.0802402,0.159354,-0.234525,0.0199558,0.0701185,-0.10413,-0.00161621
239,4.32877,0.0933855,1,0.0327151,0.0751834,-0.155274,0.0916056,0.168244,-0.27374,0.0327151,0.0751834,-0.139747,-0.00355588
240,4.34688,0.0933837,1,0.0441866,0.0812612,-0.196259,0.102812,0.180263,-0.30994,0.0441866,0.0812612,-0.176633,-0.00607042
241,4.36499,0.095443,1,0.0545568,0.0892828,-0.23158,0.114478,0.195658,-0.343034,0.0545568,0.0892828,-0.208422,-0.00884399
242,4.3831,0.0986651,1,0.0650318,0.100303,-0.262169,0.127161,0.214758,-0.372824,0.0650318,0.100303,-0.235952,-0.0119345
243,4.40122,0.100834,1,0.0760858,0.116894,-0.291384,0.141386,0.237977,-0.398982,0.0760858,0.116894,-0.262245,-0.0155191
244,4.41933,0.103064,1,0.0887432,0.137758,-0.31748,0.157666,0.265811,-0.42101,0.0887432,0.137758,-0.285732,-0.0197219
245,4.43744,0.107102,1,0.102842,0.161282,-0.33785,0.176516,0.29882,-0.438188,0.102842,0.161282,-0.304065,-0.0243216
246,4.45555,0.111446,1,0.119705,0.189873,-0.353373,0.198463,0.337574,-0.449508,0.119705,0.189873,-0.318036,-0.0296105
247,4.47366,0.116251,1,0.138813,0.223385,-0.364502,0.224035,0.382579,-0.453594,0.138813,0.223385,-0.328052,-0.0354182
248,4.49178,0.122447,1,0.160628,0.260709,-0.369647,0.25374,0.434126,-0.448619,0.160628,0.260709,-0.332682,-0.041563
249,4.50989,0.128856,1,0.186191,0.304288,-0.367565,0.288011,0.492067,-0.432243,0.186191,0.304288,-0.330808,-0.047906
250,4.528,0.134871,1,0.216379,0.354889,-0.356054,0.327107,0.555474,-0.401618,0.216379,0.354889,-0.320449,-0.0539299
251,4.54611,0.140567,1,0.25039,0.411665,-0.333021,0.370963,0.622184,-0.353542,0.25039,0.411665,-0.299719,-0.0583696
252,4.56422,0.146663,1,0.288046,0.470839,-0.295724,0.418978,0.688255,-0.284896,0.288046,0.470839,-0.266151,-0.0596274
253,4.58234,0.151749,1,0.329707,0.530058,-0.240289,0.469739,0.747513,-0.193512,0.329707,0.530058,-0.21626,-0.0554574
254,4.60045,0.153897,1,0.374924,0.585827,-0.166041,0.520751,0.791506,-0.0795352,0.374924,0.585827,-0.149437,-0.0435769
255,4.61856,0.152124,1,0.421277,0.629521,-0.069993,0.568289,0.810385,0.0528927,0.421277,0.629521,-0.0629937,-0.0206405
256,4.63667,0.144894,1,0.46467,0.652232,0.0455057,0.607546,0.795117,0.194344,0.46467,0.652232,0.0409551,0.0148016
257,4.65478,0.129497,1,0.502453,0.649031,0.173013,0.633291,0.740863,0.330358,0.502453,0.649031,0.155712,0.0608517
258,4.6729,0.108684,1,0.528636,0.609506,0.298775,0.641019,0.650171,0.444215,0.528636,0.609506,0.268897,0.11056
259,4.69101,0.0824388,1,0.539441,0.535317,0.410036,0.628292,0.533843,0.521803,0.539441,0.535317,0.369033,0.154833
260,4.70912,0.0551627,1,0.533882,0.434503,0.488287,0.59565,0.408158,0.556253,0.533882,0.434503,0.439458,0.182481
261,4.72723,0.0314367,1,0.50834,0.323278,0.530427,0.546587,0.289584,0.549577,0.50834,0.323278,0.477384,0.188746
262,4.74534,0.0233083,1,0.466764,0.213122,0.537003,0.48657,0.189971,0.510515,0.466764,0.213122,0.483303,0.175457
263,4.76346,0.0332074,1,0.415422,0.117374,0.507503,0.421611,0.114574,0.450389,0.415422,0.117374,0.456753,0.14758
264,4.78157,0.0441328,1,0.357192,0.0427603,0.453189,0.357025,0.0629696,0.379468,0.357192,0.0427603,0.40787,0.113313
265,4.79968,0.0530255,1,0.299079,-0.006736,0.388719,0.296735,0.0313695,0.305187,0.299079,-0.006736,0.349847,0.0813804
266,4.81779,0.0602607,1,0.244367,-0.0371002,0.322544,0.243131,0.0148122,0.232003,0.244367,-0.0371002,0.290289,0.0551732
267,4.8359,0.0656287,1,0.194569,-0.0546209,0.25655,0.197274,0.00858213,0.162107,0.194569,-0.0546209,0.230895,0.0349417
268,4.85402,0.0696818,1,0.15304,-0.0607892,0.194657,0.159259,0.00884964,0.0962777,0.15304,-0.0607892,0.175191,0.0208531
269,4.87213,0.0721834,1,0.117465,-0.0620111,0.134109,0.128565,0.0128045,0.0345562,0.117465,-0.0620111,0.120698,0.0110271
270,4.89024,0.0741917,1,0.0888945,-0.0600185,0.0771874,0.104341,0.0185416,-0.0233261,0.0888945,-0.0600185,0.0694686,0.00480307
271,4.90835,0.0760788,1,0.0657375,-0.0551088,0.0251049,0.0856164,0.0248646,-0.0777202,0.0657375,-0.0551088,0.0225944,0.00115523
272,4.92646,0.0776063,1,0.0474472,-0.0477824,-0.0227898,0.0714307,0.0310902,-0.12896,0.0474472,-0.0477824,-0.0205108,-0.000756916
273,4.94458,0.0789752,1,0.034189,-0.0428495,-0.0694401,0.0609075,0.0368843,-0.177328,0.034189,-0.0428495,-0.0624961,-0.00166186
274,4.96269,0.0792775,1,0.0246739,-0.0381463,-0.1154,0.0532919,0.0421389,-0.223057,0.0246739,-0.0381463,-0.10386,-0.00199315
275,4.9808,0.079749,1,0.0179692,-0.032336,-0.157226,0.0479603,0.0468835,-0.266334,0.0179692,-0.032336,-0.141504,-0.00197766
276,4.99891,0.0808307,1,0.0129738,-0.0269521,-0.195512,0.0444155,0.0512265,-0.307317,0.0129738,-0.0269521,-0.17596,-0.00177558
277,5.01702,0.0817736,1,0.0095388,-0.0208677,-0.231313,0.0422744,0.0553175,-0.346138,0.0095388,-0.0208677,-0.208181,-0.00154451
278,5.03514,0.0829251,1,0.00799329,-0.0158997,-0.265168,0.0412525,0.0593263,-0.382916,0.00799329,-0.0158997,-0.238651,-0.0014837
279,5.05325,0.0837751,1,0.00664753,-0.0116053,-0.298448,0.0411488,0.0634323,-0.417753,0.00664753,-0.0116053,-0.268603,-0.00138876
280,5.07136,0.0840888,1,0.00713139,-0.00731353,-0.330896,0.0418319,0.0678216,-0.450743,0.00713139,-0.00731353,-0.297806,-0.00165182
281,5.08947,0.0844612,1,0.00852124,-0.00295572,-0.361659,0.0432284,0.072689,-0.481968,0.00852124,-0.00295572,-0.325493,-0.00215725
282,5.10758,0.0848691,1,0.0106168,0.0022667,-0.390537,0.0453151,0.0782435,-0.511499,0.0106168,0.0022667,-0.351484,-0.00290237
283,5.1257,0.0851538,1,0.0130416,0.0084824,-0.418104,0.0481127,0.0847162,-0.539397,0.0130416,0.0084824,-0.376293,-0.00381692
284,5.14381,0.0857584,1,0.0161892,0.0161101,-0.443276,0.0516828,0.0923696,-0.565703,0.0161892,0.0161101,-0.398949,-0.00502339
285,5.16192,0.0866078,1,0.0200812,0.0254876,-0.466248,0.0561272,0.10151,-0.590442,0.0200812,0.0254876,-0.419623,-0.00655397
286,5.18003,0.0874075,1,0.0251325,0.0356395,-0.488375,0.0615901,0.1125,-0.613609,0.0251325,0.0356395,-0.439538,-0.00859186
287,5.19814,0.0888735,1,0.031333,0.0466346,-0.508401,0.0682616,0.125773,-0.635164,0.031333,0.0466346,-0.457561,-0.0111508
288,5.21626,0.0902042,1,0.0389163,0.0597892,-0.52745,0.076384,0.141855,-0.655011,0.0389163,0.0597892,-0.474705,-0.0143685
289,5.23437,0.0911682,1,0.0482092,0.0766342,-0.545282,0.0862609,0.161376,-0.672976,0.0482092,0.0766342,-0.490754,-0.0184013
290,5.25248,0.0918326,1,0.0595075,0.0990584,-0.560736,0.0982669,0.185098,-0.688778,0.0595075,0.0990584,-0.504663,-0.0233576
291,5.27059,0.0923779,1,0.0735809,0.127282,-0.573317,0.11286,0.213925,-0.701968,0.0735809,0.127282,-0.515985,-0.0295296
292,5.2887,0.0929194,1,0.0904108,0.161067,-0.583143,0.130593,0.248922,-0.711863,0.0904108,0.161067,-0.524828,-0.0369057
293,5.30682,0.0929134,1,0.110892,0.202514,-0.589708,0.152128,0.291301,-0.717438,0.110892,0.202514,-0.530737,-0.0457757
294,5.32493,0.093063,1,0.135361,0.252424,-0.590487,0.178237,0.342387,-0.717177,0.135361,0.252424,-0.531438,-0.05595
295,5.34304,0.0948914,1,0.164508,0.310475,-0.581168,0.209793,0.403499,-0.708874,0.164508,0.310475,-0.523051,-0.0669247
296,5.36115,0.0984116,1,0.199844,0.376341,-0.559451,0.247734,0.47572,-0.689393,0.199844,0.376341,-0.503506,-0.0782619
297,5.37926,0.102751,1,0.241931,0.451167,-0.522715,0.29297,0.559447,-0.65441,0.241931,0.451167,-0.470443,-0.0885226
298,5.39738,0.10672,1,0.290877,0.533769,-0.468862,0.346194,0.653626,-0.598253,0.290877,0.533769,-0.421975,-0.0954666
299,5.41549,0.109704,1,0.347652,0.622531,-0.391264,0.407559,0.754569,-0.514073,0.347652,0.622531,-0.352137,-0.0952166
300,5.4336,0.113881,1,0.410019,0.708177,-0.280113,0.476152,0.854395,-0.394802,0.410019,0.708177,-0.252102,-0.0803963
301,5.45171,0.119304,1,0.472743,0.77871,-0.130772,0.549285,0.939571,-0.235487,0.472743,0.77871,-0.117695,-0.0432751
302,5.46982,0.123217,1,0.537359,0.816157,0.0515894,0.621744,0.990817,-0.0374069,0.537359,0.816157,0.0464304,0.0194054
303,5.48794,0.126757,1,0.591745,0.799054,0.252588,0.685455,0.986421,0.186905,0.591745,0.799054,0.227329,0.104627
304,5.50605,0.13215,1,0.623602,0.71036,0.442626,0.73025,0.910401,0.410992,0.623602,0.71036,0.398363,0.193216
305,5.52416,0.134078,1,0.629002,0.562805,0.591995,0.746301,0.76311,0.599076,0.629002,0.562805,0.532795,0.260656
306,5.54227,0.130025,1,0.602176,0.38362,0.680749,0.72766,0.566608,0.719331,0.602176,0.38362,0.612675,0.286952
307,5.56038,0.120849,1,0.549127,0.202655,0.695847,0.675037,0.357696,0.758477,0.549127,0.202655,0.626262,0.267476
308,5.5785,0.107136,1,0.474852,0.0519409,0.65237,0.595795,0.171733,0.726242,0.474852,0.0519409,0.587133,0.216846
309,5.59661,0.0906076,1,0.390308,-0.0581469,0.578276,0.501115,0.0293659,0.646778,0.390308,-0.0581469,0.520449,0.157994
310,5.61472,0.0754959,1,0.304434,-0.13406,0.491964,0.402256,-0.0658177,0.545562,0.304434,-0.13406,0.442768,0.104839
311,5.63283,0.0618618,1,0.224754,-0.174741,0.399677,0.307931,-0.121364,0.441067,0.224754,-0.174741,0.359709,0.0628804
312,5.65094,0.0512818,1,0.154214,-0.1947,0.311935,0.223452,-0.14869,0.343219,0.154214,-0.1947,0.280742,0.0336734
313,5.66906,0.0437624,1,0.0927403,-0.202982,0.236793,0.151121,-0.158455,0.255622,0.0927403,-0.202982,0.213114,0.0153722
314,5.68717,0.0385673,1,0.0427105,-0.204725,0.175103,0.0911157,-0.158809,0.178413,0.0427105,-0.204725,0.157593,0.00523511
315,5.70528,0.0365679,1,0.00177013,-0.203769,0.114434,0.0423512,-0.155314,0.110331,0.00177013,-0.203769,0.10299,0.000141794
316,5.72339,0.0356438,1,-0.0321512,-0.201579,0.0574285,0.00313208,-0.151488,0.0498529,-0.0321512,-0.201579,0.0516856,-0.00129247
317,5.7415,0.034287,1,-0.0592136,-0.198673,0.0080948,-0.0284263,-0.149432,-0.0043249,-0.0592136,-0.198673,0.00728532,-0.000335525
318,5.75962,0.032669,1,-0.0806349,-0.19776,-0.0373021,-0.0541552,-0.150332,-0.0531503,-0.0806349,-0.19776,-0.0335719,0.00210549
319,5.77773,0.0323862,1,-0.0987985,-0.200767,-0.0748031,-0.0757131,-0.154823,-0.0972266,-0.0987985,-0.200767,-0.0673228,0.0051733
320,5.79584,0.0333305,1,-0.115681,-0.209456,-0.109494,-0.094541,-0.163234,-0.136868,-0.115681,-0.209456,-0.0985447,0.00886646
321,5.81395,0.0331936,1,-0.130891,-0.221381,-0.142826,-0.111862,-0.175738,-0.172154,-0.130891,-0.221381,-0.128544,0.0130863
322,5.83206,0.0325844,1,-0.144758,-0.237307,-0.17271,-0.128703,-0.192448,-0.202961,-0.144758,-0.237307,-0.155439,0.0175008
323,5.85018,0.0328443,1,-0.159045,-0.258108,-0.196268,-0.145921,-0.213455,-0.22898,-0.159045,-0.258108,-0.176641,0.0218508
324,5.86829,0.0335249,1,-0.175773,-0.284315,-0.215505,-0.164234,-0.238836,-0.249714,-0.175773,-0.284315,-0.193955,0.026516
325,5.8864,0.0336848,1,-0.195017,-0.31397,-0.229366,-0.184242,-0.268628,-0.264465,-0.195017,-0.31397,-0.206429,0.0313112
326,5.90451,0.0324111,1,-0.216152,-0.344896,-0.23651,-0.206433,-0.302769,-0.272319,-0.216152,-0.344896,-0.212859,0.0357855
327,5.92262,0.0303967,1,-0.23915,-0.378788,-0.236353,-0.23118,-0.341002,-0.272139,-0.23915,-0.378788,-0.212718,0.0395668
328,5.94074,0.0287569,1,-0.264518,-0.417209,-0.227098,-0.258711,-0.382742,-0.262583,-0.264518,-0.417209,-0.204388,0.04205
329,5.95885,0.025949,1,-0.292266,-0.457844,-0.209736,-0.289066,-0.426901,-0.242176,-0.292266,-0.457844,-0.188763,0.0429091
330,5.97696,0.0231811,1,-0.323026,-0.499238,-0.18027,-0.322017,-0.4717,-0.209471,-0.323026,-0.499238,-0.162243,0.0407622
331,5.99507,0.0213833,1,-0.356377,-0.541845,-0.138361,-0.356974,-0.514492,-0.163326,-0.356377,-0.541845,-0.124525,0.034516
332,6.01318,0.0209188,1,-0.391081,-0.580491,-0.0814336,-0.392888,-0.551687,-0.10334,-0.391081,-0.580491,-0.0732902,0.022293
333,6.0313,0.0210078,1,-0.426019,-0.609756,-0.011265,-0.428169,-0.578892,-0.0304171,-0.426019,-0.609756,-0.0101385,0.00335938
334,6.04941,0.0204163,1,-0.457855,-0.623063,0.0681683,-0.460679,-0.591405,0.0526693,-0.457855,-0.623063,0.0613515,-0.0218478
335,6.06752,0.0196116,1,-0.484155,-0.617102,0.151768,-0.487855,-0.585122,0.140932,-0.484155,-0.617102,0.136591,-0.0514354
336,6.08563,0.0196134,1,-0.502143,-0.590837,0.233307,-0.507005,-0.557743,0.227375,-0.502143,-0.590837,0.209976,-0.0820073
337,6.10374,0.0205812,1,-0.510776,-0.545073,0.306598,-0.515767,-0.509875,0.303967,-0.510776,-0.545073,0.275938,-0.109622
338,6.12186,0.0221525,1,-0.508661,-0.483607,0.365005,-0.512634,-0.445483,0.363272,-0.508661,-0.483607,0.328504,-0.129965
339,6.13997,0.0241697,1,-0.495067,-0.413055,0.401674,-0.497363,-0.371282,0.400185,-0.495067,-0.413055,0.361507,-0.139199
340,6.15808,0.0270457,1,-0.470964,-0.341984,0.414592,-0.471113,-0.295166,0.413037,-0.470964,-0.341984,0.373133,-0.136681
341,6.17619,0.0291031,1,-0.437334,-0.274679,0.405893,-0.436224,-0.224337,0.403562,-0.437334,-0.274679,0.365303,-0.124257
342,6.1943,0.029934,1,-0.398488,-0.215533,0.379699,-0.395736,-0.163899,0.375892,-0.398488,-0.215533,0.341729,-0.105914
343,6.21242,0.0322115,1,-0.35851,-0.17173,0.339012,-0.35282,-0.116364,0.335134,-0.35851,-0.17173,0.305111,-0.0850773
344,6.23053,0.0343478,1,-0.318529,-0.14071,0.290838,-0.310308,-0.0819744,0.286159,-0.318529,-0.14071,0.261754,-0.0648483
345,6.24864,0.0354029,1,-0.280235,-0.119089,0.243273,-0.270406,-0.0594564,0.232907,-0.280235,-0.119089,0.218945,-0.0477215
346,6.26675,0.0367332,1,-0.24661,-0.107182,0.194304,-0.234612,-0.0468093,0.178205,-0.24661,-0.107182,0.174873,-0.033542
347,6.28486,0.0383779,1,-0.218023,-0.103149,0.145449,-0.20377,-0.0419052,0.123892,-0.218023,-0.103149,0.130904,-0.0221979
348,6.30298,0.0393254,1,-0.194307,-0.103703,0.0970897,-0.178204,-0.0428489,0.071071,-0.194307,-0.103703,0.0873807,-0.0132056
349,6.32109,0.0387596,1,-0.174585,-0.106478,0.0490714,-0.157869,-0.0481385,0.0203662,-0.174585,-0.106478,0.0441643,-0.00599701
350,6.3392,0.0381627,1,-0.159133,-0.112205,0.00392325,-0.142499,-0.0566972,-0.0278794,-0.159133,-0.112205,0.00353093,-0.000437023
351,6.35731,0.0383175,1,-0.14797,-0.121736,-0.038319,-0.131715,-0.0678367,-0.073466,-0.14797,-0.121736,-0.0344871,0.00396903
352,6.37542,0.0392003,1,-0.14124,-0.135528,-0.0788629,-0.125117,-0.0811926,-0.116249,-0.14124,-0.135528,-0.0709766,0.00779703
353,6.39354,0.0404984,1,-0.139013,-0.150947,-0.114919,-0.122333,-0.0966569,-0.156086,-0.139013,-0.150947,-0.103427,0.0111826
354,6.41165,0.0411207,1,-0.139211,-0.167456,-0.14821,-0.12306,-0.114317,-0.192799,-0.139211,-0.167456,-0.133389,0.0144427
355,6.42976,0.0408452,1,-0.141958,-0.184807,-0.178785,-0.12708,-0.134404,-0.226147,-0.141958,-0.184807,-0.160906,0.0177659
356,6.44787,0.039933,1,-0.147565,-0.202837,-0.205511,-0.134264,-0.157252,-0.2558,-0.147565,-0.202837,-0.18496,0.0212283
357,6.46598,0.0384545,1,-0.155919,-0.222907,-0.229006,-0.144578,-0.183258,-0.28131,-0.155919,-0.222907,-0.206106,0.0249946
358,6.4841,0.0368378,1,-0.16683,-0.246799,-0.248771,-0.158065,-0.212845,-0.302075,-0.16683,-0.246799,-0.223894,0.0290517
359,6.50221,0.0348482,1,-0.181264,-0.275787,-0.264969,-0.174837,-0.246408,-0.317303,-0.181264,-0.275787,-0.238472,0.0336205
360,6.52032,0.0313127,1,-0.19902,-0.308737,-0.277737,-0.19505,-0.284249,-0.325966,-0.19902,-0.308737,-0.249964,0.0386927
361,6.53843,0.0274689,1,-0.219706,-0.346949,-0.283834,-0.21887,-0.326471,-0.326771,-0.219706,-0.346949,-0.255451,0.0436521
362,6.55654,0.0233092,1,-0.243507,-0.389642,-0.281549,-0.24642,-0.372835,-0.318141,-0.243507,-0.389642,-0.253394,0.0479915
363,6.57466,0.0190564,1,-0.27037,-0.435391,-0.268744,-0.277712,-0.42256,-0.298254,-0.27037,-0.435391,-0.241869,0.0508621
364,6.59277,0.0149367,1,-0.301412,-0.483877,-0.243971,-0.312545,-0.474078,-0.265169,-0.301412,-0.483877,-0.219574,0.0514751
365,6.61088,0.0123786,1,-0.335854,-0.532601,-0.203407,-0.350373,-0.524768,-0.217101,-0.335854,-0.532601,-0.183066,0.0478205
366,6.62899,0.0116183,1,-0.372821,-0.578577,-0.146334,-0.390161,-0.570755,-0.152901,-0.372821,-0.578577,-0.131701,0.0381895
367,6.6471,0.0127986,1,-0.410755,-0.617489,-0.0733712,-0.430238,-0.606932,-0.0727591,-0.410755,-0.617489,-0.0660341,0.0210963
368,6.66522,0.0158998,1,-0.446991,-0.64257,0.012191,-0.468227,-0.627391,0.0209693,-0.446991,-0.64257,0.0109719,-0.0038145
369,6.68333,0.0208841,1,-0.479776,-0.650004,0.105806,-0.50111,-0.626458,0.123093,-0.479776,-0.650004,0.0952257,-0.0355343
370,6.70144,0.0269263,1,-0.505919,-0.634056,0.200044,-0.525534,-0.600277,0.225525,-0.505919,-0.634056,0.18004,-0.0708445
371,6.71955,0.0321578,1,-0.522342,-0.593148,0.289083,-0.53836,-0.548501,0.31828,-0.522342,-0.593148,0.260175,-0.1057
372,6.73766,0.0354621,1,-0.526019,-0.530201,0.366535,-0.537371,-0.47527,0.391563,-0.526019,-0.530201,0.329881,-0.134963
373,6.75578,0.0390934,1,-0.517064,-0.453905,0.420647,-0.521896,-0.38871,0.438286,-0.517064,-0.453905,0.378582,-0.152251
374,6.77389,0.0427755,1,-0.495345,-0.372545,0.447923,-0.49308,-0.298916,0.455845,-0.495345,-0.372545,0.403131,-0.155314
375,6.792,0.0451259,1,-0.462987,-0.292832,0.44901,-0.453663,-0.215277,0.446293,-0.462987,-0.292832,0.404109,-0.14552
376,6.81011,0.0461118,1,-0.422667,-0.222125,0.425175,-0.407352,-0.144405,0.414978,-0.422667,-0.222125,0.382657,-0.125795
377,6.82822,0.0447297,1,-0.375495,-0.162817,0.386017,-0.358052,-0.0893886,0.368518,-0.375495,-0.162817,0.347416,-0.101463
378,6.84634,0.0432077,1,-0.328366,-0.119109,0.335369,-0.309222,-0.0502775,0.31309,-0.328366,-0.119109,0.301833,-0.0770868
379,6.86445,0.0441405,1,-0.284881,-0.0930897,0.281362,-0.263503,-0.0251781,0.253503,-0.284881,-0.0930897,0.253226,-0.0561083
380,6.88256,0.0455318,1,-0.24592,-0.0796248,0.224886,-0.22262,-0.0113516,0.193022,-0.24592,-0.0796248,0.202397,-0.0387127
381,6.90067,0.0470219,1,-0.212394,-0.0746527,0.169665,-0.187477,-0.00600714,0.133608,-0.212394,-0.0746527,0.152698,-0.0252251
382,6.91878,0.0479445,1,-0.184018,-0.0741242,0.117487,-0.158336,-0.00673826,0.07631,-0.184018,-0.0741242,0.105739,-0.0151339
383,6.9369,0.0478425,1,-0.160068,-0.0763238,0.0670229,-0.135029,-0.0116877,0.0216143,-0.160068,-0.0763238,0.0603206,-0.00750976
384,6.95501,0.0487613,1,-0.141639,-0.0821107,0.0208769,-0.117133,-0.0195508,-0.0302965,-0.141639,-0.0821107,0.0187892,-0.00206988
385,6.97312,0.0497671,1,-0.128856,-0.0919714,-0.0253844,-0.104111,-0.0295023,-0.0793808,-0.128856,-0.0919714,-0.022846,0.00228966
386,6.99123,0.0504568,1,-0.119724,-0.103534,-0.06953,-0.0954123,-0.0411017,-0.125644,-0.119724,-0.103534,-0.062577,0.0058271
387,7.00934,0.0503441,1,-0.114033,-0.114859,-0.111018,-0.0905338,-0.0542013,-0.169087,-0.114033,-0.114859,-0.0999161,0.00886178
388,7.02746,0.0509782,1,-0.111693,-0.127628,-0.147782,-0.0890587,-0.0688717,-0.209683,-0.111693,-0.127628,-0.133004,0.0115543
389,7.04557,0.0517176,1,-0.112027,-0.141285,-0.180727,-0.0906746,-0.0853449,-0.247352,-0.112027,-0.141285,-0.162654,0.0141724
390,7.06368,0.0519838,1,-0.115248,-0.155274,-0.21073,-0.0951794,-0.103974,-0.281951,-0.115248,-0.155274,-0.189657,0.0170003
391,7.08179,0.051892,1,-0.120343,-0.170901,-0.237946,-0.102481,-0.125203,-0.313252,-0.120343,-0.170901,-0.214151,0.0200445
392,7.0999,0.051117,1,-0.127848,-0.189695,-0.26349,-0.11259,-0.149549,-0.340913,-0.127848,-0.189695,-0.237141,0.0235807
393,7.11802,0.0494994,1,-0.138257,-0.211739,-0.286836,-0.125616,-0.177576,-0.364448,-0.138257,-0.211739,-0.258152,0.02776
394,7.13613,0.0463668,1,-0.151042,-0.23698,-0.308154,-0.141752,-0.209872,-0.383177,-0.151042,-0.23698,-0.277338,0.0325809
395,7.15424,0.0425319,1,-0.165868,-0.266452,-0.325272,-0.161262,-0.247,-0.396175,-0.165868,-0.266452,-0.292745,0.0377665
396,7.17235,0.0381689,1,-0.184327,-0.301528,-0.337213,-0.184456,-0.289426,-0.402206,-0.184327,-0.301528,-0.303492,0.0435102
397,7.19046,0.0333268,1,-0.206073,-0.341315,-0.342347,-0.211654,-0.337393,-0.399666,-0.206073,-0.341315,-0.308112,0.0493839
398,7.20858,0.0280783,1,-0.231496,-0.386619,-0.339495,-0.243127,-0.390738,-0.386537,-0.231496,-0.386619,-0.305546,0.0550143
399,7.22669,0.0241935,1,-0.261331,-0.436137,-0.324526,-0.279009,-0.448611,-0.360412,-0.261331,-0.436137,-0.292073,0.059366
400,7.2448,0.0215514,1,-0.295668,-0.490154,-0.296688,-0.319162,-0.509116,-0.318638,-0.295668,-0.490154,-0.267019,0.0614048
401,7.26291,0.0220617,1,-0.332864,-0.546051,-0.253235,-0.363001,-0.568903,-0.258681,-0.332864,-0.546051,-0.227912,0.059005
402,7.28102,0.0258986,1,-0.373044,-0.601054,-0.193831,-0.409273,-0.622829,-0.178815,-0.373044,-0.601054,-0.174448,0.0506154
403,7.29914,0.0325894,1,-0.415201,-0.647987,-0.114947,-0.455849,-0.663942,-0.0791786,-0.415201,-0.647987,-0.103452,0.0334084
404,7.31725,0.0389914,1,-0.457446,-0.679199,-0.0155859,-0.4996,-0.684143,0.0369463,-0.457446,-0.679199,-0.0140273,0.00499081
405,7.33536,0.0457293,1,-0.49533,-0.689259,0.0957995,-0.536509,-0.675832,0.162114,-0.49533,-0.689259,0.0862195,-0.0332167
406,7.35347,0.0526533,1,-0.526658,-0.674447,0.210909,-0.562154,-0.63443,0.284773,-0.526658,-0.674447,0.189818,-0.0777539
407,7.37158,0.05829,1,-0.547151,-0.627176,0.319327,-0.572573,-0.560917,0.391136,-0.547151,-0.627176,0.287394,-0.122304
408,7.3897,0.0617485,1,-0.551721,-0.550314,0.408642,-0.565323,-0.462883,0.468721,-0.551721,-0.550314,0.367778,-0.15782
409,7.40781,0.0644711,1,-0.539115,-0.457362,0.470494,-0.540293,-0.352963,0.510103,-0.539115,-0.457362,0.423444,-0.177555
410,7.42592,0.066434,1,-0.512588,-0.358287,0.498577,-0.49987,-0.245087,0.514844,-0.512588,-0.358287,0.448719,-0.178895
411,7.44403,0.0653277,1,-0.472022,-0.261134,0.489353,-0.44833,-0.150494,0.48859,-0.472022,-0.261134,0.440417,-0.16169
412,7.46214,0.0646278,1,-0.423662,-0.181238,0.45628,-0.390762,-0.07546,0.440192,-0.423662,-0.181238,0.410652,-0.135316
413,7.48026,0.0624019,1,-0.36926,-0.118205,0.408765,-0.331994,-0.0213254,0.378639,-0.36926,-0.118205,0.367889,-0.105659
414,7.49837,0.0592905,1,-0.315116,-0.0718912,0.35146,-0.275874,0.0140142,0.31113,-0.315116,-0.0718912,0.316314,-0.0775254
415,7.51648,0.0584446,1,-0.264964,-0.0448646,0.291295,-0.224992,0.0343065,0.242495,-0.264964,-0.0448646,0.262166,-0.0540279
416,7.53459,0.0586706,1,-0.221248,-0.0326671,0.229105,-0.180745,0.0435674,0.17549,-0.221248,-0.0326671,0.206194,-0.0354823
417,7.5527,0.0584456,1,-0.183403,-0.0284972,0.168125,-0.143592,0.0453148,0.111428,-0.183403,-0.0284972,0.151312,-0.0215842
418,7.57082,0.0584381,1,-0.151897,-0.0285248,0.111958,-0.11334,0.0422807,0.0507614,-0.151897,-0.0285248,0.100762,-0.0119042
419,7.58893,0.0583725,1,-0.126262,-0.0309176,0.0593248,-0.0894113,0.0364048,-0.00649126,-0.126262,-0.0309176,0.0533923,-0.00524334
420,7.60704,0.0583487,1,-0.105977,-0.0351073,0.00943466,-0.0710478,0.0289535,-0.0604929,-0.105977,-0.0351073,0.00849119,-0.000699902
421,7.62515,0.059924,1,-0.0911695,-0.0442859,-0.0378595,-0.0574497,0.0206724,-0.111453,-0.0911695,-0.0442859,-0.0340736,0.00241614
422,7.64326,0.0603274,1,-0.079969,-0.0526744,-0.0839789,-0.0478642,0.0119278,-0.15957,-0.079969,-0.0526744,-0.075581,0.004701
423,7.66138,0.0605081,1,-0.0722761,-0.0595473,-0.126554,-0.0416352,0.00282074,-0.205008,-0.0722761,-0.0595473,-0.113899,0.00640277
424,7.67949,0.0614978,1,-0.0670902,-0.0672053,-0.165098,-0.0382253,-0.00672861,-0.247895,-0.0670902,-0.0672053,-0.148588,0.00775352
425,7.6976,0.0627539,1,-0.0649841,-0.0764875,-0.201747,-0.0372211,-0.0169235,-0.288323,-0.0649841,-0.0764875,-0.181572,0.00917723
426,7.71571,0.0637854,1,-0.0648706,-0.0858576,-0.236016,-0.0383295,-0.0280543,-0.326349,-0.0648706,-0.0858576,-0.212414,0.0107174
427,7.73382,0.0648932,1,-0.0663937,-0.0970237,-0.268133,-0.04137,-0.0404792,-0.361994,-0.0663937,-0.0970237,-0.241319,0.0124616
428,7.75194,0.065578,1,-0.0695458,-0.107454,-0.297418,-0.0462651,-0.0546168,-0.395233,-0.0695458,-0.107454,-0.267676,0.0144789
429,7.77005,0.0648505,1,-0.0732065,-0.116925,-0.325509,-0.0530331,-0.0709464,-0.425986,-0.0732065,-0.116925,-0.292958,0.0166805
430,7.78816,0.0636521,1,-0.0787308,-0.129021,-0.352387,-0.0617819,-0.0900141,-0.454102,-0.0787308,-0.129021,-0.317148,0.0194206
431,7.80627,0.0619906,1,-0.0864511,-0.144537,-0.377791,-0.0727058,-0.112441,-0.479326,-0.0864511,-0.144537,-0.340012,0.0228623
432,7.82438,0.0600616,1,-0.0964444,-0.164136,-0.400871,-0.0860837,-0.138927,-0.501267,-0.0964444,-0.164136,-0.360784,0.0270632
433,7.8425,0.0581387,1,-0.107747,-0.186884,-0.420179,-0.102279,-0.170253,-0.519345,-0.107747,-0.186884,-0.378161,0.0316911
434,7.86061,0.0564025,1,-0.120683,-0.212643,-0.435179,-0.121735,-0.207263,-0.532717,-0.120683,-0.212643,-0.391661,0.0367632
435,7.87872,0.0549917,1,-0.135923,-0.24227,-0.445757,-0.144975,-0.25082,-0.540188,-0.135923,-0.24227,-0.401181,0.0424119
436,7.89683,0.0539529,1,-0.154732,-0.277777,-0.451544,-0.172573,-0.301714,-0.540096,-0.154732,-0.277777,-0.40639,0.0489077
437,7.91494,0.0529372,1,-0.177587,-0.319556,-0.4529,-0.205128,-0.360491,-0.530185,-0.177587,-0.319556,-0.40761,0.0563005
438,7.93306,0.0534304,1,-0.204558,-0.368492,-0.447232,-0.243181,-0.427157,-0.50749,-0.204558,-0.368492,-0.402509,0.0640394
439,7.95117,0.0570007,1,-0.236491,-0.424637,-0.430927,-0.287092,-0.500723,-0.468312,-0.236491,-0.424637,-0.387834,0.0713371
440,7.96928,0.0641302,1,-0.273815,-0.487408,-0.400593,-0.336834,-0.578545,-0.408386,-0.273815,-0.487408,-0.360533,0.0767817
441,7.98739,0.0750577,1,-0.316031,-0.554215,-0.353688,-0.391686,-0.655529,-0.323477,-0.316031,-0.554215,-0.318319,0.0782434
442,8.0055,0.0895672,1,-0.362457,-0.620311,-0.286761,-0.44985,-0.723429,-0.210628,-0.362457,-0.620311,-0.258085,0.072757
443,8.02362,0.105106,1,-0.411767,-0.682217,-0.196819,-0.508046,-0.770784,-0.0702151,-0.411767,-0.682217,-0.177137,0.0567305
444,8.04173,0.119553,1,-0.462205,-0.730008,-0.0819767,-0.561309,-0.784354,0.0915271,-0.462205,-0.730008,-0.0737791,0.0265231
445,8.05984,0.131353,1,-0.510579,-0.755656,0.0529958,-0.603275,-0.752724,0.260745,-0.510579,-0.755656,0.0476962,-0.018941
446,8.07795,0.136878,1,-0.552484,-0.745516,0.204505,-0.627245,-0.671543,0.41698,-0.552484,-0.745516,0.184055,-0.0790901
447,8.09606,0.140059,1,-0.580313,-0.69034,0.347884,-0.627971,-0.547779,0.538292,-0.580313,-0.69034,0.313096,-0.141317
448,8.11418,0.139142,1,-0.588855,-0.593143,0.466359,-0.6035,-0.399411,0.608958,-0.588855,-0.593143,0.419724,-0.192233
449,8.13229,0.136521,1,-0.574676,-0.471462,0.545972,-0.556082,-0.249445,0.625198,-0.574676,-0.471462,0.491375,-0.21963
450,8.1504,0.131598,1,-0.541617,-0.339418,0.579043,-0.491537,-0.117633,0.595079,-0.541617,-0.339418,0.521139,-0.219534
451,8.16851,0.124162,1,-0.489553,-0.215708,0.561161,-0.417441,-0.0150333,0.533265,-0.489553,-0.215708,0.505045,-0.192302
452,8.18662,0.117711,1,-0.42775,-0.118372,0.514064,-0.341121,0.0563884,0.454719,-0.42775,-0.118372,0.462658,-0.153924
453,8.20474,0.11125,1,-0.360625,-0.0464497,0.454107,-0.268312,0.100751,0.370801,-0.360625,-0.0464497,0.408697,-0.114634
454,8.22285,0.10475,1,-0.295748,0.00129658,0.383418,-0.202677,0.124674,0.288372,-0.295748,0.00129658,0.345076,-0.0793766
455,8.24096,0.098989,1,-0.236164,0.0290561,0.311116,-0.14599,0.13478,0.210679,-0.236164,0.0290561,0.280005,-0.0514321
456,8.25907,0.0938065,1,-0.183582,0.0403049,0.238324,-0.0986021,0.136513,0.138717,-0.183582,0.0403049,0.214492,-0.0306264
457,8.27718,0.0892637,1,-0.138849,0.0426059,0.169045,-0.0599504,0.133867,0.072348,-0.138849,0.0426059,0.152141,-0.0164303
458,8.2953,0.0886481,1,-0.103663,0.0394494,0.110394,-0.0289739,0.129551,0.0110024,-0.103663,0.0394494,0.0993549,-0.00801065
459,8.31341,0.0871197,1,-0.0752193,0.0378931,0.0546348,-0.00441048,0.125284,-0.0459558,-0.0752193,0.0378931,0.0491713,-0.00287672
460,8.33152,0.0856011,1,-0.050618,0.0373211,0.00333094,0.0150162,0.122094,-0.0990816,-0.050618,0.0373211,0.00299784,-0.000118024
461,8.34963,0.0856063,1,-0.0319276,0.0350314,-0.0450103,0.0304919,0.120559,-0.148809,-0.0319276,0.0350314,-0.0405092,0.00100595
462,8.36774,0.0874397,1,-0.0171207,0.0322756,-0.0884755,0.0430644,0.120984,-0.19546,-0.0171207,0.0322756,-0.0796279,0.00106033
463,8.38586,0.0897148,1,-0.00550684,0.0319719,-0.128514,0.0536321,0.123533,-0.239263,-0.00550684,0.0319719,-0.115663,0.000495396
464,8.40397,0.0910636,1,0.00449471,0.0333421,-0.16884,0.0629541,0.128317,-0.280375,0.00449471,0.0333421,-0.151956,-0.00053122
465,8.42208,0.0922597,1,0.0125466,0.0355302,-0.209088,0.0716713,0.135446,-0.31889,0.0125466,0.0355302,-0.188179,-0.00183633
466,8.44019,0.0947755,1,0.0200658,0.0377673,-0.246224,0.0803324,0.145079,-0.35485,0.0200658,0.0377673,-0.221602,-0.00345848
467,8.4583,0.0985334,1,0.0264589,0.0423016,-0.27912,0.0894209,0.157437,-0.388235,0.0264589,0.0423016,-0.251208,-0.00516965
468,8.47642,0.10027,1,0.0336345,0.0524029,-0.312489,0.0993811,0.172832,-0.418961,0.0336345,0.0524029,-0.28124,-0.00735729
469,8.49453,0.102481,1,0.0412816,0.0650657,-0.343567,0.110642,0.191669,-0.446852,0.0412816,0.0650657,-0.30921,-0.00992808
470,8.51264,0.106814,1,0.0495207,0.0775466,-0.371673,0.123638,0.21446,-0.471619,0.0495207,0.0775466,-0.334506,-0.0128839
471,8.53075,0.112093,1,0.0593445,0.0940156,-0.395187,0.138827,0.241818,-0.492816,0.0593445,0.0940156,-0.355668,-0.0164165
472,8.54886,0.118898,1,0.0703855,0.11274,-0.415928,0.156705,0.27445,-0.509783,0.0703855,0.11274,-0.374335,-0.0204927
473,8.56698,0.127491,1,0.0826753,0.134235,-0.433777,0.177812,0.313128,-0.521571,0.0826753,0.134235,-0.3904,-0.0251039
474,8.58509,0.136789,1,0.0975939,0.161068,-0.449045,0.20273,0.35862,-0.526847,0.0975939,0.161068,-0.40414,-0.0306768
475,8.6032,0.14695,1,0.115467,0.194314,-0.460645,0.232069,0.411572,-0.523776,0.115467,0.194314,-0.41458,-0.0372326
476,8.62131,0.158971,1,0.13664,0.233549,-0.46549,0.266416,0.472297,-0.509907,0.13664,0.233549,-0.418941,-0.0445232
477,8.63942,0.172746,1,0.161638,0.279282,-0.461797,0.306251,0.540432,-0.48209,0.161638,0.279282,-0.415617,-0.0522508
478,8.65754,0.187459,1,0.191169,0.332568,-0.449885,0.3518,0.614421,-0.436514,0.191169,0.332568,-0.404897,-0.0602028
479,8.67565,0.202573,1,0.22575,0.393816,-0.428538,0.402801,0.69083,-0.369016,0.22575,0.393816,-0.385685,-0.0677199
480,8.69376,0.217657,1,0.266301,0.461085,-0.393334,0.45818,0.763587,-0.275868,0.266301,0.461085,-0.354001,-0.0733216
481,8.71187,0.23071,1,0.312121,0.532656,-0.338743,0.515668,0.823495,-0.155271,0.312121,0.532656,-0.304868,-0.0740101
482,8.72998,0.239585,1,0.361961,0.602839,-0.260295,0.571467,0.858639,-0.00954203,0.361961,0.602839,-0.234265,-0.0659515
483,8.7481,0.240173,1,0.415014,0.664781,-0.154297,0.620203,0.856504,0.152606,0.415014,0.664781,-0.138867,-0.0448247
484,8.76621,0.230624,1,0.467882,0.70633,-0.0224697,0.655468,0.808121,0.315189,0.467882,0.70633,-0.0202227,-0.00735921
485,8.78432,0.210961,1,0.516009,0.71635,0.126499,0.671118,0.713026,0.457322,0.516009,0.71635,0.113849,0.0456922
486,8.80243,0.181662,1,0.553438,0.686533,0.28351,0.663088,0.582017,0.559293,0.553438,0.686533,0.255159,0.109834
487,8.82054,0.149879,1,0.574144,0.608145,0.424934,0.630922,0.434837,0.609681,0.574144,0.608145,0.382441,0.170782
488,8.83866,0.121595,1,0.573217,0.489099,0.53176,0.57813,0.293243,0.609042,0.573217,0.489099,0.478584,0.213369
489,8.85677,0.104299,1,0.547063,0.349028,0.592219,0.51112,0.173673,0.567854,0.547063,0.349028,0.532997,0.226787
490,8.87488,0.101658,1,0.500241,0.211571,0.604176,0.437306,0.0837021,0.500777,0.500241,0.211571,0.543758,0.211564
491,8.89299,0.10727,1,0.441363,0.0934863,0.574446,0.363352,0.0229976,0.421259,0.441363,0.0934863,0.517002,0.177477
492,8.9111,0.111368,1,0.371234,0.000533967,0.5151,0.294165,-0.0134275,0.338823,0.371234,0.000533967,0.46359,0.133856
493,8.92922,0.113048,1,0.300843,-0.0605587,0.440219,0.23268,-0.032074,0.258885,0.300843,-0.0605587,0.396197,0.0927059
494,8.94733,0.112458,1,0.236186,-0.0980742,0.360772,0.180141,-0.0390004,0.183828,0.236186,-0.0980742,0.324695,0.0596466
495,8.96544,0.111193,1,0.176781,-0.117087,0.285648,0.136579,-0.0390128,0.114242,0.176781,-0.117087,0.257083,0.035348
496,8.98355,0.109341,1,0.126158,-0.124782,0.215053,0.10128,-0.0355595,0.049866,0.126158,-0.124782,0.193547,0.0189914
497,9.00166,0.106773,1,0.0841946,-0.124788,0.149114,0.0731419,-0.0309381,-0.00985576,0.0841946,-0.124788,0.134203,0.00878822
498,9.01978,0.105035,1,0.0503207,-0.12129,0.0898309,0.0509339,-0.0265842,-0.0655001,0.0503207,-0.12129,0.0808478,0.00316425
499,9.03789,0.103597,1,0.0221657,-0.118062,0.0344194,0.0334463,-0.023338,-0.117558,0.0221657,-0.118062,0.0309775,0.000534052
500,9.056,0.103047,1,-0.00064778,-0.116365,-0.0164863,0.0195753,-0.0216571,-0.166412,-0.00064778,-0.116365,-0.0148377,7.47566e-06
501,9.07411,0.102115,1,-0.0183767,-0.117026,-0.0657402,0.00835737,-0.0217736,-0.21235,-0.0183767,-0.117026,-0.0591661,0.000845659
502,9.09222,0.101111,1,-0.0327322,-0.118305,-0.111587,-0.00102627,-0.0238043,-0.255582,-0.0327322,-0.118305,-0.100429,0.00255675
503,9.11034,0.101462,1,-0.0454337,-0.122216,-0.152502,-0.00926246,-0.027826,-0.296258,-0.0454337,-0.122216,-0.137252,0.00485012
504,9.12845,0.102674,1,-0.0565598,-0.127622,-0.188618,-0.0169279,-0.0339263,-0.334483,-0.0565598,-0.127622,-0.169757,0.00746776
505,9.14656,0.104155,1,-0.0668302,-0.135537,-0.221823,-0.0245141,-0.042236,-0.370313,-0.0668302,-0.135537,-0.199641,0.0103771
506,9.16467,0.104637,1,-0.0761945,-0.146042,-0.254538,-0.0324534,-0.0529522,-0.403762,-0.0761945,-0.146042,-0.229084,0.0135761
507,9.18278,0.103731,1,-0.0862305,-0.157478,-0.286654,-0.0411426,-0.0663537,-0.434789,-0.0862305,-0.157478,-0.257988,0.0173028
508,9.2009,0.102909,1,-0.0971313,-0.172069,-0.316068,-0.0509661,-0.0828131,-0.463285,-0.0971313,-0.172069,-0.284461,0.02149
509,9.21901,0.102779,1,-0.109684,-0.191051,-0.341878,-0.0623155,-0.102806,-0.489051,-0.109684,-0.191051,-0.30769,0.0262491
510,9.23712,0.102936,1,-0.123617,-0.214061,-0.363814,-0.0756078,-0.126919,-0.511762,-0.123617,-0.214061,-0.327432,0.0314815
511,9.25523,0.104789,1,-0.139535,-0.242889,-0.379141,-0.0913009,-0.155845,-0.530927,-0.139535,-0.242889,-0.341227,0.0370324
512,9.27334,0.10761,1,-0.158538,-0.277106,-0.388167,-0.109905,-0.190378,-0.545816,-0.158538,-0.277106,-0.349351,0.0430776
513,9.29146,0.11006,1,-0.180914,-0.317292,-0.392392,-0.13199,-0.231378,-0.55538,-0.180914,-0.317292,-0.353153,0.0496923
514,9.30957,0.112156,1,-0.205825,-0.362751,-0.389114,-0.158176,-0.279696,-0.558135,-0.205825,-0.362751,-0.350202,0.0560625
515,9.32768,0.11338,1,-0.235652,-0.412283,-0.377148,-0.189117,-0.336037,-0.552037,-0.235652,-0.412283,-0.339433,0.0622129
516,9.34579,0.11373,1,-0.269868,-0.467318,-0.354356,-0.225443,-0.400712,-0.534338,-0.269868,-0.467318,-0.31892,0.0669406
517,9.3639,0.112373,1,-0.307356,-0.52589,-0.318379,-0.267659,-0.47324,-0.501505,-0.307356,-0.52589,-0.286541,0.0684989
518,9.38202,0.109694,1,-0.349189,-0.585995,-0.265371,-0.315972,-0.551735,-0.449276,-0.349189,-0.585995,-0.238834,0.0648652
519,9.40013,0.10529,1,-0.394615,-0.644365,-0.192767,-0.370014,-0.632105,-0.373051,-0.394615,-0.644365,-0.17349,0.0532481
520,9.41824,0.0994486,1,-0.441199,-0.694401,-0.097588,-0.428469,-0.707198,-0.26889,-0.441199,-0.694401,-0.0878292,0.030139
521,9.43635,0.0931641,1,-0.487297,-0.725143,0.0206837,-0.488631,-0.766328,-0.135332,-0.487297,-0.725143,0.0186153,-0.00705537
522,9.45446,0.0846619,1,-0.527796,-0.725602,0.151329,-0.546059,-0.796002,0.0239986,-0.527796,-0.725602,0.136196,-0.0559097
523,9.47258,0.0760062,1,-0.556348,-0.68798,0.280861,-0.594616,-0.782778,0.197917,-0.556348,-0.68798,0.252775,-0.10938
524,9.49069,0.0699026,1,-0.570533,-0.615073,0.395018,-0.627236,-0.718387,0.367267,-0.570533,-0.615073,0.355516,-0.15776
525,9.5088,0.0685311,1,-0.56673,-0.513198,0.484061,-0.637568,-0.605216,0.508641,-0.56673,-0.513198,0.435655,-0.192033
526,9.52691,0.0702903,1,-0.544413,-0.399578,0.528907,-0.622047,-0.458284,0.602044,-0.544413,-0.399578,0.476017,-0.201561
527,9.54502,0.0756436,1,-0.504519,-0.288807,0.533096,-0.58136,-0.300936,0.638519,-0.504519,-0.288807,0.479786,-0.18827
528,9.56314,0.0813102,1,-0.452665,-0.190704,0.504038,-0.520407,-0.156181,0.622585,-0.452665,-0.190704,0.453635,-0.159712
529,9.58125,0.0842897,1,-0.3926,-0.113124,0.454488,-0.446713,-0.0391936,0.568156,-0.3926,-0.113124,0.409039,-0.124902
530,9.59936,0.0851017,1,-0.334478,-0.059174,0.392897,-0.368234,0.0449744,0.491592,-0.334478,-0.059174,0.353608,-0.091991
531,9.61747,0.0853501,1,-0.27831,-0.0255424,0.32792,-0.291622,0.099039,0.406382,-0.27831,-0.0255424,0.295128,-0.0638844
532,9.63558,0.0848848,1,-0.226146,-0.00496104,0.262005,-0.221413,0.129535,0.321206,-0.226146,-0.00496104,0.235804,-0.0414759
533,9.6537,0.0857314,1,-0.18173,0.00364016,0.196036,-0.160039,0.143657,0.240469,-0.18173,0.00364016,0.176432,-0.0249379
534,9.67181,0.0879394,1,-0.144948,0.00326906,0.133721,-0.108267,0.147594,0.165732,-0.144948,0.00326906,0.120349,-0.0135678
535,9.68992,0.0890041,1,-0.114937,0.00138719,0.0762624,-0.0657426,0.146001,0.0970474,-0.114937,0.00138719,0.0686361,-0.00613576
536,9.70803,0.0908631,1,-0.091739,-0.00292548,0.023494,-0.0314721,0.142088,0.0338474,-0.091739,-0.00292548,0.0211446,-0.00150872
537,9.72614,0.0931805,1,-0.0725285,-0.00824155,-0.0276252,-0.00417061,0.137929,-0.0245742,-0.0725285,-0.00824155,-0.0248627,0.00140253
538,9.74426,0.0967854,1,-0.0580155,-0.0147377,-0.0723423,0.0175083,0.134782,-0.0788527,-0.0580155,-0.0147377,-0.065108,0.00293788
539,9.76237,0.101342,1,-0.0477347,-0.0209737,-0.116486,0.0348418,0.133371,-0.129488,-0.0477347,-0.0209737,-0.104838,0.00389231
540,9.78048,0.107437,1,-0.0408791,-0.0275794,-0.156445,0.0489732,0.134095,-0.176846,-0.0408791,-0.0275794,-0.1408,0.00447672
541,9.79859,0.113983,1,-0.0363702,-0.0326621,-0.195245,0.0608922,0.137173,-0.221181,-0.0363702,-0.0326621,-0.17572,0.00497076
542,9.8167,0.121282,1,-0.0327148,-0.0371112,-0.23216,0.0714407,0.142749,-0.262654,-0.0327148,-0.0371112,-0.208944,0.00531654
543,9.83482,0.12922,1,-0.030169,-0.0402561,-0.268245,0.0813326,0.150963,-0.301353,-0.030169,-0.0402561,-0.241421,0.00566487
544,9.85293,0.13882,1,-0.0292619,-0.0430536,-0.301762,0.0911809,0.161992,-0.337296,-0.0292619,-0.0430536,-0.271585,0.00618107
545,9.87104,0.150066,1,-0.0286631,-0.0459087,-0.333957,0.101526,0.176082,-0.370425,-0.0286631,-0.0459087,-0.300562,0.00670057
546,9.88915,0.163333,1,-0.0279447,-0.0490901,-0.364206,0.112862,0.193567,-0.400596,-0.0279447,-0.0490901,-0.327786,0.00712435
547,9.90726,0.17947,1,-0.0281768,-0.0529757,-0.392671,0.125663,0.214875,-0.427558,-0.0281768,-0.0529757,-0.353404,0.00774493
548,9.92538,0.199367,1,-0.0305806,-0.0579483,-0.420655,0.140405,0.240532,-0.450911,-0.0305806,-0.0579483,-0.37859,0.00900473
549,9.94349,0.222656,1,-0.0327973,-0.0634003,-0.446419,0.157581,0.271151,-0.470066,-0.0327973,-0.0634003,-0.401777,0.0102489
550,9.9616,0.249727,1,-0.0353098,-0.0687778,-0.470131,0.177711,0.307407,-0.484172,-0.0353098,-0.0687778,-0.423118,0.0116201
551,9.97971,0.280956,0,-0.0383411,-0.0735276,-0.493255,0.201345,0.349979,-0.492041,-0.0383411,-0.0735276,-0.443929,0.0132384
552,9.99782,0.317563,0,-0.0413696,-0.078966,-0.51519,0.229051,0.399443,-0.492044,-0.0413696,-0.078966,-0.463671,0.0149192
553,10.0159,0.360738,0,-0.0453179,-0.0856693,-0.535166,0.261374,0.456098,-0.482016,-0.0453179,-0.0856693,-0.48165,0.0169768
554,10.034,0.410889,0,-0.0496649,-0.0936509,-0.553621,0.298765,0.519673,-0.459181,-0.0496649,-0.0936509,-0.498259,0.0192469
555,10.0522,0.468871,0,-0.0548682,-0.10379,-0.570602,0.341462,0.588897,-0.420176,-0.0548682,-0.10379,-0.513542,0.0219155
556,10.0703,0.535046,0,-0.0612784,-0.11695,-0.586528,0.389287,0.660918,-0.361288,-0.0612784,-0.11695,-0.527875,0.025159
557,10.0884,0.608413,0,-0.0690963,-0.133286,-0.600808,0.441381,0.730658,-0.279076,-0.0690963,-0.133286,-0.540727,0.0290595
558,10.1065,0.687188,0,-0.0791368,-0.153893,-0.612578,0.495869,0.790327,-0.171554,-0.0791368,-0.153893,-0.55132,0.0339342
559,10.1246,0.767853,0,-0.0916853,-0.179696,-0.622159,0.549555,0.829607,-0.0399963,-0.0916853,-0.179696,-0.559943,0.03993
560,10.1427,0.845283,0,-0.107415,-0.211827,-0.629718,0.597821,0.837156,0.109057,-0.107415,-0.211827,-0.566746,0.0473486
561,10.1608,0.913391,0,-0.127523,-0.252264,-0.63517,0.634977,0.803829,0.262667,-0.127523,-0.252264,-0.571653,0.0566991
562,10.1789,0.964697,0,-0.152431,-0.302473,-0.636372,0.655249,0.726951,0.402792,-0.152431,-0.302473,-0.572735,0.0679019
563,10.1971,0.992549,0,-0.181986,-0.362746,-0.630768,0.654301,0.613426,0.510799,-0.181986,-0.362746,-0.567691,0.0803535
564,10.2152,0.993654,0,-0.217565,-0.432976,-0.614038,0.630712,0.479046,0.573685,-0.217565,-0.432976,-0.552634,0.0935153
565,10.2333,0.96852,0,-0.260143,-0.512301,-0.579781,0.586638,0.34345,0.588441,-0.260143,-0.512301,-0.521803,0.105578
566,10.2514,0.922157,0,-0.309519,-0.597774,-0.52284,0.527233,0.223489,0.561822,-0.309519,-0.597774,-0.470556,0.11328
567,10.2695,0.864736,0,-0.365807,-0.687505,-0.440592,0.459138,0.128875,0.506137,-0.365807,-0.687505,-0.396533,0.11282
568,10.2876,0.805303,0,-0.428603,-0.774496,-0.326099,0.388824,0.0617523,0.434192,-0.428603,-0.774496,-0.293489,0.0978367
569,10.3057,0.754518,0,-0.494715,-0.849275,-0.180499,0.321443,0.0190096,0.356026,-0.494715,-0.849275,-0.162449,0.062507
570,10.3238,0.71829,0,-0.56044,-0.896836,-0.00197528,0.260386,-0.00482739,0.278,-0.56044,-0.896836,-0.00177775,0.000774917
571,10.342,0.695545,0,-0.618201,-0.892807,0.203983,0.207393,-0.0154583,0.203382,-0.618201,-0.892807,0.183584,-0.0882716
572,10.3601,0.683296,0,-0.66047,-0.821676,0.409708,0.162928,-0.0177156,0.133409,-0.66047,-0.821676,0.368737,-0.18942
573,10.3782,0.673734,0,-0.675044,-0.687575,0.585014,0.126604,-0.015237,0.0682225,-0.675044,-0.687575,0.526513,-0.276437
574,10.3963,0.655106,0,-0.657321,-0.50319,0.696657,0.0975521,-0.0105409,0.00748644,-0.657321,-0.50319,0.626991,-0.320549
575,10.4144,0.620411,0,-0.606802,-0.300945,0.727172,0.0746923,-0.00525262,-0.0492681,-0.606802,-0.300945,0.654455,-0.308875
576,10.4325,0.575254,0,-0.530345,-0.126929,0.692406,0.0569098,-0.000348238,-0.102489,-0.530345,-0.126929,0.623166,-0.25705
577,10.4506,0.524198,0,-0.442015,-0.000115489,0.614873,0.0431592,0.00363592,-0.152553,-0.442015,-0.000115489,0.553385,-0.190248
578,10.4687,0.475176,0,-0.35103,0.0842144,0.524274,0.0325154,0.00644213,-0.199756,-0.35103,0.0842144,0.471847,-0.128825
579,10.4868,0.425641,0,-0.263895,0.129503,0.423311,0.0241909,0.00797469,-0.244334,-0.263895,0.129503,0.380979,-0.0781967
580,10.505,0.384088,0,-0.18634,0.156123,0.329266,0.0175324,0.0082193,-0.286471,-0.18634,0.156123,0.29634,-0.0429489
581,10.5231,0.35402,0,-0.120254,0.161813,0.252119,0.0120056,0.00718941,-0.326318,-0.120254,0.161813,0.226907,-0.0212228
582,10.5412,0.333232,0,-0.0648345,0.160728,0.187055,0.00717517,0.00489153,-0.363998,-0.0648345,0.160728,0.16835,-0.00848934
583,10.5593,0.317751,0,-0.0201036,0.157519,0.127617,0.00268353,0.00130312,-0.399616,-0.0201036,0.157519,0.114855,-0.00179589
584,10.5774,0.306465,0,0.0144661,0.154474,0.0732013,-0.00177009,-0.00364168,-0.433254,0.0144661,0.154474,0.0658812,0.000741259
585,10.5955,0.299364,0,0.0424812,0.150749,0.0255322,-0.00644874,-0.0100621,-0.464979,0.0424812,0.150749,0.022979,0.000759249
586,10.6136,0.29891,0,0.065698,0.151256,-0.0117478,-0.011595,-0.0181392,-0.494834,0.065698,0.151256,-0.0105731,-0.000540267
587,10.6317,0.303785,0,0.0869114,0.158756,-0.042165,-0.0174469,-0.0281238,-0.522833,0.0869114,0.158756,-0.0379485,-0.00256523
588,10.6499,0.308795,0,0.104295,0.171378,-0.0749186,-0.0242519,-0.0403462,-0.548957,0.104295,0.171378,-0.0674267,-0.00546955
589,10.668,0.313249,0,0.11954,0.181362,-0.109076,-0.0322808,-0.0552274,-0.573134,0.11954,0.181362,-0.0981686,-0.00912728
590,10.6861,0.32227,0,0.134494,0.193878,-0.137952,-0.0418411,-0.0732913,-0.595226,0.134494,0.193878,-0.124157,-0.0129876
591,10.7042,0.337903,0,0.150447,0.21049,-0.159368,-0.0532902,-0.0951788,-0.614993,0.150447,0.21049,-0.143431,-0.0167835
592,10.7223,0.359569,0,0.166476,0.231341,-0.175193,-0.0670492,-0.12166,-0.632057,0.166476,0.231341,-0.157674,-0.0204158
593,10.7404,0.387516,0,0.183815,0.256473,-0.186721,-0.0836148,-0.153644,-0.645841,0.183815,0.256473,-0.168049,-0.0240254
594,10.7585,0.423119,0,0.203389,0.287565,-0.194261,-0.103571,-0.192168,-0.655477,0.203389,0.287565,-0.174835,-0.0276574
595,10.7766,0.468156,0,0.226354,0.323084,-0.193866,-0.127595,-0.238369,-0.659698,0.226354,0.323084,-0.174479,-0.0307176
596,10.7948,0.521518,0,0.251063,0.359335,-0.183583,-0.156448,-0.293399,-0.656674,0.251063,0.359335,-0.165225,-0.0322637
597,10.8129,0.582446,0,0.276767,0.396481,-0.164904,-0.190954,-0.358241,-0.643821,0.276767,0.396481,-0.148413,-0.031948
598,10.831,0.650828,0,0.303881,0.433166,-0.135163,-0.231922,-0.433382,-0.617594,0.303881,0.433166,-0.121647,-0.0287515
599,10.8491,0.725556,0,0.334185,0.468678,-0.095779,-0.280015,-0.518234,-0.573335,0.334185,0.468678,-0.0862011,-0.0224055
600,10.8672,0.803774,0,0.365755,0.500804,-0.0449519,-0.335502,-0.61025,-0.505339,0.365755,0.500804,-0.0404567,-0.011509
601,10.8853,0.879407,0,0.396697,0.524361,0.0175038,-0.397862,-0.703712,-0.407449,0.396697,0.524361,0.0157535,0.0048606
602,10.9034,0.942455,0,0.423498,0.53144,0.0896298,-0.465236,-0.788463,-0.274613,0.423498,0.53144,0.0806668,0.0265707
603,10.9215,0.985208,0,0.445159,0.52135,0.167565,-0.533787,-0.849357,-0.105805,0.445159,0.52135,0.150808,0.052215
604,10.9396,0.99872,0,0.459832,0.493108,0.242305,-0.597262,-0.867874,0.0919504,0.459832,0.493108,0.218074,0.0779936
605,10.9578,0.977484,0,0.465257,0.448843,0.307471,-0.647252,-0.827361,0.300327,0.465257,0.448843,0.276723,0.100137
606,10.9759,0.921334,0,0.460295,0.392327,0.356494,-0.674682,-0.721389,0.490776,0.460295,0.392327,0.320845,0.114865
607,10.994,0.83749,0,0.445686,0.330169,0.387577,-0.672511,-0.560746,0.632682,0.445686,0.330169,0.34882,0.120916
608,11.0121,0.737122,0,0.423301,0.266885,0.399698,-0.638547,-0.37248,0.705869,0.423301,0.266885,0.359729,0.118435
609,11.0302,0.632013,0,0.393125,0.205981,0.390177,-0.576631,-0.189322,0.708972,0.393125,0.205981,0.35116,0.107372
610,11.0483,0.531889,0,0.35735,0.154476,0.365411,-0.495303,-0.036517,0.657341,0.35735,0.154476,0.32887,0.0914058
611,11.0664,0.441794,0,0.319647,0.115432,0.330265,-0.404829,0.0749629,0.573253,0.319647,0.115432,0.297239,0.0738977
612,11.0845,0.363324,0,0.282794,0.0863008,0.287323,-0.314356,0.146698,0.476474,0.282794,0.0863008,0.258591,0.0568773
613,11.1027,0.296245,0,0.24838,0.0659407,0.240575,-0.23037,0.186999,0.379952,0.24838,0.0659407,0.216517,0.0418279
614,11.1208,0.239931,1,0.217814,0.054829,0.190841,-0.156467,0.2057,0.290095,0.217814,0.054829,0.171757,0.0290975
615,11.1389,0.192929,1,0.191484,0.0511297,0.141432,-0.0939093,0.211316,0.208932,0.191484,0.0511297,0.127289,0.0189574
616,11.157,0.154688,1,0.168847,0.0510403,0.0933168,-0.0423855,0.210175,0.136243,0.168847,0.0510403,0.0839851,0.0110294
617,11.1751,0.124228,1,0.150874,0.0556419,0.0474912,-0.000692146,0.206554,0.0709638,0.150874,0.0556419,0.0427421,0.00501563
618,11.1932,0.10046,1,0.13834,0.065067,0.00393392,0.0327766,0.203159,0.0119286,0.13834,0.065067,0.00354053,0.000380953
619,11.2113,0.0832074,1,0.130318,0.0760439,-0.0373733,0.0597172,0.201607,-0.0418355,0.130318,0.0760439,-0.033636,-0.00340929
620,11.2294,0.0712886,1,0.12542,0.0881027,-0.0777055,0.081742,0.202824,-0.0910312,0.12542,0.0881027,-0.0699349,-0.00682207
621,11.2476,0.063577,1,0.123172,0.101481,-0.116089,0.100297,0.207321,-0.136109,0.123172,0.101481,-0.10448,-0.0100092
622,11.2657,0.0588275,1,0.123251,0.117641,-0.149325,0.116635,0.215392,-0.177308,0.123251,0.117641,-0.134392,-0.0128831
623,11.2838,0.05673,1,0.126611,0.135984,-0.178619,0.131824,0.227234,-0.21469,0.126611,0.135984,-0.160757,-0.0158306
624,11.3019,0.0562435,1,0.133469,0.157457,-0.203548,0.146775,0.243029,-0.24816,0.133469,0.157457,-0.183193,-0.019017
625,11.32,0.0566502,1,0.143751,0.181505,-0.22602,0.162264,0.262979,-0.277469,0.143751,0.181505,-0.203418,-0.0227434
626,11.3381,0.0570646,1,0.156519,0.210093,-0.244746,0.17897,0.287323,-0.302197,0.156519,0.210093,-0.220272,-0.0268152
627,11.3562,0.0575356,1,0.172507,0.243321,-0.258657,0.197492,0.316319,-0.321729,0.172507,0.243321,-0.232791,-0.0312341
628,11.3743,0.0582881,1,0.191769,0.280619,-0.267082,0.218368,0.350206,-0.33522,0.191769,0.280619,-0.240374,-0.0358528
629,11.3924,0.060042,1,0.214507,0.321067,-0.267905,0.242073,0.389124,-0.341549,0.214507,0.321067,-0.241115,-0.0402272
630,11.4106,0.0629968,1,0.241576,0.366308,-0.257405,0.269003,0.433001,-0.339293,0.241576,0.366308,-0.231665,-0.0435281
631,11.4287,0.0671361,1,0.272956,0.415187,-0.234844,0.299437,0.48137,-0.326715,0.272956,0.415187,-0.21136,-0.0448714
632,11.4468,0.0737789,1,0.30658,0.463567,-0.198066,0.333464,0.533142,-0.301829,0.30658,0.463567,-0.17826,-0.0425062
633,11.4649,0.0812742,1,0.342928,0.510035,-0.147604,0.370877,0.586314,-0.262568,0.342928,0.510035,-0.132843,-0.0354323
634,11.483,0.0901427,1,0.380541,0.549786,-0.0817637,0.411037,0.637686,-0.207146,0.380541,0.549786,-0.0735873,-0.0217801
635,11.5011,0.100146,1,0.417549,0.577776,-0.00106143,0.45271,0.682679,-0.134653,0.417549,0.577776,-0.000955285,-0.000310239
636,11.5192,0.1101,1,0.451461,0.589323,0.0906839,0.493937,0.715459,-0.0458864,0.451461,0.589323,0.0816155,0.0286582
637,11.5373,0.119627,1,0.478676,0.57857,0.187199,0.531982,0.729603,0.0557461,0.478676,0.57857,0.168479,0.0627252
638,11.5555,0.128501,1,0.496556,0.542569,0.280986,0.563489,0.719446,0.163632,0.496556,0.542569,0.252887,0.0976677
639,11.5736,0.13519,1,0.503642,0.483855,0.363023,0.584899,0.681949,0.268232,0.503642,0.483855,0.326721,0.127983
640,11.5917,0.13891,1,0.496284,0.40747,0.421986,0.593134,0.618405,0.358624,0.496284,0.40747,0.379788,0.146597
641,11.6098,0.139677,1,0.47557,0.321943,0.454325,0.586374,0.53501,0.425099,0.47557,0.321943,0.408893,0.151245
642,11.6279,0.137405,1,0.442651,0.237317,0.457678,0.564624,0.441636,0.461793,0.442651,0.237317,0.41191,0.141814
643,11.646,0.131139,1,0.402071,0.163836,0.437591,0.52982,0.349163,0.468031,0.402071,0.163836,0.393832,0.12316
644,11.6641,0.122398,1,0.357286,0.104859,0.399137,0.485382,0.266633,0.447764,0.357286,0.104859,0.359224,0.0998245
645,11.6822,0.112537,1,0.310879,0.0607471,0.350861,0.43543,0.199526,0.407617,0.310879,0.0607471,0.315775,0.0763525
646,11.7004,0.103444,1,0.264923,0.029317,0.295793,0.383972,0.149574,0.354678,0.264923,0.029317,0.266214,0.0548537
647,11.7185,0.0944925,1,0.222981,0.0105926,0.237158,0.334324,0.115695,0.294974,0.222981,0.0105926,0.213442,0.0370172
648,11.7366,0.0853289,1,0.187125,0.0029851,0.178255,0.288839,0.0952707,0.232852,0.187125,0.0029851,0.16043,0.0233492
649,11.7547,0.0762275,1,0.157365,0.00348095,0.122381,0.248914,0.0852231,0.171052,0.157365,0.00348095,0.110143,0.013481
650,11.7728,0.0678041,1,0.133283,0.00852533,0.0712372,0.215149,0.082697,0.111095,0.133283,0.00852533,0.0641135,0.00664631
651,11.7909,0.0604122,1,0.115396,0.0167088,0.021684,0.187565,0.0853736,0.0537102,0.115396,0.0167088,0.0195156,0.00175157
652,11.809,0.0552408,1,0.101616,0.0252002,-0.0259519,0.165815,0.091547,-0.000826292,0.101616,0.0252002,-0.0233567,-0.00184599
653,11.8271,0.051607,1,0.0914443,0.0340706,-0.0691718,0.14936,0.100073,-0.0524601,0.0914443,0.0340706,-0.0622546,-0.00442776
654,11.8452,0.0492059,1,0.085657,0.0435432,-0.111879,0.137598,0.110269,-0.101226,0.085657,0.0435432,-0.100691,-0.00670828
655,11.8634,0.0470674,1,0.0828341,0.0554724,-0.152271,0.129944,0.12181,-0.147176,0.0828341,0.0554724,-0.137044,-0.00882924
656,11.8815,0.0455777,1,0.0822439,0.0688717,-0.188876,0.125889,0.134636,-0.190343,0.0822439,0.0688717,-0.169988,-0.0108737
657,11.8996,0.0437501,1,0.0845671,0.0854693,-0.221526,0.125024,0.148879,-0.230724,0.0845671,0.0854693,-0.199373,-0.0131136
658,11.9177,0.0424734,1,0.0900846,0.103437,-0.251596,0.127051,0.164818,-0.268264,0.0900846,0.103437,-0.226436,-0.0158654
659,11.9358,0.0421713,1,0.0974569,0.123155,-0.278455,0.131788,0.182835,-0.302845,0.0974569,0.123155,-0.25061,-0.0189962
660,11.9539,0.0424673,1,0.107225,0.145102,-0.302781,0.139164,0.203403,-0.334267,0.107225,0.145102,-0.272503,-0.022726
661,11.972,0.0428087,1,0.120024,0.170845,-0.323681,0.149211,0.227063,-0.362222,0.120024,0.170845,-0.291313,-0.0271946
662,11.9901,0.0434482,1,0.135753,0.201468,-0.339698,0.162062,0.254411,-0.38626,0.135753,0.201468,-0.305728,-0.0322806
663,12.0083,0.0448142,1,0.15381,0.236067,-0.351508,0.177936,0.286079,-0.405746,0.15381,0.236067,-0.316358,-0.0378458
664,12.0264,0.0472679,1,0.175376,0.275912,-0.356229,0.197127,0.322697,-0.419796,0.175376,0.275912,-0.320606,-0.0437319
665,12.0445,0.0508541,1,0.200754,0.320801,-0.353392,0.219986,0.364828,-0.427217,0.200754,0.320801,-0.318053,-0.0496615
666,12.0626,0.0555444,1,0.230121,0.371657,-0.341122,0.246887,0.412857,-0.426427,0.230121,0.371657,-0.30701,-0.0549496
667,12.0807,0.0634086,1,0.26435,0.426843,-0.31404,0.278177,0.466812,-0.415397,0.26435,0.426843,-0.282636,-0.0581115
668,12.0988,0.0732049,1,0.303237,0.485407,-0.272038,0.314089,0.526093,-0.391636,0.303237,0.485407,-0.244834,-0.0577443
669,12.1169,0.086339,1,0.34493,0.540916,-0.21105,0.35462,0.589093,-0.352289,0.34493,0.540916,-0.189945,-0.0509582
670,12.135,0.101209,1,0.388177,0.589511,-0.131328,0.399345,0.652746,-0.294442,0.388177,0.589511,-0.118195,-0.0356848
671,12.1532,0.116145,1,0.431699,0.626406,-0.0344141,0.447187,0.712079,-0.215768,0.431699,0.626406,-0.0309727,-0.0103996
672,12.1713,0.130977,1,0.47221,0.642668,0.0770612,0.496167,0.760035,-0.115594,0.47221,0.642668,0.0693551,0.0254724
673,12.1894,0.145999,1,0.504624,0.630044,0.197399,0.543219,0.787929,0.00367262,0.504624,0.630044,0.177659,0.0697286
674,12.2075,0.159273,1,0.527148,0.586593,0.316013,0.584218,0.786982,0.135205,0.527148,0.586593,0.284412,0.11661
675,12.2256,0.169504,1,0.534447,0.510496,0.415587,0.614388,0.750987,0.26737,0.534447,0.510496,0.374028,0.155476
676,12.2437,0.175687,1,0.524682,0.410807,0.483029,0.629182,0.679369,0.385292,0.524682,0.410807,0.434726,0.177406
677,12.2618,0.176574,1,0.498101,0.303753,0.514294,0.625459,0.578954,0.474552,0.498101,0.303753,0.462865,0.179319
678,12.2799,0.173451,1,0.456055,0.201083,0.509143,0.602515,0.462871,0.525636,0.456055,0.201083,0.458228,0.162538
679,12.298,0.16686,1,0.404055,0.112236,0.477499,0.562446,0.34661,0.536731,0.404055,0.112236,0.429749,0.135055
680,12.3162,0.155159,1,0.347797,0.0458001,0.429377,0.509617,0.243291,0.51325,0.347797,0.0458001,0.386439,0.104535
681,12.3343,0.141212,1,0.291859,-0.000421122,0.369737,0.449501,0.160651,0.464751,0.291859,-0.000421122,0.332763,0.0755379
682,12.3524,0.127068,1,0.238836,-0.029036,0.303753,0.387434,0.100726,0.401319,0.238836,-0.029036,0.273378,0.050783
683,12.3705,0.112807,1,0.192222,-0.0447073,0.238717,0.327739,0.0614421,0.33115,0.192222,-0.0447073,0.214845,0.0321206
684,12.3886,0.0995461,1,0.151941,-0.0500152,0.175395,0.273361,0.0387027,0.259744,0.151941,-0.0500152,0.157856,0.0186548
685,12.4067,0.087013,1,0.11902,-0.0500064,0.118102,0.225912,0.0280233,0.190207,0.11902,-0.0500064,0.106292,0.00983955
686,12.4248,0.0763995,1,0.0919058,-0.047628,0.0662882,0.185942,0.0254521,0.12397,0.0919058,-0.047628,0.0596594,0.00426459
687,12.4429,0.0679572,1,0.0705257,-0.0418392,0.0151773,0.153262,0.0279156,0.0614754,0.0705257,-0.0418392,0.0136596,0.000749272
688,12.4611,0.0614467,1,0.053777,-0.0353948,-0.0322505,0.127246,0.0332286,0.00268024,0.053777,-0.0353948,-0.0290254,-0.00121403
689,12.4792,0.0567499,1,0.041598,-0.0297157,-0.075507,0.107059,0.0399562,-0.0526533,0.041598,-0.0297157,-0.0679563,-0.00219866
690,12.4973,0.0540216,1,0.0328412,-0.0240143,-0.118968,0.0918122,0.0472374,-0.104804,0.0328412,-0.0240143,-0.107071,-0.00273493
691,12.5154,0.0515617,1,0.0267651,-0.0162669,-0.160773,0.080663,0.0546231,-0.154031,0.0267651,-0.0162669,-0.144695,-0.00301216
692,12.5335,0.0498381,1,0.0230803,-0.00857166,-0.200447,0.0728685,0.0619452,-0.200549,0.0230803,-0.00857166,-0.180403,-0.00323847
693,12.5516,0.0492065,1,0.0214277,-0.00174643,-0.235798,0.0678085,0.0692207,-0.244534,0.0214277,-0.00174643,-0.212219,-0.00353683
694,12.5697,0.0492969,1,0.0220005,0.00480513,-0.269094,0.06499,0.0765845,-0.286129,0.0220005,0.00480513,-0.242185,-0.00414414
695,12.5878,0.0505953,1,0.0225292,0.0107635,-0.301855,0.0640415,0.0842477,-0.325445,0.0225292,0.0107635,-0.27167,-0.0047604
696,12.606,0.0521465,1,0.0240388,0.0174665,-0.332934,0.0647024,0.0924727,-0.36257,0.0240388,0.0174665,-0.29964,-0.00560232
697,12.6241,0.05386,1,0.0268559,0.0250125,-0.362264,0.0668104,0.101562,-0.397569,0.0268559,0.0250125,-0.326037,-0.00681023
698,12.6422,0.0551376,1,0.0310638,0.0349963,-0.389564,0.0702914,0.111857,-0.430479,0.0310638,0.0349963,-0.350607,-0.00847093
699,12.6603,0.055798,1,0.0368056,0.048046,-0.415046,0.0751502,0.123743,-0.461306,0.0368056,0.048046,-0.373542,-0.0106932
700,12.6784,0.0566907,1,0.0437594,0.0628667,-0.438767,0.0814657,0.137657,-0.490013,0.0437594,0.0628667,-0.394891,-0.0134402
701,12.6965,0.0576755,1,0.0518717,0.0800893,-0.460888,0.0893876,0.154104,-0.516509,0.0518717,0.0800893,-0.414799,-0.0167349
702,12.7146,0.0587298,1,0.061891,0.100575,-0.480477,0.0991371,0.173668,-0.540624,0.061891,0.100575,-0.432429,-0.020816
703,12.7327,0.059676,1,0.0741336,0.124715,-0.498088,0.11101,0.197028,-0.562078,0.0741336,0.124715,-0.448279,-0.0258476
704,12.7508,0.0608228,1,0.0891425,0.153783,-0.511752,0.125382,0.224968,-0.580437,0.0891425,0.153783,-0.460577,-0.0319332
705,12.769,0.0618711,1,0.107248,0.189213,-0.521281,0.142711,0.25838,-0.595054,0.107248,0.189213,-0.469153,-0.0391343
706,12.7871,0.0619206,1,0.129762,0.233672,-0.52629,0.163545,0.298249,-0.604973,0.129762,0.233672,-0.473661,-0.0478048
707,12.8052,0.062061,1,0.157094,0.286612,-0.524636,0.188515,0.345603,-0.608824,0.157094,0.286612,-0.472172,-0.0576921
708,12.8233,0.063681,1,0.1889,0.346792,-0.513466,0.21832,0.401404,-0.604668,0.1889,0.346792,-0.462119,-0.0678954
709,12.8414,0.0679178,1,0.226556,0.414829,-0.487612,0.253687,0.46634,-0.589832,0.226556,0.414829,-0.438851,-0.07733
710,12.8595,0.0747311,1,0.270276,0.489727,-0.444323,0.29528,0.540455,-0.560752,0.270276,0.489727,-0.399891,-0.0840628
711,12.8776,0.0831213,1,0.321513,0.570237,-0.380613,0.343547,0.622554,-0.512918,0.321513,0.570237,-0.342551,-0.0856604
712,12.8957,0.0937942,1,0.378475,0.651207,-0.290722,0.398457,0.709339,-0.441099,0.378475,0.651207,-0.261649,-0.0770216
713,12.9139,0.107757,1,0.438618,0.723867,-0.16853,0.459106,0.794349,-0.340132,0.438618,0.723867,-0.151677,-0.0517441
714,12.932,0.125411,1,0.498321,0.771686,-0.0130812,0.523209,0.867055,-0.206651,0.498321,0.771686,-0.0117731,-0.00456306
715,12.9501,0.143158,1,0.55242,0.776974,0.162603,0.586599,0.912936,-0.041918,0.55242,0.776974,0.146343,0.0628778
716,12.9682,0.160781,1,0.591887,0.725401,0.341547,0.643017,0.915778,0.144841,0.591887,0.725401,0.307393,0.14151
717,12.9863,0.175207,1,0.610489,0.617505,0.496825,0.684638,0.86301,0.334584,0.610489,0.617505,0.447142,0.212314
718,13.0044,0.183227,1,0.601651,0.470401,0.60383,0.703684,0.752773,0.50101,0.601651,0.470401,0.543447,0.254307
719,13.0225,0.185344,1,0.565044,0.306793,0.653528,0.694848,0.598335,0.618718,0.565044,0.306793,0.588175,0.258491
720,13.0406,0.178204,1,0.50886,0.156873,0.63866,0.657439,0.425183,0.673355,0.50886,0.156873,0.574794,0.227492
721,13.0588,0.166491,1,0.436282,0.0338781,0.589276,0.595904,0.261187,0.666797,0.436282,0.0338781,0.530348,0.179963
722,13.0769,0.151963,1,0.356799,-0.05751,0.516947,0.518317,0.126362,0.613806,0.356799,-0.05751,0.465252,0.129112
723,13.095,0.135452,1,0.278338,-0.117523,0.435956,0.433787,0.0285474,0.533634,0.278338,-0.117523,0.392361,0.0849402
724,13.1131,0.117597,1,0.207641,-0.147519,0.351226,0.350193,-0.0344497,0.442778,0.207641,-0.147519,0.316104,0.0510502
725,13.1312,0.102961,1,0.144043,-0.165141,0.273764,0.273027,-0.0700136,0.351972,0.144043,-0.165141,0.246388,0.0276036
726,13.1493,0.0895152,1,0.0912508,-0.17227,0.205835,0.205302,-0.086606,0.266603,0.0912508,-0.17227,0.185251,0.0131478
727,13.1674,0.0787521,1,0.0467355,-0.172436,0.146042,0.148034,-0.0915486,0.188487,0.0467355,-0.172436,0.131437,0.00477773
728,13.1855,0.0715287,1,0.0115087,-0.170556,0.0872013,0.100897,-0.0903267,0.117566,0.0115087,-0.170556,0.0784812,0.000702502
729,13.2036,0.0668757,1,-0.0176597,-0.167234,0.0316785,0.0627983,-0.0866935,0.0530504,-0.0176597,-0.167234,0.0285107,-0.000391603
730,13.2218,0.0632828,1,-0.0408813,-0.163983,-0.0164595,0.0322931,-0.0830523,-0.00598148,-0.0408813,-0.163983,-0.0148135,0.00047102
731,13.2399,0.0615254,1,-0.0598459,-0.163146,-0.0613941,0.00785861,-0.0808593,-0.0603256,-0.0598459,-0.163146,-0.0552546,0.00257193
732,13.258,0.0610557,1,-0.0754808,-0.165017,-0.101561,-0.0119542,-0.0809554,-0.110581,-0.0754808,-0.165017,-0.0914048,0.00536613
733,13.2761,0.0639833,1,-0.0905613,-0.173841,-0.139319,-0.0284463,-0.0838128,-0.157156,-0.0905613,-0.173841,-0.125387,0.00883185
734,13.2942,0.0671739,1,-0.104508,-0.184852,-0.174412,-0.0427481,-0.089707,-0.2003,-0.104508,-0.184852,-0.156971,0.0127592
735,13.3123,0.0709613,1,-0.116946,-0.199923,-0.206191,-0.0558259,-0.0988333,-0.240129,-0.116946,-0.199923,-0.185572,0.0168793
736,13.3304,0.0757662,1,-0.129712,-0.219668,-0.234817,-0.0685049,-0.111382,-0.276644,-0.129712,-0.219668,-0.211335,0.021321
737,13.3485,0.0816268,1,-0.144616,-0.244272,-0.260851,-0.0814986,-0.127584,-0.30973,-0.144616,-0.244272,-0.234766,0.0264063
738,13.3667,0.0870121,1,-0.161996,-0.269937,-0.281263,-0.0954389,-0.147736,-0.339145,-0.161996,-0.269937,-0.253137,0.0318944
739,13.3848,0.0927005,1,-0.180953,-0.298535,-0.294402,-0.110903,-0.172204,-0.3645,-0.180953,-0.298535,-0.264962,0.0372911
740,13.4029,0.0996652,1,-0.202344,-0.331731,-0.299451,-0.128438,-0.201416,-0.385214,-0.202344,-0.331731,-0.269505,0.0424143
741,13.421,0.107396,1,-0.226206,-0.370848,-0.298769,-0.148568,-0.235825,-0.40047,-0.226206,-0.370848,-0.268892,0.0473083
742,13.4391,0.115793,1,-0.253109,-0.414991,-0.289763,-0.171808,-0.275847,-0.409151,-0.253109,-0.414991,-0.260787,0.0513391
743,13.4572,0.124103,1,-0.283563,-0.463036,-0.271817,-0.198638,-0.321755,-0.409775,-0.283563,-0.463036,-0.244635,0.0539541
744,13.4753,0.132531,1,-0.317749,-0.512711,-0.240681,-0.229478,-0.373504,-0.400439,-0.317749,-0.512711,-0.216612,0.0535332
745,13.4934,0.140222,1,-0.354257,-0.561715,-0.195159,-0.264613,-0.430482,-0.378813,-0.354257,-0.561715,-0.175643,0.0483956
746,13.5116,0.147451,1,-0.393586,-0.608122,-0.133578,-0.304086,-0.491158,-0.342226,-0.393586,-0.608122,-0.12022,0.0368021
747,13.5297,0.15435,1,-0.434068,-0.64808,-0.0536859,-0.347536,-0.55266,-0.287947,-0.434068,-0.64808,-0.0483174,0.0163124
748,13.5478,0.157787,1,-0.472795,-0.670471,0.040922,-0.393986,-0.610367,-0.213767,-0.472795,-0.670471,0.0368298,-0.0135434
749,13.5659,0.155449,1,-0.505371,-0.667562,0.142438,-0.441621,-0.657725,-0.118966,-0.505371,-0.667562,0.128194,-0.0503889
750,13.584,0.14783,1,-0.52842,-0.63874,0.242592,-0.487605,-0.68663,-0.00560529,-0.52842,-0.63874,0.218333,-0.0897333
751,13.6021,0.136874,1,-0.540515,-0.585075,0.333048,-0.528101,-0.68876,0.120214,-0.540515,-0.585075,0.299743,-0.126012
752,13.6202,0.1255,1,-0.539176,-0.510372,0.406309,-0.55862,-0.657957,0.247906,-0.539176,-0.510372,0.365678,-0.15335
753,13.6383,0.114618,1,-0.523366,-0.423587,0.453391,-0.574796,-0.593039,0.363653,-0.523366,-0.423587,0.408051,-0.166102
754,13.6564,0.106646,1,-0.493948,-0.333737,0.47033,-0.573467,-0.499623,0.453626,-0.493948,-0.333737,0.423297,-0.162623
755,13.6746,0.102926,1,-0.453489,-0.250269,0.459347,-0.553669,-0.389441,0.508095,-0.453489,-0.250269,0.413412,-0.145816
756,13.6927,0.10248,1,-0.405764,-0.179567,0.42615,-0.517059,-0.276986,0.52428,-0.405764,-0.179567,0.383535,-0.121042
757,13.7108,0.101703,1,-0.356927,-0.126415,0.378189,-0.467532,-0.175136,0.506343,-0.356927,-0.126415,0.34037,-0.0944903
758,13.7289,0.100527,1,-0.308099,-0.0886207,0.321824,-0.410196,-0.0920584,0.462826,-0.308099,-0.0886207,0.289642,-0.0694076
759,13.747,0.0966268,1,-0.262372,-0.0641625,0.26485,-0.350206,-0.0305384,0.403287,-0.262372,-0.0641625,0.238365,-0.0486424
760,13.7651,0.0927007,1,-0.222041,-0.0522182,0.205706,-0.291872,0.0107759,0.335844,-0.222041,-0.0522182,0.185136,-0.0319726
761,13.7832,0.0890203,1,-0.187808,-0.0490055,0.14746,-0.238241,0.0354689,0.26618,-0.187808,-0.0490055,0.132714,-0.0193859
762,13.8013,0.0854842,1,-0.159726,-0.0512281,0.0921032,-0.191081,0.0477425,0.19767,-0.159726,-0.0512281,0.0828928,-0.0102979
763,13.8195,0.0823157,1,-0.13801,-0.0551352,0.038189,-0.151102,0.0514394,0.131987,-0.13801,-0.0551352,0.0343701,-0.00368934
764,13.8376,0.0795949,1,-0.120098,-0.0615882,-0.011688,-0.118255,0.0496262,0.0697612,-0.120098,-0.0615882,-0.0105192,0.000982595
765,13.8557,0.0778843,1,-0.106824,-0.0708771,-0.0571961,-0.0920262,0.0445284,0.0110716,-0.106824,-0.0708771,-0.0514765,0.00427694
766,13.8738,0.0775999,1,-0.0984208,-0.0822692,-0.0987613,-0.0716621,0.0376337,-0.0442404,-0.0984208,-0.0822692,-0.0888851,0.00680411
767,13.8919,0.0783349,1,-0.0933091,-0.0939664,-0.137774,-0.0563326,0.0298497,-0.0964057,-0.0933091,-0.0939664,-0.123997,0.00899892
768,13.91,0.0802762,1,-0.0908634,-0.106188,-0.175754,-0.0452358,0.0216585,-0.14565,-0.0908634,-0.106188,-0.158179,0.0111787
769,13.9281,0.0820816,1,-0.0907309,-0.117484,-0.209648,-0.0376572,0.0132438,-0.192167,-0.0907309,-0.117484,-0.188683,0.0133151
770,13.9462,0.084372,1,-0.0929883,-0.128567,-0.241327,-0.0329988,0.0045872,-0.236111,-0.0929883,-0.128567,-0.217195,0.0157084
771,13.9644,0.0873535,1,-0.0973268,-0.140217,-0.271627,-0.0307879,-0.00446424,-0.277603,-0.0973268,-0.140217,-0.244464,0.0185056
772,13.9825,0.0924182,1,-0.103503,-0.1557,-0.29987,-0.030674,-0.014155,-0.31673,-0.103503,-0.1557,-0.269883,0.0217263
773,14.0006,0.0986799,1,-0.1116,-0.173575,-0.325111,-0.0324212,-0.024796,-0.353547,-0.1116,-0.173575,-0.2926,0.0253976
774,14.0187,0.10699,1,-0.122213,-0.195256,-0.346034,-0.0358979,-0.0367535,-0.388076,-0.122213,-0.195256,-0.311431,0.0296028
775,14.0368,0.117154,1,-0.135011,-0.221025,-0.36326,-0.0410676,-0.0504471,-0.420298,-0.135011,-0.221025,-0.326934,0.0343309
776,14.0549,0.128575,1,-0.150152,-0.250589,-0.377931,-0.0479821,-0.0663553,-0.450138,-0.150152,-0.250589,-0.340138,0.0397229
777,14.073,0.142076,1,-0.168124,-0.285264,-0.387664,-0.0567766,-0.0850242,-0.477455,-0.168124,-0.285264,-0.348898,0.045623
778,14.0911,0.157656,1,-0.189307,-0.324961,-0.391116,-0.0676679,-0.107078,-0.502007,-0.189307,-0.324961,-0.352004,0.0518288
779,14.1092,0.176137,1,-0.21484,-0.371436,-0.387756,-0.0809547,-0.133228,-0.523417,-0.21484,-0.371436,-0.348981,0.0583139
780,14.1274,0.197594,1,-0.244694,-0.423743,-0.373796,-0.0970189,-0.164273,-0.541123,-0.244694,-0.423743,-0.336417,0.0640259
781,14.1455,0.222088,1,-0.279572,-0.481813,-0.348109,-0.116326,-0.20109,-0.554301,-0.279572,-0.481813,-0.313298,0.0681249
782,14.1636,0.249346,1,-0.319498,-0.543771,-0.307639,-0.139419,-0.244594,-0.561775,-0.319498,-0.543771,-0.276875,0.0688031
783,14.1817,0.279098,0,-0.362313,-0.60556,-0.246521,-0.166907,-0.295651,-0.561894,-0.362313,-0.60556,-0.221869,0.0625225
784,14.1998,0.310143,0,-0.407821,-0.66145,-0.163582,-0.199429,-0.354911,-0.552392,-0.407821,-0.66145,-0.147224,0.0466986
785,14.2179,0.340515,0,-0.454221,-0.703065,-0.0588616,-0.237584,-0.422523,-0.53026,-0.454221,-0.703065,-0.0529754,0.0187153
786,14.236,0.367521,0,-0.497482,-0.719591,0.0645981,-0.281807,-0.497669,-0.491685,-0.497482,-0.719591,0.0581383,-0.0224955
787,14.2541,0.387196,0,-0.534085,-0.709749,0.193599,-0.332164,-0.577881,-0.432181,-0.534085,-0.709749,0.174239,-0.0723788
788,14.2723,0.395167,0,-0.558958,-0.662824,0.315605,-0.388039,-0.658186,-0.347143,-0.558958,-0.662824,0.284045,-0.123487
789,14.2904,0.393792,0,-0.568454,-0.581649,0.421555,-0.447727,-0.730282,-0.233083,-0.568454,-0.581649,0.379399,-0.167744
790,14.3085,0.382675,0,-0.556856,-0.476806,0.496396,-0.507987,-0.782325,-0.0897691,-0.556856,-0.476806,0.446757,-0.193495
791,14.3266,0.364263,0,-0.529161,-0.366007,0.53344,-0.563773,-0.800227,0.0770207,-0.529161,-0.366007,0.480096,-0.197593
792,14.3447,0.343659,0,-0.486581,-0.257236,0.527498,-0.608459,-0.771335,0.253361,-0.486581,-0.257236,0.474748,-0.179669
793,14.3628,0.32669,0,-0.434363,-0.166369,0.493192,-0.634906,-0.690095,0.417875,-0.434363,-0.166369,0.443872,-0.149957
794,14.3809,0.316172,0,-0.374098,-0.0942711,0.442535,-0.637339,-0.562984,0.546972,-0.374098,-0.0942711,0.398282,-0.115886
795,14.399,0.307184,0,-0.313982,-0.0423552,0.379805,-0.613397,-0.408659,0.623235,-0.313982,-0.0423552,0.341825,-0.0834764
796,14.4172,0.293609,0,-0.258554,-0.0148062,0.312677,-0.56521,-0.25171,0.642007,-0.258554,-0.0148062,0.281409,-0.0565906
797,14.4353,0.276474,0,-0.210536,-0.00297044,0.245586,-0.498807,-0.113543,0.611629,-0.210536,-0.00297044,0.221028,-0.0361933
798,14.4534,0.25677,0,-0.170097,-0.00128163,0.181432,-0.42218,-0.00620477,0.547796,-0.170097,-0.00128163,0.163289,-0.0216027
799,14.4715,0.234731,1,-0.13635,-0.00205749,0.123629,-0.343101,0.0681594,0.466585,-0.13635,-0.00205749,0.111266,-0.0117997
800,14.4896,0.212629,1,-0.108222,-0.00323667,0.0695419,-0.267641,0.114018,0.380138,-0.108222,-0.00323667,0.0625877,-0.00526818
801,14.5077,0.192423,1,-0.0855786,-0.00548149,0.0175915,-0.199659,0.138505,0.29568,-0.0855786,-0.00548149,0.0158324,-0.00105382
802,14.5258,0.174783,1,-0.0682905,-0.0108909,-0.0302265,-0.140999,0.148701,0.216535,-0.0682905,-0.0108909,-0.0272039,0.00144493
803,14.5439,0.161629,1,-0.0542341,-0.0167231,-0.0777867,-0.0919978,0.150376,0.143627,-0.0542341,-0.0167231,-0.070008,0.00295308
804,14.562,0.149407,1,-0.0446525,-0.0197483,-0.120433,-0.0520323,0.14773,0.0767065,-0.0446525,-0.0197483,-0.10839,0.00376434
805,14.5802,0.140409,1,-0.0369147,-0.0233047,-0.160976,-0.0199651,0.143588,0.0151021,-0.0369147,-0.0233047,-0.144878,0.00415965
806,14.5983,0.134682,1,-0.0318366,-0.0260269,-0.201721,0.00554467,0.139736,-0.0418992,-0.0318366,-0.0260269,-0.181549,0.00449548
807,14.6164,0.131982,1,-0.0281685,-0.0308658,-0.240097,0.0258468,0.137237,-0.0949012,-0.0281685,-0.0308658,-0.216087,0.00473421
808,14.6345,0.12994,1,-0.0256833,-0.0344877,-0.273758,0.0421925,0.136695,-0.144363,-0.0256833,-0.0344877,-0.246382,0.00492169
809,14.6526,0.128432,1,-0.0241548,-0.0347924,-0.305071,0.0556874,0.138439,-0.190613,-0.0241548,-0.0347924,-0.274564,0.00515826
810,14.6707,0.128091,1,-0.0219531,-0.0328552,-0.33611,0.067282,0.142659,-0.233869,-0.0219531,-0.0328552,-0.302499,0.00516506
811,14.6888,0.130709,1,-0.0203072,-0.0329161,-0.365682,0.0777832,0.1495,-0.274263,-0.0203072,-0.0329161,-0.329114,0.00519819
812,14.7069,0.135744,1,-0.019526,-0.033372,-0.393655,0.0878781,0.159115,-0.311848,-0.019526,-0.033372,-0.35429,0.00538055
813,14.7251,0.143324,1,-0.0186888,-0.0345058,-0.420398,0.0981618,0.171713,-0.346607,-0.0186888,-0.0345058,-0.378358,0.00549973
814,14.7432,0.153398,1,-0.0187592,-0.0355551,-0.445072,0.109166,0.187577,-0.378437,-0.0187592,-0.0355551,-0.400565,0.00584445
815,14.7613,0.165944,1,-0.0188233,-0.036122,-0.468831,0.121386,0.207081,-0.407136,-0.0188233,-0.036122,-0.421948,0.00617747
816,14.7794,0.18118,1,-0.019078,-0.0359758,-0.491805,0.135303,0.230695,-0.432375,-0.019078,-0.0359758,-0.442624,0.00656785
817,14.7975,0.199696,1,-0.0192202,-0.035959,-0.513095,0.151406,0.25898,-0.453654,-0.0192202,-0.035959,-0.461786,0.00690325
818,14.8156,0.221674,1,-0.0189784,-0.0356766,-0.532554,0.170205,0.29257,-0.470244,-0.0189784,-0.0356766,-0.479298,0.0070749
819,14.8337,0.248119,1,-0.0184767,-0.0357818,-0.551354,0.192234,0.332128,-0.481121,-0.0184767,-0.0357818,-0.496219,0.00713105
820,14.8518,0.279506,0,-0.0181521,-0.0358754,-0.568939,0.218048,0.378265,-0.484868,-0.0181521,-0.0358754,-0.512045,0.00722918
821,14.87,0.316275,0,-0.0178111,-0.0357851,-0.584808,0.248197,0.431395,-0.479583,-0.0178111,-0.0357851,-0.526327,0.00729126
822,14.8881,0.359217,0,-0.0176519,-0.0358252,-0.59896,0.283171,0.491502,-0.462793,-0.0176519,-0.0358252,-0.539064,0.00740095
823,14.9062,0.408909,0,-0.0176873,-0.0361571,-0.611959,0.323298,0.557778,-0.431432,-0.0176873,-0.0361571,-0.550763,0.00757674
824,14.9243,0.465769,0,-0.0181072,-0.0368538,-0.625075,0.368592,0.628119,-0.381976,-0.0181072,-0.0368538,-0.562568,0.00792287
825,14.9424,0.529274,0,-0.0185349,-0.0377471,-0.638472,0.418507,0.698504,-0.310872,-0.0185349,-0.0377471,-0.574625,0.0082838
826,14.9605,0.598211,0,-0.0190289,-0.0392196,-0.651526,0.471648,0.762433,-0.215453,-0.0190289,-0.0392196,-0.586373,0.00867845
827,14.9786,0.669541,0,-0.0194136,-0.0406464,-0.663846,0.525438,0.810773,-0.0954455,-0.0194136,-0.0406464,-0.597462,0.00902137
828,14.9967,0.739051,0,-0.0199434,-0.0417577,-0.675329,0.575926,0.832616,0.0450883,-0.0199434,-0.0417577,-0.607796,0.00942784
829,15.0148,0.80146,0,-0.0206285,-0.0430116,-0.686148,0.617909,0.817706,0.196149,-0.0206285,-0.0430116,-0.617533,0.00990793
830,15.033,0.850566,0,-0.0215478,-0.0444774,-0.696167,0.64563,0.760297,0.341909,-0.0215478,-0.0444774,-0.62655,0.0105006
831,15.0511,0.880778,0,-0.0225406,-0.0464163,-0.705116,0.654068,0.662955,0.463774,-0.0225406,-0.0464163,-0.634604,0.0111256
832,15.0692,0.888804,0,-0.0235643,-0.0483846,-0.713154,0.640475,0.537681,0.54601,-0.0235643,-0.0483846,-0.641838,0.0117635
833,15.0873,0.874969,0,-0.0246512,-0.050532,-0.720475,0.605442,0.402718,0.581162,-0.0246512,-0.050532,-0.648427,0.0124324
834,15.1054,0.842864,0,-0.0259617,-0.0531717,-0.727187,0.552857,0.27637,0.5719,-0.0259617,-0.0531717,-0.654468,0.0132153
835,15.1235,0.797834,0,-0.0275277,-0.0564159,-0.733014,0.488773,0.171466,0.528382,-0.0275277,-0.0564159,-0.659713,0.0141248
836,15.1416,0.745923,0,-0.0294853,-0.0602462,-0.738235,0.419764,0.0932696,0.463352,-0.0294853,-0.0602462,-0.664412,0.015237
837,15.1597,0.691927,0,-0.0318975,-0.0648436,-0.742499,0.351544,0.040756,0.388036,-0.0318975,-0.0648436,-0.668249,0.0165787
838,15.1779,0.639406,0,-0.0347664,-0.0703549,-0.746055,0.288229,0.00936352,0.310278,-0.0347664,-0.0703549,-0.67145,0.0181564
839,15.196,0.590157,0,-0.0381708,-0.07732,-0.748657,0.232237,-0.0065259,0.234564,-0.0381708,-0.07732,-0.673791,0.0200038
840,15.2141,0.545047,0,-0.0421421,-0.0855774,-0.750546,0.184553,-0.0120794,0.162929,-0.0421421,-0.0855774,-0.675491,0.0221407
841,15.2322,0.503938,0,-0.0470603,-0.0958029,-0.751276,0.145143,-0.0113925,0.0959505,-0.0470603,-0.0958029,-0.676148,0.0247487
842,15.2503,0.466724,0,-0.0533157,-0.108556,-0.75104,0.113347,-0.00741248,0.0334901,-0.0533157,-0.108556,-0.675936,0.0280296
843,15.2684,0.433003,0,-0.061311,-0.124527,-0.74952,0.0881836,-0.00210659,-0.0248553,-0.061311,-0.124527,-0.674568,0.0321677
844,15.2865,0.402125,0,-0.0710884,-0.14379,-0.745844,0.0685671,0.00330172,-0.0795305,-0.0710884,-0.14379,-0.67126,0.0371146
845,15.3046,0.37413,0,-0.0830366,-0.167413,-0.739606,0.0534384,0.00811191,-0.13093,-0.0830366,-0.167413,-0.665646,0.0429901
846,15.3228,0.349577,0,-0.0976676,-0.196164,-0.730586,0.041838,0.0119678,-0.179377,-0.0976676,-0.196164,-0.657527,0.0499482
847,15.3409,0.329666,0,-0.115658,-0.231473,-0.718426,0.0329375,0.0147248,-0.225126,-0.115658,-0.231473,-0.646584,0.0581643
848,15.359,0.315841,0,-0.137807,-0.274421,-0.701819,0.0260446,0.0163562,-0.268383,-0.137807,-0.274421,-0.631637,0.0677009
849,15.3771,0.309682,0,-0.164191,-0.325294,-0.678735,0.0205933,0.0168899,-0.309312,-0.164191,-0.325294,-0.610861,0.0780094
850,15.3952,0.312743,0,-0.195653,-0.383647,-0.645647,0.0161273,0.0163672,-0.348053,-0.195653,-0.383647,-0.581082,0.0884259
851,15.4133,0.328497,0,-0.233597,-0.451666,-0.598431,0.0122796,0.0148172,-0.384726,-0.233597,-0.451666,-0.538588,0.0978541
852,15.4314,0.358935,0,-0.278057,-0.527654,-0.532374,0.00875243,0.0122407,-0.419434,-0.278057,-0.527654,-0.479136,0.103621
853,15.4495,0.405539,0,-0.329483,-0.608832,-0.443145,0.00529882,0.00860046,-0.452267,-0.329483,-0.608832,-0.39883,0.102206
854,15.4676,0.466933,0,-0.386838,-0.687986,-0.326696,0.00170562,0.00381423,-0.483302,-0.386838,-0.687986,-0.294026,0.0884648
855,15.4858,0.540252,0,-0.44722,-0.755599,-0.180846,-0.00222121,-0.00225096,-0.512601,-0.44722,-0.755599,-0.162761,0.0566144
856,15.5039,0.619585,0,-0.506402,-0.795844,-0.00725756,-0.00666991,-0.00978496,-0.540208,-0.506402,-0.795844,-0.0065318,0.00257267
857,15.522,0.697304,0,-0.55726,-0.791309,0.185396,-0.0118349,-0.019042,-0.566145,-0.55726,-0.791309,0.166857,-0.0723198
858,15.5401,0.763403,0,-0.595451,-0.726992,0.373707,-0.0179281,-0.0303501,-0.590402,-0.595451,-0.726992,0.336337,-0.155767
859,15.5582,0.811539,0,-0.609574,-0.604101,0.53629,-0.0251905,-0.0441228,-0.612929,-0.609574,-0.604101,0.482661,-0.228836
860,15.5763,0.83357,0,-0.591696,-0.439301,0.643169,-0.0339034,-0.0608734,-0.633616,-0.591696,-0.439301,0.578852,-0.266392
861,15.5944,0.830798,0,-0.546432,-0.264412,0.683803,-0.0444005,-0.081231,-0.652266,-0.546432,-0.264412,0.615423,-0.261557
862,15.6125,0.804527,0,-0.47379,-0.1021,0.661147,-0.0570816,-0.105957,-0.668564,-0.47379,-0.1021,0.595032,-0.219271
863,15.6307,0.767243,0,-0.392432,0.011876,0.599282,-0.0724251,-0.135957,-0.682016,-0.392432,0.011876,0.539354,-0.164624
864,15.6488,0.72483,0,-0.306616,0.0926405,0.516208,-0.0910015,-0.172292,-0.691873,-0.306616,0.0926405,0.464587,-0.110794
865,15.6669,0.685635,0,-0.22444,0.14318,0.429414,-0.113483,-0.216153,-0.69702,-0.22444,0.14318,0.386473,-0.0674644
866,15.685,0.655371,0,-0.152903,0.172963,0.349747,-0.140645,-0.268814,-0.695823,-0.152903,0.172963,0.314772,-0.037434
867,15.7031,0.634469,0,-0.092206,0.18459,0.280885,-0.17335,-0.331489,-0.685929,-0.092206,0.18459,0.252797,-0.0181295
868,15.7212,0.621473,0,-0.0394307,0.189335,0.216547,-0.2125,-0.405064,-0.664034,-0.0394307,0.189335,0.194892,-0.00597701
869,15.7393,0.618626,0,0.00499916,0.193043,0.156932,-0.258925,-0.489598,-0.625653,0.00499916,0.193043,0.141239,0.00054917
870,15.7574,0.628579,0,0.0429328,0.197531,0.104665,-0.313179,-0.583504,-0.565038,0.0429328,0.197531,0.0941988,0.0031455
871,15.7756,0.649378,0,0.0742158,0.199558,0.0587259,-0.375177,-0.682331,-0.475495,0.0742158,0.199558,0.0528533,0.00305087
872,15.7937,0.681116,0,0.100243,0.200789,0.0226877,-0.44366,-0.777271,-0.350575,0.100243,0.200789,0.0204189,0.001592
873,15.8118,0.721719,0,0.122561,0.205421,-0.00456346,-0.515491,-0.853994,-0.186675,0.122561,0.205421,-0.00410712,-0.00039151
874,15.8299,0.763026,0,0.139694,0.211156,-0.0309154,-0.585005,-0.893168,0.0127654,0.139694,0.211156,-0.0278239,-0.00302309
875,15.848,0.800755,0,0.155348,0.221057,-0.0576832,-0.643881,-0.874618,0.232755,0.155348,0.221057,-0.0519149,-0.00627267
876,15.8661,0.825837,0,0.171163,0.234625,-0.0802959,-0.68222,-0.785832,0.445468,0.171163,0.234625,-0.0722663,-0.00962059
877,15.8842,0.828119,0,0.188056,0.251705,-0.0936991,-0.691146,-0.631474,0.616471,0.188056,0.251705,-0.0843292,-0.0123345
878,15.9023,0.802021,0,0.205369,0.271978,-0.0994699,-0.666159,-0.436255,0.718182,0.205369,0.271978,-0.0895229,-0.0142997
879,15.9204,0.749349,0,0.22339,0.294732,-0.0999984,-0.60931,-0.236076,0.742276,0.22339,0.294732,-0.0899985,-0.015637
880,15.9386,0.678494,0,0.242142,0.32135,-0.0984731,-0.528602,-0.0625635,0.701292,0.242142,0.32135,-0.0886258,-0.0166912
881,15.9567,0.596796,0,0.262452,0.350168,-0.089575,-0.435002,0.0676374,0.619106,0.262452,0.350168,-0.0806175,-0.0164564
882,15.9748,0.512626,0,0.284009,0.378777,-0.0719856,-0.339005,0.153304,0.519093,0.284009,0.378777,-0.0647871,-0.0143112
883,15.9929,0.433729,0,0.306709,0.405957,-0.0459544,-0.248449,0.202523,0.417486,0.306709,0.405957,-0.0413589,-0.00986625
884,16.011,0.366465,0,0.330336,0.429743,-0.0137122,-0.16794,0.226195,0.322708,0.330336,0.429743,-0.012341,-0.00317075
885,16.0291,0.314897,0,0.354112,0.449065,0.0239217,-0.0993369,0.23416,0.237651,0.354112,0.449065,0.0215295,0.00592967
886,16.0472,0.280409,0,0.376338,0.461268,0.0691924,-0.0425946,0.233842,0.162258,0.376338,0.461268,0.0622732,0.0182278
887,16.0653,0.263502,0,0.395466,0.462682,0.119915,0.00343977,0.230282,0.0953252,0.395466,0.462682,0.107923,0.0331956
888,16.0835,0.262336,0,0.410015,0.45274,0.172452,0.0404415,0.226665,0.0354629,0.410015,0.45274,0.155207,0.0494957
889,16.1016,0.271476,0,0.418176,0.431141,0.22128,0.0702317,0.224895,-0.018501,0.418176,0.431141,0.199152,0.0647739
890,16.1197,0.285711,0,0.419878,0.400291,0.262286,0.094563,0.226049,-0.067413,0.419878,0.400291,0.236058,0.0770898
891,16.1378,0.300938,0,0.415864,0.362955,0.29278,0.115015,0.230713,-0.11181,0.415864,0.362955,0.263502,0.0852298
892,16.1559,0.314499,0,0.406615,0.32279,0.311554,0.132961,0.2392,-0.15197,0.406615,0.32279,0.280398,0.0886776
893,16.174,0.324474,0,0.39266,0.282704,0.317804,0.149564,0.251695,-0.187956,0.39266,0.282704,0.286023,0.0873522
894,16.1921,0.331018,0,0.372619,0.24506,0.31459,0.16581,0.268339,-0.219645,0.372619,0.24506,0.283131,0.0820556
895,16.2102,0.333596,0,0.348832,0.210692,0.301009,0.182527,0.289266,-0.246739,0.348832,0.210692,0.270908,0.073501
896,16.2284,0.333159,0,0.322772,0.180767,0.279059,0.20042,0.314618,-0.268753,0.322772,0.180767,0.251153,0.0630506
897,16.2465,0.33053,0,0.296973,0.156145,0.25012,0.220089,0.344513,-0.285002,0.296973,0.156145,0.225108,0.0519952
898,16.2646,0.326223,0,0.272139,0.137263,0.215256,0.242041,0.378996,-0.294571,0.272139,0.137263,0.19373,0.0410057
899,16.2827,0.321871,0,0.24895,0.124178,0.177191,0.266687,0.417943,-0.296297,0.24895,0.124178,0.159472,0.0308782
900,16.3008,0.317635,0,0.228594,0.118013,0.136391,0.294313,0.460928,-0.288775,0.228594,0.118013,0.122752,0.0218247
901,16.3189,0.316202,0,0.211487,0.11751,0.0974622,0.325035,0.507044,-0.270397,0.211487,0.11751,0.087716,0.0144284
902,16.337,0.31831,0,0.197622,0.121471,0.0610719,0.358721,0.554685,-0.239489,0.197622,0.121471,0.0549647,0.00844842
903,16.3551,0.324046,0,0.188124,0.128549,0.0262186,0.394889,0.601326,-0.194571,0.188124,0.128549,0.0235967,0.00345265
904,16.3732,0.3333,0,0.182124,0.139,-0.00772801,0.432587,0.643373,-0.134786,0.182124,0.139,-0.00695521,-0.000985221
905,16.3914,0.346169,0,0.17954,0.152257,-0.0395628,0.470287,0.67621,-0.0605088,0.17954,0.152257,-0.0356065,-0.00497218
906,16.4095,0.361315,0,0.179762,0.168737,-0.0677303,0.505833,0.694612,0.0259659,0.179762,0.168737,-0.0609573,-0.00852272
907,16.4276,0.376863,0,0.182722,0.18753,-0.09165,0.536523,0.693644,0.119895,0.182722,0.18753,-0.082485,-0.0117225
908,16.4457,0.389847,0,0.189128,0.208888,-0.111861,0.559379,0.669993,0.214079,0.189128,0.208888,-0.100675,-0.0148093
909,16.4638,0.397913,0,0.198161,0.232587,-0.127847,0.57163,0.623363,0.299727,0.198161,0.232587,-0.115062,-0.017734
910,16.4819,0.398312,0,0.210615,0.259705,-0.139066,0.571304,0.557276,0.368193,0.210615,0.259705,-0.125159,-0.0205025
911,16.5,0.390538,0,0.225576,0.288387,-0.144604,0.557764,0.47869,0.413066,0.225576,0.288387,-0.130144,-0.0228334
912,16.5181,0.374565,0,0.243285,0.319293,-0.144178,0.531949,0.396366,0.431696,0.243285,0.319293,-0.12976,-0.0245535
913,16.5363,0.351626,0,0.26343,0.350811,-0.136429,0.496211,0.318665,0.425445,0.26343,0.350811,-0.122786,-0.0251577
914,16.5544,0.323397,0,0.285804,0.383082,-0.119292,0.453805,0.251739,0.398666,0.285804,0.383082,-0.107363,-0.0238659
915,16.5725,0.293144,0,0.30998,0.414448,-0.0919829,0.408235,0.198774,0.357051,0.30998,0.414448,-0.0827846,-0.019959
916,16.5906,0.265085,0,0.335411,0.443354,-0.0543081,0.362686,0.160259,0.30614,0.335411,0.443354,-0.0488773,-0.0127509
917,16.6087,0.243668,1,0.361065,0.466474,-0.00730332,0.319669,0.134845,0.250438,0.361065,0.466474,-0.00657299,-0.00184588
918,16.6268,0.232592,1,0.385391,0.480946,0.0472132,0.280895,0.120279,0.193148,0.385391,0.480946,0.0424919,0.0127369
919,16.6449,0.232861,1,0.405752,0.483872,0.10688,0.247333,0.11413,0.136313,0.405752,0.483872,0.0961916,0.0303566
920,16.663,0.243954,1,0.422136,0.474701,0.167567,0.219354,0.114221,0.0811156,0.422136,0.474701,0.15081,0.0495152
921,16.6812,0.261636,0,0.433233,0.452106,0.22423,0.196909,0.118825,0.0281824,0.433233,0.452106,0.201807,0.0680007
922,16.6993,0.281961,0,0.437474,0.417183,0.273908,0.179688,0.126695,-0.0221814,0.437474,0.417183,0.246517,0.0838794
923,16.7174,0.300802,0,0.433233,0.372036,0.311577,0.167256,0.137027,-0.0698311,0.433233,0.372036,0.280419,0.0944898
924,16.7355,0.316825,0,0.420638,0.321721,0.335926,0.159143,0.149377,-0.114686,0.420638,0.321721,0.302334,0.0989125
925,16.7536,0.327982,0,0.400747,0.269216,0.344455,0.154914,0.163588,-0.15667,0.400747,0.269216,0.310009,0.0966275
926,16.7717,0.334204,0,0.376094,0.222408,0.337256,0.154205,0.179718,-0.195679,0.376094,0.222408,0.303531,0.088788
927,16.7898,0.335116,0,0.348063,0.181343,0.316191,0.156745,0.197988,-0.231557,0.348063,0.181343,0.284572,0.0770381
928,16.8079,0.333239,0,0.317771,0.147395,0.287204,0.162362,0.218737,-0.264069,0.317771,0.147395,0.258483,0.0638855
929,16.826,0.329467,0,0.287347,0.121295,0.252502,0.170987,0.242387,-0.292881,0.287347,0.121295,0.227252,0.0507891
930,16.8442,0.324214,0,0.257941,0.10293,0.213471,0.182644,0.269417,-0.317525,0.257941,0.10293,0.192124,0.0385442
931,16.8623,0.318916,0,0.231104,0.0920051,0.17312,0.197444,0.300324,-0.337362,0.231104,0.0920051,0.155808,0.0280061
932,16.8804,0.314203,0,0.208833,0.0873327,0.132715,0.215564,0.335578,-0.351535,0.208833,0.0873327,0.119444,0.0194008
933,16.8985,0.310663,0,0.190814,0.088626,0.0939098,0.237227,0.375545,-0.358924,0.190814,0.088626,0.0845188,0.0125435
934,16.9166,0.308649,0,0.176488,0.0930866,0.0557241,0.262664,0.420381,-0.358093,0.176488,0.0930866,0.0501517,0.00688423
935,16.9347,0.308967,0,0.165475,0.0995439,0.0177236,0.29206,0.469862,-0.347273,0.165475,0.0995439,0.0159513,0.00205297
936,16.9528,0.312688,0,0.157655,0.107917,-0.0198692,0.325472,0.523158,-0.324392,0.157655,0.107917,-0.0178822,-0.00219273
937,16.9709,0.321128,0,0.152683,0.118255,-0.0561338,0.362718,0.578534,-0.287216,0.152683,0.118255,-0.0505204,-0.00599946
938,16.9891,0.334498,0,0.150959,0.131617,-0.0900788,0.403224,0.633029,-0.233662,0.150959,0.131617,-0.081071,-0.00951878
939,17.0072,0.352287,0,0.1528,0.148637,-0.120643,0.445846,0.682211,-0.162378,0.1528,0.148637,-0.108579,-0.0129039
940,17.0253,0.373455,0,0.157592,0.169369,-0.146887,0.488705,0.720184,-0.0735839,0.157592,0.169369,-0.132198,-0.0162038
941,17.0434,0.396413,0,0.164899,0.192723,-0.167884,0.529095,0.740139,0.0299206,0.164899,0.192723,-0.151095,-0.0193788
942,17.0615,0.417954,0,0.175218,0.218838,-0.183862,0.563574,0.735636,0.141956,0.175218,0.218838,-0.165476,-0.0225511
943,17.0796,0.435009,0,0.18872,0.247532,-0.195297,0.588345,0.702566,0.252968,0.18872,0.247532,-0.175767,-0.0257995
944,17.0977,0.444196,0,0.205946,0.280253,-0.202176,0.599935,0.64118,0.351389,0.205946,0.280253,-0.181959,-0.0291462
945,17.1158,0.443592,0,0.226741,0.316898,-0.203172,0.596048,0.557079,0.426309,0.226741,0.316898,-0.182855,-0.0322472
946,17.134,0.431939,0,0.250245,0.356302,-0.194795,0.576261,0.460296,0.470496,0.250245,0.356302,-0.175315,-0.0341225
947,17.1521,0.410339,0,0.276221,0.396162,-0.175956,0.542257,0.362563,0.482247,0.276221,0.396162,-0.15836,-0.0340219
948,17.1702,0.381153,0,0.304333,0.43519,-0.145261,0.497439,0.274093,0.465141,0.304333,0.43519,-0.130735,-0.0309455
949,17.1883,0.348553,0,0.334333,0.471183,-0.102337,0.446119,0.201394,0.426043,0.334333,0.471183,-0.0921032,-0.0239503
950,17.2064,0.31824,0,0.36492,0.502462,-0.0475821,0.392613,0.146823,0.372637,0.36492,0.502462,-0.0428239,-0.0121546
951,17.2245,0.295318,0,0.395552,0.524064,0.0170563,0.340559,0.109495,0.311584,0.395552,0.524064,0.0153506,0.00472265
952,17.2426,0.283606,0,0.423377,0.533291,0.0904499,0.292582,0.0866898,0.247733,0.423377,0.533291,0.0814049,0.0268061
953,17.2607,0.284196,0,0.446515,0.526209,0.167505,0.250268,0.0750858,0.184139,0.446515,0.526209,0.150754,0.0523555
954,17.2788,0.293384,0,0.462137,0.498925,0.241493,0.214319,0.0715544,0.122481,0.462137,0.498925,0.217344,0.0781221
955,17.297,0.306704,0,0.467881,0.453187,0.304222,0.184797,0.0735353,0.0635374,0.467881,0.453187,0.2738,0.099638
956,17.3151,0.321159,0,0.463031,0.393907,0.353026,0.161348,0.0791323,0.00757973,0.463031,0.393907,0.317723,0.114423
957,17.3332,0.334363,0,0.447735,0.329366,0.383655,0.143398,0.0870612,-0.0453709,0.447735,0.329366,0.34529,0.120243
958,17.3513,0.342066,0,0.422368,0.262769,0.392552,0.130293,0.0965404,-0.0953912,0.422368,0.262769,0.353297,0.116061
959,17.3694,0.344801,0,0.390389,0.201975,0.38213,0.121393,0.107174,-0.142578,0.390389,0.201975,0.343917,0.104425
960,17.3875,0.343366,0,0.354968,0.15231,0.356625,0.116132,0.118848,-0.187009,0.354968,0.15231,0.320962,0.0886133
961,17.4056,0.338892,0,0.317775,0.113352,0.321454,0.114044,0.131657,-0.228729,0.317775,0.113352,0.289309,0.0715051
962,17.4237,0.331905,0,0.280804,0.083239,0.279071,0.11478,0.145839,-0.267739,0.280804,0.083239,0.251164,0.054855
963,17.4419,0.323169,0,0.245427,0.0627923,0.232031,0.118109,0.161747,-0.303985,0.245427,0.0627923,0.208828,0.0398626
964,17.46,0.313849,0,0.214215,0.0526645,0.183399,0.123914,0.179821,-0.337351,0.214215,0.0526645,0.165059,0.0275008
965,17.4781,0.304707,0,0.188184,0.0505268,0.135249,0.132185,0.200574,-0.367631,0.188184,0.0505268,0.121724,0.0178162
966,17.4962,0.297063,0,0.166749,0.0532492,0.090068,0.143016,0.224589,-0.394513,0.166749,0.0532492,0.0810612,0.0105131
967,17.5143,0.290271,0,0.150338,0.059799,0.0467929,0.156591,0.252506,-0.417531,0.150338,0.059799,0.0421136,0.00492434
968,17.5324,0.284426,0,0.137853,0.0672791,0.00447768,0.173185,0.285006,-0.436023,0.137853,0.0672791,0.00402992,0.000432084
969,17.5505,0.280116,0,0.128587,0.0762197,-0.0362209,0.193145,0.322774,-0.449063,0.128587,0.0762197,-0.0325988,-0.00326027
970,17.5686,0.277538,0,0.1229,0.0866918,-0.0759185,0.216877,0.366436,-0.455384,0.1229,0.0866918,-0.0683266,-0.00653127
971,17.5868,0.277777,0,0.120835,0.0992482,-0.113441,0.244811,0.416438,-0.453296,0.120835,0.0992482,-0.102097,-0.00959537
972,17.6049,0.282404,0,0.121343,0.114182,-0.146882,0.277348,0.472851,-0.440608,0.121343,0.114182,-0.132194,-0.0124761
973,17.623,0.291373,0,0.124835,0.132757,-0.176364,0.314774,0.535073,-0.414606,0.124835,0.132757,-0.158727,-0.0154114
974,17.6411,0.305483,0,0.131222,0.154211,-0.202011,0.357116,0.601408,-0.372147,0.131222,0.154211,-0.18181,-0.0185558
975,17.6592,0.325234,0,0.140788,0.178045,-0.223399,0.403947,0.668535,-0.309993,0.140788,0.178045,-0.201059,-0.0220164
976,17.6773,0.349728,0,0.153381,0.205435,-0.241807,0.454121,0.731002,-0.225531,0.153381,0.205435,-0.217627,-0.025962
977,17.6954,0.378049,0,0.16909,0.236478,-0.25618,0.505489,0.781001,-0.117995,0.16909,0.236478,-0.230562,-0.0303223
978,17.7135,0.407843,0,0.187981,0.270992,-0.264307,0.55469,0.808901,0.00989354,0.187981,0.270992,-0.237876,-0.0347794
979,17.7316,0.434769,0,0.209921,0.309967,-0.264336,0.597187,0.80504,0.150393,0.209921,0.309967,-0.237902,-0.0388427
980,17.7498,0.454931,0,0.235018,0.352749,-0.255957,0.627746,0.762846,0.290369,0.235018,0.352749,-0.230361,-0.0421081
981,17.7679,0.464238,0,0.263478,0.397947,-0.236975,0.641465,0.68233,0.413258,0.263478,0.397947,-0.213277,-0.0437064
982,17.786,0.459481,0,0.295738,0.445651,-0.205206,0.635117,0.571915,0.503488,0.295738,0.445651,-0.184685,-0.0424811
983,17.8041,0.441055,0,0.330501,0.49145,-0.158689,0.60827,0.446779,0.551549,0.330501,0.49145,-0.14282,-0.0367129
984,17.8222,0.412496,0,0.366541,0.532381,-0.0975918,0.563588,0.32403,0.556795,0.366541,0.532381,-0.0878326,-0.02504
985,17.8403,0.379356,0,0.40251,0.562805,-0.0228992,0.506101,0.217376,0.526355,0.40251,0.562805,-0.0206092,-0.006452
986,17.8584,0.348276,0,0.436649,0.578849,0.0637379,0.441834,0.134138,0.471284,0.436649,0.578849,0.0573641,0.0194818
987,17.8765,0.326182,0,0.466336,0.576743,0.158045,0.376443,0.0754082,0.402516,0.466336,0.576743,0.142241,0.0515915
988,17.8947,0.314699,0,0.48693,0.549514,0.252235,0.314333,0.0381375,0.328469,0.48693,0.549514,0.227011,0.0859745
989,17.9128,0.312946,0,0.496964,0.497316,0.336015,0.25836,0.0174983,0.254475,0.496964,0.497316,0.302414,0.116891
990,17.9309,0.317327,0,0.494511,0.426898,0.398088,0.209959,0.00857264,0.183323,0.494511,0.426898,0.358279,0.137801
991,17.949,0.322469,0,0.478693,0.345044,0.435842,0.169476,0.00720837,0.116137,0.478693,0.345044,0.392258,0.146044
992,17.9671,0.324296,0,0.448753,0.260731,0.447199,0.13654,0.0102762,0.0531177,0.448753,0.260731,0.402479,0.140477
993,17.9852,0.321833,0,0.409599,0.184142,0.433128,0.110368,0.0156067,-0.00594702,0.409599,0.184142,0.389815,0.124186
994,18.0033,0.31659,0,0.366136,0.121633,0.401709,0.0900047,0.0218045,-0.0614038,0.366136,0.121633,0.361538,0.102956
995,18.0214,0.308409,0,0.320448,0.0742017,0.358324,0.074469,0.0280462,-0.113601,0.320448,0.0742017,0.322491,0.0803769
996,18.0396,0.298074,0,0.275784,0.0412171,0.307425,0.0628491,0.0339039,-0.162842,0.275784,0.0412171,0.276682,0.0593479
997,18.0577,0.285901,0,0.234177,0.0199321,0.251612,0.0543466,0.0392092,-0.209373,0.234177,0.0199321,0.226451,0.0412453
998,18.0758,0.273796,0,0.198,0.0104475,0.19533,0.0482938,0.0439541,-0.253399,0.198,0.0104475,0.175797,0.0270728
999,18.0939,0.262694,0,0.167162,0.00815345,0.141134,0.0441519,0.048224,-0.295085,0.167162,0.00815345,0.127021,0.0165146
1000,18.112,0.25404,0,0.141805,0.0103753,0.0918124,0.0415006,0.0521535,-0.334572,0.141805,0.0103753,0.0826311,0.00911362
1001,18.1301,0.246177,1,0.121412,0.0155284,0.0446168,0.0400226,0.0559012,-0.371983,0.121412,0.0155284,0.0401551,0.00379192
1002,18.1482,0.238466,1,0.106103,0.0228738,-0.00145956,0.039488,0.0596357,-0.407427,0.106103,0.0228738,-0.00131361,-0.000108404
1003,18.1663,0.231767,1,0.0947205,0.0305599,-0.0447224,0.0397396,0.0635305,-0.441002,0.0947205,0.0305599,-0.0402502,-0.00296529
1004,18.1844,0.225343,1,0.0871083,0.0391428,-0.0863218,0.0406805,0.0677642,-0.472797,0.0871083,0.0391428,-0.0776896,-0.00526354
1005,18.2026,0.218983,1,0.0830213,0.0496487,-0.126491,0.0422646,0.0725245,-0.50289,0.0830213,0.0496487,-0.113842,-0.00735101
1006,18.2207,0.21335,1,0.0812507,0.0617173,-0.164011,0.0444896,0.0780148,-0.53135,0.0812507,0.0617173,-0.14761,-0.00932822
1007,18.2388,0.208977,1,0.0820118,0.0765001,-0.19802,0.0473924,0.0844626,-0.558232,0.0820118,0.0765001,-0.178218,-0.011368
1008,18.2569,0.205456,1,0.0857129,0.0921832,-0.22941,0.0510478,0.0921295,-0.583577,0.0857129,0.0921832,-0.206469,-0.0137644
1009,18.275,0.202794,1,0.092157,0.11059,-0.258189,0.0555682,0.101323,-0.607405,0.092157,0.11059,-0.23237,-0.0166557
1010,18.2931,0.201082,1,0.100326,0.130741,-0.284125,0.0611069,0.11241,-0.629709,0.100326,0.130741,-0.255713,-0.0199536
1011,18.3112,0.200458,1,0.110988,0.153981,-0.30708,0.0678629,0.125834,-0.650443,0.110988,0.153981,-0.276372,-0.0238576
1012,18.3293,0.201552,1,0.124967,0.181866,-0.326138,0.0760874,0.142127,-0.669507,0.124967,0.181866,-0.293525,-0.0285295
1013,18.3475,0.204562,1,0.141735,0.214212,-0.340731,0.0860933,0.161939,-0.68672,0.141735,0.214212,-0.306658,-0.0338054
1014,18.3656,0.209954,1,0.161026,0.250712,-0.34948,0.0982662,0.186048,-0.701789,0.161026,0.250712,-0.314532,-0.0393927
1015,18.3837,0.218022,1,0.184022,0.292075,-0.351364,0.113077,0.215384,-0.71425,0.184022,0.292075,-0.316227,-0.045261
1016,18.4018,0.228562,1,0.211118,0.339582,-0.345931,0.131095,0.251041,-0.723395,0.211118,0.339582,-0.311338,-0.0511226
1017,18.4199,0.243036,1,0.242261,0.391298,-0.32839,0.152999,0.294265,-0.72816,0.242261,0.391298,-0.295551,-0.0556894
1018,18.438,0.261496,0,0.278278,0.447615,-0.296671,0.179583,0.346414,-0.726972,0.278278,0.447615,-0.267004,-0.05779
1019,18.4561,0.283227,0,0.318673,0.50585,-0.248702,0.211744,0.408836,-0.717537,0.318673,0.50585,-0.223832,-0.0554783
1020,18.4742,0.307752,0,0.36102,0.559359,-0.180826,0.250442,0.482621,-0.696594,0.36102,0.559359,-0.162743,-0.0456972
1021,18.4924,0.33263,0,0.40443,0.604643,-0.0948706,0.296602,0.568123,-0.659642,0.40443,0.604643,-0.0853836,-0.026858
1022,18.5105,0.356077,0,0.447458,0.634372,0.00762124,0.350914,0.664151,-0.60079,0.447458,0.634372,0.00685911,0.00238713
1023,18.5286,0.37706,0,0.484616,0.639904,0.123736,0.413489,0.766712,-0.512962,0.484616,0.639904,0.111362,0.0419749
1024,18.5467,0.393411,0,0.513663,0.614992,0.243261,0.483305,0.86739,-0.38895,0.513663,0.614992,0.218935,0.087468
1025,18.5648,0.404583,0,0.531247,0.559489,0.356058,0.557462,0.951867,-0.223955,0.531247,0.559489,0.320452,0.132408
1026,18.5829,0.409124,0,0.531789,0.473333,0.443763,0.630418,1,-0.0199622,0.531789,0.473333,0.399386,0.165192
1027,18.601,0.407684,0,0.515638,0.369981,0.497127,0.693701,0.989607,0.209072,0.515638,0.369981,0.447415,0.179437
1028,18.6191,0.400676,0,0.483108,0.264421,0.515655,0.736825,0.905301,0.434878,0.483108,0.264421,0.464089,0.174382
1029,18.6372,0.388384,0,0.437028,0.166356,0.499256,0.749937,0.749386,0.620461,0.437028,0.166356,0.449331,0.152732
1030,18.6554,0.367971,0,0.383013,0.0853522,0.460765,0.727501,0.546484,0.73443,0.383013,0.0853522,0.414688,0.123535
1031,18.6735,0.337474,0,0.326371,0.0259977,0.408646,0.670961,0.33504,0.765601,0.326371,0.0259977,0.367782,0.0933593
1032,18.6916,0.301144,0,0.270954,-0.0133362,0.346,0.588414,0.150237,0.726165,0.270954,-0.0133362,0.3114,0.0656248
1033,18.7097,0.262142,0,0.220341,-0.036339,0.280658,0.49147,0.0112285,0.641743,0.220341,-0.036339,0.252592,0.0432884
1034,18.7278,0.224037,1,0.175927,-0.0490401,0.216774,0.391438,-0.0800451,0.537977,0.175927,-0.0490401,0.195097,0.0266955
1035,18.7459,0.189826,1,0.137891,-0.0523387,0.156221,0.296826,-0.132191,0.432743,0.137891,-0.0523387,0.140599,0.015079
1036,18.764,0.159944,1,0.107192,-0.051552,0.101778,0.212644,-0.157033,0.335229,0.107192,-0.051552,0.0916,0.00763686
1037,18.7821,0.137168,1,0.0821871,-0.0482205,0.0502261,0.14092,-0.165224,0.248482,0.0821871,-0.0482205,0.0452035,0.00288956
1038,18.8003,0.122728,1,0.0624512,-0.0419518,-0.000141833,0.0816249,-0.164744,0.172313,0.0624512,-0.0419518,-0.00012765,-6.20037e-06
1039,18.8184,0.113238,1,0.0470504,-0.0359393,-0.0452126,0.0335393,-0.160956,0.105309,0.0470504,-0.0359393,-0.0406913,-0.00148909
1040,18.8365,0.109055,1,0.0358843,-0.0306669,-0.0882113,-0.00510858,-0.157215,0.0458933,0.0358843,-0.0306669,-0.0793902,-0.00221578
1041,18.8546,0.11035,1,0.0280985,-0.024851,-0.131024,-0.03624,-0.155499,-0.00723837,0.0280985,-0.024851,-0.117921,-0.0025771
1042,18.8727,0.115993,1,0.0226409,-0.0168438,-0.171768,-0.0616981,-0.15691,-0.0550145,0.0226409,-0.0168438,-0.154591,-0.00272229
1043,18.8908,0.123849,1,0.019511,-0.0105422,-0.209947,-0.0831387,-0.162031,-0.0980107,0.019511,-0.0105422,-0.188952,-0.00286739
1044,18.9089,0.134159,1,0.018225,-0.00383615,-0.243974,-0.101993,-0.171153,-0.13651,0.018225,-0.00383615,-0.219576,-0.00311249
1045,18.927,0.147225,1,0.018598,0.00171502,-0.276932,-0.11947,-0.184424,-0.170559,0.018598,0.00171502,-0.249238,-0.00360527
1046,18.9452,0.163104,1,0.0189076,0.00704997,-0.309352,-0.13658,-0.201934,-0.199999,0.0189076,0.00704997,-0.278417,-0.00409437
1047,18.9633,0.1826,1,0.0204632,0.013231,-0.34013,-0.154166,-0.223746,-0.224483,0.0204632,0.013231,-0.306117,-0.0048721
1048,18.9814,0.206169,1,0.0230981,0.0208215,-0.369182,-0.172923,-0.249899,-0.243472,0.0230981,0.0208215,-0.332264,-0.00596918
1049,18.9995,0.234637,1,0.0275116,0.0306491,-0.39628,-0.193428,-0.280374,-0.25623,0.0275116,0.0306491,-0.356652,-0.0076316
1050,19.0176,0.268294,0,0.0329875,0.0432678,-0.421529,-0.216134,-0.315023,-0.261808,0.0329875,0.0432678,-0.379376,-0.00973364
1051,19.0357,0.306824,0,0.0397259,0.0572708,-0.445321,-0.241369,-0.353474,-0.259049,0.0397259,0.0572708,-0.400789,-0.0123835
1052,19.0538,0.350615,0,0.0473762,0.0739579,-0.467087,-0.269301,-0.394983,-0.246628,0.0473762,0.0739579,-0.420378,-0.0154902
1053,19.0719,0.399972,0,0.0572017,0.09361,-0.486821,-0.299885,-0.438269,-0.223141,0.0572017,0.09361,-0.438139,-0.0194929
1054,19.09,0.454408,0,0.068772,0.116484,-0.504822,-0.332787,-0.481337,-0.187301,0.068772,0.116484,-0.45434,-0.0243024
1055,19.1082,0.51348,0,0.0831424,0.144082,-0.519445,-0.367295,-0.521337,-0.138248,0.0831424,0.144082,-0.467501,-0.0302315
1056,19.1263,0.576154,0,0.100415,0.178429,-0.529818,-0.402224,-0.554557,-0.0760051,0.100415,0.178429,-0.476836,-0.037241
1057,19.1444,0.641502,0,0.122276,0.221969,-0.53609,-0.435871,-0.576663,-0.0020159,0.122276,0.221969,-0.482481,-0.0458856
1058,19.1625,0.705576,0,0.148911,0.274197,-0.536124,-0.466037,-0.583289,0.0803729,0.148911,0.274197,-0.482512,-0.0558843
1059,19.1806,0.762984,0,0.179896,0.333099,-0.527092,-0.490203,-0.570995,0.165739,0.179896,0.333099,-0.474383,-0.0663753
1060,19.1987,0.809883,0,0.216535,0.400382,-0.504369,-0.505859,-0.538404,0.247002,0.216535,0.400382,-0.453933,-0.0764497
1061,19.2168,0.84255,0,0.259661,0.474954,-0.46467,-0.510967,-0.487075,0.316549,0.259661,0.474954,-0.418203,-0.0844597
1062,19.2349,0.859739,0,0.309752,0.556172,-0.405741,-0.504434,-0.421642,0.367844,0.309752,0.556172,-0.365167,-0.0879754
1063,19.2531,0.860179,0,0.366676,0.639163,-0.321109,-0.486433,-0.348945,0.396924,0.366676,0.639163,-0.288998,-0.0824201
1064,19.2712,0.844476,0,0.427198,0.71643,-0.204592,-0.458426,-0.276422,0.403137,0.427198,0.71643,-0.184133,-0.0611808
1065,19.2893,0.814786,0,0.488268,0.772672,-0.0526743,-0.422881,-0.21044,0.388829,0.488268,0.772672,-0.0474069,-0.0180034
1066,19.3074,0.776914,0,0.545809,0.790205,0.124344,-0.38278,-0.155203,0.358251,0.545809,0.790205,0.11191,0.0475077
1067,19.3255,0.732909,0,0.590011,0.750295,0.308919,-0.3411,-0.112518,0.31625,0.590011,0.750295,0.278027,0.127586
1068,19.3436,0.686797,0,0.613598,0.650173,0.475243,-0.300411,-0.0822223,0.267264,0.613598,0.650173,0.427719,0.204126
1069,19.3617,0.64077,0,0.610831,0.506072,0.595605,-0.262663,-0.0629193,0.214797,0.610831,0.506072,0.536045,0.25467
1070,19.3798,0.592686,0,0.578712,0.339006,0.659119,-0.229136,-0.0526732,0.161325,0.578712,0.339006,0.593207,0.267008
1071,19.398,0.540963,0,0.525411,0.181098,0.65413,-0.200522,-0.0495179,0.108455,0.525411,0.181098,0.588717,0.240581
1072,19.4161,0.486813,0,0.453309,0.0488489,0.608057,-0.17705,-0.051747,0.0571587,0.453309,0.0488489,0.547251,0.192947
1073,19.4342,0.433061,0,0.372823,-0.0494915,0.537248,-0.158634,-0.058035,0.00799832,0.372823,-0.0494915,0.483524,0.140209
1074,19.4523,0.382192,0,0.292093,-0.116182,0.456061,-0.145001,-0.067452,-0.0386976,0.292093,-0.116182,0.410455,0.0932486
1075,19.4704,0.334325,0,0.21861,-0.150893,0.369623,-0.135791,-0.0794229,-0.0827175,0.21861,-0.150893,0.33266,0.0565623
1076,19.4885,0.292431,0,0.152632,-0.169322,0.289128,-0.130636,-0.0936668,-0.123889,0.152632,-0.169322,0.260215,0.0308911
1077,19.5066,0.258997,0,0.097251,-0.178058,0.219207,-0.129204,-0.110133,-0.162032,0.097251,-0.178058,0.197286,0.0149226
1078,19.5247,0.232519,1,0.050373,-0.179221,0.159009,-0.131234,-0.128948,-0.196922,0.050373,-0.179221,0.143108,0.00560681
1079,19.5428,0.209016,1,0.0133618,-0.177931,0.100115,-0.136546,-0.150361,-0.228261,0.0133618,-0.177931,0.0901039,0.000936406
1080,19.561,0.187622,1,-0.0176031,-0.174552,0.0432876,-0.145045,-0.174708,-0.255652,-0.0176031,-0.174552,0.0389588,-0.000533397
1081,19.5791,0.171862,1,-0.0420048,-0.171267,-0.0056513,-0.156721,-0.202368,-0.278565,-0.0420048,-0.171267,-0.00508617,0.000166167
1082,19.5972,0.159536,1,-0.0619649,-0.16996,-0.0508208,-0.171635,-0.233718,-0.296305,-0.0619649,-0.16996,-0.0457387,0.00220437
1083,19.6153,0.151401,1,-0.0784105,-0.171365,-0.0916573,-0.189899,-0.269068,-0.307971,-0.0784105,-0.171365,-0.0824915,0.00503082
1084,19.6334,0.14618,1,-0.0938839,-0.179785,-0.128985,-0.211649,-0.308579,-0.312423,-0.0938839,-0.179785,-0.116086,0.0084767
1085,19.6515,0.14506,1,-0.108724,-0.191206,-0.164138,-0.237002,-0.35214,-0.308263,-0.108724,-0.191206,-0.147724,0.0124921
1086,19.6696,0.150161,1,-0.121687,-0.206199,-0.196029,-0.265997,-0.399203,-0.293852,-0.121687,-0.206199,-0.176426,0.0166979
1087,19.6877,0.161495,1,-0.13465,-0.225978,-0.22439,-0.298506,-0.448563,-0.267391,-0.13465,-0.225978,-0.201951,0.0211498
1088,19.7059,0.178557,1,-0.14968,-0.250886,-0.24946,-0.334128,-0.498127,-0.227132,-0.14968,-0.250886,-0.224514,0.0261375
1089,19.724,0.201992,1,-0.16758,-0.278235,-0.269686,-0.372054,-0.544691,-0.171738,-0.16758,-0.278235,-0.242717,0.0316357
1090,19.7421,0.230796,1,-0.186965,-0.306716,-0.282035,-0.410929,-0.583877,-0.100865,-0.186965,-0.306716,-0.253831,0.0369115
1091,19.7602,0.260923,0,-0.208568,-0.339725,-0.286638,-0.448755,-0.610363,-0.0158834,-0.208568,-0.339725,-0.257975,0.0418485
1092,19.7783,0.290502,0,-0.232755,-0.377817,-0.284757,-0.482897,-0.618617,0.0794119,-0.232755,-0.377817,-0.256282,0.0463951
1093,19.7964,0.317138,0,-0.259699,-0.421548,-0.274945,-0.510271,-0.604161,0.178482,-0.259699,-0.421548,-0.247451,0.049982
1094,19.8145,0.339182,0,-0.290222,-0.468681,-0.256053,-0.527763,-0.565147,0.272532,-0.290222,-0.468681,-0.230448,0.0520187
1095,19.8326,0.353851,0,-0.324004,-0.517211,-0.224016,-0.53284,-0.503609,0.352035,-0.324004,-0.517211,-0.201615,0.0508076
1096,19.8508,0.360956,0,-0.360169,-0.564865,-0.178046,-0.524185,-0.425637,0.408966,-0.360169,-0.564865,-0.160241,0.0448886
1097,19.8689,0.36025,0,-0.398981,-0.609011,-0.114689,-0.502115,-0.340106,0.438839,-0.398981,-0.609011,-0.10322,0.032031
1098,19.887,0.35547,0,-0.438431,-0.645542,-0.0345649,-0.468578,-0.256376,0.441584,-0.438431,-0.645542,-0.0311084,0.010608
1099,19.9051,0.34921,0,-0.475581,-0.66383,0.0585049,-0.426729,-0.182034,0.420897,-0.475581,-0.66383,0.0526544,-0.0194767
1100,19.9232,0.343006,0,-0.505665,-0.656701,0.156962,-0.380249,-0.121604,0.382573,-0.505665,-0.656701,0.141266,-0.0555592
1101,19.9413,0.339303,0,-0.52652,-0.62545,0.252466,-0.332673,-0.0764873,0.332731,-0.52652,-0.62545,0.227219,-0.0930499
1102,19.9594,0.337265,0,-0.536495,-0.570256,0.338636,-0.286916,-0.0457521,0.27659,-0.536495,-0.570256,0.304772,-0.127174
1103,19.9775,0.335646,0,-0.533015,-0.495971,0.405834,-0.245059,-0.0271771,0.217982,-0.533015,-0.495971,0.365251,-0.151421
1104,19.9956,0.332948,0,-0.515852,-0.411476,0.448004,-0.208355,-0.0181397,0.159397,-0.515852,-0.411476,0.403204,-0.161773
1105,20.0138,0.326114,0,-0.485845,-0.325225,0.460596,-0.177363,-0.0161848,0.102288,-0.485845,-0.325225,0.414536,-0.156645
1106,20.0319,0.314812,0,-0.445688,-0.245698,0.447284,-0.152136,-0.0193017,0.0474181,-0.445688,-0.245698,0.402555,-0.139544
1107,20.05,0.299561,0,-0.399188,-0.178921,0.413056,-0.132402,-0.0260016,-0.00485679,-0.399188,-0.178921,0.37175,-0.115421
1108,20.0681,0.282579,0,-0.351747,-0.129312,0.365059,-0.117712,-0.0352845,-0.0543921,-0.351747,-0.129312,0.328553,-0.0898858
1109,20.0862,0.264375,0,-0.304582,-0.0943729,0.309452,-0.107562,-0.0465616,-0.101133,-0.304582,-0.0943729,0.278507,-0.0659775
1110,20.1043,0.248261,1,-0.26063,-0.0716487,0.254228,-0.101459,-0.0595684,-0.145046,-0.26063,-0.0716487,0.228805,-0.0463816
1111,20.1224,0.232143,1,-0.22222,-0.0612815,0.196433,-0.0989795,-0.0742864,-0.186078,-0.22222,-0.0612815,0.17679,-0.0305559
1112,20.1405,0.217601,1,-0.189747,-0.0588072,0.140461,-0.0997892,-0.090881,-0.224133,-0.189747,-0.0588072,0.126415,-0.0186565
1113,20.1587,0.204096,1,-0.163247,-0.0615451,0.0860557,-0.103659,-0.109654,-0.259054,-0.163247,-0.0615451,0.0774501,-0.00983381
1114,20.1768,0.191517,1,-0.142641,-0.0658637,0.0330651,-0.110465,-0.131009,-0.290597,-0.142641,-0.0658637,0.0297586,-0.0033015
1115,20.1949,0.181316,1,-0.125671,-0.0723878,-0.0155881,-0.120187,-0.155423,-0.31841,-0.125671,-0.0723878,-0.0140293,0.00137128
1116,20.213,0.173095,1,-0.113564,-0.0821292,-0.0604807,-0.1329,-0.183422,-0.341996,-0.113564,-0.0821292,-0.0544326,0.00480792
1117,20.2311,0.167232,1,-0.106051,-0.0946203,-0.100955,-0.148762,-0.215546,-0.360671,-0.106051,-0.0946203,-0.0908593,0.00749445
1118,20.2492,0.163638,1,-0.102058,-0.10745,-0.138986,-0.167999,-0.252299,-0.373513,-0.102058,-0.10745,-0.125087,0.00992925
1119,20.2673,0.162695,1,-0.10048,-0.120852,-0.176253,-0.190876,-0.294075,-0.379307,-0.10048,-0.120852,-0.158627,0.0123969
1120,20.2854,0.168029,1,-0.101295,-0.133404,-0.209007,-0.217664,-0.341029,-0.376493,-0.101295,-0.133404,-0.188106,0.01482
1121,20.3036,0.179621,1,-0.10479,-0.146186,-0.239655,-0.248577,-0.392899,-0.363142,-0.10479,-0.146186,-0.215689,0.0175794
1122,20.3217,0.198377,1,-0.1104,-0.160091,-0.26831,-0.283681,-0.448738,-0.336991,-0.1104,-0.160091,-0.241479,0.020735
1123,20.3398,0.223281,1,-0.11814,-0.178428,-0.294872,-0.322771,-0.506588,-0.295609,-0.11814,-0.178428,-0.265384,0.0243854
1124,20.3579,0.255117,0,-0.128234,-0.199136,-0.318139,-0.3652,-0.563114,-0.236768,-0.128234,-0.199136,-0.286325,0.0285574
1125,20.376,0.291951,0,-0.140502,-0.223739,-0.336462,-0.409683,-0.613346,-0.159104,-0.140502,-0.223739,-0.302815,0.0330916
1126,20.3941,0.33165,0,-0.155715,-0.253329,-0.351208,-0.454112,-0.650731,-0.0631019,-0.155715,-0.253329,-0.316088,0.0382819
1127,20.4122,0.372387,0,-0.173487,-0.287678,-0.361875,-0.495477,-0.667834,0.0477848,-0.173487,-0.287678,-0.325688,0.0439464
1128,20.4303,0.410672,0,-0.194435,-0.327202,-0.366609,-0.529996,-0.657889,0.166308,-0.194435,-0.327202,-0.329948,0.0498972
1129,20.4484,0.443037,0,-0.219129,-0.372255,-0.364169,-0.553587,-0.617076,0.281623,-0.219129,-0.372255,-0.327752,0.0558601
1130,20.4666,0.465379,0,-0.247864,-0.422206,-0.350444,-0.56267,-0.546693,0.381083,-0.247864,-0.422206,-0.315399,0.0608037
1131,20.4847,0.476797,0,-0.281273,-0.477265,-0.325343,-0.555105,-0.453937,0.453423,-0.281273,-0.477265,-0.292809,0.0640572
1132,20.5028,0.477879,0,-0.319464,-0.535818,-0.286459,-0.530898,-0.350411,0.492016,-0.319464,-0.535818,-0.257813,0.0640594
1133,20.5209,0.469407,0,-0.360983,-0.594337,-0.227646,-0.492311,-0.248789,0.496494,-0.360983,-0.594337,-0.204881,0.0575232
1134,20.539,0.456303,0,-0.40478,-0.647591,-0.148353,-0.443314,-0.159326,0.47193,-0.40478,-0.647591,-0.133518,0.0420352
1135,20.5571,0.442006,0,-0.448759,-0.685194,-0.0487589,-0.388614,-0.0878659,0.42631,-0.448759,-0.685194,-0.043883,0.0153167
1136,20.5752,0.431265,0,-0.48959,-0.701373,0.0671958,-0.3327,-0.0358164,0.367842,-0.48959,-0.701373,0.0604763,-0.0230289
1137,20.5933,0.428632,0,-0.524396,-0.692487,0.187081,-0.279183,-0.00143007,0.303217,-0.524396,-0.692487,0.168373,-0.0686731
1138,20.6115,0.428685,0,-0.548331,-0.649376,0.301141,-0.230531,0.0186107,0.237029,-0.548331,-0.649376,0.271027,-0.115588
1139,20.6296,0.428934,0,-0.557425,-0.57455,0.401264,-0.188121,0.0279488,0.171999,-0.557425,-0.57455,0.361138,-0.156572
1140,20.6477,0.426773,0,-0.547761,-0.477762,0.473483,-0.152449,0.0298296,0.109499,-0.547761,-0.477762,0.426134,-0.181549
1141,20.6658,0.42171,0,-0.522623,-0.375564,0.510764,-0.123394,0.026808,0.0500787,-0.522623,-0.375564,0.459687,-0.186856
1142,20.6839,0.407537,0,-0.483534,-0.273339,0.508678,-0.100464,0.0207176,-0.00614935,-0.483534,-0.273339,0.45781,-0.172174
1143,20.702,0.388959,0,-0.435037,-0.1864,0.47949,-0.0829828,0.0127639,-0.0592677,-0.435037,-0.1864,0.431541,-0.146017
1144,20.7201,0.366509,0,-0.378489,-0.115967,0.432476,-0.0702281,0.00365637,-0.109421,-0.378489,-0.115967,0.389228,-0.114581
1145,20.7382,0.342475,0,-0.32124,-0.0643459,0.373375,-0.0615154,-0.00626485,-0.156754,-0.32124,-0.0643459,0.336038,-0.0839602
1146,20.7564,0.320174,0,-0.268338,-0.0347606,0.310704,-0.0562491,-0.0169243,-0.201383,-0.268338,-0.0347606,0.279634,-0.0583617
1147,20.7745,0.299122,0,-0.222114,-0.0216298,0.246605,-0.0539463,-0.0284328,-0.24339,-0.222114,-0.0216298,0.221945,-0.0383422
1148,20.7926,0.280184,0,-0.182963,-0.0182025,0.18454,-0.0542449,-0.0410339,-0.282815,-0.182963,-0.0182025,0.166086,-0.0236347
1149,20.8107,0.264332,0,-0.149989,-0.0186323,0.127136,-0.0569019,-0.0550692,-0.319653,-0.149989,-0.0186323,0.114423,-0.0133483
1150,20.8288,0.25095,0,-0.12227,-0.0200351,0.0735585,-0.0617883,-0.0709598,-0.353847,-0.12227,-0.0200351,0.0662027,-0.00629578
1151,20.8469,0.238542,1,-0.100256,-0.0231029,0.0213654,-0.0688812,-0.0891979,-0.385272,-0.100256,-0.0231029,0.0192289,-0.00149941
1152,20.865,0.228758,1,-0.0836004,-0.0295201,-0.0258609,-0.0782577,-0.110344,-0.413713,-0.0836004,-0.0295201,-0.0232748,0.00151338
1153,20.8831,0.218785,1,-0.0704105,-0.036732,-0.073391,-0.0900891,-0.135029,-0.438837,-0.0704105,-0.036732,-0.0660519,0.00361725
1154,20.9012,0.212265,1,-0.0611906,-0.0411996,-0.116326,-0.104636,-0.163946,-0.46015,-0.0611906,-0.0411996,-0.104694,0.00498266
1155,20.9194,0.208374,1,-0.0544544,-0.0470683,-0.15611,-0.122242,-0.197841,-0.476939,-0.0544544,-0.0470683,-0.140499,0.00595061
1156,20.9375,0.206964,1,-0.0506792,-0.0526451,-0.195356,-0.143327,-0.237475,-0.488199,-0.0506792,-0.0526451,-0.17582,0.00693034
1157,20.9556,0.209671,1,-0.0486107,-0.0600385,-0.232568,-0.168368,-0.28355,-0.492542,-0.0486107,-0.0600385,-0.209311,0.00791371
1158,20.9737,0.218974,1,-0.0481535,-0.067663,-0.266476,-0.197868,-0.336584,-0.488098,-0.0481535,-0.067663,-0.239828,0.00898223
1159,20.9918,0.237234,1,-0.0486359,-0.0737101,-0.296921,-0.232298,-0.396678,-0.472421,-0.0486359,-0.0737101,-0.267229,0.0101087
1160,21.0099,0.265926,0,-0.0493142,-0.0770392,-0.326441,-0.271999,-0.463178,-0.44245,-0.0493142,-0.0770392,-0.293797,0.0112687
1161,21.028,0.303747,0,-0.0507587,-0.0821674,-0.354767,-0.317019,-0.534167,-0.394618,-0.0507587,-0.0821674,-0.31929,0.0126053
1162,21.0461,0.350017,0,-0.0541484,-0.0895447,-0.381481,-0.366886,-0.605846,-0.32524,-0.0541484,-0.0895447,-0.343333,0.0144596
1163,21.0643,0.403973,0,-0.0586126,-0.0992724,-0.407011,-0.420298,-0.671917,-0.231383,-0.0586126,-0.0992724,-0.36631,0.0166992
1164,21.0824,0.463691,0,-0.0646986,-0.110713,-0.430987,-0.474788,-0.723348,-0.112345,-0.0646986,-0.110713,-0.387888,0.019519
1165,21.1005,0.525908,0,-0.07142,-0.123894,-0.453073,-0.526489,-0.749088,0.0283662,-0.07142,-0.123894,-0.407765,0.0226509
1166,21.1186,0.585903,0,-0.0785456,-0.137785,-0.472512,-0.57021,-0.738362,0.181262,-0.0785456,-0.137785,-0.42526,0.0259796
1167,21.1367,0.636458,0,-0.0868894,-0.154425,-0.48835,-0.600072,-0.684556,0.3307,-0.0868894,-0.154425,-0.439515,0.0297027
1168,21.1548,0.672701,0,-0.0968667,-0.173371,-0.50174,-0.610783,-0.589271,0.457686,-0.0968667,-0.173371,-0.451566,0.0340213
1169,21.1729,0.691254,0,-0.108827,-0.196667,-0.513528,-0.599229,-0.463912,0.54552,-0.108827,-0.196667,-0.462175,0.0391199
1170,21.191,0.691655,0,-0.123692,-0.226241,-0.523329,-0.565651,-0.326829,0.585597,-0.123692,-0.226241,-0.470996,0.045312
1171,21.2092,0.676937,0,-0.142445,-0.263177,-0.530396,-0.513739,-0.197064,0.579785,-0.142445,-0.263177,-0.477356,0.0528864
1172,21.2273,0.652692,0,-0.165646,-0.308103,-0.533939,-0.449541,-0.0884,0.538046,-0.165646,-0.308103,-0.480545,0.0619116
1173,21.2454,0.624352,0,-0.193621,-0.36238,-0.530748,-0.379786,-0.00684725,0.473437,-0.193621,-0.36238,-0.477673,0.0719347
1174,21.2635,0.596002,0,-0.227126,-0.424612,-0.516152,-0.310414,0.0482569,0.397692,-0.227126,-0.424612,-0.464537,0.082062
1175,21.2816,0.571965,0,-0.266747,-0.495544,-0.485923,-0.245765,0.0814363,0.319115,-0.266747,-0.495544,-0.437331,0.0907329
1176,21.2997,0.555413,0,-0.312696,-0.572658,-0.435455,-0.188421,0.0984492,0.242498,-0.312696,-0.572658,-0.39191,0.0953154
1177,21.3178,0.54807,0,-0.363275,-0.650452,-0.359936,-0.139473,0.104656,0.170032,-0.363275,-0.650452,-0.323942,0.091529
1178,21.3359,0.553759,0,-0.419038,-0.724401,-0.259156,-0.0989397,0.104333,0.102349,-0.419038,-0.724401,-0.233241,0.0760174
1179,21.354,0.572035,0,-0.477082,-0.785296,-0.128242,-0.0661738,0.100565,0.0393156,-0.477082,-0.785296,-0.115418,0.0428273
1180,21.3722,0.601995,0,-0.533693,-0.821859,0.0278091,-0.040184,0.095422,-0.0194911,-0.533693,-0.821859,0.0250282,-0.0103891
1181,21.3903,0.636359,0,-0.583439,-0.814851,0.20498,-0.0198604,0.0901954,-0.0745393,-0.583439,-0.814851,0.184482,-0.0837151
1182,21.4084,0.66691,0,-0.618123,-0.751623,0.38002,-0.00411424,0.0856323,-0.126244,-0.618123,-0.751623,0.342018,-0.164429
1183,21.4265,0.686292,0,-0.629203,-0.638091,0.523769,0.00804511,0.0821209,-0.174942,-0.629203,-0.638091,0.471392,-0.23069
1184,21.4446,0.688751,0,-0.613917,-0.486326,0.618112,0.0174768,0.0798301,-0.2209,-0.613917,-0.486326,0.556301,-0.265629
1185,21.4627,0.669795,0,-0.572595,-0.321267,0.646066,0.0249023,0.0788078,-0.264326,-0.572595,-0.321267,0.581459,-0.258954
1186,21.4808,0.63531,0,-0.508584,-0.175595,0.619248,0.030915,0.0790476,-0.305389,-0.508584,-0.175595,0.557323,-0.220458
1187,21.4989,0.593896,0,-0.435592,-0.0649589,0.55831,0.0359981,0.0805326,-0.344226,-0.435592,-0.0649589,0.502479,-0.170237
1188,21.5171,0.552149,0,-0.356844,0.012258,0.486023,0.0405455,0.0832636,-0.380953,-0.356844,0.012258,0.43742,-0.121404
1189,21.5352,0.509268,0,-0.282486,0.0602824,0.402971,0.044883,0.087277,-0.415664,-0.282486,0.0602824,0.362674,-0.0796836
1190,21.5533,0.469809,0,-0.214428,0.0892029,0.32137,0.049288,0.092656,-0.448438,-0.214428,0.0892029,0.289233,-0.0482375
1191,21.5714,0.434468,0,-0.155095,0.0987352,0.243553,0.0540079,0.0995399,-0.479332,-0.155095,0.0987352,0.219198,-0.0264418
1192,21.5895,0.405783,0,-0.104648,0.101843,0.175041,0.0592765,0.108132,-0.508383,-0.104648,0.101843,0.157537,-0.0128224
1193,21.6076,0.382165,0,-0.0636476,0.0988089,0.113342,0.0653286,0.118707,-0.535596,-0.0636476,0.0988089,0.102007,-0.00504974
1194,21.6257,0.361642,0,-0.0329041,0.0956307,0.0554759,0.0724137,0.131624,-0.560938,-0.0329041,0.0956307,0.0499283,-0.00127777
1195,21.6438,0.345246,0,-0.00481828,0.09491,0.00517214,0.0808098,0.147333,-0.584322,-0.00481828,0.09491,0.00465493,-1.74446e-05
1196,21.662,0.332659,0,0.0162821,0.0959601,-0.0386042,0.0908361,0.166393,-0.605584,0.0162821,0.0959601,-0.0347438,-0.00043999
1197,21.6801,0.322647,0,0.0340733,0.100759,-0.077004,0.102866,0.189484,-0.624452,0.0340733,0.100759,-0.0693036,-0.00183664
1198,21.6982,0.312932,0,0.0498944,0.107265,-0.114098,0.117342,0.21742,-0.640498,0.0498944,0.107265,-0.102688,-0.003985
1199,21.7163,0.301899,0,0.0645167,0.115445,-0.153,0.134784,0.251152,-0.653074,0.0645167,0.115445,-0.1377,-0.00690973
1200,21.7344,0.291901,0,0.0774285,0.125121,-0.190358,0.155807,0.29176,-0.661215,0.0774285,0.125121,-0.171322,-0.0103174
1201,21.7525,0.286063,0,0.0901534,0.136807,-0.221051,0.181115,0.340407,-0.663509,0.0901534,0.136807,-0.198946,-0.01395
1202,21.7706,0.283743,0,0.103532,0.154104,-0.245289,0.211497,0.398234,-0.657932,0.103532,0.154104,-0.22076,-0.0177767
1203,21.7887,0.282377,0,0.118644,0.178487,-0.267761,0.247788,0.466143,-0.64164,0.118644,0.178487,-0.240984,-0.0222378
1204,21.8068,0.284908,0,0.135307,0.207319,-0.285627,0.290784,0.544409,-0.610766,0.135307,0.207319,-0.257065,-0.0270532
1205,21.825,0.292991,0,0.154603,0.239693,-0.297921,0.341078,0.632014,-0.560301,0.154603,0.239693,-0.268129,-0.0322417
1206,21.8431,0.307854,0,0.176748,0.275142,-0.305216,0.398774,0.725659,-0.484271,0.176748,0.275142,-0.274694,-0.0377623
1207,21.8612,0.330301,0,0.201647,0.314934,-0.302964,0.463046,0.818475,-0.376547,0.201647,0.314934,-0.272668,-0.0427644
1208,21.8793,0.358872,0,0.228957,0.359118,-0.292173,0.531539,0.898825,-0.232773,0.228957,0.359118,-0.262956,-0.0468266
1209,21.8974,0.390256,0,0.259914,0.407602,-0.270562,0.599743,0.95018,-0.0537125,0.259914,0.407602,-0.243506,-0.0492259
1210,21.9155,0.419026,0,0.29463,0.459785,-0.235203,0.660681,0.953649,0.150614,0.29463,0.459785,-0.211682,-0.0485084
1211,21.9336,0.439812,0,0.333336,0.5119,-0.185204,0.70547,0.894363,0.358432,0.333336,0.5119,-0.166684,-0.0432147
1212,21.9517,0.447066,0,0.373871,0.557822,-0.117358,0.725217,0.770217,0.539185,0.373871,0.557822,-0.105622,-0.0307137
1213,21.9699,0.437613,0,0.413816,0.592798,-0.0323668,0.713943,0.59731,0.663635,0.413816,0.592798,-0.0291301,-0.00937572
1214,21.988,0.41267,0,0.450757,0.607213,0.0668653,0.671145,0.406001,0.716352,0.450757,0.607213,0.0601788,0.021098
1215,22.0061,0.378905,0,0.48167,0.599428,0.173754,0.602288,0.228415,0.701492,0.48167,0.599428,0.156379,0.0585846
1216,22.0242,0.344967,0,0.503424,0.563748,0.278903,0.51682,0.0861946,0.637747,0.503424,0.563748,0.251013,0.0982846
1217,22.0423,0.31826,0,0.512293,0.501717,0.372869,0.425018,-0.0137309,0.547698,0.512293,0.501717,0.335582,0.133713
1218,22.0604,0.301815,0,0.506802,0.4182,0.441349,0.335422,-0.0756005,0.449506,0.506802,0.4182,0.397214,0.156574
1219,22.0785,0.29352,0,0.484933,0.326189,0.480032,0.253695,-0.108716,0.354143,0.484933,0.326189,0.432029,0.162948
1220,22.0966,0.287098,0,0.450277,0.233305,0.487548,0.182698,-0.122814,0.266512,0.450277,0.233305,0.438793,0.153672
1221,22.1148,0.278816,0,0.406641,0.149939,0.464871,0.123152,-0.125869,0.18778,0.406641,0.149939,0.418384,0.132325
1222,22.1329,0.267739,0,0.35712,0.0844623,0.420386,0.0744155,-0.123611,0.117342,0.35712,0.0844623,0.378348,0.10509
1223,22.151,0.255795,0,0.306736,0.0381701,0.366358,0.0351107,-0.119827,0.0540288,0.306736,0.0381701,0.329722,0.0786625
1224,22.1691,0.243623,1,0.258397,0.00932501,0.308455,0.00356682,-0.116865,-0.00330366,0.258397,0.00932501,0.27761,0.0557928
1225,22.1872,0.231108,1,0.214632,-0.00837077,0.248858,-0.0219135,-0.116112,-0.0555615,0.214632,-0.00837077,0.223972,0.0373891
1226,22.2053,0.220104,1,0.177463,-0.0165597,0.190584,-0.0429098,-0.118347,-0.103375,0.177463,-0.0165597,0.171526,0.0236752
1227,22.2234,0.210628,1,0.145618,-0.0191902,0.134812,-0.0608206,-0.124,-0.147129,0.145618,-0.0191902,0.121331,0.0137418
1228,22.2415,0.203398,1,0.119464,-0.0168463,0.0813339,-0.0768504,-0.133325,-0.187005,0.119464,-0.0168463,0.0732005,0.00680156
1229,22.2596,0.199328,1,0.0990422,-0.0112441,0.0307466,-0.0920235,-0.146506,-0.223012,0.0990422,-0.0112441,0.0276719,0.00213165
1230,22.2778,0.199732,1,0.0832025,-0.00333865,-0.0147984,-0.107211,-0.163725,-0.255001,0.0832025,-0.00333865,-0.0133186,-0.000861887
1231,22.2959,0.203573,1,0.0720259,0.00601053,-0.0597947,-0.123161,-0.185189,-0.282665,0.0720259,0.00601053,-0.0538152,-0.00301474
1232,22.314,0.210917,1,0.0645218,0.0142536,-0.10399,-0.140526,-0.211136,-0.305516,0.0645218,0.0142536,-0.0935912,-0.00469675
1233,22.3321,0.223525,1,0.0598649,0.0237001,-0.146496,-0.159886,-0.241808,-0.32286,0.0598649,0.0237001,-0.131846,-0.00613898
1234,22.3502,0.243335,1,0.058342,0.0359523,-0.186122,-0.181756,-0.277404,-0.333759,0.058342,0.0359523,-0.16751,-0.00760111
1235,22.3683,0.270208,0,0.0591538,0.0494274,-0.221086,-0.206581,-0.31798,-0.336989,0.0591538,0.0494274,-0.198977,-0.00915464
1236,22.3864,0.303832,0,0.0625114,0.0642224,-0.254817,-0.234714,-0.363319,-0.331024,0.0625114,0.0642224,-0.229335,-0.0111503
1237,22.4045,0.344161,0,0.0675084,0.0803407,-0.286666,-0.266362,-0.412733,-0.314048,0.0675084,0.0803407,-0.257999,-0.0135467
1238,22.4227,0.390407,0,0.0741019,0.0965927,-0.315631,-0.301509,-0.464809,-0.284054,0.0741019,0.0965927,-0.284067,-0.0163722
1239,22.4408,0.443564,0,0.0834775,0.115819,-0.341428,-0.339792,-0.517123,-0.239078,0.0834775,0.115819,-0.307285,-0.0199511
1240,22.4589,0.502787,0,0.0954417,0.139174,-0.364044,-0.380361,-0.565987,-0.177645,0.0954417,0.139174,-0.32764,-0.0243215
1241,22.477,0.565443,0,0.109342,0.166012,-0.383284,-0.421725,-0.606373,-0.0994436,0.109342,0.166012,-0.344956,-0.0293364
1242,22.4951,0.628845,0,0.125753,0.197076,-0.39809,-0.461645,-0.632213,-0.00619936,0.125753,0.197076,-0.358281,-0.0350429
1243,22.5132,0.689654,0,0.145215,0.233946,-0.407583,-0.497157,-0.637319,0.0975169,0.145215,0.233946,-0.366824,-0.041431
1244,22.5313,0.743289,0,0.168638,0.277498,-0.409646,-0.524821,-0.616932,0.203985,0.168638,0.277498,-0.368681,-0.0483574
1245,22.5494,0.785159,0,0.196928,0.327902,-0.403366,-0.541239,-0.569585,0.303069,0.196928,0.327902,-0.36303,-0.055604
1246,22.5676,0.809972,0,0.229367,0.383516,-0.385583,-0.543786,-0.498438,0.384193,0.229367,0.383516,-0.347025,-0.0619081
1247,22.5857,0.815714,0,0.266435,0.44361,-0.35412,-0.531323,-0.41118,0.43903,0.266435,0.44361,-0.318708,-0.066045
1248,22.6038,0.80338,0,0.308523,0.507735,-0.306302,-0.504604,-0.318201,0.463706,0.308523,0.507735,-0.275672,-0.066151
1249,22.6219,0.774793,0,0.354481,0.57107,-0.237811,-0.466161,-0.229764,0.459416,0.354481,0.57107,-0.21403,-0.0590096
1250,22.64,0.735645,0,0.402613,0.628536,-0.148107,-0.419711,-0.153541,0.431255,0.402613,0.628536,-0.133297,-0.041741
1251,22.6581,0.692269,0,0.451946,0.671311,-0.0361095,-0.369346,-0.093496,0.386099,0.451946,0.671311,-0.0324986,-0.0114237
1252,22.6762,0.649562,0,0.497091,0.687598,0.0944687,-0.318806,-0.0501882,0.330636,0.497091,0.687598,0.0850218,0.0328717
1253,22.6943,0.610289,0,0.532308,0.664164,0.233209,-0.271018,-0.0218815,0.270202,0.532308,0.664164,0.209888,0.0868973
1254,22.7124,0.579282,0,0.554396,0.602306,0.366274,-0.227948,-0.00575731,0.208471,0.554396,0.602306,0.329647,0.142143
1255,22.7306,0.554163,0,0.55791,0.506056,0.473263,-0.190667,0.00116874,0.14767,0.55791,0.506056,0.425937,0.184827
1256,22.7487,0.530543,0,0.540829,0.386746,0.542323,-0.15954,0.00152288,0.0889847,0.540829,0.386746,0.488091,0.205313
1257,22.7668,0.503067,0,0.503593,0.260281,0.564949,-0.13444,-0.00263877,0.0329584,0.503593,0.260281,0.508454,0.199153
1258,22.7849,0.471502,0,0.451353,0.147764,0.546706,-0.114949,-0.0098506,-0.0202191,0.451353,0.147764,0.492035,0.17273
1259,22.803,0.438083,0,0.392475,0.0569581,0.501252,-0.100506,-0.0191657,-0.070523,0.392475,0.0569581,0.451127,0.13771
1260,22.8211,0.403161,0,0.329224,-0.00781484,0.43963,-0.0905216,-0.030054,-0.117987,0.329224,-0.00781484,0.395667,0.101316
1261,22.8392,0.367786,0,0.267331,-0.0499321,0.368383,-0.0844498,-0.042303,-0.162645,0.267331,-0.0499321,0.331544,0.0689362
1262,22.8573,0.334264,0,0.210062,-0.0747657,0.295136,-0.0818268,-0.0559357,-0.204508,0.210062,-0.0747657,0.265622,0.0433978
1263,22.8755,0.304745,0,0.160329,-0.0877473,0.224932,-0.0822942,-0.0711474,-0.243541,0.160329,-0.0877473,0.202439,0.0252443
1264,22.8936,0.279357,0,0.11855,-0.0902812,0.159024,-0.0856068,-0.0882622,-0.279652,0.11855,-0.0902812,0.143122,0.0131966
1265,22.9117,0.259168,0,0.0851152,-0.0882577,0.0994964,-0.091632,-0.107703,-0.312676,0.0851152,-0.0882577,0.0895468,0.00592806
1266,22.9298,0.242747,1,0.057265,-0.0837627,0.0446884,-0.100346,-0.12997,-0.342354,0.057265,-0.0837627,0.0402196,0.00179136
1267,22.9479,0.229685,1,0.0358152,-0.078614,-0.00700206,-0.111825,-0.155628,-0.3683,0.0358152,-0.078614,-0.00630186,-0.000175546
1268,22.966,0.220587,1,0.0187158,-0.0732762,-0.0546783,-0.126239,-0.185284,-0.389966,0.0187158,-0.0732762,-0.0492105,-0.000716344
1269,22.9841,0.215485,1,0.006218,-0.0694858,-0.0995637,-0.143839,-0.219559,-0.406585,0.006218,-0.0694858,-0.0896073,-0.000433361
1270,23.0022,0.214656,1,-0.00334349,-0.0656332,-0.143776,-0.164941,-0.259038,-0.417112,-0.00334349,-0.0656332,-0.129399,0.000336501
1271,23.0204,0.220912,1,-0.0107799,-0.0618199,-0.184389,-0.189899,-0.304176,-0.420156,-0.0107799,-0.0618199,-0.16595,0.00139138
1272,23.0385,0.234055,1,-0.0169911,-0.0619186,-0.220201,-0.219063,-0.355156,-0.41391,-0.0169911,-0.0619186,-0.198181,0.00261901
1273,23.0566,0.255075,0,-0.0208688,-0.0631714,-0.254723,-0.252709,-0.411664,-0.396119,-0.0208688,-0.0631714,-0.229251,0.00372103
1274,23.0747,0.284396,0,-0.0249129,-0.0648856,-0.288788,-0.290936,-0.472562,-0.364123,-0.0249129,-0.0648856,-0.259909,0.00503618
1275,23.0928,0.322548,0,-0.0288767,-0.0672275,-0.322524,-0.333508,-0.535475,-0.315061,-0.0288767,-0.0672275,-0.290272,0.00651941
1276,23.1109,0.369335,0,-0.0325797,-0.0699802,-0.354578,-0.379652,-0.596339,-0.246352,-0.0325797,-0.0699802,-0.31912,0.00808643
1277,23.129,0.422806,0,-0.0355952,-0.0740548,-0.384133,-0.427811,-0.649094,-0.156558,-0.0355952,-0.0740548,-0.34572,0.00957131
1278,23.1471,0.48051,0,-0.0389437,-0.0783751,-0.411533,-0.475432,-0.685831,-0.0466407,-0.0389437,-0.0783751,-0.37038,0.0112186
1279,23.1652,0.537472,0,-0.0438908,-0.0851026,-0.436732,-0.518889,-0.697801,0.0786376,-0.0438908,-0.0851026,-0.393058,0.013418
1280,23.1834,0.589964,0,-0.0491518,-0.094169,-0.460402,-0.553709,-0.677572,0.209848,-0.0491518,-0.094169,-0.414362,0.0158407
1281,23.2015,0.633207,0,-0.0551157,-0.105732,-0.482463,-0.575238,-0.621956,0.333528,-0.0551157,-0.105732,-0.434216,0.0186139
1282,23.2196,0.663142,0,-0.0626213,-0.12062,-0.503497,-0.579689,-0.534453,0.434935,-0.0626213,-0.12062,-0.453147,0.0220707
1283,23.2377,0.676412,0,-0.0722266,-0.138934,-0.521149,-0.565264,-0.425495,0.502275,-0.0722266,-0.138934,-0.469034,0.0263486
1284,23.2558,0.674338,0,-0.0837812,-0.160795,-0.537541,-0.532835,-0.30969,0.530343,-0.0837812,-0.160795,-0.483787,0.0315251
1285,23.2739,0.659594,0,-0.0971441,-0.187233,-0.552704,-0.485797,-0.201303,0.521514,-0.0971441,-0.187233,-0.497433,0.0375844
1286,23.292,0.635676,0,-0.113083,-0.218989,-0.565384,-0.429166,-0.110394,0.483688,-0.113083,-0.218989,-0.508846,0.0447549
1287,23.3101,0.606459,0,-0.131951,-0.256603,-0.573789,-0.368344,-0.0413585,0.426794,-0.131951,-0.256603,-0.51641,0.0529985
1288,23.3283,0.575862,0,-0.154592,-0.300901,-0.576651,-0.308075,0.00621401,0.359819,-0.154592,-0.300901,-0.518986,0.0624021
1289,23.3464,0.546541,0,-0.181966,-0.352367,-0.571299,-0.251871,0.0356078,0.289346,-0.181966,-0.352367,-0.514169,0.07277
1290,23.3645,0.521608,0,-0.214932,-0.413142,-0.555487,-0.20189,0.0511406,0.21943,-0.214932,-0.413142,-0.499938,0.0835742
1291,23.3826,0.504118,0,-0.254043,-0.484461,-0.526258,-0.159122,0.0569579,0.152168,-0.254043,-0.484461,-0.473632,0.0935844
1292,23.4007,0.495742,0,-0.299757,-0.563531,-0.478948,-0.123688,0.0564635,0.0884022,-0.299757,-0.563531,-0.431053,0.100497
1293,23.4188,0.498851,0,-0.351967,-0.648491,-0.407209,-0.0951528,0.0521806,0.0282948,-0.351967,-0.648491,-0.366488,0.100327
1294,23.4369,0.515932,0,-0.41117,-0.733166,-0.306173,-0.0727812,0.0458311,-0.0283002,-0.41117,-0.733166,-0.275556,0.0881225
1295,23.455,0.545924,0,-0.473114,-0.804803,-0.175067,-0.0557205,0.0384956,-0.0816311,-0.473114,-0.804803,-0.15756,0.0579786
1296,23.4732,0.585597,0,-0.534307,-0.849181,-0.0171482,-0.0431241,0.030779,-0.131951,-0.534307,-0.849181,-0.0154334,0.00641368
1297,23.4913,0.629089,0,-0.58997,-0.848373,0.165763,-0.0342223,0.022952,-0.179481,-0.58997,-0.848373,0.149187,-0.0684567
1298,23.5094,0.670362,0,-0.630452,-0.794312,0.350536,-0.0283583,0.0150598,-0.224403,-0.630452,-0.794312,0.315483,-0.154697
1299,23.5275,0.701706,0,-0.6478,-0.686306,0.513283,-0.0250012,0.00699931,-0.266861,-0.6478,-0.686306,0.461954,-0.232753
1300,23.5456,0.71648,0,-0.63852,-0.534814,0.629828,-0.0237445,-0.00142948,-0.306967,-0.63852,-0.534814,0.566845,-0.28151
1301,23.5637,0.703979,0,-0.599246,-0.357337,0.672982,-0.0242985,-0.0104928,-0.344806,-0.599246,-0.357337,0.605684,-0.282297
1302,23.5818,0.674966,0,-0.5362,-0.194701,0.657149,-0.0264788,-0.0205074,-0.380434,-0.5362,-0.194701,0.591435,-0.246654
1303,23.5999,0.636691,0,-0.459082,-0.0659299,0.601515,-0.0301964,-0.0318359,-0.413876,-0.459082,-0.0659299,0.541364,-0.193301
1304,23.618,0.591479,0,-0.376736,0.0214356,0.518551,-0.0354485,-0.0448894,-0.445122,-0.376736,0.0214356,0.466696,-0.13675
1305,23.6362,0.544794,0,-0.294693,0.0753925,0.424967,-0.0423126,-0.0601366,-0.474108,-0.294693,0.0753925,0.382471,-0.0876644
1306,23.6543,0.503818,0,-0.220496,0.106196,0.335221,-0.0509433,-0.0781145,-0.500709,-0.220496,0.106196,0.301699,-0.0517403
1307,23.6724,0.472129,0,-0.156789,0.116339,0.258296,-0.061572,-0.0994419,-0.524704,-0.156789,0.116339,0.232467,-0.0283486
1308,23.6905,0.448238,0,-0.103377,0.116531,0.191587,-0.0745088,-0.12483,-0.545748,-0.103377,0.116531,0.172428,-0.013864
1309,23.7086,0.431077,0,-0.0609477,0.112546,0.133105,-0.0901458,-0.155089,-0.563315,-0.0609477,0.112546,0.119794,-0.00567869
1310,23.7267,0.418255,0,-0.0267648,0.108068,0.0780019,-0.10896,-0.191121,-0.576629,-0.0267648,0.108068,0.0702017,-0.0014614
1311,23.7448,0.410708,0,0.000723018,0.105741,0.0263382,-0.131511,-0.23389,-0.584569,0.000723018,0.105741,0.0237044,1.33301e-05
1312,23.7629,0.410012,0,0.0232806,0.105256,-0.0202861,-0.158433,-0.284346,-0.585548,0.0232806,0.105256,-0.0182575,-0.000330591
1313,23.7811,0.41832,0,0.0424367,0.10673,-0.0594276,-0.190406,-0.343276,-0.577359,0.0424367,0.10673,-0.0534848,-0.00176534
1314,23.7992,0.436887,0,0.0585295,0.116543,-0.0964628,-0.228092,-0.411035,-0.557028,0.0585295,0.116543,-0.0868166,-0.00395215
1315,23.8173,0.464797,0,0.0744448,0.129796,-0.136635,-0.272024,-0.487096,-0.52071,0.0744448,0.129796,-0.122972,-0.00712025
1316,23.8354,0.505488,0,0.0895498,0.146422,-0.173091,-0.32241,-0.569369,-0.463756,0.0895498,0.146422,-0.155782,-0.0108502
1317,23.8535,0.556982,0,0.104417,0.162585,-0.203669,-0.378824,-0.653295,-0.381165,0.104417,0.162585,-0.183302,-0.0148865
1318,23.8716,0.617506,0,0.119141,0.179897,-0.223857,-0.439781,-0.73089,-0.268731,0.119141,0.179897,-0.201471,-0.0186693
1319,23.8897,0.684007,0,0.135715,0.201555,-0.238646,-0.502254,-0.790267,-0.125154,0.135715,0.201555,-0.214781,-0.0226716
1320,23.9078,0.750984,0,0.153623,0.229423,-0.249378,-0.561302,-0.816596,0.0449998,0.153623,0.229423,-0.22444,-0.0268171
1321,23.926,0.809968,0,0.173408,0.261662,-0.257606,-0.610165,-0.795571,0.228621,0.173408,0.261662,-0.231845,-0.0312696
1322,23.9441,0.852067,0,0.196494,0.29859,-0.259337,-0.641227,-0.719373,0.404009,0.196494,0.29859,-0.233403,-0.0356708
1323,23.9622,0.867105,0,0.222345,0.336482,-0.2512,-0.64793,-0.59259,0.545708,0.222345,0.336482,-0.22608,-0.0390971
1324,23.9803,0.852015,0,0.24976,0.377283,-0.233448,-0.627059,-0.433529,0.633478,0.24976,0.377283,-0.210103,-0.0408143
1325,23.9984,0.809071,0,0.279269,0.420581,-0.206098,-0.580163,-0.268299,0.66028,0.279269,0.420581,-0.185488,-0.0402897
1326,24.0165,0.745317,0,0.31236,0.465846,-0.166876,-0.513181,-0.120797,0.63364,0.31236,0.465846,-0.150189,-0.0364879
1327,24.0346,0.668744,0,0.348105,0.507601,-0.112846,-0.434464,-0.00520496,0.569995,0.348105,0.507601,-0.101561,-0.0274975
1328,24.0527,0.588609,0,0.383671,0.54047,-0.0434257,-0.352369,0.0752832,0.486886,0.383671,0.54047,-0.0390831,-0.0116628
1329,24.0708,0.515675,0,0.417598,0.560162,0.0361374,-0.273538,0.125079,0.397793,0.417598,0.560162,0.0325237,0.0105636
1330,24.089,0.455695,0,0.446575,0.56035,0.123519,-0.202254,0.151787,0.310787,0.446575,0.56035,0.111167,0.0386123
1331,24.1071,0.413699,0,0.468886,0.539455,0.212132,-0.140601,0.163074,0.229568,0.468886,0.539455,0.190919,0.069626
1332,24.1252,0.389863,0,0.481786,0.497589,0.295476,-0.0890157,0.165218,0.155143,0.481786,0.497589,0.265929,0.0996494
1333,24.1433,0.380234,0,0.483679,0.438213,0.363568,-0.0468791,0.162779,0.0872011,0.483679,0.438213,0.327211,0.123095
1334,24.1614,0.377589,0,0.472176,0.366732,0.4111,-0.013002,0.15882,0.0249716,0.472176,0.366732,0.36999,0.135878
1335,24.1795,0.376515,0,0.448959,0.289343,0.434721,0.0140325,0.155272,-0.0323496,0.448959,0.289343,0.391249,0.13662
1336,24.1976,0.371926,0,0.416297,0.21317,0.430818,0.035657,0.15329,-0.0854323,0.416297,0.21317,0.387736,0.125544
1337,24.2157,0.363,0,0.375886,0.145271,0.404775,0.0532032,0.153531,-0.134775,0.375886,0.145271,0.364298,0.106505
1338,24.2339,0.35237,0,0.331547,0.0925417,0.365984,0.0678509,0.156361,-0.180721,0.331547,0.0925417,0.329386,0.0849386
1339,24.252,0.341038,0,0.286993,0.0542294,0.319395,0.080617,0.162001,-0.223482,0.286993,0.0542294,0.287456,0.0641649
1340,24.2701,0.329888,0,0.245594,0.0290057,0.26876,0.0923679,0.170621,-0.263166,0.245594,0.0290057,0.241884,0.0462041
1341,24.2882,0.319443,0,0.208573,0.0129363,0.216399,0.103845,0.182406,-0.299782,0.208573,0.0129363,0.194759,0.0315945
1342,24.3063,0.309244,0,0.176151,0.00537009,0.163031,0.115692,0.197594,-0.333247,0.176151,0.00537009,0.146727,0.0201025
1343,24.3244,0.301913,0,0.148099,0.00215011,0.11321,0.128488,0.216498,-0.363366,0.148099,0.00215011,0.101889,0.0117364
1344,24.3425,0.295365,0,0.124946,0.0050566,0.0645306,0.142769,0.239518,-0.389816,0.124946,0.0050566,0.0580776,0.005644
1345,24.3606,0.290575,0,0.107527,0.0115572,0.0183955,0.159057,0.26713,-0.412103,0.107527,0.0115572,0.0165559,0.00138461
1346,24.3788,0.288352,0,0.0944288,0.0196989,-0.0245661,0.17787,0.299872,-0.429513,0.0944288,0.0196989,-0.0221095,-0.00162383
1347,24.3969,0.288099,0,0.0853964,0.0282979,-0.0671062,0.199732,0.338292,-0.441049,0.0853964,0.0282979,-0.0603956,-0.00401144
1348,24.415,0.291256,0,0.0790175,0.0371662,-0.108276,0.225166,0.382868,-0.445355,0.0790175,0.0371662,-0.0974487,-0.00598901
1349,24.4331,0.298077,0,0.075769,0.0481392,-0.147784,0.254669,0.433865,-0.440632,0.075769,0.0481392,-0.133005,-0.00783821
1350,24.4512,0.309278,0,0.0757151,0.0632436,-0.182632,0.288661,0.491111,-0.424588,0.0757151,0.0632436,-0.164369,-0.00967962
1351,24.4693,0.326428,0,0.0785026,0.07865,-0.215326,0.327388,0.553666,-0.394439,0.0785026,0.07865,-0.193794,-0.0118326
1352,24.4874,0.349497,0,0.0837175,0.0958865,-0.247085,0.370774,0.61938,-0.347071,0.0837175,0.0958865,-0.222376,-0.0144797
1353,24.5055,0.379328,0,0.0908154,0.114753,-0.275434,0.418214,0.68437,-0.279472,0.0908154,0.114753,-0.247891,-0.0175096
1354,24.5236,0.41446,0,0.100161,0.136507,-0.301189,0.46831,0.742591,-0.18957,0.100161,0.136507,-0.27107,-0.0211172
1355,24.5418,0.452532,0,0.112733,0.161975,-0.323428,0.518611,0.785809,-0.0775634,0.112733,0.161975,-0.291085,-0.0255226
1356,24.5599,0.490845,0,0.127683,0.191703,-0.342071,0.565471,0.804451,0.0524783,0.127683,0.191703,-0.307864,-0.0305736
1357,24.578,0.525515,0,0.145585,0.225396,-0.356045,0.604203,0.789755,0.191374,0.145585,0.225396,-0.32044,-0.0362843
1358,24.5961,0.551221,0,0.167074,0.264827,-0.363793,0.629709,0.737003,0.325086,0.167074,0.264827,-0.327413,-0.0425463
1359,24.6142,0.563223,0,0.192589,0.310684,-0.362287,0.637592,0.648594,0.437368,0.192589,0.310684,-0.326058,-0.0488407
1360,24.6323,0.559545,0,0.22252,0.362471,-0.349969,0.625446,0.534898,0.514433,0.22252,0.362471,-0.314972,-0.0545127
1361,24.6504,0.54085,0,0.256878,0.417707,-0.324677,0.593745,0.411645,0.549416,0.256878,0.417707,-0.29221,-0.0583818
1362,24.6685,0.511116,0,0.295919,0.477489,-0.285376,0.54584,0.294879,0.544028,0.295919,0.477489,-0.256839,-0.0591138
1363,24.6867,0.476179,0,0.33811,0.536234,-0.229974,0.487026,0.196296,0.506576,0.33811,0.536234,-0.206977,-0.0544297
1364,24.7048,0.442144,0,0.382828,0.590535,-0.155826,0.423172,0.121245,0.448006,0.382828,0.590535,-0.140243,-0.0417581
1365,24.7229,0.414585,0,0.429174,0.634158,-0.0597847,0.359507,0.0695303,0.378376,0.429174,0.634158,-0.0538062,-0.0179606
1366,24.741,0.397878,0,0.471782,0.656043,0.0542419,0.299927,0.0375957,0.305058,0.471782,0.656043,0.0488178,0.0179132
1367,24.7591,0.393059,0,0.507533,0.647208,0.178162,0.246837,0.0206568,0.23254,0.507533,0.647208,0.160345,0.063296
1368,24.7772,0.399291,0,0.532739,0.604998,0.302082,0.201336,0.0141074,0.163082,0.532739,0.604998,0.271873,0.112651
1369,24.7953,0.411874,0,0.542942,0.530894,0.41057,0.163566,0.0141737,0.0975294,0.542942,0.530894,0.369513,0.156041
1370,24.8134,0.422422,0,0.534793,0.43,0.487901,0.133048,0.0180674,0.0359786,0.534793,0.43,0.439111,0.182648
1371,24.8316,0.427405,0,0.508183,0.317456,0.528175,0.108971,0.0238877,-0.0217998,0.508183,0.317456,0.475357,0.187886
1372,24.8497,0.423778,0,0.466006,0.209179,0.528627,0.0903953,0.0304361,-0.0761306,0.466006,0.209179,0.475764,0.17244
1373,24.8678,0.413172,0,0.4145,0.115668,0.498471,0.0763853,0.0370268,-0.12733,0.4145,0.115668,0.448624,0.144631
1374,24.8859,0.398312,0,0.357895,0.0449582,0.44947,0.0660853,0.0433268,-0.175671,0.357895,0.0449582,0.404523,0.112604
1375,24.904,0.379622,0,0.299901,-0.00498815,0.387927,0.0587578,0.0492342,-0.221375,0.299901,-0.00498815,0.349135,0.081438
1376,24.9221,0.358594,0,0.244053,-0.0370182,0.319449,0.0537951,0.054791,-0.264624,0.244053,-0.0370182,0.287504,0.0545737
1377,24.9402,0.338677,0,0.194127,-0.0546555,0.251535,0.0507159,0.0601249,-0.305569,0.194127,-0.0546555,0.226382,0.0341809
1378,24.9583,0.319231,0,0.151808,-0.0615511,0.183931,0.0491544,0.0654126,-0.344337,0.151808,-0.0615511,0.165538,0.0195455
1379,24.9764,0.303472,0,0.116835,-0.0609832,0.123227,0.0488461,0.0708594,-0.381035,0.116835,-0.0609832,0.110904,0.0100781
1380,24.9946,0.291258,0,0.0885581,-0.0576596,0.0689345,0.0496133,0.0766898,-0.415758,0.0885581,-0.0576596,0.0620411,0.0042733
1381,25.0127,0.278993,0,0.0661846,-0.0510773,0.0153955,0.0513531,0.0831465,-0.448582,0.0661846,-0.0510773,0.0138559,0.000713259
1382,25.0308,0.268729,0,0.0487273,-0.0448338,-0.0342579,0.0540271,0.090494,-0.479571,0.0487273,-0.0448338,-0.0308321,-0.00116851
1383,25.0489,0.260805,0,0.0358206,-0.0392692,-0.0792868,0.0576545,0.0990267,-0.508769,0.0358206,-0.0392692,-0.0713581,-0.00198807
1384,25.067,0.252763,0,0.0265145,-0.0338342,-0.123932,0.0623079,0.109079,-0.536196,0.0265145,-0.0338342,-0.111538,-0.00230019
1385,25.0851,0.245249,1,0.0199298,-0.026633,-0.166477,0.0681125,0.121041,-0.56184,0.0199298,-0.026633,-0.149829,-0.0023225
1386,25.1032,0.239694,1,0.0155507,-0.0202299,-0.205404,0.0752473,0.135369,-0.585647,0.0155507,-0.0202299,-0.184864,-0.00223593
1387,25.1213,0.236697,1,0.0132633,-0.014418,-0.239827,0.0839494,0.152607,-0.607499,0.0132633,-0.014418,-0.215844,-0.00222662
1388,25.1395,0.234722,1,0.0129942,-0.00910155,-0.273174,0.0945213,0.173401,-0.627193,0.0129942,-0.00910155,-0.245856,-0.00248478
1389,25.1576,0.234384,1,0.0128188,-0.00445034,-0.305759,0.107339,0.19852,-0.644399,0.0128188,-0.00445034,-0.275183,-0.00274361
1390,25.1757,0.236508,1,0.0133407,0.000334738,-0.336757,0.12286,0.228864,-0.658608,0.0133407,0.000334738,-0.303082,-0.00314479
1391,25.1938,0.241815,1,0.0147167,0.00539635,-0.366275,0.141639,0.265473,-0.669053,0.0147167,0.00539635,-0.329648,-0.00377325
1392,25.2119,0.251048,0,0.017423,0.0122915,-0.393243,0.164326,0.309502,-0.674597,0.017423,0.0122915,-0.353919,-0.00479604
1393,25.23,0.264722,0,0.0210431,0.0211501,-0.418976,0.191673,0.362165,-0.673588,0.0210431,0.0211501,-0.377079,-0.0061716
1394,25.2481,0.28468,0,0.0253208,0.0313345,-0.44274,0.224507,0.424584,-0.663664,0.0253208,0.0313345,-0.398466,-0.00784738
1395,25.2662,0.311977,0,0.0305482,0.0429313,-0.465491,0.263682,0.497515,-0.641536,0.0305482,0.0429313,-0.418942,-0.00995396
1396,25.2844,0.347829,0,0.0368562,0.0567144,-0.48594,0.309962,0.580846,-0.602791,0.0368562,0.0567144,-0.437346,-0.0125369
1397,25.3025,0.393332,0,0.0445639,0.0720527,-0.505421,0.36381,0.672789,-0.541849,0.0445639,0.0720527,-0.454879,-0.0157665
1398,25.3206,0.448408,0,0.0543127,0.0900035,-0.523979,0.425035,0.768709,-0.45234,0.0543127,0.0900035,-0.471581,-0.0199211
1399,25.3387,0.51132,0,0.066459,0.112524,-0.539756,0.492263,0.859743,-0.328333,0.066459,0.112524,-0.48578,-0.0251101
1400,25.3568,0.578031,0,0.081406,0.142549,-0.551843,0.562281,0.931821,-0.166918,0.081406,0.142549,-0.496659,-0.0314463
1401,25.3749,0.643472,0,0.10054,0.181313,-0.560435,0.629458,0.966408,0.0278197,0.10054,0.181313,-0.504391,-0.0394421
1402,25.393,0.701944,0,0.123459,0.228301,-0.564769,0.685699,0.944696,0.240737,0.123459,0.228301,-0.508292,-0.0488083
1403,25.4111,0.745894,0,0.150365,0.282458,-0.562204,0.721565,0.855704,0.444867,0.150365,0.282458,-0.505983,-0.059175
1404,25.4292,0.767904,0,0.182271,0.343875,-0.549914,0.728777,0.704878,0.607685,0.182271,0.343875,-0.494923,-0.0701632
1405,25.4474,0.76341,0,0.220756,0.413337,-0.523033,0.703333,0.516203,0.70372,0.220756,0.413337,-0.47073,-0.0808238
1406,25.4655,0.736019,0,0.265636,0.490367,-0.479106,0.647424,0.323602,0.725717,0.265636,0.490367,-0.431196,-0.0890875
1407,25.4836,0.695047,0,0.317815,0.57501,-0.414847,0.568791,0.156669,0.685732,0.317815,0.57501,-0.373362,-0.092291
1408,25.5017,0.65082,0,0.377638,0.660862,-0.323229,0.477896,0.0309742,0.606227,0.377638,0.660862,-0.290906,-0.0854443
1409,25.5198,0.612193,0,0.439333,0.737708,-0.196008,0.384731,-0.052257,0.509197,0.439333,0.737708,-0.176407,-0.0602789
1410,25.5379,0.587319,0,0.501833,0.791664,-0.0335346,0.296785,-0.100534,0.410053,0.501833,0.791664,-0.0301811,-0.0117801
1411,25.556,0.578083,0,0.5608,0.802568,0.15369,0.218497,-0.124102,0.316939,0.5608,0.802568,0.138321,0.0603326
1412,25.5741,0.576309,0,0.602935,0.75099,0.344856,0.151692,-0.132308,0.232786,0.602935,0.75099,0.310371,0.145548
1413,25.5923,0.575371,0,0.622888,0.636046,0.51212,0.0963709,-0.132274,0.157695,0.622888,0.636046,0.460908,0.223296
1414,25.6104,0.569945,0,0.614108,0.478539,0.628181,0.0514575,-0.128887,0.0906224,0.614108,0.478539,0.565363,0.27004
1415,25.6285,0.553227,0,0.575203,0.301746,0.680239,0.0153583,-0.125265,0.0303041,0.575203,0.301746,0.612215,0.273893
1416,25.6466,0.523349,0,0.515229,0.140979,0.66275,-0.0136733,-0.123288,-0.0243518,0.515229,0.140979,0.596475,0.239028
1417,25.6647,0.485877,0,0.437623,0.0119277,0.607148,-0.0373272,-0.124036,-0.0741487,0.437623,0.0119277,0.546434,0.185992
1418,25.6828,0.444561,0,0.3537,-0.0814958,0.529967,-0.0571333,-0.128102,-0.119609,0.3537,-0.0814958,0.47697,0.131214
1419,25.7009,0.402403,0,0.271353,-0.142713,0.444105,-0.0744243,-0.135817,-0.161018,0.271353,-0.142713,0.399695,0.0843564
1420,25.719,0.361052,0,0.197742,-0.171231,0.356079,-0.0903378,-0.147385,-0.198464,0.197742,-0.171231,0.320471,0.0492882
1421,25.7372,0.324165,0,0.131766,-0.187744,0.27625,-0.105838,-0.162974,-0.231863,0.131766,-0.187744,0.248625,0.0254803
1422,25.7553,0.294895,0,0.0772139,-0.19381,0.209333,-0.121744,-0.182759,-0.260968,0.0772139,-0.19381,0.1884,0.0113144
1423,25.7734,0.269842,0,0.0315227,-0.194018,0.149705,-0.138762,-0.206938,-0.285358,0.0315227,-0.194018,0.134735,0.00330338
1424,25.7915,0.245506,1,-0.00495426,-0.192004,0.0900939,-0.157506,-0.235718,-0.304415,-0.00495426,-0.192004,0.0810845,-0.000312444
1425,25.8096,0.224762,1,-0.0352184,-0.189156,0.0356971,-0.178514,-0.269272,-0.317293,-0.0352184,-0.189156,0.0321274,-0.000880037
1426,25.8277,0.209709,1,-0.059328,-0.186142,-0.0118573,-0.20225,-0.307662,-0.322887,-0.059328,-0.186142,-0.0106716,0.000492429
1427,25.8458,0.199654,1,-0.0786746,-0.185859,-0.0556382,-0.229084,-0.350714,-0.319806,-0.0786746,-0.185859,-0.0500744,0.00306412
1428,25.8639,0.196289,1,-0.0954476,-0.190005,-0.0929516,-0.259254,-0.397855,-0.306386,-0.0954476,-0.190005,-0.0836565,0.00621041
1429,25.882,0.197861,1,-0.111762,-0.200129,-0.128137,-0.292794,-0.447879,-0.280763,-0.111762,-0.200129,-0.115324,0.0100246
1430,25.9002,0.207364,1,-0.126372,-0.213175,-0.162041,-0.329436,-0.498692,-0.241064,-0.126372,-0.213175,-0.145837,0.0143342
1431,25.9183,0.225344,1,-0.139761,-0.230839,-0.191423,-0.368476,-0.547063,-0.185779,-0.139761,-0.230839,-0.172281,0.0187275
1432,25.9364,0.249725,1,-0.154353,-0.253517,-0.215378,-0.408636,-0.588508,-0.114337,-0.154353,-0.253517,-0.19384,0.023271
1433,25.9545,0.278854,0,-0.171311,-0.280985,-0.236503,-0.447949,-0.617481,-0.0278867,-0.171311,-0.280985,-0.212853,0.0283609
1434,25.9726,0.310877,0,-0.190919,-0.310524,-0.251547,-0.483752,-0.628075,0.0699259,-0.190919,-0.310524,-0.226392,0.0336175
1435,25.9907,0.342106,0,-0.212051,-0.341785,-0.25852,-0.512858,-0.615328,0.172522,-0.212051,-0.341785,-0.232668,0.0383735
1436,26.0088,0.368399,0,-0.235613,-0.377113,-0.25778,-0.531981,-0.576914,0.270802,-0.235613,-0.377113,-0.232002,0.0425154
1437,26.0269,0.387262,0,-0.261926,-0.417933,-0.248776,-0.538373,-0.514574,0.354676,-0.261926,-0.417933,-0.223898,0.0456125
1438,26.0451,0.398761,0,-0.290909,-0.461307,-0.231771,-0.530519,-0.43444,0.415451,-0.290909,-0.461307,-0.208594,0.0471971
1439,26.0632,0.401717,0,-0.323024,-0.506418,-0.202969,-0.508614,-0.345781,0.448094,-0.323024,-0.506418,-0.182672,0.0458947
1440,26.0813,0.398271,0,-0.35732,-0.552258,-0.160767,-0.474601,-0.258553,0.452292,-0.35732,-0.552258,-0.14469,0.0402117
1441,26.0994,0.389953,0,-0.393936,-0.593748,-0.101395,-0.43174,-0.180918,0.431834,-0.393936,-0.593748,-0.0912551,0.0279601
1442,26.1175,0.382038,0,-0.431227,-0.627094,-0.0269474,-0.383885,-0.11778,0.392834,-0.431227,-0.627094,-0.0242527,0.00813432
1443,26.1356,0.376927,0,-0.465965,-0.643987,0.0583722,-0.33476,-0.0706791,0.341789,-0.465965,-0.643987,0.052535,-0.0190396
1444,26.1537,0.374741,0,-0.494453,-0.638742,0.148942,-0.28744,-0.0386316,0.284239,-0.494453,-0.638742,0.134047,-0.0515513
1445,26.1718,0.375618,0,-0.514209,-0.610989,0.237615,-0.244116,-0.0192649,0.22422,-0.514209,-0.610989,0.213854,-0.0855287
1446,26.19,0.378441,0,-0.524211,-0.561918,0.317965,-0.206103,-0.00977947,0.164329,-0.524211,-0.561918,0.286168,-0.116676
1447,26.2081,0.380539,0,-0.522008,-0.494888,0.3814,-0.173977,-0.00756169,0.10605,-0.522008,-0.494888,0.34326,-0.139366
1448,26.2262,0.380468,0,-0.507455,-0.41809,0.422635,-0.147782,-0.0104775,0.0501354,-0.507455,-0.41809,0.380372,-0.150128
1449,26.2443,0.375551,0,-0.481043,-0.33975,0.43705,-0.127217,-0.0169499,-0.00308848,-0.481043,-0.33975,0.393345,-0.147168
1450,26.2624,0.36515,0,-0.444941,-0.265974,0.427524,-0.111799,-0.0259199,-0.0535116,-0.444941,-0.265974,0.384771,-0.133156
1451,26.2805,0.350318,0,-0.402759,-0.202039,0.398668,-0.100984,-0.0367602,-0.101115,-0.402759,-0.202039,0.358801,-0.112397
1452,26.2986,0.332702,0,-0.359197,-0.155051,0.354764,-0.0942447,-0.0491814,-0.145899,-0.359197,-0.155051,0.319287,-0.0892011
1453,26.3167,0.3134,0,-0.3156,-0.120745,0.30302,-0.0911223,-0.0631488,-0.187847,-0.3156,-0.120745,0.272718,-0.0669433
1454,26.3348,0.296344,0,-0.274104,-0.0976379,0.25234,-0.0912533,-0.0788161,-0.226901,-0.274104,-0.0976379,0.227106,-0.0484171
1455,26.353,0.279429,0,-0.237852,-0.0859781,0.199168,-0.094382,-0.0964775,-0.262946,-0.237852,-0.0859781,0.179251,-0.0331607
1456,26.3711,0.263662,0,-0.206934,-0.0821941,0.146947,-0.100362,-0.116533,-0.295791,-0.206934,-0.0821941,0.132252,-0.0212859
1457,26.3892,0.248255,1,-0.181505,-0.0835049,0.0950036,-0.109156,-0.139463,-0.325146,-0.181505,-0.0835049,0.0855033,-0.0120706
1458,26.4073,0.233469,1,-0.161062,-0.087693,0.0441262,-0.120823,-0.165807,-0.350592,-0.161062,-0.087693,0.0397136,-0.00497495
1459,26.4254,0.220715,1,-0.144913,-0.0936002,-0.00337578,-0.135515,-0.19614,-0.371538,-0.144913,-0.0936002,-0.0030382,0.000342436
1460,26.4435,0.210249,1,-0.132662,-0.103079,-0.0468663,-0.153461,-0.231033,-0.387174,-0.132662,-0.103079,-0.0421796,0.00435216
1461,26.4616,0.201024,1,-0.12576,-0.116715,-0.0881741,-0.174947,-0.270995,-0.396411,-0.12576,-0.116715,-0.0793567,0.00776211
1462,26.4797,0.195947,1,-0.122555,-0.130711,-0.124555,-0.200286,-0.316372,-0.397819,-0.122555,-0.130711,-0.1121,0.0106854
1463,26.4979,0.194301,1,-0.121801,-0.146298,-0.159776,-0.229769,-0.367191,-0.389576,-0.121801,-0.146298,-0.143798,0.0136226
1464,26.516,0.199409,1,-0.12349,-0.161864,-0.191945,-0.263595,-0.422923,-0.369457,-0.12349,-0.161864,-0.172751,0.0165924
1465,26.5341,0.212823,1,-0.128232,-0.177696,-0.220598,-0.301749,-0.482168,-0.334922,-0.128232,-0.177696,-0.198538,0.0198015
1466,26.5522,0.234447,1,-0.135818,-0.19542,-0.247059,-0.343858,-0.542259,-0.283368,-0.135818,-0.19542,-0.222353,0.0234884
1467,26.5703,0.263521,0,-0.145493,-0.217172,-0.270461,-0.388981,-0.598883,-0.212667,-0.145493,-0.217172,-0.243414,0.027545
1468,26.5884,0.298798,0,-0.15794,-0.242796,-0.290474,-0.435395,-0.645902,-0.122056,-0.15794,-0.242796,-0.261427,0.0321143
1469,26.6065,0.33804,0,-0.173497,-0.272051,-0.306062,-0.480424,-0.675681,-0.0133283,-0.173497,-0.272051,-0.275456,0.0371706
1470,26.6246,0.377747,0,-0.191823,-0.306641,-0.316864,-0.520443,-0.680271,0.107976,-0.191823,-0.306641,-0.285178,0.0425473
1471,26.6428,0.413607,0,-0.213762,-0.347728,-0.32093,-0.551172,-0.653577,0.232083,-0.213762,-0.347728,-0.288837,0.0480217
1472,26.6609,0.442508,0,-0.239045,-0.392889,-0.31621,-0.568391,-0.593986,0.346007,-0.239045,-0.392889,-0.284589,0.052912
1473,26.679,0.460788,0,-0.267943,-0.442155,-0.299976,-0.568927,-0.506199,0.436423,-0.267943,-0.442155,-0.269978,0.0562635
1474,26.6971,0.468104,0,-0.301026,-0.49439,-0.271902,-0.551616,-0.400858,0.493487,-0.301026,-0.49439,-0.244711,0.0572945
1475,26.7152,0.464391,0,-0.33762,-0.547468,-0.227283,-0.517778,-0.291631,0.513707,-0.33762,-0.547468,-0.204555,0.0537147
1476,26.7333,0.453473,0,-0.377046,-0.597746,-0.165139,-0.470929,-0.19114,0.500272,-0.377046,-0.597746,-0.148625,0.0435855
1477,26.7514,0.439613,0,-0.418286,-0.639624,-0.0840733,-0.415877,-0.107842,0.460886,-0.418286,-0.639624,-0.075666,0.0246167
1478,26.7695,0.427849,0,-0.456845,-0.665336,0.0114158,-0.357614,-0.0451018,0.404643,-0.456845,-0.665336,0.0102743,-0.00365069
1479,26.7876,0.422376,0,-0.491723,-0.671767,0.115458,-0.300427,-0.00214854,0.339559,-0.491723,-0.671767,0.103912,-0.0397414
1480,26.8058,0.421648,0,-0.519517,-0.651546,0.219099,-0.247433,0.0241692,0.271441,-0.519517,-0.651546,0.197189,-0.0796781
1481,26.8239,0.422653,0,-0.536236,-0.602938,0.31636,-0.200523,0.0378047,0.203871,-0.536236,-0.602938,0.284724,-0.118751
1482,26.842,0.423462,0,-0.538383,-0.530031,0.398343,-0.160534,0.0424962,0.138723,-0.538383,-0.530031,0.358509,-0.150123
1483,26.8601,0.42239,0,-0.525828,-0.443584,0.45294,-0.127536,0.0412957,0.07678,-0.525828,-0.443584,0.407646,-0.166718
1484,26.8782,0.41718,0,-0.4998,-0.353874,0.47736,-0.101105,0.0364572,0.0182291,-0.4998,-0.353874,0.429624,-0.167009
1485,26.8963,0.404336,0,-0.462611,-0.266145,0.470019,-0.080559,0.0295111,-0.0370197,-0.462611,-0.266145,0.423017,-0.152205
1486,26.9144,0.386936,0,-0.41723,-0.192354,0.439505,-0.0651155,0.0214054,-0.0891535,-0.41723,-0.192354,0.395555,-0.128363
1487,26.9325,0.365798,0,-0.365188,-0.131694,0.394318,-0.0540064,0.0126521,-0.138369,-0.365188,-0.131694,0.354886,-0.1008
1488,26.9507,0.34395,0,-0.314324,-0.0878452,0.339434,-0.0465408,0.00345209,-0.184839,-0.314324,-0.0878452,0.305491,-0.0746848
1489,26.9688,0.323848,0,-0.268378,-0.0651735,0.281175,-0.0421378,-0.00620889,-0.228698,-0.268378,-0.0651735,0.253057,-0.0528228
1490,26.9869,0.304484,0,-0.227214,-0.0531093,0.221754,-0.040339,-0.0164924,-0.270048,-0.227214,-0.0531093,0.199578,-0.0352698
1491,27.005,0.287617,0,-0.192813,-0.0504362,0.164913,-0.0408088,-0.0276628,-0.30895,-0.192813,-0.0504362,0.148422,-0.0222582
1492,27.0231,0.272382,0,-0.163348,-0.0501741,0.110715,-0.0433275,-0.0400616,-0.345431,-0.163348,-0.0501741,0.0996435,-0.0126596
1493,27.0412,0.25833,0,-0.138669,-0.0532865,0.0586405,-0.0477837,-0.0540952,-0.379471,-0.138669,-0.0532865,0.0527765,-0.00569214
1494,27.0593,0.246008,1,-0.120428,-0.058649,0.00975615,-0.0541653,-0.0702323,-0.411,-0.120428,-0.058649,0.00878054,-0.000822438
1495,27.0774,0.234108,1,-0.107051,-0.0680153,-0.0373805,-0.0625536,-0.0890073,-0.439872,-0.107051,-0.0680153,-0.0336425,0.00280114
1496,27.0956,0.222773,1,-0.0969407,-0.0772886,-0.082208,-0.0731188,-0.111027,-0.465846,-0.0969407,-0.0772886,-0.0739872,0.00557851
1497,27.1137,0.21282,1,-0.0902536,-0.0860861,-0.123488,-0.0861172,-0.136974,-0.48855,-0.0902536,-0.0860861,-0.111139,0.00780167
1498,27.1318,0.204194,1,-0.0866555,-0.0961809,-0.161378,-0.10189,-0.16761,-0.507429,-0.0866555,-0.0961809,-0.145241,0.00978903
1499,27.1499,0.196902,1,-0.085955,-0.107068,-0.196496,-0.12086,-0.203757,-0.521678,-0.085955,-0.107068,-0.176846,0.0118228
1500,27.168,0.19209,1,-0.0874296,-0.117496,-0.228548,-0.143527,-0.246258,-0.530159,-0.0874296,-0.117496,-0.205693,0.0139873
1501,27.1861,0.189811,1,-0.0906547,-0.130661,-0.258488,-0.170446,-0.295891,-0.531284,-0.0906547,-0.130661,-0.23264,0.0164032
1502,27.2042,0.192459,1,-0.0959077,-0.144814,-0.285428,-0.202197,-0.353211,-0.522903,-0.0959077,-0.144814,-0.256885,0.0191623
1503,27.2223,0.201743,1,-0.102412,-0.159774,-0.31104,-0.239313,-0.418275,-0.502187,-0.102412,-0.159774,-0.279936,0.0222979
1504,27.2404,0.219304,1,-0.110794,-0.177335,-0.335126,-0.282162,-0.490216,-0.465592,-0.110794,-0.177335,-0.301613,0.025991
1505,27.2586,0.245784,1,-0.121947,-0.19932,-0.356891,-0.330754,-0.566625,-0.409011,-0.121947,-0.19932,-0.321202,0.0304651
1506,27.2767,0.281841,0,-0.135667,-0.225449,-0.375503,-0.384459,-0.642793,-0.328292,-0.135667,-0.225449,-0.337953,0.0356603
1507,27.2948,0.326407,0,-0.151331,-0.256454,-0.389868,-0.441632,-0.711013,-0.220384,-0.151331,-0.256454,-0.350882,0.0412994
1508,27.3129,0.376864,0,-0.170233,-0.291811,-0.398655,-0.499231,-0.760434,-0.0852333,-0.170233,-0.291811,-0.358789,0.0475051
1509,27.331,0.428442,0,-0.192966,-0.333928,-0.401424,-0.55258,-0.778255,0.0717968,-0.192966,-0.333928,-0.361282,0.0542228
1510,27.3491,0.475718,0,-0.220215,-0.382466,-0.394966,-0.59559,-0.752964,0.23808,-0.220215,-0.382466,-0.35547,0.0608842
1511,27.3672,0.513169,0,-0.25216,-0.437345,-0.377016,-0.621692,-0.679275,0.394309,-0.25216,-0.437345,-0.339314,0.0665476
1512,27.3853,0.537147,0,-0.28867,-0.496406,-0.345765,-0.625502,-0.562504,0.518964,-0.28867,-0.496406,-0.311188,0.0698684
1513,27.4035,0.545996,0,-0.32892,-0.557695,-0.29831,-0.60464,-0.418944,0.595592,-0.32892,-0.557695,-0.268479,0.068684
1514,27.4216,0.542043,0,-0.372847,-0.618935,-0.232588,-0.560767,-0.27073,0.618805,-0.372847,-0.618935,-0.209329,0.0607039
1515,27.4397,0.528919,0,-0.419127,-0.672285,-0.144768,-0.49917,-0.137894,0.595019,-0.419127,-0.672285,-0.130291,0.0424733
1516,27.4578,0.512968,0,-0.466097,-0.710757,-0.0347287,-0.427121,-0.0325366,0.537904,-0.466097,-0.710757,-0.0312558,0.0113309
1517,27.4759,0.499944,0,-0.508876,-0.72432,0.0912781,-0.351909,0.0422203,0.462235,-0.508876,-0.72432,0.0821503,-0.0325145
1518,27.494,0.492893,0,-0.543999,-0.707146,0.225087,-0.279416,0.0896714,0.379712,-0.543999,-0.707146,0.202578,-0.085713
1519,27.5121,0.488197,0,-0.566511,-0.650531,0.350577,-0.213537,0.116034,0.297684,-0.566511,-0.650531,0.315519,-0.139024
1520,27.5302,0.481857,0,-0.570421,-0.558938,0.450882,-0.156278,0.127835,0.219826,-0.570421,-0.558938,0.405794,-0.180035
1521,27.5484,0.473157,0,-0.554386,-0.449389,0.516416,-0.108179,0.13059,0.147423,-0.554386,-0.449389,0.464775,-0.200406
1522,27.5665,0.458521,0,-0.522082,-0.333167,0.541161,-0.0688128,0.128422,0.0805023,-0.522082,-0.333167,0.487045,-0.197771
1523,27.5846,0.434627,0,-0.474355,-0.223944,0.522979,-0.037206,0.124162,0.0185751,-0.474355,-0.223944,0.470682,-0.173654
1524,27.6027,0.40889,0,-0.418405,-0.138164,0.480718,-0.0121474,0.119634,-0.0389635,-0.418405,-0.138164,0.432647,-0.140794
1525,27.6208,0.381651,0,-0.356735,-0.0731103,0.425492,0.00761339,0.115937,-0.0926626,-0.356735,-0.0731103,0.382943,-0.106252
1526,27.6389,0.354321,0,-0.297288,-0.0278401,0.360876,0.0232514,0.113693,-0.142962,-0.297288,-0.0278401,0.324789,-0.075099
1527,27.657,0.329381,0,-0.243012,-0.00458076,0.293389,0.0358113,0.11323,-0.190195,-0.243012,-0.00458076,0.26405,-0.0499079
1528,27.6751,0.306418,0,-0.195492,0.00611199,0.225254,0.0461913,0.114714,-0.234606,-0.195492,0.00611199,0.202729,-0.0308247
1529,27.6932,0.287261,0,-0.155302,0.00804472,0.16081,0.0551491,0.118243,-0.276367,-0.155302,0.00804472,0.144729,-0.0174818
1530,27.7114,0.273592,0,-0.122968,0.00633088,0.103962,0.063321,0.123904,-0.315598,-0.122968,0.00633088,0.093566,-0.0089488
1531,27.7295,0.262435,0,-0.0963552,0.00462109,0.0505551,0.0712467,0.131819,-0.352368,-0.0963552,0.00462109,0.0454996,-0.00340988
1532,27.7476,0.253299,0,-0.0745311,0.00288306,-0.000192326,0.0793951,0.142168,-0.386698,-0.0745311,0.00288306,-0.000173093,1.0034e-05
1533,27.7657,0.247261,1,-0.0579721,-0.00280133,-0.0483086,0.0881901,0.15521,-0.418556,-0.0579721,-0.00280133,-0.0434777,0.00196038
1534,27.7838,0.243459,1,-0.0447106,-0.00735645,-0.0935446,0.0980339,0.171294,-0.44784,-0.0447106,-0.00735645,-0.0841901,0.0029277
1535,27.8019,0.242854,1,-0.0357653,-0.0109194,-0.135006,0.109329,0.190874,-0.47436,-0.0357653,-0.0109194,-0.121505,0.00337997
1536,27.82,0.244633,1,-0.0283747,-0.0145054,-0.174806,0.122496,0.214506,-0.497805,-0.0283747,-0.0145054,-0.157325,0.00347205
1537,27.8381,0.248816,1,-0.0236136,-0.0175462,-0.214713,0.137991,0.242859,-0.517699,-0.0236136,-0.0175462,-0.193242,0.00354911
1538,27.8563,0.258315,0,-0.0198518,-0.0224417,-0.251097,0.156318,0.276694,-0.533341,-0.0198518,-0.0224417,-0.225987,0.00348931
1539,27.8744,0.27271,0,-0.0177457,-0.0259544,-0.284345,0.178035,0.31684,-0.543718,-0.0177457,-0.0259544,-0.25591,0.00353212
1540,27.8925,0.289754,0,-0.0155448,-0.0241848,-0.317185,0.203748,0.364121,-0.547404,-0.0155448,-0.0241848,-0.285466,0.00345141
1541,27.9106,0.312643,0,-0.0130572,-0.0220044,-0.348854,0.234096,0.419222,-0.542432,-0.0130572,-0.0220044,-0.313968,0.00318853
1542,27.9287,0.343778,0,-0.0113748,-0.0212395,-0.378397,0.269692,0.482462,-0.526166,-0.0113748,-0.0212395,-0.340558,0.00301292
1543,27.9468,0.382923,0,-0.00952603,-0.0204716,-0.406931,0.311036,0.553408,-0.495213,-0.00952603,-0.0204716,-0.366238,0.00271351
1544,27.9649,0.430836,0,-0.00814847,-0.0196122,-0.433307,0.358343,0.630307,-0.445476,-0.00814847,-0.0196122,-0.389976,0.00247155
1545,27.983,0.48702,0,-0.00698744,-0.0181998,-0.458058,0.411291,0.709324,-0.372508,-0.00698744,-0.0181998,-0.412252,0.00224045
1546,28.0012,0.550144,0,-0.00572776,-0.0159011,-0.481094,0.468658,0.783719,-0.272426,-0.00572776,-0.0159011,-0.432984,0.00192891
1547,28.0193,0.618009,0,-0.00432099,-0.0129903,-0.503059,0.527908,0.843361,-0.143614,-0.00432099,-0.0129903,-0.452753,0.0015216
1548,28.0374,0.686396,0,-0.00276126,-0.00939378,-0.523408,0.584841,0.875324,0.0108354,-0.00276126,-0.00939378,-0.471067,0.00101169
1549,28.0555,0.749364,0,-0.000486414,-0.00534734,-0.542179,0.6336,0.866452,0.180692,-0.000486414,-0.00534734,-0.487961,0.000184607
1550,28.0736,0.799802,0,0.0023419,-0.000121902,-0.55953,0.667346,0.808122,0.347972,0.0023419,-0.000121902,-0.503577,-0.000917253
1551,28.0917,0.830948,0,0.00592409,0.00627096,-0.57472,0.679775,0.701574,0.490128,0.00592409,0.00627096,-0.517248,-0.00238328
1552,28.1098,0.838655,0,0.0100053,0.0141172,-0.587608,0.667096,0.560235,0.587132,0.0100053,0.0141172,-0.528847,-0.00411541
1553,28.1279,0.823153,0,0.0149303,0.023257,-0.599159,0.629549,0.406199,0.628986,0.0149303,0.023257,-0.539243,-0.00626194
1554,28.146,0.788521,0,0.0205641,0.0345664,-0.610095,0.571521,0.262152,0.618703,0.0205641,0.0345664,-0.549086,-0.00878225
1555,28.1642,0.741377,0,0.0276894,0.0484781,-0.621226,0.500148,0.143858,0.568986,0.0276894,0.0484781,-0.559103,-0.0120409
1556,28.1823,0.688305,0,0.0363491,0.0660999,-0.63196,0.423221,0.057349,0.495668,0.0363491,0.0660999,-0.568764,-0.0160798
1557,28.2004,0.634999,0,0.0469363,0.0873663,-0.642149,0.347428,0.000768763,0.412308,0.0469363,0.0873663,-0.577934,-0.0210981
1558,28.2185,0.584801,0,0.0600927,0.113767,-0.650586,0.277461,-0.0318934,0.327939,0.0600927,0.113767,-0.585527,-0.0273668
1559,28.2366,0.539919,0,0.0766382,0.146546,-0.656769,0.215944,-0.0476229,0.247348,0.0766382,0.146546,-0.591092,-0.0352335
1560,28.2547,0.501574,0,0.0967212,0.186905,-0.659996,0.163818,-0.0525908,0.172392,0.0967212,0.186905,-0.593997,-0.044685
1561,28.2728,0.470527,0,0.121301,0.235782,-0.659347,0.120865,-0.0515257,0.103307,0.121301,0.235782,-0.593412,-0.0559857
1562,28.2909,0.447332,0,0.150983,0.294667,-0.652386,0.0861877,-0.0477339,0.0396267,0.150983,0.294667,-0.587147,-0.0689493
1563,28.3091,0.432125,0,0.185863,0.362422,-0.635199,0.0585625,-0.0433727,-0.0193087,0.185863,0.362422,-0.571679,-0.0826419
1564,28.3272,0.426672,0,0.227038,0.440739,-0.602347,0.03668,-0.0397664,-0.0741191,0.227038,0.440739,-0.542113,-0.0957291
1565,28.3453,0.433849,0,0.276057,0.528326,-0.547656,0.0192838,-0.0376807,-0.125305,0.276057,0.528326,-0.49289,-0.105829
1566,28.3634,0.458869,0,0.333263,0.623297,-0.468854,0.00524201,-0.0375341,-0.173242,0.333263,0.623297,-0.421968,-0.109376
1567,28.3815,0.503746,0,0.399234,0.720157,-0.358071,-0.00642805,-0.0395503,-0.218197,0.399234,0.720157,-0.322264,-0.100068
1568,28.3996,0.567326,0,0.470469,0.807735,-0.204178,-0.0165617,-0.0438642,-0.260354,0.470469,0.807735,-0.18376,-0.0672416
1569,28.4177,0.640987,0,0.539508,0.858489,-0.00569202,-0.0258648,-0.0505935,-0.299826,0.539508,0.858489,-0.00512282,-0.00214963
1570,28.4358,0.717552,0,0.599877,0.852652,0.21915,-0.0349388,-0.0598858,-0.336663,0.599877,0.852652,0.197235,0.092024
1571,28.454,0.784067,0,0.642256,0.776755,0.436985,-0.0443083,-0.07195,-0.370857,0.642256,0.776755,0.393287,0.19646
1572,28.4721,0.827086,0,0.658003,0.626556,0.615198,-0.0544481,-0.087076,-0.402325,0.658003,0.626556,0.553679,0.283362
1573,28.4902,0.841232,0,0.637402,0.424364,0.729961,-0.0658079,-0.105648,-0.430899,0.637402,0.424364,0.656965,0.325695
1574,28.5083,0.822304,0,0.580636,0.212483,0.759278,-0.0788353,-0.128153,-0.456294,0.580636,0.212483,0.68335,0.308605
1575,28.5264,0.778151,0,0.499727,0.0333522,0.717131,-0.0939942,-0.155176,-0.478071,0.499727,0.0333522,0.645418,0.250859
1576,28.5445,0.719742,0,0.403474,-0.0991386,0.636147,-0.11178,-0.187395,-0.495582,0.403474,-0.0991386,0.572532,0.179668
1577,28.5626,0.653239,0,0.30733,-0.180837,0.533505,-0.132725,-0.225544,-0.507895,0.30733,-0.180837,0.480155,0.114773
1578,28.5807,0.588217,0,0.221189,-0.223,0.430973,-0.157403,-0.270356,-0.513708,0.221189,-0.223,0.387876,0.0667287
1579,28.5988,0.528245,0,0.141674,-0.239488,0.338834,-0.186404,-0.322437,-0.511232,0.141674,-0.239488,0.30495,0.0336028
1580,28.617,0.474737,0,0.0726683,-0.244515,0.257807,-0.220296,-0.382067,-0.498088,0.0726683,-0.244515,0.232027,0.0131141
1581,28.6351,0.431008,0,0.0181033,-0.244343,0.19088,-0.259537,-0.448863,-0.47123,0.0181033,-0.244343,0.171792,0.00241889
1582,28.6532,0.395344,0,-0.0264898,-0.239329,0.131747,-0.304336,-0.521295,-0.42699,-0.0264898,-0.239329,0.118572,-0.00244296
1583,28.6713,0.368133,0,-0.0617537,-0.235368,0.075471,-0.354427,-0.596026,-0.361376,-0.0617537,-0.235368,0.0679239,-0.00326243
1584,28.6894,0.354598,0,-0.0907885,-0.235612,0.0289102,-0.408761,-0.6672,-0.27083,-0.0907885,-0.235612,0.0260192,-0.0018373
1585,28.7075,0.357154,0,-0.112685,-0.236649,-0.015817,-0.465144,-0.725991,-0.153641,-0.112685,-0.236649,-0.0142353,0.00124763
1586,28.7256,0.375257,0,-0.130824,-0.241896,-0.0521361,-0.519917,-0.760982,-0.0120118,-0.130824,-0.241896,-0.0469225,0.00477444
1587,28.7437,0.402971,0,-0.148085,-0.251766,-0.0832003,-0.567917,-0.760158,0.14579,-0.148085,-0.251766,-0.0748802,0.00862452
1588,28.7619,0.435566,0,-0.164575,-0.26343,-0.111651,-0.602976,-0.714782,0.304571,-0.164575,-0.26343,-0.100486,0.0128625
1589,28.78,0.462214,0,-0.180885,-0.281962,-0.131661,-0.619142,-0.624085,0.444367,-0.180885,-0.281962,-0.118495,0.0166709
1590,28.7981,0.478712,0,-0.197688,-0.304516,-0.145361,-0.612396,-0.497983,0.546074,-0.197688,-0.304516,-0.130825,0.0201153
1591,28.8162,0.484034,0,-0.215777,-0.33093,-0.1555,-0.582128,-0.355097,0.598204,-0.215777,-0.33093,-0.13995,0.0234873
1592,28.8343,0.478647,0,-0.236292,-0.3582,-0.160993,-0.531542,-0.216367,0.600597,-0.236292,-0.3582,-0.144893,0.0266289
1593,28.8524,0.464406,0,-0.258432,-0.387402,-0.158265,-0.466704,-0.0980312,0.56278,-0.258432,-0.387402,-0.142439,0.0286307
1594,28.8705,0.446219,0,-0.280736,-0.417083,-0.14707,-0.394763,-0.00799843,0.498671,-0.280736,-0.417083,-0.132363,0.0289015
1595,28.8886,0.429813,0,-0.303783,-0.448426,-0.128112,-0.322253,0.0535141,0.421372,-0.303783,-0.448426,-0.115301,0.0272428
1596,28.9068,0.417646,0,-0.328892,-0.478911,-0.0988057,-0.254072,0.0909994,0.340387,-0.328892,-0.478911,-0.0889251,0.0227475
1597,28.9249,0.413542,0,-0.355993,-0.50892,-0.0592067,-0.193222,0.110631,0.261281,-0.355993,-0.50892,-0.053286,0.014754
1598,28.943,0.417767,0,-0.383753,-0.534057,-0.0111353,-0.141044,0.118303,0.186621,-0.383753,-0.534057,-0.0100218,0.00299125
1599,28.9611,0.429143,0,-0.410828,-0.551451,0.0447835,-0.0976721,0.118763,0.117154,-0.410828,-0.551451,0.0403052,-0.0128788
1600,28.9792,0.444356,0,-0.433786,-0.556626,0.105491,-0.0624741,0.11546,0.0527252,-0.433786,-0.556626,0.0949422,-0.0320325
1601,28.9973,0.460862,0,-0.451751,-0.5468,0.168037,-0.0344183,0.110713,-0.00715388,-0.451751,-0.5468,0.151233,-0.0531376
1602,29.0154,0.477365,0,-0.463499,-0.522927,0.227745,-0.012324,0.105984,-0.0630225,-0.463499,-0.522927,0.20497,-0.0738917
1603,29.0335,0.491844,0,-0.467649,-0.486301,0.279743,0.00498055,0.102131,-0.115353,-0.467649,-0.486301,0.251768,-0.091575
1604,29.0516,0.50219,0,-0.464133,-0.439808,0.317763,0.0185707,0.0996198,-0.164524,-0.464133,-0.439808,0.285987,-0.103239
1605,29.0698,0.506482,0,-0.452192,-0.387557,0.33802,0.0293872,0.0986792,-0.210822,-0.452192,-0.387557,0.304218,-0.106995
1606,29.0879,0.506321,0,-0.432695,-0.336813,0.343048,0.0382281,0.0994102,-0.254468,-0.432695,-0.336813,0.308743,-0.103904
1607,29.106,0.501267,0,-0.407115,-0.288738,0.33377,0.0457596,0.101863,-0.295627,-0.407115,-0.288738,0.300393,-0.0951181
1608,29.1241,0.493775,0,-0.378244,-0.247926,0.314073,0.0525355,0.106086,-0.334422,-0.378244,-0.247926,0.282666,-0.0831575
1609,29.1422,0.483822,0,-0.348464,-0.215904,0.283719,0.0590207,0.112162,-0.370942,-0.348464,-0.215904,0.255347,-0.0692061
1610,29.1603,0.473932,0,-0.31962,-0.194061,0.247946,0.0656151,0.120224,-0.405241,-0.31962,-0.194061,0.223152,-0.055474
1611,29.1784,0.464426,0,-0.291424,-0.177846,0.210304,0.0726773,0.130478,-0.437338,-0.291424,-0.177846,0.189273,-0.0429013
1612,29.1965,0.455988,0,-0.265555,-0.164928,0.172357,0.0805454,0.143212,-0.467205,-0.265555,-0.164928,0.155121,-0.0320391
1613,29.2147,0.449336,0,-0.242566,-0.158625,0.133449,0.0895566,0.158804,-0.494756,-0.242566,-0.158625,0.120104,-0.0226591
1614,29.2328,0.4457,0,-0.223423,-0.157933,0.0955011,0.100066,0.177739,-0.519824,-0.223423,-0.157933,0.085951,-0.014936
1615,29.2509,0.444281,0,-0.208157,-0.160876,0.0567741,0.112461,0.20061,-0.542133,-0.208157,-0.160876,0.0510967,-0.00827253
1616,29.269,0.446522,0,-0.196662,-0.166949,0.0194247,0.127179,0.228129,-0.561252,-0.196662,-0.166949,0.0174822,-0.00267407
1617,29.2871,0.453812,0,-0.188627,-0.177428,-0.0158312,0.144716,0.261123,-0.576537,-0.188627,-0.177428,-0.0142481,0.00209034
1618,29.3052,0.466252,0,-0.184314,-0.190933,-0.0502149,0.165641,0.300513,-0.587043,-0.184314,-0.190933,-0.0451934,0.00647874
1619,29.3233,0.485666,0,-0.183518,-0.206553,-0.0805809,0.190586,0.347259,-0.591417,-0.183518,-0.206553,-0.0725228,0.0103517
1620,29.3414,0.512447,0,-0.186303,-0.224429,-0.108387,0.220245,0.402253,-0.587754,-0.186303,-0.224429,-0.0975481,0.0141349
1621,29.3596,0.547008,0,-0.191149,-0.24337,-0.1319,0.255319,0.466106,-0.573444,-0.191149,-0.24337,-0.11871,0.0176488
1622,29.3777,0.590162,0,-0.198288,-0.263931,-0.150372,0.296446,0.53879,-0.545027,-0.198288,-0.263931,-0.135335,0.0208719
1623,29.3958,0.641897,0,-0.208313,-0.286379,-0.164713,0.344035,0.61906,-0.498156,-0.208313,-0.286379,-0.148242,0.0240183
1624,29.4139,0.702248,0,-0.221428,-0.312152,-0.175032,0.398022,0.703639,-0.427834,-0.221428,-0.312152,-0.157528,0.0271298
1625,29.432,0.769559,0,-0.237382,-0.34143,-0.18008,0.457489,0.786214,-0.329189,-0.237382,-0.34143,-0.162072,0.0299234
1626,29.4501,0.840475,0,-0.256536,-0.374424,-0.178872,0.520189,0.856625,-0.199134,-0.256536,-0.374424,-0.160985,0.032121
1627,29.4682,0.908629,0,-0.278724,-0.410051,-0.169599,0.582076,0.900978,-0.0390366,-0.278724,-0.410051,-0.15264,0.0330901
1628,29.4863,0.965037,0,-0.302964,-0.446739,-0.151124,0.63712,0.903857,0.142172,-0.302964,-0.446739,-0.136011,0.0320494
1629,29.5044,1.00008,0,-0.329278,-0.482749,-0.122083,0.677825,0.853342,0.326317,-0.329278,-0.482749,-0.109875,0.0281395
1630,29.5226,1.00535,0,-0.357006,-0.516107,-0.081587,0.696745,0.74759,0.488382,-0.357006,-0.516107,-0.0734283,0.0203889
1631,29.5407,0.977223,0,-0.385379,-0.544454,-0.0312416,0.688764,0.598985,0.604099,-0.385379,-0.544454,-0.0281175,0.00842792
1632,29.5588,0.91744,0,-0.412748,-0.563236,0.0274182,0.653123,0.431539,0.659422,-0.412748,-0.563236,0.0246764,-0.00792175
1633,29.5769,0.834916,0,-0.437217,-0.570415,0.0911244,0.593951,0.271834,0.655541,-0.437217,-0.570415,0.082012,-0.0278888
1634,29.595,0.741287,0,-0.457539,-0.562703,0.156378,0.518898,0.139368,0.606027,-0.457539,-0.562703,0.14074,-0.0500844
1635,29.6131,0.647986,0,-0.471913,-0.53968,0.220165,0.436705,0.0422394,0.5291,-0.471913,-0.53968,0.198149,-0.0727293
1636,29.6312,0.563244,0,-0.477305,-0.502491,0.275747,0.355041,-0.0211227,0.440717,-0.477305,-0.502491,0.248173,-0.092131
1637,29.6493,0.491712,0,-0.474168,-0.453152,0.319468,0.279339,-0.0574969,0.351514,-0.474168,-0.453152,0.287521,-0.106037
1638,29.6675,0.435371,0,-0.463217,-0.399265,0.348518,0.212659,-0.0749295,0.267015,-0.463217,-0.399265,0.313667,-0.113008
1639,29.6856,0.391378,0,-0.444335,-0.344407,0.36059,0.156109,-0.08052,0.189237,-0.444335,-0.344407,0.324531,-0.112156
1640,29.7037,0.355827,0,-0.418569,-0.29194,0.354843,0.109469,-0.0796647,0.1183,-0.418569,-0.29194,0.319359,-0.103968
1641,29.7218,0.324993,0,-0.386986,-0.24463,0.332878,0.0717379,-0.0760994,0.0535354,-0.386986,-0.24463,0.29959,-0.0901733
1642,29.7399,0.298563,0,-0.353268,-0.206341,0.299966,0.0415488,-0.0722401,-0.0059019,-0.353268,-0.206341,0.26997,-0.074178
1643,29.758,0.27609,0,-0.320234,-0.178538,0.259822,0.0174379,-0.0695631,-0.0607685,-0.320234,-0.178538,0.23384,-0.0582427
1644,29.7761,0.257288,0,-0.289014,-0.159541,0.216987,-0.0019987,-0.0689257,-0.111649,-0.289014,-0.159541,0.195289,-0.0438986
1645,29.7942,0.241851,1,-0.260614,-0.147908,0.173734,-0.0180272,-0.0708082,-0.158956,-0.260614,-0.147908,0.15636,-0.0316942
1646,29.8124,0.229798,1,-0.236082,-0.143483,0.131777,-0.0317501,-0.0754863,-0.202956,-0.236082,-0.143483,0.118599,-0.0217771
1647,29.8305,0.220381,1,-0.216331,-0.144295,0.0913237,-0.0441104,-0.0831477,-0.243795,-0.216331,-0.144295,0.0821913,-0.0138293
1648,29.8486,0.212529,1,-0.200123,-0.147467,0.0529193,-0.0559121,-0.0939698,-0.281516,-0.200123,-0.147467,0.0476274,-0.00741325
1649,29.8667,0.204161,1,-0.187524,-0.15455,0.0134395,-0.0678489,-0.108168,-0.316062,-0.187524,-0.15455,0.0120955,-0.00176416
1650,29.8848,0.1955,1,-0.179053,-0.165693,-0.02574,-0.0805335,-0.126026,-0.34727,-0.179053,-0.165693,-0.023166,0.00322617
1651,29.9029,0.186685,1,-0.174818,-0.179508,-0.0632292,-0.0945266,-0.147907,-0.374852,-0.174818,-0.179508,-0.0569063,0.00773752
1652,29.921,0.178141,1,-0.174268,-0.195082,-0.0972174,-0.110361,-0.174253,-0.398357,-0.174268,-0.195082,-0.0874957,0.0118593
1653,29.9391,0.170311,1,-0.176705,-0.212804,-0.12619,-0.128558,-0.20557,-0.417132,-0.176705,-0.212804,-0.113571,0.0156088
1654,29.9572,0.162803,1,-0.181891,-0.231942,-0.150319,-0.14964,-0.242385,-0.430257,-0.181891,-0.231942,-0.135287,0.0191392
1655,29.9754,0.154395,1,-0.189234,-0.253383,-0.171384,-0.174128,-0.285173,-0.436478,-0.189234,-0.253383,-0.154246,0.0227023
1656,29.9935,0.145501,1,-0.199332,-0.276716,-0.188782,-0.202518,-0.334233,-0.434126,-0.199332,-0.276716,-0.169904,0.0263413
1657,30.0116,0.136523,1,-0.211867,-0.303152,-0.202164,-0.23524,-0.389485,-0.421061,-0.211867,-0.303152,-0.181948,0.0299823
1658,30.0297,0.128284,1,-0.227581,-0.334254,-0.210518,-0.272573,-0.450174,-0.394662,-0.227581,-0.334254,-0.189466,0.0335369
1659,30.0478,0.122145,1,-0.246224,-0.369991,-0.213299,-0.314516,-0.514458,-0.351948,-0.246224,-0.369991,-0.191969,0.0367636
1660,30.0659,0.1217,1,-0.268654,-0.408596,-0.20645,-0.360591,-0.578922,-0.289934,-0.268654,-0.408596,-0.185805,0.0388246
1661,30.084,0.128196,1,-0.294485,-0.448986,-0.189735,-0.409606,-0.638125,-0.206359,-0.294485,-0.448986,-0.170762,0.039112
1662,30.1021,0.141955,1,-0.322788,-0.4894,-0.162021,-0.459392,-0.684472,-0.100863,-0.322788,-0.4894,-0.145819,0.036609
1663,30.1203,0.160942,1,-0.353014,-0.527568,-0.122299,-0.506636,-0.708822,0.0234887,-0.353014,-0.527568,-0.110069,0.0302213
1664,30.1384,0.182076,1,-0.384168,-0.558152,-0.0695592,-0.546954,-0.70228,0.158876,-0.384168,-0.558152,-0.0626033,0.0187057
1665,30.1565,0.200986,1,-0.414707,-0.581508,-0.00632931,-0.575395,-0.659135,0.292568,-0.414707,-0.581508,-0.00569638,0.00183737
1666,30.1746,0.215492,1,-0.442972,-0.593857,0.0650617,-0.58742,-0.579988,0.408941,-0.442972,-0.593857,0.0585556,-0.0201743
1667,30.1927,0.22492,1,-0.467219,-0.591293,0.139983,-0.580151,-0.473211,0.493634,-0.467219,-0.591293,0.125984,-0.0457818
1668,30.2108,0.228697,1,-0.484935,-0.570735,0.214225,-0.553366,-0.353207,0.538116,-0.484935,-0.570735,0.192803,-0.0727197
1669,30.2289,0.22786,1,-0.494035,-0.532258,0.281876,-0.509713,-0.235918,0.542065,-0.494035,-0.532258,0.253688,-0.0974794
1670,30.247,0.224551,1,-0.493428,-0.478477,0.335985,-0.454005,-0.134022,0.512241,-0.493428,-0.478477,0.302386,-0.116049
1671,30.2652,0.221482,1,-0.482374,-0.417136,0.37335,-0.391944,-0.0542898,0.458954,-0.482374,-0.417136,0.336015,-0.126066
1672,30.2833,0.219247,1,-0.461334,-0.35366,0.391609,-0.328871,0.00223498,0.392408,-0.461334,-0.35366,0.352448,-0.126464
1673,30.3014,0.216694,1,-0.433391,-0.291883,0.389671,-0.268956,0.038339,0.320512,-0.433391,-0.291883,0.350704,-0.118216
1674,30.3195,0.211716,1,-0.398424,-0.235096,0.369206,-0.214922,0.0584892,0.24835,-0.398424,-0.235096,0.332285,-0.10297
1675,30.3376,0.205311,1,-0.360948,-0.188435,0.333253,-0.16816,0.0672772,0.178651,-0.360948,-0.188435,0.299927,-0.0842008
1676,30.3557,0.199033,1,-0.322792,-0.154462,0.290164,-0.129032,0.0686109,0.112575,-0.322792,-0.154462,0.261147,-0.0655637
1677,30.3738,0.193904,1,-0.286564,-0.132641,0.244559,-0.0972131,0.0654572,0.0503962,-0.286564,-0.132641,0.220103,-0.0490574
1678,30.3919,0.189421,1,-0.253916,-0.120704,0.196741,-0.0719854,0.0598846,-0.00802574,-0.253916,-0.120704,0.177067,-0.0349691
1679,30.41,0.184834,1,-0.225043,-0.114708,0.147981,-0.0524581,0.0532273,-0.0629762,-0.225043,-0.114708,0.133183,-0.0233115
1680,30.4282,0.181563,1,-0.201647,-0.112454,0.101641,-0.0377139,0.0462692,-0.114758,-0.201647,-0.112454,0.0914765,-0.0143469
1681,30.4463,0.179797,1,-0.182659,-0.114691,0.0576597,-0.0268984,0.039408,-0.163638,-0.182659,-0.114691,0.0518937,-0.00737242
1682,30.4644,0.180039,1,-0.168239,-0.12159,0.0164749,-0.0192657,0.0327819,-0.209841,-0.168239,-0.12159,0.0148274,-0.0019402
1683,30.4825,0.180369,1,-0.157599,-0.132691,-0.0260905,-0.0141968,0.0263633,-0.253547,-0.157599,-0.132691,-0.0234814,0.00287828
1684,30.5006,0.1811,1,-0.151085,-0.145912,-0.0684315,-0.0112004,0.0200216,-0.294904,-0.151085,-0.145912,-0.0615884,0.00723726
1685,30.5187,0.183869,1,-0.14834,-0.159518,-0.105338,-0.00990434,0.0135629,-0.334033,-0.14834,-0.159518,-0.0948041,0.0109381
1686,30.5368,0.188889,1,-0.148885,-0.174588,-0.136781,-0.010043,0.00675339,-0.371036,-0.148885,-0.174588,-0.123103,0.0142552
1687,30.5549,0.195813,1,-0.151899,-0.191569,-0.163386,-0.0114441,-0.000670633,-0.405994,-0.151899,-0.191569,-0.147048,0.0173727
1688,30.5731,0.202844,1,-0.157141,-0.20938,-0.188367,-0.0140173,-0.00900132,-0.438967,-0.157141,-0.20938,-0.16953,0.0207201
1689,30.5912,0.210804,1,-0.164594,-0.229521,-0.210676,-0.0177442,-0.0185637,-0.469996,-0.164594,-0.229521,-0.189608,0.0242733
1690,30.6093,0.22,1,-0.174914,-0.252541,-0.230061,-0.0226726,-0.0297249,-0.49909,-0.174914,-0.252541,-0.207055,0.0281686
1691,30.6274,0.231173,1,-0.187781,-0.280401,-0.245721,-0.0289132,-0.0429061,-0.526222,-0.187781,-0.280401,-0.221149,0.0322992
1692,30.6455,0.244704,1,-0.2039,-0.313305,-0.256715,-0.0366389,-0.0585975,-0.551313,-0.2039,-0.313305,-0.231044,0.036641
1693,30.6636,0.260355,0,-0.223272,-0.349919,-0.261675,-0.0460881,-0.0773738,-0.574212,-0.223272,-0.349919,-0.235508,0.0408973
1694,30.6817,0.278734,0,-0.246757,-0.39045,-0.258701,-0.0575691,-0.099911,-0.594666,-0.246757,-0.39045,-0.232831,0.0446855
1695,30.6998,0.299804,0,-0.273581,-0.434151,-0.245594,-0.0714677,-0.127,-0.612277,-0.273581,-0.434151,-0.221034,0.0470328
1696,30.718,0.323074,0,-0.304001,-0.480335,-0.221862,-0.0882543,-0.159554,-0.62644,-0.304001,-0.480335,-0.199676,0.0472124
1697,30.7361,0.349282,0,-0.337593,-0.527391,-0.183046,-0.108491,-0.198601,-0.636259,-0.337593,-0.527391,-0.164742,0.0432566
1698,30.7542,0.376748,0,-0.373357,-0.570912,-0.128662,-0.132832,-0.245244,-0.640428,-0.373357,-0.570912,-0.115795,0.0336257
1699,30.7723,0.403358,0,-0.409032,-0.604252,-0.0584121,-0.162013,-0.300572,-0.637078,-0.409032,-0.604252,-0.0525709,0.0167247
1700,30.7904,0.426101,0,-0.442765,-0.624749,0.0221406,-0.19682,-0.365465,-0.623591,-0.442765,-0.624749,0.0199265,-0.00686214
1701,30.8085,0.443903,0,-0.472895,-0.629219,0.110885,-0.238009,-0.440254,-0.596414,-0.472895,-0.629219,0.0997961,-0.0367058
1702,30.8266,0.454231,0,-0.497002,-0.613299,0.201776,-0.286164,-0.524133,-0.550935,-0.497002,-0.613299,0.181598,-0.0701979
1703,30.8447,0.454499,0,-0.511926,-0.573413,0.285829,-0.341446,-0.614283,-0.481617,-0.511926,-0.573413,0.257246,-0.102426
1704,30.8628,0.444945,0,-0.514942,-0.513637,0.355543,-0.403196,-0.70471,-0.382652,-0.514942,-0.513637,0.319988,-0.128159
1705,30.881,0.426371,0,-0.505371,-0.442882,0.40383,-0.469395,-0.785105,-0.249597,-0.505371,-0.442882,0.363447,-0.142859
1706,30.8991,0.404016,0,-0.483856,-0.366944,0.430254,-0.536083,-0.840527,-0.082267,-0.483856,-0.366944,0.387229,-0.145727
1707,30.9172,0.381747,0,-0.452511,-0.29156,0.428955,-0.596995,-0.853277,0.111482,-0.452511,-0.29156,0.386059,-0.135875
1708,30.9353,0.365984,0,-0.414256,-0.224611,0.405214,-0.64393,-0.808205,0.313013,-0.414256,-0.224611,0.364693,-0.117504
1709,30.9534,0.359118,0,-0.370582,-0.169722,0.366392,-0.668283,-0.700609,0.494568,-0.370582,-0.169722,0.329752,-0.0950447
1710,30.9715,0.355951,0,-0.32628,-0.128658,0.318902,-0.663662,-0.542257,0.627467,-0.32628,-0.128658,0.287012,-0.0728359
1711,30.9896,0.348574,0,-0.284626,-0.102842,0.269068,-0.628442,-0.359651,0.693747,-0.284626,-0.102842,0.242161,-0.0536086
1712,31.0077,0.335721,0,-0.247239,-0.0891389,0.216714,-0.566699,-0.183689,0.693297,-0.247239,-0.0891389,0.195042,-0.0375061
1713,31.0259,0.318846,0,-0.214379,-0.0835327,0.16306,-0.486799,-0.0376212,0.641252,-0.214379,-0.0835327,0.146754,-0.0244696
1714,31.044,0.298462,0,-0.186926,-0.0805713,0.111355,-0.398571,0.0687761,0.558726,-0.186926,-0.0805713,0.100219,-0.0145706
1715,31.0621,0.276898,0,-0.163905,-0.0813903,0.0634216,-0.310681,0.137305,0.464229,-0.163905,-0.0813903,0.0570795,-0.00727659
1716,31.0802,0.25764,0,-0.146419,-0.0869089,0.0188668,-0.229241,0.175908,0.369869,-0.146419,-0.0869089,0.0169801,-0.00193372
1717,31.0983,0.245024,1,-0.133702,-0.0978108,-0.0256526,-0.157632,0.193888,0.281674,-0.133702,-0.0978108,-0.0230873,0.00240087
1718,31.1164,0.238584,1,-0.125475,-0.110294,-0.0706179,-0.0970278,0.199306,0.201605,-0.125475,-0.110294,-0.0635561,0.00620253
1719,31.1345,0.234984,1,-0.120456,-0.121772,-0.111125,-0.047116,0.198176,0.129513,-0.120456,-0.121772,-0.100012,0.00936991
1720,31.1526,0.234958,1,-0.118628,-0.135054,-0.146353,-0.00673685,0.194583,0.0644451,-0.118628,-0.135054,-0.131718,0.0121532
1721,31.1708,0.238768,1,-0.119867,-0.150062,-0.177554,0.0256535,0.191123,0.00533012,-0.119867,-0.150062,-0.159799,0.014898
1722,31.1889,0.245881,1,-0.123519,-0.165453,-0.206161,0.0516865,0.189361,-0.0487359,-0.123519,-0.165453,-0.185545,0.0178255
1723,31.207,0.257091,0,-0.129278,-0.18282,-0.233568,0.0729142,0.190195,-0.0984163,-0.129278,-0.18282,-0.210211,0.0211366
1724,31.2251,0.272957,0,-0.137696,-0.203675,-0.258574,0.0907295,0.194125,-0.144146,-0.137696,-0.203675,-0.232717,0.0249232
1725,31.2432,0.293349,0,-0.148481,-0.227633,-0.281659,0.106342,0.201444,-0.186168,-0.148481,-0.227633,-0.253493,0.0292747
1726,31.2613,0.318455,0,-0.162174,-0.254951,-0.300724,0.120785,0.212354,-0.224565,-0.162174,-0.254951,-0.270651,0.0341387
1727,31.2794,0.349164,0,-0.178367,-0.287244,-0.314875,0.134938,0.227047,-0.259277,-0.178367,-0.287244,-0.283387,0.0393143
1728,31.2975,0.385683,0,-0.197978,-0.323825,-0.322677,0.149561,0.245744,-0.290106,-0.197978,-0.323825,-0.29041,0.044718
1729,31.3156,0.428663,0,-0.221125,-0.365213,-0.323607,0.165319,0.268719,-0.316694,-0.221125,-0.365213,-0.291246,0.0500903
1730,31.3338,0.478442,0,-0.248266,-0.411089,-0.315747,0.18281,0.296285,-0.338507,-0.248266,-0.411089,-0.284172,0.0548724
1731,31.3519,0.535762,0,-0.279858,-0.461694,-0.295267,0.202583,0.32877,-0.354786,-0.279858,-0.461694,-0.26574,0.0578428
1732,31.37,0.600377,0,-0.315304,-0.515872,-0.260714,0.225144,0.366455,-0.364504,-0.315304,-0.515872,-0.234642,0.0575429
1733,31.3881,0.670571,0,-0.353323,-0.570055,-0.210178,0.250945,0.409473,-0.366319,-0.353323,-0.570055,-0.18916,0.0519824
1734,31.4062,0.743835,0,-0.393535,-0.618939,-0.142476,0.280358,0.457657,-0.358537,-0.393535,-0.618939,-0.128228,0.0392485
1735,31.4243,0.816979,0,-0.435101,-0.65607,-0.0539213,0.313608,0.510316,-0.339125,-0.435101,-0.65607,-0.0485292,0.0164229
1736,31.4424,0.883496,0,-0.473284,-0.674098,0.0478456,0.350684,0.565943,-0.305809,-0.473284,-0.674098,0.043061,-0.0158512
1737,31.4605,0.939932,0,-0.506483,-0.671926,0.156752,0.391203,0.621878,-0.256341,-0.506483,-0.671926,0.141077,-0.0555744
1738,31.4787,0.977146,0,-0.531311,-0.640416,0.263188,0.434234,0.674,-0.189003,-0.531311,-0.640416,0.236869,-0.0978842
1739,31.4968,0.989264,0,-0.543109,-0.579634,0.357826,0.478119,0.716623,-0.103412,-0.543109,-0.579634,0.322044,-0.136037
1740,31.5149,0.974166,0,-0.538773,-0.497977,0.42922,0.520349,0.742868,-0.00155194,-0.538773,-0.497977,0.386298,-0.161876
1741,31.533,0.934943,0,-0.520437,-0.407435,0.472322,0.557591,0.745756,0.111267,-0.520437,-0.407435,0.425089,-0.172069
1742,31.5511,0.87291,0,-0.487832,-0.313259,0.481012,0.585986,0.720107,0.22609,-0.487832,-0.313259,0.432911,-0.164257
1743,31.5692,0.798082,0,-0.445414,-0.228454,0.459354,0.601779,0.66474,0.331305,-0.445414,-0.228454,0.413419,-0.143222
1744,31.5873,0.718503,0,-0.395718,-0.159622,0.421383,0.602185,0.583945,0.41512,-0.395718,-0.159622,0.379245,-0.116724
1745,31.6054,0.63963,0,-0.343627,-0.10705,0.36991,0.586201,0.487106,0.468785,-0.343627,-0.10705,0.332919,-0.0889778
1746,31.6236,0.565461,0,-0.293424,-0.0705474,0.313675,0.555002,0.386255,0.489006,-0.293424,-0.0705474,0.282308,-0.0644279
1747,31.6417,0.499334,0,-0.248619,-0.0529619,0.253628,0.511708,0.292641,0.478273,-0.248619,-0.0529619,0.228265,-0.0441397
1748,31.6598,0.438917,0,-0.209502,-0.0444017,0.19395,0.460615,0.214056,0.443125,-0.209502,-0.0444017,0.174555,-0.0284429
1749,31.6779,0.38398,0,-0.175933,-0.0424366,0.136897,0.406244,0.153907,0.391537,-0.175933,-0.0424366,0.123207,-0.0168593
1750,31.696,0.334636,0,-0.148202,-0.0430629,0.0834391,0.352551,0.111918,0.330768,-0.148202,-0.0430629,0.0750952,-0.00865607
1751,31.7141,0.291687,0,-0.125683,-0.0468427,0.0330732,0.30249,0.0855579,0.266273,-0.125683,-0.0468427,0.0297658,-0.00290972
1752,31.7322,0.256262,0,-0.109364,-0.054272,-0.0136276,0.257923,0.0714224,0.201574,-0.109364,-0.054272,-0.0122649,0.00104326
1753,31.7503,0.229074,1,-0.0971336,-0.0649674,-0.0608838,0.219751,0.0661712,0.138644,-0.0971336,-0.0649674,-0.0547954,0.00413971
1754,31.7684,0.208126,1,-0.088778,-0.0739697,-0.104292,0.188154,0.0670042,0.0784203,-0.088778,-0.0739697,-0.0938625,0.00648116
1755,31.7866,0.193281,1,-0.0834384,-0.0829634,-0.144496,0.162835,0.0718092,0.0212386,-0.0834384,-0.0829634,-0.130046,0.00843954
1756,31.8047,0.184513,1,-0.0810486,-0.0940054,-0.180718,0.143229,0.0791278,-0.0328662,-0.0810486,-0.0940054,-0.162646,0.0102528
1757,31.8228,0.180932,1,-0.0811228,-0.104899,-0.214255,0.128664,0.0880465,-0.0839825,-0.0811228,-0.104899,-0.19283,0.0121667
1758,31.8409,0.182317,1,-0.0833849,-0.116594,-0.245779,0.118464,0.0980724,-0.132229,-0.0833849,-0.116594,-0.221201,0.014346
1759,31.859,0.18869,1,-0.0872658,-0.131065,-0.274955,0.112018,0.109022,-0.177711,-0.0872658,-0.131065,-0.247459,0.0167959
1760,31.8771,0.198945,1,-0.0935269,-0.145608,-0.302665,0.108814,0.120936,-0.220502,-0.0935269,-0.145608,-0.272398,0.0198151
1761,31.8952,0.212944,1,-0.100789,-0.162,-0.328677,0.108455,0.134011,-0.260636,-0.100789,-0.162,-0.295809,0.0231889
1762,31.9133,0.231475,1,-0.110498,-0.181352,-0.352746,0.110663,0.148562,-0.298098,-0.110498,-0.181352,-0.317472,0.0272843
1763,31.9315,0.255673,0,-0.122877,-0.206086,-0.37387,0.115279,0.164996,-0.332819,-0.122877,-0.206086,-0.336483,0.0321579
1764,31.9496,0.284938,0,-0.13733,-0.235115,-0.391162,0.12225,0.183795,-0.364658,-0.13733,-0.235115,-0.352046,0.0376027
1765,31.9677,0.319277,0,-0.154171,-0.26781,-0.403185,0.13163,0.205513,-0.393382,-0.154171,-0.26781,-0.362867,0.0435117
1766,31.9858,0.360088,0,-0.174505,-0.305647,-0.409719,0.143568,0.230768,-0.418632,-0.174505,-0.305647,-0.368747,0.0500486
1767,32.0039,0.408746,0,-0.199049,-0.350127,-0.408636,0.158303,0.260235,-0.439885,-0.199049,-0.350127,-0.367772,0.056937
1768,32.022,0.466315,0,-0.228465,-0.401952,-0.398064,0.17616,0.29463,-0.456396,-0.228465,-0.401952,-0.358258,0.0636605
1769,32.0401,0.532489,0,-0.262509,-0.459403,-0.375146,0.197532,0.33466,-0.467123,-0.262509,-0.459403,-0.337632,0.0689356
1770,32.0582,0.606552,0,-0.300955,-0.519926,-0.3374,0.222864,0.380949,-0.470646,-0.300955,-0.519926,-0.30366,0.0710795
1771,32.0764,0.688246,0,-0.34352,-0.582282,-0.283272,0.252615,0.433897,-0.465073,-0.34352,-0.582282,-0.254945,0.0681168
1772,32.0945,0.775443,0,-0.388859,-0.642318,-0.209345,0.287195,0.49344,-0.447969,-0.388859,-0.642318,-0.188411,0.0569841
1773,32.1126,0.86383,0,-0.436365,-0.691567,-0.11153,0.326857,0.558708,-0.416345,-0.436365,-0.691567,-0.100377,0.0340675
1774,32.1307,0.94734,0,-0.482919,-0.722754,0.00599911,0.37154,0.627531,-0.366818,-0.482919,-0.722754,0.0053992,-0.00202796
1775,32.1488,1.01718,0,-0.524151,-0.726459,0.137963,0.420631,0.695867,-0.296048,-0.524151,-0.726459,0.124167,-0.0506194
1776,32.1669,1.06354,0,-0.555871,-0.695848,0.271485,0.472678,0.757287,-0.201657,-0.555871,-0.695848,0.244337,-0.105637
1777,32.185,1.07503,0,-0.572875,-0.62384,0.391631,0.525095,0.802912,-0.0836823,-0.572875,-0.62384,0.352468,-0.157049
1778,32.2031,1.04879,0,-0.568873,-0.523302,0.481452,0.573983,0.822313,0.0535995,-0.568873,-0.523302,0.433306,-0.19172
1779,32.2212,0.989346,0,-0.547121,-0.40903,0.534131,0.614291,0.805904,0.200255,-0.547121,-0.40903,0.480718,-0.204564
1780,32.2394,0.902345,0,-0.50853,-0.291884,0.540424,0.64051,0.748594,0.340953,-0.50853,-0.291884,0.486381,-0.192375
1781,32.2575,0.802587,0,-0.456403,-0.189412,0.511342,0.647914,0.653248,0.457989,-0.456403,-0.189412,0.460208,-0.163364
1782,32.2756,0.702905,0,-0.397422,-0.111313,0.465117,0.633995,0.531569,0.536594,-0.397422,-0.111313,0.418605,-0.129393
1783,32.2937,0.608039,0,-0.335899,-0.053777,0.404089,0.599433,0.400971,0.569906,-0.335899,-0.053777,0.36368,-0.0950132
1784,32.3118,0.522289,0,-0.277575,-0.0160225,0.337336,0.54802,0.278786,0.560577,-0.277575,-0.0160225,0.303602,-0.0655452
1785,32.3299,0.446574,0,-0.225402,0.00189365,0.269095,0.485574,0.17716,0.518251,-0.225402,0.00189365,0.242186,-0.0424582
1786,32.348,0.379402,0,-0.18011,0.00879822,0.199851,0.418396,0.101125,0.455007,-0.18011,0.00879822,0.179866,-0.0251966
1787,32.3661,0.318895,0,-0.142624,0.00939695,0.138994,0.35197,0.0497885,0.381536,-0.142624,0.00939695,0.125095,-0.0138768
1788,32.3843,0.265503,0,-0.112242,0.00655325,0.0833243,0.290269,0.0188851,0.30538,-0.112242,0.00655325,0.0749919,-0.00654672
1789,32.4024,0.219529,1,-0.0875412,0.00490188,0.0306094,0.235647,0.0030987,0.230922,-0.0875412,0.00490188,0.0275484,-0.00187571
1790,32.4205,0.181006,1,-0.0677334,0.00225789,-0.019541,0.189086,-0.00250063,0.160212,-0.0677334,0.00225789,-0.0175869,0.000926507
1791,32.4386,0.149324,1,-0.0521004,-0.00433319,-0.0667499,0.150586,-0.00184904,0.0938879,-0.0521004,-0.00433319,-0.0600749,0.00243439
1792,32.4567,0.123558,1,-0.0406824,-0.00844059,-0.109596,0.119538,0.0022034,0.0318815,-0.0406824,-0.00844059,-0.098636,0.00312103
1793,32.4748,0.1032,1,-0.0325599,-0.0125248,-0.149702,0.0950148,0.00774528,-0.0261528,-0.0325599,-0.0125248,-0.134732,0.00341201
1794,32.4929,0.0877939,1,-0.026124,-0.0158433,-0.189389,0.0759832,0.0135857,-0.0806167,-0.026124,-0.0158433,-0.17045,0.00346331
1795,32.511,0.0770478,1,-0.0220114,-0.0198286,-0.228494,0.0614318,0.019046,-0.131876,-0.0220114,-0.0198286,-0.205645,0.00352062
1796,32.5292,0.0688316,1,-0.0187499,-0.0249593,-0.264192,0.0504438,0.0237896,-0.180233,-0.0187499,-0.0249593,-0.237773,0.00346751
1797,32.5473,0.0620774,1,-0.0172377,-0.0271572,-0.296756,0.0422297,0.0276945,-0.225934,-0.0172377,-0.0271572,-0.26708,0.00358078
1798,32.5654,0.0557177,1,-0.0150891,-0.0245715,-0.329406,0.0361333,0.0307638,-0.269176,-0.0150891,-0.0245715,-0.296465,0.0034793
1799,32.5835,0.0507735,1,-0.0129543,-0.0237033,-0.360361,0.031625,0.0330646,-0.310123,-0.0129543,-0.0237033,-0.324325,0.00326777
1800,32.6016,0.0468833,1,-0.0116831,-0.0232097,-0.389465,0.0282862,0.0346898,-0.348915,-0.0116831,-0.0232097,-0.350518,0.0031851
1801,32.6197,0.0438075,1,-0.0101039,-0.0230996,-0.417417,0.0257914,0.0357343,-0.385678,-0.0101039,-0.0230996,-0.375675,0.00295227
1802,32.6378,0.0411118,1,-0.00929963,-0.0225529,-0.443046,0.0238905,0.0362825,-0.420521,-0.00929963,-0.0225529,-0.398741,0.00288411
1803,32.6559,0.0388636,1,-0.00843382,-0.0218134,-0.467402,0.0223924,0.0364013,-0.453549,-0.00843382,-0.0218134,-0.420662,0.00275939
1804,32.674,0.036368,1,-0.00761591,-0.0196698,-0.489946,0.0211509,0.0361376,-0.484856,-0.00761591,-0.0196698,-0.440951,0.00261197
1805,32.6922,0.0343887,1,-0.00670148,-0.0175988,-0.511287,0.0200531,0.035518,-0.514533,-0.00670148,-0.0175988,-0.460158,0.00239846
1806,32.7103,0.0324411,1,-0.0054301,-0.0146751,-0.530959,0.0190093,0.0345488,-0.542663,-0.0054301,-0.0146751,-0.477863,0.00201821
1807,32.7284,0.0309792,1,-0.00350786,-0.0116797,-0.549244,0.0179453,0.0332163,-0.569325,-0.00350786,-0.0116797,-0.49432,0.00134867
1808,32.7465,0.0298297,1,-0.00120678,-0.00753115,-0.565907,0.0167961,0.0314869,-0.594594,-0.00120678,-0.00753115,-0.509316,0.000478048
1809,32.7646,0.0296971,1,0.00166643,-0.00243619,-0.5805,0.0155005,0.0293061,-0.618537,0.00166643,-0.00243619,-0.52245,-0.000677154
1810,32.7827,0.0312268,1,0.00484205,0.00372393,-0.593068,0.0139963,0.026597,-0.641218,0.00484205,0.00372393,-0.533762,-0.00201017
1811,32.8008,0.0343619,1,0.00875882,0.0107888,-0.604602,0.0122163,0.023257,-0.662695,0.00875882,0.0107888,-0.544141,-0.00370692
1812,32.8189,0.0388135,1,0.0130685,0.0195309,-0.615859,0.0100843,0.019154,-0.683018,0.0130685,0.0195309,-0.554273,-0.00563385
1813,32.8371,0.0446769,1,0.0185936,0.0305926,-0.627439,0.00751076,0.0141204,-0.702231,0.0185936,0.0305926,-0.564695,-0.00816645
1814,32.8552,0.053031,1,0.0252594,0.0444117,-0.638687,0.00438794,0.00794579,-0.720366,0.0252594,0.0444117,-0.574818,-0.011293
1815,32.8733,0.064599,1,0.0335601,0.0608404,-0.649266,0.000584916,0.000367593,-0.73744,0.0335601,0.0608404,-0.584339,-0.0152526
1816,32.8914,0.0805434,1,0.0439214,0.0815878,-0.658774,-0.004059,-0.00894114,-0.753453,0.0439214,0.0815878,-0.592896,-0.020254
1817,32.9095,0.10197,1,0.0569969,0.107549,-0.666532,-0.00974177,-0.0203863,-0.768375,0.0569969,0.107549,-0.599878,-0.0265932
1818,32.9276,0.129769,1,0.072946,0.139797,-0.672079,-0.0167078,-0.0344707,-0.782136,0.072946,0.139797,-0.604871,-0.0343178
1819,32.9457,0.16503,1,0.0926827,0.179208,-0.674515,-0.0252591,-0.0518153,-0.794607,0.0926827,0.179208,-0.607063,-0.0437611
1820,32.9638,0.209341,1,0.116752,0.22771,-0.672635,-0.0357684,-0.0731834,-0.805568,0.116752,0.22771,-0.605371,-0.0549722
1821,32.982,0.263559,0,0.145805,0.285381,-0.664928,-0.0486947,-0.099507,-0.814664,0.145805,0.285381,-0.598435,-0.0678646
1822,33.0001,0.329562,0,0.180424,0.353267,-0.646991,-0.0646004,-0.131911,-0.82134,0.180424,0.353267,-0.582292,-0.081713
1823,33.0182,0.408289,0,0.22096,0.430619,-0.614569,-0.0841695,-0.171732,-0.824737,0.22096,0.430619,-0.553112,-0.0950567
1824,33.0363,0.502588,0,0.269341,0.518698,-0.561231,-0.108223,-0.220504,-0.823547,0.269341,0.518698,-0.505108,-0.105814
1825,33.0544,0.612329,0,0.326341,0.613996,-0.483505,-0.137728,-0.279906,-0.815803,0.326341,0.613996,-0.435154,-0.110451
1826,33.0725,0.736753,0,0.391162,0.711563,-0.375568,-0.173779,-0.351594,-0.798595,0.391162,0.711563,-0.338011,-0.102836
1827,33.0906,0.873728,0,0.462493,0.801609,-0.225518,-0.217547,-0.436845,-0.767715,0.462493,0.801609,-0.202966,-0.0730103
1828,33.1087,1.01016,0,0.532951,0.857942,-0.029094,-0.270134,-0.535866,-0.717297,0.532951,0.857942,-0.0261846,-0.010854
1829,33.1268,1.12945,0,0.59532,0.85894,0.19693,-0.332292,-0.646599,-0.639648,0.59532,0.85894,0.177237,0.0820653
1830,33.145,1.21024,0,0.640261,0.789264,0.420116,-0.403911,-0.762881,-0.525695,0.640261,0.789264,0.378105,0.188289
1831,33.1631,1.23133,0,0.658704,0.64385,0.605884,-0.483218,-0.872171,-0.366837,0.658704,0.64385,0.545295,0.279369
1832,33.1812,1.18274,0,0.641664,0.442214,0.729456,-0.565747,-0.953892,-0.159164,0.641664,0.442214,0.65651,0.327646
1833,33.1993,1.06946,0,0.587124,0.226554,0.767336,-0.643433,-0.980927,0.0898638,0.587124,0.226554,0.690602,0.315365
1834,33.2174,0.921321,0,0.50694,0.0412402,0.729165,-0.704706,-0.927487,0.355031,0.50694,0.0412402,0.656249,0.25875
1835,33.2355,0.772279,0,0.410052,-0.096957,0.649491,-0.736653,-0.783432,0.594139,0.410052,-0.096957,0.584542,0.186428
1836,33.2536,0.65318,0,0.312674,-0.18269,0.546283,-0.7294,-0.566714,0.762018,0.312674,-0.18269,0.491655,0.119566
1837,33.2717,0.571951,0,0.225158,-0.226764,0.442587,-0.680683,-0.320636,0.832487,0.225158,-0.226764,0.398329,0.0697565
1838,33.2899,0.511781,0,0.144374,-0.2439,0.349281,-0.59734,-0.0936122,0.810834,0.144374,-0.2439,0.314353,0.035299
1839,33.308,0.462457,0,0.0737699,-0.250206,0.267537,-0.492414,0.0826376,0.726068,0.0737699,-0.250206,0.240784,0.0138153
1840,33.3261,0.420746,0,0.0178838,-0.249528,0.199348,-0.380087,0.200169,0.612231,0.0178838,-0.249528,0.179414,0.00249557
1841,33.3442,0.386319,0,-0.0278373,-0.244809,0.140296,-0.271696,0.267697,0.494694,-0.0278373,-0.244809,0.126267,-0.00273383
1842,33.3623,0.36347,0,-0.0638006,-0.240525,0.0835412,-0.17424,0.299962,0.386868,-0.0638006,-0.240525,0.075187,-0.00373098
1843,33.3804,0.350963,0,-0.0934377,-0.240602,0.0372659,-0.0907955,0.310759,0.293233,-0.0934377,-0.240602,0.0335393,-0.00243743
1844,33.3985,0.347313,0,-0.115968,-0.240999,-0.00775017,-0.0216929,0.310397,0.213507,-0.115968,-0.240999,-0.00697515,0.000629137
1845,33.4166,0.350704,0,-0.134255,-0.24611,-0.0443471,0.034329,0.305676,0.14563,-0.134255,-0.24611,-0.0399124,0.00416768
1846,33.4348,0.360358,0,-0.151464,-0.256229,-0.0743,0.0792721,0.300735,0.0873317,-0.151464,-0.256229,-0.06687,0.00787766
1847,33.4529,0.374063,0,-0.168166,-0.267685,-0.102797,0.115347,0.297927,0.0367483,-0.168166,-0.267685,-0.0925171,0.0121009
1848,33.471,0.392657,0,-0.18451,-0.285342,-0.122799,0.144676,0.298495,-0.00743196,-0.18451,-0.285342,-0.110519,0.0158603
1849,33.4891,0.415608,0,-0.201211,-0.3076,-0.136336,0.169158,0.303022,-0.046021,-0.201211,-0.3076,-0.122702,0.0192025
1850,33.5072,0.443053,0,-0.219258,-0.333754,-0.145977,0.190411,0.311714,-0.0794307,-0.219258,-0.333754,-0.131379,0.0224046
1851,33.5253,0.473701,0,-0.239608,-0.360532,-0.150908,0.209779,0.324572,-0.107765,-0.239608,-0.360532,-0.135817,0.0253112
1852,33.5434,0.507661,0,-0.261383,-0.388627,-0.147532,0.228348,0.341473,-0.130886,-0.261383,-0.388627,-0.132778,0.0269936
1853,33.5615,0.544317,0,-0.283241,-0.417257,-0.136483,0.246978,0.36221,-0.148463,-0.283241,-0.417257,-0.122834,0.0270603
1854,33.5796,0.58421,0,-0.305722,-0.44708,-0.117123,0.266326,0.386484,-0.16,-0.305722,-0.44708,-0.105411,0.025065
1855,33.5978,0.626869,0,-0.330105,-0.47628,-0.0881274,0.286866,0.413861,-0.164867,-0.330105,-0.47628,-0.0793147,0.0203639
1856,33.6159,0.671909,0,-0.356252,-0.504517,-0.0490827,0.308889,0.443715,-0.162341,-0.356252,-0.504517,-0.0441744,0.0122401
1857,33.634,0.716656,0,-0.383104,-0.528046,-0.00228342,0.332495,0.475146,-0.151663,-0.383104,-0.528046,-0.00205508,0.000612352
1858,33.6521,0.758651,0,-0.409134,-0.544298,0.0517408,0.357571,0.506893,-0.132147,-0.409134,-0.544298,0.0465667,-0.0148182
1859,33.6702,0.793113,0,-0.430824,-0.548036,0.110305,0.383757,0.537275,-0.10333,-0.430824,-0.548036,0.0992749,-0.0332656
1860,33.6883,0.8177,0,-0.447702,-0.537726,0.170082,0.410413,0.564177,-0.0651799,-0.447702,-0.537726,0.153074,-0.0533023
1861,33.7064,0.830538,0,-0.458664,-0.513971,0.226325,0.436596,0.585132,-0.0183458,-0.458664,-0.513971,0.203692,-0.0726649
1862,33.7245,0.830317,0,-0.462252,-0.478662,0.275492,0.461069,0.597541,0.0356052,-0.462252,-0.478662,0.247943,-0.0891428
1863,33.7427,0.816511,0,-0.458546,-0.434319,0.310584,0.482366,0.599058,0.0940371,-0.458546,-0.434319,0.279525,-0.0996917
1864,33.7608,0.789721,0,-0.446727,-0.384447,0.329115,0.498923,0.588081,0.153293,-0.446727,-0.384447,0.296204,-0.102917
1865,33.7789,0.753677,0,-0.427712,-0.336147,0.333163,0.50928,0.564255,0.209022,-0.427712,-0.336147,0.299847,-0.0997485
1866,33.797,0.710554,0,-0.403305,-0.290809,0.324199,0.51232,0.528794,0.256787,-0.403305,-0.290809,0.291779,-0.0915259
1867,33.8151,0.664143,0,-0.375866,-0.25228,0.305364,0.507498,0.484447,0.292817,-0.375866,-0.25228,0.274828,-0.0803433
1868,33.8332,0.61717,0,-0.347342,-0.221995,0.276561,0.494978,0.435074,0.31468,-0.347342,-0.221995,0.248905,-0.0672427
1869,33.8513,0.572384,0,-0.319937,-0.201285,0.242284,0.475641,0.384914,0.321629,-0.319937,-0.201285,0.218056,-0.0542609
1870,33.8694,0.528951,0,-0.293092,-0.185665,0.206206,0.450952,0.337814,0.314533,-0.293092,-0.185665,0.185585,-0.0423061
1871,33.8876,0.487805,0,-0.268282,-0.172903,0.169412,0.422723,0.29666,0.295444,-0.268282,-0.172903,0.152471,-0.0318152
1872,33.9057,0.451262,0,-0.246,-0.166471,0.132029,0.392848,0.263135,0.267023,-0.246,-0.166471,0.118826,-0.0227355
1873,33.9238,0.42048,0,-0.227605,-0.165617,0.0950625,0.363079,0.237808,0.232,-0.227605,-0.165617,0.0855562,-0.0151457
1874,33.9419,0.395592,0,-0.212932,-0.168482,0.0580235,0.334864,0.220399,0.192823,-0.212932,-0.168482,0.0522212,-0.00864853
1875,33.96,0.376942,0,-0.201921,-0.174688,0.0217183,0.309291,0.210122,0.151483,-0.201921,-0.174688,0.0195464,-0.00306977
1876,33.9781,0.36499,0,-0.19437,-0.185116,-0.0125749,0.28708,0.205982,0.109496,-0.19437,-0.185116,-0.0113174,0.00171092
1877,33.9962,0.359684,0,-0.19041,-0.198436,-0.0461407,0.268641,0.206986,0.0679777,-0.19041,-0.198436,-0.0415266,0.00614997
1878,34.0143,0.360284,0,-0.189898,-0.213882,-0.0753936,0.254139,0.212274,0.0277353,-0.189898,-0.213882,-0.0678543,0.010022
1879,34.0324,0.366962,0,-0.192798,-0.231773,-0.102287,0.243572,0.221177,-0.0106284,-0.192798,-0.231773,-0.0920585,0.0138046
1880,34.0506,0.378383,0,-0.197895,-0.250919,-0.124949,0.236835,0.233227,-0.0466336,-0.197895,-0.250919,-0.112454,0.0173088
1881,34.0687,0.394496,0,-0.20523,-0.271683,-0.142633,0.233774,0.248139,-0.0798575,-0.20523,-0.271683,-0.12837,0.0204908
1882,34.0868,0.415528,0,-0.215423,-0.294323,-0.155669,0.234227,0.265776,-0.109885,-0.215423,-0.294323,-0.140102,0.0234743
1883,34.1049,0.442048,0,-0.22868,-0.320186,-0.164418,0.238048,0.286109,-0.136273,-0.22868,-0.320186,-0.147976,0.0263193
1884,34.123,0.473847,0,-0.244893,-0.349158,-0.16783,0.245116,0.309171,-0.158514,-0.244893,-0.349158,-0.151047,0.0287703
1885,34.1411,0.510998,0,-0.263998,-0.381602,-0.16508,0.255343,0.335004,-0.176018,-0.263998,-0.381602,-0.148572,0.0305065
1886,34.1592,0.55287,0,-0.286043,-0.416226,-0.153894,0.268659,0.363602,-0.188094,-0.286043,-0.416226,-0.138505,0.0308143
1887,34.1773,0.598178,0,-0.309832,-0.451285,-0.133104,0.284995,0.394842,-0.19394,-0.309832,-0.451285,-0.119794,0.0288679
1888,34.1955,0.645985,0,-0.335536,-0.485063,-0.102411,0.304256,0.428399,-0.192651,-0.335536,-0.485063,-0.0921699,0.0240538
1889,34.2136,0.695034,0,-0.362501,-0.516159,-0.0617032,0.32628,0.463648,-0.183266,-0.362501,-0.516159,-0.0555329,0.0156572
1890,34.2317,0.742412,0,-0.389497,-0.54071,-0.0120325,0.350782,0.499562,-0.164839,-0.389497,-0.54071,-0.0108293,0.00328064
1891,34.2498,0.785446,0,-0.415048,-0.556231,0.0451295,0.3773,0.534613,-0.136588,-0.415048,-0.556231,0.0406165,-0.0131116
1892,34.2679,0.82057,0,-0.437493,-0.55948,0.106061,0.405123,0.566717,-0.0981089,-0.437493,-0.55948,0.0954551,-0.0324808
1893,34.286,0.844904,0,-0.455673,-0.548713,0.167808,0.433246,0.593269,-0.0496528,-0.455673,-0.548713,0.151028,-0.053526
1894,34.3041,0.855838,0,-0.467539,-0.523745,0.226737,0.460333,0.611329,0.00755821,-0.467539,-0.523745,0.204063,-0.0742058
1895,34.3222,0.851399,0,-0.470697,-0.486287,0.276742,0.484758,0.617999,0.0710776,-0.470697,-0.486287,0.249068,-0.0911832
1896,34.3404,0.832005,0,-0.466343,-0.438734,0.315561,0.50471,0.610993,0.137164,-0.466343,-0.438734,0.284005,-0.103012
1897,34.3585,0.800067,0,-0.454506,-0.387662,0.340121,0.518401,0.589285,0.201029,-0.454506,-0.387662,0.306109,-0.108211
1898,34.3766,0.757504,0,-0.43535,-0.336381,0.348631,0.524344,0.553627,0.257469,-0.43535,-0.336381,0.313768,-0.106244
1899,34.3947,0.706915,0,-0.409698,-0.287247,0.339923,0.521636,0.506697,0.30176,-0.409698,-0.287247,0.305931,-0.0974862
1900,34.4128,0.652038,0,-0.378955,-0.243497,0.317035,0.510181,0.452719,0.330568,-0.378955,-0.243497,0.285331,-0.0840993
1901,34.4309,0.597782,0,-0.347122,-0.208828,0.284161,0.490746,0.396646,0.342524,-0.347122,-0.208828,0.255745,-0.069047
1902,34.449,0.546273,0,-0.315717,-0.183421,0.24524,0.46485,0.343173,0.338276,-0.315717,-0.183421,0.220716,-0.0541985
1903,34.4671,0.498922,0,-0.286351,-0.166288,0.20384,0.434494,0.295938,0.320028,-0.286351,-0.166288,0.183456,-0.0408588
1904,34.4852,0.456289,0,-0.259629,-0.155902,0.162603,0.401847,0.257142,0.290839,-0.259629,-0.155902,0.146343,-0.0295515
1905,34.5034,0.420192,0,-0.237079,-0.153312,0.122274,0.368947,0.227586,0.253922,-0.237079,-0.153312,0.110046,-0.020292
1906,34.5215,0.390218,0,-0.218961,-0.154571,0.0839859,0.337503,0.206994,0.21216,-0.218961,-0.154571,0.0755873,-0.0128727
1907,34.5396,0.366109,0,-0.204051,-0.158078,0.0461029,0.308796,0.194435,0.167877,-0.204051,-0.158078,0.0414926,-0.00658513
1908,34.5577,0.349262,0,-0.192817,-0.16584,0.00788082,0.283674,0.188702,0.122809,-0.192817,-0.16584,0.00709274,-0.00106369
1909,34.5758,0.339686,0,-0.185427,-0.177349,-0.0291351,0.262609,0.188584,0.078184,-0.185427,-0.177349,-0.0262216,0.0037817
1910,34.5939,0.336728,0,-0.182075,-0.190615,-0.0646843,0.245784,0.193034,0.0348532,-0.182075,-0.190615,-0.0582159,0.00824417
1911,34.612,0.340306,0,-0.182438,-0.206858,-0.0968402,0.233177,0.201237,-0.00658424,-0.182438,-0.206858,-0.0871561,0.0123671
1912,34.6301,0.349331,0,-0.185774,-0.224962,-0.124221,0.224647,0.212625,-0.0456796,-0.185774,-0.224962,-0.111799,0.0161539
1913,34.6483,0.363286,0,-0.191395,-0.244833,-0.146842,0.219998,0.226854,-0.0820572,-0.191395,-0.244833,-0.132157,0.0196734
1914,34.6664,0.382165,0,-0.199363,-0.26666,-0.166022,0.219023,0.24377,-0.115358,-0.199363,-0.26666,-0.14942,0.023169
1915,34.6845,0.406152,0,-0.210163,-0.290867,-0.181865,0.221541,0.263357,-0.145196,-0.210163,-0.290867,-0.163678,0.026755
1916,34.7026,0.435484,0,-0.223531,-0.318576,-0.192246,0.227409,0.285698,-0.171126,-0.223531,-0.318576,-0.173021,0.030081
1917,34.7207,0.470428,0,-0.239721,-0.350188,-0.197707,0.236531,0.310921,-0.192615,-0.239721,-0.350188,-0.177936,0.0331762
1918,34.7388,0.510993,0,-0.259009,-0.385617,-0.197122,0.248851,0.339144,-0.209016,-0.259009,-0.385617,-0.17741,0.0357394
1919,34.7569,0.556919,0,-0.282123,-0.4238,-0.186671,0.264339,0.370413,-0.219548,-0.282123,-0.4238,-0.168004,0.0368649
1920,34.775,0.606745,0,-0.308068,-0.46247,-0.166334,0.282967,0.404624,-0.223288,-0.308068,-0.46247,-0.1497,0.0358694
1921,34.7932,0.659124,0,-0.335778,-0.499901,-0.135031,0.304669,0.441417,-0.219184,-0.335778,-0.499901,-0.121528,0.0317382
1922,34.8113,0.711883,0,-0.365071,-0.532406,-0.0917134,0.329295,0.480068,-0.206098,-0.365071,-0.532406,-0.082542,0.0234373
1923,34.8294,0.763298,0,-0.394564,-0.558848,-0.037304,0.356545,0.519347,-0.182913,-0.394564,-0.558848,-0.0335736,0.0103032
1924,34.8475,0.810658,0,-0.422922,-0.576913,0.0263107,0.385895,0.557408,-0.148713,-0.422922,-0.576913,0.0236796,-0.00778915
1925,34.8656,0.85002,0,-0.448367,-0.583103,0.0953806,0.416515,0.591718,-0.103061,-0.448367,-0.583103,0.0858425,-0.0299358
1926,34.8837,0.877066,0,-0.469105,-0.573673,0.166603,0.447208,0.619118,-0.0463638,-0.469105,-0.573673,0.149943,-0.0547081
1927,34.9018,0.888236,0,-0.482651,-0.54755,0.234545,0.476382,0.636091,0.019735,-0.482651,-0.54755,0.211091,-0.0792425
1928,34.9199,0.881638,0,-0.487882,-0.50558,0.294742,0.502098,0.639284,0.0920535,-0.487882,-0.50558,0.265268,-0.10066
1929,34.938,0.856993,0,-0.483607,-0.451266,0.340484,0.52224,0.626272,0.165851,-0.483607,-0.451266,0.306435,-0.115262
1930,34.9562,0.817089,0,-0.469238,-0.392031,0.369105,0.534783,0.596366,0.235258,-0.469238,-0.392031,0.332194,-0.121239
1931,34.9743,0.765425,0,-0.446556,-0.332308,0.380242,0.538159,0.551184,0.294187,-0.446556,-0.332308,0.342218,-0.11886
1932,34.9924,0.705671,0,-0.417335,-0.274949,0.371991,0.531594,0.494635,0.337533,-0.417335,-0.274949,0.334792,-0.108671
1933,35.0105,0.642165,0,-0.38262,-0.22397,0.347334,0.515331,0.432223,0.362217,-0.38262,-0.22397,0.3126,-0.0930277
1934,35.0286,0.58024,0,-0.346675,-0.182978,0.309901,0.490622,0.369859,0.367692,-0.346675,-0.182978,0.278911,-0.0752044
1935,35.0467,0.522795,0,-0.310856,-0.154924,0.267054,0.459504,0.312656,0.355701,-0.310856,-0.154924,0.240349,-0.0581108
1936,35.0648,0.470758,0,-0.27726,-0.136993,0.22192,0.424431,0.264124,0.329506,-0.27726,-0.136993,0.199728,-0.0430707
1937,35.0829,0.424803,0,-0.246703,-0.127431,0.175445,0.387875,0.225951,0.29294,-0.246703,-0.127431,0.157901,-0.030298
1938,35.1011,0.385499,0,-0.220903,-0.122895,0.129485,0.352017,0.198278,0.249645,-0.220903,-0.122895,0.116537,-0.0200226
1939,35.1192,0.353244,0,-0.200166,-0.122263,0.0852391,0.318559,0.180206,0.202627,-0.200166,-0.122263,0.0767152,-0.0119434
1940,35.1373,0.328116,0,-0.183567,-0.125909,0.0436313,0.288681,0.170319,0.154135,-0.183567,-0.125909,0.0392682,-0.00560648
1941,35.1554,0.310875,0,-0.170902,-0.134438,0.00242291,0.263072,0.167096,0.105733,-0.170902,-0.134438,0.00218062,-0.000289857
1942,35.1735,0.301212,0,-0.162099,-0.146066,-0.0389898,0.242036,0.169158,0.0584546,-0.162099,-0.146066,-0.0350908,0.00442413
1943,35.1916,0.298536,0,-0.157252,-0.159881,-0.0786214,0.225592,0.175399,0.0129718,-0.157252,-0.159881,-0.0707593,0.00865436
1944,35.2097,0.301258,0,-0.15616,-0.173823,-0.112653,0.213586,0.18502,-0.0302641,-0.15616,-0.173823,-0.101388,0.0123143
1945,35.2278,0.309772,0,-0.158084,-0.190436,-0.1415,0.205776,0.197509,-0.0709198,-0.158084,-0.190436,-0.12735,0.0156582
1946,35.246,0.322823,0,-0.16213,-0.207904,-0.166217,0.201891,0.212602,-0.108707,-0.16213,-0.207904,-0.149595,0.0188641
1947,35.2641,0.340544,0,-0.168253,-0.226905,-0.188987,0.201683,0.23023,-0.143331,-0.168253,-0.226905,-0.170088,0.0222583
1948,35.2822,0.363354,0,-0.177135,-0.248433,-0.208812,0.204951,0.250474,-0.174453,-0.177135,-0.248433,-0.187931,0.0258916
1949,35.3003,0.391602,0,-0.188714,-0.27356,-0.225161,0.211555,0.273513,-0.201659,-0.188714,-0.27356,-0.202644,0.0297437
1950,35.3184,0.42587,0,-0.203007,-0.303571,-0.237633,0.221418,0.299575,-0.22443,-0.203007,-0.303571,-0.21387,0.0337688
1951,35.3365,0.466328,0,-0.220503,-0.338444,-0.244438,0.234519,0.32889,-0.24211,-0.220503,-0.338444,-0.219994,0.0377295
1952,35.3546,0.512761,0,-0.242072,-0.377078,-0.244119,0.250877,0.361623,-0.253884,-0.242072,-0.377078,-0.219707,0.041366
1953,35.3727,0.564718,0,-0.267204,-0.418891,-0.234299,0.270526,0.39779,-0.258755,-0.267204,-0.418891,-0.210869,0.0438238
1954,35.3908,0.621419,0,-0.295698,-0.462643,-0.214152,0.293476,0.43716,-0.255544,-0.295698,-0.462643,-0.192737,0.0443271
1955,35.409,0.681883,0,-0.327117,-0.507174,-0.181133,0.319657,0.479111,-0.242921,-0.327117,-0.507174,-0.16302,0.0414763
1956,35.4271,0.744132,0,-0.36105,-0.54985,-0.133666,0.348851,0.522471,-0.219498,-0.36105,-0.54985,-0.120299,0.0337819
1957,35.4452,0.803042,0,-0.395263,-0.583507,-0.0709324,0.380602,0.565351,-0.184012,-0.395263,-0.583507,-0.0638391,0.0196259
1958,35.4633,0.855825,0,-0.428095,-0.606993,0.00221973,0.414118,0.605023,-0.135631,-0.428095,-0.606993,0.00199776,-0.000665179
1959,35.4814,0.897829,0,-0.458046,-0.615867,0.0840266,0.448174,0.637911,-0.0743903,-0.458046,-0.615867,0.0756239,-0.0269416
1960,35.4995,0.924385,0,-0.482935,-0.607003,0.169442,0.481057,0.659839,-0.00170614,-0.482935,-0.607003,0.152498,-0.0572808
1961,35.5176,0.930451,0,-0.500093,-0.576774,0.251678,0.510593,0.666597,0.0791622,-0.500093,-0.576774,0.22651,-0.0881036
1962,35.5357,0.913772,0,-0.506797,-0.526474,0.322549,0.534306,0.654869,0.162953,-0.506797,-0.526474,0.290294,-0.114427
1963,35.5539,0.875808,0,-0.501672,-0.462108,0.375141,0.549738,0.623315,0.242804,-0.501672,-0.462108,0.337627,-0.131738
1964,35.572,0.821331,0,-0.485212,-0.392311,0.40776,0.55489,0.573423,0.311325,-0.485212,-0.392311,0.366984,-0.138495
1965,35.5901,0.754371,0,-0.458467,-0.320901,0.417691,0.548678,0.509641,0.362142,-0.458467,-0.320901,0.375921,-0.134048
1966,35.6082,0.68151,0,-0.424441,-0.254186,0.403133,0.531238,0.438566,0.391333,-0.424441,-0.254186,0.36282,-0.119774
1967,35.6263,0.607683,0,-0.3843,-0.196561,0.370789,0.503965,0.367417,0.398162,-0.3843,-0.196561,0.33371,-0.0997459
1968,35.6444,0.538126,0,-0.342282,-0.152452,0.327686,0.469236,0.302427,0.384804,-0.342282,-0.152452,0.294917,-0.0785128
1969,35.6625,0.475048,0,-0.301308,-0.122036,0.281008,0.429944,0.247776,0.355319,-0.301308,-0.122036,0.252907,-0.0592689
1970,35.6806,0.419978,0,-0.263911,-0.104627,0.232038,0.388998,0.205326,0.314404,-0.263911,-0.104627,0.208834,-0.0428661
1971,35.6988,0.372695,0,-0.230619,-0.0958821,0.180128,0.348928,0.175017,0.266401,-0.230619,-0.0958821,0.162115,-0.0290786
1972,35.7169,0.333236,0,-0.202525,-0.0922482,0.129116,0.311669,0.155555,0.214774,-0.202525,-0.0922482,0.116205,-0.0183044
1973,35.735,0.300729,0,-0.178693,-0.0909217,0.0808961,0.278507,0.145093,0.162003,-0.178693,-0.0909217,0.0728065,-0.0101189
1974,35.7531,0.276486,0,-0.159878,-0.0946329,0.0366178,0.250153,0.141725,0.109714,-0.159878,-0.0946329,0.032956,-0.00409807
1975,35.7712,0.261222,0,-0.146123,-0.103831,-0.00653642,0.226858,0.143783,0.0589055,-0.146123,-0.103831,-0.00588278,0.000668584
1976,35.7893,0.254142,0,-0.136584,-0.116269,-0.0511624,0.208562,0.149959,0.0101686,-0.136584,-0.116269,-0.0460461,0.00489157
1977,35.8074,0.253366,0,-0.130916,-0.128887,-0.0934657,0.195012,0.15933,-0.0361444,-0.130916,-0.128887,-0.0841191,0.00856529
1978,35.8255,0.257772,0,-0.128529,-0.141774,-0.129447,0.185869,0.171321,-0.0798012,-0.128529,-0.141774,-0.116502,0.0116464
1979,35.8436,0.267732,0,-0.129192,-0.156931,-0.160634,0.180777,0.185644,-0.120612,-0.129192,-0.156931,-0.14457,0.0145268
1980,35.8618,0.282257,0,-0.132513,-0.172949,-0.188973,0.179418,0.202244,-0.158381,-0.132513,-0.172949,-0.170075,0.0175289
1981,35.8799,0.301134,0,-0.137971,-0.190411,-0.215469,0.181535,0.221233,-0.192867,-0.137971,-0.190411,-0.193922,0.02081
1982,35.898,0.324979,0,-0.145998,-0.2107,-0.24012,0.186952,0.242853,-0.223759,-0.145998,-0.2107,-0.216108,0.02454
1983,35.9161,0.353947,0,-0.156347,-0.234421,-0.262219,0.195578,0.267426,-0.250642,-0.156347,-0.234421,-0.235997,0.028698
1984,35.9342,0.388786,0,-0.169728,-0.262527,-0.280514,0.207398,0.295311,-0.272972,-0.169728,-0.262527,-0.252463,0.0333278
1985,35.9523,0.429256,0,-0.185925,-0.294415,-0.294,0.222469,0.326859,-0.290034,-0.185925,-0.294415,-0.2646,0.0382633
1986,35.9704,0.475812,0,-0.20528,-0.33056,-0.301519,0.240893,0.362347,-0.300913,-0.20528,-0.33056,-0.271367,0.0433271
1987,35.9885,0.529033,0,-0.22838,-0.371656,-0.301398,0.262789,0.401889,-0.304461,-0.22838,-0.371656,-0.271258,0.0481831
1988,36.0067,0.5883,0,-0.255239,-0.416583,-0.292398,0.288253,0.44531,-0.29928,-0.255239,-0.416583,-0.263158,0.052242
1989,36.0248,0.653609,0,-0.286404,-0.465635,-0.271908,0.31729,0.49198,-0.283753,-0.286404,-0.465635,-0.244718,0.054513
1990,36.0429,0.723549,0,-0.321143,-0.517751,-0.236693,0.349733,0.540606,-0.256139,-0.321143,-0.517751,-0.213024,0.0532085
1991,36.061,0.794874,0,-0.358498,-0.569314,-0.186191,0.385128,0.588995,-0.21479,-0.358498,-0.569314,-0.167572,0.0467243
1992,36.0791,0.862484,0,-0.397626,-0.613973,-0.116957,0.422607,0.633875,-0.158541,-0.397626,-0.613973,-0.105261,0.0325536
1993,36.0972,0.92051,0,-0.436705,-0.645724,-0.0308427,0.460762,0.670856,-0.087274,-0.436705,-0.645724,-0.0277584,0.00942842
1994,36.1153,0.962702,0,-0.472364,-0.659841,0.0666122,0.497557,0.694723,-0.00263163,-0.472364,-0.659841,0.059951,-0.0220256
1995,36.1334,0.984277,0,-0.502743,-0.653692,0.169236,0.530361,0.700203,0.0913488,-0.502743,-0.653692,0.152313,-0.0595577
1996,36.1516,0.978743,0,-0.524741,-0.620224,0.268491,0.556154,0.683236,0.188013,-0.524741,-0.620224,0.241642,-0.0986218
1997,36.1697,0.944033,0,-0.533796,-0.559655,0.354942,0.571959,0.642464,0.278684,-0.533796,-0.559655,0.319447,-0.132626
1998,36.1878,0.88509,0,-0.528202,-0.481676,0.419537,0.575441,0.580331,0.354226,-0.528202,-0.481676,0.377584,-0.15512
1999,36.2059,0.809776,0,-0.509259,-0.396688,0.457301,0.565497,0.503089,0.407195,-0.509259,-0.396688,0.411571,-0.163019
2000,36.224,0.723868,0,-0.47737,-0.309035,0.46368,0.542617,0.419443,0.433687,-0.47737,-0.309035,0.417312,-0.154943
