step,lt,err,locked,pred_x,pred_y,pred_z,true_x,true_y,true_z,drive_x,drive_y,drive_z,drive_xz
1,0.018112,0.00397486,1,-0.0723635,-0.110534,-0.344753,-0.0734012,-0.109327,-0.351451,-0.0723635,-0.110534,-0.310277,0.0174633
2,0.036224,0.00687937,1,-0.0769747,-0.123288,-0.371501,-0.0779987,-0.122289,-0.38333,-0.0769747,-0.123288,-0.334351,0.0200173
3,0.054336,0.00920471,1,-0.0833723,-0.138541,-0.397036,-0.0842958,-0.137288,-0.412903,-0.0833723,-0.138541,-0.357333,0.0231713
4,0.072448,0.0113988,1,-0.0918674,-0.156693,-0.420396,-0.0924008,-0.154837,-0.440045,-0.0918674,-0.156693,-0.378356,0.0270345
5,0.09056,0.01418,1,-0.102498,-0.178329,-0.440141,-0.102502,-0.175523,-0.464541,-0.102498,-0.178329,-0.396127,0.0315794
6,0.108672,0.0172156,1,-0.115357,-0.204479,-0.456578,-0.114867,-0.200015,-0.486056,-0.115357,-0.204479,-0.41092,0.0368686
7,0.126784,0.0198217,1,-0.131115,-0.23518,-0.470325,-0.129846,-0.229064,-0.504084,-0.131115,-0.23518,-0.423293,0.0431667
8,0.144896,0.0226129,1,-0.149964,-0.271982,-0.479704,-0.147866,-0.2635,-0.517884,-0.149964,-0.271982,-0.431734,0.0503569
9,0.163008,0.0260356,1,-0.17307,-0.315577,-0.482909,-0.169435,-0.304194,-0.526392,-0.17307,-0.315577,-0.434618,0.058504
10,0.18112,0.0304174,1,-0.200682,-0.367026,-0.477928,-0.195124,-0.351988,-0.528114,-0.200682,-0.367026,-0.430135,0.0671381
11,0.199232,0.0362717,1,-0.23318,-0.426085,-0.461452,-0.22554,-0.407551,-0.520993,-0.23318,-0.426085,-0.415307,0.0753212
12,0.217344,0.0432344,1,-0.271003,-0.492606,-0.431209,-0.261266,-0.471131,-0.502284,-0.271003,-0.492606,-0.388088,0.0818011
13,0.235456,0.050388,1,-0.314605,-0.564484,-0.384948,-0.302755,-0.542138,-0.468477,-0.314605,-0.564484,-0.346453,0.0847747
14,0.253568,0.0571918,1,-0.363508,-0.638177,-0.319215,-0.350146,-0.618542,-0.415384,-0.363508,-0.638177,-0.287293,0.081226
15,0.27168,0.0646303,1,-0.416591,-0.707512,-0.228052,-0.402987,-0.696073,-0.338575,-0.416591,-0.707512,-0.205247,0.0665031
16,0.289792,0.0723856,1,-0.471886,-0.76257,-0.109717,-0.45986,-0.767418,-0.234421,-0.471886,-0.76257,-0.0987456,0.0362418
17,0.307904,0.0801533,1,-0.523863,-0.791523,0.0333787,-0.517958,-0.821853,-0.101968,-0.523863,-0.791523,0.0300408,-0.0122401
18,0.326016,0.0869804,1,-0.568815,-0.785063,0.192154,-0.572774,-0.846154,0.0544992,-0.568815,-0.785063,0.172939,-0.07651
19,0.344128,0.0926472,1,-0.600522,-0.730883,0.349982,-0.618211,-0.827647,0.223197,-0.600522,-0.730883,0.314984,-0.14712
20,0.36224,0.0957032,1,-0.612833,-0.630583,0.483336,-0.647425,-0.75934,0.384837,-0.612833,-0.630583,0.435002,-0.207343
21,0.380352,0.0976934,1,-0.599608,-0.495099,0.572802,-0.654501,-0.645026,0.516763,-0.599608,-0.495099,0.515522,-0.24042
22,0.398464,0.0969209,1,-0.563857,-0.349452,0.610086,-0.636437,-0.500526,0.600614,-0.563857,-0.349452,0.549078,-0.240801
23,0.416576,0.0930852,1,-0.509042,-0.215388,0.599361,-0.594425,-0.348831,0.629317,-0.509042,-0.215388,0.539425,-0.21357
24,0.434688,0.087054,1,-0.441076,-0.106629,0.552392,-0.533608,-0.211557,0.608633,-0.441076,-0.106629,0.497153,-0.170553
25,0.4528,0.0792694,1,-0.369928,-0.0273564,0.482797,-0.461419,-0.102201,0.552645,-0.369928,-0.0273564,0.434517,-0.12502
26,0.470912,0.0691413,1,-0.299509,0.0225358,0.408223,-0.385466,-0.024565,0.47703,-0.299509,0.0225358,0.367401,-0.0855865
27,0.489024,0.059503,1,-0.234645,0.0516555,0.331744,-0.311955,0.0246132,0.394303,-0.234645,0.0516555,0.298569,-0.0544894
28,0.507136,0.0511654,1,-0.178417,0.0658758,0.255541,-0.245015,0.051854,0.312302,-0.178417,0.0658758,0.229987,-0.031915
29,0.525248,0.0444354,1,-0.129715,0.0703166,0.183614,-0.186779,0.0640507,0.234877,-0.129715,0.0703166,0.165253,-0.0166722
30,0.54336,0.0375832,1,-0.0906544,0.0682557,0.118469,-0.137829,0.0670146,0.163308,-0.0906544,0.0682557,0.106622,-0.00751783
31,0.561472,0.0308348,1,-0.0592374,0.0631918,0.0605633,-0.0977296,0.0650672,0.0975386,-0.0592374,0.0631918,0.054507,-0.00251133
32,0.579584,0.0247861,1,-0.0333305,0.0601281,0.00854647,-0.0654713,0.0611635,0.0369884,-0.0333305,0.0601281,0.00769182,-0.000199401
33,0.597696,0.019429,1,-0.0130451,0.0587816,-0.039378,-0.0397962,0.0571966,-0.0190231,-0.0130451,0.0587816,-0.0354402,0.000359583
34,0.615808,0.0145325,1,0.00252297,0.0579116,-0.0829152,-0.0194062,0.0543099,-0.071095,0.00252297,0.0579116,-0.0746236,-0.000146435
35,0.63392,0.0111776,1,0.0153623,0.0578898,-0.123198,-0.00308039,0.0531565,-0.119694,0.0153623,0.0578898,-0.110879,-0.00132483
36,0.652032,0.0107693,1,0.0270166,0.0618538,-0.162474,0.0102689,0.0540929,-0.165161,0.0270166,0.0618538,-0.146227,-0.00307266
37,0.670144,0.0124999,1,0.0382631,0.0693032,-0.200888,0.0215802,0.0573181,-0.207728,0.0382631,0.0693032,-0.180799,-0.00538063
38,0.688256,0.0146562,1,0.0486798,0.0788636,-0.237457,0.031651,0.0629678,-0.247544,0.0486798,0.0788636,-0.213711,-0.00809156
39,0.706368,0.0171489,1,0.0582775,0.0906402,-0.270182,0.0411579,0.071178,-0.284687,0.0582775,0.0906402,-0.243164,-0.0110219
40,0.72448,0.0202288,1,0.0684301,0.10476,-0.299156,0.0506832,0.0821266,-0.319166,0.0684301,0.10476,-0.269241,-0.0143299
41,0.742592,0.0238514,1,0.0797552,0.122236,-0.325229,0.0607418,0.0960602,-0.350919,0.0797552,0.122236,-0.292706,-0.0181571
42,0.760704,0.0288128,1,0.09251,0.14443,-0.34673,0.0718078,0.11331,-0.379798,0.09251,0.14443,-0.312057,-0.0224532
43,0.778816,0.0342725,1,0.107039,0.170223,-0.364097,0.0843379,0.134301,-0.405547,0.107039,0.170223,-0.327687,-0.0272807
44,0.796928,0.0398411,1,0.124256,0.200208,-0.37816,0.0987922,0.159552,-0.427765,0.124256,0.200208,-0.340344,-0.032892
45,0.81504,0.0455875,1,0.144442,0.235561,-0.388423,0.115649,0.189665,-0.445862,0.144442,0.235561,-0.349581,-0.0392732
46,0.833152,0.0528432,1,0.168226,0.278057,-0.391776,0.135416,0.225299,-0.458987,0.168226,0.278057,-0.352598,-0.0461348
47,0.851264,0.0611261,1,0.196442,0.327069,-0.387317,0.158628,0.267107,-0.465955,0.196442,0.327069,-0.348585,-0.0532596
48,0.869376,0.070346,1,0.229021,0.382961,-0.373231,0.185834,0.315638,-0.465145,0.229021,0.382961,-0.335908,-0.0598343
49,0.887488,0.0804281,1,0.265617,0.442551,-0.344873,0.217559,0.371144,-0.454406,0.265617,0.442551,-0.310386,-0.0641228
50,0.9056,0.0917478,1,0.30595,0.504715,-0.29879,0.254228,0.433297,-0.430991,0.30595,0.504715,-0.268911,-0.0639903
51,0.923712,0.104333,1,0.350753,0.566949,-0.232594,0.296044,0.500754,-0.391596,0.350753,0.566949,-0.209335,-0.0571081
52,0.941824,0.117788,1,0.398242,0.620881,-0.142826,0.34279,0.570584,-0.332608,0.398242,0.620881,-0.128543,-0.0398155
53,0.959936,0.131677,1,0.445968,0.660682,-0.0299879,0.393557,0.637638,-0.250757,0.445968,0.660682,-0.0269892,-0.00936157
54,0.978048,0.143297,1,0.490633,0.673552,0.0990416,0.446424,0.694118,-0.14432,0.490633,0.673552,0.0891374,0.0340152
55,0.99616,0.152514,1,0.525809,0.652844,0.236264,0.498167,0.729839,-0.0149129,0.525809,0.652844,0.212637,0.0869607
56,1.01427,0.156932,1,0.546834,0.592742,0.36289,0.544189,0.733832,0.130577,0.546834,0.592742,0.326601,0.138908
57,1.03238,0.157681,1,0.549706,0.498719,0.463908,0.578915,0.697623,0.279045,0.549706,0.498719,0.417517,0.178509
58,1.0505,0.15623,1,0.533893,0.382537,0.527472,0.596804,0.61938,0.412706,0.533893,0.382537,0.474725,0.197129
59,1.06861,0.152137,1,0.4984,0.263931,0.551003,0.593857,0.506698,0.513731,0.4984,0.263931,0.495903,0.192234
60,1.08672,0.146761,1,0.448812,0.154244,0.535478,0.569008,0.375508,0.570282,0.448812,0.154244,0.48193,0.16823
61,1.10483,0.139023,1,0.39026,0.0645075,0.49448,0.52466,0.244881,0.580411,0.39026,0.0645075,0.445032,0.135083
62,1.12294,0.129716,1,0.327646,-0.00112647,0.433205,0.466018,0.130641,0.551396,0.327646,-0.00112647,0.389885,0.0993566
63,1.14106,0.118854,1,0.266207,-0.0438277,0.363841,0.399573,0.0414769,0.495428,0.266207,-0.0438277,0.327457,0.0677999
64,1.15917,0.106108,1,0.210817,-0.0700964,0.295121,0.331517,-0.0211356,0.424778,0.210817,-0.0700964,0.265609,0.0435515
65,1.17728,0.0928096,1,0.16223,-0.0832048,0.228788,0.266691,-0.0605552,0.348854,0.16223,-0.0832048,0.205909,0.0259813
66,1.19539,0.0801266,1,0.121164,-0.0862641,0.165492,0.208221,-0.0821901,0.273498,0.121164,-0.0862641,0.148943,0.0140361
67,1.2135,0.0683731,1,0.0872477,-0.0844026,0.106688,0.157658,-0.0915226,0.201643,0.0872477,-0.0844026,0.0960194,0.00651581
68,1.23162,0.0580434,1,0.059788,-0.0797687,0.0516364,0.115352,-0.0931351,0.134347,0.059788,-0.0797687,0.0464728,0.00216107
69,1.24973,0.0478684,1,0.0382274,-0.0747931,0.00231774,0.0808692,-0.0904449,0.071678,0.0382274,-0.0747931,0.00208597,6.20209e-05
70,1.26784,0.0394108,1,0.0216282,-0.0703238,-0.0451512,0.0533363,-0.0858004,0.0132842,0.0216282,-0.0703238,-0.0406361,-0.000683577
71,1.28595,0.0319487,1,0.00820101,-0.0660887,-0.0892151,0.0316958,-0.080707,-0.0412936,0.00820101,-0.0660887,-0.0802936,-0.000512157
72,1.30406,0.0254646,1,-0.00143981,-0.0633978,-0.13146,0.0148694,-0.0760621,-0.0924857,-0.00143981,-0.0633978,-0.118314,0.000132493
73,1.32218,0.0207539,1,-0.0089677,-0.0608125,-0.172927,0.00185233,-0.0723543,-0.140649,-0.0089677,-0.0608125,-0.155634,0.00108553
74,1.34029,0.0171227,1,-0.0145526,-0.0578383,-0.212453,-0.00824036,-0.069815,-0.186066,-0.0145526,-0.0578383,-0.191208,0.00216421
75,1.3584,0.0142425,1,-0.018833,-0.0568084,-0.2505,-0.0161601,-0.068528,-0.228958,-0.018833,-0.0568084,-0.22545,0.00330237
76,1.37651,0.0114581,1,-0.0224448,-0.0582348,-0.286483,-0.0225294,-0.0685046,-0.269501,-0.0224448,-0.0582348,-0.257835,0.00450104
77,1.39462,0.0081961,1,-0.025801,-0.0611624,-0.318965,-0.0278575,-0.0697339,-0.307837,-0.025801,-0.0611624,-0.287068,0.00576073
78,1.41274,0.00597494,1,-0.0292479,-0.0649874,-0.350708,-0.0325597,-0.0722149,-0.344083,-0.0292479,-0.0649874,-0.315638,0.00718023
79,1.43085,0.00468829,1,-0.032999,-0.0694606,-0.3811,-0.0369786,-0.0759773,-0.378336,-0.032999,-0.0694606,-0.34299,0.00880315
80,1.44896,0.00464576,1,-0.03688,-0.0746762,-0.408917,-0.0414039,-0.0810946,-0.410674,-0.03688,-0.0746762,-0.368026,0.0105566
81,1.46707,0.00627828,1,-0.0409411,-0.0803478,-0.435011,-0.0460912,-0.0876941,-0.441156,-0.0409411,-0.0803478,-0.39151,0.0124669
82,1.48518,0.00856097,1,-0.045214,-0.0872653,-0.459454,-0.0512783,-0.0959651,-0.469818,-0.045214,-0.0872653,-0.413508,0.0145416
83,1.5033,0.0114411,1,-0.0500674,-0.0957983,-0.481358,-0.0572007,-0.106167,-0.496665,-0.0500674,-0.0957983,-0.433222,0.0168703
84,1.52141,0.0137813,1,-0.05582,-0.106541,-0.502833,-0.0641057,-0.118638,-0.521668,-0.05582,-0.106541,-0.45255,0.0196477
85,1.53952,0.015791,1,-0.0626535,-0.119657,-0.523403,-0.0722653,-0.13381,-0.544742,-0.0626535,-0.119657,-0.471062,0.0229551
86,1.55763,0.0173825,1,-0.070759,-0.13581,-0.543118,-0.0819897,-0.152213,-0.56573,-0.070759,-0.13581,-0.488807,0.0269014
87,1.57574,0.0184131,1,-0.0806251,-0.155826,-0.562028,-0.09364,-0.174497,-0.584369,-0.0806251,-0.155826,-0.505825,0.0317195
88,1.59386,0.0191562,1,-0.0929421,-0.180962,-0.578671,-0.107641,-0.201439,-0.600246,-0.0929421,-0.180962,-0.520804,0.037648
89,1.61197,0.0197302,1,-0.108185,-0.211783,-0.592474,-0.124495,-0.233946,-0.612738,-0.108185,-0.211783,-0.533227,0.0448679
90,1.63008,0.0209281,1,-0.12653,-0.248346,-0.601665,-0.144787,-0.273045,-0.620916,-0.12653,-0.248346,-0.541499,0.0532902
91,1.64819,0.0224861,1,-0.148944,-0.291703,-0.605675,-0.169193,-0.319842,-0.623426,-0.148944,-0.291703,-0.545108,0.0631484
92,1.6663,0.0241163,1,-0.176418,-0.344352,-0.601188,-0.198464,-0.375417,-0.618326,-0.176418,-0.344352,-0.54107,0.0742422
93,1.68442,0.0254546,1,-0.20936,-0.407551,-0.586383,-0.233395,-0.440618,-0.602899,-0.20936,-0.407551,-0.527745,0.0859358
94,1.70253,0.0261971,1,-0.248757,-0.481926,-0.557833,-0.274741,-0.515686,-0.573453,-0.248757,-0.481926,-0.50205,0.0971355
95,1.72064,0.0267147,1,-0.295312,-0.565833,-0.510098,-0.32306,-0.599633,-0.525221,-0.295312,-0.565833,-0.459088,0.105447
96,1.73875,0.0280582,1,-0.348467,-0.653774,-0.438333,-0.378443,-0.689295,-0.452528,-0.348467,-0.653774,-0.3945,0.106921
97,1.75686,0.0300752,1,-0.408557,-0.738635,-0.336932,-0.440092,-0.778124,-0.34957,-0.408557,-0.738635,-0.303239,0.0963591
98,1.77498,0.0304664,1,-0.472364,-0.81483,-0.205114,-0.505758,-0.855065,-0.212231,-0.472364,-0.81483,-0.184603,0.0678221
99,1.79309,0.0304556,1,-0.535839,-0.865344,-0.0385348,-0.571149,-0.904441,-0.0412442,-0.535839,-0.865344,-0.0346814,0.0144539
100,1.8112,0.028798,1,-0.593875,-0.87362,0.151967,-0.629636,-0.908337,0.153922,-0.593875,-0.87362,0.13677,-0.0631745
101,1.82931,0.0269875,1,-0.637785,-0.822205,0.346645,-0.672783,-0.852594,0.352699,-0.637785,-0.822205,0.311981,-0.15476
102,1.84742,0.0261835,1,-0.657421,-0.706505,0.519875,-0.69212,-0.735023,0.526158,-0.657421,-0.706505,0.467888,-0.239244
103,1.86554,0.0263532,1,-0.647533,-0.542097,0.636994,-0.681905,-0.570607,0.646446,-0.647533,-0.542097,0.573295,-0.288733
104,1.88365,0.0239346,1,-0.609067,-0.364232,0.688526,-0.641554,-0.387947,0.698565,-0.609067,-0.364232,0.619673,-0.293551
105,1.90176,0.0218618,1,-0.546035,-0.197224,0.67547,-0.576157,-0.21761,0.686,-0.546035,-0.197224,0.607923,-0.258181
106,1.91987,0.0216204,1,-0.465106,-0.0617282,0.612836,-0.494638,-0.0804871,0.626189,-0.465106,-0.0617282,0.551552,-0.199524
107,1.93798,0.0194181,1,-0.379299,0.029661,0.526401,-0.406793,0.0164203,0.540542,-0.379299,0.029661,0.473761,-0.139765
108,1.9561,0.0154757,1,-0.296708,0.0853207,0.438446,-0.320828,0.076838,0.446495,-0.296708,0.0853207,0.394601,-0.0910634
109,1.97421,0.0136909,1,-0.220123,0.117229,0.351078,-0.242237,0.109483,0.354722,-0.220123,0.117229,0.315971,-0.0540964
110,1.99232,0.0119057,1,-0.154805,0.130869,0.266874,-0.173839,0.12362,0.270095,-0.154805,0.130869,0.240186,-0.0289193
111,2.01043,0.0108377,1,-0.098698,0.132561,0.191151,-0.116393,0.126911,0.193861,-0.098698,0.132561,0.172036,-0.0132064
112,2.02854,0.00966981,1,-0.0533446,0.129896,0.12564,-0.0693288,0.124896,0.12552,-0.0533446,0.129896,0.113076,-0.00469156
113,2.04666,0.00900445,1,-0.0173961,0.126183,0.0688951,-0.0313578,0.121255,0.0639934,-0.0173961,0.126183,0.0620056,-0.000838956
114,2.06477,0.0110093,1,0.013054,0.124579,0.0195792,-0.000893447,0.118286,0.00820003,0.013054,0.124579,0.0176212,0.000178911
115,2.08288,0.0127359,1,0.0370819,0.125237,-0.0270772,0.0236853,0.117348,-0.0427265,0.0370819,0.125237,-0.0243695,-0.000702852
116,2.10099,0.0139871,1,0.0557867,0.126815,-0.069708,0.0438923,0.11921,-0.0893958,0.0557867,0.126815,-0.0627372,-0.00272215
117,2.1191,0.0158891,1,0.071637,0.131339,-0.10777,0.0610715,0.124299,-0.132187,0.071637,0.131339,-0.0969928,-0.00540421
118,2.13722,0.0183452,1,0.0860803,0.140919,-0.14212,0.0763819,0.132866,-0.171287,0.0860803,0.140919,-0.127908,-0.0085636
119,2.15533,0.021037,1,0.101078,0.155391,-0.173311,0.0908104,0.145095,-0.206721,0.101078,0.155391,-0.15598,-0.0122626
120,2.17344,0.0234423,1,0.116005,0.173216,-0.201131,0.105197,0.161168,-0.238368,0.116005,0.173216,-0.181018,-0.0163324
121,2.19155,0.026882,1,0.131885,0.1942,-0.222755,0.120266,0.181292,-0.265956,0.131885,0.1942,-0.20048,-0.0205646
122,2.20966,0.0304395,1,0.148123,0.217844,-0.239037,0.13665,0.205715,-0.289047,0.148123,0.217844,-0.215133,-0.0247847
123,2.22778,0.0338476,1,0.166236,0.246189,-0.250643,0.154914,0.2347,-0.307006,0.166236,0.246189,-0.225579,-0.0291662
124,2.24589,0.0373654,1,0.18722,0.279102,-0.2562,0.175568,0.26848,-0.318969,0.18722,0.279102,-0.23058,-0.033576
125,2.264,0.0403611,1,0.210857,0.315503,-0.255393,0.199062,0.307184,-0.323794,0.210857,0.315503,-0.229854,-0.0376959
126,2.28211,0.0438646,1,0.23751,0.356608,-0.245207,0.225768,0.350704,-0.320037,0.23751,0.356608,-0.220686,-0.0407673
127,2.30022,0.0477966,1,0.266891,0.401535,-0.223946,0.255937,0.398523,-0.305949,0.266891,0.401535,-0.201551,-0.0418383
128,2.31834,0.0517935,1,0.298373,0.446572,-0.19031,0.289622,0.449466,-0.279544,0.298373,0.446572,-0.171279,-0.0397483
129,2.33645,0.0551226,1,0.332531,0.490404,-0.144146,0.326571,0.50142,-0.238796,0.332531,0.490404,-0.129731,-0.0335531
130,2.35456,0.0584822,1,0.368057,0.529852,-0.0829846,0.366082,0.551045,-0.182017,0.368057,0.529852,-0.0746861,-0.0213801
131,2.37267,0.0624119,1,0.404048,0.558168,-0.00641273,0.406848,0.593635,-0.108491,0.404048,0.558168,-0.00577146,-0.00181373
132,2.39078,0.0656965,1,0.437051,0.569293,0.0803594,0.446829,0.623294,-0.0193216,0.437051,0.569293,0.0723234,0.0245848
133,2.4089,0.0687704,1,0.463991,0.560061,0.17331,0.483227,0.633699,0.0816833,0.463991,0.560061,0.155979,0.0562902
134,2.42701,0.0705718,1,0.482067,0.529928,0.264818,0.512675,0.619533,0.187517,0.482067,0.529928,0.238336,0.089362
135,2.44512,0.071058,1,0.489189,0.475716,0.341356,0.531695,0.578376,0.288424,0.489189,0.475716,0.307221,0.116891
136,2.46323,0.0715899,1,0.483255,0.403444,0.398023,0.537403,0.512296,0.37364,0.483255,0.403444,0.35822,0.134642
137,2.48134,0.0706566,1,0.46482,0.323528,0.431429,0.528273,0.42814,0.434061,0.46482,0.323528,0.388286,0.140376
138,2.49946,0.0674883,1,0.435126,0.245542,0.439356,0.504636,0.336031,0.464737,0.435126,0.245542,0.395421,0.133823
139,2.51757,0.0639141,1,0.396879,0.173544,0.423877,0.468686,0.246574,0.465893,0.396879,0.173544,0.381489,0.117759
140,2.53568,0.0586223,1,0.353978,0.11563,0.390571,0.423971,0.16815,0.442072,0.353978,0.11563,0.351514,0.0967775
141,2.55379,0.0529466,1,0.309958,0.0721572,0.344148,0.374577,0.105463,0.400051,0.309958,0.0721572,0.309733,0.0746699
142,2.5719,0.0468031,1,0.267092,0.0420953,0.292081,0.324355,0.0596147,0.346721,0.267092,0.0420953,0.262873,0.0546088
143,2.59002,0.0393319,1,0.228554,0.0229302,0.239642,0.276401,0.0291467,0.287735,0.228554,0.0229302,0.215677,0.0383397
144,2.60813,0.0326327,1,0.193525,0.0124721,0.186461,0.232845,0.0113084,0.227048,0.193525,0.0124721,0.167815,0.0252595
145,2.62624,0.0267028,1,0.163556,0.00984508,0.133752,0.194894,0.00305943,0.167083,0.163556,0.00984508,0.120377,0.0153131
146,2.64435,0.0211426,1,0.139348,0.0118601,0.0831138,0.163006,0.0016654,0.10914,0.139348,0.0118601,0.0748025,0.0081072
147,2.66246,0.0162108,1,0.119883,0.0171317,0.0352842,0.137113,0.00495408,0.0538105,0.119883,0.0171317,0.0317558,0.00296099
148,2.68058,0.0120933,1,0.105528,0.024645,-0.0103094,0.11682,0.0113561,0.00129451,0.105528,0.024645,-0.00927846,-0.000761554
149,2.69869,0.00962125,1,0.095138,0.0334258,-0.0555824,0.101573,0.019839,-0.0483927,0.095138,0.0334258,-0.0500241,-0.0037016
150,2.7168,0.00803695,1,0.0881238,0.0428674,-0.099317,0.0907731,0.0298039,-0.0953043,0.0881238,0.0428674,-0.0893853,-0.00612654
151,2.73491,0.00703827,1,0.0837725,0.0531136,-0.140705,0.0838527,0.0409828,-0.139501,0.0837725,0.0531136,-0.126634,-0.00825103
152,2.75302,0.00793842,1,0.0829122,0.0663865,-0.177493,0.0803234,0.0533515,-0.181021,0.0829122,0.0663865,-0.159744,-0.0103015
153,2.77114,0.0102,1,0.0847136,0.0824596,-0.212728,0.0797982,0.0670635,-0.219864,0.0847136,0.0824596,-0.191455,-0.0126147
154,2.78925,0.0126369,1,0.0889583,0.100517,-0.245853,0.0820011,0.0824032,-0.25598,0.0889583,0.100517,-0.221267,-0.0153094
155,2.80736,0.0159907,1,0.0964147,0.121387,-0.274905,0.0867672,0.0997551,-0.28926,0.0964147,0.121387,-0.247414,-0.0185534
156,2.82547,0.0207453,1,0.106684,0.144879,-0.297345,0.094039,0.119584,-0.319512,0.106684,0.144879,-0.267611,-0.0222055
157,2.84358,0.0253096,1,0.119314,0.170186,-0.316242,0.10386,0.142422,-0.346442,0.119314,0.170186,-0.284618,-0.0264125
158,2.8617,0.0301646,1,0.134838,0.200028,-0.331977,0.116369,0.168857,-0.36962,0.134838,0.200028,-0.298779,-0.0313342
159,2.87981,0.0352176,1,0.153128,0.234319,-0.343111,0.131787,0.199511,-0.38843,0.153128,0.234319,-0.3088,-0.036778
160,2.89792,0.0404878,1,0.174374,0.273756,-0.348708,0.150412,0.23501,-0.402022,0.174374,0.273756,-0.313837,-0.042564
161,2.91603,0.0468607,1,0.199828,0.318656,-0.345834,0.172595,0.27592,-0.409236,0.199828,0.318656,-0.31125,-0.048375
162,2.93414,0.054783,1,0.229283,0.369904,-0.332144,0.198712,0.322639,-0.408531,0.229283,0.369904,-0.298929,-0.0533084
163,2.95226,0.0636456,1,0.263029,0.42611,-0.306202,0.229116,0.375226,-0.397924,0.263029,0.42611,-0.275581,-0.0563778
164,2.97037,0.0734422,1,0.301127,0.484786,-0.26479,0.264055,0.433135,-0.374968,0.301127,0.484786,-0.238311,-0.0558148
165,2.98848,0.084222,1,0.343124,0.541698,-0.204482,0.303545,0.494842,-0.336838,0.343124,0.541698,-0.184034,-0.0491139
166,3.00659,0.094515,1,0.387386,0.591967,-0.125741,0.347199,0.557389,-0.280624,0.387386,0.591967,-0.113167,-0.0340973
167,3.0247,0.103935,1,0.431331,0.627439,-0.0282263,0.393992,0.615936,-0.203956,0.431331,0.627439,-0.0254036,-0.00852241
168,3.04282,0.110898,1,0.471267,0.640211,0.0823429,0.442011,0.663551,-0.106057,0.471267,0.640211,0.0741086,0.0271638
169,3.06093,0.118299,1,0.504478,0.626333,0.204372,0.488264,0.691641,0.0108365,0.504478,0.626333,0.183935,0.072171
170,3.07904,0.122291,1,0.52627,0.578457,0.319255,0.528695,0.691437,0.140104,0.52627,0.578457,0.287329,0.11761
171,3.09715,0.123123,1,0.532124,0.501044,0.413712,0.558581,0.65665,0.27031,0.532124,0.501044,0.372341,0.154102
172,3.11526,0.122732,1,0.520557,0.402601,0.479211,0.573393,0.586557,0.386703,0.520557,0.402601,0.431289,0.174619
173,3.13338,0.121887,1,0.49209,0.294754,0.509909,0.569979,0.487829,0.474903,0.49209,0.294754,0.458918,0.175645
174,3.15149,0.118141,1,0.450252,0.194747,0.504199,0.547599,0.373483,0.525389,0.450252,0.194747,0.453779,0.158912
175,3.1696,0.114189,1,0.398218,0.107877,0.471688,0.508307,0.258939,0.536328,0.398218,0.107877,0.424519,0.131484
176,3.18771,0.107296,1,0.34305,0.0441488,0.418834,0.456418,0.157256,0.513131,0.34305,0.0441488,0.376951,0.100577
177,3.20582,0.0982952,1,0.288035,0.000901089,0.358658,0.397355,0.0760959,0.465339,0.288035,0.000901089,0.322792,0.0723143
178,3.22394,0.0883181,1,0.235605,-0.0291279,0.297752,0.336397,0.0174192,0.402988,0.235605,-0.0291279,0.267977,0.0491064
179,3.24205,0.0775975,1,0.189885,-0.045382,0.235532,0.277811,-0.0209001,0.334192,0.189885,-0.045382,0.211979,0.0313068
180,3.26016,0.0681864,1,0.149929,-0.0519632,0.173205,0.224487,-0.042974,0.264355,0.149929,-0.0519632,0.155884,0.0181778
181,3.27827,0.0595615,1,0.116318,-0.0533458,0.113799,0.177996,-0.0532696,0.196494,0.116318,-0.0533458,0.102419,0.00926577
182,3.29638,0.0515576,1,0.0884087,-0.0508551,0.0584424,0.138855,-0.0557026,0.131969,0.0884087,-0.0508551,0.0525981,0.00361677
183,3.3145,0.0434449,1,0.0670079,-0.0454464,0.00783356,0.10686,-0.0533053,0.0711773,0.0670079,-0.0454464,0.0070502,0.000367437
184,3.33261,0.0364476,1,0.0509059,-0.0386075,-0.0404027,0.0813767,-0.0482262,0.0140426,0.0509059,-0.0386075,-0.0363625,-0.00143972
185,3.35072,0.0297046,1,0.0385393,-0.0319728,-0.0846204,0.0615694,-0.0418729,-0.0396905,0.0385393,-0.0319728,-0.0761584,-0.00228285
186,3.36883,0.023841,1,0.0287656,-0.0264871,-0.126572,0.0465537,-0.0350898,-0.090312,0.0287656,-0.0264871,-0.113914,-0.00254864
187,3.38694,0.0191982,1,0.0224088,-0.0218597,-0.167965,0.0354926,-0.0283201,-0.138086,0.0224088,-0.0218597,-0.151169,-0.00263473
188,3.40506,0.0149761,1,0.0184649,-0.0159208,-0.206785,0.0276474,-0.0217352,-0.183233,0.0184649,-0.0159208,-0.186107,-0.00267279
189,3.42317,0.0117677,1,0.0156193,-0.0105972,-0.244563,0.0223999,-0.0153307,-0.225933,0.0156193,-0.0105972,-0.220106,-0.00267393
190,3.44128,0.00863134,1,0.0144647,-0.00450288,-0.279764,0.019256,-0.00899147,-0.266333,0.0144647,-0.00450288,-0.251788,-0.00283269
191,3.45939,0.00509956,1,0.0152462,0.00242542,-0.311386,0.0178389,-0.00253411,-0.304552,0.0152462,0.00242542,-0.280247,-0.00332322
192,3.4775,0.0038685,1,0.0172448,0.0109327,-0.340975,0.0178778,0.00426832,-0.340689,0.0172448,0.0109327,-0.306877,-0.00411602
193,3.49562,0.00576779,1,0.0204921,0.019923,-0.369336,0.0191951,0.0116747,-0.374821,0.0204921,0.019923,-0.332402,-0.00529792
194,3.51373,0.00891527,1,0.0246023,0.029823,-0.395476,0.0216951,0.0199734,-0.407007,0.0246023,0.029823,-0.355928,-0.00681074
195,3.53184,0.0126916,1,0.0299574,0.0416348,-0.419551,0.0253546,0.0294856,-0.437283,0.0299574,0.0416348,-0.377595,-0.00879805
196,3.54995,0.0167079,1,0.0366162,0.0552322,-0.441537,0.0302168,0.0405744,-0.465655,0.0366162,0.0552322,-0.397384,-0.0113172
197,3.56806,0.0210134,1,0.0450441,0.0708223,-0.461187,0.0363875,0.0536557,-0.492091,0.0450441,0.0708223,-0.415068,-0.0145416
198,3.58618,0.0256125,1,0.0550866,0.0898302,-0.478815,0.0440349,0.0692126,-0.516508,0.0550866,0.0898302,-0.430933,-0.0184634
199,3.60429,0.0300719,1,0.0664994,0.112271,-0.494671,0.0533915,0.0878106,-0.538748,0.0664994,0.112271,-0.445204,-0.0230267
200,3.6224,0.03457,1,0.0798443,0.138776,-0.508193,0.0647594,0.110113,-0.558552,0.0798443,0.138776,-0.457373,-0.0284034
201,3.64051,0.0394206,1,0.0962772,0.170425,-0.518751,0.078516,0.136892,-0.575514,0.0962772,0.170425,-0.466876,-0.0349607
202,3.65862,0.0450444,1,0.116308,0.207507,-0.524536,0.0951215,0.169038,-0.58902,0.116308,0.207507,-0.472082,-0.0427054
203,3.67674,0.051385,1,0.14018,0.251318,-0.524834,0.115124,0.207542,-0.598163,0.14018,0.251318,-0.472351,-0.0515
204,3.69485,0.0586188,1,0.168222,0.302574,-0.517653,0.139158,0.253461,-0.601627,0.168222,0.302574,-0.465888,-0.0609563
205,3.71296,0.0671165,1,0.200848,0.361402,-0.49977,0.167935,0.307812,-0.597539,0.200848,0.361402,-0.449793,-0.0702644
206,3.73107,0.0772499,1,0.239443,0.428752,-0.46829,0.202203,0.371379,-0.583286,0.239443,0.428752,-0.421461,-0.0784901
207,3.74918,0.0893456,1,0.284285,0.504488,-0.418966,0.242667,0.444357,-0.555348,0.284285,0.504488,-0.377069,-0.083374
208,3.7673,0.101952,1,0.334518,0.582639,-0.348108,0.289842,0.525763,-0.509203,0.334518,0.582639,-0.313297,-0.0815139
209,3.78541,0.115697,1,0.390352,0.656863,-0.249693,0.343794,0.612561,-0.439501,0.390352,0.656863,-0.224723,-0.0682277
210,3.80352,0.131358,1,0.449269,0.718221,-0.118745,0.403747,0.698553,-0.340795,0.449269,0.718221,-0.106871,-0.037344
211,3.82163,0.14456,1,0.505447,0.750856,0.0372526,0.467563,0.773346,-0.209226,0.505447,0.750856,0.0335273,0.0131804
212,3.83974,0.155508,1,0.553179,0.74146,0.210586,0.53119,0.822252,-0.0454172,0.553179,0.74146,0.189528,0.0815443
213,3.85786,0.161397,1,0.585575,0.679407,0.378456,0.588391,0.82843,0.141959,0.585575,0.679407,0.340611,0.15513
214,3.87597,0.162958,1,0.596328,0.567684,0.518573,0.63121,0.778298,0.333935,0.596328,0.567684,0.466716,0.216468
215,3.89408,0.1616,1,0.581156,0.420285,0.610758,0.65157,0.669055,0.503525,0.581156,0.420285,0.549682,0.248462
216,3.91219,0.156734,1,0.540019,0.263884,0.646365,0.64381,0.513742,0.62412,0.540019,0.263884,0.581729,0.244335
217,3.9303,0.148302,1,0.480007,0.122351,0.624625,0.607001,0.33856,0.680363,0.480007,0.122351,0.562163,0.209877
218,3.94842,0.137355,1,0.408203,0.00924068,0.568786,0.545573,0.172535,0.67397,0.408203,0.00924068,0.511908,0.162526
219,3.96653,0.125821,1,0.331067,-0.0697863,0.488017,0.467776,0.0365133,0.620319,0.331067,-0.0697863,0.439216,0.113097
220,3.98464,0.112434,1,0.256152,-0.118628,0.403165,0.382952,-0.0614976,0.539481,0.256152,-0.118628,0.362848,0.07229
221,4.00275,0.0965092,1,0.188426,-0.145807,0.325192,0.299153,-0.123996,0.448504,0.188426,-0.145807,0.292673,0.0428923
222,4.02086,0.0806421,1,0.131051,-0.155668,0.252279,0.221942,-0.158792,0.358291,0.131051,-0.155668,0.227051,0.023143
223,4.03898,0.0680889,1,0.0823143,-0.157656,0.18231,0.154317,-0.174669,0.274149,0.0823143,-0.157656,0.164079,0.0105047
224,4.05709,0.0575194,1,0.0408706,-0.156603,0.118725,0.0972409,-0.179125,0.197723,0.0408706,-0.156603,0.106853,0.00339666
225,4.0752,0.0473934,1,0.0083434,-0.155547,0.0618178,0.0503232,-0.177704,0.128789,0.0083434,-0.155547,0.055636,0.000361039
226,4.09331,0.0378275,1,-0.0175672,-0.153747,0.0118692,0.0124122,-0.174159,0.0664343,-0.0175672,-0.153747,0.0106823,-0.000145955
227,4.11142,0.0310145,1,-0.0377229,-0.152127,-0.0366496,-0.0179799,-0.170867,0.00966162,-0.0377229,-0.152127,-0.0329846,0.00096777
228,4.12954,0.0255179,1,-0.0548857,-0.152204,-0.0811838,-0.0424072,-0.169255,-0.0423634,-0.0548857,-0.152204,-0.0730655,0.00311909
229,4.14765,0.020126,1,-0.0695371,-0.154123,-0.120362,-0.0623393,-0.170142,-0.0902501,-0.0695371,-0.154123,-0.108326,0.00585875
230,4.16576,0.0155947,1,-0.0821548,-0.159853,-0.15721,-0.0790912,-0.173987,-0.134398,-0.0821548,-0.159853,-0.141489,0.00904092
231,4.18387,0.0120696,1,-0.0935105,-0.169009,-0.19211,-0.0938025,-0.181059,-0.17503,-0.0935105,-0.169009,-0.172899,0.012575
232,4.20198,0.00897284,1,-0.104906,-0.181298,-0.223624,-0.107447,-0.191551,-0.212223,-0.104906,-0.181298,-0.201261,0.0164217
233,4.2201,0.00649733,1,-0.116299,-0.196492,-0.250615,-0.120854,-0.20565,-0.245922,-0.116299,-0.196492,-0.225553,0.0204023
234,4.23821,0.00575846,1,-0.129461,-0.215147,-0.275272,-0.134742,-0.223581,-0.275938,-0.129461,-0.215147,-0.247744,0.0249459
235,4.25632,0.00549178,1,-0.14425,-0.239054,-0.297793,-0.149744,-0.24562,-0.301939,-0.14425,-0.239054,-0.268014,0.0300697
236,4.27443,0.00622581,1,-0.160786,-0.266915,-0.315826,-0.16643,-0.272088,-0.32342,-0.160786,-0.266915,-0.284244,0.0355464
237,4.29254,0.00874331,1,-0.179374,-0.298295,-0.326683,-0.185332,-0.30333,-0.339663,-0.179374,-0.298295,-0.294015,0.0410189
238,4.31066,0.012092,1,-0.200655,-0.334621,-0.330358,-0.206943,-0.339654,-0.349692,-0.200655,-0.334621,-0.297322,0.0464016
239,4.32877,0.0147183,1,-0.225806,-0.377745,-0.327665,-0.231712,-0.381241,-0.352217,-0.225806,-0.377745,-0.294899,0.0517922
240,4.34688,0.0175242,1,-0.254992,-0.427185,-0.315679,-0.260019,-0.427999,-0.345602,-0.254992,-0.427185,-0.284111,0.0563471
241,4.36499,0.0221557,1,-0.288242,-0.480033,-0.289685,-0.292115,-0.479351,-0.327858,-0.288242,-0.480033,-0.260717,0.0584496
242,4.3831,0.0277723,1,-0.324972,-0.535086,-0.248735,-0.328032,-0.533948,-0.296727,-0.324972,-0.535086,-0.223861,0.0565822
243,4.40122,0.0337823,1,-0.364607,-0.588466,-0.191478,-0.367457,-0.58933,-0.249915,-0.364607,-0.588466,-0.17233,0.04887
244,4.41933,0.0386372,1,-0.406667,-0.634684,-0.119066,-0.409554,-0.641598,-0.185567,-0.406667,-0.634684,-0.107159,0.0338942
245,4.43744,0.0431896,1,-0.448324,-0.668927,-0.0301715,-0.452782,-0.685264,-0.103036,-0.448324,-0.668927,-0.0271543,0.00946861
246,4.45555,0.0488877,1,-0.486822,-0.685461,0.0755756,-0.494757,-0.713536,-0.00391558,-0.486822,-0.685461,0.068018,-0.0257543
247,4.47366,0.0529919,1,-0.51895,-0.675108,0.186266,-0.532242,-0.719328,0.106942,-0.51895,-0.675108,0.16764,-0.0676639
248,4.49178,0.0561809,1,-0.541121,-0.633782,0.292029,-0.561417,-0.697096,0.220978,-0.541121,-0.633782,0.262826,-0.110616
249,4.50989,0.0589088,1,-0.548741,-0.566224,0.384239,-0.578474,-0.645098,0.326745,-0.548741,-0.566224,0.345815,-0.147593
250,4.528,0.0606865,1,-0.541332,-0.478378,0.452959,-0.580474,-0.567043,0.412275,-0.541332,-0.478378,0.407663,-0.171641
251,4.54611,0.0610794,1,-0.517927,-0.379793,0.487607,-0.5662,-0.471942,0.46836,-0.517927,-0.379793,0.438846,-0.176781
252,4.56422,0.0599477,1,-0.480973,-0.284182,0.48804,-0.536618,-0.371789,0.491161,-0.480973,-0.284182,0.439236,-0.164314
253,4.58234,0.0578183,1,-0.433538,-0.202765,0.457952,-0.494694,-0.278086,0.482761,-0.433538,-0.202765,0.412157,-0.138978
254,4.60045,0.0543004,1,-0.381962,-0.139519,0.412406,-0.444662,-0.19898,0.449536,-0.381962,-0.139519,0.371166,-0.110266
255,4.61856,0.0493948,1,-0.330605,-0.0933539,0.3588,-0.39105,-0.138184,0.399496,-0.330605,-0.0933539,0.32292,-0.0830347
256,4.63667,0.0439351,1,-0.281221,-0.0627562,0.30124,-0.337863,-0.0955915,0.340027,-0.281221,-0.0627562,0.271116,-0.0593007
257,4.65478,0.0384259,1,-0.236575,-0.0464397,0.240986,-0.288117,-0.0687293,0.27671,-0.236575,-0.0464397,0.216888,-0.0399079
258,4.6729,0.0326811,1,-0.197937,-0.0399693,0.183055,-0.243725,-0.054177,0.213151,-0.197937,-0.0399693,0.164749,-0.0253634
259,4.69101,0.0269638,1,-0.166031,-0.039827,0.128181,-0.205626,-0.0485497,0.15136,-0.166031,-0.039827,0.115363,-0.0148974
260,4.70912,0.022189,1,-0.140705,-0.0421286,0.0743911,-0.17402,-0.0489991,0.0922791,-0.140705,-0.0421286,0.066952,-0.00732704
261,4.72723,0.0188035,1,-0.120045,-0.0475972,0.0217086,-0.148619,-0.0533712,0.0362314,-0.120045,-0.0475972,0.0195377,-0.00182421
262,4.74534,0.015508,1,-0.104486,-0.0551488,-0.0268715,-0.128861,-0.060174,-0.0167668,-0.104486,-0.0551488,-0.0241843,0.00196539
263,4.76346,0.0128716,1,-0.0931492,-0.063895,-0.0730325,-0.114068,-0.0684663,-0.0668243,-0.0931492,-0.063895,-0.0657292,0.00476204
264,4.78157,0.0111711,1,-0.0853034,-0.0716759,-0.116214,-0.103556,-0.077731,-0.11408,-0.0853034,-0.0716759,-0.104593,0.00693944
265,4.79968,0.0101534,1,-0.0807238,-0.0804789,-0.15768,-0.0967016,-0.0877611,-0.158657,-0.0807238,-0.0804789,-0.141912,0.00890999
266,4.81779,0.00983683,1,-0.0787248,-0.090399,-0.196144,-0.0929794,-0.0985709,-0.200651,-0.0787248,-0.090399,-0.17653,0.010809
267,4.8359,0.0107167,1,-0.0787771,-0.101081,-0.230912,-0.0919767,-0.11033,-0.240119,-0.0787771,-0.101081,-0.207821,0.0127334
268,4.85402,0.0133477,1,-0.0800596,-0.11114,-0.262647,-0.0933978,-0.123322,-0.277075,-0.0800596,-0.11114,-0.236382,0.0147192
269,4.87213,0.0161267,1,-0.0830201,-0.122701,-0.292737,-0.0970602,-0.137917,-0.311487,-0.0830201,-0.122701,-0.263463,0.0170121
270,4.89024,0.0185074,1,-0.0884317,-0.137431,-0.320344,-0.102888,-0.154556,-0.343264,-0.0884317,-0.137431,-0.28831,0.01983
271,4.90835,0.021165,1,-0.0958065,-0.154578,-0.344883,-0.110907,-0.17375,-0.372237,-0.0958065,-0.154578,-0.310395,0.0231294
272,4.92646,0.0241402,1,-0.105055,-0.17383,-0.366651,-0.121236,-0.196077,-0.398139,-0.105055,-0.17383,-0.329986,0.026963
273,4.94458,0.0270899,1,-0.116122,-0.19585,-0.386127,-0.134083,-0.222178,-0.420563,-0.116122,-0.19585,-0.347514,0.0313865
274,4.96269,0.0296029,1,-0.129509,-0.222404,-0.402879,-0.14974,-0.252747,-0.43892,-0.129509,-0.222404,-0.362591,0.0365235
275,4.9808,0.0319241,1,-0.145811,-0.253655,-0.415983,-0.168576,-0.288513,-0.452372,-0.145811,-0.253655,-0.374385,0.0424584
276,4.99891,0.0345143,1,-0.165257,-0.289834,-0.423948,-0.191023,-0.33018,-0.459753,-0.165257,-0.289834,-0.381553,0.0490423
277,5.01702,0.0371472,1,-0.188469,-0.331858,-0.425807,-0.217555,-0.378334,-0.459478,-0.188469,-0.331858,-0.383227,0.056176
278,5.03514,0.0396473,1,-0.215995,-0.380779,-0.419521,-0.24864,-0.433264,-0.449444,-0.215995,-0.380779,-0.377569,0.0634301
279,5.05325,0.0423983,1,-0.247876,-0.436031,-0.402511,-0.284666,-0.494691,-0.426974,-0.247876,-0.436031,-0.36226,0.0698411
280,5.07136,0.045373,1,-0.284333,-0.496856,-0.371629,-0.325815,-0.561347,-0.388842,-0.284333,-0.496856,-0.334466,0.0739665
281,5.08947,0.0477698,1,-0.325764,-0.56203,-0.325095,-0.371873,-0.630431,-0.331515,-0.325764,-0.56203,-0.292586,0.0741331
282,5.10758,0.0497221,1,-0.371621,-0.62751,-0.259165,-0.421962,-0.696993,-0.251769,-0.371621,-0.62751,-0.233249,0.0674179
283,5.1257,0.0508219,1,-0.420923,-0.687462,-0.171188,-0.474228,-0.753506,-0.147836,-0.420923,-0.687462,-0.154069,0.0504398
284,5.14381,0.0516231,1,-0.470614,-0.731148,-0.0598918,-0.525559,-0.790085,-0.0211315,-0.470614,-0.731148,-0.0539026,0.0197301
285,5.16192,0.0508002,1,-0.516587,-0.749574,0.0711436,-0.571496,-0.795983,0.12187,-0.516587,-0.749574,0.0640292,-0.0257263
286,5.18003,0.0462392,1,-0.554952,-0.736531,0.213291,-0.606594,-0.762691,0.268635,-0.554952,-0.736531,0.191962,-0.0828563
287,5.19814,0.040216,1,-0.580636,-0.682298,0.348835,-0.625383,-0.68797,0.401915,-0.580636,-0.682298,0.313952,-0.141782
288,5.21626,0.0329253,1,-0.587982,-0.589624,0.461101,-0.623812,-0.578688,0.504099,-0.587982,-0.589624,0.414991,-0.189783
289,5.23437,0.0253674,1,-0.573972,-0.470453,0.534742,-0.600633,-0.450024,0.563068,-0.573972,-0.470453,0.481268,-0.214849
290,5.25248,0.0186066,1,-0.540378,-0.344487,0.563616,-0.557991,-0.32062,0.576216,-0.540378,-0.344487,0.507255,-0.213196
291,5.27059,0.0145379,1,-0.490813,-0.229354,0.552172,-0.500847,-0.206352,0.550104,-0.490813,-0.229354,0.496955,-0.189709
292,5.2887,0.0139596,1,-0.430595,-0.135294,0.510567,-0.435536,-0.116301,0.496445,-0.430595,-0.135294,0.45951,-0.153893
293,5.30682,0.0143818,1,-0.367128,-0.0651348,0.448757,-0.368204,-0.0524195,0.427364,-0.367128,-0.0651348,0.403881,-0.115326
294,5.32493,0.0164109,1,-0.304414,-0.0190486,0.379808,-0.303736,-0.0117247,0.352352,-0.304414,-0.0190486,0.341827,-0.0809332
295,5.34304,0.0174496,1,-0.246936,0.00823427,0.307487,-0.245346,0.0109779,0.277431,-0.246936,0.00823427,0.276738,-0.0531508
296,5.36115,0.0181107,1,-0.195959,0.0212128,0.237049,-0.194681,0.0210901,0.205707,-0.195959,0.0212128,0.213344,-0.0325163
297,5.37926,0.0182353,1,-0.151531,0.0260075,0.169822,-0.152178,0.0231938,0.13837,-0.151531,0.0260075,0.15284,-0.0180133
298,5.39738,0.0191579,1,-0.11593,0.0249476,0.108449,-0.117469,0.0207415,0.0755706,-0.11593,0.0249476,0.0976045,-0.0088008
299,5.41549,0.0203926,1,-0.0879853,0.0198289,0.0520877,-0.0897276,0.0161252,0.0170047,-0.0879853,0.0198289,0.0468789,-0.00320807
300,5.4336,0.0213277,1,-0.065583,0.0146484,-0.00108928,-0.0679282,0.0108893,-0.0377633,-0.065583,0.0146484,-0.000980348,5.00066e-05
301,5.45171,0.023423,1,-0.0484809,0.0101728,-0.0488818,-0.051011,0.00595988,-0.0891528,-0.0484809,0.0101728,-0.0439937,0.00165888
302,5.46982,0.0257981,1,-0.0353593,0.00612786,-0.0931173,-0.0379832,0.00184298,-0.137517,-0.0353593,0.00612786,-0.0838055,0.00230479
303,5.48794,0.027985,1,-0.0248147,0.0021368,-0.134887,-0.0279668,-0.00122295,-0.183139,-0.0248147,0.0021368,-0.121399,0.00234303
304,5.50605,0.0296616,1,-0.0166623,-0.000530944,-0.175057,-0.0202162,-0.00315647,-0.226242,-0.0166623,-0.000530944,-0.157552,0.0020418
305,5.52416,0.0299583,1,-0.0100317,-0.00102061,-0.21536,-0.0141145,-0.00395687,-0.267005,-0.0100317,-0.00102061,-0.193824,0.0015123
306,5.54227,0.0299279,1,-0.00512321,-0.000201589,-0.25401,-0.00915997,-0.00365351,-0.305574,-0.00512321,-0.000201589,-0.228609,0.000910942
307,5.56038,0.0303786,1,-0.000667771,0.00191123,-0.289797,-0.00494737,-0.00227332,-0.342073,-0.000667771,0.00191123,-0.260817,0.000135463
308,5.5785,0.0309281,1,0.0037269,0.00535768,-0.323512,-0.00114786,0.000179533,-0.376607,0.0037269,0.00535768,-0.291161,-0.000843989
309,5.59661,0.0321231,1,0.00820847,0.010415,-0.354326,0.0025102,0.00373636,-0.409268,0.00820847,0.010415,-0.318894,-0.00203593
310,5.61472,0.0334717,1,0.0121054,0.0156722,-0.382903,0.00625888,0.00847247,-0.440131,0.0121054,0.0156722,-0.344613,-0.00324464
311,5.63283,0.0354117,1,0.0162142,0.0226068,-0.408746,0.0103065,0.0145138,-0.469257,0.0162142,0.0226068,-0.367872,-0.00463924
312,5.65094,0.0376905,1,0.0214926,0.0314467,-0.432428,0.0148517,0.0220434,-0.496687,0.0214926,0.0314467,-0.389186,-0.0065058
313,5.66906,0.0402059,1,0.0279105,0.0425155,-0.454155,0.0200962,0.0313089,-0.52244,0.0279105,0.0425155,-0.408739,-0.00887297
314,5.68717,0.0424471,1,0.0352829,0.0559262,-0.474759,0.0262568,0.0426316,-0.546502,0.0352829,0.0559262,-0.427283,-0.0117256
315,5.70528,0.0441538,1,0.0436282,0.0715299,-0.494524,0.0335769,0.0564175,-0.568815,0.0436282,0.0715299,-0.445071,-0.0151026
316,5.72339,0.0454512,1,0.0535417,0.0900423,-0.513188,0.0423386,0.0731709,-0.589262,0.0535417,0.0900423,-0.461869,-0.0192339
317,5.7415,0.0464704,1,0.0653178,0.111942,-0.530281,0.0528744,0.0935092,-0.607637,0.0653178,0.111942,-0.477253,-0.0242457
318,5.75962,0.0481647,1,0.0795177,0.13928,-0.544109,0.0655803,0.118177,-0.623607,0.0795177,0.13928,-0.489698,-0.0302864
319,5.77773,0.0508368,1,0.0970057,0.173211,-0.553824,0.0809283,0.148059,-0.636661,0.0970057,0.173211,-0.498442,-0.0376069
320,5.79584,0.0543553,1,0.118548,0.214914,-0.559106,0.0994786,0.184178,-0.646027,0.118548,0.214914,-0.503195,-0.0463967
321,5.81395,0.0587097,1,0.144139,0.264764,-0.558527,0.121887,0.227677,-0.650559,0.144139,0.264764,-0.502674,-0.056354
322,5.83206,0.0647894,1,0.174745,0.323243,-0.548423,0.148903,0.27975,-0.648591,0.174745,0.323243,-0.493581,-0.0670839
323,5.85018,0.0713202,1,0.210897,0.389679,-0.527899,0.181353,0.341495,-0.637741,0.210897,0.389679,-0.475109,-0.0779325
324,5.86829,0.0796628,1,0.253235,0.465607,-0.491254,0.22008,0.413623,-0.614692,0.253235,0.465607,-0.442129,-0.0870819
325,5.8864,0.0892786,1,0.302311,0.547838,-0.433972,0.26583,0.495943,-0.574997,0.302311,0.547838,-0.390575,-0.0918361
326,5.90451,0.10049,1,0.358154,0.633816,-0.350179,0.31903,0.58653,-0.513053,0.358154,0.633816,-0.315161,-0.0877927
327,5.92262,0.113711,1,0.418926,0.71203,-0.23216,0.37943,0.68053,-0.422524,0.418926,0.71203,-0.208944,-0.0680805
328,5.94074,0.127648,1,0.481482,0.771859,-0.0795179,0.445559,0.768781,-0.297652,0.481482,0.771859,-0.0715661,-0.0268005
329,5.95885,0.139251,1,0.540785,0.793651,0.0998177,0.514067,0.836909,-0.135952,0.540785,0.793651,0.0898359,0.037786
330,5.97696,0.147084,1,0.587208,0.759581,0.288908,0.579171,0.86629,0.0577173,0.587208,0.759581,0.260018,0.118754
331,5.99507,0.150978,1,0.613265,0.665686,0.462413,0.632688,0.838618,0.267219,0.613265,0.665686,0.416171,0.198507
332,6.01318,0.151665,1,0.613186,0.521831,0.594577,0.665273,0.744262,0.464894,0.613186,0.521831,0.535119,0.255211
333,6.0313,0.148833,1,0.585035,0.351531,0.666048,0.669033,0.590583,0.618596,0.585035,0.351531,0.599443,0.272763
334,6.04941,0.142112,1,0.529647,0.185495,0.673607,0.640604,0.403013,0.704622,0.529647,0.185495,0.606246,0.249742
335,6.06752,0.131998,1,0.456805,0.0435861,0.635299,0.582832,0.21542,0.718129,0.456805,0.0435861,0.571769,0.203145
336,6.08563,0.119806,1,0.374879,-0.0635302,0.562526,0.503831,0.0558505,0.672891,0.374879,-0.0635302,0.506274,0.147616
337,6.10374,0.107379,1,0.29131,-0.13159,0.470401,0.414028,-0.0621515,0.591683,0.29131,-0.13159,0.423361,0.0959228
338,6.12186,0.0929489,1,0.213151,-0.172359,0.382951,0.323059,-0.138846,0.495714,0.213151,-0.172359,0.344656,0.0571384
339,6.13997,0.0783989,1,0.144147,-0.192192,0.301562,0.237934,-0.18235,0.399268,0.144147,-0.192192,0.271406,0.0304286
340,6.15808,0.0641308,1,0.0865801,-0.1959,0.228916,0.162656,-0.202862,0.309553,0.0865801,-0.1959,0.206025,0.0138737
341,6.17619,0.0519085,1,0.0394459,-0.19473,0.162941,0.0987357,-0.209377,0.228923,0.0394459,-0.19473,0.146647,0.00449915
342,6.1943,0.0410146,1,0.000664341,-0.190571,0.10556,0.0459873,-0.208614,0.157202,0.000664341,-0.190571,0.0950044,4.90897e-05
343,6.21242,0.0327352,1,-0.0307366,-0.187598,0.0513887,0.00325003,-0.205115,0.0932554,-0.0307366,-0.187598,0.0462498,-0.00110566
344,6.23053,0.0257628,1,-0.0554133,-0.185853,0.00195677,-0.0310847,-0.201746,0.0358193,-0.0554133,-0.185853,0.00176109,-7.59016e-05
345,6.24864,0.019412,1,-0.0752081,-0.186927,-0.0422861,-0.0587379,-0.200217,-0.0161597,-0.0752081,-0.186927,-0.0380575,0.00222618
346,6.26675,0.0141378,1,-0.0925362,-0.190713,-0.082367,-0.0813537,-0.201498,-0.0634391,-0.0925362,-0.190713,-0.0741303,0.00533535
347,6.28486,0.00941814,1,-0.107663,-0.198494,-0.11896,-0.100409,-0.20612,-0.106498,-0.107663,-0.198494,-0.107064,0.00896538
348,6.30298,0.00554827,1,-0.121496,-0.209602,-0.152723,-0.117185,-0.214374,-0.145581,-0.121496,-0.209602,-0.13745,0.0129887
349,6.32109,0.00177777,1,-0.135286,-0.224665,-0.180689,-0.132772,-0.226442,-0.180743,-0.135286,-0.224665,-0.16262,0.0171113
350,6.3392,0.00507662,1,-0.149333,-0.242769,-0.203165,-0.148089,-0.242475,-0.211864,-0.149333,-0.242769,-0.182848,0.0212375
351,6.35731,0.0105133,1,-0.16419,-0.263535,-0.22048,-0.163921,-0.262632,-0.238665,-0.16419,-0.263535,-0.198432,0.0253404
352,6.37542,0.0139012,1,-0.181273,-0.28858,-0.236658,-0.180935,-0.287082,-0.260687,-0.181273,-0.28858,-0.212992,0.0300299
353,6.39354,0.0164706,1,-0.200254,-0.317787,-0.248811,-0.199714,-0.315991,-0.277277,-0.200254,-0.317787,-0.22393,0.0348778
354,6.41165,0.0199596,1,-0.221881,-0.351425,-0.253061,-0.220755,-0.349465,-0.287558,-0.221881,-0.351425,-0.227755,0.0393046
355,6.42976,0.0231704,1,-0.246237,-0.390202,-0.250398,-0.244476,-0.387466,-0.290398,-0.246237,-0.390202,-0.225358,0.04316
356,6.44787,0.0267545,1,-0.272585,-0.433928,-0.238283,-0.271188,-0.429684,-0.284407,-0.272585,-0.433928,-0.214455,0.0454667
357,6.46598,0.0313071,1,-0.302788,-0.480807,-0.21404,-0.301051,-0.475361,-0.267963,-0.302788,-0.480807,-0.192636,0.0453662
358,6.4841,0.0357617,1,-0.336362,-0.527085,-0.177557,-0.333998,-0.523065,-0.239322,-0.336362,-0.527085,-0.159801,0.0418064
359,6.50221,0.0394282,1,-0.3719,-0.568282,-0.12863,-0.369635,-0.570457,-0.196849,-0.3719,-0.568282,-0.115767,0.0334862
360,6.52032,0.0434383,1,-0.408015,-0.603593,-0.0649363,-0.407111,-0.614098,-0.139431,-0.408015,-0.603593,-0.0584427,0.0185465
361,6.53843,0.0484368,1,-0.443029,-0.628596,0.0141631,-0.445003,-0.64943,-0.0670798,-0.443029,-0.628596,0.0127468,-0.00439228
362,6.55654,0.0535584,1,-0.474381,-0.635694,0.103803,-0.481235,-0.671113,0.0183398,-0.474381,-0.635694,0.0934231,-0.0344697
363,6.57466,0.0569399,1,-0.499272,-0.619337,0.193475,-0.513129,-0.673862,0.112473,-0.499272,-0.619337,0.174128,-0.0676177
364,6.59277,0.0601185,1,-0.514683,-0.580996,0.279136,-0.537644,-0.653798,0.208317,-0.514683,-0.580996,0.251223,-0.100567
365,6.61088,0.0620545,1,-0.518581,-0.524145,0.352446,-0.551838,-0.609973,0.29695,-0.518581,-0.524145,0.317201,-0.12794
366,6.62899,0.0632931,1,-0.510309,-0.452175,0.40749,-0.553495,-0.545396,0.369243,-0.510309,-0.452175,0.366741,-0.145562
367,6.6471,0.0632745,1,-0.489166,-0.37246,0.436521,-0.541715,-0.466854,0.418096,-0.489166,-0.37246,0.392869,-0.149472
368,6.66522,0.0623598,1,-0.457603,-0.293326,0.437173,-0.517227,-0.383337,0.440212,-0.457603,-0.293326,0.393456,-0.140036
369,6.68333,0.0602442,1,-0.417932,-0.224978,0.413143,-0.482283,-0.303706,0.436577,-0.417932,-0.224978,0.371829,-0.120866
370,6.70144,0.0568593,1,-0.37456,-0.171188,0.374491,-0.44015,-0.234653,0.411491,-0.37456,-0.171188,0.337042,-0.0981884
371,6.71955,0.0527452,1,-0.330371,-0.131005,0.327647,-0.394433,-0.17976,0.370836,-0.330371,-0.131005,0.294882,-0.0757717
372,6.73766,0.0474751,1,-0.288045,-0.103624,0.277872,-0.34845,-0.139707,0.320427,-0.288045,-0.103624,0.250085,-0.0560277
373,6.75578,0.0416291,1,-0.249692,-0.0883264,0.225754,-0.304836,-0.113157,0.265016,-0.249692,-0.0883264,0.203178,-0.0394582
374,6.77389,0.0356674,1,-0.216254,-0.0813815,0.174315,-0.265399,-0.0977712,0.20797,-0.216254,-0.0813815,0.156884,-0.0263874
375,6.792,0.0296172,1,-0.18856,-0.0811598,0.124584,-0.231165,-0.0909928,0.151411,-0.18856,-0.0811598,0.112126,-0.0164442
376,6.81011,0.0246004,1,-0.166465,-0.0832136,0.0750644,-0.202531,-0.0905265,0.096542,-0.166465,-0.0832136,0.0675579,-0.00874689
377,6.82822,0.0210863,1,-0.148336,-0.0882635,0.0259,-0.179446,-0.0945447,0.0439714,-0.148336,-0.0882635,0.02331,-0.00268932
378,6.84634,0.0181078,1,-0.134557,-0.0955108,-0.0206697,-0.161587,-0.101728,-0.00602829,-0.134557,-0.0955108,-0.0186028,0.00194688
379,6.86445,0.0154755,1,-0.125087,-0.104522,-0.0645712,-0.148494,-0.111214,-0.0533529,-0.125087,-0.104522,-0.0581141,0.00565393
380,6.88256,0.0132807,1,-0.119287,-0.114882,-0.105405,-0.139668,-0.122521,-0.0979638,-0.119287,-0.114882,-0.0948648,0.00880141
381,6.90067,0.0117522,1,-0.116606,-0.126818,-0.143608,-0.134646,-0.135458,-0.13983,-0.116606,-0.126818,-0.129247,0.0117219
382,6.91878,0.0107665,1,-0.116577,-0.14131,-0.178237,-0.133033,-0.150059,-0.178897,-0.116577,-0.14131,-0.160413,0.0145448
383,6.9369,0.0110637,1,-0.118971,-0.156585,-0.209918,-0.134529,-0.16652,-0.215062,-0.118971,-0.156585,-0.188926,0.0174819
384,6.95501,0.0127314,1,-0.123308,-0.172565,-0.239029,-0.138937,-0.185162,-0.248159,-0.123308,-0.172565,-0.215126,0.020632
385,6.97312,0.0149804,1,-0.129979,-0.190575,-0.26524,-0.14616,-0.206396,-0.277933,-0.129979,-0.190575,-0.238716,0.0241329
386,6.99123,0.0167299,1,-0.139564,-0.213077,-0.288136,-0.156203,-0.2307,-0.304019,-0.139564,-0.213077,-0.259323,0.0281494
387,7.00934,0.0184116,1,-0.152132,-0.23939,-0.306972,-0.16916,-0.258592,-0.325901,-0.152132,-0.23939,-0.276275,0.0326903
388,7.02746,0.0201757,1,-0.1676,-0.269629,-0.321156,-0.185201,-0.290598,-0.342875,-0.1676,-0.269629,-0.28904,0.0376779
389,7.04557,0.0219748,1,-0.185882,-0.303807,-0.33048,-0.204559,-0.327195,-0.353992,-0.185882,-0.303807,-0.297432,0.0430011
390,7.06368,0.0237341,1,-0.2076,-0.342721,-0.333168,-0.227502,-0.368736,-0.358008,-0.2076,-0.342721,-0.299851,0.0484159
391,7.08179,0.0256116,1,-0.232879,-0.387047,-0.326677,-0.254289,-0.415311,-0.353334,-0.232879,-0.387047,-0.294009,0.0532532
392,7.0999,0.0273951,1,-0.262022,-0.43552,-0.310545,-0.28511,-0.46656,-0.33802,-0.262022,-0.43552,-0.27949,0.0569586
393,7.11802,0.0285732,1,-0.295189,-0.488181,-0.28278,-0.319994,-0.521398,-0.309809,-0.295189,-0.488181,-0.254502,0.0584313
394,7.13613,0.0295743,1,-0.331696,-0.542022,-0.24134,-0.358673,-0.577683,-0.266328,-0.331696,-0.542022,-0.217206,0.0560359
395,7.15424,0.0302281,1,-0.371413,-0.593939,-0.184012,-0.400412,-0.631865,-0.205504,-0.371413,-0.593939,-0.165611,0.0478411
396,7.17235,0.0305703,1,-0.413396,-0.639049,-0.10894,-0.443815,-0.678771,-0.126272,-0.413396,-0.639049,-0.0980464,0.0315249
397,7.19046,0.0312957,1,-0.454472,-0.67018,-0.0164086,-0.486658,-0.711758,-0.0295865,-0.454472,-0.67018,-0.0147677,0.00522007
398,7.20858,0.0313876,1,-0.491942,-0.682039,0.0896653,-0.525835,-0.723544,0.0804908,-0.491942,-0.682039,0.0806987,-0.0308771
399,7.22669,0.0304421,1,-0.522816,-0.668733,0.202328,-0.557553,-0.707912,0.196123,-0.522816,-0.668733,0.182095,-0.0740463
400,7.2448,0.0298821,1,-0.541961,-0.624781,0.308491,-0.577857,-0.661996,0.306175,-0.541961,-0.624781,0.277642,-0.117033
401,7.26291,0.0283996,1,-0.547203,-0.55503,0.397117,-0.58347,-0.58824,0.398298,-0.547203,-0.55503,0.357406,-0.152113
402,7.28102,0.0264571,1,-0.537782,-0.465176,0.459662,-0.572691,-0.494756,0.462197,-0.537782,-0.465176,0.413696,-0.173039
403,7.29914,0.0248168,1,-0.512237,-0.367164,0.488117,-0.545993,-0.393391,0.492623,-0.512237,-0.367164,0.439305,-0.175022
404,7.31725,0.0229041,1,-0.474162,-0.273836,0.482938,-0.505992,-0.296281,0.490478,-0.474162,-0.273836,0.434644,-0.160294
405,7.33536,0.0212066,1,-0.426323,-0.194075,0.452801,-0.456793,-0.212625,0.461555,-0.426323,-0.194075,0.407521,-0.135128
406,7.35347,0.0186754,1,-0.374906,-0.132717,0.406966,-0.403013,-0.147146,0.413902,-0.374906,-0.132717,0.36627,-0.106802
407,7.37158,0.0164658,1,-0.323591,-0.0884978,0.34972,-0.348884,-0.100426,0.355319,-0.323591,-0.0884978,0.314748,-0.0792164
408,7.3897,0.0146188,1,-0.274709,-0.0602575,0.288455,-0.297697,-0.0702955,0.291908,-0.274709,-0.0602575,0.259609,-0.0554688
409,7.40781,0.0126701,1,-0.230889,-0.046232,0.226618,-0.251616,-0.0533563,0.227716,-0.230889,-0.046232,0.203956,-0.0366264
410,7.42592,0.0110374,1,-0.193438,-0.0410632,0.167053,-0.211774,-0.0460898,0.165056,-0.193438,-0.0410632,0.150348,-0.02262
411,7.44403,0.0106489,1,-0.161888,-0.0405135,0.111352,-0.1785,-0.0454606,0.105045,-0.161888,-0.0405135,0.100217,-0.0126187
412,7.46214,0.0111952,1,-0.136314,-0.0430794,0.0584059,-0.151575,-0.0491316,0.0480887,-0.136314,-0.0430794,0.0525653,-0.00557307
413,7.48026,0.0114568,1,-0.116471,-0.049068,0.00676642,-0.130466,-0.0554573,-0.00576714,-0.116471,-0.049068,0.00608978,-0.000551664
414,7.49837,0.0122744,1,-0.102331,-0.0572559,-0.0403013,-0.114491,-0.0633781,-0.05663,-0.102331,-0.0572559,-0.0362712,0.00288685
415,7.51648,0.0139029,1,-0.0915983,-0.0654995,-0.0845256,-0.102947,-0.0722893,-0.10465,-0.0915983,-0.0654995,-0.076073,0.00541968
416,7.53459,0.0162648,1,-0.0843827,-0.0743427,-0.125074,-0.0951807,-0.0819209,-0.149966,-0.0843827,-0.0743427,-0.112567,0.00738786
417,7.5527,0.0183036,1,-0.0804902,-0.0848412,-0.163579,-0.0906313,-0.0922409,-0.192691,-0.0804902,-0.0848412,-0.147221,0.00921656
418,7.57082,0.0198181,1,-0.0794078,-0.0961064,-0.20071,-0.0888513,-0.103384,-0.232899,-0.0794078,-0.0961064,-0.180639,0.0111565
419,7.58893,0.021179,1,-0.0803946,-0.107485,-0.236034,-0.0895103,-0.115606,-0.270626,-0.0803946,-0.107485,-0.212431,0.0132831
420,7.60704,0.0221649,1,-0.0833074,-0.120029,-0.269723,-0.0923923,-0.129248,-0.305866,-0.0833074,-0.120029,-0.242751,0.0157289
421,7.62515,0.0234274,1,-0.0879049,-0.134307,-0.300506,-0.0973901,-0.144728,-0.338558,-0.0879049,-0.134307,-0.270455,0.0184912
422,7.64326,0.0252233,1,-0.0943805,-0.149789,-0.32803,-0.104498,-0.162531,-0.368575,-0.0943805,-0.149789,-0.295227,0.0216717
423,7.66138,0.0271431,1,-0.102779,-0.167919,-0.352635,-0.113804,-0.183206,-0.395705,-0.102779,-0.167919,-0.317372,0.0253703
424,7.67949,0.0292555,1,-0.113156,-0.188762,-0.374125,-0.125488,-0.207373,-0.419614,-0.113156,-0.188762,-0.336713,0.0296341
425,7.6976,0.0312162,1,-0.125757,-0.213156,-0.392727,-0.139815,-0.235711,-0.439811,-0.125757,-0.213156,-0.353454,0.0345716
426,7.71571,0.033277,1,-0.140724,-0.242522,-0.407066,-0.15713,-0.268953,-0.455587,-0.140724,-0.242522,-0.366359,0.0400987
427,7.73382,0.0352185,1,-0.158835,-0.27699,-0.416875,-0.17785,-0.307842,-0.465942,-0.158835,-0.27699,-0.375187,0.04635
428,7.75194,0.0374084,1,-0.180335,-0.316651,-0.420675,-0.202446,-0.353062,-0.469497,-0.180335,-0.316651,-0.378608,0.0531038
429,7.77005,0.0392829,1,-0.206103,-0.363595,-0.416791,-0.231415,-0.405104,-0.464391,-0.206103,-0.363595,-0.375112,0.0601313
430,7.78816,0.041196,1,-0.236532,-0.417383,-0.402462,-0.265216,-0.464044,-0.448193,-0.236532,-0.417383,-0.362216,0.0666366
431,7.80627,0.0430591,1,-0.271692,-0.477065,-0.375555,-0.304174,-0.529186,-0.41787,-0.271692,-0.477065,-0.337999,0.0714245
432,7.82438,0.0446224,1,-0.311666,-0.541,-0.333617,-0.348317,-0.598565,-0.369899,-0.311666,-0.541,-0.300255,0.0727839
433,7.8425,0.0455651,1,-0.356176,-0.60607,-0.274713,-0.397146,-0.668327,-0.300675,-0.356176,-0.60607,-0.247242,0.0684924
434,7.86061,0.0461308,1,-0.404387,-0.667307,-0.194651,-0.449328,-0.732129,-0.207398,-0.404387,-0.667307,-0.175186,0.0550998
435,7.87872,0.0468487,1,-0.454,-0.715804,-0.091054,-0.502366,-0.780942,-0.0895742,-0.454,-0.715804,-0.0819486,0.028937
436,7.89683,0.0475811,1,-0.500663,-0.741496,0.0338531,-0.552381,-0.803845,0.0490164,-0.500663,-0.741496,0.0304678,-0.0118643
437,7.91494,0.0461521,1,-0.540889,-0.737052,0.172154,-0.59421,-0.790402,0.198625,-0.540889,-0.737052,0.154939,-0.0651814
438,7.93306,0.0420018,1,-0.570034,-0.695283,0.311294,-0.622086,-0.734576,0.343528,-0.570034,-0.695283,0.280165,-0.124214
439,7.95117,0.0370842,1,-0.582811,-0.61364,0.430611,-0.630926,-0.638654,0.465035,-0.582811,-0.61364,0.38755,-0.175676
440,7.96928,0.0315755,1,-0.574772,-0.501092,0.51635,-0.617895,-0.514528,0.547187,-0.574772,-0.501092,0.464715,-0.207748
441,7.98739,0.0260813,1,-0.546246,-0.374961,0.557429,-0.583509,-0.380531,0.582352,-0.546246,-0.374961,0.501686,-0.213146
442,8.0055,0.0203103,1,-0.500728,-0.255566,0.556378,-0.531627,-0.255127,0.573188,-0.500728,-0.255566,0.50074,-0.195016
443,8.02362,0.0154458,1,-0.442823,-0.156221,0.523481,-0.468294,-0.151233,0.529966,-0.442823,-0.156221,0.471133,-0.162267
444,8.04173,0.0117933,1,-0.380354,-0.0793319,0.465997,-0.400088,-0.0740733,0.465551,-0.380354,-0.0793319,0.419397,-0.124071
445,8.05984,0.0104436,1,-0.317361,-0.0279586,0.399095,-0.332706,-0.0225167,0.391212,-0.317361,-0.0279586,0.359185,-0.0886601
446,8.07795,0.010345,1,-0.258677,0.00370835,0.327718,-0.270236,0.00810181,0.31475,-0.258677,0.00370835,0.294946,-0.059341
447,8.09606,0.0110062,1,-0.206386,0.0199213,0.257173,-0.215053,0.023459,0.240566,-0.206386,0.0199213,0.231456,-0.0371538
448,8.11418,0.0118336,1,-0.160341,0.0263299,0.189418,-0.168104,0.0287344,0.170601,-0.160341,0.0263299,0.170476,-0.0212599
449,8.13229,0.0130418,1,-0.122499,0.0273504,0.126879,-0.129324,0.0280067,0.105356,-0.122499,0.0273504,0.114191,-0.0108798
450,8.1504,0.0146969,1,-0.0929087,0.023123,0.0695506,-0.0980312,0.0241947,0.0446386,-0.0929087,0.023123,0.0625955,-0.0045233
451,8.16851,0.0162123,1,-0.0691084,0.0179769,0.0157608,-0.073232,0.0192384,-0.0119867,-0.0691084,0.0179769,0.0141847,-0.00076244
452,8.18662,0.0185944,1,-0.0504115,0.0145379,-0.0329601,-0.0538349,0.0143417,-0.0649834,-0.0504115,0.0145379,-0.0296641,0.0011631
453,8.20474,0.0216539,1,-0.0361881,0.0109666,-0.0773466,-0.0387786,0.0101958,-0.114755,-0.0361881,0.0109666,-0.0696119,0.00195932
454,8.22285,0.024245,1,-0.0245243,0.00803037,-0.11972,-0.0271029,0.00715814,-0.161625,-0.0245243,0.00803037,-0.107748,0.00205524
455,8.24096,0.0266681,1,-0.0153959,0.00568748,-0.159731,-0.0179771,0.00538466,-0.205848,-0.0153959,0.00568748,-0.143758,0.00172144
456,8.25907,0.0276477,1,-0.00776585,0.00526557,-0.199828,-0.0107043,0.00492317,-0.247623,-0.00776585,0.00526557,-0.179845,0.00108628
457,8.27718,0.027722,1,-0.00188325,0.00654484,-0.239182,-0.00471022,0.00577633,-0.287108,-0.00188325,0.00654484,-0.215264,0.000315307
458,8.2953,0.0281531,1,0.00315679,0.00920212,-0.275758,0.000474965,0.00794306,-0.324431,0.00315679,0.00920212,-0.248183,-0.000609359
459,8.31341,0.0287259,1,0.00821865,0.0133597,-0.310067,0.00523753,0.0114452,-0.359696,0.00821865,0.0133597,-0.279061,-0.00178383
460,8.33152,0.0296353,1,0.0132293,0.0189914,-0.341833,0.00990126,0.0163449,-0.392987,0.0132293,0.0189914,-0.30765,-0.00316555
461,8.34963,0.0310097,1,0.0181589,0.0257809,-0.37085,0.0147472,0.022756,-0.424367,0.0181589,0.0257809,-0.333765,-0.00471395
462,8.36774,0.0328292,1,0.0231228,0.0339783,-0.397184,0.0200317,0.0308537,-0.453876,0.0231228,0.0339783,-0.357465,-0.00642881
463,8.38586,0.0350759,1,0.029213,0.0443361,-0.420954,0.0260028,0.0408834,-0.481524,0.029213,0.0443361,-0.378858,-0.00860812
464,8.40397,0.0374643,1,0.0367195,0.0573434,-0.44264,0.0329153,0.0531691,-0.507284,0.0367195,0.0573434,-0.398376,-0.0113774
465,8.42208,0.0393359,1,0.0453259,0.0729514,-0.46325,0.041045,0.0681251,-0.531076,0.0453259,0.0729514,-0.416925,-0.0146981
466,8.44019,0.0406223,1,0.0553255,0.0915542,-0.48274,0.0507018,0.0862671,-0.552749,0.0553255,0.0915542,-0.434466,-0.0186955
467,8.4583,0.0411842,1,0.0669936,0.113199,-0.501047,0.0622436,0.108224,-0.572048,0.0669936,0.113199,-0.450943,-0.0234969
468,8.47642,0.041703,1,0.0807404,0.139398,-0.516643,0.076089,0.134751,-0.588575,0.0807404,0.139398,-0.464979,-0.0291998
469,8.49453,0.0426798,1,0.0975838,0.171599,-0.528119,0.0927294,0.16673,-0.601722,0.0975838,0.171599,-0.475307,-0.0360751
470,8.51264,0.0440101,1,0.118445,0.211446,-0.534836,0.112739,0.20516,-0.61059,0.118445,0.211446,-0.481353,-0.0443442
471,8.53075,0.0457626,1,0.143404,0.259361,-0.535313,0.136775,0.251118,-0.613868,0.143404,0.259361,-0.481782,-0.0537364
472,8.54886,0.0483346,1,0.173001,0.315309,-0.526851,0.165575,0.305658,-0.609678,0.173001,0.315309,-0.474165,-0.0638019
473,8.56698,0.0507792,1,0.207775,0.379061,-0.508306,0.199913,0.369616,-0.595395,0.207775,0.379061,-0.457476,-0.0739292
474,8.58509,0.0535199,1,0.248295,0.451385,-0.475443,0.240529,0.443256,-0.567457,0.248295,0.451385,-0.427898,-0.082635
475,8.6032,0.05698,1,0.295284,0.529686,-0.422921,0.287981,0.525675,-0.521261,0.295284,0.529686,-0.380629,-0.0874173
476,8.62131,0.0612931,1,0.348715,0.612086,-0.34535,0.342382,0.613904,-0.451308,0.348715,0.612086,-0.310815,-0.0843
477,8.63942,0.0679252,1,0.406979,0.687979,-0.235152,0.403003,0.701755,-0.351925,0.406979,0.687979,-0.211637,-0.0669915
478,8.65754,0.0754574,1,0.467438,0.747884,-0.0919527,0.467734,0.778715,-0.21896,0.467438,0.747884,-0.0827575,-0.0300875
479,8.67565,0.0814763,1,0.525304,0.773798,0.0766027,0.532507,0.829754,-0.0527501,0.525304,0.773798,0.0689424,0.0281678
480,8.69376,0.0865039,1,0.571835,0.748807,0.257398,0.590986,0.837437,0.138122,0.571835,0.748807,0.231659,0.103033
481,8.71187,0.0896243,1,0.600112,0.667809,0.42689,0.635007,0.787471,0.334365,0.600112,0.667809,0.384201,0.179327
482,8.72998,0.0910582,1,0.603927,0.537311,0.560509,0.656217,0.6766,0.508173,0.603927,0.537311,0.504458,0.236954
483,8.7481,0.0901795,1,0.581465,0.377227,0.638705,0.648698,0.518048,0.631895,0.581465,0.377227,0.574835,0.259969
484,8.76621,0.0858279,1,0.532023,0.217717,0.65605,0.611412,0.338872,0.689487,0.532023,0.217717,0.590445,0.244323
485,8.78432,0.078882,1,0.464762,0.0773532,0.626497,0.548885,0.169171,0.682711,0.464762,0.0773532,0.563847,0.20382
486,8.80243,0.0700831,1,0.387619,-0.0317048,0.563217,0.469612,0.0304981,0.627582,0.387619,-0.0317048,0.506895,0.152819
487,8.82054,0.0628997,1,0.306741,-0.105323,0.476369,0.38321,-0.0689979,0.54494,0.306741,-0.105323,0.428732,0.102285
488,8.83866,0.0542204,1,0.230205,-0.148284,0.389369,0.29794,-0.132071,0.452367,0.230205,-0.148284,0.350432,0.0627444
489,8.85677,0.0446352,1,0.162106,-0.172027,0.309424,0.219476,-0.1669,0.360993,0.162106,-0.172027,0.278482,0.0351117
490,8.87488,0.0349427,1,0.104707,-0.178,0.237238,0.150845,-0.182579,0.276139,0.104707,-0.178,0.213514,0.0173884
491,8.89299,0.0270022,1,0.0576857,-0.177633,0.170093,0.0929865,-0.186805,0.199369,0.0576857,-0.177633,0.153084,0.00686835
492,8.9111,0.0201222,1,0.01837,-0.174188,0.111424,0.0454639,-0.18523,0.130363,0.01837,-0.174188,0.100281,0.0014328
493,8.92922,0.0149876,1,-0.0132648,-0.170829,0.056169,0.00707442,-0.181655,0.0681276,-0.0132648,-0.170829,0.0505521,-0.000521551
494,8.94733,0.0105608,1,-0.0382105,-0.168499,0.00660666,-0.023717,-0.178473,0.0116117,-0.0382105,-0.168499,0.00594599,-0.000176711
495,8.96544,0.00729963,1,-0.0579205,-0.16871,-0.0393175,-0.0485048,-0.177116,-0.0400505,-0.0579205,-0.16871,-0.0353858,0.0015941
496,8.98355,0.00689295,1,-0.0747136,-0.170967,-0.0802537,-0.0687915,-0.178398,-0.0874819,-0.0747136,-0.170967,-0.0722283,0.00419722
497,9.00166,0.00878639,1,-0.0893376,-0.175974,-0.117904,-0.0859181,-0.182776,-0.131082,-0.0893376,-0.175974,-0.106114,0.0073733
498,9.01978,0.0112462,1,-0.102195,-0.184486,-0.152575,-0.101045,-0.190514,-0.171063,-0.102195,-0.184486,-0.137318,0.0109147
499,9.03789,0.0142483,1,-0.114922,-0.196756,-0.183324,-0.115163,-0.201804,-0.20748,-0.114922,-0.196756,-0.164992,0.0147476
500,9.056,0.0181964,1,-0.12756,-0.212183,-0.209116,-0.129116,-0.216831,-0.240249,-0.12756,-0.212183,-0.188204,0.0186724
501,9.07411,0.0226861,1,-0.140496,-0.230535,-0.230332,-0.14363,-0.235811,-0.269143,-0.140496,-0.230535,-0.207299,0.0226525
502,9.09222,0.0260281,1,-0.155419,-0.252398,-0.249356,-0.159343,-0.259003,-0.293779,-0.155419,-0.252398,-0.224421,0.0271283
503,9.11034,0.0273109,1,-0.172363,-0.278957,-0.267137,-0.17683,-0.2867,-0.313588,-0.172363,-0.278957,-0.240423,0.0322312
504,9.12845,0.0286781,1,-0.191412,-0.309175,-0.279408,-0.196613,-0.319191,-0.32778,-0.191412,-0.309175,-0.251467,0.0374373
505,9.14656,0.0304154,1,-0.213032,-0.34452,-0.284411,-0.219166,-0.356698,-0.335297,-0.213032,-0.34452,-0.25597,0.0424121
506,9.16467,0.0317133,1,-0.237379,-0.38559,-0.282104,-0.244905,-0.39926,-0.334769,-0.237379,-0.38559,-0.253893,0.0468758
507,9.18278,0.0327181,1,-0.265474,-0.433078,-0.27015,-0.274148,-0.446577,-0.3245,-0.265474,-0.433078,-0.243135,0.0502025
508,9.2009,0.0345335,1,-0.29759,-0.483691,-0.245137,-0.307049,-0.497777,-0.302493,-0.29759,-0.483691,-0.220623,0.0510651
509,9.21901,0.036745,1,-0.333014,-0.535266,-0.205853,-0.343503,-0.55113,-0.266589,-0.333014,-0.535266,-0.185268,0.0479864
510,9.23712,0.0387751,1,-0.370874,-0.580912,-0.152786,-0.383004,-0.603726,-0.214777,-0.370874,-0.580912,-0.137507,0.039665
511,9.25523,0.0403816,1,-0.409629,-0.620208,-0.0848483,-0.424479,-0.651238,-0.145747,-0.409629,-0.620208,-0.0763634,0.0243294
512,9.27334,0.0427696,1,-0.447343,-0.648067,-0.000167117,-0.466129,-0.687925,-0.0597169,-0.447343,-0.648067,-0.000150405,5.23309e-05
513,9.29146,0.0455601,1,-0.481729,-0.658259,0.0978432,-0.505347,-0.707162,0.0405907,-0.481729,-0.658259,0.0880589,-0.0329937
514,9.30957,0.0475856,1,-0.509539,-0.642408,0.197164,-0.538804,-0.702688,0.149172,-0.509539,-0.642408,0.177447,-0.0703238
515,9.32768,0.049411,1,-0.527181,-0.601011,0.291724,-0.562823,-0.670514,0.256748,-0.527181,-0.601011,0.262552,-0.107654
516,9.34579,0.0499094,1,-0.532038,-0.538237,0.372826,-0.574042,-0.610889,0.352085,-0.532038,-0.538237,0.335544,-0.13885
517,9.3639,0.0494601,1,-0.523155,-0.45812,0.432373,-0.570241,-0.529264,0.424601,-0.523155,-0.45812,0.389136,-0.158339
518,9.38202,0.0480744,1,-0.50028,-0.369529,0.46257,-0.551018,-0.435383,0.467291,-0.50028,-0.369529,0.416313,-0.16199
519,9.40013,0.0464615,1,-0.46518,-0.282445,0.461259,-0.518015,-0.340638,0.478527,-0.46518,-0.282445,0.415133,-0.150198
520,9.41824,0.0440047,1,-0.421233,-0.208621,0.433109,-0.47454,-0.254926,0.461805,-0.421233,-0.208621,0.389799,-0.127708
521,9.43635,0.0398776,1,-0.373904,-0.151581,0.3907,-0.424781,-0.184541,0.423804,-0.373904,-0.151581,0.35163,-0.102259
522,9.45446,0.0347958,1,-0.326461,-0.109453,0.340729,-0.372923,-0.131747,0.371978,-0.326461,-0.109453,0.306656,-0.0778641
523,9.47258,0.0293324,1,-0.280975,-0.0815279,0.287135,-0.32249,-0.0956656,0.312783,-0.280975,-0.0815279,0.258421,-0.0564744
524,9.49069,0.0240339,1,-0.239977,-0.0661685,0.231476,-0.276022,-0.0736463,0.250912,-0.239977,-0.0661685,0.208328,-0.0388842
525,9.5088,0.0191902,1,-0.204353,-0.0598355,0.176839,-0.235049,-0.0624628,0.189316,-0.204353,-0.0598355,0.159155,-0.0252964
526,9.52691,0.0148579,1,-0.175026,-0.0596848,0.124541,-0.200249,-0.0590805,0.129612,-0.175026,-0.0596848,0.112087,-0.0152586
527,9.54502,0.0117396,1,-0.151354,-0.0616496,0.0728904,-0.171674,-0.0610186,0.0725474,-0.151354,-0.0616496,0.0656014,-0.00772256
528,9.56314,0.00994194,1,-0.132116,-0.0666917,0.0218506,-0.148981,-0.0664415,0.0183799,-0.132116,-0.0666917,0.0196655,-0.00202077
529,9.58125,0.00909183,1,-0.117602,-0.0741103,-0.0256768,-0.131609,-0.0741069,-0.0328734,-0.117602,-0.0741103,-0.0231091,0.00211374
530,9.59936,0.00903287,1,-0.107399,-0.0829341,-0.0707115,-0.118922,-0.0832592,-0.0812894,-0.107399,-0.0829341,-0.0636403,0.00531606
531,9.61747,0.00999824,1,-0.100541,-0.0916156,-0.112785,-0.110302,-0.0935158,-0.126964,-0.100541,-0.0916156,-0.101507,0.00793773
532,9.63558,0.0110583,1,-0.0970552,-0.101752,-0.152901,-0.105196,-0.104768,-0.169974,-0.0970552,-0.101752,-0.137611,0.0103879
533,9.6537,0.0124923,1,-0.0961881,-0.114233,-0.190082,-0.103155,-0.117106,-0.210364,-0.0961881,-0.114233,-0.171074,0.0127985
534,9.67181,0.0148052,1,-0.0972654,-0.126888,-0.223656,-0.103839,-0.13076,-0.248138,-0.0972654,-0.126888,-0.20129,0.0152278
535,9.68992,0.0178439,1,-0.0998153,-0.139349,-0.253954,-0.107024,-0.146072,-0.283246,-0.0998153,-0.139349,-0.228558,0.0177439
536,9.70803,0.0205803,1,-0.104465,-0.153983,-0.28219,-0.112594,-0.163464,-0.315577,-0.104465,-0.153983,-0.253971,0.0206354
537,9.72614,0.0230635,1,-0.111776,-0.172274,-0.307596,-0.120541,-0.183435,-0.344937,-0.111776,-0.172274,-0.276837,0.0240674
538,9.74426,0.0256761,1,-0.121523,-0.193507,-0.329569,-0.130953,-0.206547,-0.371028,-0.121523,-0.193507,-0.296612,0.0280351
539,9.76237,0.0283272,1,-0.133565,-0.21773,-0.348106,-0.144009,-0.233419,-0.393405,-0.133565,-0.21773,-0.313295,0.0325464
540,9.78048,0.0305429,1,-0.148147,-0.245767,-0.363479,-0.159973,-0.264711,-0.411436,-0.148147,-0.245767,-0.327131,0.0376937
541,9.79859,0.0324511,1,-0.165092,-0.27812,-0.374907,-0.179183,-0.30109,-0.424233,-0.165092,-0.27812,-0.337416,0.0433258
542,9.8167,0.0341738,1,-0.18582,-0.316381,-0.38035,-0.202029,-0.343168,-0.430582,-0.18582,-0.316381,-0.342315,0.0494736
543,9.83482,0.035993,1,-0.210578,-0.360428,-0.37796,-0.228933,-0.391389,-0.428862,-0.210578,-0.360428,-0.340164,0.0557132
544,9.85293,0.0380032,1,-0.239236,-0.409519,-0.36627,-0.260288,-0.445846,-0.416964,-0.239236,-0.409519,-0.329643,0.0613376
545,9.87104,0.0400312,1,-0.271816,-0.463765,-0.343065,-0.296378,-0.50599,-0.392271,-0.271816,-0.463765,-0.308758,0.0652753
546,9.88915,0.0414198,1,-0.308962,-0.522529,-0.306222,-0.337245,-0.570226,-0.35174,-0.308962,-0.522529,-0.2756,0.0662277
547,9.90726,0.0422721,1,-0.350061,-0.58258,-0.253249,-0.382499,-0.635402,-0.292214,-0.350061,-0.58258,-0.227924,0.0620566
548,9.92538,0.0429026,1,-0.394519,-0.638721,-0.181611,-0.431061,-0.69631,-0.211108,-0.394519,-0.638721,-0.16345,0.0501543
549,9.94349,0.04354,1,-0.440442,-0.684427,-0.089462,-0.480887,-0.745447,-0.107573,-0.440442,-0.684427,-0.0805158,0.027582
550,9.9616,0.0444203,1,-0.484418,-0.710918,0.0220776,-0.528759,-0.773491,0.0159108,-0.484418,-0.710918,0.0198698,-0.00748636
551,9.97971,0.04375,1,-0.522797,-0.712263,0.146098,-0.570306,-0.770999,0.15202,-0.522797,-0.712263,0.131488,-0.0534657
552,9.99782,0.0414352,1,-0.552083,-0.680807,0.272324,-0.600454,-0.731404,0.28816,-0.552083,-0.680807,0.245092,-0.105242
553,10.0159,0.0387577,1,-0.566033,-0.61445,0.384455,-0.614403,-0.65444,0.408282,-0.566033,-0.61445,0.34601,-0.15233
554,10.034,0.0348893,1,-0.563199,-0.519422,0.469877,-0.608936,-0.548016,0.497122,-0.563199,-0.519422,0.42289,-0.185244
555,10.0522,0.0306649,1,-0.541775,-0.408885,0.517625,-0.58353,-0.426738,0.545171,-0.541775,-0.408885,0.465863,-0.196306
556,10.0703,0.025692,1,-0.50473,-0.299376,0.526505,-0.540678,-0.307273,0.551517,-0.50473,-0.299376,0.473855,-0.18602
557,10.0884,0.0209878,1,-0.454626,-0.20332,0.503262,-0.485213,-0.203119,0.522906,-0.454626,-0.20332,0.452936,-0.160157
558,10.1065,0.0165063,1,-0.398199,-0.127045,0.456861,-0.42298,-0.1216,0.470038,-0.398199,-0.127045,0.411174,-0.127345
559,10.1246,0.0127268,1,-0.340633,-0.0726668,0.396281,-0.359502,-0.0639308,0.403599,-0.340633,-0.0726668,0.356653,-0.0944904
560,10.1427,0.00971574,1,-0.28529,-0.0367482,0.330527,-0.299102,-0.0272273,0.331859,-0.28529,-0.0367482,0.297475,-0.0660074
561,10.1608,0.00822754,1,-0.235189,-0.0171064,0.263014,-0.244598,-0.00681383,0.26008,-0.235189,-0.0171064,0.236713,-0.0433006
562,10.1789,0.00828052,1,-0.190793,-0.00864658,0.197827,-0.197417,0.00210629,0.19103,-0.190793,-0.00864658,0.178044,-0.0264208
563,10.1971,0.00887949,1,-0.153244,-0.00617081,0.136745,-0.157922,0.00359693,0.125826,-0.153244,-0.00617081,0.123071,-0.0146688
564,10.2152,0.0106106,1,-0.123336,-0.00852432,0.080369,-0.125764,0.00072779,0.0646764,-0.123336,-0.00852432,0.0723321,-0.00693869
565,10.2333,0.0122158,1,-0.0998518,-0.0141068,0.026159,-0.10019,-0.00436904,0.00737761,-0.0998518,-0.0141068,0.0235431,-0.00182841
566,10.2514,0.0145535,1,-0.0822176,-0.0207284,-0.023534,-0.080271,-0.0103196,-0.0464093,-0.0822176,-0.0207284,-0.0211806,0.00135444
567,10.2695,0.0172189,1,-0.0686691,-0.0272687,-0.0695246,-0.0650545,-0.0163104,-0.0970259,-0.0686691,-0.0272687,-0.0625722,0.00334194
568,10.2876,0.0202172,1,-0.058526,-0.0335843,-0.112115,-0.0536502,-0.0219158,-0.144769,-0.058526,-0.0335843,-0.100904,0.00459316
569,10.3057,0.0233387,1,-0.0513427,-0.0406479,-0.152331,-0.0452783,-0.0269647,-0.189882,-0.0513427,-0.0406479,-0.137098,0.00547477
570,10.3238,0.025506,1,-0.0466551,-0.0471194,-0.191924,-0.0392851,-0.0314432,-0.232563,-0.0466551,-0.0471194,-0.172731,0.00626795
571,10.342,0.0271578,1,-0.044092,-0.0530291,-0.230282,-0.0351422,-0.0354282,-0.272976,-0.044092,-0.0530291,-0.207254,0.00710752
572,10.3601,0.0288877,1,-0.0433091,-0.0588129,-0.266598,-0.0324359,-0.0390447,-0.311258,-0.0433091,-0.0588129,-0.239939,0.00808231
573,10.3782,0.03061,1,-0.0432558,-0.0645234,-0.300953,-0.0308526,-0.0424397,-0.34753,-0.0432558,-0.0645234,-0.270858,0.00911259
574,10.3963,0.0329212,1,-0.0442658,-0.0706131,-0.33255,-0.0301631,-0.0457688,-0.381899,-0.0442658,-0.0706131,-0.299295,0.0103044
575,10.4144,0.0359901,1,-0.0464018,-0.077752,-0.361472,-0.0302083,-0.0491905,-0.414461,-0.0464018,-0.077752,-0.325324,0.0117411
576,10.4325,0.0395168,1,-0.0495709,-0.0858575,-0.388321,-0.0308867,-0.0528657,-0.445305,-0.0495709,-0.0858575,-0.349489,0.0134746
577,10.4506,0.0432511,1,-0.0539717,-0.0955481,-0.414122,-0.0321452,-0.0569615,-0.474509,-0.0539717,-0.0955481,-0.37271,0.0156456
578,10.4687,0.0474877,1,-0.0590265,-0.106773,-0.438098,-0.0339712,-0.0616566,-0.502145,-0.0590265,-0.106773,-0.394288,0.0181015
579,10.4868,0.0521995,1,-0.0652258,-0.119906,-0.460748,-0.0363888,-0.0671488,-0.528271,-0.0652258,-0.119906,-0.414673,0.0210369
580,10.505,0.0577831,1,-0.0733694,-0.135865,-0.482243,-0.0394557,-0.0736636,-0.552936,-0.0733694,-0.135865,-0.434019,0.0247673
581,10.5231,0.0647142,1,-0.0833626,-0.155457,-0.502138,-0.0432638,-0.081465,-0.576172,-0.0833626,-0.155457,-0.451924,0.0293017
582,10.5412,0.073613,1,-0.0953946,-0.179328,-0.51938,-0.0479405,-0.090867,-0.597989,-0.0953946,-0.179328,-0.467442,0.0346822
583,10.5593,0.0850297,1,-0.110085,-0.208357,-0.533241,-0.0536527,-0.102248,-0.618367,-0.110085,-0.208357,-0.479917,0.0410913
584,10.5774,0.0992195,1,-0.127852,-0.243137,-0.543093,-0.0606131,-0.116065,-0.637247,-0.127852,-0.243137,-0.488784,0.048605
585,10.5955,0.116782,1,-0.149249,-0.284292,-0.546986,-0.0690874,-0.132875,-0.654509,-0.149249,-0.284292,-0.492287,0.0571459
586,10.6136,0.137944,1,-0.174931,-0.332779,-0.544382,-0.079405,-0.153352,-0.669944,-0.174931,-0.332779,-0.489944,0.0666607
587,10.6317,0.163832,1,-0.205688,-0.390629,-0.533191,-0.0919699,-0.178305,-0.683221,-0.205688,-0.390629,-0.479872,0.0767696
588,10.6499,0.195419,1,-0.242321,-0.458314,-0.50937,-0.107274,-0.208701,-0.69382,-0.242321,-0.458314,-0.458433,0.0864018
589,10.668,0.232415,1,-0.284804,-0.533969,-0.469251,-0.125911,-0.245668,-0.700952,-0.284804,-0.533969,-0.422325,0.0935511
590,10.6861,0.274533,0,-0.333939,-0.615288,-0.409753,-0.148586,-0.290478,-0.703432,-0.333939,-0.615288,-0.368778,0.0957828
591,10.7042,0.321867,0,-0.389468,-0.696366,-0.323404,-0.176114,-0.344492,-0.699514,-0.389468,-0.696366,-0.291063,0.0881687
592,10.7223,0.371122,0,-0.448761,-0.767982,-0.210181,-0.209409,-0.409002,-0.686667,-0.448761,-0.767982,-0.189163,0.0660246
593,10.7404,0.421592,0,-0.508365,-0.819504,-0.0661373,-0.249422,-0.484927,-0.661307,-0.508365,-0.819504,-0.0595236,0.0235353
594,10.7585,0.469535,0,-0.563898,-0.837321,0.102492,-0.297024,-0.572247,-0.618551,-0.563898,-0.837321,0.0922424,-0.0404564
595,10.7766,0.510375,0,-0.608724,-0.807776,0.282542,-0.352764,-0.669061,-0.552137,-0.608724,-0.807776,0.254288,-0.120393
596,10.7948,0.537519,0,-0.633957,-0.717958,0.448911,-0.416465,-0.770189,-0.45483,-0.633957,-0.717958,0.40402,-0.199213
597,10.8129,0.54863,0,-0.632794,-0.580995,0.574909,-0.486604,-0.865504,-0.319891,-0.632794,-0.580995,0.517419,-0.254659
598,10.831,0.544994,0,-0.605394,-0.418521,0.642118,-0.55953,-0.938753,-0.14421,-0.605394,-0.418521,0.577906,-0.272114
599,10.8491,0.531896,0,-0.553917,-0.260086,0.650874,-0.628787,-0.968608,0.0668081,-0.553917,-0.260086,0.585787,-0.252371
600,10.8672,0.515677,0,-0.483697,-0.123783,0.611477,-0.685138,-0.934146,0.294458,-0.483697,-0.123783,0.55033,-0.207039
601,10.8853,0.497744,0,-0.404393,-0.0227015,0.539797,-0.718054,-0.825049,0.506578,-0.404393,-0.0227015,0.485817,-0.152803
602,10.9034,0.475064,0,-0.32644,0.0409179,0.457526,-0.718861,-0.651457,0.666523,-0.32644,0.0409179,0.411773,-0.104548
603,10.9215,0.446897,0,-0.2522,0.0783233,0.375887,-0.68435,-0.444331,0.749022,-0.2522,0.0783233,0.338298,-0.066359
604,10.9396,0.412563,0,-0.187207,0.0976903,0.294927,-0.618512,-0.242687,0.751813,-0.187207,0.0976903,0.265434,-0.0386487
605,10.9578,0.37422,0,-0.130803,0.104603,0.21694,-0.531057,-0.0765198,0.693503,-0.130803,0.104603,0.195246,-0.0198635
606,10.9759,0.332434,0,-0.0845095,0.103826,0.147358,-0.433746,0.0419449,0.600944,-0.0845095,0.103826,0.132622,-0.0087172
607,10.994,0.289763,0,-0.0482062,0.0995308,0.0869846,-0.336908,0.115677,0.497202,-0.0482062,0.0995308,0.0782862,-0.00293524
608,11.0121,0.250049,0,-0.0173818,0.0967646,0.0344319,-0.247641,0.155179,0.396567,-0.0173818,0.0967646,0.0309887,-0.000418941
609,11.0302,0.215372,1,0.00737015,0.0962374,-0.0140455,-0.169676,0.172078,0.30542,0.00737015,0.0962374,-0.012641,-7.24622e-05
610,11.0483,0.186135,1,0.0262687,0.0967369,-0.0588093,-0.104123,0.175968,0.225196,0.0262687,0.0967369,-0.0529284,-0.00108139
611,11.0664,0.161871,1,0.0413552,0.0985651,-0.0990408,-0.0504094,0.173681,0.155014,0.0413552,0.0985651,-0.0891367,-0.0028671
612,11.0845,0.142399,1,0.054948,0.10434,-0.136316,-0.00706301,0.169652,0.0932962,0.054948,0.10434,-0.122684,-0.0052432
613,11.1027,0.127382,1,0.0686419,0.114292,-0.171873,0.0277544,0.166581,0.0385377,0.0686419,0.114292,-0.154685,-0.00825837
614,11.1208,0.11553,1,0.0820463,0.127804,-0.2051,0.0559214,0.166016,-0.010423,0.0820463,0.127804,-0.18459,-0.0117794
615,11.1389,0.105134,1,0.0952781,0.144143,-0.234067,0.0791847,0.168798,-0.0543666,0.0952781,0.144143,-0.210661,-0.015611
616,11.157,0.0951876,1,0.10901,0.163064,-0.257854,0.0990843,0.175351,-0.0937424,0.10901,0.163064,-0.232068,-0.0196761
617,11.1751,0.0861772,1,0.123421,0.184893,-0.277849,0.116935,0.185882,-0.12873,0.123421,0.184893,-0.250064,-0.0240048
618,11.1932,0.0774084,1,0.140114,0.212409,-0.292686,0.13384,0.200488,-0.159289,0.140114,0.212409,-0.263417,-0.0287067
619,11.2113,0.0696817,1,0.1597,0.245298,-0.302683,0.150714,0.219221,-0.185184,0.1597,0.245298,-0.272415,-0.033837
620,11.2294,0.0632278,1,0.182014,0.282342,-0.306928,0.168314,0.242107,-0.205998,0.182014,0.282342,-0.276235,-0.0391055
621,11.2476,0.0587856,1,0.20814,0.325117,-0.303565,0.18726,0.269127,-0.221125,0.20814,0.325117,-0.273209,-0.0442289
622,11.2657,0.0580447,1,0.238233,0.373534,-0.291528,0.208049,0.30017,-0.229769,0.238233,0.373534,-0.262375,-0.0486162
623,11.2838,0.0597732,1,0.270518,0.424159,-0.265641,0.231054,0.334958,-0.230938,0.270518,0.424159,-0.239077,-0.0503024
624,11.3019,0.0655428,1,0.305815,0.475161,-0.225306,0.256504,0.372923,-0.22347,0.305815,0.475161,-0.202776,-0.0482314
625,11.32,0.0761333,1,0.344248,0.524468,-0.168643,0.284446,0.41307,-0.206097,0.344248,0.524468,-0.151779,-0.0406385
626,11.3381,0.0906647,1,0.384094,0.56722,-0.0940279,0.314685,0.453812,-0.177583,0.384094,0.56722,-0.0846251,-0.0252809
627,11.3562,0.107743,1,0.424084,0.596876,-0.00275043,0.346708,0.492832,-0.136964,0.424084,0.596876,-0.00247538,-0.000816487
628,11.3743,0.124704,1,0.460396,0.604582,0.100773,0.379599,0.527014,-0.0839104,0.460396,0.604582,0.0906961,0.032477
629,11.3924,0.141067,1,0.488936,0.587771,0.210023,0.411976,0.552567,-0.0191882,0.488936,0.587771,0.189021,0.0718815
630,11.4106,0.153421,1,0.506383,0.543863,0.311775,0.441986,0.565417,0.0548658,0.506383,0.543863,0.280598,0.110514
631,11.4287,0.160053,1,0.510026,0.473096,0.393163,0.467404,0.561947,0.13405,0.510026,0.473096,0.353846,0.140366
632,11.4468,0.163655,1,0.498613,0.383525,0.448456,0.485869,0.539975,0.212427,0.498613,0.383525,0.40361,0.156524
633,11.4649,0.164224,1,0.472723,0.291097,0.475132,0.495266,0.499693,0.283069,0.472723,0.291097,0.427619,0.157224
634,11.483,0.162965,1,0.434168,0.201878,0.471229,0.49416,0.444125,0.339356,0.434168,0.201878,0.424106,0.143215
635,11.5011,0.160887,1,0.387909,0.125332,0.443894,0.482167,0.378746,0.376437,0.387909,0.125332,0.399505,0.120533
636,11.5192,0.157464,1,0.337769,0.0666201,0.398609,0.460107,0.310296,0.392257,0.337769,0.0666201,0.358748,0.0942463
637,11.5373,0.154062,1,0.287188,0.0243863,0.342136,0.429866,0.245226,0.387718,0.287188,0.0243863,0.307922,0.0687801
638,11.5555,0.149185,1,0.240488,-0.00236673,0.283572,0.394029,0.188426,0.365982,0.240488,-0.00236673,0.255215,0.0477369
639,11.5736,0.143007,1,0.198833,-0.0175082,0.22553,0.355397,0.142635,0.331334,0.198833,-0.0175082,0.202977,0.0313899
640,11.5917,0.136594,1,0.162142,-0.0242545,0.167754,0.316567,0.108565,0.28811,0.162142,-0.0242545,0.150979,0.01904
641,11.6098,0.128917,1,0.131991,-0.0230223,0.112371,0.279646,0.0854619,0.239997,0.131991,-0.0230223,0.101134,0.0103824
642,11.6279,0.121701,1,0.107322,-0.0195521,0.0600632,0.246137,0.0717671,0.189774,0.107322,-0.0195521,0.0540568,0.00451229
643,11.646,0.11469,1,0.0881287,-0.0138597,0.0107393,0.216959,0.0656724,0.139344,0.0881287,-0.0138597,0.00966537,0.000662508
644,11.6641,0.107832,1,0.0741988,-0.00622742,-0.0355253,0.192542,0.0654827,0.0899185,0.0741988,-0.00622742,-0.0319728,-0.00184515
645,11.6822,0.102435,1,0.0637083,0.00176554,-0.0798919,0.172957,0.0698014,0.0422344,0.0637083,0.00176554,-0.0719027,-0.00356284
646,11.7004,0.0986162,1,0.0565104,0.0097836,-0.12272,0.158043,0.0775913,-0.00326809,0.0565104,0.0097836,-0.110448,-0.00485446
647,11.7185,0.0963876,1,0.0520536,0.0188199,-0.164423,0.147513,0.088162,-0.0463094,0.0520536,0.0188199,-0.147981,-0.00599116
648,11.7366,0.0951071,1,0.0503607,0.0294305,-0.204044,0.141036,0.101124,-0.0866813,0.0503607,0.0294305,-0.18364,-0.00719307
649,11.7547,0.0950696,1,0.0509885,0.0420717,-0.242418,0.138293,0.116329,-0.124188,0.0509885,0.0420717,-0.218177,-0.00865239
650,11.7728,0.0959008,1,0.0540171,0.0561186,-0.27831,0.139016,0.133819,-0.158607,0.0540171,0.0561186,-0.250479,-0.0105235
651,11.7909,0.096615,1,0.0589369,0.0715077,-0.308689,0.143005,0.153771,-0.189657,0.0589369,0.0715077,-0.27782,-0.0127352
652,11.809,0.0980377,1,0.0657585,0.0884628,-0.335169,0.15014,0.176457,-0.216971,0.0657585,0.0884628,-0.301652,-0.0154281
653,11.8271,0.100734,1,0.0750285,0.106657,-0.358509,0.160374,0.202204,-0.240065,0.0750285,0.106657,-0.322658,-0.0188289
654,11.8452,0.104576,1,0.0862693,0.128651,-0.379196,0.173734,0.231341,-0.25831,0.0862693,0.128651,-0.341276,-0.0228991
655,11.8634,0.109301,1,0.100001,0.155381,-0.396817,0.190294,0.264152,-0.270895,0.100001,0.155381,-0.357135,-0.0277774
656,11.8815,0.115578,1,0.116041,0.18614,-0.411232,0.210157,0.300791,-0.276799,0.116041,0.18614,-0.370109,-0.0334039
657,11.8996,0.122595,1,0.135278,0.221614,-0.42024,0.233416,0.341181,-0.274771,0.135278,0.221614,-0.378216,-0.0397944
658,11.9177,0.129983,1,0.158204,0.263207,-0.423039,0.260099,0.384864,-0.263342,0.158204,0.263207,-0.380736,-0.0468485
659,11.9358,0.137327,1,0.185191,0.311135,-0.41766,0.290098,0.430818,-0.240894,0.185191,0.311135,-0.375894,-0.0541427
660,11.9539,0.144054,1,0.21666,0.36627,-0.402341,0.323067,0.477245,-0.205829,0.21666,0.36627,-0.362107,-0.0610197
661,11.972,0.149589,1,0.252855,0.427761,-0.374241,0.35831,0.521375,-0.156878,0.252855,0.427761,-0.336817,-0.0662401
662,11.9901,0.153052,1,0.294116,0.494551,-0.330146,0.394656,0.559384,-0.0935814,0.294116,0.494551,-0.297132,-0.0679709
663,12.0083,0.1532,1,0.339654,0.561156,-0.264989,0.430364,0.586555,-0.016921,0.339654,0.561156,-0.23849,-0.0630031
664,12.0264,0.149251,1,0.389289,0.621133,-0.176608,0.463111,0.597848,0.0700407,0.389289,0.621133,-0.158947,-0.0481262
665,12.0445,0.141248,1,0.439222,0.665303,-0.0649883,0.49013,0.588949,0.161797,0.439222,0.665303,-0.0584895,-0.019981
666,12.0626,0.130728,1,0.485707,0.685252,0.0650439,0.50855,0.557631,0.25068,0.485707,0.685252,0.0585395,0.0221146
667,12.0807,0.119298,1,0.525006,0.673562,0.20891,0.51591,0.504974,0.328039,0.525006,0.673562,0.188019,0.0767754
668,12.0988,0.111231,1,0.55103,0.619634,0.345169,0.510743,0.435742,0.386126,0.55103,0.619634,0.310652,0.133139
669,12.1169,0.107399,1,0.558649,0.527469,0.457639,0.492996,0.357535,0.420015,0.558649,0.527469,0.411875,0.178962
670,12.135,0.106993,1,0.545537,0.409043,0.53247,0.464125,0.278905,0.42865,0.545537,0.409043,0.479223,0.203337
671,12.1532,0.109529,1,0.511523,0.28136,0.567307,0.426794,0.207269,0.414594,0.511523,0.28136,0.510576,0.203133
672,12.1713,0.10925,1,0.462383,0.164647,0.554232,0.384306,0.147515,0.382717,0.462383,0.164647,0.498809,0.179387
673,12.1894,0.1086,1,0.402319,0.0669682,0.512639,0.33998,0.10167,0.338595,0.402319,0.0669682,0.461375,0.144371
674,12.2075,0.104844,1,0.338021,-0.00326055,0.44845,0.29667,0.0694349,0.28726,0.338021,-0.00326055,0.403605,0.10611
675,12.2256,0.101512,1,0.274878,-0.0487284,0.377535,0.256513,0.0490888,0.232592,0.274878,-0.0487284,0.339781,0.0726431
676,12.2437,0.101121,1,0.215882,-0.0779121,0.308151,0.220881,0.0383308,0.177236,0.215882,-0.0779121,0.277336,0.046567
677,12.2618,0.100953,1,0.165592,-0.0918606,0.24069,0.190474,0.0348755,0.122819,0.165592,-0.0918606,0.216621,0.0278995
678,12.2799,0.101176,1,0.121584,-0.0966713,0.175017,0.16548,0.0367744,0.0702547,0.121584,-0.0966713,0.157516,0.0148955
679,12.298,0.102958,1,0.0849995,-0.0965021,0.11371,0.145742,0.0425367,0.0200108,0.0849995,-0.0965021,0.102339,0.00676571
680,12.3162,0.106914,1,0.0546349,-0.0947677,0.0571056,0.130903,0.0511271,-0.0276868,0.0546349,-0.0947677,0.0513951,0.00218397
681,12.3343,0.112488,1,0.0309043,-0.0917019,0.00685171,0.120524,0.0619087,-0.0727277,0.0309043,-0.0917019,0.00616654,0.000148223
682,12.3524,0.118233,1,0.013061,-0.0873511,-0.0408844,0.114159,0.0745659,-0.115038,0.013061,-0.0873511,-0.0367959,-0.000373794
683,12.3705,0.125733,1,-0.00153227,-0.0840118,-0.0857934,0.111411,0.0890325,-0.154536,-0.00153227,-0.0840118,-0.077214,9.20212e-05
684,12.3886,0.135889,1,-0.013825,-0.082884,-0.126966,0.111961,0.105429,-0.191102,-0.013825,-0.082884,-0.11427,0.00122872
685,12.4067,0.1473,1,-0.0229063,-0.0823821,-0.167009,0.115584,0.124016,-0.224555,-0.0229063,-0.0823821,-0.150308,0.00267789
686,12.4248,0.160394,1,-0.0300043,-0.0820008,-0.205365,0.122153,0.145155,-0.254634,-0.0300043,-0.0820008,-0.184828,0.00431328
687,12.4429,0.176843,1,-0.0362359,-0.0841314,-0.243233,0.131634,0.169277,-0.280966,-0.0362359,-0.0841314,-0.21891,0.00616964
688,12.4611,0.197732,1,-0.0423048,-0.0894182,-0.278552,0.144087,0.196856,-0.303038,-0.0423048,-0.0894182,-0.250697,0.00824886
689,12.4792,0.222906,1,-0.0485228,-0.0966683,-0.311059,0.159642,0.228365,-0.320153,-0.0485228,-0.0966683,-0.279953,0.0105654
690,12.4973,0.25256,0,-0.0553243,-0.105344,-0.341824,0.178491,0.264226,-0.331388,-0.0553243,-0.105344,-0.307642,0.0132378
691,12.5154,0.287498,0,-0.0623412,-0.116546,-0.370542,0.200855,0.304724,-0.335543,-0.0623412,-0.116546,-0.333488,0.01617
692,12.5335,0.328205,0,-0.0704342,-0.130215,-0.39612,0.226946,0.349882,-0.331103,-0.0704342,-0.130215,-0.356508,0.0195303
693,12.5516,0.374004,0,-0.0797818,-0.14433,-0.42003,0.2569,0.399277,-0.31624,-0.0797818,-0.14433,-0.378027,0.0234575
694,12.5697,0.425952,0,-0.0901223,-0.161493,-0.44108,0.290694,0.45179,-0.288868,-0.0901223,-0.161493,-0.396972,0.0278258
695,12.5878,0.483929,0,-0.101719,-0.182259,-0.459319,0.328016,0.505305,-0.246847,-0.101719,-0.182259,-0.413387,0.032705
696,12.606,0.547558,0,-0.115132,-0.20747,-0.475462,0.368111,0.556415,-0.188379,-0.115132,-0.20747,-0.427916,0.0383185
697,12.6241,0.615577,0,-0.131011,-0.237905,-0.489522,0.409606,0.600257,-0.112662,-0.131011,-0.237905,-0.440569,0.0448929
698,12.6422,0.684814,0,-0.15018,-0.273823,-0.498393,0.450369,0.630698,-0.0208008,-0.15018,-0.273823,-0.448554,0.052394
699,12.6603,0.751825,0,-0.173157,-0.316979,-0.500951,0.487484,0.641132,0.0832566,-0.173157,-0.316979,-0.450856,0.0607202
700,12.6784,0.812017,0,-0.200893,-0.368319,-0.495873,0.517434,0.626014,0.192184,-0.200893,-0.368319,-0.446286,0.0697323
701,12.6965,0.859761,0,-0.233515,-0.428652,-0.479684,0.536594,0.582871,0.295764,-0.233515,-0.428652,-0.431715,0.0784093
702,12.7146,0.889512,0,-0.271955,-0.496341,-0.448178,0.541977,0.513988,0.382753,-0.271955,-0.496341,-0.40336,0.0853191
703,12.7327,0.897443,0,-0.315679,-0.56888,-0.396764,0.53203,0.426685,0.443744,-0.315679,-0.56888,-0.357087,0.0876749
704,12.7508,0.883946,0,-0.365351,-0.642155,-0.322767,0.507166,0.331648,0.47379,-0.365351,-0.642155,-0.29049,0.0825463
705,12.769,0.852465,0,-0.419009,-0.711745,-0.222658,0.469741,0.239936,0.473414,-0.419009,-0.711745,-0.200393,0.0653071
706,12.7871,0.808104,0,-0.473925,-0.766008,-0.0964779,0.423488,0.160124,0.447604,-0.473925,-0.766008,-0.0868301,0.0320063
707,12.8052,0.757789,0,-0.526313,-0.792026,0.0507535,0.372661,0.0968566,0.403547,-0.526313,-0.792026,0.0456781,-0.0186986
708,12.8233,0.709141,0,-0.570777,-0.782343,0.212445,0.321221,0.0510215,0.348404,-0.570777,-0.782343,0.1912,-0.0848809
709,12.8414,0.664267,0,-0.601932,-0.722874,0.366968,0.272307,0.0209085,0.287942,-0.601932,-0.722874,0.330271,-0.154623
710,12.8595,0.621904,0,-0.6115,-0.615183,0.495611,0.228045,0.00355284,0.22612,-0.6115,-0.615183,0.44605,-0.212146
711,12.8776,0.580913,0,-0.596067,-0.47777,0.578667,0.189602,-0.00423454,0.165303,-0.596067,-0.47777,0.5208,-0.241447
712,12.8957,0.53923,0,-0.55795,-0.333722,0.609437,0.157386,-0.00527489,0.106722,-0.55795,-0.333722,0.548494,-0.238025
713,12.9139,0.494483,0,-0.502286,-0.203758,0.590665,0.131275,-0.00178233,0.0508988,-0.502286,-0.203758,0.531599,-0.207678
714,12.932,0.445965,0,-0.433709,-0.0999343,0.535752,0.110826,0.00465962,-0.00201811,-0.433709,-0.0999343,0.482177,-0.162653
715,12.9501,0.399731,0,-0.36311,-0.0272106,0.465116,0.0954426,0.0130185,-0.0520551,-0.36311,-0.0272106,0.418604,-0.118222
716,12.9682,0.357265,0,-0.294401,0.0211044,0.389938,0.0844934,0.0227011,-0.0992972,-0.294401,0.0211044,0.350944,-0.0803587
717,12.9863,0.319313,0,-0.230895,0.0492993,0.315074,0.0773853,0.0334448,-0.143831,-0.230895,0.0492993,0.283567,-0.0509243
718,13.0044,0.284837,0,-0.17508,0.062669,0.240013,0.0736094,0.0452285,-0.185717,-0.17508,0.062669,0.216011,-0.029415
719,13.0225,0.256147,0,-0.127769,0.06536,0.170708,0.0727623,0.0582048,-0.224981,-0.127769,0.06536,0.153637,-0.0152678
720,13.0406,0.233865,1,-0.0904498,0.0627976,0.108204,0.0745537,0.0726538,-0.261601,-0.0904498,0.0627976,0.0973837,-0.00685093
721,13.0588,0.216908,1,-0.0600001,0.0584042,0.0522779,0.0788064,0.0889529,-0.295497,-0.0600001,0.0584042,0.0470501,-0.00219568
722,13.0769,0.203218,1,-0.03512,0.0546477,-9.20116e-05,0.0854513,0.107559,-0.326521,-0.03512,0.0546477,-8.28104e-05,2.26201e-06
723,13.095,0.193554,1,-0.0157068,0.051808,-0.0473779,0.0945214,0.128999,-0.35443,-0.0157068,0.051808,-0.0426401,0.000520909
724,13.1131,0.187054,1,-0.000835436,0.0496545,-0.0913462,0.106145,0.153859,-0.37886,-0.000835436,0.0496545,-0.0822116,5.34197e-05
725,13.1312,0.182826,1,0.0118401,0.0499611,-0.133159,0.120537,0.182778,-0.399281,0.0118401,0.0499611,-0.119843,-0.00110363
726,13.1493,0.180765,1,0.0229007,0.0530774,-0.173904,0.137995,0.216417,-0.414946,0.0229007,0.0530774,-0.156514,-0.00278777
727,13.1674,0.1818,1,0.0328281,0.0591766,-0.21327,0.15888,0.25542,-0.42482,0.0328281,0.0591766,-0.191943,-0.00490088
728,13.1855,0.187545,1,0.041678,0.0682185,-0.250007,0.183594,0.300325,-0.427507,0.041678,0.0682185,-0.225007,-0.00729386
729,13.2036,0.199674,1,0.0504073,0.0791571,-0.282629,0.212547,0.351422,-0.421165,0.0504073,0.0791571,-0.254367,-0.0099726
730,13.2218,0.218179,1,0.0600833,0.0924859,-0.312174,0.246084,0.408521,-0.403453,0.0600833,0.0924859,-0.280957,-0.0131295
731,13.2399,0.24305,1,0.0708433,0.109399,-0.337732,0.284384,0.470614,-0.371549,0.0708433,0.109399,-0.303959,-0.0167483
732,13.258,0.273882,0,0.082826,0.130466,-0.358214,0.327297,0.535412,-0.322335,0.082826,0.130466,-0.322392,-0.0207686
733,13.2761,0.310325,0,0.096545,0.155269,-0.375764,0.374125,0.598833,-0.252865,0.096545,0.155269,-0.338188,-0.0253947
734,13.2942,0.351729,0,0.112641,0.183959,-0.391708,0.423356,0.654593,-0.161272,0.112641,0.183959,-0.352537,-0.0308856
735,13.3123,0.395705,0,0.131614,0.217367,-0.403376,0.472402,0.69426,-0.0481537,0.131614,0.217367,-0.363038,-0.0371628
736,13.3304,0.437963,0,0.154312,0.257915,-0.408818,0.517488,0.708272,0.0818104,0.154312,0.257915,-0.367936,-0.0441599
737,13.3485,0.475375,0,0.181033,0.304857,-0.407304,0.553855,0.688273,0.218747,0.181033,0.304857,-0.366574,-0.0516149
738,13.3667,0.503994,0,0.212022,0.358521,-0.397008,0.576468,0.630458,0.348148,0.212022,0.358521,-0.357307,-0.0589222
739,13.3848,0.520549,0,0.24737,0.418446,-0.374994,0.581185,0.538458,0.453909,0.24737,0.418446,-0.337495,-0.0649337
740,13.4029,0.522958,0,0.286967,0.481546,-0.336625,0.566021,0.423711,0.523165,0.286967,0.481546,-0.302963,-0.0676201
741,13.421,0.512557,0,0.330613,0.546238,-0.279027,0.531933,0.302306,0.550498,0.330613,0.546238,-0.251124,-0.064575
742,13.4391,0.493143,0,0.379087,0.607913,-0.198578,0.482643,0.189752,0.538977,0.379087,0.607913,-0.17872,-0.0526948
743,13.4572,0.470622,0,0.428761,0.65829,-0.093081,0.423593,0.0966312,0.497655,0.428761,0.65829,-0.0837729,-0.0279367
744,13.4753,0.451795,0,0.477058,0.68708,0.033444,0.360561,0.027139,0.437501,0.477058,0.68708,0.0300996,0.0111683
745,13.4934,0.439755,0,0.51888,0.683143,0.174323,0.298518,-0.0197369,0.368112,0.51888,0.683143,0.156891,0.0633168
746,13.5116,0.435932,0,0.54836,0.64148,0.315736,0.241044,-0.0479313,0.29624,0.54836,0.64148,0.284162,0.121196
747,13.5297,0.434416,0,0.561157,0.557631,0.436321,0.190247,-0.0622661,0.225836,0.561157,0.557631,0.392689,0.171391
748,13.5478,0.431915,0,0.553731,0.444125,0.523154,0.147002,-0.0671988,0.158777,0.553731,0.444125,0.470839,0.202781
749,13.5659,0.425242,0,0.52582,0.317769,0.56808,0.111294,-0.06629,0.0956815,0.52582,0.317769,0.511272,0.209096
750,13.584,0.410592,0,0.479845,0.196344,0.566736,0.0825622,-0.0621218,0.0365297,0.479845,0.196344,0.510062,0.190362
751,13.6021,0.391308,0,0.422235,0.0915914,0.534406,0.0599577,-0.0564262,-0.018958,0.422235,0.0915914,0.480966,0.157951
752,13.6202,0.366728,0,0.357643,0.0127248,0.47679,0.0425377,-0.0502783,-0.0711218,0.357643,0.0127248,0.429111,0.119365
753,13.6383,0.340448,0,0.292603,-0.0413262,0.407377,0.029382,-0.0442817,-0.120278,0.292603,-0.0413262,0.36664,0.08344
754,13.6564,0.314735,0,0.231287,-0.0755237,0.334342,0.0196597,-0.0387216,-0.166691,0.231287,-0.0755237,0.300908,0.0541304
755,13.6746,0.292977,0,0.178198,-0.0934262,0.265376,0.0126592,-0.0336784,-0.210579,0.178198,-0.0934262,0.238839,0.0331027
756,13.6927,0.273173,0,0.131974,-0.100211,0.198874,0.00779612,-0.029109,-0.25212,0.131974,-0.100211,0.178987,0.0183723
757,13.7108,0.256408,0,0.0939197,-0.0991221,0.137201,0.00460698,-0.0248999,-0.291459,0.0939197,-0.0991221,0.123481,0.00902009
758,13.7289,0.24154,1,0.0622732,-0.0962136,0.0784714,0.00273671,-0.020901,-0.328725,0.0622732,-0.0962136,0.0706243,0.00342067
759,13.747,0.230234,1,0.0370262,-0.0918612,0.0260737,0.00192368,-0.0169446,-0.364027,0.0370262,-0.0918612,0.0234663,0.000675787
760,13.7651,0.220759,1,0.0176472,-0.0878075,-0.0228439,0.00198502,-0.0128536,-0.397464,0.0176472,-0.0878075,-0.0205595,-0.000282191
761,13.7832,0.212345,1,0.00222816,-0.083264,-0.069023,0.00280376,-0.00844398,-0.429124,0.00222816,-0.083264,-0.0621207,-0.000107656
762,13.8013,0.205544,1,-0.0100278,-0.0807074,-0.111834,0.00431834,-0.00352195,-0.459083,-0.0100278,-0.0807074,-0.100651,0.000785013
763,13.8195,0.199263,1,-0.0192903,-0.0798242,-0.153141,0.00651482,0.0021218,-0.48741,-0.0192903,-0.0798242,-0.137827,0.00206789
764,13.8376,0.193229,1,-0.0267181,-0.0787338,-0.19313,0.00942182,0.00872015,-0.514156,-0.0267181,-0.0787338,-0.173817,0.00361204
765,13.8557,0.187874,1,-0.0326005,-0.0795719,-0.231848,0.0131079,0.0165394,-0.53936,-0.0326005,-0.0795719,-0.208663,0.00529085
766,13.8738,0.184287,1,-0.0380298,-0.0826859,-0.268093,0.0176816,0.0258908,-0.563037,-0.0380298,-0.0826859,-0.241284,0.00713687
767,13.8919,0.183467,1,-0.0436061,-0.0887598,-0.30118,0.0232934,0.0371444,-0.585175,-0.0436061,-0.0887598,-0.271062,0.00919329
768,13.91,0.185129,1,-0.049447,-0.0964797,-0.332207,0.0301402,0.0507439,-0.605719,-0.049447,-0.0964797,-0.298986,0.0114986
769,13.9281,0.188942,1,-0.0556574,-0.105889,-0.363276,0.0384719,0.067224,-0.624559,-0.0556574,-0.105889,-0.326948,0.0141533
770,13.9462,0.197371,1,-0.0627374,-0.117331,-0.391249,0.0486002,0.0872295,-0.641499,-0.0627374,-0.117331,-0.352124,0.0171822
771,13.9644,0.210478,1,-0.0706291,-0.129844,-0.416773,0.0609087,0.111534,-0.656225,-0.0706291,-0.129844,-0.375095,0.0206054
772,13.9825,0.229434,1,-0.0796477,-0.144639,-0.439957,0.0758651,0.141054,-0.668245,-0.0796477,-0.144639,-0.395962,0.0245291
773,14.0006,0.25554,0,-0.0898275,-0.162621,-0.460364,0.0940328,0.176859,-0.676814,-0.0898275,-0.162621,-0.414328,0.0289474
774,14.0187,0.289612,0,-0.101381,-0.183973,-0.478292,0.11608,0.220156,-0.680817,-0.101381,-0.183973,-0.430463,0.0339428
775,14.0368,0.333279,0,-0.115223,-0.210628,-0.495571,0.142782,0.272231,-0.678616,-0.115223,-0.210628,-0.446014,0.039971
776,14.0549,0.388363,0,-0.131947,-0.242844,-0.509268,0.175004,0.334315,-0.667845,-0.131947,-0.242844,-0.458342,0.0470376
777,14.073,0.456201,0,-0.151966,-0.281429,-0.517396,0.213651,0.407307,-0.645165,-0.151966,-0.281429,-0.465656,0.0550385
778,14.0911,0.537643,0,-0.176025,-0.327185,-0.518908,0.259561,0.491261,-0.606036,-0.176025,-0.327185,-0.467017,0.0639384
779,14.1092,0.633582,0,-0.205247,-0.382068,-0.511823,0.313283,0.58454,-0.544622,-0.205247,-0.382068,-0.460641,0.073535
780,14.1274,0.742774,0,-0.240025,-0.446907,-0.493414,0.374719,0.682556,-0.454133,-0.240025,-0.446907,-0.444072,0.0829021
781,14.1455,0.859836,0,-0.280672,-0.519207,-0.457434,0.442557,0.77623,-0.328073,-0.280672,-0.519207,-0.411691,0.0898722
782,14.1636,0.975757,0,-0.327449,-0.595844,-0.400032,0.513555,0.850815,-0.16298,-0.327449,-0.595844,-0.360029,0.0916931
783,14.1817,1.07703,0,-0.380029,-0.671827,-0.317975,0.581883,0.886551,0.037197,-0.380029,-0.671827,-0.286177,0.0845877
784,14.1998,1.1476,0,-0.436632,-0.742295,-0.208645,0.639032,0.863185,0.256501,-0.436632,-0.742295,-0.18778,0.0637707
785,14.2179,1.16833,0,-0.493195,-0.793556,-0.0714469,0.675006,0.768957,0.466004,-0.493195,-0.793556,-0.0643022,0.0246661
786,14.236,1.12917,0,-0.54631,-0.81227,0.0876112,0.681079,0.610224,0.630838,-0.54631,-0.81227,0.0788501,-0.033504
787,14.2541,1.03451,0,-0.589694,-0.78971,0.257521,0.653216,0.413557,0.7244,-0.589694,-0.78971,0.231769,-0.106301
788,14.2723,0.900839,0,-0.616928,-0.712929,0.415362,0.594097,0.215637,0.740499,-0.616928,-0.712929,0.373825,-0.179374
789,14.2904,0.754978,0,-0.6201,-0.588314,0.539318,0.512232,0.047264,0.693719,-0.6201,-0.588314,0.485387,-0.234102
790,14.3085,0.622325,0,-0.596604,-0.438482,0.611251,0.41875,-0.076662,0.60883,-0.596604,-0.438482,0.550126,-0.255273
791,14.3266,0.515397,0,-0.55089,-0.288816,0.627321,0.323964,-0.156498,0.508892,-0.55089,-0.288816,0.564589,-0.24191
792,14.3447,0.431764,0,-0.487992,-0.159379,0.594451,0.235342,-0.201185,0.409245,-0.487992,-0.159379,0.535006,-0.203061
793,14.3628,0.364152,0,-0.414651,-0.0603521,0.529222,0.157099,-0.2218,0.317427,-0.414651,-0.0603521,0.4763,-0.15361
794,14.3809,0.310247,0,-0.340889,0.0065002,0.453509,0.090781,-0.227987,0.235712,-0.340889,0.0065002,0.408158,-0.108217
795,14.399,0.267481,0,-0.270304,0.0487408,0.375321,0.0361375,-0.226848,0.163704,-0.270304,0.0487408,0.337789,-0.0710156
796,14.4172,0.235167,1,-0.206965,0.0716927,0.298664,-0.00809509,-0.22312,0.100053,-0.206965,0.0716927,0.268798,-0.0432691
797,14.4353,0.211342,1,-0.152144,0.0805223,0.222377,-0.0436333,-0.219751,0.0433304,-0.152144,0.0805223,0.20014,-0.0236834
798,14.4534,0.197626,1,-0.106137,0.0812464,0.15421,-0.0722953,-0.218475,-0.00762148,-0.106137,0.0812464,0.138789,-0.0114572
799,14.4715,0.192404,1,-0.0699911,0.0777491,0.0932958,-0.0958064,-0.220258,-0.0536155,-0.0699911,0.0777491,0.0839662,-0.00457091
800,14.4896,0.194174,1,-0.0400542,0.0732308,0.0393148,-0.115708,-0.225611,-0.095148,-0.0400542,0.0732308,0.0353834,-0.00110231
801,14.5077,0.201644,1,-0.0159366,0.0710799,-0.0114714,-0.133329,-0.2348,-0.132454,-0.0159366,0.0710799,-0.0103242,0.00012797
802,14.5258,0.212711,1,0.00290013,0.0695645,-0.0578881,-0.149793,-0.247974,-0.165554,0.00290013,0.0695645,-0.0520993,-0.000117518
803,14.5439,0.226614,1,0.017514,0.0686954,-0.100165,-0.166042,-0.265237,-0.19428,0.017514,0.0686954,-0.0901486,-0.001228
804,14.562,0.245068,1,0.0306121,0.0718396,-0.140404,-0.182865,-0.28668,-0.218287,0.0306121,0.0718396,-0.126364,-0.00300865
805,14.5802,0.267816,0,0.0428077,0.078134,-0.179864,-0.200924,-0.312381,-0.237045,0.0428077,0.078134,-0.161878,-0.00538971
806,14.5983,0.295429,0,0.0539718,0.0880447,-0.216709,-0.220769,-0.342368,-0.249824,0.0539718,0.0880447,-0.195038,-0.00818732
807,14.6164,0.327552,0,0.0643152,0.100406,-0.25035,-0.242849,-0.376554,-0.255681,0.0643152,0.100406,-0.225315,-0.0112709
808,14.6345,0.3646,0,0.0750129,0.115263,-0.279777,-0.267496,-0.414638,-0.253455,0.0750129,0.115263,-0.2518,-0.0146908
809,14.6526,0.40716,0,0.0872394,0.133354,-0.305191,-0.294895,-0.45596,-0.241793,0.0872394,0.133354,-0.274672,-0.0186373
810,14.6707,0.455579,0,0.100726,0.156442,-0.325762,-0.325032,-0.49933,-0.219235,0.100726,0.156442,-0.293186,-0.0229689
811,14.6888,0.508738,0,0.116233,0.183263,-0.341534,-0.357616,-0.542834,-0.184394,0.116233,0.183263,-0.30738,-0.0277883
812,14.7069,0.566188,0,0.134264,0.214619,-0.354198,-0.39198,-0.583677,-0.136265,0.134264,0.214619,-0.318778,-0.0332893
813,14.7251,0.626661,0,0.155451,0.251408,-0.362377,-0.426983,-0.618142,-0.0746829,0.155451,0.251408,-0.326139,-0.0394322
814,14.7432,0.687726,0,0.180179,0.294114,-0.364127,-0.460945,-0.641794,-0.000894686,0.180179,0.294114,-0.327714,-0.0459257
815,14.7613,0.746534,0,0.209358,0.343397,-0.358034,-0.491664,-0.650061,0.0819068,0.209358,0.343397,-0.32223,-0.0524701
816,14.7794,0.798302,0,0.24248,0.398356,-0.340743,-0.516565,-0.639212,0.168338,0.24248,0.398356,-0.306669,-0.0578363
817,14.7975,0.837261,0,0.279002,0.455637,-0.308452,-0.533043,-0.607567,0.251189,0.279002,0.455637,-0.277606,-0.060241
818,14.8156,0.860283,0,0.319046,0.51421,-0.258593,-0.538931,-0.556489,0.32256,0.319046,0.51421,-0.232734,-0.0577522
819,14.8337,0.865443,0,0.362677,0.570002,-0.189972,-0.533016,-0.490607,0.375555,0.362677,0.570002,-0.170974,-0.0482288
820,14.8518,0.851939,0,0.408054,0.617202,-0.0992342,-0.515388,-0.416954,0.405918,0.408054,0.617202,-0.0893108,-0.028345
821,14.87,0.822151,0,0.452639,0.64775,0.0106157,-0.48749,-0.343281,0.412872,0.452639,0.64775,0.00955416,0.00336357
822,14.8881,0.779477,0,0.492566,0.651737,0.134795,-0.451831,-0.276248,0.398824,0.492566,0.651737,0.121315,0.0464767
823,14.9062,0.729366,0,0.522386,0.624088,0.263587,-0.411471,-0.220241,0.368202,0.522386,0.624088,0.237228,0.0963858
824,14.9243,0.675894,0,0.538467,0.560123,0.377471,-0.369469,-0.177107,0.326057,0.538467,0.560123,0.339724,0.142279
825,14.9424,0.62213,0,0.537218,0.466723,0.465494,-0.328462,-0.146627,0.276979,0.537218,0.466723,0.418944,0.17505
826,14.9605,0.569861,0,0.5181,0.35598,0.519418,-0.290435,-0.127292,0.224554,0.5181,0.35598,0.467476,0.188378
827,14.9786,0.519088,0,0.481498,0.245563,0.53454,-0.256681,-0.117054,0.171278,0.481498,0.245563,0.481086,0.180166
828,14.9967,0.468899,0,0.432521,0.144991,0.514299,-0.227878,-0.113854,0.118733,0.432521,0.144991,0.462869,0.155711
829,15.0148,0.420988,0,0.375949,0.0647372,0.470889,-0.204233,-0.115922,0.0678458,0.375949,0.0647372,0.423801,0.123921
830,15.033,0.375634,0,0.316983,0.00705349,0.41163,-0.185631,-0.121888,0.0191304,0.316983,0.00705349,0.370467,0.0913357
831,15.0511,0.33403,0,0.259691,-0.0318876,0.345404,-0.171771,-0.130801,-0.0271347,0.259691,-0.0318876,0.310863,0.0627887
832,15.0692,0.299167,0,0.208482,-0.055011,0.280598,-0.162266,-0.142071,-0.0707841,0.208482,-0.055011,0.252539,0.0409499
833,15.0873,0.269631,0,0.163471,-0.0664757,0.21644,-0.156723,-0.155412,-0.11169,0.163471,-0.0664757,0.194796,0.024767
834,15.1054,0.246372,1,0.125401,-0.0679854,0.155282,-0.154791,-0.170769,-0.149718,0.125401,-0.0679854,0.139754,0.0136307
835,15.1235,0.228769,1,0.0939355,-0.0661617,0.0973258,-0.156191,-0.188267,-0.184689,0.0939355,-0.0661617,0.0875932,0.00639965
836,15.1416,0.216855,1,0.0683405,-0.0618556,0.0428691,-0.160728,-0.208159,-0.216363,0.0683405,-0.0618556,0.0385821,0.00205078
837,15.1597,0.211158,1,0.0485713,-0.0569348,-0.0066992,-0.1683,-0.230792,-0.244403,0.0485713,-0.0569348,-0.00602928,-0.000227772
838,15.1779,0.21119,1,0.0336346,-0.0510072,-0.0529902,-0.178889,-0.256566,-0.268355,0.0336346,-0.0510072,-0.0476912,-0.00124761
839,15.196,0.215858,1,0.0214824,-0.0457372,-0.0971012,-0.192558,-0.285899,-0.287607,0.0214824,-0.0457372,-0.087391,-0.00146018
840,15.2141,0.225645,1,0.0129449,-0.0414518,-0.13959,-0.20943,-0.319172,-0.301353,0.0129449,-0.0414518,-0.125631,-0.00126488
841,15.2322,0.241178,1,0.00720146,-0.036881,-0.181543,-0.229668,-0.356665,-0.308553,0.00720146,-0.036881,-0.163389,-0.000915165
842,15.2503,0.263164,0,0.00305103,-0.0316535,-0.221617,-0.253436,-0.398444,-0.307896,0.00305103,-0.0316535,-0.199455,-0.000473312
843,15.2684,0.291339,0,0.000719156,-0.0271702,-0.26003,-0.280851,-0.444216,-0.297796,0.000719156,-0.0271702,-0.234027,-0.000130902
844,15.2865,0.325074,0,-0.000689212,-0.0243019,-0.29572,-0.311905,-0.493121,-0.276434,-0.000689212,-0.0243019,-0.266148,0.00014267
845,15.3046,0.364943,0,-0.00084078,-0.0212675,-0.328206,-0.346365,-0.543487,-0.241898,-0.00084078,-0.0212675,-0.295385,0.000193164
846,15.3228,0.410233,0,-0.000636155,-0.0177965,-0.35928,-0.383638,-0.592567,-0.192484,-0.000636155,-0.0177965,-0.323352,0.000159991
847,15.3409,0.459496,0,-9.30552e-05,-0.0143942,-0.38803,-0.422626,-0.636362,-0.127204,-9.30552e-05,-0.0143942,-0.349227,2.52758e-05
848,15.359,0.511383,0,0.00116679,-0.0099659,-0.414155,-0.46159,-0.669684,-0.0465064,0.00116679,-0.0099659,-0.372739,-0.000338261
849,15.3771,0.563457,0,0.00338207,-0.00481298,-0.438944,-0.49809,-0.686672,0.0469019,0.00338207,-0.00481298,-0.39505,-0.00103918
850,15.3952,0.612705,0,0.00627107,0.00173831,-0.462669,-0.529086,-0.681905,0.147451,0.00627107,0.00173831,-0.416402,-0.002031
851,15.4133,0.655226,0,0.0100227,0.00999927,-0.484388,-0.551274,-0.652035,0.246789,0.0100227,0.00999927,-0.435949,-0.0033984
852,15.4314,0.687605,0,0.0143625,0.0192875,-0.505448,-0.561668,-0.597408,0.334956,0.0143625,0.0192875,-0.454903,-0.00508165
853,15.4495,0.707303,0,0.0194454,0.0295728,-0.525788,-0.558303,-0.522834,0.402591,0.0194454,0.0295728,-0.473209,-0.00715691
854,15.4676,0.7134,0,0.02539,0.0415774,-0.54523,-0.540815,-0.436824,0.443386,0.02539,0.0415774,-0.490707,-0.00969036
855,15.4858,0.706799,0,0.032753,0.0558397,-0.563804,-0.510624,-0.349387,0.455621,0.032753,0.0558397,-0.507424,-0.0129264
856,15.5039,0.689723,0,0.0415935,0.0734267,-0.581314,-0.47064,-0.269403,0.442032,0.0415935,0.0734267,-0.523183,-0.0169252
857,15.522,0.665036,0,0.0525983,0.094838,-0.596986,-0.424593,-0.202766,0.40827,0.0525983,0.094838,-0.537287,-0.0219803
858,15.5401,0.6358,0,0.0657975,0.121022,-0.610099,-0.376277,-0.151899,0.360883,0.0657975,0.121022,-0.549089,-0.0281001
859,15.5582,0.605014,0,0.0816566,0.15264,-0.620073,-0.328959,-0.116397,0.305745,0.0816566,0.15264,-0.558066,-0.0354432
860,15.5763,0.575677,0,0.100842,0.191079,-0.626738,-0.285064,-0.0941531,0.247294,0.100842,0.191079,-0.564064,-0.0442409
861,15.5944,0.549796,0,0.124461,0.237745,-0.628244,-0.246118,-0.0824028,0.188458,0.124461,0.237745,-0.56542,-0.0547344
862,15.6125,0.528983,0,0.153031,0.293198,-0.622355,-0.21287,-0.0784426,0.130951,0.153031,0.293198,-0.560119,-0.0666676
863,15.6307,0.515314,0,0.18778,0.359698,-0.60551,-0.185478,-0.0799986,0.0756574,0.18778,0.359698,-0.544959,-0.079592
864,15.6488,0.510099,0,0.228927,0.43692,-0.571739,-0.163711,-0.0853498,0.0229661,0.228927,0.43692,-0.514565,-0.0916206
865,15.6669,0.516734,0,0.277578,0.523286,-0.517388,-0.147118,-0.0933095,-0.0269931,0.277578,0.523286,-0.465649,-0.100531
866,15.685,0.538584,0,0.333796,0.615943,-0.439185,-0.135159,-0.103145,-0.0742048,0.333796,0.615943,-0.395267,-0.102619
867,15.7031,0.575039,0,0.396459,0.706032,-0.329513,-0.127295,-0.114482,-0.118687,0.396459,0.706032,-0.296562,-0.0914468
868,15.7212,0.625186,0,0.463295,0.782906,-0.181778,-0.123042,-0.127218,-0.160448,0.463295,0.782906,-0.1636,-0.0589518
869,15.7393,0.686086,0,0.53068,0.830831,0.00255863,-0.122007,-0.14145,-0.199463,0.53068,0.830831,0.00230277,0.00095047
870,15.7574,0.747601,0,0.588835,0.82689,0.211399,-0.123897,-0.157424,-0.235658,0.588835,0.82689,0.190259,0.0871353
871,15.7756,0.79678,0,0.629522,0.753085,0.414967,-0.128531,-0.175498,-0.268894,0.629522,0.753085,0.37347,0.182861
872,15.7937,0.82493,0,0.642264,0.614292,0.583849,-0.135832,-0.196116,-0.298949,0.642264,0.614292,0.525464,0.26249
873,15.8118,0.826821,0,0.623585,0.429341,0.693106,-0.145824,-0.219787,-0.325491,0.623585,0.429341,0.623796,0.302547
874,15.8299,0.801065,0,0.57335,0.238334,0.726065,-0.158626,-0.247069,-0.348044,0.57335,0.238334,0.653459,0.291403
875,15.848,0.753654,0,0.499514,0.0695187,0.696426,-0.174436,-0.278544,-0.365943,0.499514,0.0695187,0.626783,0.243512
876,15.8661,0.692119,0,0.412908,-0.060582,0.624074,-0.193523,-0.314767,-0.378281,0.412908,-0.060582,0.561667,0.18038
877,15.8842,0.621468,0,0.32148,-0.146653,0.524814,-0.216198,-0.356202,-0.383843,0.32148,-0.146653,0.472333,0.118102
878,15.9023,0.556166,0,0.23415,-0.196043,0.429892,-0.242784,-0.403096,-0.381048,0.23415,-0.196043,0.386903,0.0704614
879,15.9204,0.498927,0,0.156967,-0.221212,0.343882,-0.273554,-0.455292,-0.367906,0.156967,-0.221212,0.309494,0.0377847
880,15.9386,0.450378,0,0.0917597,-0.227226,0.263871,-0.308646,-0.511958,-0.342037,0.0917597,-0.227226,0.237484,0.0169489
881,15.9567,0.4122,0,0.0374177,-0.225288,0.190676,-0.347931,-0.571227,-0.30081,0.0374177,-0.225288,0.171608,0.00499426
882,15.9748,0.387681,0,-0.00689555,-0.221901,0.128574,-0.390835,-0.629784,-0.241712,-0.00689555,-0.221901,0.115717,-0.000620613
883,15.9929,0.376292,0,-0.0425086,-0.219235,0.0719361,-0.436123,-0.682532,-0.163031,-0.0425086,-0.219235,0.0647425,-0.00214053
884,16.011,0.379171,0,-0.0703796,-0.217752,0.0204788,-0.481688,-0.722574,-0.0649131,-0.0703796,-0.217752,0.0184309,-0.0010089
885,16.0291,0.394063,0,-0.0929268,-0.218495,-0.0263185,-0.524432,-0.741881,0.0493567,-0.0929268,-0.218495,-0.0236866,0.00171198
886,16.0472,0.415351,0,-0.112685,-0.223224,-0.0670378,-0.56038,-0.732946,0.172341,-0.112685,-0.223224,-0.0603341,0.00528792
887,16.0653,0.43793,0,-0.130558,-0.232154,-0.104772,-0.585159,-0.691322,0.292531,-0.130558,-0.232154,-0.0942947,0.00957516
888,16.0835,0.456523,0,-0.14669,-0.244506,-0.13737,-0.594879,-0.618145,0.396259,-0.14669,-0.244506,-0.123633,0.0141056
889,16.1016,0.466292,0,-0.161906,-0.261334,-0.164295,-0.58718,-0.521127,0.471263,-0.161906,-0.261334,-0.147866,0.0186203
890,16.1197,0.464351,0,-0.177811,-0.281479,-0.183811,-0.562033,-0.412912,0.510426,-0.177811,-0.281479,-0.16543,0.0228786
891,16.1378,0.451356,0,-0.194773,-0.304756,-0.19644,-0.521877,-0.307275,0.513604,-0.194773,-0.304756,-0.176796,0.0267829
892,16.1559,0.43141,0,-0.213158,-0.330106,-0.205229,-0.470988,-0.215167,0.486621,-0.213158,-0.330106,-0.184706,0.0306224
893,16.174,0.407566,0,-0.234253,-0.361186,-0.208251,-0.414401,-0.142546,0.438334,-0.234253,-0.361186,-0.187426,0.0341485
894,16.1921,0.38358,0,-0.25806,-0.395784,-0.204158,-0.356848,-0.0905039,0.377602,-0.25806,-0.395784,-0.183742,0.0368795
895,16.2102,0.362455,0,-0.282824,-0.432745,-0.190988,-0.30206,-0.0568002,0.311423,-0.282824,-0.432745,-0.171889,0.0378113
896,16.2284,0.346595,0,-0.309389,-0.47138,-0.166714,-0.252519,-0.0376599,0.244429,-0.309389,-0.47138,-0.150042,0.0361055
897,16.2465,0.33883,0,-0.338626,-0.508938,-0.133059,-0.209537,-0.0291094,0.179219,-0.338626,-0.508938,-0.119753,0.0315401
898,16.2646,0.339574,0,-0.369692,-0.542159,-0.0898417,-0.173512,-0.0277055,0.116998,-0.369692,-0.542159,-0.0808575,0.0232496
899,16.2827,0.349745,0,-0.401373,-0.571366,-0.0346922,-0.144218,-0.0307948,0.0581528,-0.401373,-0.571366,-0.031223,0.00974716
900,16.3008,0.367222,0,-0.431686,-0.590719,0.0329453,-0.121063,-0.0365056,0.00266307,-0.431686,-0.590719,0.0296507,-0.0099554
901,16.3189,0.388812,0,-0.457899,-0.594449,0.106438,-0.103286,-0.0436225,-0.0496527,-0.457899,-0.594449,0.095794,-0.0341164
902,16.337,0.411724,0,-0.478231,-0.580535,0.180183,-0.0900941,-0.0514338,-0.0990141,-0.478231,-0.580535,0.162165,-0.0603185
903,16.3551,0.433886,0,-0.490692,-0.549198,0.250608,-0.0807451,-0.0595913,-0.145624,-0.490692,-0.549198,0.225547,-0.0860798
904,16.3732,0.453287,0,-0.493714,-0.502786,0.312051,-0.0745928,-0.0679993,-0.189652,-0.493714,-0.502786,0.280846,-0.107845
905,16.3914,0.467628,0,-0.486702,-0.444394,0.3588,-0.0711081,-0.076732,-0.23123,-0.486702,-0.444394,0.32292,-0.12224
906,16.4095,0.474834,0,-0.470023,-0.380119,0.385111,-0.0698826,-0.0859784,-0.270458,-0.470023,-0.380119,0.3466,-0.126708
907,16.4276,0.473655,0,-0.444931,-0.316496,0.388532,-0.0706239,-0.0960072,-0.307404,-0.444931,-0.316496,0.349678,-0.121009
908,16.4457,0.465341,0,-0.413285,-0.259449,0.372557,-0.0731475,-0.107148,-0.342103,-0.413285,-0.259449,0.335301,-0.107781
909,16.4638,0.451599,0,-0.377571,-0.211976,0.341829,-0.0773669,-0.119785,-0.374552,-0.377571,-0.211976,0.307646,-0.0903455
910,16.4819,0.435186,0,-0.340491,-0.175254,0.302641,-0.0832863,-0.134357,-0.404702,-0.340491,-0.175254,0.272377,-0.0721327
911,16.5,0.418081,0,-0.304354,-0.149642,0.259546,-0.0909939,-0.151364,-0.432444,-0.304354,-0.149642,0.233591,-0.0552957
912,16.5181,0.400784,0,-0.270951,-0.133669,0.214327,-0.10066,-0.171376,-0.457583,-0.270951,-0.133669,0.192894,-0.0406504
913,16.5363,0.384236,0,-0.241594,-0.125002,0.169303,-0.112533,-0.195045,-0.479811,-0.241594,-0.125002,0.152373,-0.0286319
914,16.5544,0.368723,0,-0.217004,-0.12311,0.125646,-0.126944,-0.223104,-0.498661,-0.217004,-0.12311,0.113081,-0.019086
915,16.5725,0.352662,0,-0.197717,-0.126408,0.0810038,-0.144303,-0.256365,-0.513446,-0.197717,-0.126408,0.0729034,-0.0112111
916,16.5906,0.336842,0,-0.182049,-0.132286,0.0366461,-0.165099,-0.295691,-0.523175,-0.182049,-0.132286,0.0329815,-0.00466998
917,16.6087,0.322562,0,-0.169953,-0.139917,-0.00594444,-0.18989,-0.341933,-0.526454,-0.169953,-0.139917,-0.00535,0.000707194
918,16.6268,0.311284,0,-0.16229,-0.149303,-0.0452421,-0.219275,-0.395805,-0.521354,-0.16229,-0.149303,-0.0407179,0.00513963
919,16.6449,0.303532,0,-0.15799,-0.161311,-0.0817464,-0.253845,-0.457658,-0.505286,-0.15799,-0.161311,-0.0735718,0.00904056
920,16.663,0.300587,0,-0.156974,-0.176121,-0.11565,-0.294087,-0.527108,-0.474906,-0.156974,-0.176121,-0.104085,0.0127078
921,16.6812,0.304764,0,-0.158549,-0.193833,-0.145705,-0.340215,-0.602469,-0.426163,-0.158549,-0.193833,-0.131135,0.016171
922,16.6993,0.317525,0,-0.163266,-0.214359,-0.171981,-0.391922,-0.679997,-0.354642,-0.163266,-0.214359,-0.154783,0.019655
923,16.7174,0.339779,0,-0.170953,-0.237521,-0.194806,-0.448016,-0.753063,-0.256462,-0.170953,-0.237521,-0.175325,0.0233119
924,16.7355,0.371388,0,-0.181529,-0.262685,-0.214395,-0.506008,-0.811659,-0.129971,-0.181529,-0.262685,-0.192956,0.0272433
925,16.7536,0.408967,0,-0.195468,-0.291465,-0.230049,-0.561757,-0.842971,0.0218142,-0.195468,-0.291465,-0.207044,0.031477
926,16.7717,0.447531,0,-0.212513,-0.324246,-0.239594,-0.609472,-0.833936,0.188766,-0.212513,-0.324246,-0.215635,0.0356419
927,16.7898,0.480885,0,-0.232808,-0.360703,-0.241542,-0.642388,-0.77602,0.353023,-0.232808,-0.360703,-0.217388,0.039363
928,16.8079,0.503246,0,-0.256653,-0.400737,-0.235032,-0.654272,-0.670554,0.4922,-0.256653,-0.400737,-0.211529,0.0422251
929,16.826,0.511061,0,-0.283882,-0.444437,-0.218603,-0.641412,-0.531031,0.58652,-0.283882,-0.444437,-0.196743,0.0434403
930,16.8442,0.504124,0,-0.314069,-0.489725,-0.189867,-0.604112,-0.379489,0.626312,-0.314069,-0.489725,-0.17088,0.0417419
931,16.8623,0.486746,0,-0.346673,-0.532508,-0.149447,-0.546784,-0.23837,0.614884,-0.346673,-0.532508,-0.134502,0.0362665
932,16.8804,0.46512,0,-0.380715,-0.570198,-0.0981814,-0.476525,-0.123059,0.565066,-0.380715,-0.570198,-0.0883632,0.0261654
933,16.8985,0.444571,0,-0.414499,-0.599777,-0.035158,-0.401028,-0.0392199,0.492596,-0.414499,-0.599777,-0.0316422,0.0102011
934,16.9166,0.428857,0,-0.446283,-0.617227,0.0400125,-0.326839,0.0152373,0.410792,-0.446283,-0.617227,0.0360113,-0.0124998
935,16.9347,0.420848,0,-0.47413,-0.619039,0.123356,-0.258513,0.0463939,0.32841,-0.47413,-0.619039,0.11102,-0.0409407
936,16.9528,0.419281,0,-0.495877,-0.599952,0.206555,-0.198558,0.0611851,0.250011,-0.495877,-0.599952,0.185899,-0.071698
937,16.9709,0.421919,0,-0.506979,-0.56178,0.283895,-0.147836,0.065674,0.177295,-0.506979,-0.56178,0.255506,-0.10075
938,16.9891,0.426594,0,-0.508698,-0.508325,0.346539,-0.106086,0.0644714,0.110414,-0.508698,-0.508325,0.311885,-0.123398
939,17.0072,0.429763,0,-0.500023,-0.44312,0.391359,-0.0723944,0.0607819,0.0488616,-0.500023,-0.44312,0.352223,-0.136982
940,17.0253,0.426942,0,-0.479723,-0.370957,0.410828,-0.0455416,0.0566858,-0.00803543,-0.479723,-0.370957,0.369745,-0.137959
941,17.0434,0.417961,0,-0.449448,-0.299488,0.406756,-0.0242324,0.0534557,-0.0608949,-0.449448,-0.299488,0.36608,-0.127971
942,17.0615,0.405068,0,-0.412526,-0.237506,0.384018,-0.00722956,0.0518263,-0.110209,-0.412526,-0.237506,0.345616,-0.110892
943,17.0796,0.389273,0,-0.372217,-0.186986,0.347548,0.00657917,0.0522011,-0.156341,-0.372217,-0.186986,0.312793,-0.0905542
944,17.0977,0.371896,0,-0.330833,-0.148649,0.302185,0.0181587,0.0548008,-0.199546,-0.330833,-0.148649,0.271966,-0.0699809
945,17.1158,0.355716,0,-0.291783,-0.124211,0.253245,0.0283301,0.0597654,-0.23999,-0.291783,-0.124211,0.22792,-0.0517248
946,17.134,0.341055,0,-0.256565,-0.111209,0.202308,0.0377892,0.0672236,-0.277768,-0.256565,-0.111209,0.182077,-0.0363336
947,17.1521,0.328873,0,-0.226062,-0.106188,0.152017,0.0471316,0.077338,-0.312909,-0.226062,-0.106188,0.136815,-0.0240557
948,17.1702,0.3205,0,-0.201108,-0.107129,0.104751,0.0568799,0.0903344,-0.345373,-0.201108,-0.107129,0.0942756,-0.0147463
949,17.1883,0.314969,0,-0.181043,-0.111694,0.0588039,0.0675104,0.10652,-0.37504,-0.181043,-0.111694,0.0529235,-0.00745224
950,17.2064,0.312306,0,-0.16534,-0.118718,0.0138043,0.0794774,0.126296,-0.401694,-0.16534,-0.118718,0.0124238,-0.00159767
951,17.2245,0.313719,0,-0.15417,-0.127212,-0.0286033,0.0932342,0.150156,-0.424983,-0.15417,-0.127212,-0.0257429,0.00308684
952,17.2426,0.319918,0,-0.146563,-0.137722,-0.0682351,0.10925,0.178686,-0.444385,-0.146563,-0.137722,-0.0614116,0.00700052
953,17.2607,0.332094,0,-0.142694,-0.1502,-0.104187,0.128023,0.21254,-0.45914,-0.142694,-0.1502,-0.0937687,0.0104068
954,17.2788,0.350537,0,-0.14188,-0.164756,-0.137461,0.150082,0.252393,-0.468178,-0.14188,-0.164756,-0.123715,0.0136521
955,17.297,0.376084,0,-0.143976,-0.181767,-0.168442,0.175977,0.298854,-0.470023,-0.143976,-0.181767,-0.151598,0.0169761
956,17.3151,0.409737,0,-0.149197,-0.201305,-0.196578,0.206252,0.352312,-0.462694,-0.149197,-0.201305,-0.176921,0.0205302
957,17.3332,0.451544,0,-0.157296,-0.222845,-0.222627,0.241383,0.41268,-0.443623,-0.157296,-0.222845,-0.200364,0.0245128
958,17.3513,0.502619,0,-0.168039,-0.247906,-0.244632,0.281671,0.479011,-0.409642,-0.168039,-0.247906,-0.220169,0.0287754
959,17.3694,0.562913,0,-0.181782,-0.27724,-0.261866,0.327068,0.548959,-0.357149,-0.181782,-0.27724,-0.235679,0.0333217
960,17.3875,0.630661,0,-0.198485,-0.310306,-0.272967,0.376928,0.618138,-0.282608,-0.198485,-0.310306,-0.24567,0.0379259
961,17.4056,0.703066,0,-0.218533,-0.347121,-0.27641,0.42969,0.67957,-0.183569,-0.218533,-0.347121,-0.248769,0.0422832
962,17.4237,0.775673,0,-0.242098,-0.387739,-0.271724,0.482559,0.72365,-0.0603102,-0.242098,-0.387739,-0.244552,0.0460487
963,17.4419,0.842198,0,-0.269032,-0.431839,-0.258243,0.531334,0.739246,0.082152,-0.269032,-0.431839,-0.232419,0.048633
964,17.46,0.894689,0,-0.299503,-0.477997,-0.233756,0.570621,0.716491,0.2326,-0.299503,-0.477997,-0.21038,0.0490075
965,17.4781,0.925059,0,-0.332554,-0.525052,-0.195552,0.594655,0.650902,0.3742,-0.332554,-0.525052,-0.175997,0.0455221
966,17.4962,0.927428,0,-0.368271,-0.56877,-0.144533,0.598711,0.546981,0.488252,-0.368271,-0.56877,-0.13008,0.0372592
967,17.5143,0.899958,0,-0.404915,-0.605635,-0.0796898,0.580639,0.418564,0.560214,-0.404915,-0.605635,-0.0717209,0.0225873
968,17.5324,0.845636,0,-0.440711,-0.630815,4.59052e-05,0.541762,0.284685,0.584775,-0.440711,-0.630815,4.13147e-05,-1.41617e-05
969,17.5505,0.772806,0,-0.472998,-0.639941,0.0911691,0.486584,0.163017,0.566718,-0.472998,-0.639941,0.0820521,-0.030186
970,17.5686,0.691998,0,-0.49928,-0.628118,0.18769,0.421439,0.0648055,0.517412,-0.49928,-0.628118,0.168921,-0.0655968
971,17.5868,0.612703,0,-0.515767,-0.591726,0.279046,0.352827,-0.00637436,0.449702,-0.515767,-0.591726,0.251141,-0.100746
972,17.6049,0.54252,0,-0.520372,-0.534612,0.356165,0.286136,-0.052738,0.374182,-0.520372,-0.534612,0.320548,-0.129737
973,17.623,0.484517,0,-0.513149,-0.461495,0.413251,0.22506,-0.0793957,0.297843,-0.513149,-0.461495,0.371926,-0.148441
974,17.6411,0.436409,0,-0.492796,-0.379134,0.442336,0.171618,-0.0920289,0.224431,-0.492796,-0.379134,0.398102,-0.152587
975,17.6592,0.39506,0,-0.46135,-0.297026,0.441995,0.126489,-0.0956106,0.155473,-0.46135,-0.297026,0.397796,-0.14274
976,17.6773,0.358361,0,-0.420682,-0.225148,0.419646,0.0894298,-0.0939575,0.0912511,-0.420682,-0.225148,0.377682,-0.123576
977,17.6954,0.326261,0,-0.376296,-0.168176,0.382384,0.0596603,-0.0897513,0.0314841,-0.376296,-0.168176,0.344146,-0.100723
978,17.7135,0.296911,0,-0.330726,-0.124585,0.333883,0.0361452,-0.0847458,-0.0242887,-0.330726,-0.124585,0.300495,-0.0772966
979,17.7316,0.271139,0,-0.286976,-0.0960131,0.280426,0.0177868,-0.0800115,-0.0765242,-0.286976,-0.0960131,0.252383,-0.0563328
980,17.7498,0.249167,1,-0.24736,-0.0803061,0.225509,0.00353907,-0.0761509,-0.12561,-0.24736,-0.0803061,0.202958,-0.0390473
981,17.7679,0.230538,1,-0.212899,-0.0734697,0.170591,-0.00753347,-0.0734665,-0.171853,-0.212899,-0.0734697,0.153532,-0.025423
982,17.786,0.215833,1,-0.183929,-0.0719783,0.118614,-0.0162333,-0.0720846,-0.215495,-0.183929,-0.0719783,0.106753,-0.0152717
983,17.8041,0.203975,1,-0.160042,-0.0738037,0.069001,-0.0232308,-0.0720402,-0.256724,-0.160042,-0.0738037,0.0621009,-0.00773011
984,17.8222,0.193417,1,-0.140728,-0.0787057,0.0201197,-0.0290774,-0.0733353,-0.295689,-0.140728,-0.0787057,0.0181077,-0.00198199
985,17.8403,0.18512,1,-0.12703,-0.086038,-0.0257649,-0.0342248,-0.0759762,-0.332512,-0.12703,-0.086038,-0.0231884,0.00229104
986,17.8584,0.178616,1,-0.116812,-0.0942425,-0.0681916,-0.0390464,-0.0799977,-0.367291,-0.116812,-0.0942425,-0.0613724,0.00557589
987,17.8765,0.173655,1,-0.109974,-0.103726,-0.107247,-0.0438581,-0.0854794,-0.400102,-0.109974,-0.103726,-0.0965227,0.00825613
988,17.8947,0.169384,1,-0.106905,-0.115258,-0.144299,-0.0489383,-0.0925563,-0.431,-0.106905,-0.115258,-0.129869,0.0107984
989,17.9128,0.165759,1,-0.106639,-0.129394,-0.179066,-0.0545449,-0.101428,-0.460015,-0.106639,-0.129394,-0.161159,0.0133668
990,17.9309,0.161943,1,-0.1089,-0.143843,-0.212577,-0.0609326,-0.11237,-0.487141,-0.1089,-0.143843,-0.191319,0.0162047
991,17.949,0.158186,1,-0.113307,-0.159718,-0.244202,-0.0683669,-0.125738,-0.512332,-0.113307,-0.159718,-0.219782,0.0193688
992,17.9671,0.154762,1,-0.119922,-0.178099,-0.273338,-0.0771388,-0.141984,-0.535481,-0.119922,-0.178099,-0.246004,0.0229454
993,17.9852,0.152277,1,-0.128743,-0.198581,-0.298504,-0.0875782,-0.161669,-0.556395,-0.128743,-0.198581,-0.268654,0.0269012
994,18.0033,0.150406,1,-0.140146,-0.222395,-0.320019,-0.100068,-0.185467,-0.574765,-0.140146,-0.222395,-0.288017,0.0313945
995,18.0214,0.14911,1,-0.154071,-0.250005,-0.337335,-0.115054,-0.214182,-0.590111,-0.154071,-0.250005,-0.303601,0.0363815
996,18.0396,0.148547,1,-0.170971,-0.282301,-0.349455,-0.133062,-0.248742,-0.601715,-0.170971,-0.282301,-0.31451,0.0418228
997,18.0577,0.149047,1,-0.191292,-0.319651,-0.354672,-0.154698,-0.290177,-0.608518,-0.191292,-0.319651,-0.319205,0.0474922
998,18.0758,0.150287,1,-0.215132,-0.36247,-0.352001,-0.180651,-0.339557,-0.608992,-0.215132,-0.36247,-0.316801,0.0530087
999,18.0939,0.152152,1,-0.242876,-0.410522,-0.339599,-0.211673,-0.397859,-0.600974,-0.242876,-0.410522,-0.305639,0.0577364
1000,18.112,0.153914,1,-0.274758,-0.463261,-0.316192,-0.24853,-0.465715,-0.581474,-0.274758,-0.463261,-0.284573,0.0608133
1001,18.1301,0.154591,1,-0.311064,-0.519589,-0.280469,-0.291898,-0.542959,-0.546517,-0.311064,-0.519589,-0.252422,0.0610705
1002,18.1482,0.154039,1,-0.350715,-0.575778,-0.2296,-0.34217,-0.627925,-0.491118,-0.350715,-0.575778,-0.20664,0.0563669
1003,18.1663,0.152162,1,-0.393372,-0.628168,-0.161368,-0.399151,-0.716427,-0.409635,-0.393372,-0.628168,-0.145231,0.0444343
1004,18.1844,0.150973,1,-0.437025,-0.669071,-0.0721633,-0.461591,-0.800585,-0.29684,-0.437025,-0.669071,-0.0649469,0.022076
1005,18.2026,0.15009,1,-0.478215,-0.691442,0.0344433,-0.52662,-0.867991,-0.150133,-0.478215,-0.691442,0.030999,-0.0115299
1006,18.2207,0.148894,1,-0.513839,-0.689452,0.151611,-0.589242,-0.902317,0.0270657,-0.513839,-0.689452,0.13645,-0.0545324
1007,18.2388,0.147604,1,-0.540039,-0.657526,0.270182,-0.64229,-0.8868,0.221822,-0.540039,-0.657526,0.243164,-0.102136
1008,18.2569,0.145858,1,-0.552096,-0.594443,0.375741,-0.677332,-0.811028,0.410819,-0.552096,-0.594443,0.338167,-0.145212
1009,18.275,0.142695,1,-0.548552,-0.505021,0.456153,-0.686785,-0.678427,0.565274,-0.548552,-0.505021,0.410537,-0.175156
1010,18.2931,0.137701,1,-0.527551,-0.400653,0.500624,-0.666619,-0.508731,0.661447,-0.527551,-0.400653,0.450561,-0.184873
1011,18.3112,0.129548,1,-0.4918,-0.296988,0.508519,-0.618188,-0.331497,0.690682,-0.4918,-0.296988,0.457667,-0.175063
1012,18.3293,0.119168,1,-0.443824,-0.205829,0.486156,-0.547925,-0.174043,0.661529,-0.443824,-0.205829,0.43754,-0.151037
1013,18.3475,0.107973,1,-0.390298,-0.133753,0.442175,-0.46506,-0.0522518,0.592981,-0.390298,-0.133753,0.397957,-0.120806
1014,18.3656,0.0983897,1,-0.335622,-0.0815556,0.384414,-0.378791,0.0308643,0.504996,-0.335622,-0.0815556,0.345973,-0.0903125
1015,18.3837,0.0910361,1,-0.282801,-0.0470319,0.321231,-0.296312,0.080886,0.412429,-0.282801,-0.0470319,0.289108,-0.063591
1016,18.4018,0.0869736,1,-0.23494,-0.0276486,0.256753,-0.222123,0.106676,0.323729,-0.23494,-0.0276486,0.231078,-0.0422251
1017,18.4199,0.085644,1,-0.192653,-0.0192212,0.194261,-0.158291,0.116819,0.242396,-0.192653,-0.0192212,0.174835,-0.0261974
1018,18.438,0.0856139,1,-0.156804,-0.016774,0.135556,-0.105107,0.118116,0.169044,-0.156804,-0.016774,0.122,-0.014879
1019,18.4561,0.0873037,1,-0.128171,-0.0186185,0.0805588,-0.0617659,0.115369,0.102996,-0.128171,-0.0186185,0.0725029,-0.00722773
1020,18.4742,0.0908937,1,-0.105478,-0.0238189,0.0277542,-0.026901,0.111723,0.0432094,-0.105478,-0.0238189,0.0249788,-0.00204923
1021,18.4924,0.0957235,1,-0.0885455,-0.0300268,-0.0212557,0.00105795,0.109117,-0.0112907,-0.0885455,-0.0300268,-0.0191301,0.00131747
1022,18.5105,0.101371,1,-0.0754161,-0.0361782,-0.0663043,0.0236673,0.108685,-0.0612607,-0.0754161,-0.0361782,-0.0596739,0.00350029
1023,18.5286,0.108394,1,-0.0655023,-0.0425972,-0.107896,0.0423568,0.111071,-0.107223,-0.0655023,-0.0425972,-0.0971063,0.0049472
1024,18.5467,0.117444,1,-0.0586724,-0.0497182,-0.147319,0.0583842,0.116632,-0.149497,-0.0586724,-0.0497182,-0.132587,0.00605048
1025,18.5648,0.128611,1,-0.0544463,-0.0572122,-0.186096,0.0728303,0.125595,-0.188231,-0.0544463,-0.0572122,-0.167487,0.00709258
1026,18.5829,0.14175,1,-0.0524482,-0.064196,-0.223872,0.0866154,0.138142,-0.223429,-0.0524482,-0.064196,-0.201485,0.00821919
1027,18.601,0.157522,1,-0.0522723,-0.0715206,-0.259475,0.100527,0.15447,-0.254959,-0.0522723,-0.0715206,-0.233527,0.00949434
1028,18.6191,0.176075,1,-0.0532919,-0.0791061,-0.293677,0.115249,0.174818,-0.282547,-0.0532919,-0.0791061,-0.264309,0.0109554
1029,18.6372,0.197816,1,-0.0552401,-0.0872267,-0.324945,0.13139,0.199469,-0.305754,-0.0552401,-0.0872267,-0.29245,0.012565
1030,18.6554,0.223628,1,-0.058604,-0.0965953,-0.353617,0.149501,0.228736,-0.323947,-0.058604,-0.0965953,-0.318255,0.0145063
1031,18.6735,0.254141,0,-0.0633302,-0.107717,-0.379972,0.17009,0.262914,-0.336254,-0.0633302,-0.107717,-0.341975,0.0168446
1032,18.6916,0.289719,0,-0.069317,-0.120431,-0.405223,0.193619,0.302201,-0.341517,-0.069317,-0.120431,-0.364701,0.0196622
1033,18.7097,0.331226,0,-0.0765021,-0.135791,-0.429088,0.220484,0.346578,-0.338253,-0.0765021,-0.135791,-0.386179,0.0229783
1034,18.7278,0.379199,0,-0.0855414,-0.154188,-0.450526,0.250971,0.39562,-0.324642,-0.0855414,-0.154188,-0.405473,0.026977
1035,18.7459,0.433841,0,-0.0966931,-0.175867,-0.46978,0.28518,0.448246,-0.298577,-0.0966931,-0.175867,-0.422802,0.0317971
1036,18.764,0.49529,0,-0.110081,-0.202174,-0.485923,0.322911,0.502408,-0.257847,-0.110081,-0.202174,-0.437331,0.0374435
1037,18.7821,0.563168,0,-0.126524,-0.234298,-0.498357,0.363514,0.554769,-0.200511,-0.126524,-0.234298,-0.448521,0.0441379
1038,18.8003,0.635673,0,-0.146509,-0.272881,-0.505687,0.40571,0.600496,-0.125549,-0.146509,-0.272881,-0.455118,0.0518614
1039,18.8184,0.709401,0,-0.170332,-0.317783,-0.506394,0.447446,0.63339,-0.0337736,-0.170332,-0.317783,-0.455755,0.0603785
1040,18.8365,0.780738,0,-0.198732,-0.370441,-0.499473,0.485837,0.64661,0.0711665,-0.198732,-0.370441,-0.449526,0.0694828
1041,18.8546,0.84418,0,-0.232415,-0.431478,-0.481302,0.517337,0.634185,0.182142,-0.232415,-0.431478,-0.433172,0.0783033
1042,18.8727,0.893414,0,-0.271467,-0.500245,-0.448426,0.538201,0.593087,0.288886,-0.271467,-0.500245,-0.403583,0.0852129
1043,18.8908,0.9235,0,-0.316303,-0.574926,-0.398839,0.545247,0.525088,0.379786,-0.316303,-0.574926,-0.358955,0.0883079
1044,18.9089,0.930513,0,-0.367088,-0.651368,-0.326964,0.536692,0.437261,0.444809,-0.367088,-0.651368,-0.294267,0.0840172
1045,18.927,0.913758,0,-0.422341,-0.722095,-0.229832,0.512748,0.340432,0.478338,-0.422341,-0.722095,-0.206849,0.0679471
1046,18.9452,0.87593,0,-0.479171,-0.777659,-0.1043,0.475667,0.246119,0.480443,-0.479171,-0.777659,-0.0938698,0.0349842
1047,18.9633,0.822953,0,-0.532836,-0.805393,0.046649,0.429195,0.163471,0.455983,-0.532836,-0.805393,0.0419841,-0.0173994
1048,18.9814,0.76407,0,-0.578788,-0.795097,0.213212,0.377691,0.0976042,0.41231,-0.578788,-0.795097,0.191891,-0.0863831
1049,18.9995,0.703744,0,-0.609845,-0.731995,0.375243,0.32527,0.0496653,0.356884,-0.609845,-0.731995,0.337719,-0.160188
1050,19.0176,0.646643,0,-0.619384,-0.621242,0.509031,0.275223,0.0180062,0.29577,-0.619384,-0.621242,0.458128,-0.2207
1051,19.0357,0.591731,0,-0.602624,-0.476973,0.594244,0.229801,-0.000404786,0.233149,-0.602624,-0.476973,0.534819,-0.250674
1052,19.0538,0.539531,0,-0.562741,-0.32616,0.62497,0.190253,-0.00887895,0.171522,-0.562741,-0.32616,0.562473,-0.246187
1053,19.0719,0.488038,0,-0.503765,-0.190434,0.607624,0.157033,-0.0103657,0.112179,-0.503765,-0.190434,0.546861,-0.21427
1054,19.09,0.435342,0,-0.432227,-0.0823913,0.552429,0.130032,-0.00718946,0.0556636,-0.432227,-0.0823913,0.497186,-0.167142
1055,19.1082,0.385385,0,-0.358706,-0.00662024,0.478529,0.108802,-0.00101891,0.00211575,-0.358706,-0.00662024,0.430676,-0.120156
1056,19.1263,0.340534,0,-0.286885,0.0396061,0.401742,0.0927303,0.0070512,-0.0485061,-0.286885,0.0396061,0.361568,-0.0806777
1057,19.1444,0.300306,0,-0.221228,0.0664898,0.323936,0.0811594,0.0163831,-0.096306,-0.221228,0.0664898,0.291542,-0.0501646
1058,19.1625,0.264575,0,-0.16515,0.0784399,0.2464,0.0734704,0.0266824,-0.14139,-0.16515,0.0784399,0.22176,-0.0284851
1059,19.1806,0.234433,1,-0.116602,0.081283,0.174627,0.0691276,0.0379035,-0.183841,-0.116602,0.081283,0.157164,-0.0142533
1060,19.1987,0.211188,1,-0.0781162,0.0785204,0.110565,0.0677017,0.0501791,-0.223703,-0.0781162,0.0785204,0.0995083,-0.00604584
1061,19.2168,0.1938,1,-0.0469286,0.0739138,0.0539206,0.0688779,0.0637707,-0.260979,-0.0469286,0.0739138,0.0485285,-0.00177129
1062,19.2349,0.180824,1,-0.0210072,0.0717467,0.0032152,0.0724554,0.0790376,-0.295621,-0.0210072,0.0717467,0.00289368,-4.72796e-05
1063,19.2531,0.170825,1,-0.000991788,0.0709058,-0.0436187,0.0783425,0.0964189,-0.327517,-0.000991788,0.0709058,-0.0392568,3.02823e-05
1064,19.2712,0.163726,1,0.0143983,0.0708291,-0.0860413,0.0865507,0.116424,-0.356475,0.0143983,0.0708291,-0.0774371,-0.000867193
1065,19.2893,0.158518,1,0.0275016,0.0724553,-0.125255,0.0971875,0.139627,-0.382191,0.0275016,0.0724553,-0.11273,-0.00241131
1066,19.3074,0.153506,1,0.0400309,0.0786153,-0.163426,0.110451,0.16666,-0.404219,0.0400309,0.0786153,-0.147084,-0.00457948
1067,19.3255,0.149001,1,0.05212,0.0881644,-0.200682,0.126622,0.1982,-0.421919,0.05212,0.0881644,-0.180614,-0.0073217
1068,19.3436,0.146853,1,0.0635073,0.100031,-0.235181,0.146055,0.234934,-0.43439,0.0635073,0.100031,-0.211663,-0.010455
1069,19.3617,0.148744,1,0.0744207,0.114221,-0.265071,0.169162,0.277496,-0.440397,0.0744207,0.114221,-0.238563,-0.0138087
1070,19.3798,0.154784,1,0.0862814,0.13095,-0.291414,0.196379,0.326355,-0.438281,0.0862814,0.13095,-0.262273,-0.0176006
1071,19.398,0.16536,1,0.0990485,0.151487,-0.314484,0.228123,0.381622,-0.425883,0.0990485,0.151487,-0.283036,-0.0218044
1072,19.4161,0.18044,1,0.113996,0.177416,-0.332984,0.264695,0.442757,-0.400509,0.113996,0.177416,-0.299685,-0.0265711
1073,19.4342,0.200912,1,0.131245,0.20756,-0.346566,0.306152,0.508142,-0.359015,0.131245,0.20756,-0.31191,-0.0318395
1074,19.4523,0.226719,1,0.151465,0.242053,-0.356366,0.352107,0.574552,-0.298126,0.151465,0.242053,-0.320729,-0.037784
1075,19.4704,0.256383,0,0.175037,0.283058,-0.359787,0.401462,0.636622,-0.215143,0.175037,0.283058,-0.323808,-0.0440833
1076,19.4885,0.288375,0,0.202815,0.330698,-0.355466,0.452123,0.686594,-0.109164,0.202815,0.330698,-0.319919,-0.0504657
1077,19.5066,0.320652,0,0.235132,0.384329,-0.341453,0.500774,0.714813,0.0172502,0.235132,0.384329,-0.307308,-0.0562006
1078,19.5247,0.349766,0,0.270686,0.44147,-0.312551,0.542901,0.711502,0.15648,0.270686,0.44147,-0.281296,-0.0592222
1079,19.5428,0.371416,0,0.309667,0.4994,-0.266087,0.573267,0.669933,0.295415,0.309667,0.4994,-0.239478,-0.057679
1080,19.561,0.383034,0,0.352119,0.55557,-0.202128,0.586939,0.59001,0.417402,0.352119,0.55557,-0.181916,-0.0498213
1081,19.5791,0.381574,0,0.396734,0.604085,-0.115842,0.580657,0.480183,0.506748,0.396734,0.604085,-0.104257,-0.0321708
1082,19.5972,0.369962,0,0.44148,0.638505,-0.0100209,0.553982,0.355777,0.553915,0.44148,0.638505,-0.00901885,-0.00309683
1083,19.6153,0.352026,0,0.482435,0.647259,0.110861,0.509598,0.234036,0.558383,0.482435,0.647259,0.0997745,0.0374381
1084,19.6334,0.334053,0,0.514144,0.625422,0.237279,0.452566,0.128675,0.527494,0.514144,0.625422,0.213551,0.085397
1085,19.6515,0.31989,0,0.532567,0.568417,0.352657,0.388922,0.0468813,0.472465,0.532567,0.568417,0.317391,0.131469
1086,19.6696,0.309535,0,0.534251,0.481267,0.443913,0.324302,-0.0104501,0.404276,0.534251,0.481267,0.399522,0.166013
1087,19.6877,0.300628,0,0.518719,0.373863,0.501668,0.263059,-0.0465358,0.331273,0.518719,0.373863,0.451502,0.182158
1088,19.7059,0.292985,0,0.485579,0.265785,0.523577,0.207982,-0.0662978,0.258661,0.485579,0.265785,0.471219,0.177967
1089,19.724,0.281568,0,0.439252,0.164659,0.509762,0.160443,-0.074679,0.189101,0.439252,0.164659,0.458786,0.15674
1090,19.7421,0.268297,0,0.384852,0.0816187,0.472046,0.120735,-0.0758107,0.123609,0.384852,0.0816187,0.424841,0.127167
1091,19.7602,0.252074,0,0.326856,0.020418,0.416007,0.0884483,-0.0727824,0.0623134,0.326856,0.020418,0.374406,0.0951821
1092,19.7783,0.234426,1,0.269654,-0.0208479,0.351181,0.0627796,-0.0677226,0.00495492,0.269654,-0.0208479,0.316063,0.0662882
1093,19.7964,0.218635,1,0.218165,-0.0459394,0.28639,0.0427596,-0.061994,-0.0488399,0.218165,-0.0459394,0.257751,0.0437362
1094,19.8145,0.204312,1,0.172641,-0.0591992,0.223256,0.0274033,-0.0564001,-0.0994341,0.172641,-0.0591992,0.20093,0.0269801
1095,19.8326,0.191155,1,0.134094,-0.0625902,0.161894,0.0157967,-0.0513617,-0.147138,0.134094,-0.0625902,0.145704,0.0151963
1096,19.8508,0.180047,1,0.101994,-0.0608464,0.104552,0.00714024,-0.0470529,-0.192202,0.101994,-0.0608464,0.0940971,0.00746461
1097,19.8689,0.170262,1,0.0759919,-0.0565585,0.0500147,0.000762835,-0.043499,-0.234831,0.0759919,-0.0565585,0.0450132,0.0026605
1098,19.887,0.162963,1,0.0557113,-0.0514399,0.00049475,-0.00388103,-0.0406432,-0.275192,0.0557113,-0.0514399,0.000445275,1.92942e-05
1099,19.9051,0.156869,1,0.0405558,-0.0458194,-0.0460599,-0.00722357,-0.0383904,-0.313428,0.0405558,-0.0458194,-0.0414539,-0.0013076
1100,19.9232,0.151522,1,0.0281699,-0.039906,-0.0899703,-0.00959998,-0.0366335,-0.349661,0.0281699,-0.039906,-0.0809732,-0.00177412
1101,19.9413,0.146341,1,0.0194866,-0.0353891,-0.132408,-0.0112654,-0.0352684,-0.384005,0.0194866,-0.0353891,-0.119167,-0.00180612
1102,19.9594,0.140471,1,0.0136069,-0.0301596,-0.174687,-0.0124108,-0.0342018,-0.41656,0.0136069,-0.0301596,-0.157218,-0.00166386
1103,19.9775,0.134899,1,0.00973446,-0.0242715,-0.215075,-0.0131768,-0.0333534,-0.447423,0.00973446,-0.0242715,-0.193568,-0.00146555
1104,19.9956,0.129592,1,0.00751208,-0.0184563,-0.253674,-0.0136653,-0.0326559,-0.476682,0.00751208,-0.0184563,-0.228306,-0.00133393
1105,20.0138,0.124956,1,0.00670761,-0.0137996,-0.289752,-0.0139485,-0.0320537,-0.50442,0.00670761,-0.0137996,-0.260777,-0.00136048
1106,20.0319,0.121666,1,0.00716475,-0.00904665,-0.322264,-0.0140765,-0.0315005,-0.530717,0.00716475,-0.00904665,-0.290038,-0.00161626
1107,20.05,0.118728,1,0.00837786,-0.00388864,-0.353035,-0.0140824,-0.0309567,-0.555648,0.00837786,-0.00388864,-0.317732,-0.00207038
1108,20.0681,0.116202,1,0.0100061,0.0015146,-0.382013,-0.0139868,-0.0303872,-0.579284,0.0100061,0.0015146,-0.343812,-0.00267572
1109,20.0862,0.114951,1,0.0124765,0.00812645,-0.408002,-0.0138003,-0.0297592,-0.601691,0.0124765,0.00812645,-0.367202,-0.00356332
1110,20.1043,0.114407,1,0.0162513,0.0163785,-0.432363,-0.0135258,-0.0290398,-0.622934,0.0162513,0.0163785,-0.389127,-0.00491851
1111,20.1224,0.114248,1,0.0208826,0.0263932,-0.455938,-0.0131593,-0.0281941,-0.643072,0.0208826,0.0263932,-0.410344,-0.00666483
1112,20.1405,0.115685,1,0.0266873,0.0389643,-0.477167,-0.0126911,-0.0271828,-0.662162,0.0266873,0.0389643,-0.42945,-0.00891403
1113,20.1587,0.118223,1,0.0337567,0.0535243,-0.497203,-0.0121054,-0.0259605,-0.680257,0.0337567,0.0535243,-0.447483,-0.0117488
1114,20.1768,0.122139,1,0.042016,0.0700688,-0.515847,-0.0113804,-0.0244728,-0.697408,0.042016,0.0700688,-0.464262,-0.0151717
1115,20.1949,0.127741,1,0.051823,0.0894543,-0.533377,-0.0104872,-0.0226537,-0.713661,0.051823,0.0894543,-0.48004,-0.0193488
1116,20.213,0.135974,1,0.0636474,0.112923,-0.549194,-0.00938886,-0.0204219,-0.72906,0.0636474,0.112923,-0.494274,-0.0244683
1117,20.2311,0.147766,1,0.0780747,0.141023,-0.562252,-0.00803874,-0.0176774,-0.743644,0.0780747,0.141023,-0.506027,-0.0307283
1118,20.2492,0.163749,1,0.0952605,0.174913,-0.572216,-0.00637829,-0.0142958,-0.757449,0.0952605,0.174913,-0.514994,-0.0381567
1119,20.2673,0.185164,1,0.116453,0.215786,-0.577543,-0.0043343,-0.0101225,-0.770502,0.116453,0.215786,-0.519789,-0.0470797
1120,20.2854,0.212717,1,0.141938,0.26418,-0.57633,-0.00181541,-0.004965,-0.782826,0.141938,0.26418,-0.518697,-0.0572624
1121,20.3036,0.247,1,0.172315,0.320563,-0.566567,0.00129238,0.00141671,-0.794434,0.172315,0.320563,-0.50991,-0.0683395
1122,20.3217,0.289805,0,0.208176,0.386592,-0.543785,0.00513127,0.00932191,-0.805322,0.208176,0.386592,-0.489406,-0.0792422
1123,20.3398,0.342343,0,0.2505,0.462567,-0.503931,0.00987859,0.0191238,-0.815468,0.2505,0.462567,-0.453538,-0.0883642
1124,20.3579,0.404577,0,0.300025,0.545903,-0.443493,0.0157555,0.0312872,-0.824818,0.300025,0.545903,-0.399144,-0.0931412
1125,20.376,0.475264,0,0.355382,0.63137,-0.358957,0.0230375,0.0463904,-0.833271,0.355382,0.63137,-0.323062,-0.0892968
1126,20.3941,0.55449,0,0.416271,0.709083,-0.240556,0.0320678,0.0651508,-0.840655,0.416271,0.709083,-0.216501,-0.0700956
1127,20.4122,0.640767,0,0.479927,0.769523,-0.0869404,0.0432724,0.0884536,-0.846693,0.479927,0.769523,-0.0782464,-0.0292075
1128,20.4303,0.725971,0,0.53904,0.792605,0.0940423,0.0571789,0.117383,-0.850938,0.53904,0.792605,0.084638,0.0354848
1129,20.4484,0.801613,0,0.586423,0.762035,0.285288,0.0744366,0.153249,-0.852692,0.586423,0.762035,0.256759,0.11711
1130,20.4666,0.858615,0,0.613747,0.669924,0.460742,0.0958371,0.197602,-0.850875,0.613747,0.669924,0.414668,0.197945
1131,20.4847,0.892664,0,0.614317,0.526694,0.596019,0.122331,0.252209,-0.843827,0.614317,0.526694,0.536417,0.256301
1132,20.5028,0.901154,0,0.585181,0.353355,0.670974,0.155028,0.318949,-0.829034,0.585181,0.353355,0.603877,0.274849
1133,20.5209,0.885016,0,0.530299,0.185253,0.67762,0.195173,0.399561,-0.802759,0.530299,0.185253,0.609858,0.251539
1134,20.539,0.856084,0,0.457951,0.0430678,0.636302,0.244044,0.495083,-0.759607,0.457951,0.0430678,0.572672,0.203977
1135,20.5571,0.820629,0,0.375877,-0.062912,0.560479,0.302734,0.604829,-0.692146,0.375877,-0.062912,0.504431,0.14747
1136,20.5752,0.786933,0,0.291933,-0.131416,0.466705,0.371723,0.724636,-0.590933,0.291933,-0.131416,0.420035,0.0953726
1137,20.5933,0.767221,0,0.214112,-0.16993,0.379751,0.45013,0.844378,-0.445695,0.214112,-0.16993,0.341776,0.0569165
1138,20.6115,0.760738,0,0.146173,-0.187997,0.299583,0.534628,0.945387,-0.248789,0.146173,-0.187997,0.269625,0.0306537
1139,20.6296,0.763879,0,0.0889243,-0.19088,0.22653,0.618238,1,-0.00187335,0.0889243,-0.19088,0.203877,0.0141008
1140,20.6477,0.773713,0,0.041342,-0.189705,0.157998,0.689764,0.977172,0.275657,0.041342,-0.189705,0.142198,0.00457237
1141,20.6658,0.780138,0,0.00218514,-0.187614,0.0983104,0.735172,0.856831,0.542961,0.00218514,-0.187614,0.0884793,0.000150375
1142,20.6839,0.771058,0,-0.0286852,-0.185606,0.043632,0.741788,0.647256,0.74812,-0.0286852,-0.185606,0.0392688,-0.000876115
1143,20.702,0.738813,0,-0.0526072,-0.184044,-0.00530641,0.703921,0.389574,0.852692,-0.0526072,-0.184044,-0.00477577,0.000195409
1144,20.7201,0.685357,0,-0.0721758,-0.184523,-0.0512568,0.626119,0.139299,0.85244,-0.0721758,-0.184523,-0.0461311,0.00258965
1145,20.7382,0.616663,0,-0.0896288,-0.187369,-0.0920058,0.521255,-0.0615013,0.775057,-0.0896288,-0.187369,-0.0828052,0.00577245
1146,20.7564,0.541848,0,-0.105007,-0.194879,-0.128392,0.404984,-0.198072,0.659451,-0.105007,-0.194879,-0.115553,0.00943749
1147,20.7745,0.469266,0,-0.118796,-0.206105,-0.161695,0.290586,-0.277486,0.536834,-0.118796,-0.206105,-0.145525,0.013446
1148,20.7926,0.403937,0,-0.132717,-0.221219,-0.190844,0.186628,-0.315865,0.424425,-0.132717,-0.221219,-0.17176,0.0177298
1149,20.8107,0.347191,0,-0.146578,-0.23942,-0.214153,0.0971267,-0.329078,0.328244,-0.146578,-0.23942,-0.192738,0.021973
1150,20.8288,0.299658,0,-0.161256,-0.260403,-0.232215,0.02284,-0.329075,0.248178,-0.161256,-0.260403,-0.208994,0.0262122
1151,20.8469,0.262438,0,-0.178422,-0.285517,-0.248663,-0.0373825,-0.32367,0.181771,-0.178422,-0.285517,-0.223797,0.0310568
1152,20.865,0.232965,1,-0.197085,-0.314971,-0.261544,-0.0855872,-0.317532,0.126244,-0.197085,-0.314971,-0.235389,0.0360825
1153,20.8831,0.208102,1,-0.218808,-0.349136,-0.266621,-0.124087,-0.313249,0.0792968,-0.218808,-0.349136,-0.239959,0.0408371
1154,20.9012,0.187934,1,-0.243266,-0.388159,-0.264702,-0.155116,-0.312138,0.0392845,-0.243266,-0.388159,-0.238232,0.0450752
1155,20.9194,0.171359,1,-0.269722,-0.431694,-0.252693,-0.180664,-0.314764,0.00515934,-0.269722,-0.431694,-0.227423,0.0477096
1156,20.9375,0.159453,1,-0.300049,-0.479104,-0.228189,-0.20242,-0.321265,-0.0236607,-0.300049,-0.479104,-0.20537,0.0479274
1157,20.9556,0.154353,1,-0.333807,-0.527382,-0.190822,-0.221767,-0.331536,-0.047413,-0.333807,-0.527382,-0.17174,0.0445884
1158,20.9737,0.156588,1,-0.37019,-0.57105,-0.140968,-0.239803,-0.345325,-0.0660855,-0.37019,-0.57105,-0.126871,0.0365294
1159,20.9918,0.166832,1,-0.407532,-0.609147,-0.0772274,-0.257372,-0.362275,-0.0794868,-0.407532,-0.609147,-0.0695047,0.0220308
1160,21.0099,0.183671,1,-0.443742,-0.63624,0.00261823,-0.275089,-0.381925,-0.0873005,-0.443742,-0.63624,0.00235641,-0.000813274
1161,21.028,0.204671,1,-0.476457,-0.645741,0.0940582,-0.293365,-0.403692,-0.0891349,-0.476457,-0.645741,0.0846524,-0.0313703
1162,21.0461,0.224837,1,-0.502955,-0.631562,0.186406,-0.312414,-0.426829,-0.0845797,-0.502955,-0.631562,0.167765,-0.0656276
1163,21.0643,0.242945,1,-0.519929,-0.593553,0.27508,-0.332261,-0.450391,-0.0732776,-0.519929,-0.593553,0.247572,-0.100115
1164,21.0824,0.257562,0,-0.524942,-0.535987,0.351695,-0.35273,-0.473203,-0.0550191,-0.524942,-0.535987,0.316525,-0.129234
1165,21.1005,0.267818,0,-0.517607,-0.462668,0.40994,-0.373445,-0.493855,-0.0298604,-0.517607,-0.462668,0.368946,-0.148532
1166,21.1186,0.271483,0,-0.496888,-0.380463,0.44164,-0.393821,-0.510757,0.00174345,-0.496888,-0.380463,0.397476,-0.153612
1167,21.1367,0.268967,0,-0.465311,-0.299136,0.444428,-0.413086,-0.522244,0.0388111,-0.465311,-0.299136,0.399985,-0.144758
1168,21.1548,0.261623,0,-0.425065,-0.22841,0.420765,-0.43031,-0.526774,0.0797515,-0.425065,-0.22841,0.378689,-0.125197
1169,21.1729,0.254452,0,-0.380617,-0.172301,0.3813,-0.444486,-0.523174,0.122368,-0.380617,-0.172301,0.34317,-0.101591
1170,21.191,0.250096,0,-0.335408,-0.130623,0.333739,-0.45463,-0.510907,0.163993,-0.335408,-0.130623,0.300365,-0.0783573
1171,21.2092,0.248585,1,-0.291965,-0.102273,0.283147,-0.459917,-0.490282,0.201759,-0.291965,-0.102273,0.254832,-0.0578683
1172,21.2273,0.248018,1,-0.252564,-0.0862561,0.230115,-0.459814,-0.462524,0.232979,-0.252564,-0.0862561,0.207104,-0.0406832
1173,21.2454,0.24808,1,-0.218166,-0.0791254,0.177696,-0.454184,-0.42965,0.255534,-0.218166,-0.0791254,0.159926,-0.027137
1174,21.2635,0.247523,1,-0.189756,-0.0786612,0.126914,-0.443332,-0.394175,0.268168,-0.189756,-0.0786612,0.114223,-0.0168579
1175,21.2816,0.246839,1,-0.167117,-0.0810368,0.0766032,-0.427979,-0.358709,0.270609,-0.167117,-0.0810368,0.0689428,-0.00896118
1176,21.2997,0.245715,1,-0.148677,-0.086437,0.0266555,-0.409168,-0.325574,0.263479,-0.148677,-0.086437,0.02399,-0.00277415
1177,21.3178,0.243158,1,-0.134522,-0.0941186,-0.0204377,-0.388122,-0.296535,0.248063,-0.134522,-0.0941186,-0.018394,0.00192453
1178,21.3359,0.239079,1,-0.124806,-0.103368,-0.0648226,-0.366102,-0.272691,0.226009,-0.124806,-0.103368,-0.0583403,0.00566318
1179,21.354,0.23363,1,-0.11882,-0.114178,-0.106271,-0.344279,-0.254508,0.199055,-0.11882,-0.114178,-0.0956437,0.00883895
1180,21.3722,0.227201,1,-0.116241,-0.126464,-0.145025,-0.323647,-0.241959,0.16883,-0.116241,-0.126464,-0.130523,0.0118005
1181,21.3903,0.21953,1,-0.116323,-0.141274,-0.179894,-0.304981,-0.23469,0.136748,-0.116323,-0.141274,-0.161904,0.014648
1182,21.4084,0.211574,1,-0.118802,-0.156807,-0.211772,-0.288835,-0.232182,0.103977,-0.118802,-0.156807,-0.190595,0.0176112
1183,21.4265,0.203612,1,-0.123145,-0.173076,-0.240708,-0.275563,-0.233874,0.0714558,-0.123145,-0.173076,-0.216637,0.0207494
1184,21.4446,0.195552,1,-0.129976,-0.191276,-0.266807,-0.265356,-0.239247,0.0399384,-0.129976,-0.191276,-0.240126,0.0242748
1185,21.4627,0.187028,1,-0.139716,-0.214031,-0.289513,-0.258283,-0.247868,0.0100462,-0.139716,-0.214031,-0.260562,0.0283147
1186,21.4808,0.178008,1,-0.152518,-0.240608,-0.308101,-0.254331,-0.259402,-0.0176849,-0.152518,-0.240608,-0.277291,0.0328938
1187,21.4989,0.168603,1,-0.168124,-0.271002,-0.32204,-0.25344,-0.273604,-0.0427631,-0.168124,-0.271002,-0.289836,0.0378997
1188,21.5171,0.159122,1,-0.186639,-0.305375,-0.331141,-0.255521,-0.290301,-0.064707,-0.186639,-0.305375,-0.298027,0.0432626
1189,21.5352,0.149146,1,-0.208488,-0.344468,-0.333616,-0.260474,-0.309354,-0.083021,-0.208488,-0.344468,-0.300254,0.0486884
1190,21.5533,0.138268,1,-0.233979,-0.389017,-0.326905,-0.268192,-0.330627,-0.0971783,-0.233979,-0.389017,-0.294215,0.0535422
1191,21.5714,0.127561,1,-0.26331,-0.437806,-0.310445,-0.278562,-0.353932,-0.106613,-0.26331,-0.437806,-0.279401,0.0572203
1192,21.5895,0.118152,1,-0.296701,-0.490687,-0.282113,-0.291445,-0.378985,-0.110723,-0.296701,-0.490687,-0.253902,0.0585922
1193,21.6076,0.111539,1,-0.333346,-0.544634,-0.240076,-0.306665,-0.405343,-0.108894,-0.333346,-0.544634,-0.216068,0.0560199
1194,21.6257,0.109584,1,-0.37325,-0.596539,-0.182026,-0.323976,-0.432352,-0.100537,-0.37325,-0.596539,-0.163823,0.0475589
1195,21.6438,0.113951,1,-0.41536,-0.641534,-0.106068,-0.343036,-0.459087,-0.0851649,-0.41536,-0.641534,-0.0954612,0.0308395
1196,21.662,0.124401,1,-0.456514,-0.672175,-0.0128627,-0.363368,-0.484327,-0.0624941,-0.456514,-0.672175,-0.0115764,0.00411039
1197,21.6801,0.14049,1,-0.493827,-0.68332,0.0938167,-0.384332,-0.506553,-0.0325823,-0.493827,-0.68332,0.0844351,-0.0324305
1198,21.6982,0.15947,1,-0.524579,-0.668932,0.206552,-0.405107,-0.524025,0.0040164,-0.524579,-0.668932,0.185897,-0.0758468
1199,21.7163,0.176003,1,-0.543215,-0.623787,0.312548,-0.424695,-0.534935,0.0461086,-0.543215,-0.623787,0.281293,-0.118846
1200,21.7344,0.188626,1,-0.547989,-0.552904,0.40043,-0.441965,-0.53765,0.0917792,-0.547989,-0.552904,0.360387,-0.153602
1201,21.7525,0.196719,1,-0.537907,-0.462374,0.461893,-0.455733,-0.53103,0.138428,-0.537907,-0.462374,0.415703,-0.173919
1202,21.7706,0.198857,1,-0.511852,-0.364039,0.489103,-0.464898,-0.514737,0.18297,-0.511852,-0.364039,0.440193,-0.175244
1203,21.7887,0.196324,1,-0.473231,-0.270946,0.482711,-0.468587,-0.48945,0.222204,-0.473231,-0.270946,0.43444,-0.159904
1204,21.8068,0.192776,1,-0.425087,-0.191599,0.451791,-0.46631,-0.45689,0.253275,-0.425087,-0.191599,0.406612,-0.134435
1205,21.825,0.189547,1,-0.373504,-0.130808,0.405396,-0.458058,-0.4196,0.274119,-0.373504,-0.130808,0.364856,-0.105992
1206,21.8431,0.187257,1,-0.322113,-0.0870365,0.347908,-0.444331,-0.380536,0.28375,-0.322113,-0.0870365,0.313117,-0.0784459
1207,21.8612,0.185816,1,-0.273279,-0.0593493,0.286431,-0.426075,-0.34258,0.282306,-0.273279,-0.0593493,0.257788,-0.0547929
1208,21.8793,0.184093,1,-0.229554,-0.0456317,0.224541,-0.404544,-0.308125,0.270864,-0.229554,-0.0456317,0.202087,-0.0360809
1209,21.8974,0.182298,1,-0.192307,-0.0408547,0.165034,-0.381135,-0.278829,0.251114,-0.192307,-0.0408547,0.148531,-0.0222161
1210,21.9155,0.180908,1,-0.160947,-0.0404149,0.109376,-0.357216,-0.255572,0.224999,-0.160947,-0.0404149,0.0984385,-0.0123226
1211,21.9336,0.179475,1,-0.135498,-0.0431541,0.0564315,-0.334004,-0.238562,0.194433,-0.135498,-0.0431541,0.0507884,-0.00535246
1212,21.9517,0.177813,1,-0.115896,-0.0492511,0.00483221,-0.312482,-0.227528,0.161115,-0.115896,-0.0492511,0.00434899,-0.000392025
1213,21.9699,0.17527,1,-0.101852,-0.0575231,-0.0422176,-0.293378,-0.221921,0.126453,-0.101852,-0.0575231,-0.0379958,0.00300995
1214,21.988,0.17353,1,-0.0912789,-0.0658157,-0.0863887,-0.277179,-0.22109,0.0915703,-0.0912789,-0.0658157,-0.0777498,0.00551983
1215,22.0061,0.171977,1,-0.0841853,-0.0747868,-0.12692,-0.264162,-0.224398,0.0573428,-0.0841853,-0.0747868,-0.114228,0.00747937
1216,22.0242,0.170872,1,-0.080453,-0.0853903,-0.165349,-0.254448,-0.231298,0.0244637,-0.080453,-0.0853903,-0.148814,0.00931199
1217,22.0423,0.171014,1,-0.0794603,-0.0967092,-0.202438,-0.248047,-0.241359,-0.00649794,-0.0794603,-0.0967092,-0.182194,0.01126
1218,22.0604,0.172677,1,-0.0805474,-0.10807,-0.237687,-0.244901,-0.254273,-0.0350444,-0.0805474,-0.10807,-0.213919,0.0134016
1219,22.0785,0.175697,1,-0.083513,-0.120762,-0.271263,-0.244917,-0.269835,-0.0607066,-0.083513,-0.120762,-0.244137,0.0158578
1220,22.0966,0.179626,1,-0.088234,-0.13509,-0.301916,-0.247988,-0.287913,-0.0830102,-0.088234,-0.13509,-0.271725,0.0186475
1221,22.1148,0.184488,1,-0.0948038,-0.150747,-0.329272,-0.254008,-0.308413,-0.101451,-0.0948038,-0.150747,-0.296345,0.0218514
1222,22.1329,0.190228,1,-0.103315,-0.168983,-0.353755,-0.262871,-0.331233,-0.115477,-0.103315,-0.168983,-0.318379,0.0255837
1223,22.151,0.196828,1,-0.11379,-0.190026,-0.375056,-0.27447,-0.356212,-0.124481,-0.11379,-0.190026,-0.337551,0.0298743
1224,22.1691,0.204352,1,-0.126544,-0.214605,-0.393531,-0.288676,-0.383075,-0.127804,-0.126544,-0.214605,-0.354178,0.0348593
1225,22.1872,0.211919,1,-0.141626,-0.244287,-0.407638,-0.305318,-0.411361,-0.12476,-0.141626,-0.244287,-0.366874,0.0404126
1226,22.2053,0.219507,1,-0.159932,-0.278972,-0.417231,-0.324151,-0.440364,-0.114682,-0.159932,-0.278972,-0.375507,0.04671
1227,22.2234,0.226519,1,-0.181609,-0.318995,-0.420702,-0.344817,-0.469061,-0.097009,-0.181609,-0.318995,-0.378631,0.0534824
1228,22.2415,0.231791,1,-0.20765,-0.36632,-0.416387,-0.366804,-0.496079,-0.0714036,-0.20765,-0.36632,-0.374748,0.060524
1229,22.2596,0.234412,1,-0.238298,-0.42047,-0.401465,-0.389414,-0.5197,-0.0379204,-0.238298,-0.42047,-0.361318,0.0669677
1230,22.2778,0.233944,1,-0.273734,-0.480401,-0.373799,-0.411734,-0.53794,0.00281032,-0.273734,-0.480401,-0.336419,0.0716252
1231,22.2959,0.230127,1,-0.313946,-0.544542,-0.331073,-0.432648,-0.548742,0.04941,-0.313946,-0.544542,-0.297966,0.0727573
1232,22.314,0.223271,1,-0.35869,-0.609538,-0.271204,-0.450885,-0.550276,0.0996567,-0.35869,-0.609538,-0.244084,0.0680947
1233,22.3321,0.212857,1,-0.407049,-0.670428,-0.189874,-0.465124,-0.541316,0.15054,-0.407049,-0.670428,-0.170887,0.0541017
1234,22.3502,0.199386,1,-0.456643,-0.717929,-0.085056,-0.474146,-0.521613,0.198524,-0.456643,-0.717929,-0.0765504,0.0271881
1235,22.3683,0.185252,1,-0.503057,-0.742272,0.04074,-0.477021,-0.492129,0.240001,-0.503057,-0.742272,0.036666,-0.0143462
1236,22.3864,0.175453,1,-0.54285,-0.736108,0.179652,-0.473276,-0.455025,0.271866,-0.54285,-0.736108,0.161687,-0.0682669
1237,22.4045,0.173339,1,-0.571284,-0.69216,0.318086,-0.463007,-0.41335,0.292019,-0.571284,-0.69216,0.286277,-0.127202
1238,22.4227,0.176907,1,-0.583106,-0.608685,0.436062,-0.446884,-0.370511,0.299661,-0.583106,-0.608685,0.392455,-0.177989
1239,22.4408,0.182154,1,-0.573968,-0.495016,0.519624,-0.426065,-0.329694,0.295274,-0.573968,-0.495016,0.467662,-0.208774
1240,22.4589,0.18558,1,-0.544502,-0.368698,0.558457,-0.402013,-0.293406,0.280341,-0.544502,-0.368698,0.502611,-0.212857
1241,22.477,0.186305,1,-0.49817,-0.250102,0.555428,-0.3763,-0.263246,0.256926,-0.49817,-0.250102,0.499885,-0.193688
1242,22.4951,0.184456,1,-0.439856,-0.151832,0.52105,-0.350417,-0.23992,0.227259,-0.439856,-0.151832,0.468945,-0.160431
1243,22.5132,0.17967,1,-0.377215,-0.076138,0.462672,-0.325639,-0.223413,0.193426,-0.377215,-0.076138,0.416405,-0.122169
1244,22.5313,0.175121,1,-0.314312,-0.0258449,0.395444,-0.302964,-0.213238,0.157206,-0.314312,-0.0258449,0.3559,-0.0870049
1245,22.5494,0.171209,1,-0.255892,0.00486141,0.323983,-0.283091,-0.208671,0.120018,-0.255892,0.00486141,0.291585,-0.0580332
1246,22.5676,0.169,1,-0.203918,0.0205183,0.253612,-0.266457,-0.208933,0.0829544,-0.203918,0.0205183,0.228251,-0.0362011
1247,22.5857,0.169279,1,-0.158204,0.0266117,0.185988,-0.253281,-0.213315,0.0468437,-0.158204,0.0266117,0.167389,-0.0205968
1248,22.6038,0.172483,1,-0.120833,0.0273082,0.12368,-0.243627,-0.221234,0.012328,-0.120833,0.0273082,0.111312,-0.0104612
1249,22.6219,0.176913,1,-0.0915571,0.0229009,0.0665483,-0.237454,-0.232258,-0.020069,-0.0915571,0.0229009,0.0598934,-0.00426508
1250,22.64,0.183854,1,-0.068012,0.0178802,0.0129481,-0.234666,-0.2461,-0.0498853,-0.068012,0.0178802,0.0116533,-0.000616436
1251,22.6581,0.193962,1,-0.0495461,0.0143986,-0.0354987,-0.235142,-0.262589,-0.076676,-0.0495461,0.0143986,-0.0319488,0.00123117
1252,22.6762,0.206004,1,-0.035489,0.0109094,-0.079766,-0.238762,-0.281639,-0.0999783,-0.035489,0.0109094,-0.0717894,0.00198157
1253,22.6943,0.220494,1,-0.0239323,0.00790779,-0.121954,-0.245414,-0.303204,-0.119286,-0.0239323,0.00790779,-0.109759,0.00204305
1254,22.7124,0.237506,1,-0.0149524,0.00566442,-0.161953,-0.255002,-0.327237,-0.134027,-0.0149524,0.00566442,-0.145758,0.00169511
1255,22.7306,0.258132,0,-0.00738293,0.00533239,-0.202038,-0.267432,-0.353625,-0.14356,-0.00738293,0.00533239,-0.181834,0.00104414
1256,22.7487,0.282284,0,-0.00158277,0.00674711,-0.241262,-0.282595,-0.382136,-0.147165,-0.00158277,0.00674711,-0.217136,0.000267305
1257,22.7668,0.309868,0,0.00348031,0.00942253,-0.27773,-0.300344,-0.412337,-0.144075,0.00348031,0.00942253,-0.249957,-0.000676612
1258,22.7849,0.341124,0,0.00850716,0.0136963,-0.311941,-0.320456,-0.443519,-0.133518,0.00850716,0.0136963,-0.280747,-0.00185761
1259,22.803,0.375566,0,0.0135423,0.0193444,-0.343538,-0.342586,-0.474622,-0.114805,0.0135423,0.0193444,-0.309185,-0.00325662
1260,22.8211,0.412501,0,0.018437,0.0262046,-0.372445,-0.366222,-0.50417,-0.0874705,0.018437,0.0262046,-0.335201,-0.00480674
1261,22.8392,0.451279,0,0.0234459,0.0345023,-0.398621,-0.390639,-0.530271,-0.0514565,0.0234459,0.0345023,-0.358759,-0.00654223
1262,22.8573,0.491478,0,0.0296257,0.0450536,-0.422274,-0.414864,-0.55069,-0.00733855,0.0296257,0.0450536,-0.380047,-0.00875711
1263,22.8755,0.531943,0,0.037187,0.0581447,-0.443882,-0.43768,-0.563058,0.0434576,0.037187,0.0581447,-0.399494,-0.0115546
1264,22.8936,0.571271,0,0.0458816,0.0739876,-0.464421,-0.457675,-0.565215,0.0985186,0.0458816,0.0739876,-0.417979,-0.0149159
1265,22.9117,0.607741,0,0.0559558,0.0927019,-0.483869,-0.473355,-0.555668,0.154483,0.0559558,0.0927019,-0.435482,-0.0189527
1266,22.9298,0.639711,0,0.0677406,0.114633,-0.502056,-0.483327,-0.534048,0.207331,0.0677406,0.114633,-0.45185,-0.0238067
1267,22.9479,0.665604,0,0.0816138,0.141088,-0.517462,-0.486513,-0.501414,0.252932,0.0816138,0.141088,-0.465716,-0.0295624
1268,22.966,0.684618,0,0.0986959,0.173733,-0.528692,-0.482362,-0.460252,0.287728,0.0986959,0.173733,-0.475823,-0.0365258
1269,22.9841,0.696808,0,0.11978,0.214009,-0.535101,-0.470975,-0.414096,0.309361,0.11978,0.214009,-0.481591,-0.044866
1270,23.0022,0.702372,0,0.145007,0.262437,-0.535142,-0.453129,-0.366882,0.317014,0.145007,0.262437,-0.481628,-0.0543194
1271,23.0204,0.701986,0,0.174878,0.318789,-0.526111,-0.43015,-0.322236,0.311373,0.174878,0.318789,-0.4735,-0.0644038
1272,23.0385,0.698123,0,0.210005,0.383088,-0.506921,-0.403711,-0.282936,0.294261,0.210005,0.383088,-0.456229,-0.0745193
1273,23.0566,0.692969,0,0.250828,0.455811,-0.472917,-0.375581,-0.250664,0.268112,0.250828,0.455811,-0.425625,-0.0830347
1274,23.0747,0.688916,0,0.298237,0.534418,-0.419221,-0.347415,-0.226053,0.235478,0.298237,0.534418,-0.377299,-0.0875189
1275,23.0928,0.688971,0,0.351934,0.616723,-0.339867,-0.320602,-0.208932,0.198678,0.351934,0.616723,-0.305881,-0.0837277
1276,23.1109,0.693498,0,0.410505,0.692066,-0.22775,-0.296197,-0.198624,0.159628,0.410505,0.692066,-0.204975,-0.0654448
1277,23.129,0.704717,0,0.470927,0.750562,-0.082611,-0.274914,-0.194226,0.119808,0.470927,0.750562,-0.0743499,-0.0272326
1278,23.1471,0.72009,0,0.528396,0.773904,0.0870995,-0.257173,-0.194819,0.0803168,0.528396,0.773904,0.0783895,0.0322161
1279,23.1652,0.733094,0,0.574085,0.745539,0.268066,-0.243158,-0.199592,0.0419618,0.574085,0.745539,0.241259,0.107725
1280,23.1834,0.738504,0,0.600953,0.66127,0.435939,-0.232888,-0.207904,0.00534847,0.600953,0.66127,0.392345,0.183385
1281,23.2015,0.730739,0,0.603277,0.52824,0.566745,-0.226281,-0.219297,-0.0290396,0.603277,0.52824,0.51007,0.239333
1282,23.2196,0.706789,0,0.579216,0.367735,0.641584,-0.223201,-0.233485,-0.0607784,0.579216,0.367735,0.577426,0.260131
1283,23.2377,0.666096,0,0.528577,0.208832,0.655266,-0.223501,-0.25032,-0.0894559,0.528577,0.208832,0.589739,0.242451
1284,23.2558,0.614585,0,0.460477,0.0701229,0.623566,-0.227042,-0.269758,-0.114635,0.460477,0.0701229,0.56121,0.200996
1285,23.2739,0.55595,0,0.382857,-0.0371763,0.558618,-0.233709,-0.291809,-0.135824,0.382857,-0.0371763,0.502756,0.14971
1286,23.292,0.493008,0,0.302043,-0.10856,0.470774,-0.243411,-0.316493,-0.152455,0.302043,-0.10856,0.423696,0.0995357
1287,23.3101,0.435961,0,0.225909,-0.150475,0.384323,-0.256074,-0.343784,-0.163866,0.225909,-0.150475,0.345891,0.0607754
1288,23.3283,0.387186,0,0.158333,-0.172861,0.304629,-0.271623,-0.37354,-0.169297,0.158333,-0.172861,0.274166,0.033763
1289,23.3464,0.34906,0,0.101545,-0.178196,0.232879,-0.289954,-0.405426,-0.1679,0.101545,-0.178196,0.209591,0.0165534
1290,23.3645,0.320279,0,0.0550053,-0.177531,0.166146,-0.310895,-0.438825,-0.158781,0.0550053,-0.177531,0.149531,0.00639724
1291,23.3826,0.302169,0,0.016267,-0.174104,0.107794,-0.334161,-0.47274,-0.141075,0.016267,-0.174104,0.0970144,0.00122744
1292,23.4007,0.29363,0,-0.0149803,-0.170726,0.0529184,-0.359295,-0.505708,-0.114082,-0.0149803,-0.170726,0.0476266,-0.000554913
1293,23.4188,0.295036,0,-0.0395798,-0.168548,0.00350793,-0.385609,-0.535758,-0.0774751,-0.0395798,-0.168548,0.00315714,-9.71902e-05
1294,23.4369,0.304554,0,-0.0590133,-0.168717,-0.0420187,-0.412138,-0.560447,-0.0315503,-0.0590133,-0.168717,-0.0378168,0.00173576
1295,23.455,0.319803,0,-0.0756747,-0.171189,-0.082861,-0.437617,-0.577047,0.0224843,-0.0756747,-0.171189,-0.0745749,0.00438934
1296,23.4732,0.338321,0,-0.0901708,-0.176435,-0.120238,-0.460517,-0.582896,0.0822872,-0.0901708,-0.176435,-0.108214,0.00758934
1297,23.4913,0.357562,0,-0.103011,-0.185258,-0.154749,-0.47915,-0.575927,0.144334,-0.103011,-0.185258,-0.139274,0.0111586
1298,23.5094,0.374571,0,-0.115714,-0.197635,-0.185117,-0.491859,-0.555249,0.204161,-0.115714,-0.197635,-0.166605,0.0149944
1299,23.5275,0.387218,0,-0.12835,-0.213323,-0.210661,-0.497279,-0.521616,0.25695,-0.12835,-0.213323,-0.189595,0.0189269
1300,23.5456,0.394082,0,-0.141349,-0.231792,-0.231495,-0.494591,-0.477536,0.298347,-0.141349,-0.231792,-0.208345,0.0229051
1301,23.5637,0.395239,0,-0.156442,-0.254014,-0.25059,-0.483723,-0.426927,0.325282,-0.156442,-0.254014,-0.225531,0.027442
1302,23.5818,0.391362,0,-0.173512,-0.280764,-0.268103,-0.465399,-0.374362,0.336491,-0.173512,-0.280764,-0.241293,0.0325634
1303,23.5999,0.381705,0,-0.192697,-0.311259,-0.280031,-0.441031,-0.324179,0.332552,-0.192697,-0.311259,-0.252028,0.0377728
1304,23.618,0.366825,0,-0.214507,-0.346896,-0.284503,-0.412482,-0.279758,0.31548,-0.214507,-0.346896,-0.256053,0.0427197
1305,23.6362,0.349373,0,-0.239056,-0.388477,-0.281745,-0.381768,-0.243168,0.288083,-0.239056,-0.388477,-0.25357,0.047147
1306,23.6543,0.330986,0,-0.267429,-0.436212,-0.269022,-0.350793,-0.215194,0.253335,-0.267429,-0.436212,-0.24212,0.050361
1307,23.6724,0.313194,0,-0.299735,-0.486998,-0.243146,-0.321157,-0.195625,0.213925,-0.299735,-0.486998,-0.218832,0.0510156
1308,23.6905,0.299,0,-0.335375,-0.538454,-0.202924,-0.294071,-0.183634,0.172043,-0.335375,-0.538454,-0.182631,0.0476388
1309,23.7086,0.29016,0,-0.373323,-0.58371,-0.149007,-0.270345,-0.178124,0.129336,-0.373323,-0.58371,-0.134106,0.0389394
1310,23.7267,0.289517,0,-0.412093,-0.622366,-0.0799052,-0.25044,-0.177984,0.0869906,-0.412093,-0.622366,-0.0719146,0.0230498
1311,23.7448,0.297838,0,-0.449665,-0.649406,0.00578723,-0.234544,-0.182244,0.0458379,-0.449665,-0.649406,0.0052085,-0.00182162
1312,23.7629,0.314445,0,-0.48373,-0.658015,0.104247,-0.222651,-0.190143,0.00647235,-0.48373,-0.658015,0.0938222,-0.0352991
1313,23.7811,0.334492,0,-0.511008,-0.640495,0.203429,-0.214644,-0.201146,-0.0306548,-0.511008,-0.640495,0.183086,-0.0727677
1314,23.7992,0.355257,0,-0.527845,-0.597509,0.297392,-0.210346,-0.214926,-0.0651628,-0.527845,-0.597509,0.267653,-0.109884
1315,23.8173,0.374113,0,-0.531888,-0.533543,0.377296,-0.209571,-0.231328,-0.0966877,-0.531888,-0.533543,0.339567,-0.140476
1316,23.8354,0.387481,0,-0.522049,-0.452454,0.4351,-0.212154,-0.250328,-0.124841,-0.522049,-0.452454,0.39159,-0.159
1317,23.8535,0.392496,0,-0.498291,-0.363813,0.463309,-0.21796,-0.271988,-0.14918,-0.498291,-0.363813,0.416978,-0.161604
1318,23.8716,0.388141,0,-0.462597,-0.277364,0.460144,-0.226896,-0.296409,-0.169175,-0.462597,-0.277364,0.41413,-0.149003
1319,23.8897,0.376167,0,-0.418266,-0.204548,0.430742,-0.238905,-0.323674,-0.184192,-0.418266,-0.204548,0.387667,-0.126115
1320,23.9078,0.362238,0,-0.37088,-0.148457,0.387741,-0.253948,-0.353791,-0.193476,-0.37088,-0.148457,0.348967,-0.100664
1321,23.926,0.349006,0,-0.323455,-0.107273,0.337467,-0.271979,-0.386607,-0.196142,-0.323455,-0.107273,0.30372,-0.0764087
1322,23.9441,0.337784,0,-0.278258,-0.0802157,0.283623,-0.292915,-0.421723,-0.191194,-0.278258,-0.0802157,0.255261,-0.0552443
1323,23.9622,0.329169,0,-0.237524,-0.0655066,0.227958,-0.31658,-0.458374,-0.17758,-0.237524,-0.0655066,0.205162,-0.037902
1324,23.9803,0.325016,0,-0.202311,-0.0596665,0.173458,-0.342648,-0.495315,-0.154296,-0.202311,-0.0596665,0.156112,-0.0245647
1325,23.9984,0.326205,0,-0.173343,-0.0596786,0.1212,-0.370576,-0.530717,-0.120568,-0.173343,-0.0596786,0.10908,-0.0147063
1326,24.0165,0.333541,0,-0.150015,-0.0618596,0.0695618,-0.399526,-0.562128,-0.0761244,-0.150015,-0.0618596,0.0626056,-0.00730472
1327,24.0346,0.346275,0,-0.131058,-0.0671959,0.018739,-0.428316,-0.586556,-0.0215298,-0.131058,-0.0671959,0.0168651,-0.00171913
1328,24.0527,0.36344,0,-0.116848,-0.0746873,-0.0285652,-0.455406,-0.600749,0.0414609,-0.116848,-0.0746873,-0.0257087,0.00233645
1329,24.0708,0.383165,0,-0.106883,-0.08358,-0.0734812,-0.478959,-0.601715,0.109666,-0.106883,-0.08358,-0.0661331,0.00549775
1330,24.089,0.403741,0,-0.100257,-0.0922317,-0.115417,-0.497008,-0.587422,0.178515,-0.100257,-0.0922317,-0.103875,0.00809992
1331,24.1071,0.421898,0,-0.0969254,-0.10262,-0.155363,-0.507722,-0.557524,0.24251,-0.0969254,-0.10262,-0.139827,0.0105411
1332,24.1252,0.43531,0,-0.0962698,-0.115099,-0.192332,-0.509737,-0.513804,0.296098,-0.0962698,-0.115099,-0.173098,0.012961
1333,24.1433,0.442914,0,-0.0974068,-0.127758,-0.225612,-0.502455,-0.460082,0.334759,-0.0974068,-0.127758,-0.203051,0.0153833
1334,24.1614,0.444038,0,-0.100091,-0.140206,-0.255755,-0.48622,-0.401516,0.355908,-0.100091,-0.140206,-0.230179,0.0179191
1335,24.1795,0.438495,0,-0.104871,-0.155065,-0.283835,-0.462286,-0.343507,0.359265,-0.104871,-0.155065,-0.255452,0.0208362
1336,24.1976,0.426651,0,-0.112372,-0.173563,-0.309035,-0.432598,-0.29064,0.346589,-0.112372,-0.173563,-0.278131,0.0243088
1337,24.2157,0.409956,0,-0.122242,-0.19501,-0.330783,-0.399445,-0.246003,0.320945,-0.122242,-0.19501,-0.297705,0.0283049
1338,24.2339,0.390065,0,-0.134464,-0.21943,-0.349109,-0.365105,-0.211038,0.28586,-0.134464,-0.21943,-0.314198,0.0328599
1339,24.252,0.368741,0,-0.149191,-0.247755,-0.364284,-0.331571,-0.18581,0.244657,-0.149191,-0.247755,-0.327856,0.0380435
1340,24.2701,0.347107,0,-0.166339,-0.280415,-0.375399,-0.300392,-0.169468,0.200074,-0.166339,-0.280415,-0.337859,0.0437106
1341,24.2882,0.325617,0,-0.187307,-0.319121,-0.380347,-0.272634,-0.160716,0.154168,-0.187307,-0.319121,-0.342312,0.0498692
1342,24.3063,0.30525,0,-0.212371,-0.363497,-0.377459,-0.248923,-0.158171,0.108378,-0.212371,-0.363497,-0.339713,0.0561128
1343,24.3244,0.287289,0,-0.241236,-0.412926,-0.365039,-0.229531,-0.160588,0.0636719,-0.241236,-0.412926,-0.328535,0.0616424
1344,24.3425,0.273662,0,-0.27412,-0.467444,-0.341013,-0.214476,-0.166968,0.0206909,-0.27412,-0.467444,-0.306912,0.065435
1345,24.3606,0.267196,0,-0.311552,-0.526454,-0.303193,-0.20362,-0.176594,-0.020121,-0.311552,-0.526454,-0.272874,0.0661222
1346,24.3788,0.269949,0,-0.35288,-0.586331,-0.249144,-0.196742,-0.189008,-0.0584254,-0.35288,-0.586331,-0.224229,0.0615425
1347,24.3969,0.283027,0,-0.397468,-0.642143,-0.176153,-0.193603,-0.203978,-0.093922,-0.397468,-0.642143,-0.158537,0.0490106
1348,24.415,0.305861,0,-0.44341,-0.686767,-0.0825441,-0.19398,-0.221448,-0.126301,-0.44341,-0.686767,-0.0742897,0.0256206
1349,24.4331,0.336271,0,-0.487128,-0.71179,0.029954,-0.197695,-0.241494,-0.155209,-0.487128,-0.71179,0.0269586,-0.010214
1350,24.4512,0.371719,0,-0.525003,-0.711235,0.154615,-0.204624,-0.264276,-0.180213,-0.525003,-0.711235,0.139154,-0.0568214
1351,24.4693,0.406681,0,-0.553439,-0.677391,0.280202,-0.214698,-0.289991,-0.200779,-0.553439,-0.677391,0.252182,-0.108552
1352,24.4874,0.434876,0,-0.566424,-0.60901,0.390832,-0.227896,-0.318818,-0.216242,-0.566424,-0.60901,0.351749,-0.154964
1353,24.5055,0.453552,0,-0.56237,-0.512562,0.474048,-0.244228,-0.350855,-0.225784,-0.56237,-0.512562,0.426643,-0.186613
1354,24.5236,0.460198,0,-0.539749,-0.401483,0.519179,-0.263703,-0.386033,-0.228421,-0.539749,-0.401483,0.467261,-0.196159
1355,24.5418,0.456175,0,-0.501769,-0.292573,0.525707,-0.286295,-0.424013,-0.223012,-0.501769,-0.292573,0.473136,-0.184649
1356,24.5599,0.44461,0,-0.451014,-0.197744,0.500748,-0.311884,-0.464049,-0.208308,-0.451014,-0.197744,0.450673,-0.158091
1357,24.578,0.429584,0,-0.394408,-0.122836,0.453149,-0.340187,-0.50484,-0.183059,-0.394408,-0.122836,0.407834,-0.125108
1358,24.5961,0.414677,0,-0.336917,-0.0698103,0.391836,-0.370673,-0.544389,-0.146223,-0.336917,-0.0698103,0.352652,-0.0924113
1359,24.6142,0.404301,0,-0.281873,-0.0351577,0.325891,-0.402474,-0.57992,-0.0972736,-0.281873,-0.0351577,0.293302,-0.0643019
1360,24.6323,0.399105,0,-0.232171,-0.0164007,0.25846,-0.434304,-0.607939,-0.0366324,-0.232171,-0.0164007,0.232614,-0.0420049
1361,24.6504,0.400515,0,-0.188215,-0.00854566,0.193504,-0.464433,-0.624547,0.0338756,-0.188215,-0.00854566,0.174153,-0.0254942
1362,24.6685,0.408181,0,-0.151141,-0.00636894,0.132768,-0.490748,-0.626058,0.110672,-0.151141,-0.00636894,0.119491,-0.0140467
1363,24.6867,0.418355,0,-0.12171,-0.00898797,0.0767251,-0.510936,-0.609896,0.188418,-0.12171,-0.00898797,0.0690526,-0.00653676
1364,24.7048,0.428555,0,-0.0986601,-0.0147599,0.0226816,-0.52282,-0.575544,0.260562,-0.0986601,-0.0147599,0.0204134,-0.00156644
1365,24.7229,0.436196,0,-0.0813809,-0.0214374,-0.0266436,-0.524768,-0.525154,0.320458,-0.0813809,-0.0214374,-0.0239792,0.00151779
1366,24.741,0.439608,0,-0.068058,-0.027904,-0.0723869,-0.516081,-0.463426,0.36277,-0.068058,-0.027904,-0.0651482,0.00344856
1367,24.7591,0.437245,0,-0.0581362,-0.0342979,-0.114814,-0.497208,-0.396673,0.384637,-0.0581362,-0.0342979,-0.103332,0.00467238
1368,24.7772,0.428936,0,-0.0511972,-0.0413665,-0.154934,-0.469702,-0.331381,0.386086,-0.0511972,-0.0413665,-0.139441,0.00555255
1369,24.7953,0.41647,0,-0.0466435,-0.0478934,-0.194495,-0.435914,-0.27285,0.369601,-0.0466435,-0.0478934,-0.175046,0.00635037
1370,24.8134,0.400657,0,-0.0442591,-0.0537308,-0.23267,-0.398552,-0.224414,0.339101,-0.0442591,-0.0537308,-0.209403,0.00720844
1371,24.8316,0.382491,0,-0.0435339,-0.0595727,-0.268824,-0.360242,-0.187361,0.298859,-0.0435339,-0.0595727,-0.241941,0.00819206
1372,24.8497,0.363431,0,-0.0435838,-0.0653212,-0.303019,-0.323209,-0.161365,0.252707,-0.0435838,-0.0653212,-0.272717,0.00924472
1373,24.8678,0.343834,0,-0.0446831,-0.0715449,-0.334411,-0.289114,-0.145122,0.203645,-0.0446831,-0.0715449,-0.30097,0.0104598
1374,24.8859,0.324358,0,-0.0469514,-0.078811,-0.363174,-0.259035,-0.136926,0.153804,-0.0469514,-0.078811,-0.326857,0.0119361
1375,24.904,0.305754,0,-0.0502225,-0.0871206,-0.389935,-0.233542,-0.135081,0.104585,-0.0502225,-0.0871206,-0.350942,0.0137085
1376,24.9221,0.288649,0,-0.0547726,-0.0969863,-0.415672,-0.212814,-0.13813,0.0568585,-0.0547726,-0.0969863,-0.374105,0.0159372
1377,24.9402,0.272757,0,-0.0599177,-0.108485,-0.439545,-0.196763,-0.144953,0.0111565,-0.0599177,-0.108485,-0.395591,0.0184356
1378,24.9583,0.258202,0,-0.0663072,-0.12188,-0.462069,-0.185149,-0.154775,-0.0321857,-0.0663072,-0.12188,-0.415862,0.021447
1379,24.9764,0.244914,1,-0.0746773,-0.138275,-0.483428,-0.177663,-0.167127,-0.0729283,-0.0746773,-0.138275,-0.435085,0.0252707
1380,24.9946,0.232633,1,-0.0849287,-0.15837,-0.503127,-0.173991,-0.181795,-0.11086,-0.0849287,-0.15837,-0.452815,0.029911
1381,25.0127,0.220771,1,-0.097244,-0.182838,-0.520048,-0.173858,-0.198764,-0.145754,-0.097244,-0.182838,-0.468043,0.0354001
1382,25.0308,0.209037,1,-0.112297,-0.212506,-0.533512,-0.17705,-0.21817,-0.177332,-0.112297,-0.212506,-0.480161,0.0419384
1383,25.0489,0.197291,1,-0.130499,-0.248138,-0.542742,-0.183428,-0.240251,-0.205239,-0.130499,-0.248138,-0.488467,0.0495791
1384,25.067,0.184975,1,-0.15238,-0.290056,-0.545858,-0.192925,-0.265303,-0.229013,-0.15238,-0.290056,-0.491272,0.0582247
1385,25.0851,0.172697,1,-0.178663,-0.339619,-0.542392,-0.205546,-0.293642,-0.248051,-0.178663,-0.339619,-0.488153,0.0678338
1386,25.1032,0.160683,1,-0.210141,-0.398746,-0.529862,-0.221345,-0.325539,-0.261585,-0.210141,-0.398746,-0.476876,0.0779419
1387,25.1213,0.149269,1,-0.247484,-0.46746,-0.504213,-0.24041,-0.361155,-0.268643,-0.247484,-0.46746,-0.453791,0.0873491
1388,25.1395,0.140147,1,-0.290726,-0.543836,-0.461897,-0.262821,-0.400437,-0.268036,-0.290726,-0.543836,-0.415707,0.094
1389,25.1576,0.13644,1,-0.34061,-0.625412,-0.399303,-0.288605,-0.442983,-0.258367,-0.34061,-0.625412,-0.359372,0.0952044
1390,25.1757,0.139967,1,-0.396742,-0.705607,-0.309572,-0.317666,-0.48787,-0.238088,-0.396742,-0.705607,-0.278615,0.0859742
1391,25.1938,0.152765,1,-0.456183,-0.775325,-0.192699,-0.349692,-0.53345,-0.205648,-0.456183,-0.775325,-0.173429,0.0615341
1392,25.2119,0.173892,1,-0.515488,-0.822856,-0.045429,-0.384047,-0.577167,-0.159775,-0.515488,-0.822856,-0.0408861,0.0163927
1393,25.23,0.201418,1,-0.569881,-0.835613,0.125183,-0.419651,-0.615453,-0.0999128,-0.569881,-0.835613,0.112664,-0.0499375
1394,25.2481,0.229807,1,-0.612655,-0.798597,0.30425,-0.454888,-0.643855,-0.0268064,-0.612655,-0.798597,0.273825,-0.13048
1395,25.2662,0.252985,0,-0.63488,-0.702147,0.46714,-0.487576,-0.657514,0.0568795,-0.63488,-0.702147,0.420426,-0.207605
1396,25.2844,0.267803,0,-0.630064,-0.560566,0.586113,-0.515084,-0.652105,0.146163,-0.630064,-0.560566,0.527501,-0.258502
1397,25.3025,0.274139,0,-0.599428,-0.397574,0.645597,-0.534622,-0.625109,0.233911,-0.599428,-0.397574,0.581037,-0.270892
1398,25.3206,0.274188,0,-0.545431,-0.241435,0.647857,-0.543714,-0.577019,0.311824,-0.545431,-0.241435,0.583072,-0.247353
1399,25.3387,0.270533,0,-0.473649,-0.109708,0.603098,-0.540758,-0.511864,0.372162,-0.473649,-0.109708,0.542788,-0.19996
1400,25.3568,0.264994,0,-0.394289,-0.0133629,0.529319,-0.525461,-0.436597,0.409603,-0.394289,-0.0133629,0.476388,-0.146093
1401,25.3749,0.25703,0,-0.316759,0.0460049,0.447054,-0.498993,-0.359431,0.422439,-0.316759,0.0460049,0.402349,-0.0991259
1402,25.393,0.24944,1,-0.243558,0.0808812,0.365411,-0.463758,-0.287833,0.412545,-0.243558,0.0808812,0.32887,-0.0622992
1403,25.4111,0.241094,1,-0.18019,0.0978868,0.284758,-0.422885,-0.227032,0.384288,-0.18019,0.0978868,0.256283,-0.0359174
1404,25.4292,0.233305,1,-0.125012,0.103735,0.207963,-0.379626,-0.179515,0.343,-0.125012,0.103735,0.187167,-0.0181986
1405,25.4474,0.22448,1,-0.0799767,0.102424,0.139541,-0.336862,-0.145405,0.293701,-0.0799767,0.102424,0.125587,-0.00781203
1406,25.4655,0.214727,1,-0.0446982,0.0981562,0.0799977,-0.296817,-0.123278,0.24039,-0.0446982,0.0981562,0.0719979,-0.00250303
1407,25.4836,0.206739,1,-0.0146507,0.0955978,0.0281962,-0.260977,-0.110999,0.185882,-0.0146507,0.0955978,0.0253766,-0.000289167
1408,25.5017,0.200824,1,0.00919027,0.0951976,-0.019984,-0.230154,-0.106343,0.131961,0.00919027,0.0951976,-0.0179856,-0.000128561
1409,25.5198,0.196515,1,0.0274882,0.0957772,-0.064252,-0.204631,-0.107356,0.0796644,0.0274882,0.0957772,-0.0578268,-0.00123632
1410,25.5379,0.194414,1,0.0422083,0.0978242,-0.103989,-0.184326,-0.112507,0.0295513,0.0422083,0.0978242,-0.0935903,-0.00307245
1411,25.556,0.196767,1,0.0557587,0.104026,-0.141221,-0.168934,-0.120706,-0.0180942,0.0557587,0.104026,-0.127099,-0.00551202
1412,25.5741,0.204143,1,0.0693453,0.114545,-0.176666,-0.158047,-0.131266,-0.063123,0.0693453,0.114545,-0.158999,-0.00857566
1413,25.5923,0.21567,1,0.0826669,0.128198,-0.209515,-0.151239,-0.143824,-0.105436,0.0826669,0.128198,-0.188564,-0.012124
1414,25.6104,0.230959,1,0.0957854,0.144813,-0.238071,-0.148118,-0.158275,-0.144934,0.0957854,0.144813,-0.214264,-0.0159626
1415,25.6285,0.249975,1,0.109559,0.163712,-0.261533,-0.148365,-0.17471,-0.181484,0.109559,0.163712,-0.23538,-0.0200574
1416,25.6466,0.273482,0,0.123994,0.186041,-0.281194,-0.15175,-0.193362,-0.214894,0.123994,0.186041,-0.253074,-0.0244065
1417,25.6647,0.303204,0,0.14092,0.214128,-0.29568,-0.158136,-0.214571,-0.244892,0.14092,0.214128,-0.266112,-0.029167
1418,25.6828,0.33924,0,0.160665,0.24746,-0.305362,-0.167481,-0.238747,-0.271097,0.160665,0.24746,-0.274826,-0.0343426
1419,25.7009,0.381188,0,0.183274,0.284853,-0.308968,-0.179827,-0.266341,-0.292987,0.183274,0.284853,-0.278071,-0.039638
1420,25.719,0.430528,0,0.209734,0.328297,-0.305134,-0.195292,-0.297797,-0.309861,0.209734,0.328297,-0.27462,-0.0447979
1421,25.7372,0.487267,0,0.240169,0.377238,-0.292193,-0.214049,-0.333506,-0.320795,0.240169,0.377238,-0.262974,-0.049123
1422,25.7553,0.549434,0,0.272705,0.42818,-0.265235,-0.236298,-0.373709,-0.324595,0.272705,0.42818,-0.238712,-0.0506317
1423,25.7734,0.61666,0,0.30838,0.479387,-0.223661,-0.262223,-0.418379,-0.319772,0.30838,0.479387,-0.201295,-0.0482808
1424,25.7915,0.687765,0,0.34709,0.528648,-0.165507,-0.291931,-0.467035,-0.304539,0.34709,0.528648,-0.148957,-0.0402122
1425,25.8096,0.759317,0,0.387183,0.570893,-0.0893011,-0.325361,-0.5185,-0.276889,0.387183,0.570893,-0.0803709,-0.0242031
1426,25.8277,0.826478,0,0.427183,0.59959,0.00340107,-0.362163,-0.57062,-0.234801,0.427183,0.59959,0.00306096,0.00101701
1427,25.8458,0.88153,0,0.463296,0.605687,0.108069,-0.401545,-0.619987,-0.176638,0.463296,0.605687,0.0972619,0.0350475
1428,25.8639,0.918984,0,0.491329,0.58718,0.21801,-0.442114,-0.661821,-0.101796,0.491329,0.58718,0.196209,0.0749804
1429,25.882,0.93165,0,0.507953,0.540678,0.319158,-0.481746,-0.69019,-0.0115644,0.507953,0.540678,0.287242,0.113482
1430,25.9002,0.915514,0,0.510628,0.46807,0.399305,-0.517578,-0.698819,0.0900103,0.510628,0.46807,0.359375,0.142727
1431,25.9183,0.8716,0,0.497995,0.376935,0.452834,-0.546208,-0.682581,0.195686,0.497995,0.376935,0.40755,0.157856
1432,25.9364,0.807862,0,0.471026,0.284305,0.477406,-0.56418,-0.639388,0.295573,0.471026,0.284305,0.429665,0.15741
1433,25.9545,0.729628,0,0.431576,0.195107,0.471315,-0.568697,-0.571702,0.378966,0.431576,0.195107,0.424184,0.142386
1434,25.9726,0.647233,0,0.384595,0.119543,0.4424,-0.558367,-0.486695,0.437046,0.384595,0.119543,0.39816,0.119101
1435,25.9907,0.567513,0,0.33412,0.0618184,0.395863,-0.533674,-0.39461,0.465271,0.33412,0.0618184,0.356277,0.0925862
1436,26.0088,0.493746,0,0.283357,0.0207245,0.338636,-0.496941,-0.305936,0.464265,0.283357,0.0207245,0.304772,0.0671684
1437,26.0269,0.427972,0,0.236886,-0.00515139,0.280001,-0.451774,-0.228772,0.438811,0.236886,-0.00515139,0.252001,0.0464297
1438,26.0451,0.369381,0,0.195402,-0.0195424,0.221863,-0.402259,-0.167511,0.395745,0.195402,-0.0195424,0.199677,0.0303467
1439,26.0632,0.317574,0,0.159082,-0.0256434,0.163894,-0.352192,-0.12301,0.341879,0.159082,-0.0256434,0.147505,0.0182508
1440,26.0813,0.272895,0,0.12929,-0.0240639,0.108605,-0.30459,-0.0936743,0.282724,0.12929,-0.0240639,0.0977447,0.00982912
1441,26.0994,0.234394,1,0.104849,-0.0205833,0.056398,-0.261504,-0.07671,0.222099,0.104849,-0.0205833,0.0507582,0.0041393
1442,26.1175,0.202581,1,0.0859666,-0.0146617,0.0073025,-0.224072,-0.0690942,0.162322,0.0859666,-0.0146617,0.00657225,0.00043944
1443,26.1356,0.177535,1,0.0723229,-0.00706448,-0.0388568,-0.192705,-0.0681385,0.104623,0.0723229,-0.00706448,-0.0349711,-0.00196717
1444,26.1537,0.158533,1,0.0619492,0.00087422,-0.0829986,-0.167304,-0.0717235,0.0495553,0.0619492,0.00087422,-0.0746987,-0.00359919
1445,26.1718,0.145656,1,0.0548584,0.00872892,-0.125725,-0.147459,-0.0783283,-0.00269812,0.0548584,0.00872892,-0.113152,-0.00482795
1446,26.19,0.138797,1,0.0505288,0.0178267,-0.167342,-0.132609,-0.0869603,-0.0521288,0.0505288,0.0178267,-0.150608,-0.00591894
1447,26.2081,0.137461,1,0.0488995,0.0282707,-0.207051,-0.122159,-0.0970513,-0.0987904,0.0488995,0.0282707,-0.186346,-0.00708728
1448,26.2262,0.141549,1,0.049633,0.0409443,-0.245372,-0.115547,-0.108356,-0.142741,0.049633,0.0409443,-0.220835,-0.00852498
1449,26.2443,0.149992,1,0.0526797,0.0547364,-0.281172,-0.112295,-0.120867,-0.184014,0.0526797,0.0547364,-0.253055,-0.0103684
1450,26.2624,0.161804,1,0.0575513,0.069994,-0.311288,-0.112025,-0.13475,-0.222604,0.0575513,0.069994,-0.28016,-0.0125405
1451,26.2805,0.17742,1,0.0643382,0.0866886,-0.337815,-0.114471,-0.150299,-0.258455,0.0643382,0.0866886,-0.304033,-0.0152141
1452,26.2986,0.197005,1,0.0735609,0.104681,-0.361198,-0.119479,-0.167906,-0.291449,0.0735609,0.104681,-0.325078,-0.018599
1453,26.3167,0.22165,1,0.0846378,0.126483,-0.381965,-0.126999,-0.188042,-0.321385,0.0846378,0.126483,-0.343768,-0.0226301
1454,26.3348,0.252198,0,0.0982516,0.1531,-0.399733,-0.137085,-0.211245,-0.347955,0.0982516,0.1531,-0.35976,-0.0274921
1455,26.353,0.288349,0,0.114182,0.183567,-0.414268,-0.149882,-0.238106,-0.370709,0.114182,0.183567,-0.372842,-0.0331114
1456,26.3711,0.331031,0,0.133264,0.218847,-0.42333,-0.16562,-0.269247,-0.389013,0.133264,0.218847,-0.380997,-0.0394902
1457,26.3892,0.381338,0,0.155996,0.260095,-0.426292,-0.184599,-0.305289,-0.401982,0.155996,0.260095,-0.383663,-0.04655
1458,26.4073,0.439934,0,0.18283,0.307704,-0.421475,-0.207175,-0.346782,-0.408423,0.18283,0.307704,-0.379328,-0.053941
1459,26.4254,0.507589,0,0.214072,0.362491,-0.406746,-0.233721,-0.394094,-0.40675,0.214072,0.362491,-0.366071,-0.060951
1460,26.4435,0.584173,0,0.25002,0.42382,-0.379563,-0.264581,-0.447228,-0.394935,0.25002,0.42382,-0.341607,-0.0664288
1461,26.4616,0.669036,0,0.291107,0.490584,-0.336351,-0.299981,-0.505547,-0.370488,0.291107,0.490584,-0.302716,-0.0685399
1462,26.4797,0.758719,0,0.336526,0.557798,-0.272639,-0.3399,-0.567393,-0.330567,0.336526,0.557798,-0.245375,-0.0642252
1463,26.4979,0.848549,0,0.386286,0.619113,-0.185169,-0.383891,-0.629623,-0.272299,0.386286,0.619113,-0.166652,-0.0500697
1464,26.516,0.930006,0,0.436505,0.664944,-0.0742958,-0.430843,-0.687182,-0.193445,0.436505,0.664944,-0.0668663,-0.0227014
1465,26.5341,0.994012,0,0.483668,0.686834,0.0554966,-0.478734,-0.732942,-0.0934986,0.483668,0.686834,0.0499469,0.0187893
1466,26.5522,1.03125,0,0.523788,0.677401,0.199757,-0.524456,-0.758229,0.0248778,0.523788,0.677401,0.179781,0.0732412
1467,26.5703,1.02996,0,0.550924,0.626141,0.338047,-0.563867,-0.754439,0.154546,0.550924,0.626141,0.304243,0.130367
1468,26.5884,0.986985,0,0.560069,0.535542,0.453358,-0.592231,-0.715786,0.283633,0.560069,0.535542,0.408022,0.177738
1469,26.6065,0.907698,0,0.548258,0.417636,0.531273,-0.605129,-0.642312,0.39728,0.548258,0.417636,0.478146,0.203892
1470,26.6246,0.804155,0,0.515199,0.288886,0.568894,-0.599644,-0.541465,0.481489,0.515199,0.288886,0.512005,0.205165
1471,26.6428,0.693594,0,0.466571,0.170541,0.558377,-0.57534,-0.426692,0.527524,0.466571,0.170541,0.50254,0.182366
1472,26.6609,0.586964,0,0.406661,0.0706607,0.517942,-0.534549,-0.313306,0.534421,0.406661,0.0706607,0.466148,0.147439
1473,26.679,0.492108,0,0.341994,-0.00163264,0.45409,-0.481751,-0.21383,0.508179,0.341994,-0.00163264,0.408681,0.108707
1474,26.6971,0.409969,0,0.278327,-0.0486005,0.382943,-0.422389,-0.135259,0.458508,0.278327,-0.0486005,0.344649,0.0746085
1475,26.7152,0.33836,0,0.218629,-0.0786459,0.313175,-0.361648,-0.0790213,0.39528,0.218629,-0.0786459,0.281858,0.0479285
1476,26.7333,0.277594,0,0.16759,-0.0932991,0.24534,-0.303642,-0.0427018,0.326303,0.16759,-0.0932991,0.220806,0.0287816
1477,26.7514,0.224904,1,0.122904,-0.0986986,0.179262,-0.251108,-0.0221084,0.256685,0.122904,-0.0986986,0.161336,0.0154224
1478,26.7695,0.180088,1,0.085773,-0.098503,0.117665,-0.205487,-0.0128219,0.189228,0.085773,-0.098503,0.105898,0.00706472
1479,26.7876,0.142448,1,0.0548972,-0.09691,0.0605919,-0.167204,-0.011027,0.125164,0.0548972,-0.09691,0.0545327,0.00232843
1480,26.8058,0.111382,1,0.030625,-0.0940735,0.00996047,-0.136001,-0.0137989,0.0648223,0.030625,-0.0940735,0.00896442,0.000213527
1481,26.8239,0.0864351,1,0.0123892,-0.0899241,-0.0378956,-0.111217,-0.0190818,0.00810389,0.0123892,-0.0899241,-0.034106,-0.000328647
1482,26.842,0.0662339,1,-0.00250115,-0.0865245,-0.0830674,-0.0920089,-0.0255397,-0.045252,-0.00250115,-0.0865245,-0.0747607,0.000145435
1483,26.8601,0.0501787,1,-0.0150479,-0.0854984,-0.124379,-0.0774978,-0.0323803,-0.0955313,-0.0150479,-0.0854984,-0.111941,0.00131015
1484,26.8782,0.0381698,1,-0.0244703,-0.085167,-0.164456,-0.0668587,-0.0391964,-0.142991,-0.0244703,-0.085167,-0.148011,0.00281701
1485,26.8963,0.028997,1,-0.0317954,-0.0850354,-0.20288,-0.0593683,-0.0458409,-0.187847,-0.0317954,-0.0850354,-0.182592,0.00451546
1486,26.9144,0.0231069,1,-0.038227,-0.0873652,-0.240869,-0.0544247,-0.0523347,-0.230273,-0.038227,-0.0873652,-0.216782,0.00644539
1487,26.9325,0.0203583,1,-0.0445089,-0.0928618,-0.276233,-0.0515495,-0.0588046,-0.27041,-0.0445089,-0.0928618,-0.24861,0.00860637
1488,26.9507,0.0202695,1,-0.051048,-0.100542,-0.308737,-0.0503808,-0.0654428,-0.308374,-0.051048,-0.100542,-0.277863,0.0110323
1489,26.9688,0.0221795,1,-0.0582236,-0.109829,-0.339363,-0.0506611,-0.0724846,-0.34426,-0.0582236,-0.109829,-0.305427,0.0138312
1490,26.9869,0.0257803,1,-0.0655498,-0.121587,-0.36798,-0.0522255,-0.0801977,-0.378141,-0.0655498,-0.121587,-0.331182,0.0168847
1491,27.005,0.030855,1,-0.0739906,-0.136015,-0.393533,-0.0549906,-0.0888805,-0.410069,-0.0739906,-0.136015,-0.35418,0.0203824
1492,27.0231,0.0358692,1,-0.0838341,-0.151005,-0.417227,-0.058945,-0.0988668,-0.440074,-0.0838341,-0.151005,-0.375504,0.0244845
1493,27.0412,0.0420638,1,-0.0947821,-0.169264,-0.437814,-0.0641442,-0.110535,-0.468151,-0.0947821,-0.169264,-0.394033,0.0290479
1494,27.0593,0.0492742,1,-0.107019,-0.191117,-0.455481,-0.070707,-0.124319,-0.494255,-0.107019,-0.191117,-0.409933,0.0341215
1495,27.0774,0.0577079,1,-0.121243,-0.217815,-0.470875,-0.0788161,-0.140724,-0.518284,-0.121243,-0.217815,-0.423787,0.0399633
1496,27.0956,0.0672642,1,-0.137903,-0.249679,-0.48372,-0.0887202,-0.160342,-0.540054,-0.137903,-0.249679,-0.435348,0.0466946
1497,27.1137,0.078913,1,-0.15818,-0.287401,-0.490985,-0.10074,-0.183864,-0.559267,-0.15818,-0.287401,-0.441887,0.054365
1498,27.1318,0.0934185,1,-0.182546,-0.332637,-0.491059,-0.115272,-0.212093,-0.575464,-0.182546,-0.332637,-0.441953,0.0627488
1499,27.1499,0.11094,1,-0.211678,-0.386266,-0.483026,-0.132798,-0.245943,-0.587957,-0.211678,-0.386266,-0.434723,0.0715722
1500,27.168,0.132109,1,-0.245887,-0.448461,-0.462923,-0.153889,-0.286424,-0.595734,-0.245887,-0.448461,-0.416631,0.0796789
1501,27.1861,0.157125,1,-0.285535,-0.516801,-0.425426,-0.179198,-0.334583,-0.597338,-0.285535,-0.516801,-0.382883,0.0850318
1502,27.2042,0.185728,1,-0.330757,-0.588911,-0.36766,-0.209446,-0.391382,-0.590708,-0.330757,-0.588911,-0.330894,0.0851241
1503,27.2223,0.217482,1,-0.381144,-0.660345,-0.28612,-0.24537,-0.457462,-0.572998,-0.381144,-0.660345,-0.257508,0.0763369
1504,27.2404,0.251419,0,-0.435075,-0.725505,-0.178853,-0.287631,-0.532733,-0.540424,-0.435075,-0.725505,-0.160967,0.05447
1505,27.2586,0.283102,0,-0.488579,-0.770187,-0.0483552,-0.336635,-0.615707,-0.48823,-0.488579,-0.770187,-0.0435197,0.0165378
1506,27.2767,0.311659,0,-0.538289,-0.785873,0.101971,-0.392241,-0.702558,-0.410984,-0.538289,-0.785873,0.091774,-0.0384229
1507,27.2948,0.334032,0,-0.578298,-0.761405,0.26082,-0.453332,-0.785993,-0.303548,-0.578298,-0.761405,0.234738,-0.105582
1508,27.3129,0.346284,0,-0.602522,-0.687054,0.406531,-0.517274,-0.854407,-0.163085,-0.602522,-0.687054,0.365878,-0.171461
1509,27.331,0.349688,0,-0.60452,-0.570591,0.520354,-0.579419,-0.892293,0.0077892,-0.60452,-0.570591,0.468319,-0.220195
1510,27.3491,0.345352,0,-0.581853,-0.431283,0.586073,-0.632995,-0.883249,0.197593,-0.581853,-0.431283,0.527466,-0.238706
1511,27.3672,0.335588,0,-0.538572,-0.292782,0.60077,-0.669872,-0.816188,0.384751,-0.538572,-0.292782,0.540693,-0.226491
1512,27.3853,0.322292,0,-0.479564,-0.173373,0.570306,-0.682473,-0.692623,0.541608,-0.479564,-0.173373,0.513276,-0.191449
1513,27.4035,0.308534,0,-0.41104,-0.0799455,0.509955,-0.666359,-0.529855,0.644024,-0.41104,-0.0799455,0.45896,-0.146729
1514,27.4216,0.290009,0,-0.341856,-0.0162097,0.43972,-0.622162,-0.355806,0.68142,-0.341856,-0.0162097,0.395748,-0.105225
1515,27.4397,0.267677,0,-0.275499,0.0250575,0.365307,-0.555582,-0.197795,0.659999,-0.275499,0.0250575,0.328776,-0.070449
1516,27.4578,0.242287,1,-0.215556,0.0485471,0.290878,-0.475376,-0.0729867,0.597199,-0.215556,0.0485471,0.261791,-0.0438905
1517,27.4759,0.216612,1,-0.162737,0.0578506,0.217807,-0.390634,0.0140274,0.512603,-0.162737,0.0578506,0.196027,-0.0248117
1518,27.494,0.190642,1,-0.118845,0.0590066,0.15148,-0.308711,0.067682,0.421497,-0.118845,0.0590066,0.136332,-0.0126019
1519,27.5121,0.165765,1,-0.0845412,0.0554738,0.0915163,-0.23439,0.0962951,0.332998,-0.0845412,0.0554738,0.0823647,-0.00541583
1520,27.5302,0.143837,1,-0.0561062,0.0513397,0.0370746,-0.170024,0.108343,0.251179,-0.0561062,0.0513397,0.0333671,-0.00145608
1521,27.5484,0.125765,1,-0.0333166,0.0475697,-0.0142907,-0.116136,0.110732,0.177026,-0.0333166,0.0475697,-0.0128616,0.000333283
1522,27.5665,0.109968,1,-0.0158019,0.0446022,-0.0603355,-0.0720834,0.108439,0.110064,-0.0158019,0.0446022,-0.054302,0.000667389
1523,27.5846,0.0975046,1,-0.00206913,0.0425757,-0.103835,-0.0366006,0.104769,0.0493352,-0.00206913,0.0425757,-0.0934513,0.000150393
1524,27.6027,0.0876801,1,0.00994701,0.043644,-0.14523,-0.00817468,0.101786,-0.00610962,0.00994701,0.043644,-0.130707,-0.00101122
1525,27.6208,0.080835,1,0.0202196,0.0467818,-0.186122,0.0147232,0.100717,-0.0570342,0.0202196,0.0467818,-0.16751,-0.00263432
1526,27.6389,0.0755138,1,0.0291899,0.0527437,-0.224965,0.0335131,0.102257,-0.103983,0.0291899,0.0527437,-0.202469,-0.00459671
1527,27.657,0.0712552,1,0.0374917,0.0612505,-0.261383,0.0494529,0.106797,-0.147302,0.0374917,0.0612505,-0.235245,-0.00685978
1528,27.6751,0.0669873,1,0.0457376,0.0716552,-0.293476,0.0636267,0.114576,-0.187177,0.0457376,0.0716552,-0.264129,-0.00939603
1529,27.6932,0.0633263,1,0.0551593,0.0846006,-0.322947,0.0769594,0.125781,-0.223651,0.0551593,0.0846006,-0.290652,-0.0124695
1530,27.7114,0.059365,1,0.0652656,0.101037,-0.348204,0.0902424,0.140606,-0.256645,0.0652656,0.101037,-0.313384,-0.015908
1531,27.7295,0.0549722,1,0.0766977,0.121348,-0.368841,0.104162,0.159291,-0.285945,0.0766977,0.121348,-0.331957,-0.0198025
1532,27.7476,0.0517041,1,0.0898371,0.145321,-0.387317,0.119331,0.182132,-0.311192,0.0898371,0.145321,-0.348585,-0.0243568
1533,27.7657,0.0500659,1,0.10526,0.172936,-0.404105,0.136306,0.20947,-0.331846,0.10526,0.172936,-0.363694,-0.0297753
1534,27.7838,0.0491399,1,0.123349,0.205085,-0.416904,0.155608,0.241662,-0.34715,0.123349,0.205085,-0.375213,-0.0359971
1535,27.8019,0.0475806,1,0.145279,0.24456,-0.423533,0.177728,0.279025,-0.356072,0.145279,0.24456,-0.38118,-0.0430714
1536,27.82,0.0461187,1,0.171204,0.290616,-0.423555,0.20311,0.321726,-0.35726,0.171204,0.290616,-0.381199,-0.0507599
1537,27.8381,0.0447911,1,0.201252,0.343454,-0.415182,0.232124,0.369635,-0.348999,0.201252,0.343454,-0.373664,-0.0584893
1538,27.8563,0.0436537,1,0.235739,0.40307,-0.396288,0.265005,0.422092,-0.329216,0.235739,0.40307,-0.356659,-0.0653945
1539,27.8744,0.0417264,1,0.274747,0.466911,-0.36176,0.301751,0.477609,-0.295582,0.274747,0.466911,-0.325584,-0.0695748
1540,27.8925,0.0388096,1,0.318253,0.533558,-0.308661,0.341988,0.533512,-0.245771,0.318253,0.533558,-0.277795,-0.0687626
1541,27.9106,0.0344207,1,0.36691,0.599477,-0.233146,0.384784,0.585616,-0.177985,0.36691,0.599477,-0.209831,-0.0598805
1542,27.9287,0.0284975,1,0.417984,0.655991,-0.131147,0.428466,0.628109,-0.0917893,0.417984,0.655991,-0.118032,-0.0383722
1543,27.9468,0.0250809,1,0.468306,0.693932,-0.00599059,0.470481,0.653927,0.0108029,0.468306,0.693932,-0.00539153,-0.0019638
1544,27.9649,0.0264323,1,0.513982,0.699476,0.136772,0.507427,0.65591,0.12432,0.513982,0.699476,0.123095,0.049209
1545,27.983,0.0351548,1,0.548334,0.666981,0.285134,0.535364,0.628803,0.239507,0.548334,0.666981,0.25662,0.109444
1546,28.0012,0.0443343,1,0.566367,0.590619,0.417067,0.550475,0.571567,0.344396,0.566367,0.590619,0.37536,0.165349
1547,28.0193,0.052766,1,0.564025,0.478907,0.516717,0.549975,0.488889,0.426964,0.564025,0.478907,0.465046,0.204009
1548,28.0374,0.0601361,1,0.540725,0.349186,0.573744,0.532947,0.390672,0.478521,0.540725,0.349186,0.51637,0.217166
1549,28.0555,0.0639418,1,0.496941,0.220845,0.583088,0.500725,0.289355,0.496152,0.496941,0.220845,0.524779,0.202832
1550,28.0736,0.0672465,1,0.439575,0.106943,0.555631,0.456606,0.196303,0.482891,0.439575,0.106943,0.500068,0.170969
1551,28.0917,0.0683202,1,0.374195,0.0193928,0.501524,0.405022,0.119104,0.445753,0.374195,0.0193928,0.451372,0.131367
1552,28.1098,0.0679114,1,0.306705,-0.0417741,0.430319,0.350547,0.0607873,0.392971,0.306705,-0.0417741,0.387287,0.0923868
1553,28.1279,0.0676401,1,0.242104,-0.0801694,0.354791,0.297112,0.0206883,0.331826,0.242104,-0.0801694,0.319312,0.0601275
1554,28.146,0.0672106,1,0.185569,-0.101274,0.283297,0.247588,-0.00400972,0.267643,0.185569,-0.101274,0.254967,0.0367998
1555,28.1642,0.0668464,1,0.136408,-0.110325,0.215559,0.203727,-0.0168683,0.203754,0.136408,-0.110325,0.194003,0.0205828
1556,28.1823,0.0658919,1,0.0956621,-0.110387,0.151553,0.166324,-0.02128,0.141952,0.0956621,-0.110387,0.136397,0.0101485
1557,28.2004,0.0663983,1,0.0617258,-0.107841,0.0918591,0.135468,-0.0200324,0.0830272,0.0617258,-0.107841,0.0826732,0.00396906
1558,28.2185,0.06775,1,0.0344156,-0.10365,0.0378188,0.110793,-0.0151955,0.0272136,0.0344156,-0.10365,0.0340369,0.00091109
1559,28.2366,0.0697898,1,0.0133441,-0.0991545,-0.0114731,0.0916895,-0.00817962,-0.0255238,0.0133441,-0.0991545,-0.0103258,-0.000107169
1560,28.2547,0.0727469,1,-0.00320259,-0.095207,-0.0586014,0.0774526,0.000142531,-0.0753202,-0.00320259,-0.095207,-0.0527412,0.000131373
1561,28.2728,0.0772202,1,-0.0165299,-0.0928238,-0.101927,0.0673883,0.00930573,-0.122328,-0.0165299,-0.0928238,-0.0917347,0.00117939
1562,28.2909,0.0830876,1,-0.0268498,-0.0924351,-0.142879,0.0608728,0.0191397,-0.166679,-0.0268498,-0.0924351,-0.128591,0.00268539
1563,28.3091,0.0898634,1,-0.0353834,-0.092564,-0.182473,0.0573856,0.0296823,-0.208474,-0.0353834,-0.092564,-0.164226,0.00451956
1564,28.3272,0.0983579,1,-0.0424267,-0.0948864,-0.220662,0.0565213,0.041117,-0.247776,-0.0424267,-0.0948864,-0.198595,0.00655336
1565,28.3453,0.109142,1,-0.0489932,-0.0996114,-0.256756,0.057992,0.053733,-0.284607,-0.0489932,-0.0996114,-0.23108,0.0088055
1566,28.3634,0.12316,1,-0.055907,-0.1076,-0.289082,0.0616221,0.067901,-0.318943,-0.055907,-0.1076,-0.260174,0.0113132
1567,28.3815,0.140151,1,-0.0631901,-0.118144,-0.319072,0.0673418,0.0840615,-0.350705,-0.0631901,-0.118144,-0.287165,0.0141135
1568,28.3996,0.160011,1,-0.0713416,-0.130608,-0.349753,0.07518,0.102722,-0.379742,-0.0713416,-0.130608,-0.314778,0.0174664
1569,28.4177,0.183663,1,-0.0803737,-0.145657,-0.377498,0.0852584,0.124455,-0.405805,-0.0803737,-0.145657,-0.339748,0.0212386
1570,28.4358,0.211456,1,-0.0906269,-0.163044,-0.401951,0.0977873,0.149903,-0.428516,-0.0906269,-0.163044,-0.361756,0.0254993
1571,28.454,0.244196,1,-0.102588,-0.183287,-0.423197,0.113061,0.179768,-0.447319,-0.102588,-0.183287,-0.380878,0.0303906
1572,28.4721,0.282711,0,-0.116188,-0.207134,-0.440684,0.131451,0.214792,-0.46142,-0.116188,-0.207134,-0.396616,0.0358416
1573,28.4902,0.328181,0,-0.131607,-0.235905,-0.455874,0.153398,0.255715,-0.469703,-0.131607,-0.235905,-0.410286,0.0419972
1574,28.5083,0.381596,0,-0.149809,-0.269934,-0.466941,0.179389,0.303183,-0.470641,-0.149809,-0.269934,-0.420247,0.0489663
1575,28.5264,0.444599,0,-0.172079,-0.310982,-0.472101,0.20992,0.357586,-0.462192,-0.172079,-0.310982,-0.424891,0.0568671
1576,28.5445,0.517677,0,-0.198586,-0.359701,-0.469257,0.245424,0.418802,-0.441719,-0.198586,-0.359701,-0.422331,0.0652315
1577,28.5626,0.600997,0,-0.229848,-0.416819,-0.457278,0.286155,0.48579,-0.405991,-0.229848,-0.416819,-0.41155,0.0735731
1578,28.5807,0.693145,0,-0.266627,-0.481632,-0.430286,0.332003,0.556041,-0.351374,-0.266627,-0.481632,-0.387257,0.0803079
1579,28.5988,0.790041,0,-0.308494,-0.55126,-0.383663,0.382236,0.624938,-0.274374,-0.308494,-0.55126,-0.345297,0.0828504
1580,28.617,0.885935,0,-0.355775,-0.621901,-0.315728,0.435177,0.685227,-0.172718,-0.355775,-0.621901,-0.284155,0.0786298
1581,28.6351,0.972852,0,-0.407327,-0.68962,-0.222966,0.487884,0.727059,-0.0470607,-0.407327,-0.68962,-0.200669,0.0635741
1582,28.6532,1.03826,0,-0.460373,-0.743875,-0.106739,0.536009,0.739257,0.097004,-0.460373,-0.743875,-0.096065,0.0343978
1583,28.6713,1.06916,0,-0.511282,-0.772411,0.0307505,0.574062,0.712272,0.247604,-0.511282,-0.772411,0.0276754,-0.0110055
1584,28.6894,1.05831,0,-0.555325,-0.769183,0.184185,0.596298,0.64238,0.387463,-0.555325,-0.769183,0.165767,-0.0715978
1585,28.7075,1.00161,0,-0.587709,-0.720456,0.333728,0.598175,0.535088,0.497969,-0.587709,-0.720456,0.300356,-0.137295
1586,28.7256,0.905376,0,-0.600282,-0.624799,0.46273,0.577862,0.405043,0.565303,-0.600282,-0.624799,0.416457,-0.194438
1587,28.7437,0.788039,0,-0.589882,-0.497884,0.551615,0.537041,0.271488,0.585207,-0.589882,-0.497884,0.496454,-0.227772
1588,28.7619,0.667807,0,-0.556762,-0.359495,0.590689,0.480481,0.151658,0.563364,-0.556762,-0.359495,0.53162,-0.230211
1589,28.78,0.558376,0,-0.506257,-0.230952,0.582096,0.41462,0.0560321,0.511547,-0.506257,-0.230952,0.523886,-0.206283
1590,28.7981,0.462709,0,-0.441909,-0.12658,0.535493,0.345903,-0.0125223,0.442533,-0.441909,-0.12658,0.481944,-0.165647
1591,28.8162,0.382085,0,-0.374096,-0.0499248,0.469768,0.279569,-0.0566567,0.366596,-0.374096,-0.0499248,0.422791,-0.123017
1592,28.8343,0.313978,0,-0.30733,0.00136888,0.398475,0.219138,-0.0816425,0.290367,-0.30733,0.00136888,0.358627,-0.0857243
1593,28.8524,0.256213,0,-0.245097,0.0325364,0.325708,0.166476,-0.0931437,0.217321,-0.245097,0.0325364,0.293137,-0.055881
1594,28.8705,0.207242,1,-0.189377,0.0491023,0.252428,0.122147,-0.0960339,0.148814,-0.189377,0.0491023,0.227186,-0.0334629
1595,28.8886,0.166443,1,-0.14158,0.0534205,0.183296,0.0858371,-0.0940144,0.0850426,-0.14158,0.0534205,0.164966,-0.0181658
1596,28.9068,0.135257,1,-0.103543,0.0519673,0.121284,0.0567247,-0.0896644,0.0256909,-0.103543,0.0519673,0.109155,-0.00879065
1597,28.9249,0.112531,1,-0.0730907,0.0479712,0.0650633,0.0337592,-0.0846593,-0.0297095,-0.0730907,0.0479712,0.058557,-0.00332887
1598,28.943,0.0968685,1,-0.0477294,0.0439916,0.011833,0.0158417,-0.0800136,-0.0816116,-0.0477294,0.0439916,0.0106497,-0.000395348
1599,28.9611,0.0884224,1,-0.0280853,0.0407029,-0.0362346,0.00193357,-0.0762933,-0.130396,-0.0280853,0.0407029,-0.0326111,0.000712362
1600,28.9792,0.0849127,1,-0.0130611,0.0379937,-0.0808638,-0.00888932,-0.0737788,-0.176363,-0.0130611,0.0379937,-0.0727775,0.000739317
1601,28.9973,0.0849028,1,-0.000317035,0.0370422,-0.123232,-0.0174174,-0.0725845,-0.219747,-0.000317035,0.0370422,-0.110909,2.73483e-05
1602,29.0154,0.0875101,1,0.0105825,0.0390542,-0.164512,-0.0243095,-0.0727413,-0.260732,0.0105825,0.0390542,-0.14806,-0.00121866
1603,29.0335,0.0916115,1,0.0198231,0.0427356,-0.204602,-0.0301076,-0.0742519,-0.299465,0.0198231,0.0427356,-0.184142,-0.00283909
1604,29.0516,0.0978869,1,0.0279979,0.0493698,-0.242558,-0.035256,-0.0771267,-0.336063,0.0279979,0.0493698,-0.218302,-0.00475377
1605,29.0698,0.10645,1,0.0359718,0.0581626,-0.277217,-0.0401231,-0.0814076,-0.370621,0.0359718,0.0581626,-0.249495,-0.0069804
1606,29.0879,0.117179,1,0.0441726,0.0686962,-0.308667,-0.0450221,-0.0871825,-0.403213,0.0441726,0.0686962,-0.2778,-0.00954423
1607,29.106,0.130871,1,0.0534871,0.0822532,-0.337204,-0.0502308,-0.0945974,-0.433888,0.0534871,0.0822532,-0.303483,-0.0126252
1608,29.1241,0.148115,1,0.0634006,0.0991081,-0.360899,-0.0560092,-0.103865,-0.462671,0.0634006,0.0991081,-0.324809,-0.0160168
1609,29.1422,0.169165,1,0.0748478,0.119688,-0.381164,-0.0626156,-0.115272,-0.489549,0.0748478,0.119688,-0.343047,-0.0199705
1610,29.1603,0.19389,1,0.0881226,0.143852,-0.399916,-0.0703214,-0.129195,-0.514464,0.0881226,0.143852,-0.359924,-0.0246691
1611,29.1784,0.222789,1,0.103565,0.171545,-0.416799,-0.0794259,-0.146103,-0.537293,0.103565,0.171545,-0.375119,-0.0302161
1612,29.1965,0.25759,0,0.121711,0.204246,-0.428932,-0.0902692,-0.166577,-0.557823,0.121711,0.204246,-0.386039,-0.036544
1613,29.2147,0.30037,0,0.143931,0.244351,-0.435131,-0.103246,-0.191316,-0.575715,0.143931,0.244351,-0.391618,-0.0438401
1614,29.2328,0.351311,0,0.170196,0.291155,-0.434636,-0.118819,-0.221147,-0.590444,0.170196,0.291155,-0.391172,-0.0517813
1615,29.2509,0.411213,0,0.200523,0.344805,-0.425669,-0.137526,-0.257015,-0.601233,0.200523,0.344805,-0.383102,-0.0597494
1616,29.269,0.481185,0,0.235441,0.405604,-0.405874,-0.159991,-0.299962,-0.606937,0.235441,0.405604,-0.365286,-0.0668914
1617,29.2871,0.561105,0,0.275104,0.470868,-0.370309,-0.186915,-0.351046,-0.605917,0.275104,0.470868,-0.333278,-0.0713116
1618,29.3052,0.65106,0,0.3195,0.53919,-0.315899,-0.219056,-0.411189,-0.595855,0.3195,0.53919,-0.284309,-0.0706508
1619,29.3233,0.750091,0,0.369119,0.606833,-0.238123,-0.257165,-0.480892,-0.573581,0.369119,0.606833,-0.214311,-0.0615271
1620,29.3414,0.853096,0,0.421261,0.664586,-0.133145,-0.301875,-0.55974,-0.534919,0.421261,0.664586,-0.119831,-0.0392622
1621,29.3596,0.952564,0,0.472621,0.702935,-0.0045576,-0.353482,-0.64563,-0.474729,0.472621,0.702935,-0.00410184,-0.00150781
1622,29.3777,1.03664,0,0.519001,0.707564,0.142271,-0.411609,-0.733718,-0.387368,0.519001,0.707564,0.128044,0.0516872
1623,29.3958,1.0934,0,0.553655,0.672416,0.294029,-0.47472,-0.815255,-0.267971,0.553655,0.672416,0.264626,0.113953
1624,29.4139,1.10865,0,0.57127,0.592119,0.428422,-0.539546,-0.876964,-0.114911,0.57127,0.592119,0.38558,0.171321
1625,29.432,1.07679,0,0.568023,0.475945,0.528814,-0.600643,-0.902125,0.0666796,0.568023,0.475945,0.475932,0.210265
1626,29.4501,1.00168,0,0.543035,0.34242,0.584287,-0.650505,-0.874753,0.261709,0.543035,0.34242,0.525858,0.222102
1627,29.4682,0.895426,0,0.497387,0.211341,0.59059,-0.680714,-0.786816,0.445251,0.497387,0.211341,0.531531,0.205626
1628,29.4863,0.776713,0,0.438077,0.0961209,0.560499,-0.684244,-0.645127,0.588776,0.438077,0.0961209,0.504449,0.171879
1629,29.5044,0.66281,0,0.370936,0.00851454,0.503634,-0.658096,-0.472104,0.671119,0.370936,0.00851454,0.45327,0.130771
1630,29.5226,0.562327,0,0.30203,-0.0522686,0.43009,-0.604751,-0.297664,0.687318,0.30203,-0.0522686,0.387081,0.09093
1631,29.5407,0.476183,0,0.236392,-0.0899789,0.35294,-0.531401,-0.14716,0.648701,0.236392,-0.0899789,0.317646,0.0584026
1632,29.5588,0.402138,0,0.179166,-0.110157,0.280642,-0.447433,-0.0336688,0.575034,0.179166,-0.110157,0.252578,0.0351972
1633,29.5769,0.337416,0,0.129657,-0.118153,0.21256,-0.361715,0.0419565,0.485447,0.129657,-0.118153,0.191304,0.019292
1634,29.595,0.281861,0,0.0888064,-0.117734,0.148382,-0.280883,0.0862898,0.393415,0.0888064,-0.117734,0.133544,0.00922407
1635,29.6131,0.235647,1,0.0547945,-0.114921,0.0888716,-0.208893,0.108289,0.306206,0.0547945,-0.114921,0.0799845,0.00340877
1636,29.6312,0.198891,1,0.0274699,-0.110782,0.0353418,-0.147395,0.1162,0.226586,0.0274699,-0.110782,0.0318077,0.000679586
1637,29.6493,0.171963,1,0.0063907,-0.106469,-0.0139419,-0.0964164,0.116385,0.15482,0.0063907,-0.106469,-0.0125477,-6.23688e-05
1638,29.6675,0.154404,1,-0.010304,-0.102833,-0.0609665,-0.0550085,0.113263,0.0901156,-0.010304,-0.102833,-0.0548699,0.00043974
1639,29.6856,0.144592,1,-0.0236282,-0.101002,-0.103936,-0.0217485,0.109692,0.0314338,-0.0236282,-0.101002,-0.0935427,0.00171908
1640,29.7037,0.14135,1,-0.0341415,-0.101106,-0.144346,0.00493655,0.107418,-0.0221548,-0.0341415,-0.101106,-0.129911,0.00344972
1641,29.7218,0.14315,1,-0.0430629,-0.10246,-0.183436,0.0265773,0.107455,-0.0713551,-0.0430629,-0.10246,-0.165092,0.00552949
1642,29.7399,0.149157,1,-0.050695,-0.106098,-0.22061,0.0445656,0.110374,-0.116644,-0.050695,-0.106098,-0.198549,0.00782868
1643,29.758,0.158836,1,-0.0578641,-0.112341,-0.255257,0.0601187,0.116497,-0.158305,-0.0578641,-0.112341,-0.229731,0.0103392
1644,29.7761,0.172458,1,-0.0657295,-0.122038,-0.286362,0.0742795,0.126035,-0.19646,-0.0657295,-0.122038,-0.257726,0.0131757
1645,29.7942,0.190057,1,-0.0740815,-0.134665,-0.315517,0.0879367,0.139172,-0.231088,-0.0740815,-0.134665,-0.283965,0.0163618
1646,29.8124,0.211958,1,-0.0835856,-0.149616,-0.345237,0.101852,0.156112,-0.262038,-0.0835856,-0.149616,-0.310713,0.0201998
1647,29.8305,0.238042,1,-0.0940659,-0.167449,-0.371807,0.116692,0.177105,-0.28901,-0.0940659,-0.167449,-0.334626,0.0244821
1648,29.8486,0.268854,0,-0.106109,-0.188455,-0.394276,0.13305,0.202449,-0.311542,-0.106109,-0.188455,-0.354848,0.0292852
1649,29.8667,0.304948,0,-0.120114,-0.21267,-0.413103,0.151469,0.232463,-0.328968,-0.120114,-0.21267,-0.371793,0.0347335
1650,29.8848,0.347144,0,-0.136043,-0.241131,-0.428171,0.172451,0.267446,-0.340375,-0.136043,-0.241131,-0.385354,0.0407747
1651,29.9029,0.396161,0,-0.154253,-0.274561,-0.439128,0.196453,0.307584,-0.344559,-0.154253,-0.274561,-0.395216,0.0474159
1652,29.921,0.453115,0,-0.176237,-0.314337,-0.443674,0.223861,0.352827,-0.339978,-0.176237,-0.314337,-0.399307,0.0547341
1653,29.9391,0.518718,0,-0.202725,-0.36174,-0.440479,0.254947,0.402687,-0.324754,-0.202725,-0.36174,-0.396431,0.0625073
1654,29.9572,0.59249,0,-0.233646,-0.416832,-0.428499,0.289782,0.455977,-0.296729,-0.233646,-0.416832,-0.385649,0.0700819
1655,29.9754,0.672648,0,-0.269438,-0.478684,-0.401405,0.328119,0.51049,-0.253669,-0.269438,-0.478684,-0.361265,0.0757078
1656,29.9935,0.755923,0,-0.31008,-0.544846,-0.355496,0.369236,0.562676,-0.193679,-0.31008,-0.544846,-0.319946,0.0771623
1657,30.0116,0.837726,0,-0.355505,-0.611846,-0.288964,0.411754,0.607462,-0.115892,-0.355505,-0.611846,-0.260067,0.0719096
1658,30.0297,0.912018,0,-0.404915,-0.675547,-0.20008,0.453493,0.638436,-0.0214273,-0.404915,-0.675547,-0.180072,0.0567107
1659,30.0478,0.968487,0,-0.455559,-0.724702,-0.0902175,0.491439,0.648682,0.0856039,-0.455559,-0.724702,-0.0811958,0.0287696
1660,30.0659,0.998352,0,-0.503751,-0.750754,0.039688,0.521949,0.632412,0.197533,-0.503751,-0.750754,0.0357192,-0.013995
1661,30.084,0.995775,0,-0.545302,-0.747021,0.184534,0.541262,0.587105,0.303657,-0.545302,-0.747021,0.166081,-0.0704388
1662,30.1021,0.955824,0,-0.575564,-0.700297,0.324515,0.546298,0.515283,0.392248,-0.575564,-0.700297,0.292063,-0.130745
1663,30.1203,0.881955,0,-0.587232,-0.611064,0.445552,0.535502,0.424762,0.453609,-0.587232,-0.611064,0.400997,-0.18315
1664,30.1384,0.78648,0,-0.577645,-0.492823,0.530138,0.509378,0.326808,0.482826,-0.577645,-0.492823,0.477124,-0.214362
1665,30.1565,0.682352,0,-0.546547,-0.362772,0.568353,0.470457,0.232916,0.480759,-0.546547,-0.362772,0.511518,-0.217442
1666,30.1746,0.58237,0,-0.499435,-0.242075,0.562537,0.422669,0.151829,0.452858,-0.499435,-0.242075,0.506283,-0.196665
1667,30.1927,0.490108,0,-0.438692,-0.14254,0.519593,0.370433,0.0880992,0.406724,-0.438692,-0.14254,0.467633,-0.159559
1668,30.2108,0.409758,0,-0.374647,-0.0686217,0.458782,0.317814,0.0423775,0.349775,-0.374647,-0.0686217,0.412904,-0.120317
1669,30.2289,0.340184,0,-0.31129,-0.018075,0.391156,0.267988,0.0126908,0.287874,-0.31129,-0.018075,0.352041,-0.0852342
1670,30.247,0.280076,0,-0.252156,0.0132786,0.320815,0.223067,-0.00414023,0.224966,-0.252156,0.0132786,0.288734,-0.0566267
1671,30.2652,0.227817,1,-0.198499,0.0301666,0.250118,0.184179,-0.0114481,0.163352,-0.198499,0.0301666,0.225106,-0.0347536
1672,30.2833,0.183297,1,-0.152189,0.0353974,0.182934,0.151674,-0.0121345,0.104184,-0.152189,0.0353974,0.164641,-0.0194884
1673,30.3014,0.147597,1,-0.115238,0.0346299,0.12278,0.125375,-0.0084494,0.0479161,-0.115238,0.0346299,0.110502,-0.00990421
1674,30.3195,0.11926,1,-0.0859039,0.0308863,0.0669165,0.104791,-0.0019864,-0.00535696,-0.0859039,0.0308863,0.0602248,-0.00402387
1675,30.3376,0.0966177,1,-0.0613932,0.0268285,0.0141277,0.0892861,0.00622482,-0.0557018,-0.0613932,0.0268285,0.0127149,-0.00060714
1676,30.3557,0.0804288,1,-0.0427065,0.0224022,-0.0343646,0.0781948,0.0155975,-0.103234,-0.0427065,0.0224022,-0.0309282,0.00102731
1677,30.3738,0.0697195,1,-0.0282984,0.0188187,-0.0795626,0.0708994,0.0258748,-0.148064,-0.0282984,0.0188187,-0.0716063,0.00157605
1678,30.3919,0.0631946,1,-0.0164328,0.0166133,-0.122276,0.0668712,0.0370373,-0.190276,-0.0164328,0.0166133,-0.110049,0.00140654
1679,30.41,0.0595801,1,-0.00664649,0.016459,-0.16402,0.0656902,0.0492352,-0.229917,-0.00664649,0.016459,-0.147618,0.000763108
1680,30.4282,0.0585871,1,0.00128588,0.0172797,-0.204498,0.067052,0.0627416,-0.266991,0.00128588,0.0172797,-0.184048,-0.000184072
1681,30.4463,0.0597643,1,0.00776373,0.0205084,-0.242718,0.0707658,0.077923,-0.301452,0.00776373,0.0205084,-0.218446,-0.00131908
1682,30.4644,0.0626737,1,0.0140024,0.0256571,-0.27835,0.0767495,0.0952235,-0.333189,0.0140024,0.0256571,-0.250515,-0.00272831
1683,30.4825,0.0672243,1,0.0204728,0.0323649,-0.311651,0.0850229,0.115157,-0.362012,0.0204728,0.0323649,-0.280486,-0.00446626
1684,30.5006,0.0732655,1,0.0271616,0.0411986,-0.343158,0.0957012,0.138301,-0.387622,0.0271616,0.0411986,-0.308842,-0.00652451
1685,30.5187,0.0817144,1,0.0339688,0.0518073,-0.370531,0.10899,0.165294,-0.409575,0.0339688,0.0518073,-0.333478,-0.00881055
1686,30.5368,0.0918458,1,0.0417294,0.0654085,-0.39445,0.125176,0.19682,-0.427233,0.0417294,0.0654085,-0.355005,-0.0115221
1687,30.5549,0.103812,1,0.0508249,0.0818964,-0.416761,0.144623,0.233577,-0.439698,0.0508249,0.0818964,-0.375085,-0.0148273
1688,30.5731,0.118274,1,0.0614399,0.101278,-0.437883,0.167749,0.276216,-0.445734,0.0614399,0.101278,-0.394095,-0.0188325
1689,30.5912,0.135794,1,0.0737717,0.124149,-0.457502,0.195004,0.325225,-0.443678,0.0737717,0.124149,-0.411752,-0.0236255
1690,30.6093,0.157145,1,0.0880766,0.150608,-0.474641,0.226813,0.380744,-0.431357,0.0880766,0.150608,-0.427177,-0.0292633
1691,30.6274,0.18159,1,0.105134,0.182907,-0.487183,0.263497,0.44226,-0.406051,0.105134,0.182907,-0.438465,-0.0358536
1692,30.6455,0.208608,1,0.126596,0.22214,-0.494404,0.30513,0.508186,-0.364573,0.126596,0.22214,-0.444963,-0.0438128
1693,30.6636,0.237984,1,0.151892,0.269352,-0.494668,0.351342,0.575313,-0.303577,0.151892,0.269352,-0.445201,-0.0525952
1694,30.6817,0.269574,0,0.181422,0.323707,-0.486397,0.401054,0.638264,-0.220266,0.181422,0.323707,-0.437757,-0.0617703
1695,30.6998,0.301824,0,0.215879,0.385776,-0.467725,0.452177,0.68921,-0.113628,0.215879,0.385776,-0.420952,-0.0706804
1696,30.718,0.331879,0,0.255891,0.455372,-0.434476,0.501381,0.718348,0.0138638,0.255891,0.455372,-0.391029,-0.0778249
1697,30.7361,0.356913,0,0.301765,0.529395,-0.38274,0.544105,0.715679,0.154597,0.301765,0.529395,-0.344466,-0.0808483
1698,30.7542,0.37269,0,0.353024,0.605631,-0.306917,0.57503,0.67423,0.295329,0.353024,0.605631,-0.276226,-0.0758445
1699,30.7723,0.375768,0,0.409106,0.67542,-0.200987,0.58912,0.593758,0.419119,0.409106,0.67542,-0.180889,-0.0575575
1700,30.7904,0.367681,0,0.466243,0.727892,-0.0661338,0.58302,0.482755,0.50992,0.466243,0.727892,-0.0595204,-0.0215841
1701,30.8085,0.352131,0,0.519727,0.74802,0.0914542,0.556241,0.356802,0.557934,0.519727,0.74802,0.0823087,0.0332718
1702,30.8266,0.332938,0,0.562672,0.722534,0.261315,0.511485,0.233493,0.562582,0.562672,0.722534,0.235183,0.102924
1703,30.8447,0.316039,0,0.587915,0.645351,0.418138,0.453885,0.126833,0.531351,0.587915,0.645351,0.376324,0.172081
1704,30.8628,0.302421,0,0.59079,0.523297,0.541238,0.389578,0.0441393,0.475695,0.59079,0.523297,0.487114,0.223831
1705,30.881,0.291371,0,0.569187,0.375258,0.615186,0.324288,-0.0137095,0.40681,0.569187,0.375258,0.553667,0.245109
1706,30.8991,0.279166,0,0.523095,0.227099,0.6316,0.262432,-0.0500272,0.333176,0.523095,0.227099,0.56844,0.231271
1707,30.9172,0.264227,0,0.460181,0.0953187,0.603536,0.206828,-0.06985,0.260055,0.460181,0.0953187,0.543182,0.194415
1708,30.9353,0.247273,1,0.387735,-0.00709789,0.54506,0.158855,-0.0782158,0.190113,0.387735,-0.00709789,0.490554,0.147937
1709,30.9534,0.225893,1,0.311688,-0.0785771,0.464749,0.118796,-0.0793225,0.124346,0.311688,-0.0785771,0.418274,0.1014
1710,30.9715,0.20544,1,0.239208,-0.120892,0.381013,0.0862247,-0.0763012,0.0628563,0.239208,-0.120892,0.342912,0.063799
1711,30.9896,0.189442,1,0.174835,-0.144013,0.304131,0.0603162,-0.0713045,0.00536175,0.174835,-0.144013,0.273718,0.0372211
1712,31.0077,0.176619,1,0.120286,-0.151454,0.233956,0.0400822,-0.0657087,-0.0485289,0.120286,-0.151454,0.21056,0.0196991
1713,31.0259,0.164781,1,0.0751874,-0.151235,0.166565,0.0245193,-0.060326,-0.0991913,0.0751874,-0.151235,0.149909,0.00876653
1714,31.044,0.156143,1,0.037255,-0.148756,0.105757,0.0126974,-0.0555841,-0.146944,0.037255,-0.148756,0.0951817,0.00275799
1715,31.0621,0.150285,1,0.00701828,-0.145569,0.0507084,0.00380239,-0.0516647,-0.192044,0.00701828,-0.145569,0.0456376,0.00024912
1716,31.0802,0.146892,1,-0.0168128,-0.142146,0.00149447,-0.00285038,-0.0486029,-0.234698,-0.0168128,-0.142146,0.00134503,-1.75884e-05
1717,31.0983,0.143699,1,-0.0355661,-0.140759,-0.046459,-0.00781953,-0.0463552,-0.275076,-0.0355661,-0.140759,-0.0418131,0.00115666
1718,31.1164,0.142284,1,-0.0509812,-0.140569,-0.0896798,-0.0115508,-0.0448436,-0.313322,-0.0509812,-0.140569,-0.0807118,0.00320039
1719,31.1345,0.142671,1,-0.064197,-0.142534,-0.128489,-0.014394,-0.0439836,-0.349561,-0.064197,-0.142534,-0.11564,0.00577403
1720,31.1526,0.144392,1,-0.075519,-0.14824,-0.164473,-0.016621,-0.0436998,-0.383903,-0.075519,-0.14824,-0.148026,0.00869461
1721,31.1708,0.147012,1,-0.086091,-0.156763,-0.198436,-0.0184422,-0.0439346,-0.416452,-0.086091,-0.156763,-0.178592,0.0119585
1722,31.1889,0.151499,1,-0.0964306,-0.167989,-0.228655,-0.0200214,-0.0446524,-0.4473,-0.0964306,-0.167989,-0.205789,0.0154345
1723,31.207,0.158137,1,-0.106861,-0.182035,-0.25476,-0.0214887,-0.0458415,-0.476536,-0.106861,-0.182035,-0.229284,0.0190567
1724,31.2251,0.166767,1,-0.119135,-0.200397,-0.278832,-0.0229505,-0.0475147,-0.504241,-0.119135,-0.200397,-0.250948,0.023253
1725,31.2432,0.176941,1,-0.133183,-0.223015,-0.302284,-0.0244988,-0.0497101,-0.530489,-0.133183,-0.223015,-0.272056,0.0281815
1726,31.2613,0.190172,1,-0.148971,-0.249994,-0.322068,-0.0262182,-0.0524926,-0.555351,-0.148971,-0.249994,-0.289861,0.0335851
1727,31.2794,0.207251,1,-0.166381,-0.280544,-0.335326,-0.0281924,-0.0559558,-0.578889,-0.166381,-0.280544,-0.301794,0.0390543
1728,31.2975,0.228372,1,-0.186371,-0.315122,-0.341934,-0.0305099,-0.0602259,-0.601157,-0.186371,-0.315122,-0.307741,0.0446087
1729,31.3156,0.254355,0,-0.21023,-0.356397,-0.34268,-0.0332695,-0.0654663,-0.622203,-0.21023,-0.356397,-0.308412,0.0504292
1730,31.3338,0.286298,0,-0.238485,-0.40515,-0.335348,-0.0365856,-0.0718849,-0.642059,-0.238485,-0.40515,-0.301814,0.055983
1731,31.3519,0.324374,0,-0.271037,-0.458533,-0.315679,-0.0405944,-0.0797424,-0.660744,-0.271037,-0.458533,-0.284111,0.0598924
1732,31.37,0.368495,0,-0.30721,-0.514525,-0.280648,-0.0454606,-0.0893643,-0.678254,-0.30721,-0.514525,-0.252583,0.0603526
1733,31.3881,0.418363,0,-0.346791,-0.571326,-0.228986,-0.0513852,-0.101154,-0.694556,-0.346791,-0.571326,-0.206087,0.055587
1734,31.4062,0.471928,0,-0.388977,-0.622819,-0.160255,-0.0586144,-0.115611,-0.709571,-0.388977,-0.622819,-0.14423,0.0436349
1735,31.4243,0.527468,0,-0.432319,-0.663786,-0.074945,-0.0674508,-0.13335,-0.723156,-0.432319,-0.663786,-0.0674505,0.0226801
1736,31.4424,0.584324,0,-0.473533,-0.689053,0.0284647,-0.0782661,-0.155122,-0.735069,-0.473533,-0.689053,0.0256182,-0.00943528
1737,31.4605,0.63923,0,-0.509968,-0.691425,0.14449,-0.0915155,-0.181838,-0.744927,-0.509968,-0.691425,0.130041,-0.0515796
1738,31.4787,0.684893,0,-0.537782,-0.661922,0.258909,-0.107754,-0.214592,-0.752133,-0.537782,-0.661922,0.233018,-0.0974656
1739,31.4968,0.718746,0,-0.551606,-0.600318,0.362517,-0.12765,-0.254664,-0.755773,-0.551606,-0.600318,0.326265,-0.139977
1740,31.5149,0.739793,0,-0.55051,-0.515259,0.444795,-0.152001,-0.303499,-0.754468,-0.55051,-0.515259,0.400316,-0.171405
1741,31.533,0.744825,0,-0.531742,-0.413359,0.494484,-0.181733,-0.362634,-0.746166,-0.531742,-0.413359,0.445035,-0.184057
1742,31.5511,0.733938,0,-0.497505,-0.309966,0.506041,-0.217873,-0.433495,-0.727871,-0.497505,-0.309966,0.455437,-0.176231
1743,31.5692,0.711072,0,-0.451008,-0.219056,0.484584,-0.261485,-0.517007,-0.695321,-0.451008,-0.219056,0.436125,-0.152986
1744,31.5873,0.682794,0,-0.398292,-0.146451,0.440767,-0.313505,-0.612855,-0.6427,-0.398292,-0.146451,0.39669,-0.122888
1745,31.6054,0.656442,0,-0.344439,-0.093539,0.386901,-0.374433,-0.718262,-0.56261,-0.344439,-0.093539,0.348211,-0.0932846
1746,31.6236,0.636483,0,-0.292454,-0.0570777,0.32838,-0.443812,-0.826229,-0.44675,-0.292454,-0.0570777,0.295542,-0.0672251
1747,31.6417,0.624733,0,-0.244497,-0.0356331,0.265915,-0.519442,-0.923544,-0.288063,-0.244497,-0.0356331,0.239323,-0.0455107
1748,31.6598,0.624486,0,-0.201774,-0.0253934,0.204859,-0.59645,-0.98982,-0.0850724,-0.201774,-0.0253934,0.184373,-0.0289347
1749,31.6779,0.633148,0,-0.166271,-0.0241679,0.147841,-0.666633,-1,0.151944,-0.166271,-0.0241679,0.133057,-0.0172071
1750,31.696,0.646289,0,-0.137799,-0.0253205,0.0933552,-0.718919,-0.932858,0.396246,-0.137799,-0.0253205,0.0840197,-0.00900499
1751,31.7141,0.654543,0,-0.114631,-0.0294188,0.0399159,-0.741788,-0.784103,0.607723,-0.114631,-0.0294188,0.0359243,-0.00320292
1752,31.7322,0.64881,0,-0.0965906,-0.0356295,-0.00986013,-0.727415,-0.575307,0.747551,-0.0965906,-0.0356295,-0.00887411,0.000666677
1753,31.7503,0.625244,0,-0.0830056,-0.0428863,-0.0565898,-0.675389,-0.347981,0.797101,-0.0830056,-0.0428863,-0.0509308,0.00328809
1754,31.7684,0.585997,0,-0.0731169,-0.0494867,-0.100687,-0.593262,-0.144197,0.765716,-0.0731169,-0.0494867,-0.0906186,0.00515336
1755,31.7866,0.537407,0,-0.0663356,-0.0561843,-0.143079,-0.493426,0.0109263,0.681244,-0.0663356,-0.0561843,-0.128771,0.00664388
1756,31.8047,0.486652,0,-0.0620994,-0.0635287,-0.183183,-0.388594,0.112979,0.573611,-0.0620994,-0.0635287,-0.164865,0.00796289
1757,31.8228,0.439497,0,-0.0601101,-0.0714219,-0.220308,-0.288576,0.170981,0.464175,-0.0601101,-0.0714219,-0.198277,0.0092699
1758,31.8409,0.399335,0,-0.0596709,-0.0787918,-0.254281,-0.199247,0.198309,0.363893,-0.0596709,-0.0787918,-0.228852,0.0106212
1759,31.859,0.368221,0,-0.0602753,-0.0860509,-0.286656,-0.123052,0.207112,0.27626,-0.0602753,-0.0860509,-0.25799,0.0120948
1760,31.8771,0.345898,0,-0.0622657,-0.0953089,-0.316714,-0.060078,0.206393,0.200885,-0.0622657,-0.0953089,-0.285043,0.0138043
1761,31.8952,0.33143,0,-0.0663046,-0.106736,-0.344545,-0.00905473,0.2021,0.135956,-0.0663046,-0.106736,-0.310091,0.0159915
1762,31.9133,0.323377,0,-0.0717774,-0.119415,-0.370247,0.0319058,0.197872,0.0795265,-0.0717774,-0.119415,-0.333222,0.0186028
1763,31.9315,0.321102,0,-0.078593,-0.133914,-0.394286,0.0648538,0.1958,0.0300157,-0.078593,-0.133914,-0.354858,0.0216917
1764,31.9496,0.324444,0,-0.0866716,-0.151252,-0.417016,0.0917487,0.197002,-0.0136824,-0.0866716,-0.151252,-0.375314,0.0253004
1765,31.9677,0.332781,0,-0.096706,-0.171125,-0.437536,0.114339,0.202023,-0.0522424,-0.096706,-0.171125,-0.393782,0.0296186
1766,31.9858,0.346552,0,-0.109058,-0.194865,-0.45527,0.134121,0.211082,-0.0859906,-0.109058,-0.194865,-0.409743,0.0347556
1767,32.0039,0.366257,0,-0.123969,-0.223418,-0.469524,0.152341,0.224223,-0.11498,-0.123969,-0.223418,-0.422572,0.0407445
1768,32.022,0.392607,0,-0.14198,-0.257423,-0.480004,0.17002,0.241397,-0.139041,-0.14198,-0.257423,-0.432003,0.0477056
1769,32.0401,0.425679,0,-0.163322,-0.297279,-0.484711,0.187977,0.262486,-0.157816,-0.163322,-0.297279,-0.43624,0.0554148
1770,32.0582,0.466474,0,-0.188792,-0.344273,-0.482822,0.206854,0.2873,-0.170774,-0.188792,-0.344273,-0.434539,0.0638069
1771,32.0764,0.515738,0,-0.219268,-0.399931,-0.471848,0.227133,0.315531,-0.177231,-0.219268,-0.399931,-0.424663,0.0724228
1772,32.0945,0.572564,0,-0.254762,-0.463025,-0.448291,0.249137,0.346687,-0.176368,-0.254762,-0.463025,-0.403462,0.0799453
1773,32.1126,0.636216,0,-0.295698,-0.532225,-0.409625,0.273016,0.379996,-0.167286,-0.295698,-0.532225,-0.368663,0.0847877
1774,32.1307,0.705049,0,-0.341627,-0.605413,-0.352583,0.298719,0.414308,-0.14909,-0.341627,-0.605413,-0.317325,0.0843163
1775,32.1488,0.77605,0,-0.393304,-0.677525,-0.271566,0.325951,0.447986,-0.121042,-0.393304,-0.677525,-0.244409,0.0747655
1776,32.1669,0.84434,0,-0.448245,-0.741106,-0.164156,0.354127,0.478856,-0.0827769,-0.448245,-0.741106,-0.14774,0.0515074
1777,32.185,0.901869,0,-0.502536,-0.783049,-0.0309635,0.38232,0.504243,-0.0345984,-0.502536,-0.783049,-0.0278671,0.0108922
1778,32.2031,0.941793,0,-0.5514,-0.7934,0.122221,0.409257,0.521156,0.0222098,-0.5514,-0.7934,0.109999,-0.047175
1779,32.2212,0.957017,0,-0.590039,-0.762044,0.283867,0.433351,0.526683,0.0851268,-0.590039,-0.762044,0.255481,-0.117245
1780,32.2394,0.938988,0,-0.611332,-0.679168,0.429764,0.452827,0.518571,0.150336,-0.611332,-0.679168,0.386788,-0.18391
1781,32.2575,0.888309,0,-0.608882,-0.555552,0.539395,0.465939,0.495879,0.213001,-0.608882,-0.555552,0.485456,-0.229899
1782,32.2756,0.812225,0,-0.582634,-0.412138,0.597658,0.471249,0.459487,0.267919,-0.582634,-0.412138,0.537892,-0.243751
1783,32.2937,0.721779,0,-0.535802,-0.272243,0.605333,0.467925,0.412206,0.310448,-0.535802,-0.272243,0.544799,-0.227037
1784,32.3118,0.626646,0,-0.472634,-0.152355,0.571859,0.455946,0.358357,0.337409,-0.472634,-0.152355,0.514673,-0.189196
1785,32.3299,0.535996,0,-0.402303,-0.0615867,0.508916,0.436152,0.302907,0.347629,-0.402303,-0.0615867,0.458025,-0.143317
1786,32.348,0.4555,0,-0.331783,-0.000804526,0.436206,0.410115,0.250474,0.341941,-0.331783,-0.000804526,0.392586,-0.101308
1787,32.3661,0.385203,0,-0.264542,0.035945,0.360895,0.379862,0.204555,0.322679,-0.264542,0.035945,0.324805,-0.0668302
1788,32.3843,0.325508,0,-0.205021,0.0555183,0.284873,0.347549,0.167179,0.292951,-0.205021,0.0555183,0.256386,-0.0408835
1789,32.4024,0.27519,0,-0.153243,0.0633037,0.210771,0.315178,0.138994,0.25595,-0.153243,0.0633037,0.189694,-0.0226094
1790,32.4205,0.23372,1,-0.110149,0.0639349,0.143038,0.284401,0.11961,0.214493,-0.110149,0.0639349,0.128734,-0.0110288
1791,32.4386,0.200823,1,-0.0764886,0.059458,0.0825506,0.256438,0.108031,0.170813,-0.0764886,0.059458,0.0742955,-0.00441992
1792,32.4567,0.173869,1,-0.0485192,0.0542113,0.0287144,0.23208,0.103025,0.126554,-0.0485192,0.0542113,0.025843,-0.000975241
1793,32.4748,0.153044,1,-0.0265236,0.0518138,-0.021216,0.211749,0.103389,0.0828674,-0.0265236,0.0518138,-0.0190944,0.000393906
1794,32.4929,0.137808,1,-0.0095613,0.0500255,-0.0667635,0.195591,0.108096,0.0405404,-0.0095613,0.0500255,-0.0600872,0.000446842
1795,32.511,0.12755,1,0.0036246,0.0485003,-0.108626,0.183557,0.116361,0.000123067,0.0036246,0.0485003,-0.0977634,-0.000275608
1796,32.5292,0.120919,1,0.0152432,0.0500374,-0.148248,0.175493,0.127648,-0.0379732,0.0152432,0.0500374,-0.133423,-0.00158185
1797,32.5473,0.117851,1,0.0260148,0.0546536,-0.187521,0.171193,0.141639,-0.0734016,0.0260148,0.0546536,-0.168768,-0.00341482
1798,32.5654,0.117863,1,0.0359493,0.0620801,-0.225596,0.17045,0.158203,-0.105826,0.0359493,0.0620801,-0.203037,-0.00567702
1799,32.5835,0.120466,1,0.0448967,0.0714271,-0.260919,0.173085,0.177345,-0.134882,0.0448967,0.0714271,-0.234827,-0.00820009
1800,32.6016,0.124698,1,0.0537563,0.0830478,-0.292391,0.178961,0.199162,-0.160142,0.0537563,0.0830478,-0.263152,-0.0110025
1801,32.6197,0.130591,1,0.0636783,0.096955,-0.321161,0.187988,0.223797,-0.18109,0.0636783,0.096955,-0.289045,-0.0143157
1802,32.6378,0.137261,1,0.0745025,0.115223,-0.346099,0.200119,0.251384,-0.197095,0.0745025,0.115223,-0.311489,-0.0180497
1803,32.6559,0.144757,1,0.0867985,0.137024,-0.366539,0.215334,0.281986,-0.207392,0.0867985,0.137024,-0.329885,-0.0222705
1804,32.674,0.153638,1,0.100992,0.162513,-0.383737,0.233616,0.31552,-0.211071,0.100992,0.162513,-0.345363,-0.0271279
1805,32.6922,0.164093,1,0.117958,0.192381,-0.398542,0.254913,0.351653,-0.207086,0.117958,0.192381,-0.358688,-0.0329079
1806,32.7103,0.175337,1,0.137963,0.227732,-0.408965,0.279092,0.389692,-0.194301,0.137963,0.227732,-0.368068,-0.0394954
1807,32.7284,0.186035,1,0.161606,0.27043,-0.412513,0.305872,0.428444,-0.171587,0.161606,0.27043,-0.371262,-0.0466651
1808,32.7465,0.196243,1,0.189698,0.319942,-0.408434,0.334752,0.466095,-0.138003,0.189698,0.319942,-0.36759,-0.0542352
1809,32.7646,0.205644,1,0.22209,0.376245,-0.394926,0.364927,0.500142,-0.093072,0.22209,0.376245,-0.355433,-0.0613962
1810,32.7827,0.212946,1,0.25887,0.437472,-0.36783,0.395224,0.52744,-0.0371476,0.25887,0.437472,-0.331047,-0.0666543
1811,32.8008,0.216619,1,0.299945,0.502195,-0.323356,0.424068,0.544462,0.0281823,0.299945,0.502195,-0.29102,-0.0678921
1812,32.8189,0.215543,1,0.345426,0.567613,-0.258191,0.449536,0.547828,0.0997829,0.345426,0.567613,-0.232372,-0.0624302
1813,32.8371,0.208253,1,0.394625,0.626386,-0.167885,0.469513,0.535068,0.172939,0.394625,0.626386,-0.151096,-0.046376
1814,32.8552,0.19668,1,0.444481,0.671608,-0.0532437,0.481972,0.505455,0.241776,0.444481,0.671608,-0.0479193,-0.0165661
1815,32.8733,0.183638,1,0.491768,0.68992,0.0798819,0.485334,0.460593,0.300191,0.491768,0.68992,0.0718937,0.0274984
1816,32.8914,0.172263,1,0.530169,0.672917,0.223523,0.47882,0.404406,0.343059,0.530169,0.672917,0.20117,0.0829534
1817,32.9095,0.165984,1,0.554273,0.614813,0.359035,0.462671,0.342431,0.367314,0.554273,0.614813,0.323131,0.139302
1818,32.9276,0.164108,1,0.559663,0.518768,0.468918,0.438143,0.280606,0.372451,0.559663,0.518768,0.422026,0.183705
1819,32.9457,0.165029,1,0.545229,0.398095,0.540215,0.407281,0.224042,0.360271,0.545229,0.398095,0.486193,0.206179
1820,32.9638,0.166367,1,0.510007,0.272613,0.568275,0.37254,0.176207,0.334089,0.510007,0.272613,0.511447,0.202877
1821,32.982,0.164512,1,0.459286,0.156228,0.554242,0.336383,0.138732,0.297763,0.459286,0.156228,0.498817,0.178189
1822,33.0001,0.162238,1,0.398729,0.0602486,0.513307,0.300972,0.111693,0.254926,0.398729,0.0602486,0.461976,0.143269
1823,33.0182,0.156476,1,0.333222,-0.0104252,0.449935,0.267987,0.0941357,0.208552,0.333222,-0.0104252,0.404942,0.10495
1824,33.0363,0.150035,1,0.268795,-0.0556834,0.377489,0.238573,0.0846131,0.160843,0.268795,-0.0556834,0.33974,0.0710271
1825,33.0544,0.146521,1,0.210421,-0.0835859,0.305963,0.213396,0.0815863,0.113312,0.210421,-0.0835859,0.275367,0.0450669
1826,33.0725,0.145097,1,0.159438,-0.097484,0.237918,0.192733,0.0836768,0.0669453,0.159438,-0.097484,0.214127,0.0265533
1827,33.0906,0.144602,1,0.116185,-0.100967,0.173021,0.176584,0.0897857,0.0223741,0.116185,-0.100967,0.155719,0.0140717
1828,33.1087,0.146157,1,0.0805978,-0.0989739,0.113268,0.164782,0.0991234,-0.019985,0.0805978,-0.0989739,0.101941,0.00639042
1829,33.1268,0.149671,1,0.0517497,-0.094601,0.0574816,0.157074,0.11119,-0.0598285,0.0517497,-0.094601,0.0517334,0.00208226
1830,33.145,0.155781,1,0.0288876,-0.0896375,0.00784459,0.153184,0.12573,-0.0968949,0.0288876,-0.0896375,0.00706013,0.000158628
1831,33.1631,0.16386,1,0.0111702,-0.0858816,-0.0401863,0.15286,0.142685,-0.130916,0.0111702,-0.0858816,-0.0361677,-0.000314223
1832,33.1812,0.174041,1,-0.00294477,-0.0822254,-0.0846219,0.155901,0.162143,-0.161579,-0.00294477,-0.0822254,-0.0761597,0.000174434
1833,33.1993,0.186858,1,-0.013525,-0.0803463,-0.126476,0.162166,0.184292,-0.188499,-0.013525,-0.0803463,-0.113828,0.00119742
1834,33.2174,0.202328,1,-0.0222032,-0.0792641,-0.167076,0.171581,0.209374,-0.211187,-0.0222032,-0.0792641,-0.150368,0.00259673
1835,33.2355,0.220702,1,-0.028954,-0.0789145,-0.206236,0.184131,0.237635,-0.229023,-0.028954,-0.0789145,-0.185612,0.00417995
1836,33.2536,0.243163,1,-0.0347472,-0.0805075,-0.243995,0.199842,0.26927,-0.241227,-0.0347472,-0.0805075,-0.219595,0.0059347
1837,33.2717,0.270606,0,-0.0402265,-0.0850063,-0.27872,0.218762,0.304341,-0.246839,-0.0402265,-0.0850063,-0.250848,0.00784834
1838,33.2899,0.302816,0,-0.0457637,-0.0916483,-0.310011,0.240921,0.34268,-0.244707,-0.0457637,-0.0916483,-0.27901,0.00993109
1839,33.308,0.34016,0,-0.051864,-0.100283,-0.341318,0.26628,0.383753,-0.233518,-0.051864,-0.100283,-0.307186,0.0123915
1840,33.3261,0.38232,0,-0.0583796,-0.11048,-0.371608,0.294665,0.426501,-0.21187,-0.0583796,-0.11048,-0.334447,0.015186
1841,33.3442,0.428898,0,-0.0658997,-0.122327,-0.399029,0.325679,0.469168,-0.178441,-0.0658997,-0.122327,-0.359126,0.0184071
1842,33.3623,0.47905,0,-0.0742549,-0.136022,-0.423564,0.3586,0.509158,-0.132282,-0.0742549,-0.136022,-0.381208,0.0220162
1843,33.3804,0.53186,0,-0.0837017,-0.152058,-0.445996,0.392286,0.543002,-0.0732326,-0.0837017,-0.152058,-0.401396,0.0261314
1844,33.3985,0.58565,0,-0.0945682,-0.171483,-0.465276,0.425101,0.566552,-0.00245172,-0.0945682,-0.171483,-0.418748,0.0308002
1845,33.4166,0.638568,0,-0.10706,-0.195037,-0.483025,0.454932,0.57551,0.0770914,-0.10706,-0.195037,-0.434723,0.0361989
1846,33.4348,0.68842,0,-0.122132,-0.224046,-0.499409,0.479322,0.566328,0.160383,-0.122132,-0.224046,-0.449468,0.0426956
1847,33.4529,0.731011,0,-0.140311,-0.25884,-0.510758,0.495776,0.537317,0.240679,-0.140311,-0.25884,-0.459682,0.0501656
1848,33.471,0.763351,0,-0.16175,-0.300128,-0.516316,0.502195,0.489582,0.310516,-0.16175,-0.300128,-0.464684,0.05846
1849,33.4891,0.783921,0,-0.187941,-0.349537,-0.514535,0.49735,0.427283,0.363259,-0.187941,-0.349537,-0.463082,0.0676915
1850,33.5072,0.792192,0,-0.219536,-0.408607,-0.50293,0.481227,0.356912,0.394631,-0.219536,-0.408607,-0.452637,0.077288
1851,33.5253,0.788689,0,-0.25689,-0.477338,-0.477811,0.455092,0.285781,0.403565,-0.25689,-0.477338,-0.43003,0.0859214
1852,33.5434,0.773921,0,-0.300051,-0.55173,-0.432888,0.42125,0.220341,0.392032,-0.300051,-0.55173,-0.389599,0.0909219
1853,33.5615,0.752254,0,-0.349489,-0.628538,-0.365359,0.382578,0.165012,0.364033,-0.349489,-0.628538,-0.328823,0.0893822
1854,33.5796,0.728325,0,-0.403937,-0.702913,-0.271272,0.342012,0.121841,0.32431,-0.403937,-0.702913,-0.244145,0.0767036
1855,33.5978,0.706963,0,-0.460977,-0.766318,-0.14967,0.302126,0.090869,0.277293,-0.460977,-0.766318,-0.134703,0.048296
1856,33.6159,0.689841,0,-0.516292,-0.803671,-0.00285668,0.264905,0.0708317,0.226533,-0.516292,-0.803671,-0.00257101,0.00103242
1857,33.634,0.679884,0,-0.565899,-0.806426,0.16262,0.231678,0.0598618,0.174567,-0.565899,-0.806426,0.146358,-0.0644184
1858,33.6521,0.673196,0,-0.603231,-0.760581,0.329085,0.203181,0.0560151,0.123049,-0.603231,-0.760581,0.296177,-0.13896
1859,33.6702,0.662632,0,-0.619808,-0.660811,0.475446,0.179682,0.0575792,0.0729826,-0.619808,-0.660811,0.427902,-0.20628
1860,33.6883,0.643996,0,-0.611227,-0.522328,0.577046,0.161124,0.0632083,0.0249467,-0.611227,-0.522328,0.519342,-0.246894
1861,33.7064,0.615509,0,-0.57763,-0.37044,0.623783,0.147254,0.0719462,-0.0207255,-0.57763,-0.37044,0.561404,-0.252221
1862,33.7245,0.576424,0,-0.523675,-0.227576,0.616446,0.137723,0.083191,-0.0638262,-0.523675,-0.227576,0.554802,-0.225972
1863,33.7427,0.528746,0,-0.454588,-0.11107,0.567591,0.132167,0.0966354,-0.104194,-0.454588,-0.11107,0.510832,-0.180614
1864,33.7608,0.478315,0,-0.380878,-0.0272394,0.495249,0.130254,0.112205,-0.141662,-0.380878,-0.0272394,0.445724,-0.132041
1865,33.7789,0.430978,0,-0.308303,0.0280813,0.418295,0.131716,0.130003,-0.176028,-0.308303,0.0280813,0.376466,-0.0902733
1866,33.797,0.387381,0,-0.240305,0.0609349,0.341005,0.136365,0.150261,-0.207022,-0.240305,0.0609349,0.306905,-0.0573618
1867,33.8151,0.34816,0,-0.18102,0.077036,0.264396,0.144099,0.173298,-0.234279,-0.18102,0.077036,0.237956,-0.0335028
1868,33.8332,0.31437,0,-0.129939,0.0814703,0.191489,0.154895,0.199486,-0.257317,-0.129939,0.0814703,0.17234,-0.0174173
1869,33.8513,0.288756,0,-0.0886564,0.0800126,0.126499,0.168807,0.229198,-0.275491,-0.0886564,0.0800126,0.113849,-0.00785047
1870,33.8694,0.271184,0,-0.0556907,0.0758166,0.0688077,0.185939,0.262762,-0.287969,-0.0556907,0.0758166,0.0619269,-0.00268236
1871,33.8876,0.260225,0,-0.0283426,0.0722061,0.0161062,0.206427,0.300378,-0.293686,-0.0283426,0.0722061,0.0144956,-0.000319545
1872,33.9057,0.256193,0,-0.00678167,0.070531,-0.0325819,0.230399,0.342008,-0.291328,-0.00678167,0.070531,-0.0293237,0.000154672
1873,33.9238,0.260464,0,0.00996382,0.0692506,-0.0770015,0.257918,0.38722,-0.279333,0.00996382,0.0692506,-0.0693013,-0.00053706
1874,33.9419,0.272539,0,0.0236849,0.0696352,-0.118099,0.288905,0.434992,-0.255959,0.0236849,0.0696352,-0.106289,-0.00195802
1875,33.96,0.290535,0,0.0364068,0.0744774,-0.157813,0.323036,0.483471,-0.219454,0.0364068,0.0744774,-0.142031,-0.00402182
1876,33.9781,0.315024,0,0.0481693,0.0825927,-0.19607,0.359615,0.529756,-0.168382,0.0481693,0.0825927,-0.176463,-0.00661121
1877,33.9962,0.345456,0,0.0588653,0.0937833,-0.231825,0.397437,0.56978,-0.102148,0.0588653,0.0937833,-0.208642,-0.00955252
1878,34.0143,0.380068,0,0.069327,0.107228,-0.263674,0.434678,0.59847,-0.0216929,0.069327,0.107228,-0.237307,-0.0127958
1879,34.0324,0.415561,0,0.0807772,0.123341,-0.291145,0.468875,0.610355,0.0697832,0.0807772,0.123341,-0.26203,-0.0164625
1880,34.0506,0.44842,0,0.0933766,0.143564,-0.314527,0.49707,0.600719,0.166391,0.0933766,0.143564,-0.283075,-0.0205586
1881,34.0687,0.475101,0,0.107718,0.168382,-0.332879,0.516176,0.56713,0.259849,0.107718,0.168382,-0.299591,-0.0251
1882,34.0868,0.493385,0,0.124419,0.1973,-0.346736,0.52355,0.510801,0.340793,0.124419,0.1973,-0.312062,-0.0301983
1883,34.1049,0.502577,0,0.143809,0.230915,-0.357732,0.517636,0.437016,0.400902,0.143809,0.230915,-0.321959,-0.0360114
1884,34.123,0.501397,0,0.166527,0.270374,-0.363111,0.498427,0.354128,0.435027,0.166527,0.270374,-0.3268,-0.0423274
1885,34.1411,0.491028,0,0.193158,0.31604,-0.361446,0.467559,0.27142,0.442318,0.193158,0.31604,-0.325301,-0.0488714
1886,34.1592,0.474027,0,0.224171,0.367781,-0.350899,0.42795,0.196781,0.425849,0.224171,0.367781,-0.315809,-0.0550631
1887,34.1773,0.452701,0,0.258986,0.424428,-0.327076,0.383165,0.135217,0.391082,0.258986,0.424428,-0.294368,-0.0592958
1888,34.1955,0.429918,0,0.296954,0.482203,-0.28678,0.33673,0.0885947,0.344075,0.296954,0.482203,-0.258102,-0.0596124
1889,34.2136,0.41077,0,0.338566,0.540155,-0.229355,0.291626,0.0563148,0.290155,0.338566,0.540155,-0.206419,-0.0543561
1890,34.2317,0.397585,0,0.383249,0.592466,-0.150348,0.250035,0.0363374,0.233315,0.383249,0.592466,-0.135313,-0.0403343
1891,34.2498,0.394107,0,0.428441,0.633173,-0.0499598,0.213314,0.0261014,0.176193,0.428441,0.633173,-0.0449638,-0.0149834
1892,34.2679,0.401057,0,0.47144,0.652348,0.0662598,0.18211,0.0231405,0.12035,0.47144,0.652348,0.0596338,0.0218662
1893,34.286,0.415843,0,0.50714,0.641789,0.192775,0.156541,0.0253973,0.0666125,0.50714,0.641789,0.173497,0.0684347
1894,34.3041,0.435196,0,0.5308,0.59839,0.317125,0.136379,0.0313246,0.01537,0.5308,0.59839,0.285412,0.117831
1895,34.3222,0.451305,0,0.539256,0.519937,0.420422,0.121205,0.0398652,-0.0332214,0.539256,0.519937,0.37838,0.158701
1896,34.3404,0.460994,0,0.530244,0.417056,0.492666,0.11052,0.0503789,-0.0791086,0.530244,0.417056,0.443399,0.182863
1897,34.3585,0.46349,0,0.503096,0.305877,0.53031,0.103837,0.0625563,-0.122267,0.503096,0.305877,0.477279,0.186758
1898,34.3766,0.454478,0,0.460005,0.198649,0.526984,0.100722,0.0763403,-0.162658,0.460005,0.198649,0.474286,0.169691
1899,34.3947,0.439562,0,0.407336,0.106577,0.496557,0.10083,0.091862,-0.200208,0.407336,0.106577,0.446901,0.141586
1900,34.4128,0.418834,0,0.349217,0.0366347,0.444036,0.103915,0.109392,-0.234786,0.349217,0.0366347,0.399633,0.108545
1901,34.4309,0.396739,0,0.290714,-0.0115198,0.381626,0.109836,0.129306,-0.266182,0.290714,-0.0115198,0.343463,0.0776609
1902,34.449,0.375577,0,0.23604,-0.0427261,0.315359,0.118551,0.152057,-0.294092,0.23604,-0.0427261,0.283823,0.0521061
1903,34.4671,0.357736,0,0.187979,-0.0600167,0.251004,0.130115,0.17815,-0.318078,0.187979,-0.0600167,0.225904,0.0330284
1904,34.4852,0.342266,0,0.146274,-0.0665242,0.187831,0.144668,0.208117,-0.337533,0.146274,-0.0665242,0.169048,0.0192324
1905,34.5034,0.330787,0,0.111429,-0.0658352,0.128582,0.162419,0.242474,-0.351633,0.111429,-0.0658352,0.115724,0.0100294
1906,34.5215,0.323919,0,0.082707,-0.0628072,0.0719192,0.183626,0.281652,-0.359282,0.082707,-0.0628072,0.0647272,0.00416375
1907,34.5396,0.32296,0,0.0598253,-0.0580009,0.0196335,0.208563,0.325897,-0.359059,0.0598253,-0.0580009,0.0176701,0.000822205
1908,34.5577,0.328568,0,0.0427913,-0.0526234,-0.0282135,0.237471,0.375105,-0.34918,0.0427913,-0.0526234,-0.0253921,-0.000845104
1909,34.5758,0.340721,0,0.0291024,-0.0463947,-0.0737299,0.270475,0.428588,-0.327508,0.0291024,-0.0463947,-0.0663569,-0.001502
1910,34.5939,0.361094,0,0.0186797,-0.0416647,-0.116655,0.307476,0.484769,-0.291673,0.0186797,-0.0416647,-0.10499,-0.00152536
1911,34.612,0.389094,0,0.0115423,-0.03758,-0.159121,0.347995,0.540818,-0.239359,0.0115423,-0.03758,-0.143209,-0.00128564
1912,34.6301,0.423795,0,0.00678091,-0.0323231,-0.200254,0.390985,0.592344,-0.168871,0.00678091,-0.0323231,-0.180229,-0.000950534
1913,34.6483,0.464596,0,0.00341135,-0.027099,-0.239479,0.434636,0.633327,-0.0800114,0.00341135,-0.027099,-0.215531,-0.000571863
1914,34.6664,0.509189,0,0.00190415,-0.0229755,-0.276887,0.476255,0.656579,0.024806,0.00190415,-0.0229755,-0.249198,-0.000369063
1915,34.6845,0.55353,0,0.00126204,-0.0195399,-0.310937,0.512316,0.655025,0.139589,0.00126204,-0.0195399,-0.279843,-0.000274689
1916,34.7026,0.592756,0,0.00158282,-0.0157403,-0.342435,0.538824,0.623806,0.254582,0.00158282,-0.0157403,-0.308191,-0.000379409
1917,34.7207,0.62325,0,0.00231841,-0.0118517,-0.372621,0.552021,0.562585,0.357564,0.00231841,-0.0118517,-0.335359,-0.000604722
1918,34.7388,0.64084,0,0.00352,-0.00713798,-0.399906,0.549307,0.476852,0.436693,0.00352,-0.00713798,-0.359915,-0.000985368
1919,34.7569,0.64402,0,0.00573548,-0.00134884,-0.425023,0.530051,0.377106,0.483905,0.00573548,-0.00134884,-0.38252,-0.0017064
1920,34.775,0.634112,0,0.00886095,0.00538115,-0.449403,0.495884,0.275925,0.497122,0.00886095,0.00538115,-0.404463,-0.0027875
1921,34.7932,0.612854,0,0.0127974,0.0139718,-0.471908,0.45033,0.184349,0.480093,0.0127974,0.0139718,-0.424718,-0.00422745
1922,34.8113,0.584072,0,0.0175958,0.024208,-0.493344,0.397919,0.109386,0.440208,0.0175958,0.024208,-0.444009,-0.00607654
1923,34.8294,0.551175,0,0.0232859,0.035762,-0.513566,0.343198,0.0534928,0.385723,0.0232859,0.035762,-0.46221,-0.00837121
1924,34.8475,0.517287,0,0.0298235,0.0488848,-0.532993,0.289985,0.0156005,0.323725,0.0298235,0.0488848,-0.479694,-0.011127
1925,34.8656,0.484343,0,0.0377392,0.0645848,-0.551457,0.241005,-0.00730607,0.259271,0.0377392,0.0645848,-0.496311,-0.0145681
1926,34.8837,0.453559,0,0.0473075,0.0835385,-0.568738,0.197871,-0.018831,0.19546,0.0473075,0.0835385,-0.511864,-0.0188339
1927,34.9018,0.425259,0,0.0590726,0.106739,-0.584022,0.161266,-0.0223196,0.133916,0.0590726,0.106739,-0.52562,-0.0241498
1928,34.9199,0.399514,0,0.0732753,0.134657,-0.596546,0.131198,-0.0204757,0.0753267,0.0732753,0.134657,-0.536891,-0.0305985
1929,34.938,0.37662,0,0.0903496,0.168514,-0.605799,0.107254,-0.0152817,0.0198689,0.0903496,0.168514,-0.545219,-0.0383136
1930,34.9562,0.357172,0,0.111158,0.209572,-0.611178,0.0887963,-0.00807168,-0.0325181,0.111158,0.209572,-0.550061,-0.047556
1931,34.9743,0.341404,0,0.136508,0.258908,-0.610227,0.0751131,0.000341765,-0.0819797,0.136508,0.258908,-0.549204,-0.0583107
1932,34.9924,0.330706,0,0.167142,0.317101,-0.601086,0.0655126,0.00953782,-0.12867,0.167142,0.317101,-0.540977,-0.0703265
1933,35.0105,0.326529,0,0.203662,0.38588,-0.578581,0.0593801,0.0193775,-0.172721,0.203662,0.38588,-0.520723,-0.0824844
1934,35.0286,0.331995,0,0.246865,0.465187,-0.538043,0.0562064,0.0299199,-0.21423,0.246865,0.465187,-0.484239,-0.0929768
1935,35.0467,0.351065,0,0.297743,0.552511,-0.476493,0.0555995,0.0413627,-0.253259,0.297743,0.552511,-0.428843,-0.0993105
1936,35.0648,0.385672,0,0.355373,0.643392,-0.389797,0.0572839,0.0540047,-0.289826,0.355373,0.643392,-0.350818,-0.0969663
1937,35.0829,0.433964,0,0.418591,0.727064,-0.26823,0.061096,0.0682233,-0.323908,0.418591,0.727064,-0.241407,-0.0785952
1938,35.1011,0.496022,0,0.48521,0.793243,-0.108793,0.0669765,0.0844643,-0.355422,0.48521,0.793243,-0.0979136,-0.0369511
1939,35.1192,0.565205,0,0.548414,0.822001,0.0822607,0.0749641,0.10324,-0.384212,0.548414,0.822001,0.0740346,0.031579
1940,35.1373,0.630839,0,0.599329,0.792452,0.285831,0.0851896,0.125129,-0.410026,0.599329,0.792452,0.257248,0.119915
1941,35.1554,0.683729,0,0.629624,0.696134,0.47432,0.0978712,0.150779,-0.432477,0.629624,0.696134,0.426888,0.20905
1942,35.1735,0.71757,0,0.630742,0.542955,0.619465,0.113311,0.180896,-0.451001,0.630742,0.542955,0.557518,0.273506
1943,35.1916,0.729132,0,0.600287,0.356536,0.699609,0.131888,0.216232,-0.464787,0.600287,0.356536,0.629648,0.293977
1944,35.2097,0.718137,0,0.542164,0.176673,0.706277,0.154051,0.257529,-0.472703,0.542164,0.176673,0.63565,0.268043
1945,35.2278,0.694392,0,0.465126,0.0257929,0.661362,0.180293,0.305434,-0.473191,0.465126,0.0257929,0.595226,0.215332
1946,35.246,0.662869,0,0.378167,-0.0862878,0.580244,0.211113,0.36033,-0.464176,0.378167,-0.0862878,0.52222,0.1536
1947,35.2641,0.629615,0,0.289766,-0.155484,0.481064,0.246947,0.422069,-0.442974,0.289766,-0.155484,0.432957,0.097577
1948,35.2822,0.6089,0,0.207926,-0.19521,0.391783,0.288042,0.48956,-0.406308,0.207926,-0.19521,0.352605,0.0570232
1949,35.3003,0.597511,0,0.136493,-0.212994,0.308361,0.334271,0.560209,-0.350501,0.136493,-0.212994,0.277525,0.0294623
1950,35.3184,0.595032,0,0.0766813,-0.214935,0.232471,0.384869,0.629263,-0.272047,0.0766813,-0.214935,0.209224,0.0124783
1951,35.3365,0.603864,0,0.0268279,-0.213105,0.163673,0.438099,0.689291,-0.16873,0.0268279,-0.213105,0.147305,0.0030737
1952,35.3546,0.621771,0,-0.013397,-0.210024,0.104577,0.490943,0.730262,-0.0413708,-0.013397,-0.210024,0.0941194,-0.000980712
1953,35.3727,0.644053,0,-0.0454912,-0.20773,0.0497576,0.538958,0.740887,0.104133,-0.0454912,-0.20773,0.0447819,-0.00158448
1954,35.3908,0.665028,0,-0.070382,-0.206493,0.000250085,0.576573,0.711698,0.255517,-0.070382,-0.206493,0.000225077,-1.23211e-05
1955,35.409,0.679807,0,-0.0910467,-0.208082,-0.0447603,0.598016,0.639308,0.395165,-0.0910467,-0.208082,-0.0402843,0.0028527
1956,35.4271,0.683421,0,-0.109689,-0.213315,-0.0847377,0.598805,0.529765,0.504379,-0.109689,-0.213315,-0.076264,0.00650637
1957,35.4452,0.672724,0,-0.126326,-0.223039,-0.120791,0.57726,0.398235,0.569612,-0.126326,-0.223039,-0.108712,0.0106813
1958,35.4633,0.646987,0,-0.141532,-0.236443,-0.152518,0.535255,0.264208,0.587134,-0.141532,-0.236443,-0.137266,0.0151103
1959,35.4814,0.608779,0,-0.156677,-0.254091,-0.178638,0.477728,0.144805,0.563148,-0.156677,-0.254091,-0.160774,0.019592
1960,35.4995,0.561625,0,-0.172231,-0.274597,-0.197647,0.411211,0.0501634,0.509739,-0.172231,-0.274597,-0.177882,0.0238287
1961,35.5176,0.51123,0,-0.18888,-0.297677,-0.210965,0.342157,-0.0172248,0.439738,-0.18888,-0.297677,-0.189869,0.027893
1962,35.5357,0.463786,0,-0.207432,-0.324366,-0.22157,0.275753,-0.0602791,0.363309,-0.207432,-0.324366,-0.199413,0.0321725
1963,35.5539,0.421934,0,-0.228713,-0.356249,-0.225827,0.215441,-0.0844045,0.286922,-0.228713,-0.356249,-0.203245,0.0361548
1964,35.572,0.388032,0,-0.25266,-0.392246,-0.222834,0.16301,-0.0952968,0.213911,-0.25266,-0.392246,-0.200551,0.0394109
1965,35.5901,0.362993,0,-0.277687,-0.431239,-0.210539,0.118958,-0.0978069,0.145535,-0.277687,-0.431239,-0.189485,0.0409248
1966,35.6082,0.348816,0,-0.305384,-0.472648,-0.186517,0.0829249,-0.0955934,0.0819323,-0.305384,-0.472648,-0.167865,0.0398714
1967,35.6263,0.346847,0,-0.336064,-0.513138,-0.152379,0.0540608,-0.091192,0.0227589,-0.336064,-0.513138,-0.137141,0.0358464
1968,35.6444,0.356284,0,-0.368747,-0.550021,-0.107892,0.0312975,-0.086242,-0.0324658,-0.368747,-0.550021,-0.097103,0.0278495
1969,35.6625,0.376349,0,-0.402388,-0.582543,-0.0507583,0.0135277,-0.0817323,-0.0841983,-0.402388,-0.582543,-0.0456825,0.0142972
1970,35.6806,0.404004,0,-0.434707,-0.605021,0.0201917,-0.000290342,-0.078212,-0.132818,-0.434707,-0.605021,0.0181725,-0.00614423
1971,35.6988,0.435109,0,-0.46315,-0.611336,0.0987912,-0.011081,-0.0759529,-0.178625,-0.46315,-0.611336,0.0889121,-0.0320286
1972,35.7169,0.465921,0,-0.485876,-0.598366,0.178181,-0.019634,-0.0750673,-0.22185,-0.485876,-0.598366,0.160363,-0.0606016
1973,35.735,0.493884,0,-0.500053,-0.565566,0.254566,-0.0266077,-0.075589,-0.262673,-0.500053,-0.565566,0.229109,-0.0891076
1974,35.7531,0.517354,0,-0.504106,-0.516485,0.321586,-0.0325445,-0.0775281,-0.301239,-0.504106,-0.516485,0.289428,-0.113479
1975,35.7712,0.534075,0,-0.497688,-0.454361,0.37285,-0.0378909,-0.0809064,-0.337661,-0.497688,-0.454361,0.335565,-0.129894
1976,35.7893,0.541717,0,-0.480171,-0.384879,0.402447,-0.0430196,-0.0857805,-0.372027,-0.480171,-0.384879,0.362202,-0.135271
1977,35.8074,0.539385,0,-0.453666,-0.315581,0.407122,-0.0482502,-0.0922575,-0.404404,-0.453666,-0.315581,0.366409,-0.129288
1978,35.8255,0.528257,0,-0.419748,-0.253516,0.389721,-0.0538696,-0.100506,-0.43483,-0.419748,-0.253516,0.350749,-0.114509
1979,35.8436,0.511332,0,-0.381377,-0.202544,0.356911,-0.0601497,-0.110765,-0.463315,-0.381377,-0.202544,0.32122,-0.0952825
1980,35.8618,0.491334,0,-0.341552,-0.163197,0.314823,-0.067364,-0.123356,-0.489826,-0.341552,-0.163197,0.283341,-0.07527
1981,35.8799,0.471217,0,-0.302918,-0.135798,0.269655,-0.0758029,-0.138691,-0.514275,-0.302918,-0.135798,0.24269,-0.0571784
1982,35.898,0.450812,0,-0.267357,-0.119477,0.221986,-0.0857883,-0.157283,-0.536498,-0.267357,-0.119477,0.199788,-0.0415447
1983,35.9161,0.43121,0,-0.236034,-0.110819,0.174485,-0.0976872,-0.17976,-0.556224,-0.236034,-0.110819,0.157036,-0.0288291
1984,35.9342,0.412808,0,-0.209973,-0.109285,0.128467,-0.111925,-0.20687,-0.573028,-0.209973,-0.109285,0.11562,-0.0188822
1985,35.9523,0.394209,0,-0.189382,-0.112195,0.0818249,-0.128998,-0.239485,-0.586272,-0.189382,-0.112195,0.0736424,-0.0108473
1986,35.9704,0.375957,0,-0.172594,-0.117758,0.0355667,-0.14948,-0.278584,-0.595014,-0.172594,-0.117758,0.03201,-0.00429703
1987,35.9885,0.359268,0,-0.159702,-0.125455,-0.00872369,-0.174025,-0.325201,-0.59789,-0.159702,-0.125455,-0.00785132,0.000975235
1988,36.0067,0.345466,0,-0.151126,-0.134622,-0.0498745,-0.203354,-0.380321,-0.592962,-0.151126,-0.134622,-0.0448871,0.00527613
1989,36.0248,0.335132,0,-0.146122,-0.146192,-0.088284,-0.238215,-0.444664,-0.577542,-0.146122,-0.146192,-0.0794556,0.00903015
1990,36.0429,0.329617,0,-0.144629,-0.160659,-0.123889,-0.279297,-0.518311,-0.548024,-0.144629,-0.160659,-0.1115,0.0125425
1991,36.061,0.331551,0,-0.145588,-0.177598,-0.155818,-0.327076,-0.600094,-0.49982,-0.145588,-0.177598,-0.140236,0.0158797
1992,36.0791,0.343075,0,-0.149573,-0.197036,-0.183591,-0.381542,-0.686696,-0.427571,-0.149573,-0.197036,-0.165232,0.0192222
1993,36.0972,0.365738,0,-0.156424,-0.218321,-0.208467,-0.441798,-0.771539,-0.325963,-0.156424,-0.218321,-0.18762,0.0228265
1994,36.1153,0.399694,0,-0.165884,-0.241851,-0.23062,-0.505531,-0.843828,-0.191523,-0.165884,-0.241851,-0.207558,0.0267793
1995,36.1334,0.441501,0,-0.178924,-0.269526,-0.248577,-0.568488,-0.888627,-0.0255907,-0.178924,-0.269526,-0.223719,0.0311335
1996,36.1516,0.486276,0,-0.194962,-0.300904,-0.260768,-0.624258,-0.889304,0.162177,-0.194962,-0.300904,-0.234691,0.0355879
1997,36.1697,0.52703,0,-0.213922,-0.335827,-0.266585,-0.664844,-0.83321,0.351931,-0.213922,-0.335827,-0.239926,0.0399199
1998,36.1878,0.556012,0,-0.236219,-0.374589,-0.264322,-0.682373,-0.719099,0.516516,-0.236219,-0.374589,-0.23789,0.0437064
1999,36.2059,0.568349,0,-0.26206,-0.417294,-0.253188,-0.671639,-0.561509,0.630276,-0.26206,-0.417294,-0.227869,0.0464453
2000,36.224,0.563105,0,-0.291559,-0.463471,-0.231076,-0.632277,-0.387193,0.679613,-0.291559,-0.463471,-0.207968,0.0471605
